self-test OK (K=6, NPTS=24, orbits=6, balance unions=[8, 8, 8])
K=6: 16777216 decorations, 2098208 canonical reps [377s]
  200/2098208 {'unbalanced': 200} [377s]
  400/2098208 {'unbalanced': 400} [377s]
  600/2098208 {'unbalanced': 600} [377s]
  800/2098208 {'unbalanced': 800} [377s]
  1000/2098208 {'unbalanced': 1000} [377s]
  1200/2098208 {'unbalanced': 1199, 'untileable6': 1} [377s]
  1400/2098208 {'unbalanced': 1399, 'untileable6': 1} [377s]
  1600/2098208 {'unbalanced': 1599, 'untileable6': 1} [377s]
  1800/2098208 {'unbalanced': 1799, 'untileable6': 1} [377s]
  2000/2098208 {'unbalanced': 1999, 'untileable6': 1} [377s]
  2200/2098208 {'unbalanced': 2199, 'untileable6': 1} [377s]
  2400/2098208 {'unbalanced': 2399, 'untileable6': 1} [377s]
  2600/2098208 {'unbalanced': 2598, 'untileable6': 2} [377s]
  2800/2098208 {'unbalanced': 2798, 'untileable6': 2} [377s]
  3000/2098208 {'unbalanced': 2998, 'untileable6': 2} [377s]
  3200/2098208 {'unbalanced': 3198, 'untileable6': 2} [377s]
  3400/2098208 {'unbalanced': 3398, 'untileable6': 2} [377s]
  3600/2098208 {'unbalanced': 3598, 'untileable6': 2} [377s]
  3800/2098208 {'unbalanced': 3798, 'untileable6': 2} [377s]
  4000/2098208 {'unbalanced': 3998, 'untileable6': 2} [377s]
  4200/2098208 {'unbalanced': 4197, 'untileable6': 3} [377s]
  4400/2098208 {'unbalanced': 4397, 'untileable6': 3} [377s]
  4600/2098208 {'unbalanced': 4597, 'untileable6': 3} [377s]
  4800/2098208 {'unbalanced': 4797, 'untileable6': 3} [377s]
  5000/2098208 {'unbalanced': 4997, 'untileable6': 3} [377s]
  5200/2098208 {'unbalanced': 5197, 'untileable6': 3} [377s]
  5400/2098208 {'unbalanced': 5397, 'untileable6': 3} [377s]
  5600/2098208 {'unbalanced': 5596, 'untileable6': 4} [377s]
  5800/2098208 {'unbalanced': 5796, 'untileable6': 4} [377s]
  6000/2098208 {'unbalanced': 5996, 'untileable6': 4} [377s]
  6200/2098208 {'unbalanced': 6196, 'untileable6': 4} [377s]
  6400/2098208 {'unbalanced': 6396, 'untileable6': 4} [377s]
  6600/2098208 {'unbalanced': 6596, 'untileable6': 4} [377s]
  6800/2098208 {'unbalanced': 6794, 'untileable6': 6} [377s]
  7000/2098208 {'unbalanced': 6994, 'untileable6': 6} [377s]
  7200/2098208 {'unbalanced': 7194, 'untileable6': 6} [377s]
  7400/2098208 {'unbalanced': 7394, 'untileable6': 6} [377s]
  7600/2098208 {'unbalanced': 7594, 'untileable6': 6} [377s]
  7800/2098208 {'unbalanced': 7794, 'untileable6': 6} [377s]
  8000/2098208 {'unbalanced': 7994, 'untileable6': 6} [377s]
  8200/2098208 {'unbalanced': 8192, 'untileable6': 8} [377s]
  8400/2098208 {'unbalanced': 8392, 'untileable6': 8} [377s]
  8600/2098208 {'unbalanced': 8592, 'untileable6': 8} [377s]
  8800/2098208 {'unbalanced': 8792, 'untileable6': 8} [377s]
  9000/2098208 {'unbalanced': 8992, 'untileable6': 8} [377s]
  9200/2098208 {'unbalanced': 9192, 'untileable6': 8} [377s]
  9400/2098208 {'unbalanced': 9392, 'untileable6': 8} [377s]
  9600/2098208 {'unbalanced': 9592, 'untileable6': 8} [377s]
  9800/2098208 {'unbalanced': 9791, 'untileable6': 9} [377s]
  10000/2098208 {'unbalanced': 9991, 'untileable6': 9} [377s]
  10200/2098208 {'unbalanced': 10191, 'untileable6': 9} [377s]
  10400/2098208 {'unbalanced': 10391, 'untileable6': 9} [377s]
  10600/2098208 {'unbalanced': 10591, 'untileable6': 9} [377s]
  10800/2098208 {'unbalanced': 10789, 'untileable6': 11} [377s]
  11000/2098208 {'unbalanced': 10988, 'untileable6': 12} [377s]
  11200/2098208 {'unbalanced': 11188, 'untileable6': 12} [377s]
  11400/2098208 {'unbalanced': 11388, 'untileable6': 12} [377s]
  11600/2098208 {'unbalanced': 11588, 'untileable6': 12} [377s]
  11800/2098208 {'unbalanced': 11788, 'untileable6': 12} [377s]
  12000/2098208 {'unbalanced': 11988, 'untileable6': 12} [377s]
  12200/2098208 {'unbalanced': 12186, 'untileable6': 14} [377s]
  12400/2098208 {'unbalanced': 12386, 'untileable6': 14} [377s]
  12600/2098208 {'unbalanced': 12586, 'untileable6': 14} [377s]
  12800/2098208 {'unbalanced': 12786, 'untileable6': 14} [377s]
  13000/2098208 {'unbalanced': 12985, 'untileable6': 15} [377s]
  13200/2098208 {'unbalanced': 13185, 'untileable6': 15} [377s]
  13400/2098208 {'unbalanced': 13385, 'untileable6': 15} [377s]
  13600/2098208 {'unbalanced': 13585, 'untileable6': 15} [377s]
  13800/2098208 {'unbalanced': 13784, 'untileable6': 16} [377s]
  14000/2098208 {'unbalanced': 13984, 'untileable6': 16} [377s]
  14200/2098208 {'unbalanced': 14184, 'untileable6': 16} [377s]
  14400/2098208 {'unbalanced': 14384, 'untileable6': 16} [377s]
  14600/2098208 {'unbalanced': 14584, 'untileable6': 16} [377s]
  14800/2098208 {'unbalanced': 14784, 'untileable6': 16} [377s]
  15000/2098208 {'unbalanced': 14983, 'untileable6': 17} [377s]
  15200/2098208 {'unbalanced': 15179, 'untileable6': 21} [377s]
  15400/2098208 {'unbalanced': 15379, 'untileable6': 21} [377s]
  15600/2098208 {'unbalanced': 15579, 'untileable6': 21} [377s]
  15800/2098208 {'unbalanced': 15779, 'untileable6': 21} [377s]
  16000/2098208 {'unbalanced': 15977, 'untileable6': 23} [377s]
  16200/2098208 {'unbalanced': 16175, 'untileable6': 25} [377s]
  16400/2098208 {'unbalanced': 16375, 'untileable6': 25} [377s]
  16600/2098208 {'unbalanced': 16574, 'untileable6': 26} [377s]
  16800/2098208 {'unbalanced': 16774, 'untileable6': 26} [377s]
  17000/2098208 {'unbalanced': 16974, 'untileable6': 26} [377s]
  17200/2098208 {'unbalanced': 17174, 'untileable6': 26} [377s]
  17400/2098208 {'unbalanced': 17374, 'untileable6': 26} [377s]
  17600/2098208 {'unbalanced': 17573, 'untileable6': 27} [377s]
  17800/2098208 {'unbalanced': 17767, 'untileable6': 33} [377s]
  18000/2098208 {'unbalanced': 17967, 'untileable6': 33} [377s]
  18200/2098208 {'unbalanced': 18167, 'untileable6': 33} [377s]
  18400/2098208 {'unbalanced': 18367, 'untileable6': 33} [377s]
  18600/2098208 {'unbalanced': 18566, 'untileable6': 34} [377s]
  18800/2098208 {'unbalanced': 18763, 'untileable6': 37} [377s]
  19000/2098208 {'unbalanced': 18962, 'untileable6': 38} [377s]
  19200/2098208 {'unbalanced': 19161, 'untileable6': 39} [377s]
  19400/2098208 {'unbalanced': 19357, 'untileable6': 43} [377s]
  19600/2098208 {'unbalanced': 19557, 'untileable6': 43} [377s]
  19800/2098208 {'unbalanced': 19757, 'untileable6': 43} [377s]
  20000/2098208 {'unbalanced': 19956, 'untileable6': 44} [377s]
  20200/2098208 {'unbalanced': 20156, 'untileable6': 44} [377s]
  20400/2098208 {'unbalanced': 20355, 'untileable6': 45} [377s]
  20600/2098208 {'unbalanced': 20554, 'untileable6': 46} [377s]
  20800/2098208 {'unbalanced': 20747, 'untileable6': 53} [377s]
  21000/2098208 {'unbalanced': 20947, 'untileable6': 53} [377s]
  21200/2098208 {'unbalanced': 21147, 'untileable6': 53} [377s]
  21400/2098208 {'unbalanced': 21347, 'untileable6': 53} [377s]
  21600/2098208 {'unbalanced': 21544, 'untileable6': 56} [377s]
  21800/2098208 {'unbalanced': 21737, 'untileable6': 63} [377s]
  22000/2098208 {'unbalanced': 21936, 'untileable6': 63, 'periodic': 1} [377s]
  22200/2098208 {'unbalanced': 22136, 'untileable6': 63, 'periodic': 1} [377s]
  22400/2098208 {'unbalanced': 22336, 'untileable6': 63, 'periodic': 1} [377s]
  22600/2098208 {'unbalanced': 22536, 'untileable6': 63, 'periodic': 1} [377s]
  22800/2098208 {'unbalanced': 22736, 'untileable6': 63, 'periodic': 1} [377s]
  23000/2098208 {'unbalanced': 22935, 'untileable6': 64, 'periodic': 1} [377s]
  23200/2098208 {'unbalanced': 23135, 'untileable6': 64, 'periodic': 1} [377s]
  23400/2098208 {'unbalanced': 23335, 'untileable6': 64, 'periodic': 1} [377s]
  23600/2098208 {'unbalanced': 23535, 'untileable6': 64, 'periodic': 1} [377s]
  23800/2098208 {'unbalanced': 23735, 'untileable6': 64, 'periodic': 1} [377s]
  24000/2098208 {'unbalanced': 23934, 'untileable6': 65, 'periodic': 1} [377s]
  24200/2098208 {'unbalanced': 24134, 'untileable6': 65, 'periodic': 1} [377s]
  24400/2098208 {'unbalanced': 24334, 'untileable6': 65, 'periodic': 1} [377s]
  24600/2098208 {'unbalanced': 24533, 'untileable6': 66, 'periodic': 1} [377s]
  24800/2098208 {'unbalanced': 24733, 'untileable6': 66, 'periodic': 1} [377s]
  25000/2098208 {'unbalanced': 24933, 'untileable6': 66, 'periodic': 1} [377s]
  25200/2098208 {'unbalanced': 25133, 'untileable6': 66, 'periodic': 1} [377s]
  25400/2098208 {'unbalanced': 25333, 'untileable6': 66, 'periodic': 1} [377s]
  25600/2098208 {'unbalanced': 25533, 'untileable6': 66, 'periodic': 1} [377s]
  25800/2098208 {'unbalanced': 25733, 'untileable6': 66, 'periodic': 1} [377s]
  26000/2098208 {'unbalanced': 25932, 'untileable6': 67, 'periodic': 1} [377s]
  26200/2098208 {'unbalanced': 26132, 'untileable6': 67, 'periodic': 1} [377s]
  26400/2098208 {'unbalanced': 26332, 'untileable6': 67, 'periodic': 1} [377s]
  26600/2098208 {'unbalanced': 26532, 'untileable6': 67, 'periodic': 1} [377s]
  26800/2098208 {'unbalanced': 26731, 'untileable6': 68, 'periodic': 1} [377s]
  27000/2098208 {'unbalanced': 26925, 'untileable6': 74, 'periodic': 1} [377s]
  27200/2098208 {'unbalanced': 27125, 'untileable6': 74, 'periodic': 1} [377s]
  27400/2098208 {'unbalanced': 27324, 'untileable6': 75, 'periodic': 1} [377s]
  27600/2098208 {'unbalanced': 27524, 'untileable6': 75, 'periodic': 1} [377s]
  27800/2098208 {'unbalanced': 27724, 'untileable6': 75, 'periodic': 1} [377s]
  28000/2098208 {'unbalanced': 27924, 'untileable6': 75, 'periodic': 1} [377s]
  28200/2098208 {'unbalanced': 28123, 'untileable6': 76, 'periodic': 1} [377s]
  28400/2098208 {'unbalanced': 28323, 'untileable6': 76, 'periodic': 1} [377s]
  28600/2098208 {'unbalanced': 28523, 'untileable6': 76, 'periodic': 1} [377s]
  28800/2098208 {'unbalanced': 28721, 'untileable6': 78, 'periodic': 1} [377s]
  29000/2098208 {'unbalanced': 28921, 'untileable6': 78, 'periodic': 1} [377s]
  29200/2098208 {'unbalanced': 29121, 'untileable6': 78, 'periodic': 1} [377s]
  29400/2098208 {'unbalanced': 29321, 'untileable6': 78, 'periodic': 1} [377s]
  29600/2098208 {'unbalanced': 29516, 'untileable6': 83, 'periodic': 1} [377s]
  29800/2098208 {'unbalanced': 29716, 'untileable6': 83, 'periodic': 1} [377s]
  30000/2098208 {'unbalanced': 29915, 'untileable6': 84, 'periodic': 1} [377s]
  30200/2098208 {'unbalanced': 30113, 'untileable6': 86, 'periodic': 1} [378s]
  30400/2098208 {'unbalanced': 30313, 'untileable6': 86, 'periodic': 1} [378s]
  30600/2098208 {'unbalanced': 30513, 'untileable6': 86, 'periodic': 1} [378s]
  30800/2098208 {'unbalanced': 30713, 'untileable6': 86, 'periodic': 1} [378s]
  31000/2098208 {'unbalanced': 30913, 'untileable6': 86, 'periodic': 1} [378s]
  31200/2098208 {'unbalanced': 31113, 'untileable6': 86, 'periodic': 1} [378s]
  31400/2098208 {'unbalanced': 31313, 'untileable6': 86, 'periodic': 1} [378s]
  31600/2098208 {'unbalanced': 31513, 'untileable6': 86, 'periodic': 1} [378s]
  31800/2098208 {'unbalanced': 31712, 'untileable6': 87, 'periodic': 1} [378s]
  32000/2098208 {'unbalanced': 31912, 'untileable6': 87, 'periodic': 1} [378s]
  32200/2098208 {'unbalanced': 32110, 'untileable6': 89, 'periodic': 1} [378s]
  32400/2098208 {'unbalanced': 32309, 'untileable6': 90, 'periodic': 1} [378s]
  32600/2098208 {'unbalanced': 32499, 'untileable6': 100, 'periodic': 1} [378s]
  32800/2098208 {'unbalanced': 32696, 'untileable6': 103, 'periodic': 1} [378s]
  33000/2098208 {'unbalanced': 32895, 'untileable6': 104, 'periodic': 1} [378s]
  33200/2098208 {'unbalanced': 33095, 'untileable6': 104, 'periodic': 1} [378s]
  33400/2098208 {'unbalanced': 33295, 'untileable6': 104, 'periodic': 1} [378s]
  33600/2098208 {'unbalanced': 33494, 'untileable6': 105, 'periodic': 1} [378s]
  33800/2098208 {'unbalanced': 33694, 'untileable6': 105, 'periodic': 1} [378s]
  34000/2098208 {'unbalanced': 33894, 'untileable6': 105, 'periodic': 1} [378s]
  34200/2098208 {'unbalanced': 34092, 'untileable6': 107, 'periodic': 1} [378s]
  34400/2098208 {'unbalanced': 34292, 'untileable6': 107, 'periodic': 1} [378s]
  34600/2098208 {'unbalanced': 34491, 'untileable6': 108, 'periodic': 1} [378s]
  34800/2098208 {'unbalanced': 34690, 'untileable6': 109, 'periodic': 1} [378s]
  35000/2098208 {'unbalanced': 34887, 'untileable6': 112, 'periodic': 1} [378s]
  35200/2098208 {'unbalanced': 35087, 'untileable6': 112, 'periodic': 1} [378s]
  35400/2098208 {'unbalanced': 35287, 'untileable6': 112, 'periodic': 1} [378s]
  35600/2098208 {'unbalanced': 35486, 'untileable6': 113, 'periodic': 1} [378s]
  35800/2098208 {'unbalanced': 35686, 'untileable6': 113, 'periodic': 1} [378s]
  36000/2098208 {'unbalanced': 35886, 'untileable6': 113, 'periodic': 1} [378s]
  36200/2098208 {'unbalanced': 36084, 'untileable6': 115, 'periodic': 1} [378s]
  36400/2098208 {'unbalanced': 36284, 'untileable6': 115, 'periodic': 1} [378s]
  36600/2098208 {'unbalanced': 36482, 'untileable6': 117, 'periodic': 1} [378s]
  36800/2098208 {'unbalanced': 36680, 'untileable6': 119, 'periodic': 1} [378s]
  37000/2098208 {'unbalanced': 36878, 'untileable6': 121, 'periodic': 1} [378s]
  37200/2098208 {'unbalanced': 37075, 'untileable6': 124, 'periodic': 1} [378s]
  37400/2098208 {'unbalanced': 37275, 'untileable6': 124, 'periodic': 1} [378s]
  37600/2098208 {'unbalanced': 37471, 'untileable6': 128, 'periodic': 1} [378s]
  37800/2098208 {'unbalanced': 37669, 'untileable6': 130, 'periodic': 1} [378s]
  38000/2098208 {'unbalanced': 37861, 'untileable6': 138, 'periodic': 1} [378s]
  38200/2098208 {'unbalanced': 38055, 'untileable6': 144, 'periodic': 1} [378s]
  38400/2098208 {'unbalanced': 38254, 'untileable6': 145, 'periodic': 1} [378s]
  38600/2098208 {'unbalanced': 38454, 'untileable6': 145, 'periodic': 1} [378s]
  38800/2098208 {'unbalanced': 38653, 'untileable6': 146, 'periodic': 1} [378s]
  39000/2098208 {'unbalanced': 38852, 'untileable6': 147, 'periodic': 1} [378s]
  39200/2098208 {'unbalanced': 39050, 'untileable6': 149, 'periodic': 1} [378s]
  39400/2098208 {'unbalanced': 39247, 'untileable6': 152, 'periodic': 1} [378s]
  39600/2098208 {'unbalanced': 39445, 'untileable6': 154, 'periodic': 1} [378s]
  39800/2098208 {'unbalanced': 39640, 'untileable6': 159, 'periodic': 1} [378s]
  40000/2098208 {'unbalanced': 39840, 'untileable6': 159, 'periodic': 1} [378s]
  40200/2098208 {'unbalanced': 40036, 'untileable6': 163, 'periodic': 1} [378s]
  40400/2098208 {'unbalanced': 40234, 'untileable6': 165, 'periodic': 1} [378s]
  40600/2098208 {'unbalanced': 40428, 'untileable6': 171, 'periodic': 1} [378s]
  40800/2098208 {'unbalanced': 40620, 'untileable6': 179, 'periodic': 1} [378s]
  41000/2098208 {'unbalanced': 40817, 'untileable6': 182, 'periodic': 1} [378s]
  41200/2098208 {'unbalanced': 41013, 'untileable6': 186, 'periodic': 1} [378s]
  41400/2098208 {'unbalanced': 41213, 'untileable6': 186, 'periodic': 1} [378s]
  41600/2098208 {'unbalanced': 41412, 'untileable6': 187, 'periodic': 1} [378s]
  41800/2098208 {'unbalanced': 41611, 'untileable6': 188, 'periodic': 1} [378s]
  42000/2098208 {'unbalanced': 41805, 'untileable6': 194, 'periodic': 1} [378s]
  42200/2098208 {'unbalanced': 42002, 'untileable6': 197, 'periodic': 1} [378s]
  42400/2098208 {'unbalanced': 42198, 'untileable6': 201, 'periodic': 1} [378s]
  42600/2098208 {'unbalanced': 42395, 'untileable6': 204, 'periodic': 1} [378s]
  42800/2098208 {'unbalanced': 42590, 'untileable6': 209, 'periodic': 1} [378s]
  43000/2098208 {'unbalanced': 42787, 'untileable6': 212, 'periodic': 1} [378s]
  43200/2098208 {'unbalanced': 42980, 'untileable6': 219, 'periodic': 1} [378s]
  43400/2098208 {'unbalanced': 43170, 'untileable6': 229, 'periodic': 1} [378s]
  43600/2098208 {'unbalanced': 43358, 'untileable6': 241, 'periodic': 1} [378s]
  43800/2098208 {'unbalanced': 43549, 'untileable6': 250, 'periodic': 1} [378s]
  44000/2098208 {'unbalanced': 43749, 'untileable6': 250, 'periodic': 1} [378s]
  44200/2098208 {'unbalanced': 43949, 'untileable6': 250, 'periodic': 1} [378s]
  44400/2098208 {'unbalanced': 44149, 'untileable6': 250, 'periodic': 1} [378s]
  44600/2098208 {'unbalanced': 44349, 'untileable6': 250, 'periodic': 1} [378s]
  44800/2098208 {'unbalanced': 44549, 'untileable6': 250, 'periodic': 1} [378s]
  45000/2098208 {'unbalanced': 44749, 'untileable6': 250, 'periodic': 1} [378s]
  45200/2098208 {'unbalanced': 44949, 'untileable6': 250, 'periodic': 1} [378s]
  45400/2098208 {'unbalanced': 45149, 'untileable6': 250, 'periodic': 1} [378s]
  45600/2098208 {'unbalanced': 45349, 'untileable6': 250, 'periodic': 1} [378s]
  45800/2098208 {'unbalanced': 45549, 'untileable6': 250, 'periodic': 1} [378s]
  46000/2098208 {'unbalanced': 45749, 'untileable6': 250, 'periodic': 1} [378s]
  46200/2098208 {'unbalanced': 45948, 'untileable6': 251, 'periodic': 1} [378s]
  46400/2098208 {'unbalanced': 46148, 'untileable6': 251, 'periodic': 1} [378s]
  46600/2098208 {'unbalanced': 46348, 'untileable6': 251, 'periodic': 1} [378s]
  46800/2098208 {'unbalanced': 46548, 'untileable6': 251, 'periodic': 1} [378s]
  47000/2098208 {'unbalanced': 46748, 'untileable6': 251, 'periodic': 1} [378s]
  47200/2098208 {'unbalanced': 46948, 'untileable6': 251, 'periodic': 1} [378s]
  47400/2098208 {'unbalanced': 47148, 'untileable6': 251, 'periodic': 1} [378s]
  47600/2098208 {'unbalanced': 47348, 'untileable6': 251, 'periodic': 1} [378s]
  47800/2098208 {'unbalanced': 47548, 'untileable6': 251, 'periodic': 1} [378s]
  48000/2098208 {'unbalanced': 47748, 'untileable6': 251, 'periodic': 1} [378s]
  48200/2098208 {'unbalanced': 47948, 'untileable6': 251, 'periodic': 1} [378s]
  48400/2098208 {'unbalanced': 48148, 'untileable6': 251, 'periodic': 1} [378s]
  48600/2098208 {'unbalanced': 48347, 'untileable6': 252, 'periodic': 1} [378s]
  48800/2098208 {'unbalanced': 48547, 'untileable6': 252, 'periodic': 1} [378s]
  49000/2098208 {'unbalanced': 48747, 'untileable6': 252, 'periodic': 1} [378s]
  49200/2098208 {'unbalanced': 48947, 'untileable6': 252, 'periodic': 1} [378s]
  49400/2098208 {'unbalanced': 49147, 'untileable6': 252, 'periodic': 1} [378s]
  49600/2098208 {'unbalanced': 49347, 'untileable6': 252, 'periodic': 1} [378s]
  49800/2098208 {'unbalanced': 49547, 'untileable6': 252, 'periodic': 1} [378s]
  50000/2098208 {'unbalanced': 49747, 'untileable6': 252, 'periodic': 1} [378s]
  50200/2098208 {'unbalanced': 49947, 'untileable6': 252, 'periodic': 1} [378s]
  50400/2098208 {'unbalanced': 50147, 'untileable6': 252, 'periodic': 1} [378s]
  50600/2098208 {'unbalanced': 50347, 'untileable6': 252, 'periodic': 1} [378s]
  50800/2098208 {'unbalanced': 50547, 'untileable6': 252, 'periodic': 1} [378s]
  51000/2098208 {'unbalanced': 50745, 'untileable6': 254, 'periodic': 1} [378s]
  51200/2098208 {'unbalanced': 50945, 'untileable6': 254, 'periodic': 1} [378s]
  51400/2098208 {'unbalanced': 51145, 'untileable6': 254, 'periodic': 1} [378s]
  51600/2098208 {'unbalanced': 51345, 'untileable6': 254, 'periodic': 1} [378s]
  51800/2098208 {'unbalanced': 51545, 'untileable6': 254, 'periodic': 1} [378s]
  52000/2098208 {'unbalanced': 51745, 'untileable6': 254, 'periodic': 1} [378s]
  52200/2098208 {'unbalanced': 51945, 'untileable6': 254, 'periodic': 1} [378s]
  52400/2098208 {'unbalanced': 52144, 'untileable6': 255, 'periodic': 1} [378s]
  52600/2098208 {'unbalanced': 52344, 'untileable6': 255, 'periodic': 1} [378s]
  52800/2098208 {'unbalanced': 52544, 'untileable6': 255, 'periodic': 1} [378s]
  53000/2098208 {'unbalanced': 52744, 'untileable6': 255, 'periodic': 1} [378s]
  53200/2098208 {'unbalanced': 52944, 'untileable6': 255, 'periodic': 1} [378s]
  53400/2098208 {'unbalanced': 53143, 'untileable6': 256, 'periodic': 1} [378s]
  53600/2098208 {'unbalanced': 53343, 'untileable6': 256, 'periodic': 1} [378s]
  53800/2098208 {'unbalanced': 53543, 'untileable6': 256, 'periodic': 1} [378s]
  54000/2098208 {'unbalanced': 53743, 'untileable6': 256, 'periodic': 1} [378s]
  54200/2098208 {'unbalanced': 53942, 'untileable6': 257, 'periodic': 1} [378s]
  54400/2098208 {'unbalanced': 54142, 'untileable6': 257, 'periodic': 1} [378s]
  54600/2098208 {'unbalanced': 54342, 'untileable6': 257, 'periodic': 1} [378s]
  54800/2098208 {'unbalanced': 54542, 'untileable6': 257, 'periodic': 1} [378s]
  55000/2098208 {'unbalanced': 54742, 'untileable6': 257, 'periodic': 1} [378s]
  55200/2098208 {'unbalanced': 54942, 'untileable6': 257, 'periodic': 1} [378s]
  55400/2098208 {'unbalanced': 55142, 'untileable6': 257, 'periodic': 1} [378s]
  55600/2098208 {'unbalanced': 55342, 'untileable6': 257, 'periodic': 1} [378s]
  55800/2098208 {'unbalanced': 55541, 'untileable6': 258, 'periodic': 1} [378s]
  56000/2098208 {'unbalanced': 55741, 'untileable6': 258, 'periodic': 1} [378s]
  56200/2098208 {'unbalanced': 55941, 'untileable6': 258, 'periodic': 1} [378s]
  56400/2098208 {'unbalanced': 56141, 'untileable6': 258, 'periodic': 1} [378s]
  56600/2098208 {'unbalanced': 56341, 'untileable6': 258, 'periodic': 1} [378s]
  56800/2098208 {'unbalanced': 56541, 'untileable6': 258, 'periodic': 1} [378s]
  57000/2098208 {'unbalanced': 56737, 'untileable6': 262, 'periodic': 1} [378s]
  57200/2098208 {'unbalanced': 56937, 'untileable6': 262, 'periodic': 1} [378s]
  57400/2098208 {'unbalanced': 57137, 'untileable6': 262, 'periodic': 1} [378s]
  57600/2098208 {'unbalanced': 57337, 'untileable6': 262, 'periodic': 1} [378s]
  57800/2098208 {'unbalanced': 57537, 'untileable6': 262, 'periodic': 1} [378s]
  58000/2098208 {'unbalanced': 57737, 'untileable6': 262, 'periodic': 1} [378s]
  58200/2098208 {'unbalanced': 57936, 'untileable6': 263, 'periodic': 1} [378s]
  58400/2098208 {'unbalanced': 58136, 'untileable6': 263, 'periodic': 1} [378s]
  58600/2098208 {'unbalanced': 58336, 'untileable6': 263, 'periodic': 1} [378s]
  58800/2098208 {'unbalanced': 58536, 'untileable6': 263, 'periodic': 1} [378s]
  59000/2098208 {'unbalanced': 58736, 'untileable6': 263, 'periodic': 1} [378s]
  59200/2098208 {'unbalanced': 58934, 'untileable6': 265, 'periodic': 1} [378s]
  59400/2098208 {'unbalanced': 59132, 'untileable6': 267, 'periodic': 1} [378s]
  59600/2098208 {'unbalanced': 59332, 'untileable6': 267, 'periodic': 1} [378s]
  59800/2098208 {'unbalanced': 59532, 'untileable6': 267, 'periodic': 1} [378s]
  60000/2098208 {'unbalanced': 59732, 'untileable6': 267, 'periodic': 1} [378s]
  60200/2098208 {'unbalanced': 59932, 'untileable6': 267, 'periodic': 1} [378s]
  60400/2098208 {'unbalanced': 60131, 'untileable6': 268, 'periodic': 1} [378s]
  60600/2098208 {'unbalanced': 60329, 'untileable6': 270, 'periodic': 1} [378s]
  60800/2098208 {'unbalanced': 60529, 'untileable6': 270, 'periodic': 1} [378s]
  61000/2098208 {'unbalanced': 60729, 'untileable6': 270, 'periodic': 1} [378s]
  61200/2098208 {'unbalanced': 60929, 'untileable6': 270, 'periodic': 1} [378s]
  61400/2098208 {'unbalanced': 61129, 'untileable6': 270, 'periodic': 1} [378s]
  61600/2098208 {'unbalanced': 61329, 'untileable6': 270, 'periodic': 1} [378s]
  61800/2098208 {'unbalanced': 61528, 'untileable6': 271, 'periodic': 1} [378s]
  62000/2098208 {'unbalanced': 61721, 'untileable6': 278, 'periodic': 1} [378s]
  62200/2098208 {'unbalanced': 61921, 'untileable6': 278, 'periodic': 1} [378s]
  62400/2098208 {'unbalanced': 62121, 'untileable6': 278, 'periodic': 1} [378s]
  62600/2098208 {'unbalanced': 62321, 'untileable6': 278, 'periodic': 1} [378s]
  62800/2098208 {'unbalanced': 62521, 'untileable6': 278, 'periodic': 1} [378s]
  63000/2098208 {'unbalanced': 62720, 'untileable6': 279, 'periodic': 1} [378s]
  63200/2098208 {'unbalanced': 62920, 'untileable6': 279, 'periodic': 1} [378s]
  63400/2098208 {'unbalanced': 63120, 'untileable6': 279, 'periodic': 1} [378s]
  63600/2098208 {'unbalanced': 63320, 'untileable6': 279, 'periodic': 1} [378s]
  63800/2098208 {'unbalanced': 63519, 'untileable6': 280, 'periodic': 1} [378s]
  64000/2098208 {'unbalanced': 63719, 'untileable6': 280, 'periodic': 1} [378s]
  64200/2098208 {'unbalanced': 63919, 'untileable6': 280, 'periodic': 1} [378s]
  64400/2098208 {'unbalanced': 64119, 'untileable6': 280, 'periodic': 1} [378s]
  64600/2098208 {'unbalanced': 64318, 'untileable6': 281, 'periodic': 1} [378s]
  64800/2098208 {'unbalanced': 64518, 'untileable6': 281, 'periodic': 1} [378s]
  65000/2098208 {'unbalanced': 64718, 'untileable6': 281, 'periodic': 1} [378s]
  65200/2098208 {'unbalanced': 64918, 'untileable6': 281, 'periodic': 1} [378s]
  65400/2098208 {'unbalanced': 65116, 'untileable6': 283, 'periodic': 1} [378s]
  65600/2098208 {'unbalanced': 65316, 'untileable6': 283, 'periodic': 1} [378s]
  65800/2098208 {'unbalanced': 65516, 'untileable6': 283, 'periodic': 1} [378s]
  66000/2098208 {'unbalanced': 65716, 'untileable6': 283, 'periodic': 1} [378s]
  66200/2098208 {'unbalanced': 65916, 'untileable6': 283, 'periodic': 1} [378s]
  66400/2098208 {'unbalanced': 66115, 'untileable6': 284, 'periodic': 1} [378s]
  66600/2098208 {'unbalanced': 66312, 'untileable6': 287, 'periodic': 1} [378s]
  66800/2098208 {'unbalanced': 66512, 'untileable6': 287, 'periodic': 1} [378s]
  67000/2098208 {'unbalanced': 66712, 'untileable6': 287, 'periodic': 1} [378s]
  67200/2098208 {'unbalanced': 66910, 'untileable6': 289, 'periodic': 1} [378s]
  67400/2098208 {'unbalanced': 67108, 'untileable6': 291, 'periodic': 1} [378s]
  67600/2098208 {'unbalanced': 67308, 'untileable6': 291, 'periodic': 1} [378s]
  67800/2098208 {'unbalanced': 67506, 'untileable6': 293, 'periodic': 1} [378s]
  68000/2098208 {'unbalanced': 67706, 'untileable6': 293, 'periodic': 1} [378s]
  68200/2098208 {'unbalanced': 67906, 'untileable6': 293, 'periodic': 1} [378s]
  68400/2098208 {'unbalanced': 68106, 'untileable6': 293, 'periodic': 1} [378s]
  68600/2098208 {'unbalanced': 68306, 'untileable6': 293, 'periodic': 1} [378s]
  68800/2098208 {'unbalanced': 68502, 'untileable6': 297, 'periodic': 1} [378s]
  69000/2098208 {'unbalanced': 68702, 'untileable6': 297, 'periodic': 1} [378s]
  69200/2098208 {'unbalanced': 68902, 'untileable6': 297, 'periodic': 1} [378s]
  69400/2098208 {'unbalanced': 69101, 'untileable6': 298, 'periodic': 1} [378s]
  69600/2098208 {'unbalanced': 69298, 'untileable6': 301, 'periodic': 1} [378s]
  69800/2098208 {'unbalanced': 69497, 'untileable6': 302, 'periodic': 1} [378s]
  70000/2098208 {'unbalanced': 69696, 'untileable6': 303, 'periodic': 1} [378s]
  70200/2098208 {'unbalanced': 69891, 'untileable6': 308, 'periodic': 1} [378s]
  70400/2098208 {'unbalanced': 70091, 'untileable6': 308, 'periodic': 1} [378s]
  70600/2098208 {'unbalanced': 70291, 'untileable6': 308, 'periodic': 1} [378s]
  70800/2098208 {'unbalanced': 70490, 'untileable6': 309, 'periodic': 1} [378s]
  71000/2098208 {'unbalanced': 70690, 'untileable6': 309, 'periodic': 1} [378s]
  71200/2098208 {'unbalanced': 70889, 'untileable6': 310, 'periodic': 1} [378s]
  71400/2098208 {'unbalanced': 71088, 'untileable6': 311, 'periodic': 1} [378s]
  71600/2098208 {'unbalanced': 71282, 'untileable6': 317, 'periodic': 1} [378s]
  71800/2098208 {'unbalanced': 71482, 'untileable6': 317, 'periodic': 1} [378s]
  72000/2098208 {'unbalanced': 71682, 'untileable6': 317, 'periodic': 1} [378s]
  72200/2098208 {'unbalanced': 71878, 'untileable6': 321, 'periodic': 1} [378s]
  72400/2098208 {'unbalanced': 72074, 'untileable6': 325, 'periodic': 1} [378s]
  72600/2098208 {'unbalanced': 72272, 'untileable6': 325, 'periodic': 3} [378s]
  72800/2098208 {'unbalanced': 72472, 'untileable6': 325, 'periodic': 3} [378s]
  73000/2098208 {'unbalanced': 72672, 'untileable6': 325, 'periodic': 3} [378s]
  73200/2098208 {'unbalanced': 72871, 'untileable6': 326, 'periodic': 3} [378s]
  73400/2098208 {'unbalanced': 73068, 'untileable6': 329, 'periodic': 3} [379s]
  73600/2098208 {'unbalanced': 73267, 'untileable6': 330, 'periodic': 3} [379s]
  73800/2098208 {'unbalanced': 73467, 'untileable6': 330, 'periodic': 3} [379s]
  74000/2098208 {'unbalanced': 73666, 'untileable6': 331, 'periodic': 3} [379s]
  74200/2098208 {'unbalanced': 73865, 'untileable6': 332, 'periodic': 3} [379s]
  74400/2098208 {'unbalanced': 74065, 'untileable6': 332, 'periodic': 3} [379s]
  74600/2098208 {'unbalanced': 74265, 'untileable6': 332, 'periodic': 3} [379s]
  74800/2098208 {'unbalanced': 74465, 'untileable6': 332, 'periodic': 3} [379s]
  75000/2098208 {'unbalanced': 74664, 'untileable6': 333, 'periodic': 3} [379s]
  75200/2098208 {'unbalanced': 74864, 'untileable6': 333, 'periodic': 3} [379s]
  75400/2098208 {'unbalanced': 75064, 'untileable6': 333, 'periodic': 3} [379s]
  75600/2098208 {'unbalanced': 75263, 'untileable6': 334, 'periodic': 3} [379s]
  75800/2098208 {'unbalanced': 75459, 'untileable6': 338, 'periodic': 3} [379s]
  76000/2098208 {'unbalanced': 75656, 'untileable6': 341, 'periodic': 3} [379s]
  76200/2098208 {'unbalanced': 75845, 'untileable6': 352, 'periodic': 3} [379s]
  76400/2098208 {'unbalanced': 76045, 'untileable6': 352, 'periodic': 3} [379s]
  76600/2098208 {'unbalanced': 76245, 'untileable6': 352, 'periodic': 3} [379s]
  76800/2098208 {'unbalanced': 76441, 'untileable6': 356, 'periodic': 3} [379s]
  77000/2098208 {'unbalanced': 76637, 'untileable6': 360, 'periodic': 3} [379s]
  77200/2098208 {'unbalanced': 76837, 'untileable6': 360, 'periodic': 3} [379s]
  77400/2098208 {'unbalanced': 77036, 'untileable6': 361, 'periodic': 3} [379s]
  77600/2098208 {'unbalanced': 77236, 'untileable6': 361, 'periodic': 3} [379s]
  77800/2098208 {'unbalanced': 77436, 'untileable6': 361, 'periodic': 3} [379s]
  78000/2098208 {'unbalanced': 77634, 'untileable6': 363, 'periodic': 3} [379s]
  78200/2098208 {'unbalanced': 77830, 'untileable6': 367, 'periodic': 3} [379s]
  78400/2098208 {'unbalanced': 78020, 'untileable6': 377, 'periodic': 3} [379s]
  78600/2098208 {'unbalanced': 78218, 'untileable6': 379, 'periodic': 3} [379s]
  78800/2098208 {'unbalanced': 78418, 'untileable6': 379, 'periodic': 3} [379s]
  79000/2098208 {'unbalanced': 78614, 'untileable6': 383, 'periodic': 3} [379s]
  79200/2098208 {'unbalanced': 78810, 'untileable6': 387, 'periodic': 3} [379s]
  79400/2098208 {'unbalanced': 79009, 'untileable6': 388, 'periodic': 3} [379s]
  79600/2098208 {'unbalanced': 79205, 'untileable6': 392, 'periodic': 3} [379s]
  79800/2098208 {'unbalanced': 79402, 'untileable6': 395, 'periodic': 3} [379s]
  80000/2098208 {'unbalanced': 79602, 'untileable6': 395, 'periodic': 3} [379s]
  80200/2098208 {'unbalanced': 79801, 'untileable6': 396, 'periodic': 3} [379s]
  80400/2098208 {'unbalanced': 79996, 'untileable6': 401, 'periodic': 3} [379s]
  80600/2098208 {'unbalanced': 80194, 'untileable6': 403, 'periodic': 3} [379s]
  80800/2098208 {'unbalanced': 80387, 'untileable6': 410, 'periodic': 3} [379s]
  81000/2098208 {'unbalanced': 80580, 'untileable6': 417, 'periodic': 3} [379s]
  81200/2098208 {'unbalanced': 80763, 'untileable6': 434, 'periodic': 3} [379s]
  81400/2098208 {'unbalanced': 80963, 'untileable6': 434, 'periodic': 3} [379s]
  81600/2098208 {'unbalanced': 81162, 'untileable6': 435, 'periodic': 3} [379s]
  81800/2098208 {'unbalanced': 81351, 'untileable6': 445, 'periodic': 4} [379s]
  82000/2098208 {'unbalanced': 81546, 'untileable6': 450, 'periodic': 4} [379s]
  82200/2098208 {'unbalanced': 81745, 'untileable6': 451, 'periodic': 4} [379s]
  82400/2098208 {'unbalanced': 81945, 'untileable6': 451, 'periodic': 4} [379s]
  82600/2098208 {'unbalanced': 82145, 'untileable6': 451, 'periodic': 4} [379s]
  82800/2098208 {'unbalanced': 82345, 'untileable6': 451, 'periodic': 4} [379s]
  83000/2098208 {'unbalanced': 82544, 'untileable6': 452, 'periodic': 4} [379s]
  83200/2098208 {'unbalanced': 82744, 'untileable6': 452, 'periodic': 4} [379s]
  83400/2098208 {'unbalanced': 82944, 'untileable6': 452, 'periodic': 4} [379s]
  83600/2098208 {'unbalanced': 83143, 'untileable6': 453, 'periodic': 4} [379s]
  83800/2098208 {'unbalanced': 83343, 'untileable6': 453, 'periodic': 4} [379s]
  84000/2098208 {'unbalanced': 83543, 'untileable6': 453, 'periodic': 4} [379s]
  84200/2098208 {'unbalanced': 83743, 'untileable6': 453, 'periodic': 4} [379s]
  84400/2098208 {'unbalanced': 83940, 'untileable6': 456, 'periodic': 4} [379s]
  84600/2098208 {'unbalanced': 84140, 'untileable6': 456, 'periodic': 4} [379s]
  84800/2098208 {'unbalanced': 84340, 'untileable6': 456, 'periodic': 4} [379s]
  85000/2098208 {'unbalanced': 84540, 'untileable6': 456, 'periodic': 4} [379s]
  85200/2098208 {'unbalanced': 84740, 'untileable6': 456, 'periodic': 4} [379s]
  85400/2098208 {'unbalanced': 84940, 'untileable6': 456, 'periodic': 4} [379s]
  85600/2098208 {'unbalanced': 85136, 'untileable6': 460, 'periodic': 4} [379s]
  85800/2098208 {'unbalanced': 85336, 'untileable6': 460, 'periodic': 4} [379s]
  86000/2098208 {'unbalanced': 85536, 'untileable6': 460, 'periodic': 4} [379s]
  86200/2098208 {'unbalanced': 85736, 'untileable6': 460, 'periodic': 4} [379s]
  86400/2098208 {'unbalanced': 85932, 'untileable6': 464, 'periodic': 4} [379s]
  86600/2098208 {'unbalanced': 86132, 'untileable6': 464, 'periodic': 4} [379s]
  86800/2098208 {'unbalanced': 86329, 'untileable6': 467, 'periodic': 4} [379s]
  87000/2098208 {'unbalanced': 86529, 'untileable6': 467, 'periodic': 4} [379s]
  87200/2098208 {'unbalanced': 86729, 'untileable6': 467, 'periodic': 4} [379s]
  87400/2098208 {'unbalanced': 86929, 'untileable6': 467, 'periodic': 4} [379s]
  87600/2098208 {'unbalanced': 87129, 'untileable6': 467, 'periodic': 4} [379s]
  87800/2098208 {'unbalanced': 87327, 'untileable6': 469, 'periodic': 4} [379s]
  88000/2098208 {'unbalanced': 87525, 'untileable6': 471, 'periodic': 4} [379s]
  88200/2098208 {'unbalanced': 87725, 'untileable6': 471, 'periodic': 4} [379s]
  88400/2098208 {'unbalanced': 87925, 'untileable6': 471, 'periodic': 4} [379s]
  88600/2098208 {'unbalanced': 88121, 'untileable6': 475, 'periodic': 4} [379s]
  88800/2098208 {'unbalanced': 88321, 'untileable6': 475, 'periodic': 4} [379s]
  89000/2098208 {'unbalanced': 88520, 'untileable6': 476, 'periodic': 4} [379s]
  89200/2098208 {'unbalanced': 88713, 'untileable6': 483, 'periodic': 4} [379s]
  89400/2098208 {'unbalanced': 88913, 'untileable6': 483, 'periodic': 4} [379s]
  89600/2098208 {'unbalanced': 89113, 'untileable6': 483, 'periodic': 4} [379s]
  89800/2098208 {'unbalanced': 89312, 'untileable6': 484, 'periodic': 4} [379s]
  90000/2098208 {'unbalanced': 89512, 'untileable6': 484, 'periodic': 4} [379s]
  90200/2098208 {'unbalanced': 89711, 'untileable6': 485, 'periodic': 4} [379s]
  90400/2098208 {'unbalanced': 89911, 'untileable6': 485, 'periodic': 4} [379s]
  90600/2098208 {'unbalanced': 90104, 'untileable6': 492, 'periodic': 4} [379s]
  90800/2098208 {'unbalanced': 90304, 'untileable6': 492, 'periodic': 4} [379s]
  91000/2098208 {'unbalanced': 90504, 'untileable6': 492, 'periodic': 4} [379s]
  91200/2098208 {'unbalanced': 90702, 'untileable6': 494, 'periodic': 4} [379s]
  91400/2098208 {'unbalanced': 90896, 'untileable6': 500, 'periodic': 4} [379s]
  91600/2098208 {'unbalanced': 91093, 'untileable6': 500, 'periodic': 7} [379s]
  91800/2098208 {'unbalanced': 91293, 'untileable6': 500, 'periodic': 7} [379s]
  92000/2098208 {'unbalanced': 91493, 'untileable6': 500, 'periodic': 7} [379s]
  92200/2098208 {'unbalanced': 91692, 'untileable6': 501, 'periodic': 7} [379s]
  92400/2098208 {'unbalanced': 91891, 'untileable6': 502, 'periodic': 7} [379s]
  92600/2098208 {'unbalanced': 92088, 'untileable6': 505, 'periodic': 7} [379s]
  92800/2098208 {'unbalanced': 92288, 'untileable6': 505, 'periodic': 7} [379s]
  93000/2098208 {'unbalanced': 92488, 'untileable6': 505, 'periodic': 7} [379s]
  93200/2098208 {'unbalanced': 92687, 'untileable6': 506, 'periodic': 7} [379s]
  93400/2098208 {'unbalanced': 92886, 'untileable6': 507, 'periodic': 7} [379s]
  93600/2098208 {'unbalanced': 93086, 'untileable6': 507, 'periodic': 7} [379s]
  93800/2098208 {'unbalanced': 93286, 'untileable6': 507, 'periodic': 7} [379s]
  94000/2098208 {'unbalanced': 93484, 'untileable6': 509, 'periodic': 7} [379s]
  94200/2098208 {'unbalanced': 93684, 'untileable6': 509, 'periodic': 7} [379s]
  94400/2098208 {'unbalanced': 93884, 'untileable6': 509, 'periodic': 7} [379s]
  94600/2098208 {'unbalanced': 94083, 'untileable6': 510, 'periodic': 7} [379s]
  94800/2098208 {'unbalanced': 94282, 'untileable6': 511, 'periodic': 7} [379s]
  95000/2098208 {'unbalanced': 94478, 'untileable6': 515, 'periodic': 7} [379s]
  95200/2098208 {'unbalanced': 94672, 'untileable6': 521, 'periodic': 7} [379s]
  95400/2098208 {'unbalanced': 94865, 'untileable6': 528, 'periodic': 7} [379s]
  95600/2098208 {'unbalanced': 95065, 'untileable6': 528, 'periodic': 7} [379s]
  95800/2098208 {'unbalanced': 95263, 'untileable6': 530, 'periodic': 7} [379s]
  96000/2098208 {'unbalanced': 95459, 'untileable6': 534, 'periodic': 7} [379s]
  96200/2098208 {'unbalanced': 95657, 'untileable6': 536, 'periodic': 7} [379s]
  96400/2098208 {'unbalanced': 95855, 'untileable6': 538, 'periodic': 7} [379s]
  96600/2098208 {'unbalanced': 96055, 'untileable6': 538, 'periodic': 7} [379s]
  96800/2098208 {'unbalanced': 96255, 'untileable6': 538, 'periodic': 7} [379s]
  97000/2098208 {'unbalanced': 96455, 'untileable6': 538, 'periodic': 7} [379s]
  97200/2098208 {'unbalanced': 96651, 'untileable6': 542, 'periodic': 7} [379s]
  97400/2098208 {'unbalanced': 96846, 'untileable6': 547, 'periodic': 7} [379s]
  97600/2098208 {'unbalanced': 97037, 'untileable6': 556, 'periodic': 7} [379s]
  97800/2098208 {'unbalanced': 97237, 'untileable6': 556, 'periodic': 7} [379s]
  98000/2098208 {'unbalanced': 97436, 'untileable6': 557, 'periodic': 7} [379s]
  98200/2098208 {'unbalanced': 97632, 'untileable6': 561, 'periodic': 7} [379s]
  98400/2098208 {'unbalanced': 97828, 'untileable6': 565, 'periodic': 7} [379s]
  98600/2098208 {'unbalanced': 98027, 'untileable6': 566, 'periodic': 7} [379s]
  98800/2098208 {'unbalanced': 98220, 'untileable6': 573, 'periodic': 7} [379s]
  99000/2098208 {'unbalanced': 98420, 'untileable6': 573, 'periodic': 7} [379s]
  99200/2098208 {'unbalanced': 98620, 'untileable6': 573, 'periodic': 7} [379s]
  99400/2098208 {'unbalanced': 98819, 'untileable6': 574, 'periodic': 7} [379s]
  99600/2098208 {'unbalanced': 99013, 'untileable6': 580, 'periodic': 7} [379s]
  99800/2098208 {'unbalanced': 99209, 'untileable6': 584, 'periodic': 7} [379s]
  100000/2098208 {'unbalanced': 99402, 'untileable6': 591, 'periodic': 7} [379s]
  100200/2098208 {'unbalanced': 99589, 'untileable6': 604, 'periodic': 7} [379s]
  100400/2098208 {'unbalanced': 99781, 'untileable6': 612, 'periodic': 7} [379s]
  100600/2098208 {'unbalanced': 99981, 'untileable6': 612, 'periodic': 7} [379s]
  100800/2098208 {'unbalanced': 100174, 'untileable6': 619, 'periodic': 7} [379s]
  101000/2098208 {'unbalanced': 100365, 'untileable6': 628, 'periodic': 7} [379s]
  101200/2098208 {'unbalanced': 100561, 'untileable6': 632, 'periodic': 7} [379s]
  101400/2098208 {'unbalanced': 100761, 'untileable6': 632, 'periodic': 7} [379s]
  101600/2098208 {'unbalanced': 100961, 'untileable6': 632, 'periodic': 7} [379s]
  101800/2098208 {'unbalanced': 101160, 'untileable6': 633, 'periodic': 7} [379s]
  102000/2098208 {'unbalanced': 101360, 'untileable6': 633, 'periodic': 7} [379s]
  102200/2098208 {'unbalanced': 101559, 'untileable6': 634, 'periodic': 7} [379s]
  102400/2098208 {'unbalanced': 101758, 'untileable6': 635, 'periodic': 7} [379s]
  102600/2098208 {'unbalanced': 101957, 'untileable6': 636, 'periodic': 7} [379s]
  102800/2098208 {'unbalanced': 102154, 'untileable6': 639, 'periodic': 7} [379s]
  103000/2098208 {'unbalanced': 102354, 'untileable6': 639, 'periodic': 7} [379s]
  103200/2098208 {'unbalanced': 102553, 'untileable6': 640, 'periodic': 7} [379s]
  103400/2098208 {'unbalanced': 102753, 'untileable6': 640, 'periodic': 7} [379s]
  103600/2098208 {'unbalanced': 102951, 'untileable6': 642, 'periodic': 7} [379s]
  103800/2098208 {'unbalanced': 103151, 'untileable6': 642, 'periodic': 7} [379s]
  104000/2098208 {'unbalanced': 103351, 'untileable6': 642, 'periodic': 7} [379s]
  104200/2098208 {'unbalanced': 103550, 'untileable6': 643, 'periodic': 7} [379s]
  104400/2098208 {'unbalanced': 103746, 'untileable6': 647, 'periodic': 7} [379s]
  104600/2098208 {'unbalanced': 103946, 'untileable6': 647, 'periodic': 7} [379s]
  104800/2098208 {'unbalanced': 104142, 'untileable6': 651, 'periodic': 7} [380s]
  105000/2098208 {'unbalanced': 104342, 'untileable6': 651, 'periodic': 7} [380s]
  105200/2098208 {'unbalanced': 104538, 'untileable6': 655, 'periodic': 7} [380s]
  105400/2098208 {'unbalanced': 104734, 'untileable6': 659, 'periodic': 7} [380s]
  105600/2098208 {'unbalanced': 104924, 'untileable6': 669, 'periodic': 7} [380s]
  105800/2098208 {'unbalanced': 105123, 'untileable6': 670, 'periodic': 7} [380s]
  106000/2098208 {'unbalanced': 105321, 'untileable6': 672, 'periodic': 7} [380s]
  106200/2098208 {'unbalanced': 105521, 'untileable6': 672, 'periodic': 7} [380s]
  106400/2098208 {'unbalanced': 105721, 'untileable6': 672, 'periodic': 7} [380s]
  106600/2098208 {'unbalanced': 105919, 'untileable6': 674, 'periodic': 7} [380s]
  106800/2098208 {'unbalanced': 106117, 'untileable6': 676, 'periodic': 7} [380s]
  107000/2098208 {'unbalanced': 106315, 'untileable6': 678, 'periodic': 7} [380s]
  107200/2098208 {'unbalanced': 106513, 'untileable6': 680, 'periodic': 7} [380s]
  107400/2098208 {'unbalanced': 106709, 'untileable6': 684, 'periodic': 7} [380s]
  107600/2098208 {'unbalanced': 106905, 'untileable6': 688, 'periodic': 7} [380s]
  107800/2098208 {'unbalanced': 107095, 'untileable6': 698, 'periodic': 7} [380s]
  108000/2098208 {'unbalanced': 107294, 'untileable6': 699, 'periodic': 7} [380s]
  108200/2098208 {'unbalanced': 107489, 'untileable6': 704, 'periodic': 7} [380s]
  108400/2098208 {'unbalanced': 107685, 'untileable6': 708, 'periodic': 7} [380s]
  108600/2098208 {'unbalanced': 107885, 'untileable6': 708, 'periodic': 7} [380s]
  108800/2098208 {'unbalanced': 108084, 'untileable6': 709, 'periodic': 7} [380s]
  109000/2098208 {'unbalanced': 108279, 'untileable6': 714, 'periodic': 7} [380s]
  109200/2098208 {'unbalanced': 108478, 'untileable6': 715, 'periodic': 7} [380s]
  109400/2098208 {'unbalanced': 108672, 'untileable6': 721, 'periodic': 7} [380s]
  109600/2098208 {'unbalanced': 108871, 'untileable6': 722, 'periodic': 7} [380s]
  109800/2098208 {'unbalanced': 109065, 'untileable6': 728, 'periodic': 7} [380s]
  110000/2098208 {'unbalanced': 109264, 'untileable6': 729, 'periodic': 7} [380s]
  110200/2098208 {'unbalanced': 109457, 'untileable6': 736, 'periodic': 7} [380s]
  110400/2098208 {'unbalanced': 109649, 'untileable6': 744, 'periodic': 7} [380s]
  110600/2098208 {'unbalanced': 109833, 'untileable6': 760, 'periodic': 7} [380s]
  110800/2098208 {'unbalanced': 110029, 'untileable6': 764, 'periodic': 7} [380s]
  111000/2098208 {'unbalanced': 110229, 'untileable6': 764, 'periodic': 7} [380s]
  111200/2098208 {'unbalanced': 110428, 'untileable6': 765, 'periodic': 7} [380s]
  111400/2098208 {'unbalanced': 110626, 'untileable6': 767, 'periodic': 7} [380s]
  111600/2098208 {'unbalanced': 110825, 'untileable6': 768, 'periodic': 7} [380s]
  111800/2098208 {'unbalanced': 111023, 'untileable6': 770, 'periodic': 7} [380s]
  112000/2098208 {'unbalanced': 111222, 'untileable6': 771, 'periodic': 7} [380s]
  112200/2098208 {'unbalanced': 111421, 'untileable6': 772, 'periodic': 7} [380s]
  112400/2098208 {'unbalanced': 111619, 'untileable6': 774, 'periodic': 7} [380s]
  112600/2098208 {'unbalanced': 111817, 'untileable6': 776, 'periodic': 7} [380s]
  112800/2098208 {'unbalanced': 112017, 'untileable6': 776, 'periodic': 7} [380s]
  113000/2098208 {'unbalanced': 112217, 'untileable6': 776, 'periodic': 7} [380s]
  113200/2098208 {'unbalanced': 112416, 'untileable6': 777, 'periodic': 7} [380s]
  113400/2098208 {'unbalanced': 112614, 'untileable6': 779, 'periodic': 7} [380s]
  113600/2098208 {'unbalanced': 112812, 'untileable6': 781, 'periodic': 7} [380s]
  113800/2098208 {'unbalanced': 113006, 'untileable6': 787, 'periodic': 7} [380s]
  114000/2098208 {'unbalanced': 113200, 'untileable6': 793, 'periodic': 7} [380s]
  114200/2098208 {'unbalanced': 113391, 'untileable6': 802, 'periodic': 7} [380s]
  114400/2098208 {'unbalanced': 113587, 'untileable6': 806, 'periodic': 7} [380s]
  114600/2098208 {'unbalanced': 113781, 'untileable6': 812, 'periodic': 7} [380s]
  114800/2098208 {'unbalanced': 113976, 'untileable6': 817, 'periodic': 7} [380s]
  115000/2098208 {'unbalanced': 114170, 'untileable6': 823, 'periodic': 7} [380s]
  115200/2098208 {'unbalanced': 114362, 'untileable6': 831, 'periodic': 7} [380s]
  115400/2098208 {'unbalanced': 114558, 'untileable6': 835, 'periodic': 7} [380s]
  115600/2098208 {'unbalanced': 114757, 'untileable6': 836, 'periodic': 7} [380s]
  115800/2098208 {'unbalanced': 114956, 'untileable6': 837, 'periodic': 7} [380s]
  116000/2098208 {'unbalanced': 115152, 'untileable6': 841, 'periodic': 7} [380s]
  116200/2098208 {'unbalanced': 115348, 'untileable6': 845, 'periodic': 7} [380s]
  116400/2098208 {'unbalanced': 115538, 'untileable6': 855, 'periodic': 7} [380s]
  116600/2098208 {'unbalanced': 115734, 'untileable6': 859, 'periodic': 7} [380s]
  116800/2098208 {'unbalanced': 115927, 'untileable6': 866, 'periodic': 7} [380s]
  117000/2098208 {'unbalanced': 116123, 'untileable6': 870, 'periodic': 7} [380s]
  117200/2098208 {'unbalanced': 116318, 'untileable6': 875, 'periodic': 7} [380s]
  117400/2098208 {'unbalanced': 116508, 'untileable6': 885, 'periodic': 7} [380s]
  117600/2098208 {'unbalanced': 116701, 'untileable6': 892, 'periodic': 7} [380s]
  117800/2098208 {'unbalanced': 116899, 'untileable6': 894, 'periodic': 7} [380s]
  118000/2098208 {'unbalanced': 117094, 'untileable6': 899, 'periodic': 7} [380s]
  118200/2098208 {'unbalanced': 117292, 'untileable6': 901, 'periodic': 7} [380s]
  118400/2098208 {'unbalanced': 117485, 'untileable6': 908, 'periodic': 7} [380s]
  118600/2098208 {'unbalanced': 117672, 'untileable6': 921, 'periodic': 7} [380s]
  118800/2098208 {'unbalanced': 117857, 'untileable6': 936, 'periodic': 7} [380s]
  119000/2098208 {'unbalanced': 118042, 'untileable6': 950, 'periodic': 8} [380s]
  119200/2098208 {'unbalanced': 118229, 'untileable6': 963, 'periodic': 8} [380s]
  119400/2098208 {'unbalanced': 118420, 'untileable6': 972, 'periodic': 8} [380s]
  119600/2098208 {'unbalanced': 118609, 'untileable6': 983, 'periodic': 8} [380s]
  119800/2098208 {'unbalanced': 118800, 'untileable6': 991, 'periodic': 9} [380s]
  120000/2098208 {'unbalanced': 118984, 'untileable6': 1007, 'periodic': 9} [380s]
  120200/2098208 {'unbalanced': 119172, 'untileable6': 1019, 'periodic': 9} [381s]
  120400/2098208 {'unbalanced': 119369, 'untileable6': 1022, 'periodic': 9} [381s]
  120600/2098208 {'unbalanced': 119569, 'untileable6': 1022, 'periodic': 9} [381s]
  120800/2098208 {'unbalanced': 119769, 'untileable6': 1022, 'periodic': 9} [381s]
  121000/2098208 {'unbalanced': 119969, 'untileable6': 1022, 'periodic': 9} [381s]
  121200/2098208 {'unbalanced': 120169, 'untileable6': 1022, 'periodic': 9} [381s]
  121400/2098208 {'unbalanced': 120369, 'untileable6': 1022, 'periodic': 9} [381s]
  121600/2098208 {'unbalanced': 120569, 'untileable6': 1022, 'periodic': 9} [381s]
  121800/2098208 {'unbalanced': 120769, 'untileable6': 1022, 'periodic': 9} [381s]
  122000/2098208 {'unbalanced': 120969, 'untileable6': 1022, 'periodic': 9} [381s]
  122200/2098208 {'unbalanced': 121169, 'untileable6': 1022, 'periodic': 9} [381s]
  122400/2098208 {'unbalanced': 121369, 'untileable6': 1022, 'periodic': 9} [381s]
  122600/2098208 {'unbalanced': 121569, 'untileable6': 1022, 'periodic': 9} [381s]
  122800/2098208 {'unbalanced': 121769, 'untileable6': 1022, 'periodic': 9} [381s]
  123000/2098208 {'unbalanced': 121969, 'untileable6': 1022, 'periodic': 9} [381s]
  123200/2098208 {'unbalanced': 122169, 'untileable6': 1022, 'periodic': 9} [381s]
  123400/2098208 {'unbalanced': 122368, 'untileable6': 1023, 'periodic': 9} [381s]
  123600/2098208 {'unbalanced': 122568, 'untileable6': 1023, 'periodic': 9} [381s]
  123800/2098208 {'unbalanced': 122768, 'untileable6': 1023, 'periodic': 9} [381s]
  124000/2098208 {'unbalanced': 122968, 'untileable6': 1023, 'periodic': 9} [381s]
  124200/2098208 {'unbalanced': 123168, 'untileable6': 1023, 'periodic': 9} [381s]
  124400/2098208 {'unbalanced': 123368, 'untileable6': 1023, 'periodic': 9} [381s]
  124600/2098208 {'unbalanced': 123568, 'untileable6': 1023, 'periodic': 9} [381s]
  124800/2098208 {'unbalanced': 123768, 'untileable6': 1023, 'periodic': 9} [381s]
  125000/2098208 {'unbalanced': 123967, 'untileable6': 1024, 'periodic': 9} [381s]
  125200/2098208 {'unbalanced': 124167, 'untileable6': 1024, 'periodic': 9} [381s]
  125400/2098208 {'unbalanced': 124367, 'untileable6': 1024, 'periodic': 9} [381s]
  125600/2098208 {'unbalanced': 124567, 'untileable6': 1024, 'periodic': 9} [381s]
  125800/2098208 {'unbalanced': 124767, 'untileable6': 1024, 'periodic': 9} [381s]
  126000/2098208 {'unbalanced': 124967, 'untileable6': 1024, 'periodic': 9} [381s]
  126200/2098208 {'unbalanced': 125167, 'untileable6': 1024, 'periodic': 9} [381s]
  126400/2098208 {'unbalanced': 125367, 'untileable6': 1024, 'periodic': 9} [381s]
  126600/2098208 {'unbalanced': 125566, 'untileable6': 1025, 'periodic': 9} [381s]
  126800/2098208 {'unbalanced': 125766, 'untileable6': 1025, 'periodic': 9} [381s]
  127000/2098208 {'unbalanced': 125966, 'untileable6': 1025, 'periodic': 9} [381s]
  127200/2098208 {'unbalanced': 126166, 'untileable6': 1025, 'periodic': 9} [381s]
  127400/2098208 {'unbalanced': 126366, 'untileable6': 1025, 'periodic': 9} [381s]
  127600/2098208 {'unbalanced': 126566, 'untileable6': 1025, 'periodic': 9} [381s]
  127800/2098208 {'unbalanced': 126766, 'untileable6': 1025, 'periodic': 9} [381s]
  128000/2098208 {'unbalanced': 126966, 'untileable6': 1025, 'periodic': 9} [381s]
  128200/2098208 {'unbalanced': 127165, 'untileable6': 1026, 'periodic': 9} [381s]
  128400/2098208 {'unbalanced': 127365, 'untileable6': 1026, 'periodic': 9} [381s]
  128600/2098208 {'unbalanced': 127565, 'untileable6': 1026, 'periodic': 9} [381s]
  128800/2098208 {'unbalanced': 127765, 'untileable6': 1026, 'periodic': 9} [381s]
  129000/2098208 {'unbalanced': 127964, 'untileable6': 1027, 'periodic': 9} [381s]
  129200/2098208 {'unbalanced': 128164, 'untileable6': 1027, 'periodic': 9} [381s]
  129400/2098208 {'unbalanced': 128364, 'untileable6': 1027, 'periodic': 9} [381s]
  129600/2098208 {'unbalanced': 128564, 'untileable6': 1027, 'periodic': 9} [381s]
  129800/2098208 {'unbalanced': 128762, 'untileable6': 1029, 'periodic': 9} [381s]
  130000/2098208 {'unbalanced': 128962, 'untileable6': 1029, 'periodic': 9} [381s]
  130200/2098208 {'unbalanced': 129162, 'untileable6': 1029, 'periodic': 9} [381s]
  130400/2098208 {'unbalanced': 129362, 'untileable6': 1029, 'periodic': 9} [381s]
  130600/2098208 {'unbalanced': 129561, 'untileable6': 1030, 'periodic': 9} [381s]
  130800/2098208 {'unbalanced': 129761, 'untileable6': 1030, 'periodic': 9} [381s]
  131000/2098208 {'unbalanced': 129961, 'untileable6': 1030, 'periodic': 9} [381s]
  131200/2098208 {'unbalanced': 130161, 'untileable6': 1030, 'periodic': 9} [381s]
  131400/2098208 {'unbalanced': 130358, 'untileable6': 1033, 'periodic': 9} [381s]
  131600/2098208 {'unbalanced': 130556, 'untileable6': 1035, 'periodic': 9} [381s]
  131800/2098208 {'unbalanced': 130756, 'untileable6': 1035, 'periodic': 9} [381s]
  132000/2098208 {'unbalanced': 130956, 'untileable6': 1035, 'periodic': 9} [381s]
  132200/2098208 {'unbalanced': 131156, 'untileable6': 1035, 'periodic': 9} [381s]
  132400/2098208 {'unbalanced': 131353, 'untileable6': 1038, 'periodic': 9} [381s]
  132600/2098208 {'unbalanced': 131553, 'untileable6': 1038, 'periodic': 9} [381s]
  132800/2098208 {'unbalanced': 131753, 'untileable6': 1038, 'periodic': 9} [381s]
  133000/2098208 {'unbalanced': 131952, 'untileable6': 1039, 'periodic': 9} [381s]
  133200/2098208 {'unbalanced': 132152, 'untileable6': 1039, 'periodic': 9} [381s]
  133400/2098208 {'unbalanced': 132352, 'untileable6': 1039, 'periodic': 9} [381s]
  133600/2098208 {'unbalanced': 132552, 'untileable6': 1039, 'periodic': 9} [381s]
  133800/2098208 {'unbalanced': 132752, 'untileable6': 1039, 'periodic': 9} [381s]
  134000/2098208 {'unbalanced': 132952, 'untileable6': 1039, 'periodic': 9} [381s]
  134200/2098208 {'unbalanced': 133152, 'untileable6': 1039, 'periodic': 9} [381s]
  134400/2098208 {'unbalanced': 133351, 'untileable6': 1040, 'periodic': 9} [381s]
  134600/2098208 {'unbalanced': 133551, 'untileable6': 1040, 'periodic': 9} [381s]
  134800/2098208 {'unbalanced': 133751, 'untileable6': 1040, 'periodic': 9} [381s]
  135000/2098208 {'unbalanced': 133951, 'untileable6': 1040, 'periodic': 9} [381s]
  135200/2098208 {'unbalanced': 134151, 'untileable6': 1040, 'periodic': 9} [381s]
  135400/2098208 {'unbalanced': 134351, 'untileable6': 1040, 'periodic': 9} [381s]
  135600/2098208 {'unbalanced': 134551, 'untileable6': 1040, 'periodic': 9} [381s]
  135800/2098208 {'unbalanced': 134750, 'untileable6': 1041, 'periodic': 9} [381s]
  136000/2098208 {'unbalanced': 134950, 'untileable6': 1041, 'periodic': 9} [381s]
  136200/2098208 {'unbalanced': 135148, 'untileable6': 1043, 'periodic': 9} [381s]
  136400/2098208 {'unbalanced': 135348, 'untileable6': 1043, 'periodic': 9} [381s]
  136600/2098208 {'unbalanced': 135548, 'untileable6': 1043, 'periodic': 9} [381s]
  136800/2098208 {'unbalanced': 135748, 'untileable6': 1043, 'periodic': 9} [381s]
  137000/2098208 {'unbalanced': 135948, 'untileable6': 1043, 'periodic': 9} [381s]
  137200/2098208 {'unbalanced': 136148, 'untileable6': 1043, 'periodic': 9} [381s]
  137400/2098208 {'unbalanced': 136347, 'untileable6': 1044, 'periodic': 9} [381s]
  137600/2098208 {'unbalanced': 136546, 'untileable6': 1045, 'periodic': 9} [381s]
  137800/2098208 {'unbalanced': 136742, 'untileable6': 1049, 'periodic': 9} [381s]
  138000/2098208 {'unbalanced': 136942, 'untileable6': 1049, 'periodic': 9} [381s]
  138200/2098208 {'unbalanced': 137142, 'untileable6': 1049, 'periodic': 9} [381s]
  138400/2098208 {'unbalanced': 137342, 'untileable6': 1049, 'periodic': 9} [381s]
  138600/2098208 {'unbalanced': 137542, 'untileable6': 1049, 'periodic': 9} [381s]
  138800/2098208 {'unbalanced': 137742, 'untileable6': 1049, 'periodic': 9} [381s]
  139000/2098208 {'unbalanced': 137940, 'untileable6': 1051, 'periodic': 9} [381s]
  139200/2098208 {'unbalanced': 138139, 'untileable6': 1052, 'periodic': 9} [381s]
  139400/2098208 {'unbalanced': 138338, 'untileable6': 1053, 'periodic': 9} [381s]
  139600/2098208 {'unbalanced': 138538, 'untileable6': 1053, 'periodic': 9} [381s]
  139800/2098208 {'unbalanced': 138738, 'untileable6': 1053, 'periodic': 9} [381s]
  140000/2098208 {'unbalanced': 138937, 'untileable6': 1054, 'periodic': 9} [381s]
  140200/2098208 {'unbalanced': 139137, 'untileable6': 1054, 'periodic': 9} [381s]
  140400/2098208 {'unbalanced': 139336, 'untileable6': 1055, 'periodic': 9} [381s]
  140600/2098208 {'unbalanced': 139535, 'untileable6': 1056, 'periodic': 9} [381s]
  140800/2098208 {'unbalanced': 139731, 'untileable6': 1060, 'periodic': 9} [381s]
  141000/2098208 {'unbalanced': 139931, 'untileable6': 1060, 'periodic': 9} [381s]
  141200/2098208 {'unbalanced': 140130, 'untileable6': 1061, 'periodic': 9} [381s]
  141400/2098208 {'unbalanced': 140329, 'untileable6': 1062, 'periodic': 9} [381s]
  141600/2098208 {'unbalanced': 140528, 'untileable6': 1063, 'periodic': 9} [381s]
  141800/2098208 {'unbalanced': 140725, 'untileable6': 1066, 'periodic': 9} [381s]
  142000/2098208 {'unbalanced': 140924, 'untileable6': 1067, 'periodic': 9} [381s]
  142200/2098208 {'unbalanced': 141120, 'untileable6': 1071, 'periodic': 9} [381s]
  142400/2098208 {'unbalanced': 141314, 'untileable6': 1073, 'periodic': 13} [381s]
  142600/2098208 {'unbalanced': 141514, 'untileable6': 1073, 'periodic': 13} [381s]
  142800/2098208 {'unbalanced': 141714, 'untileable6': 1073, 'periodic': 13} [381s]
  143000/2098208 {'unbalanced': 141913, 'untileable6': 1074, 'periodic': 13} [381s]
  143200/2098208 {'unbalanced': 142112, 'untileable6': 1075, 'periodic': 13} [381s]
  143400/2098208 {'unbalanced': 142309, 'untileable6': 1078, 'periodic': 13} [381s]
  143600/2098208 {'unbalanced': 142508, 'untileable6': 1079, 'periodic': 13} [381s]
  143800/2098208 {'unbalanced': 142703, 'untileable6': 1084, 'periodic': 13} [381s]
  144000/2098208 {'unbalanced': 142896, 'untileable6': 1091, 'periodic': 13} [381s]
  144200/2098208 {'unbalanced': 143085, 'untileable6': 1102, 'periodic': 13} [381s]
  144400/2098208 {'unbalanced': 143285, 'untileable6': 1102, 'periodic': 13} [381s]
  144600/2098208 {'unbalanced': 143482, 'untileable6': 1104, 'periodic': 14} [381s]
  144800/2098208 {'unbalanced': 143679, 'untileable6': 1107, 'periodic': 14} [381s]
  145000/2098208 {'unbalanced': 143873, 'untileable6': 1112, 'periodic': 15} [381s]
  145200/2098208 {'unbalanced': 144073, 'untileable6': 1112, 'periodic': 15} [381s]
  145400/2098208 {'unbalanced': 144268, 'untileable6': 1117, 'periodic': 15} [381s]
  145600/2098208 {'unbalanced': 144463, 'untileable6': 1121, 'periodic': 16} [381s]
  145800/2098208 {'unbalanced': 144663, 'untileable6': 1121, 'periodic': 16} [381s]
  146000/2098208 {'unbalanced': 144863, 'untileable6': 1121, 'periodic': 16} [381s]
  146200/2098208 {'unbalanced': 145063, 'untileable6': 1121, 'periodic': 16} [381s]
  146400/2098208 {'unbalanced': 145263, 'untileable6': 1121, 'periodic': 16} [381s]
  146600/2098208 {'unbalanced': 145462, 'untileable6': 1122, 'periodic': 16} [381s]
  146800/2098208 {'unbalanced': 145662, 'untileable6': 1122, 'periodic': 16} [381s]
  147000/2098208 {'unbalanced': 145862, 'untileable6': 1122, 'periodic': 16} [381s]
  147200/2098208 {'unbalanced': 146062, 'untileable6': 1122, 'periodic': 16} [381s]
  147400/2098208 {'unbalanced': 146262, 'untileable6': 1122, 'periodic': 16} [381s]
  147600/2098208 {'unbalanced': 146462, 'untileable6': 1122, 'periodic': 16} [381s]
  147800/2098208 {'unbalanced': 146662, 'untileable6': 1122, 'periodic': 16} [381s]
  148000/2098208 {'unbalanced': 146862, 'untileable6': 1122, 'periodic': 16} [381s]
  148200/2098208 {'unbalanced': 147059, 'untileable6': 1125, 'periodic': 16} [381s]
  148400/2098208 {'unbalanced': 147259, 'untileable6': 1125, 'periodic': 16} [381s]
  148600/2098208 {'unbalanced': 147459, 'untileable6': 1125, 'periodic': 16} [381s]
  148800/2098208 {'unbalanced': 147659, 'untileable6': 1125, 'periodic': 16} [381s]
  149000/2098208 {'unbalanced': 147859, 'untileable6': 1125, 'periodic': 16} [381s]
  149200/2098208 {'unbalanced': 148059, 'untileable6': 1125, 'periodic': 16} [381s]
  149400/2098208 {'unbalanced': 148259, 'untileable6': 1125, 'periodic': 16} [381s]
  149600/2098208 {'unbalanced': 148457, 'untileable6': 1127, 'periodic': 16} [381s]
  149800/2098208 {'unbalanced': 148657, 'untileable6': 1127, 'periodic': 16} [381s]
  150000/2098208 {'unbalanced': 148857, 'untileable6': 1127, 'periodic': 16} [381s]
  150200/2098208 {'unbalanced': 149057, 'untileable6': 1127, 'periodic': 16} [381s]
  150400/2098208 {'unbalanced': 149255, 'untileable6': 1129, 'periodic': 16} [381s]
  150600/2098208 {'unbalanced': 149455, 'untileable6': 1129, 'periodic': 16} [381s]
  150800/2098208 {'unbalanced': 149655, 'untileable6': 1129, 'periodic': 16} [381s]
  151000/2098208 {'unbalanced': 149852, 'untileable6': 1132, 'periodic': 16} [381s]
  151200/2098208 {'unbalanced': 150052, 'untileable6': 1132, 'periodic': 16} [381s]
  151400/2098208 {'unbalanced': 150252, 'untileable6': 1132, 'periodic': 16} [381s]
  151600/2098208 {'unbalanced': 150452, 'untileable6': 1132, 'periodic': 16} [381s]
  151800/2098208 {'unbalanced': 150652, 'untileable6': 1132, 'periodic': 16} [381s]
  152000/2098208 {'unbalanced': 150851, 'untileable6': 1133, 'periodic': 16} [381s]
  152200/2098208 {'unbalanced': 151049, 'untileable6': 1135, 'periodic': 16} [381s]
  152400/2098208 {'unbalanced': 151249, 'untileable6': 1135, 'periodic': 16} [381s]
  152600/2098208 {'unbalanced': 151449, 'untileable6': 1135, 'periodic': 16} [381s]
  152800/2098208 {'unbalanced': 151649, 'untileable6': 1135, 'periodic': 16} [381s]
  153000/2098208 {'unbalanced': 151848, 'untileable6': 1136, 'periodic': 16} [381s]
  153200/2098208 {'unbalanced': 152048, 'untileable6': 1136, 'periodic': 16} [381s]
  153400/2098208 {'unbalanced': 152247, 'untileable6': 1137, 'periodic': 16} [381s]
  153600/2098208 {'unbalanced': 152443, 'untileable6': 1141, 'periodic': 16} [381s]
  153800/2098208 {'unbalanced': 152642, 'untileable6': 1142, 'periodic': 16} [381s]
  154000/2098208 {'unbalanced': 152842, 'untileable6': 1142, 'periodic': 16} [381s]
  154200/2098208 {'unbalanced': 153042, 'untileable6': 1142, 'periodic': 16} [381s]
  154400/2098208 {'unbalanced': 153242, 'untileable6': 1142, 'periodic': 16} [381s]
  154600/2098208 {'unbalanced': 153442, 'untileable6': 1142, 'periodic': 16} [381s]
  154800/2098208 {'unbalanced': 153642, 'untileable6': 1142, 'periodic': 16} [381s]
  155000/2098208 {'unbalanced': 153842, 'untileable6': 1142, 'periodic': 16} [381s]
  155200/2098208 {'unbalanced': 154041, 'untileable6': 1143, 'periodic': 16} [381s]
  155400/2098208 {'unbalanced': 154241, 'untileable6': 1143, 'periodic': 16} [381s]
  155600/2098208 {'unbalanced': 154441, 'untileable6': 1143, 'periodic': 16} [381s]
  155800/2098208 {'unbalanced': 154641, 'untileable6': 1143, 'periodic': 16} [381s]
  156000/2098208 {'unbalanced': 154835, 'untileable6': 1149, 'periodic': 16} [381s]
  156200/2098208 {'unbalanced': 155034, 'untileable6': 1150, 'periodic': 16} [381s]
  156400/2098208 {'unbalanced': 155231, 'untileable6': 1153, 'periodic': 16} [381s]
  156600/2098208 {'unbalanced': 155431, 'untileable6': 1153, 'periodic': 16} [381s]
  156800/2098208 {'unbalanced': 155631, 'untileable6': 1153, 'periodic': 16} [381s]
  157000/2098208 {'unbalanced': 155831, 'untileable6': 1153, 'periodic': 16} [381s]
  157200/2098208 {'unbalanced': 156030, 'untileable6': 1154, 'periodic': 16} [381s]
  157400/2098208 {'unbalanced': 156227, 'untileable6': 1157, 'periodic': 16} [381s]
  157600/2098208 {'unbalanced': 156425, 'untileable6': 1159, 'periodic': 16} [381s]
  157800/2098208 {'unbalanced': 156625, 'untileable6': 1159, 'periodic': 16} [381s]
  158000/2098208 {'unbalanced': 156825, 'untileable6': 1159, 'periodic': 16} [381s]
  158200/2098208 {'unbalanced': 157023, 'untileable6': 1161, 'periodic': 16} [381s]
  158400/2098208 {'unbalanced': 157221, 'untileable6': 1163, 'periodic': 16} [381s]
  158600/2098208 {'unbalanced': 157419, 'untileable6': 1165, 'periodic': 16} [381s]
  158800/2098208 {'unbalanced': 157617, 'untileable6': 1167, 'periodic': 16} [381s]
  159000/2098208 {'unbalanced': 157810, 'untileable6': 1174, 'periodic': 16} [381s]
  159200/2098208 {'unbalanced': 158010, 'untileable6': 1174, 'periodic': 16} [381s]
  159400/2098208 {'unbalanced': 158210, 'untileable6': 1174, 'periodic': 16} [381s]
  159600/2098208 {'unbalanced': 158409, 'untileable6': 1175, 'periodic': 16} [381s]
  159800/2098208 {'unbalanced': 158609, 'untileable6': 1175, 'periodic': 16} [381s]
  160000/2098208 {'unbalanced': 158808, 'untileable6': 1176, 'periodic': 16} [381s]
  160200/2098208 {'unbalanced': 159007, 'untileable6': 1177, 'periodic': 16} [381s]
  160400/2098208 {'unbalanced': 159199, 'untileable6': 1185, 'periodic': 16} [381s]
  160600/2098208 {'unbalanced': 159398, 'untileable6': 1186, 'periodic': 16} [381s]
  160800/2098208 {'unbalanced': 159598, 'untileable6': 1186, 'periodic': 16} [381s]
  161000/2098208 {'unbalanced': 159798, 'untileable6': 1186, 'periodic': 16} [381s]
  161200/2098208 {'unbalanced': 159995, 'untileable6': 1189, 'periodic': 16} [381s]
  161400/2098208 {'unbalanced': 160188, 'untileable6': 1196, 'periodic': 16} [381s]
  161600/2098208 {'unbalanced': 160386, 'untileable6': 1198, 'periodic': 16} [381s]
  161800/2098208 {'unbalanced': 160581, 'untileable6': 1198, 'periodic': 21} [381s]
  162000/2098208 {'unbalanced': 160781, 'untileable6': 1198, 'periodic': 21} [381s]
  162200/2098208 {'unbalanced': 160981, 'untileable6': 1198, 'periodic': 21} [381s]
  162400/2098208 {'unbalanced': 161181, 'untileable6': 1198, 'periodic': 21} [381s]
  162600/2098208 {'unbalanced': 161379, 'untileable6': 1200, 'periodic': 21} [381s]
  162800/2098208 {'unbalanced': 161577, 'untileable6': 1202, 'periodic': 21} [381s]
  163000/2098208 {'unbalanced': 161768, 'untileable6': 1211, 'periodic': 21} [381s]
  163200/2098208 {'unbalanced': 161966, 'untileable6': 1213, 'periodic': 21} [381s]
  163400/2098208 {'unbalanced': 162166, 'untileable6': 1213, 'periodic': 21} [381s]
  163600/2098208 {'unbalanced': 162366, 'untileable6': 1213, 'periodic': 21} [381s]
  163800/2098208 {'unbalanced': 162564, 'untileable6': 1215, 'periodic': 21} [381s]
  164000/2098208 {'unbalanced': 162757, 'untileable6': 1222, 'periodic': 21} [381s]
  164200/2098208 {'unbalanced': 162953, 'untileable6': 1226, 'periodic': 21} [381s]
  164400/2098208 {'unbalanced': 163146, 'untileable6': 1233, 'periodic': 21} [381s]
  164600/2098208 {'unbalanced': 163337, 'untileable6': 1242, 'periodic': 21} [382s]
  164800/2098208 {'unbalanced': 163537, 'untileable6': 1242, 'periodic': 21} [382s]
  165000/2098208 {'unbalanced': 163737, 'untileable6': 1242, 'periodic': 21} [382s]
  165200/2098208 {'unbalanced': 163933, 'untileable6': 1246, 'periodic': 21} [382s]
  165400/2098208 {'unbalanced': 164133, 'untileable6': 1246, 'periodic': 21} [382s]
  165600/2098208 {'unbalanced': 164329, 'untileable6': 1250, 'periodic': 21} [382s]
  165800/2098208 {'unbalanced': 164529, 'untileable6': 1250, 'periodic': 21} [382s]
  166000/2098208 {'unbalanced': 164720, 'untileable6': 1259, 'periodic': 21} [382s]
  166200/2098208 {'unbalanced': 164920, 'untileable6': 1259, 'periodic': 21} [382s]
  166400/2098208 {'unbalanced': 165120, 'untileable6': 1259, 'periodic': 21} [382s]
  166600/2098208 {'unbalanced': 165316, 'untileable6': 1263, 'periodic': 21} [382s]
  166800/2098208 {'unbalanced': 165508, 'untileable6': 1271, 'periodic': 21} [382s]
  167000/2098208 {'unbalanced': 165702, 'untileable6': 1277, 'periodic': 21} [382s]
  167200/2098208 {'unbalanced': 165899, 'untileable6': 1280, 'periodic': 21} [382s]
  167400/2098208 {'unbalanced': 166099, 'untileable6': 1280, 'periodic': 21} [382s]
  167600/2098208 {'unbalanced': 166299, 'untileable6': 1280, 'periodic': 21} [382s]
  167800/2098208 {'unbalanced': 166498, 'untileable6': 1281, 'periodic': 21} [382s]
  168000/2098208 {'unbalanced': 166698, 'untileable6': 1281, 'periodic': 21} [382s]
  168200/2098208 {'unbalanced': 166897, 'untileable6': 1282, 'periodic': 21} [382s]
  168400/2098208 {'unbalanced': 167097, 'untileable6': 1282, 'periodic': 21} [382s]
  168600/2098208 {'unbalanced': 167297, 'untileable6': 1282, 'periodic': 21} [382s]
  168800/2098208 {'unbalanced': 167497, 'untileable6': 1282, 'periodic': 21} [382s]
  169000/2098208 {'unbalanced': 167693, 'untileable6': 1286, 'periodic': 21} [382s]
  169200/2098208 {'unbalanced': 167893, 'untileable6': 1286, 'periodic': 21} [382s]
  169400/2098208 {'unbalanced': 168091, 'untileable6': 1288, 'periodic': 21} [382s]
  169600/2098208 {'unbalanced': 168290, 'untileable6': 1289, 'periodic': 21} [382s]
  169800/2098208 {'unbalanced': 168488, 'untileable6': 1291, 'periodic': 21} [382s]
  170000/2098208 {'unbalanced': 168688, 'untileable6': 1291, 'periodic': 21} [382s]
  170200/2098208 {'unbalanced': 168888, 'untileable6': 1291, 'periodic': 21} [382s]
  170400/2098208 {'unbalanced': 169088, 'untileable6': 1291, 'periodic': 21} [382s]
  170600/2098208 {'unbalanced': 169288, 'untileable6': 1291, 'periodic': 21} [382s]
  170800/2098208 {'unbalanced': 169487, 'untileable6': 1292, 'periodic': 21} [382s]
  171000/2098208 {'unbalanced': 169687, 'untileable6': 1292, 'periodic': 21} [382s]
  171200/2098208 {'unbalanced': 169885, 'untileable6': 1294, 'periodic': 21} [382s]
  171400/2098208 {'unbalanced': 170085, 'untileable6': 1294, 'periodic': 21} [382s]
  171600/2098208 {'unbalanced': 170283, 'untileable6': 1296, 'periodic': 21} [382s]
  171800/2098208 {'unbalanced': 170482, 'untileable6': 1297, 'periodic': 21} [382s]
  172000/2098208 {'unbalanced': 170673, 'untileable6': 1306, 'periodic': 21} [382s]
  172200/2098208 {'unbalanced': 170870, 'untileable6': 1309, 'periodic': 21} [382s]
  172400/2098208 {'unbalanced': 171069, 'untileable6': 1310, 'periodic': 21} [382s]
  172600/2098208 {'unbalanced': 171267, 'untileable6': 1312, 'periodic': 21} [382s]
  172800/2098208 {'unbalanced': 171467, 'untileable6': 1312, 'periodic': 21} [382s]
  173000/2098208 {'unbalanced': 171667, 'untileable6': 1312, 'periodic': 21} [382s]
  173200/2098208 {'unbalanced': 171866, 'untileable6': 1313, 'periodic': 21} [382s]
  173400/2098208 {'unbalanced': 172065, 'untileable6': 1314, 'periodic': 21} [382s]
  173600/2098208 {'unbalanced': 172264, 'untileable6': 1315, 'periodic': 21} [382s]
  173800/2098208 {'unbalanced': 172462, 'untileable6': 1317, 'periodic': 21} [382s]
  174000/2098208 {'unbalanced': 172662, 'untileable6': 1317, 'periodic': 21} [382s]
  174200/2098208 {'unbalanced': 172861, 'untileable6': 1318, 'periodic': 21} [382s]
  174400/2098208 {'unbalanced': 173061, 'untileable6': 1318, 'periodic': 21} [382s]
  174600/2098208 {'unbalanced': 173252, 'untileable6': 1327, 'periodic': 21} [382s]
  174800/2098208 {'unbalanced': 173450, 'untileable6': 1329, 'periodic': 21} [382s]
  175000/2098208 {'unbalanced': 173646, 'untileable6': 1333, 'periodic': 21} [382s]
  175200/2098208 {'unbalanced': 173842, 'untileable6': 1337, 'periodic': 21} [382s]
  175400/2098208 {'unbalanced': 174042, 'untileable6': 1337, 'periodic': 21} [382s]
  175600/2098208 {'unbalanced': 174242, 'untileable6': 1337, 'periodic': 21} [382s]
  175800/2098208 {'unbalanced': 174442, 'untileable6': 1337, 'periodic': 21} [382s]
  176000/2098208 {'unbalanced': 174642, 'untileable6': 1337, 'periodic': 21} [382s]
  176200/2098208 {'unbalanced': 174842, 'untileable6': 1337, 'periodic': 21} [382s]
  176400/2098208 {'unbalanced': 175042, 'untileable6': 1337, 'periodic': 21} [382s]
  176600/2098208 {'unbalanced': 175242, 'untileable6': 1337, 'periodic': 21} [382s]
  176800/2098208 {'unbalanced': 175441, 'untileable6': 1338, 'periodic': 21} [382s]
  177000/2098208 {'unbalanced': 175640, 'untileable6': 1339, 'periodic': 21} [382s]
  177200/2098208 {'unbalanced': 175834, 'untileable6': 1345, 'periodic': 21} [382s]
  177400/2098208 {'unbalanced': 176032, 'untileable6': 1347, 'periodic': 21} [382s]
  177600/2098208 {'unbalanced': 176222, 'untileable6': 1357, 'periodic': 21} [382s]
  177800/2098208 {'unbalanced': 176419, 'untileable6': 1360, 'periodic': 21} [382s]
  178000/2098208 {'unbalanced': 176618, 'untileable6': 1361, 'periodic': 21} [382s]
  178200/2098208 {'unbalanced': 176818, 'untileable6': 1361, 'periodic': 21} [382s]
  178400/2098208 {'unbalanced': 177017, 'untileable6': 1362, 'periodic': 21} [382s]
  178600/2098208 {'unbalanced': 177212, 'untileable6': 1367, 'periodic': 21} [382s]
  178800/2098208 {'unbalanced': 177411, 'untileable6': 1368, 'periodic': 21} [382s]
  179000/2098208 {'unbalanced': 177606, 'untileable6': 1373, 'periodic': 21} [382s]
  179200/2098208 {'unbalanced': 177806, 'untileable6': 1373, 'periodic': 21} [382s]
  179400/2098208 {'unbalanced': 178004, 'untileable6': 1375, 'periodic': 21} [382s]
  179600/2098208 {'unbalanced': 178201, 'untileable6': 1378, 'periodic': 21} [382s]
  179800/2098208 {'unbalanced': 178395, 'untileable6': 1384, 'periodic': 21} [382s]
  180000/2098208 {'unbalanced': 178588, 'untileable6': 1391, 'periodic': 21} [382s]
  180200/2098208 {'unbalanced': 178781, 'untileable6': 1398, 'periodic': 21} [382s]
  180400/2098208 {'unbalanced': 178978, 'untileable6': 1401, 'periodic': 21} [382s]
  180600/2098208 {'unbalanced': 179173, 'untileable6': 1406, 'periodic': 21} [382s]
  180800/2098208 {'unbalanced': 179372, 'untileable6': 1407, 'periodic': 21} [382s]
  181000/2098208 {'unbalanced': 179572, 'untileable6': 1407, 'periodic': 21} [382s]
  181200/2098208 {'unbalanced': 179766, 'untileable6': 1413, 'periodic': 21} [382s]
  181400/2098208 {'unbalanced': 179964, 'untileable6': 1415, 'periodic': 21} [382s]
  181600/2098208 {'unbalanced': 180157, 'untileable6': 1422, 'periodic': 21} [382s]
  181800/2098208 {'unbalanced': 180356, 'untileable6': 1423, 'periodic': 21} [382s]
  182000/2098208 {'unbalanced': 180550, 'untileable6': 1429, 'periodic': 21} [382s]
  182200/2098208 {'unbalanced': 180747, 'untileable6': 1432, 'periodic': 21} [382s]
  182400/2098208 {'unbalanced': 180943, 'untileable6': 1436, 'periodic': 21} [382s]
  182600/2098208 {'unbalanced': 181137, 'untileable6': 1442, 'periodic': 21} [382s]
  182800/2098208 {'unbalanced': 181325, 'untileable6': 1454, 'periodic': 21} [382s]
  183000/2098208 {'unbalanced': 181509, 'untileable6': 1470, 'periodic': 21} [382s]
  183200/2098208 {'unbalanced': 181702, 'untileable6': 1477, 'periodic': 21} [382s]
  183400/2098208 {'unbalanced': 181899, 'untileable6': 1480, 'periodic': 21} [382s]
  183600/2098208 {'unbalanced': 182099, 'untileable6': 1480, 'periodic': 21} [382s]
  183800/2098208 {'unbalanced': 182294, 'untileable6': 1485, 'periodic': 21} [382s]
  184000/2098208 {'unbalanced': 182492, 'untileable6': 1487, 'periodic': 21} [382s]
  184200/2098208 {'unbalanced': 182682, 'untileable6': 1497, 'periodic': 21} [382s]
  184400/2098208 {'unbalanced': 182880, 'untileable6': 1499, 'periodic': 21} [382s]
  184600/2098208 {'unbalanced': 183073, 'untileable6': 1506, 'periodic': 21} [382s]
  184800/2098208 {'unbalanced': 183269, 'untileable6': 1510, 'periodic': 21} [382s]
  185000/2098208 {'unbalanced': 183465, 'untileable6': 1514, 'periodic': 21} [382s]
  185200/2098208 {'unbalanced': 183659, 'untileable6': 1520, 'periodic': 21} [382s]
  185400/2098208 {'unbalanced': 183847, 'untileable6': 1532, 'periodic': 21} [382s]
  185600/2098208 {'unbalanced': 184031, 'untileable6': 1548, 'periodic': 21} [382s]
  185800/2098208 {'unbalanced': 184218, 'untileable6': 1560, 'periodic': 22} [382s]
  186000/2098208 {'unbalanced': 184409, 'untileable6': 1569, 'periodic': 22} [382s]
  186200/2098208 {'unbalanced': 184604, 'untileable6': 1574, 'periodic': 22} [382s]
  186400/2098208 {'unbalanced': 184800, 'untileable6': 1577, 'periodic': 23} [382s]
  186600/2098208 {'unbalanced': 185000, 'untileable6': 1577, 'periodic': 23} [382s]
  186800/2098208 {'unbalanced': 185192, 'untileable6': 1585, 'periodic': 23} [382s]
  187000/2098208 {'unbalanced': 185392, 'untileable6': 1585, 'periodic': 23} [382s]
  187200/2098208 {'unbalanced': 185584, 'untileable6': 1592, 'periodic': 24} [382s]
  187400/2098208 {'unbalanced': 185784, 'untileable6': 1592, 'periodic': 24} [382s]
  187600/2098208 {'unbalanced': 185979, 'untileable6': 1597, 'periodic': 24} [383s]
  187800/2098208 {'unbalanced': 186172, 'untileable6': 1604, 'periodic': 24} [383s]
  188000/2098208 {'unbalanced': 186362, 'untileable6': 1613, 'periodic': 25} [383s]
  188200/2098208 {'unbalanced': 186552, 'untileable6': 1623, 'periodic': 25} [383s]
  188400/2098208 {'unbalanced': 186738, 'untileable6': 1637, 'periodic': 25} [383s]
  188600/2098208 {'unbalanced': 186930, 'untileable6': 1645, 'periodic': 25} [383s]
  188800/2098208 {'unbalanced': 187130, 'untileable6': 1645, 'periodic': 25} [383s]
  189000/2098208 {'unbalanced': 187330, 'untileable6': 1645, 'periodic': 25} [383s]
  189200/2098208 {'unbalanced': 187530, 'untileable6': 1645, 'periodic': 25} [383s]
  189400/2098208 {'unbalanced': 187730, 'untileable6': 1645, 'periodic': 25} [383s]
  189600/2098208 {'unbalanced': 187930, 'untileable6': 1645, 'periodic': 25} [383s]
  189800/2098208 {'unbalanced': 188130, 'untileable6': 1645, 'periodic': 25} [383s]
  190000/2098208 {'unbalanced': 188330, 'untileable6': 1645, 'periodic': 25} [383s]
  190200/2098208 {'unbalanced': 188530, 'untileable6': 1645, 'periodic': 25} [383s]
  190400/2098208 {'unbalanced': 188730, 'untileable6': 1645, 'periodic': 25} [383s]
  190600/2098208 {'unbalanced': 188930, 'untileable6': 1645, 'periodic': 25} [383s]
  190800/2098208 {'unbalanced': 189130, 'untileable6': 1645, 'periodic': 25} [383s]
  191000/2098208 {'unbalanced': 189330, 'untileable6': 1645, 'periodic': 25} [383s]
  191200/2098208 {'unbalanced': 189527, 'untileable6': 1648, 'periodic': 25} [383s]
  191400/2098208 {'unbalanced': 189727, 'untileable6': 1648, 'periodic': 25} [383s]
  191600/2098208 {'unbalanced': 189927, 'untileable6': 1648, 'periodic': 25} [383s]
  191800/2098208 {'unbalanced': 190127, 'untileable6': 1648, 'periodic': 25} [383s]
  192000/2098208 {'unbalanced': 190327, 'untileable6': 1648, 'periodic': 25} [383s]
  192200/2098208 {'unbalanced': 190527, 'untileable6': 1648, 'periodic': 25} [383s]
  192400/2098208 {'unbalanced': 190727, 'untileable6': 1648, 'periodic': 25} [383s]
  192600/2098208 {'unbalanced': 190925, 'untileable6': 1650, 'periodic': 25} [383s]
  192800/2098208 {'unbalanced': 191125, 'untileable6': 1650, 'periodic': 25} [383s]
  193000/2098208 {'unbalanced': 191325, 'untileable6': 1650, 'periodic': 25} [383s]
  193200/2098208 {'unbalanced': 191525, 'untileable6': 1650, 'periodic': 25} [383s]
  193400/2098208 {'unbalanced': 191725, 'untileable6': 1650, 'periodic': 25} [383s]
  193600/2098208 {'unbalanced': 191925, 'untileable6': 1650, 'periodic': 25} [383s]
  193800/2098208 {'unbalanced': 192125, 'untileable6': 1650, 'periodic': 25} [383s]
  194000/2098208 {'unbalanced': 192322, 'untileable6': 1653, 'periodic': 25} [383s]
  194200/2098208 {'unbalanced': 192522, 'untileable6': 1653, 'periodic': 25} [383s]
  194400/2098208 {'unbalanced': 192722, 'untileable6': 1653, 'periodic': 25} [383s]
  194600/2098208 {'unbalanced': 192922, 'untileable6': 1653, 'periodic': 25} [383s]
  194800/2098208 {'unbalanced': 193122, 'untileable6': 1653, 'periodic': 25} [383s]
  195000/2098208 {'unbalanced': 193322, 'untileable6': 1653, 'periodic': 25} [383s]
  195200/2098208 {'unbalanced': 193520, 'untileable6': 1655, 'periodic': 25} [383s]
  195400/2098208 {'unbalanced': 193720, 'untileable6': 1655, 'periodic': 25} [383s]
  195600/2098208 {'unbalanced': 193920, 'untileable6': 1655, 'periodic': 25} [383s]
  195800/2098208 {'unbalanced': 194120, 'untileable6': 1655, 'periodic': 25} [383s]
  196000/2098208 {'unbalanced': 194320, 'untileable6': 1655, 'periodic': 25} [383s]
  196200/2098208 {'unbalanced': 194520, 'untileable6': 1655, 'periodic': 25} [383s]
  196400/2098208 {'unbalanced': 194720, 'untileable6': 1655, 'periodic': 25} [383s]
  196600/2098208 {'unbalanced': 194915, 'untileable6': 1660, 'periodic': 25} [383s]
  196800/2098208 {'unbalanced': 195114, 'untileable6': 1661, 'periodic': 25} [383s]
  197000/2098208 {'unbalanced': 195314, 'untileable6': 1661, 'periodic': 25} [383s]
  197200/2098208 {'unbalanced': 195514, 'untileable6': 1661, 'periodic': 25} [383s]
  197400/2098208 {'unbalanced': 195714, 'untileable6': 1661, 'periodic': 25} [383s]
  197600/2098208 {'unbalanced': 195914, 'untileable6': 1661, 'periodic': 25} [383s]
  197800/2098208 {'unbalanced': 196114, 'untileable6': 1661, 'periodic': 25} [383s]
  198000/2098208 {'unbalanced': 196312, 'untileable6': 1663, 'periodic': 25} [383s]
  198200/2098208 {'unbalanced': 196509, 'untileable6': 1666, 'periodic': 25} [383s]
  198400/2098208 {'unbalanced': 196709, 'untileable6': 1666, 'periodic': 25} [383s]
  198600/2098208 {'unbalanced': 196909, 'untileable6': 1666, 'periodic': 25} [383s]
  198800/2098208 {'unbalanced': 197109, 'untileable6': 1666, 'periodic': 25} [383s]
  199000/2098208 {'unbalanced': 197309, 'untileable6': 1666, 'periodic': 25} [383s]
  199200/2098208 {'unbalanced': 197509, 'untileable6': 1666, 'periodic': 25} [383s]
  199400/2098208 {'unbalanced': 197706, 'untileable6': 1669, 'periodic': 25} [383s]
  199600/2098208 {'unbalanced': 197906, 'untileable6': 1669, 'periodic': 25} [383s]
  199800/2098208 {'unbalanced': 198106, 'untileable6': 1669, 'periodic': 25} [383s]
  200000/2098208 {'unbalanced': 198306, 'untileable6': 1669, 'periodic': 25} [383s]
  200200/2098208 {'unbalanced': 198506, 'untileable6': 1669, 'periodic': 25} [383s]
  200400/2098208 {'unbalanced': 198704, 'untileable6': 1671, 'periodic': 25} [383s]
  200600/2098208 {'unbalanced': 198902, 'untileable6': 1673, 'periodic': 25} [383s]
  200800/2098208 {'unbalanced': 199102, 'untileable6': 1673, 'periodic': 25} [383s]
  201000/2098208 {'unbalanced': 199302, 'untileable6': 1673, 'periodic': 25} [383s]
  201200/2098208 {'unbalanced': 199502, 'untileable6': 1673, 'periodic': 25} [383s]
  201400/2098208 {'unbalanced': 199702, 'untileable6': 1673, 'periodic': 25} [383s]
  201600/2098208 {'unbalanced': 199902, 'untileable6': 1673, 'periodic': 25} [383s]
  201800/2098208 {'unbalanced': 200100, 'untileable6': 1675, 'periodic': 25} [383s]
  202000/2098208 {'unbalanced': 200297, 'untileable6': 1678, 'periodic': 25} [383s]
  202200/2098208 {'unbalanced': 200497, 'untileable6': 1678, 'periodic': 25} [383s]
  202400/2098208 {'unbalanced': 200697, 'untileable6': 1678, 'periodic': 25} [383s]
  202600/2098208 {'unbalanced': 200897, 'untileable6': 1678, 'periodic': 25} [383s]
  202800/2098208 {'unbalanced': 201097, 'untileable6': 1678, 'periodic': 25} [383s]
  203000/2098208 {'unbalanced': 201297, 'untileable6': 1678, 'periodic': 25} [383s]
  203200/2098208 {'unbalanced': 201496, 'untileable6': 1679, 'periodic': 25} [383s]
  203400/2098208 {'unbalanced': 201689, 'untileable6': 1686, 'periodic': 25} [383s]
  203600/2098208 {'unbalanced': 201888, 'untileable6': 1687, 'periodic': 25} [383s]
  203800/2098208 {'unbalanced': 202088, 'untileable6': 1687, 'periodic': 25} [383s]
  204000/2098208 {'unbalanced': 202288, 'untileable6': 1687, 'periodic': 25} [383s]
  204200/2098208 {'unbalanced': 202488, 'untileable6': 1687, 'periodic': 25} [383s]
  204400/2098208 {'unbalanced': 202688, 'untileable6': 1687, 'periodic': 25} [383s]
  204600/2098208 {'unbalanced': 202888, 'untileable6': 1687, 'periodic': 25} [383s]
  204800/2098208 {'unbalanced': 203084, 'untileable6': 1691, 'periodic': 25} [383s]
  205000/2098208 {'unbalanced': 203284, 'untileable6': 1691, 'periodic': 25} [383s]
  205200/2098208 {'unbalanced': 203484, 'untileable6': 1691, 'periodic': 25} [383s]
  205400/2098208 {'unbalanced': 203684, 'untileable6': 1691, 'periodic': 25} [383s]
  205600/2098208 {'unbalanced': 203884, 'untileable6': 1691, 'periodic': 25} [383s]
  205800/2098208 {'unbalanced': 204082, 'untileable6': 1693, 'periodic': 25} [383s]
  206000/2098208 {'unbalanced': 204275, 'untileable6': 1700, 'periodic': 25} [383s]
  206200/2098208 {'unbalanced': 204474, 'untileable6': 1701, 'periodic': 25} [383s]
  206400/2098208 {'unbalanced': 204674, 'untileable6': 1701, 'periodic': 25} [383s]
  206600/2098208 {'unbalanced': 204874, 'untileable6': 1701, 'periodic': 25} [383s]
  206800/2098208 {'unbalanced': 205074, 'untileable6': 1701, 'periodic': 25} [383s]
  207000/2098208 {'unbalanced': 205274, 'untileable6': 1701, 'periodic': 25} [383s]
  207200/2098208 {'unbalanced': 205474, 'untileable6': 1701, 'periodic': 25} [383s]
  207400/2098208 {'unbalanced': 205668, 'untileable6': 1707, 'periodic': 25} [383s]
  207600/2098208 {'unbalanced': 205864, 'untileable6': 1711, 'periodic': 25} [383s]
  207800/2098208 {'unbalanced': 206064, 'untileable6': 1711, 'periodic': 25} [383s]
  208000/2098208 {'unbalanced': 206264, 'untileable6': 1711, 'periodic': 25} [383s]
  208200/2098208 {'unbalanced': 206464, 'untileable6': 1711, 'periodic': 25} [383s]
  208400/2098208 {'unbalanced': 206664, 'untileable6': 1711, 'periodic': 25} [383s]
  208600/2098208 {'unbalanced': 206864, 'untileable6': 1711, 'periodic': 25} [383s]
  208800/2098208 {'unbalanced': 207060, 'untileable6': 1715, 'periodic': 25} [383s]
  209000/2098208 {'unbalanced': 207251, 'untileable6': 1724, 'periodic': 25} [383s]
  209200/2098208 {'unbalanced': 207451, 'untileable6': 1724, 'periodic': 25} [383s]
  209400/2098208 {'unbalanced': 207651, 'untileable6': 1724, 'periodic': 25} [383s]
  209600/2098208 {'unbalanced': 207851, 'untileable6': 1724, 'periodic': 25} [383s]
  209800/2098208 {'unbalanced': 208051, 'untileable6': 1724, 'periodic': 25} [383s]
  210000/2098208 {'unbalanced': 208251, 'untileable6': 1724, 'periodic': 25} [383s]
  210200/2098208 {'unbalanced': 208450, 'untileable6': 1725, 'periodic': 25} [383s]
  210400/2098208 {'unbalanced': 208650, 'untileable6': 1725, 'periodic': 25} [383s]
  210600/2098208 {'unbalanced': 208850, 'untileable6': 1725, 'periodic': 25} [383s]
  210800/2098208 {'unbalanced': 209050, 'untileable6': 1725, 'periodic': 25} [383s]
  211000/2098208 {'unbalanced': 209249, 'untileable6': 1726, 'periodic': 25} [383s]
  211200/2098208 {'unbalanced': 209444, 'untileable6': 1731, 'periodic': 25} [383s]
  211400/2098208 {'unbalanced': 209644, 'untileable6': 1731, 'periodic': 25} [383s]
  211600/2098208 {'unbalanced': 209844, 'untileable6': 1731, 'periodic': 25} [383s]
  211800/2098208 {'unbalanced': 210044, 'untileable6': 1731, 'periodic': 25} [383s]
  212000/2098208 {'unbalanced': 210240, 'untileable6': 1735, 'periodic': 25} [383s]
  212200/2098208 {'unbalanced': 210440, 'untileable6': 1735, 'periodic': 25} [383s]
  212400/2098208 {'unbalanced': 210638, 'untileable6': 1737, 'periodic': 25} [383s]
  212600/2098208 {'unbalanced': 210835, 'untileable6': 1740, 'periodic': 25} [383s]
  212800/2098208 {'unbalanced': 211027, 'untileable6': 1748, 'periodic': 25} [383s]
  213000/2098208 {'unbalanced': 211227, 'untileable6': 1748, 'periodic': 25} [383s]
  213200/2098208 {'unbalanced': 211426, 'untileable6': 1749, 'periodic': 25} [383s]
  213400/2098208 {'unbalanced': 211626, 'untileable6': 1749, 'periodic': 25} [383s]
  213600/2098208 {'unbalanced': 211826, 'untileable6': 1749, 'periodic': 25} [383s]
  213800/2098208 {'unbalanced': 212025, 'untileable6': 1750, 'periodic': 25} [383s]
  214000/2098208 {'unbalanced': 212223, 'untileable6': 1752, 'periodic': 25} [383s]
  214200/2098208 {'unbalanced': 212413, 'untileable6': 1762, 'periodic': 25} [383s]
  214400/2098208 {'unbalanced': 212613, 'untileable6': 1762, 'periodic': 25} [383s]
  214600/2098208 {'unbalanced': 212813, 'untileable6': 1762, 'periodic': 25} [383s]
  214800/2098208 {'unbalanced': 213011, 'untileable6': 1764, 'periodic': 25} [383s]
  215000/2098208 {'unbalanced': 213208, 'untileable6': 1767, 'periodic': 25} [383s]
  215200/2098208 {'unbalanced': 213403, 'untileable6': 1772, 'periodic': 25} [383s]
  215400/2098208 {'unbalanced': 213600, 'untileable6': 1775, 'periodic': 25} [383s]
  215600/2098208 {'unbalanced': 213793, 'untileable6': 1776, 'periodic': 31} [383s]
  215800/2098208 {'unbalanced': 213993, 'untileable6': 1776, 'periodic': 31} [383s]
  216000/2098208 {'unbalanced': 214193, 'untileable6': 1776, 'periodic': 31} [383s]
  216200/2098208 {'unbalanced': 214392, 'untileable6': 1777, 'periodic': 31} [383s]
  216400/2098208 {'unbalanced': 214590, 'untileable6': 1779, 'periodic': 31} [383s]
  216600/2098208 {'unbalanced': 214788, 'untileable6': 1781, 'periodic': 31} [383s]
  216800/2098208 {'unbalanced': 214978, 'untileable6': 1791, 'periodic': 31} [383s]
  217000/2098208 {'unbalanced': 215178, 'untileable6': 1791, 'periodic': 31} [383s]
  217200/2098208 {'unbalanced': 215378, 'untileable6': 1791, 'periodic': 31} [383s]
  217400/2098208 {'unbalanced': 215577, 'untileable6': 1792, 'periodic': 31} [383s]
  217600/2098208 {'unbalanced': 215772, 'untileable6': 1797, 'periodic': 31} [383s]
  217800/2098208 {'unbalanced': 215969, 'untileable6': 1800, 'periodic': 31} [383s]
  218000/2098208 {'unbalanced': 216165, 'untileable6': 1804, 'periodic': 31} [383s]
  218200/2098208 {'unbalanced': 216351, 'untileable6': 1818, 'periodic': 31} [383s]
  218400/2098208 {'unbalanced': 216548, 'untileable6': 1821, 'periodic': 31} [383s]
  218600/2098208 {'unbalanced': 216748, 'untileable6': 1821, 'periodic': 31} [383s]
  218800/2098208 {'unbalanced': 216946, 'untileable6': 1823, 'periodic': 31} [383s]
  219000/2098208 {'unbalanced': 217144, 'untileable6': 1825, 'periodic': 31} [383s]
  219200/2098208 {'unbalanced': 217342, 'untileable6': 1827, 'periodic': 31} [383s]
  219400/2098208 {'unbalanced': 217540, 'untileable6': 1829, 'periodic': 31} [383s]
  219600/2098208 {'unbalanced': 217736, 'untileable6': 1833, 'periodic': 31} [383s]
  219800/2098208 {'unbalanced': 217929, 'untileable6': 1840, 'periodic': 31} [383s]
  220000/2098208 {'unbalanced': 218129, 'untileable6': 1840, 'periodic': 31} [383s]
  220200/2098208 {'unbalanced': 218329, 'untileable6': 1840, 'periodic': 31} [383s]
  220400/2098208 {'unbalanced': 218523, 'untileable6': 1846, 'periodic': 31} [383s]
  220600/2098208 {'unbalanced': 218714, 'untileable6': 1855, 'periodic': 31} [383s]
  220800/2098208 {'unbalanced': 218909, 'untileable6': 1860, 'periodic': 31} [383s]
  221000/2098208 {'unbalanced': 219104, 'untileable6': 1865, 'periodic': 31} [383s]
  221200/2098208 {'unbalanced': 219304, 'untileable6': 1865, 'periodic': 31} [383s]
  221400/2098208 {'unbalanced': 219504, 'untileable6': 1865, 'periodic': 31} [383s]
  221600/2098208 {'unbalanced': 219700, 'untileable6': 1869, 'periodic': 31} [384s]
  221800/2098208 {'unbalanced': 219895, 'untileable6': 1874, 'periodic': 31} [384s]
  222000/2098208 {'unbalanced': 220091, 'untileable6': 1878, 'periodic': 31} [384s]
  222200/2098208 {'unbalanced': 220285, 'untileable6': 1884, 'periodic': 31} [384s]
  222400/2098208 {'unbalanced': 220485, 'untileable6': 1884, 'periodic': 31} [384s]
  222600/2098208 {'unbalanced': 220684, 'untileable6': 1885, 'periodic': 31} [384s]
  222800/2098208 {'unbalanced': 220880, 'untileable6': 1889, 'periodic': 31} [384s]
  223000/2098208 {'unbalanced': 221077, 'untileable6': 1892, 'periodic': 31} [384s]
  223200/2098208 {'unbalanced': 221275, 'untileable6': 1894, 'periodic': 31} [384s]
  223400/2098208 {'unbalanced': 221467, 'untileable6': 1902, 'periodic': 31} [384s]
  223600/2098208 {'unbalanced': 221662, 'untileable6': 1907, 'periodic': 31} [384s]
  223800/2098208 {'unbalanced': 221862, 'untileable6': 1907, 'periodic': 31} [384s]
  224000/2098208 {'unbalanced': 222061, 'untileable6': 1908, 'periodic': 31} [384s]
  224200/2098208 {'unbalanced': 222257, 'untileable6': 1912, 'periodic': 31} [384s]
  224400/2098208 {'unbalanced': 222456, 'untileable6': 1913, 'periodic': 31} [384s]
  224600/2098208 {'unbalanced': 222649, 'untileable6': 1920, 'periodic': 31} [384s]
  224800/2098208 {'unbalanced': 222843, 'untileable6': 1926, 'periodic': 31} [384s]
  225000/2098208 {'unbalanced': 223026, 'untileable6': 1943, 'periodic': 31} [384s]
  225200/2098208 {'unbalanced': 223223, 'untileable6': 1946, 'periodic': 31} [384s]
  225400/2098208 {'unbalanced': 223423, 'untileable6': 1946, 'periodic': 31} [384s]
  225600/2098208 {'unbalanced': 223621, 'untileable6': 1948, 'periodic': 31} [384s]
  225800/2098208 {'unbalanced': 223808, 'untileable6': 1961, 'periodic': 31} [384s]
  226000/2098208 {'unbalanced': 224003, 'untileable6': 1966, 'periodic': 31} [384s]
  226200/2098208 {'unbalanced': 224200, 'untileable6': 1969, 'periodic': 31} [384s]
  226400/2098208 {'unbalanced': 224393, 'untileable6': 1976, 'periodic': 31} [384s]
  226600/2098208 {'unbalanced': 224593, 'untileable6': 1976, 'periodic': 31} [384s]
  226800/2098208 {'unbalanced': 224791, 'untileable6': 1978, 'periodic': 31} [384s]
  227000/2098208 {'unbalanced': 224988, 'untileable6': 1981, 'periodic': 31} [384s]
  227200/2098208 {'unbalanced': 225181, 'untileable6': 1988, 'periodic': 31} [384s]
  227400/2098208 {'unbalanced': 225372, 'untileable6': 1997, 'periodic': 31} [384s]
  227600/2098208 {'unbalanced': 225556, 'untileable6': 2013, 'periodic': 31} [384s]
  227800/2098208 {'unbalanced': 225752, 'untileable6': 2017, 'periodic': 31} [384s]
  228000/2098208 {'unbalanced': 225952, 'untileable6': 2017, 'periodic': 31} [384s]
  228200/2098208 {'unbalanced': 226150, 'untileable6': 2019, 'periodic': 31} [384s]
  228400/2098208 {'unbalanced': 226337, 'untileable6': 2031, 'periodic': 32} [384s]
  228600/2098208 {'unbalanced': 226532, 'untileable6': 2036, 'periodic': 32} [384s]
  228800/2098208 {'unbalanced': 226725, 'untileable6': 2043, 'periodic': 32} [384s]
  229000/2098208 {'unbalanced': 226912, 'untileable6': 2055, 'periodic': 33} [384s]
  229200/2098208 {'unbalanced': 227105, 'untileable6': 2062, 'periodic': 33} [384s]
  229400/2098208 {'unbalanced': 227305, 'untileable6': 2062, 'periodic': 33} [384s]
  229600/2098208 {'unbalanced': 227502, 'untileable6': 2064, 'periodic': 34} [384s]
  229800/2098208 {'unbalanced': 227693, 'untileable6': 2073, 'periodic': 34} [384s]
  230000/2098208 {'unbalanced': 227889, 'untileable6': 2077, 'periodic': 34} [384s]
  230200/2098208 {'unbalanced': 228081, 'untileable6': 2085, 'periodic': 34} [384s]
  230400/2098208 {'unbalanced': 228273, 'untileable6': 2092, 'periodic': 35} [384s]
  230600/2098208 {'unbalanced': 228458, 'untileable6': 2107, 'periodic': 35} [384s]
  230800/2098208 {'unbalanced': 228658, 'untileable6': 2107, 'periodic': 35} [384s]
  231000/2098208 {'unbalanced': 228858, 'untileable6': 2107, 'periodic': 35} [384s]
  231200/2098208 {'unbalanced': 229051, 'untileable6': 2114, 'periodic': 35} [384s]
  231400/2098208 {'unbalanced': 229245, 'untileable6': 2119, 'periodic': 36} [384s]
  231600/2098208 {'unbalanced': 229443, 'untileable6': 2121, 'periodic': 36} [384s]
  231800/2098208 {'unbalanced': 229642, 'untileable6': 2122, 'periodic': 36} [384s]
  232000/2098208 {'unbalanced': 229842, 'untileable6': 2122, 'periodic': 36} [384s]
  232200/2098208 {'unbalanced': 230041, 'untileable6': 2123, 'periodic': 36} [384s]
  232400/2098208 {'unbalanced': 230241, 'untileable6': 2123, 'periodic': 36} [384s]
  232600/2098208 {'unbalanced': 230440, 'untileable6': 2124, 'periodic': 36} [384s]
  232800/2098208 {'unbalanced': 230639, 'untileable6': 2125, 'periodic': 36} [384s]
  233000/2098208 {'unbalanced': 230838, 'untileable6': 2126, 'periodic': 36} [384s]
  233200/2098208 {'unbalanced': 231035, 'untileable6': 2129, 'periodic': 36} [384s]
  233400/2098208 {'unbalanced': 231235, 'untileable6': 2129, 'periodic': 36} [384s]
  233600/2098208 {'unbalanced': 231434, 'untileable6': 2130, 'periodic': 36} [384s]
  233800/2098208 {'unbalanced': 231633, 'untileable6': 2131, 'periodic': 36} [384s]
  234000/2098208 {'unbalanced': 231829, 'untileable6': 2135, 'periodic': 36} [384s]
  234200/2098208 {'unbalanced': 232029, 'untileable6': 2135, 'periodic': 36} [384s]
  234400/2098208 {'unbalanced': 232224, 'untileable6': 2140, 'periodic': 36} [384s]
  234600/2098208 {'unbalanced': 232422, 'untileable6': 2142, 'periodic': 36} [384s]
  234800/2098208 {'unbalanced': 232611, 'untileable6': 2146, 'periodic': 43} [384s]
  235000/2098208 {'unbalanced': 232811, 'untileable6': 2146, 'periodic': 43} [384s]
  235200/2098208 {'unbalanced': 233011, 'untileable6': 2146, 'periodic': 43} [384s]
  235400/2098208 {'unbalanced': 233210, 'untileable6': 2147, 'periodic': 43} [384s]
  235600/2098208 {'unbalanced': 233406, 'untileable6': 2151, 'periodic': 43} [384s]
  235800/2098208 {'unbalanced': 233606, 'untileable6': 2151, 'periodic': 43} [384s]
  236000/2098208 {'unbalanced': 233801, 'untileable6': 2156, 'periodic': 43} [384s]
  236200/2098208 {'unbalanced': 233996, 'untileable6': 2158, 'periodic': 46} [384s]
  236400/2098208 {'unbalanced': 234183, 'untileable6': 2167, 'periodic': 50} [384s]
  236600/2098208 {'unbalanced': 234382, 'untileable6': 2168, 'periodic': 50} [384s]
  236800/2098208 {'unbalanced': 234581, 'untileable6': 2169, 'periodic': 50} [384s]
  237000/2098208 {'unbalanced': 234778, 'untileable6': 2172, 'periodic': 50} [384s]
  237200/2098208 {'unbalanced': 234976, 'untileable6': 2174, 'periodic': 50} [384s]
  237400/2098208 {'unbalanced': 235170, 'untileable6': 2180, 'periodic': 50} [384s]
  237600/2098208 {'unbalanced': 235368, 'untileable6': 2182, 'periodic': 50} [384s]
  237800/2098208 {'unbalanced': 235561, 'untileable6': 2189, 'periodic': 50} [384s]
  238000/2098208 {'unbalanced': 235750, 'untileable6': 2200, 'periodic': 50} [384s]
  238200/2098208 {'unbalanced': 235950, 'untileable6': 2200, 'periodic': 50} [384s]
  238400/2098208 {'unbalanced': 236149, 'untileable6': 2201, 'periodic': 50} [384s]
  238600/2098208 {'unbalanced': 236345, 'untileable6': 2205, 'periodic': 50} [384s]
  238800/2098208 {'unbalanced': 236545, 'untileable6': 2205, 'periodic': 50} [384s]
  239000/2098208 {'unbalanced': 236744, 'untileable6': 2206, 'periodic': 50} [384s]
  239200/2098208 {'unbalanced': 236942, 'untileable6': 2208, 'periodic': 50} [384s]
  239400/2098208 {'unbalanced': 237138, 'untileable6': 2212, 'periodic': 50} [384s]
  239600/2098208 {'unbalanced': 237336, 'untileable6': 2214, 'periodic': 50} [384s]
  239800/2098208 {'unbalanced': 237535, 'untileable6': 2215, 'periodic': 50} [384s]
  240000/2098208 {'unbalanced': 237730, 'untileable6': 2219, 'periodic': 51} [384s]
  240200/2098208 {'unbalanced': 237925, 'untileable6': 2221, 'periodic': 54} [385s]
  240400/2098208 {'unbalanced': 238112, 'untileable6': 2231, 'periodic': 57} [385s]
  240600/2098208 {'unbalanced': 238312, 'untileable6': 2231, 'periodic': 57} [385s]
  240800/2098208 {'unbalanced': 238503, 'untileable6': 2240, 'periodic': 57} [385s]
  241000/2098208 {'unbalanced': 238699, 'untileable6': 2244, 'periodic': 57} [385s]
  241200/2098208 {'unbalanced': 238889, 'untileable6': 2254, 'periodic': 57} [385s]
  241400/2098208 {'unbalanced': 239089, 'untileable6': 2254, 'periodic': 57} [385s]
  241600/2098208 {'unbalanced': 239286, 'untileable6': 2256, 'periodic': 58} [385s]
  241800/2098208 {'unbalanced': 239481, 'untileable6': 2258, 'periodic': 61} [385s]
  242000/2098208 {'unbalanced': 239668, 'untileable6': 2268, 'periodic': 64} [385s]
  242200/2098208 {'unbalanced': 239868, 'untileable6': 2268, 'periodic': 64} [385s]
  242400/2098208 {'unbalanced': 240059, 'untileable6': 2277, 'periodic': 64} [385s]
  242600/2098208 {'unbalanced': 240251, 'untileable6': 2285, 'periodic': 64} [385s]
  242800/2098208 {'unbalanced': 240436, 'untileable6': 2300, 'periodic': 64} [385s]
  243000/2098208 {'unbalanced': 240633, 'untileable6': 2303, 'periodic': 64} [385s]
  243200/2098208 {'unbalanced': 240829, 'untileable6': 2307, 'periodic': 64} [385s]
  243400/2098208 {'unbalanced': 241021, 'untileable6': 2315, 'periodic': 64} [385s]
  243600/2098208 {'unbalanced': 241210, 'untileable6': 2326, 'periodic': 64} [385s]
  243800/2098208 {'unbalanced': 241398, 'untileable6': 2338, 'periodic': 64} [385s]
  244000/2098208 {'unbalanced': 241596, 'untileable6': 2340, 'periodic': 64} [385s]
  244200/2098208 {'unbalanced': 241789, 'untileable6': 2347, 'periodic': 64} [385s]
  244400/2098208 {'unbalanced': 241984, 'untileable6': 2352, 'periodic': 64} [385s]
  244600/2098208 {'unbalanced': 242184, 'untileable6': 2352, 'periodic': 64} [385s]
  244800/2098208 {'unbalanced': 242383, 'untileable6': 2353, 'periodic': 64} [385s]
  245000/2098208 {'unbalanced': 242582, 'untileable6': 2354, 'periodic': 64} [385s]
  245200/2098208 {'unbalanced': 242780, 'untileable6': 2356, 'periodic': 64} [385s]
  245400/2098208 {'unbalanced': 242976, 'untileable6': 2360, 'periodic': 64} [385s]
  245600/2098208 {'unbalanced': 243173, 'untileable6': 2363, 'periodic': 64} [385s]
  245800/2098208 {'unbalanced': 243370, 'untileable6': 2366, 'periodic': 64} [385s]
  246000/2098208 {'unbalanced': 243569, 'untileable6': 2367, 'periodic': 64} [385s]
  246200/2098208 {'unbalanced': 243765, 'untileable6': 2371, 'periodic': 64} [385s]
  246400/2098208 {'unbalanced': 243961, 'untileable6': 2375, 'periodic': 64} [385s]
  246600/2098208 {'unbalanced': 244159, 'untileable6': 2377, 'periodic': 64} [385s]
  246800/2098208 {'unbalanced': 244356, 'untileable6': 2378, 'periodic': 66} [385s]
  247000/2098208 {'unbalanced': 244547, 'untileable6': 2383, 'periodic': 70} [385s]
  247200/2098208 {'unbalanced': 244735, 'untileable6': 2394, 'periodic': 71} [385s]
  247400/2098208 {'unbalanced': 244925, 'untileable6': 2404, 'periodic': 71} [385s]
  247600/2098208 {'unbalanced': 245123, 'untileable6': 2406, 'periodic': 71} [385s]
  247800/2098208 {'unbalanced': 245322, 'untileable6': 2407, 'periodic': 71} [385s]
  248000/2098208 {'unbalanced': 245518, 'untileable6': 2411, 'periodic': 71} [385s]
  248200/2098208 {'unbalanced': 245716, 'untileable6': 2413, 'periodic': 71} [385s]
  248400/2098208 {'unbalanced': 245912, 'untileable6': 2414, 'periodic': 74} [385s]
  248600/2098208 {'unbalanced': 246104, 'untileable6': 2419, 'periodic': 77} [385s]
  248800/2098208 {'unbalanced': 246290, 'untileable6': 2432, 'periodic': 78} [385s]
  249000/2098208 {'unbalanced': 246476, 'untileable6': 2446, 'periodic': 78} [385s]
  249200/2098208 {'unbalanced': 246670, 'untileable6': 2452, 'periodic': 78} [385s]
  249400/2098208 {'unbalanced': 246867, 'untileable6': 2455, 'periodic': 78} [385s]
  249600/2098208 {'unbalanced': 247061, 'untileable6': 2461, 'periodic': 78} [385s]
  249800/2098208 {'unbalanced': 247255, 'untileable6': 2467, 'periodic': 78} [385s]
  250000/2098208 {'unbalanced': 247452, 'untileable6': 2470, 'periodic': 78} [385s]
  250200/2098208 {'unbalanced': 247644, 'untileable6': 2478, 'periodic': 78} [385s]
  250400/2098208 {'unbalanced': 247830, 'untileable6': 2492, 'periodic': 78} [385s]
  250600/2098208 {'unbalanced': 248019, 'untileable6': 2503, 'periodic': 78} [385s]
  250800/2098208 {'unbalanced': 248219, 'untileable6': 2503, 'periodic': 78} [385s]
  251000/2098208 {'unbalanced': 248418, 'untileable6': 2504, 'periodic': 78} [385s]
  251200/2098208 {'unbalanced': 248614, 'untileable6': 2508, 'periodic': 78} [385s]
  251400/2098208 {'unbalanced': 248811, 'untileable6': 2511, 'periodic': 78} [385s]
  251600/2098208 {'unbalanced': 249008, 'untileable6': 2514, 'periodic': 78} [385s]
  251800/2098208 {'unbalanced': 249205, 'untileable6': 2517, 'periodic': 78} [385s]
  252000/2098208 {'unbalanced': 249400, 'untileable6': 2522, 'periodic': 78} [385s]
  252200/2098208 {'unbalanced': 249597, 'untileable6': 2525, 'periodic': 78} [385s]
  252400/2098208 {'unbalanced': 249792, 'untileable6': 2527, 'periodic': 81} [385s]
  252600/2098208 {'unbalanced': 249980, 'untileable6': 2535, 'periodic': 85} [385s]
  252800/2098208 {'unbalanced': 250167, 'untileable6': 2548, 'periodic': 85} [385s]
  253000/2098208 {'unbalanced': 250356, 'untileable6': 2559, 'periodic': 85} [385s]
  253200/2098208 {'unbalanced': 250546, 'untileable6': 2569, 'periodic': 85} [385s]
  253400/2098208 {'unbalanced': 250732, 'untileable6': 2583, 'periodic': 85} [386s]
  253600/2098208 {'unbalanced': 250922, 'untileable6': 2593, 'periodic': 85} [386s]
  253800/2098208 {'unbalanced': 251116, 'untileable6': 2599, 'periodic': 85} [386s]
  254000/2098208 {'unbalanced': 251310, 'untileable6': 2601, 'periodic': 89} [386s]
  254200/2098208 {'unbalanced': 251497, 'untileable6': 2610, 'periodic': 93} [386s]
  254400/2098208 {'unbalanced': 251683, 'untileable6': 2620, 'periodic': 97} [386s]
  254600/2098208 {'unbalanced': 251873, 'untileable6': 2626, 'periodic': 101} [386s]
  254800/2098208 {'unbalanced': 252064, 'untileable6': 2633, 'periodic': 103} [386s]
  255000/2098208 {'unbalanced': 252250, 'untileable6': 2643, 'periodic': 107} [386s]
  255200/2098208 {'unbalanced': 252435, 'untileable6': 2654, 'periodic': 111} [386s]
  255400/2098208 {'unbalanced': 252624, 'untileable6': 2661, 'periodic': 115} [386s]
  255600/2098208 {'unbalanced': 252818, 'untileable6': 2665, 'periodic': 117} [386s]
  255800/2098208 {'unbalanced': 253008, 'untileable6': 2671, 'periodic': 121} [386s]
  256000/2098208 {'unbalanced': 253193, 'untileable6': 2682, 'periodic': 125} [386s]
  256200/2098208 {'unbalanced': 253376, 'untileable6': 2695, 'periodic': 129} [386s]
  256400/2098208 {'unbalanced': 253569, 'untileable6': 2698, 'periodic': 133} [386s]
  256600/2098208 {'unbalanced': 253760, 'untileable6': 2704, 'periodic': 136} [386s]
  256800/2098208 {'unbalanced': 253947, 'untileable6': 2714, 'periodic': 139} [386s]
  257000/2098208 {'unbalanced': 254142, 'untileable6': 2716, 'periodic': 142} [386s]
  257200/2098208 {'unbalanced': 254342, 'untileable6': 2716, 'periodic': 142} [386s]
  257400/2098208 {'unbalanced': 254542, 'untileable6': 2716, 'periodic': 142} [386s]
  257600/2098208 {'unbalanced': 254742, 'untileable6': 2716, 'periodic': 142} [386s]
  257800/2098208 {'unbalanced': 254942, 'untileable6': 2716, 'periodic': 142} [386s]
  258000/2098208 {'unbalanced': 255142, 'untileable6': 2716, 'periodic': 142} [386s]
  258200/2098208 {'unbalanced': 255342, 'untileable6': 2716, 'periodic': 142} [386s]
  258400/2098208 {'unbalanced': 255542, 'untileable6': 2716, 'periodic': 142} [386s]
  258600/2098208 {'unbalanced': 255742, 'untileable6': 2716, 'periodic': 142} [386s]
  258800/2098208 {'unbalanced': 255942, 'untileable6': 2716, 'periodic': 142} [386s]
  259000/2098208 {'unbalanced': 256142, 'untileable6': 2716, 'periodic': 142} [386s]
  259200/2098208 {'unbalanced': 256342, 'untileable6': 2716, 'periodic': 142} [386s]
  259400/2098208 {'unbalanced': 256542, 'untileable6': 2716, 'periodic': 142} [386s]
  259600/2098208 {'unbalanced': 256742, 'untileable6': 2716, 'periodic': 142} [386s]
  259800/2098208 {'unbalanced': 256942, 'untileable6': 2716, 'periodic': 142} [386s]
  260000/2098208 {'unbalanced': 257142, 'untileable6': 2716, 'periodic': 142} [386s]
  260200/2098208 {'unbalanced': 257342, 'untileable6': 2716, 'periodic': 142} [386s]
  260400/2098208 {'unbalanced': 257542, 'untileable6': 2716, 'periodic': 142} [386s]
  260600/2098208 {'unbalanced': 257740, 'untileable6': 2718, 'periodic': 142} [386s]
  260800/2098208 {'unbalanced': 257940, 'untileable6': 2718, 'periodic': 142} [386s]
  261000/2098208 {'unbalanced': 258140, 'untileable6': 2718, 'periodic': 142} [386s]
  261200/2098208 {'unbalanced': 258340, 'untileable6': 2718, 'periodic': 142} [386s]
  261400/2098208 {'unbalanced': 258540, 'untileable6': 2718, 'periodic': 142} [386s]
  261600/2098208 {'unbalanced': 258740, 'untileable6': 2718, 'periodic': 142} [386s]
  261800/2098208 {'unbalanced': 258940, 'untileable6': 2718, 'periodic': 142} [386s]
  262000/2098208 {'unbalanced': 259140, 'untileable6': 2718, 'periodic': 142} [386s]
  262200/2098208 {'unbalanced': 259340, 'untileable6': 2718, 'periodic': 142} [386s]
  262400/2098208 {'unbalanced': 259539, 'untileable6': 2719, 'periodic': 142} [386s]
  262600/2098208 {'unbalanced': 259739, 'untileable6': 2719, 'periodic': 142} [386s]
  262800/2098208 {'unbalanced': 259939, 'untileable6': 2719, 'periodic': 142} [386s]
  263000/2098208 {'unbalanced': 260139, 'untileable6': 2719, 'periodic': 142} [386s]
  263200/2098208 {'unbalanced': 260339, 'untileable6': 2719, 'periodic': 142} [386s]
  263400/2098208 {'unbalanced': 260538, 'untileable6': 2720, 'periodic': 142} [386s]
  263600/2098208 {'unbalanced': 260738, 'untileable6': 2720, 'periodic': 142} [386s]
  263800/2098208 {'unbalanced': 260936, 'untileable6': 2722, 'periodic': 142} [386s]
  264000/2098208 {'unbalanced': 261136, 'untileable6': 2722, 'periodic': 142} [386s]
  264200/2098208 {'unbalanced': 261334, 'untileable6': 2724, 'periodic': 142} [386s]
  264400/2098208 {'unbalanced': 261534, 'untileable6': 2724, 'periodic': 142} [386s]
  264600/2098208 {'unbalanced': 261734, 'untileable6': 2724, 'periodic': 142} [386s]
  264800/2098208 {'unbalanced': 261934, 'untileable6': 2724, 'periodic': 142} [386s]
  265000/2098208 {'unbalanced': 262134, 'untileable6': 2724, 'periodic': 142} [386s]
  265200/2098208 {'unbalanced': 262334, 'untileable6': 2724, 'periodic': 142} [386s]
  265400/2098208 {'unbalanced': 262534, 'untileable6': 2724, 'periodic': 142} [386s]
  265600/2098208 {'unbalanced': 262734, 'untileable6': 2724, 'periodic': 142} [386s]
  265800/2098208 {'unbalanced': 262934, 'untileable6': 2724, 'periodic': 142} [386s]
  266000/2098208 {'unbalanced': 263133, 'untileable6': 2725, 'periodic': 142} [386s]
  266200/2098208 {'unbalanced': 263333, 'untileable6': 2725, 'periodic': 142} [386s]
  266400/2098208 {'unbalanced': 263533, 'untileable6': 2725, 'periodic': 142} [386s]
  266600/2098208 {'unbalanced': 263733, 'untileable6': 2725, 'periodic': 142} [386s]
  266800/2098208 {'unbalanced': 263933, 'untileable6': 2725, 'periodic': 142} [386s]
  267000/2098208 {'unbalanced': 264132, 'untileable6': 2726, 'periodic': 142} [386s]
  267200/2098208 {'unbalanced': 264332, 'untileable6': 2726, 'periodic': 142} [386s]
  267400/2098208 {'unbalanced': 264532, 'untileable6': 2726, 'periodic': 142} [386s]
  267600/2098208 {'unbalanced': 264730, 'untileable6': 2728, 'periodic': 142} [386s]
  267800/2098208 {'unbalanced': 264928, 'untileable6': 2730, 'periodic': 142} [386s]
  268000/2098208 {'unbalanced': 265128, 'untileable6': 2730, 'periodic': 142} [386s]
  268200/2098208 {'unbalanced': 265328, 'untileable6': 2730, 'periodic': 142} [386s]
  268400/2098208 {'unbalanced': 265528, 'untileable6': 2730, 'periodic': 142} [386s]
  268600/2098208 {'unbalanced': 265728, 'untileable6': 2730, 'periodic': 142} [386s]
  268800/2098208 {'unbalanced': 265928, 'untileable6': 2730, 'periodic': 142} [386s]
  269000/2098208 {'unbalanced': 266128, 'untileable6': 2730, 'periodic': 142} [386s]
  269200/2098208 {'unbalanced': 266327, 'untileable6': 2731, 'periodic': 142} [386s]
  269400/2098208 {'unbalanced': 266526, 'untileable6': 2732, 'periodic': 142} [386s]
  269600/2098208 {'unbalanced': 266721, 'untileable6': 2737, 'periodic': 142} [386s]
  269800/2098208 {'unbalanced': 266921, 'untileable6': 2737, 'periodic': 142} [386s]
  270000/2098208 {'unbalanced': 267121, 'untileable6': 2737, 'periodic': 142} [386s]
  270200/2098208 {'unbalanced': 267320, 'untileable6': 2738, 'periodic': 142} [386s]
  270400/2098208 {'unbalanced': 267519, 'untileable6': 2739, 'periodic': 142} [386s]
  270600/2098208 {'unbalanced': 267714, 'untileable6': 2741, 'periodic': 145} [386s]
  270800/2098208 {'unbalanced': 267912, 'untileable6': 2742, 'periodic': 146} [386s]
  271000/2098208 {'unbalanced': 268108, 'untileable6': 2746, 'periodic': 146} [386s]
  271200/2098208 {'unbalanced': 268304, 'untileable6': 2749, 'periodic': 147} [386s]
  271400/2098208 {'unbalanced': 268498, 'untileable6': 2753, 'periodic': 149} [386s]
  271600/2098208 {'unbalanced': 268698, 'untileable6': 2753, 'periodic': 149} [386s]
  271800/2098208 {'unbalanced': 268898, 'untileable6': 2753, 'periodic': 149} [386s]
  272000/2098208 {'unbalanced': 269098, 'untileable6': 2753, 'periodic': 149} [386s]
  272200/2098208 {'unbalanced': 269298, 'untileable6': 2753, 'periodic': 149} [386s]
  272400/2098208 {'unbalanced': 269496, 'untileable6': 2755, 'periodic': 149} [386s]
  272600/2098208 {'unbalanced': 269696, 'untileable6': 2755, 'periodic': 149} [386s]
  272800/2098208 {'unbalanced': 269896, 'untileable6': 2755, 'periodic': 149} [386s]
  273000/2098208 {'unbalanced': 270096, 'untileable6': 2755, 'periodic': 149} [386s]
  273200/2098208 {'unbalanced': 270296, 'untileable6': 2755, 'periodic': 149} [386s]
  273400/2098208 {'unbalanced': 270496, 'untileable6': 2755, 'periodic': 149} [386s]
  273600/2098208 {'unbalanced': 270696, 'untileable6': 2755, 'periodic': 149} [386s]
  273800/2098208 {'unbalanced': 270896, 'untileable6': 2755, 'periodic': 149} [386s]
  274000/2098208 {'unbalanced': 271092, 'untileable6': 2759, 'periodic': 149} [386s]
  274200/2098208 {'unbalanced': 271292, 'untileable6': 2759, 'periodic': 149} [386s]
  274400/2098208 {'unbalanced': 271492, 'untileable6': 2759, 'periodic': 149} [386s]
  274600/2098208 {'unbalanced': 271692, 'untileable6': 2759, 'periodic': 149} [386s]
  274800/2098208 {'unbalanced': 271892, 'untileable6': 2759, 'periodic': 149} [386s]
  275000/2098208 {'unbalanced': 272092, 'untileable6': 2759, 'periodic': 149} [386s]
  275200/2098208 {'unbalanced': 272292, 'untileable6': 2759, 'periodic': 149} [386s]
  275400/2098208 {'unbalanced': 272489, 'untileable6': 2762, 'periodic': 149} [386s]
  275600/2098208 {'unbalanced': 272689, 'untileable6': 2762, 'periodic': 149} [386s]
  275800/2098208 {'unbalanced': 272889, 'untileable6': 2762, 'periodic': 149} [386s]
  276000/2098208 {'unbalanced': 273089, 'untileable6': 2762, 'periodic': 149} [386s]
  276200/2098208 {'unbalanced': 273289, 'untileable6': 2762, 'periodic': 149} [386s]
  276400/2098208 {'unbalanced': 273487, 'untileable6': 2764, 'periodic': 149} [386s]
  276600/2098208 {'unbalanced': 273687, 'untileable6': 2764, 'periodic': 149} [386s]
  276800/2098208 {'unbalanced': 273883, 'untileable6': 2768, 'periodic': 149} [386s]
  277000/2098208 {'unbalanced': 274083, 'untileable6': 2768, 'periodic': 149} [386s]
  277200/2098208 {'unbalanced': 274283, 'untileable6': 2768, 'periodic': 149} [386s]
  277400/2098208 {'unbalanced': 274483, 'untileable6': 2768, 'periodic': 149} [386s]
  277600/2098208 {'unbalanced': 274683, 'untileable6': 2768, 'periodic': 149} [386s]
  277800/2098208 {'unbalanced': 274883, 'untileable6': 2768, 'periodic': 149} [386s]
  278000/2098208 {'unbalanced': 275079, 'untileable6': 2772, 'periodic': 149} [386s]
  278200/2098208 {'unbalanced': 275279, 'untileable6': 2772, 'periodic': 149} [386s]
  278400/2098208 {'unbalanced': 275479, 'untileable6': 2772, 'periodic': 149} [386s]
  278600/2098208 {'unbalanced': 275679, 'untileable6': 2772, 'periodic': 149} [386s]
  278800/2098208 {'unbalanced': 275879, 'untileable6': 2772, 'periodic': 149} [386s]
  279000/2098208 {'unbalanced': 276078, 'untileable6': 2773, 'periodic': 149} [386s]
  279200/2098208 {'unbalanced': 276277, 'untileable6': 2773, 'periodic': 150} [386s]
  279400/2098208 {'unbalanced': 276477, 'untileable6': 2773, 'periodic': 150} [386s]
  279600/2098208 {'unbalanced': 276671, 'untileable6': 2779, 'periodic': 150} [386s]
  279800/2098208 {'unbalanced': 276871, 'untileable6': 2779, 'periodic': 150} [386s]
  280000/2098208 {'unbalanced': 277071, 'untileable6': 2779, 'periodic': 150} [386s]
  280200/2098208 {'unbalanced': 277271, 'untileable6': 2779, 'periodic': 150} [386s]
  280400/2098208 {'unbalanced': 277471, 'untileable6': 2779, 'periodic': 150} [386s]
  280600/2098208 {'unbalanced': 277671, 'untileable6': 2779, 'periodic': 150} [386s]
  280800/2098208 {'unbalanced': 277871, 'untileable6': 2779, 'periodic': 150} [386s]
  281000/2098208 {'unbalanced': 278069, 'untileable6': 2781, 'periodic': 150} [386s]
  281200/2098208 {'unbalanced': 278269, 'untileable6': 2781, 'periodic': 150} [386s]
  281400/2098208 {'unbalanced': 278469, 'untileable6': 2781, 'periodic': 150} [386s]
  281600/2098208 {'unbalanced': 278669, 'untileable6': 2781, 'periodic': 150} [386s]
  281800/2098208 {'unbalanced': 278867, 'untileable6': 2783, 'periodic': 150} [386s]
  282000/2098208 {'unbalanced': 279061, 'untileable6': 2789, 'periodic': 150} [386s]
  282200/2098208 {'unbalanced': 279261, 'untileable6': 2789, 'periodic': 150} [386s]
  282400/2098208 {'unbalanced': 279457, 'untileable6': 2793, 'periodic': 150} [386s]
  282600/2098208 {'unbalanced': 279657, 'untileable6': 2793, 'periodic': 150} [386s]
  282800/2098208 {'unbalanced': 279857, 'untileable6': 2793, 'periodic': 150} [386s]
  283000/2098208 {'unbalanced': 280057, 'untileable6': 2793, 'periodic': 150} [386s]
  283200/2098208 {'unbalanced': 280255, 'untileable6': 2795, 'periodic': 150} [386s]
  283400/2098208 {'unbalanced': 280449, 'untileable6': 2801, 'periodic': 150} [386s]
  283600/2098208 {'unbalanced': 280649, 'untileable6': 2801, 'periodic': 150} [386s]
  283800/2098208 {'unbalanced': 280849, 'untileable6': 2801, 'periodic': 150} [386s]
  284000/2098208 {'unbalanced': 281049, 'untileable6': 2801, 'periodic': 150} [386s]
  284200/2098208 {'unbalanced': 281247, 'untileable6': 2803, 'periodic': 150} [386s]
  284400/2098208 {'unbalanced': 281445, 'untileable6': 2805, 'periodic': 150} [386s]
  284600/2098208 {'unbalanced': 281643, 'untileable6': 2807, 'periodic': 150} [386s]
  284800/2098208 {'unbalanced': 281841, 'untileable6': 2809, 'periodic': 150} [386s]
  285000/2098208 {'unbalanced': 282033, 'untileable6': 2817, 'periodic': 150} [386s]
  285200/2098208 {'unbalanced': 282233, 'untileable6': 2817, 'periodic': 150} [386s]
  285400/2098208 {'unbalanced': 282433, 'untileable6': 2817, 'periodic': 150} [386s]
  285600/2098208 {'unbalanced': 282632, 'untileable6': 2818, 'periodic': 150} [386s]
  285800/2098208 {'unbalanced': 282832, 'untileable6': 2818, 'periodic': 150} [386s]
  286000/2098208 {'unbalanced': 283031, 'untileable6': 2818, 'periodic': 151} [386s]
  286200/2098208 {'unbalanced': 283230, 'untileable6': 2819, 'periodic': 151} [386s]
  286400/2098208 {'unbalanced': 283420, 'untileable6': 2829, 'periodic': 151} [387s]
  286600/2098208 {'unbalanced': 283620, 'untileable6': 2829, 'periodic': 151} [387s]
  286800/2098208 {'unbalanced': 283820, 'untileable6': 2829, 'periodic': 151} [387s]
  287000/2098208 {'unbalanced': 284020, 'untileable6': 2829, 'periodic': 151} [387s]
  287200/2098208 {'unbalanced': 284217, 'untileable6': 2832, 'periodic': 151} [387s]
  287400/2098208 {'unbalanced': 284410, 'untileable6': 2839, 'periodic': 151} [387s]
  287600/2098208 {'unbalanced': 284609, 'untileable6': 2840, 'periodic': 151} [387s]
  287800/2098208 {'unbalanced': 284802, 'untileable6': 2847, 'periodic': 151} [387s]
  288000/2098208 {'unbalanced': 285002, 'untileable6': 2847, 'periodic': 151} [387s]
  288200/2098208 {'unbalanced': 285202, 'untileable6': 2847, 'periodic': 151} [387s]
  288400/2098208 {'unbalanced': 285402, 'untileable6': 2847, 'periodic': 151} [387s]
  288600/2098208 {'unbalanced': 285600, 'untileable6': 2848, 'periodic': 152} [387s]
  288800/2098208 {'unbalanced': 285799, 'untileable6': 2849, 'periodic': 152} [387s]
  289000/2098208 {'unbalanced': 285991, 'untileable6': 2857, 'periodic': 152} [387s]
  289200/2098208 {'unbalanced': 286186, 'untileable6': 2862, 'periodic': 152} [387s]
  289400/2098208 {'unbalanced': 286386, 'untileable6': 2862, 'periodic': 152} [387s]
  289600/2098208 {'unbalanced': 286586, 'untileable6': 2862, 'periodic': 152} [387s]
  289800/2098208 {'unbalanced': 286785, 'untileable6': 2863, 'periodic': 152} [387s]
  290000/2098208 {'unbalanced': 286977, 'untileable6': 2871, 'periodic': 152} [387s]
  290200/2098208 {'unbalanced': 287175, 'untileable6': 2873, 'periodic': 152} [387s]
  290400/2098208 {'unbalanced': 287368, 'untileable6': 2880, 'periodic': 152} [387s]
  290600/2098208 {'unbalanced': 287556, 'untileable6': 2884, 'periodic': 160} [387s]
  290800/2098208 {'unbalanced': 287756, 'untileable6': 2884, 'periodic': 160} [387s]
  291000/2098208 {'unbalanced': 287956, 'untileable6': 2884, 'periodic': 160} [387s]
  291200/2098208 {'unbalanced': 288153, 'untileable6': 2887, 'periodic': 160} [387s]
  291400/2098208 {'unbalanced': 288352, 'untileable6': 2888, 'periodic': 160} [387s]
  291600/2098208 {'unbalanced': 288549, 'untileable6': 2891, 'periodic': 160} [387s]
  291800/2098208 {'unbalanced': 288748, 'untileable6': 2892, 'periodic': 160} [387s]
  292000/2098208 {'unbalanced': 288939, 'untileable6': 2901, 'periodic': 160} [387s]
  292200/2098208 {'unbalanced': 289138, 'untileable6': 2902, 'periodic': 160} [387s]
  292400/2098208 {'unbalanced': 289338, 'untileable6': 2902, 'periodic': 160} [387s]
  292600/2098208 {'unbalanced': 289536, 'untileable6': 2904, 'periodic': 160} [387s]
  292800/2098208 {'unbalanced': 289730, 'untileable6': 2910, 'periodic': 160} [387s]
  293000/2098208 {'unbalanced': 289919, 'untileable6': 2921, 'periodic': 160} [387s]
  293200/2098208 {'unbalanced': 290114, 'untileable6': 2926, 'periodic': 160} [387s]
  293400/2098208 {'unbalanced': 290314, 'untileable6': 2926, 'periodic': 160} [387s]
  293600/2098208 {'unbalanced': 290514, 'untileable6': 2926, 'periodic': 160} [387s]
  293800/2098208 {'unbalanced': 290712, 'untileable6': 2928, 'periodic': 160} [387s]
  294000/2098208 {'unbalanced': 290912, 'untileable6': 2928, 'periodic': 160} [387s]
  294200/2098208 {'unbalanced': 291112, 'untileable6': 2928, 'periodic': 160} [387s]
  294400/2098208 {'unbalanced': 291310, 'untileable6': 2930, 'periodic': 160} [387s]
  294600/2098208 {'unbalanced': 291510, 'untileable6': 2930, 'periodic': 160} [387s]
  294800/2098208 {'unbalanced': 291710, 'untileable6': 2930, 'periodic': 160} [387s]
  295000/2098208 {'unbalanced': 291909, 'untileable6': 2931, 'periodic': 160} [387s]
  295200/2098208 {'unbalanced': 292106, 'untileable6': 2934, 'periodic': 160} [387s]
  295400/2098208 {'unbalanced': 292306, 'untileable6': 2934, 'periodic': 160} [387s]
  295600/2098208 {'unbalanced': 292504, 'untileable6': 2936, 'periodic': 160} [387s]
  295800/2098208 {'unbalanced': 292700, 'untileable6': 2940, 'periodic': 160} [387s]
  296000/2098208 {'unbalanced': 292900, 'untileable6': 2940, 'periodic': 160} [387s]
  296200/2098208 {'unbalanced': 293100, 'untileable6': 2940, 'periodic': 160} [387s]
  296400/2098208 {'unbalanced': 293300, 'untileable6': 2940, 'periodic': 160} [387s]
  296600/2098208 {'unbalanced': 293500, 'untileable6': 2940, 'periodic': 160} [387s]
  296800/2098208 {'unbalanced': 293699, 'untileable6': 2941, 'periodic': 160} [387s]
  297000/2098208 {'unbalanced': 293899, 'untileable6': 2941, 'periodic': 160} [387s]
  297200/2098208 {'unbalanced': 294097, 'untileable6': 2943, 'periodic': 160} [387s]
  297400/2098208 {'unbalanced': 294296, 'untileable6': 2944, 'periodic': 160} [387s]
  297600/2098208 {'unbalanced': 294496, 'untileable6': 2944, 'periodic': 160} [387s]
  297800/2098208 {'unbalanced': 294694, 'untileable6': 2945, 'periodic': 161} [387s]
  298000/2098208 {'unbalanced': 294892, 'untileable6': 2947, 'periodic': 161} [387s]
  298200/2098208 {'unbalanced': 295082, 'untileable6': 2957, 'periodic': 161} [387s]
  298400/2098208 {'unbalanced': 295280, 'untileable6': 2959, 'periodic': 161} [387s]
  298600/2098208 {'unbalanced': 295477, 'untileable6': 2962, 'periodic': 161} [387s]
  298800/2098208 {'unbalanced': 295676, 'untileable6': 2963, 'periodic': 161} [387s]
  299000/2098208 {'unbalanced': 295876, 'untileable6': 2963, 'periodic': 161} [387s]
  299200/2098208 {'unbalanced': 296076, 'untileable6': 2963, 'periodic': 161} [387s]
  299400/2098208 {'unbalanced': 296275, 'untileable6': 2964, 'periodic': 161} [387s]
  299600/2098208 {'unbalanced': 296474, 'untileable6': 2965, 'periodic': 161} [387s]
  299800/2098208 {'unbalanced': 296672, 'untileable6': 2967, 'periodic': 161} [387s]
  300000/2098208 {'unbalanced': 296870, 'untileable6': 2969, 'periodic': 161} [387s]
  300200/2098208 {'unbalanced': 297070, 'untileable6': 2969, 'periodic': 161} [387s]
  300400/2098208 {'unbalanced': 297269, 'untileable6': 2969, 'periodic': 162} [387s]
  300600/2098208 {'unbalanced': 297469, 'untileable6': 2969, 'periodic': 162} [387s]
  300800/2098208 {'unbalanced': 297660, 'untileable6': 2978, 'periodic': 162} [387s]
  301000/2098208 {'unbalanced': 297858, 'untileable6': 2980, 'periodic': 162} [387s]
  301200/2098208 {'unbalanced': 298054, 'untileable6': 2984, 'periodic': 162} [387s]
  301400/2098208 {'unbalanced': 298249, 'untileable6': 2989, 'periodic': 162} [387s]
  301600/2098208 {'unbalanced': 298449, 'untileable6': 2989, 'periodic': 162} [387s]
  301800/2098208 {'unbalanced': 298649, 'untileable6': 2989, 'periodic': 162} [387s]
  302000/2098208 {'unbalanced': 298849, 'untileable6': 2989, 'periodic': 162} [387s]
  302200/2098208 {'unbalanced': 299049, 'untileable6': 2989, 'periodic': 162} [387s]
  302400/2098208 {'unbalanced': 299249, 'untileable6': 2989, 'periodic': 162} [387s]
  302600/2098208 {'unbalanced': 299449, 'untileable6': 2989, 'periodic': 162} [387s]
  302800/2098208 {'unbalanced': 299649, 'untileable6': 2989, 'periodic': 162} [387s]
  303000/2098208 {'unbalanced': 299847, 'untileable6': 2991, 'periodic': 162} [387s]
  303200/2098208 {'unbalanced': 300047, 'untileable6': 2991, 'periodic': 162} [387s]
  303400/2098208 {'unbalanced': 300239, 'untileable6': 2999, 'periodic': 162} [387s]
  303600/2098208 {'unbalanced': 300438, 'untileable6': 3000, 'periodic': 162} [387s]
  303800/2098208 {'unbalanced': 300628, 'untileable6': 3010, 'periodic': 162} [387s]
  304000/2098208 {'unbalanced': 300823, 'untileable6': 3015, 'periodic': 162} [387s]
  304200/2098208 {'unbalanced': 301021, 'untileable6': 3017, 'periodic': 162} [387s]
  304400/2098208 {'unbalanced': 301221, 'untileable6': 3017, 'periodic': 162} [387s]
  304600/2098208 {'unbalanced': 301419, 'untileable6': 3019, 'periodic': 162} [387s]
  304800/2098208 {'unbalanced': 301613, 'untileable6': 3025, 'periodic': 162} [387s]
  305000/2098208 {'unbalanced': 301813, 'untileable6': 3025, 'periodic': 162} [387s]
  305200/2098208 {'unbalanced': 302010, 'untileable6': 3028, 'periodic': 162} [387s]
  305400/2098208 {'unbalanced': 302205, 'untileable6': 3033, 'periodic': 162} [387s]
  305600/2098208 {'unbalanced': 302405, 'untileable6': 3033, 'periodic': 162} [387s]
  305800/2098208 {'unbalanced': 302601, 'untileable6': 3037, 'periodic': 162} [387s]
  306000/2098208 {'unbalanced': 302797, 'untileable6': 3041, 'periodic': 162} [387s]
  306200/2098208 {'unbalanced': 302987, 'untileable6': 3051, 'periodic': 162} [387s]
  306400/2098208 {'unbalanced': 303185, 'untileable6': 3053, 'periodic': 162} [387s]
  306600/2098208 {'unbalanced': 303379, 'untileable6': 3059, 'periodic': 162} [387s]
  306800/2098208 {'unbalanced': 303573, 'untileable6': 3065, 'periodic': 162} [387s]
  307000/2098208 {'unbalanced': 303771, 'untileable6': 3067, 'periodic': 162} [387s]
  307200/2098208 {'unbalanced': 303970, 'untileable6': 3067, 'periodic': 163} [387s]
  307400/2098208 {'unbalanced': 304165, 'untileable6': 3072, 'periodic': 163} [387s]
  307600/2098208 {'unbalanced': 304364, 'untileable6': 3073, 'periodic': 163} [387s]
  307800/2098208 {'unbalanced': 304560, 'untileable6': 3077, 'periodic': 163} [387s]
  308000/2098208 {'unbalanced': 304755, 'untileable6': 3082, 'periodic': 163} [387s]
  308200/2098208 {'unbalanced': 304950, 'untileable6': 3087, 'periodic': 163} [387s]
  308400/2098208 {'unbalanced': 305145, 'untileable6': 3092, 'periodic': 163} [387s]
  308600/2098208 {'unbalanced': 305342, 'untileable6': 3095, 'periodic': 163} [387s]
  308800/2098208 {'unbalanced': 305534, 'untileable6': 3103, 'periodic': 163} [387s]
  309000/2098208 {'unbalanced': 305726, 'untileable6': 3111, 'periodic': 163} [387s]
  309200/2098208 {'unbalanced': 305914, 'untileable6': 3123, 'periodic': 163} [387s]
  309400/2098208 {'unbalanced': 306102, 'untileable6': 3135, 'periodic': 163} [387s]
  309600/2098208 {'unbalanced': 306293, 'untileable6': 3144, 'periodic': 163} [387s]
  309800/2098208 {'unbalanced': 306493, 'untileable6': 3144, 'periodic': 163} [387s]
  310000/2098208 {'unbalanced': 306690, 'untileable6': 3147, 'periodic': 163} [387s]
  310200/2098208 {'unbalanced': 306888, 'untileable6': 3149, 'periodic': 163} [387s]
  310400/2098208 {'unbalanced': 307082, 'untileable6': 3155, 'periodic': 163} [388s]
  310600/2098208 {'unbalanced': 307276, 'untileable6': 3160, 'periodic': 164} [388s]
  310800/2098208 {'unbalanced': 307473, 'untileable6': 3163, 'periodic': 164} [388s]
  311000/2098208 {'unbalanced': 307664, 'untileable6': 3172, 'periodic': 164} [388s]
  311200/2098208 {'unbalanced': 307862, 'untileable6': 3174, 'periodic': 164} [388s]
  311400/2098208 {'unbalanced': 308056, 'untileable6': 3180, 'periodic': 164} [388s]
  311600/2098208 {'unbalanced': 308249, 'untileable6': 3186, 'periodic': 165} [388s]
  311800/2098208 {'unbalanced': 308437, 'untileable6': 3198, 'periodic': 165} [388s]
  312000/2098208 {'unbalanced': 308623, 'untileable6': 3212, 'periodic': 165} [388s]
  312200/2098208 {'unbalanced': 308808, 'untileable6': 3226, 'periodic': 166} [388s]
  312400/2098208 {'unbalanced': 308998, 'untileable6': 3236, 'periodic': 166} [388s]
  312600/2098208 {'unbalanced': 309197, 'untileable6': 3237, 'periodic': 166} [388s]
  312800/2098208 {'unbalanced': 309393, 'untileable6': 3240, 'periodic': 167} [388s]
  313000/2098208 {'unbalanced': 309593, 'untileable6': 3240, 'periodic': 167} [388s]
  313200/2098208 {'unbalanced': 309785, 'untileable6': 3248, 'periodic': 167} [388s]
  313400/2098208 {'unbalanced': 309983, 'untileable6': 3250, 'periodic': 167} [388s]
  313600/2098208 {'unbalanced': 310177, 'untileable6': 3255, 'periodic': 168} [388s]
  313800/2098208 {'unbalanced': 310375, 'untileable6': 3257, 'periodic': 168} [388s]
  314000/2098208 {'unbalanced': 310569, 'untileable6': 3263, 'periodic': 168} [388s]
  314200/2098208 {'unbalanced': 310763, 'untileable6': 3269, 'periodic': 168} [388s]
  314400/2098208 {'unbalanced': 310951, 'untileable6': 3280, 'periodic': 169} [388s]
  314600/2098208 {'unbalanced': 311140, 'untileable6': 3291, 'periodic': 169} [388s]
  314800/2098208 {'unbalanced': 311326, 'untileable6': 3305, 'periodic': 169} [388s]
  315000/2098208 {'unbalanced': 311517, 'untileable6': 3314, 'periodic': 169} [388s]
  315200/2098208 {'unbalanced': 311717, 'untileable6': 3314, 'periodic': 169} [388s]
  315400/2098208 {'unbalanced': 311917, 'untileable6': 3314, 'periodic': 169} [388s]
  315600/2098208 {'unbalanced': 312117, 'untileable6': 3314, 'periodic': 169} [388s]
  315800/2098208 {'unbalanced': 312317, 'untileable6': 3314, 'periodic': 169} [388s]
  316000/2098208 {'unbalanced': 312517, 'untileable6': 3314, 'periodic': 169} [388s]
  316200/2098208 {'unbalanced': 312717, 'untileable6': 3314, 'periodic': 169} [388s]
  316400/2098208 {'unbalanced': 312917, 'untileable6': 3314, 'periodic': 169} [388s]
  316600/2098208 {'unbalanced': 313117, 'untileable6': 3314, 'periodic': 169} [388s]
  316800/2098208 {'unbalanced': 313317, 'untileable6': 3314, 'periodic': 169} [388s]
  317000/2098208 {'unbalanced': 313517, 'untileable6': 3314, 'periodic': 169} [388s]
  317200/2098208 {'unbalanced': 313717, 'untileable6': 3314, 'periodic': 169} [388s]
  317400/2098208 {'unbalanced': 313915, 'untileable6': 3316, 'periodic': 169} [388s]
  317600/2098208 {'unbalanced': 314113, 'untileable6': 3318, 'periodic': 169} [388s]
  317800/2098208 {'unbalanced': 314313, 'untileable6': 3318, 'periodic': 169} [388s]
  318000/2098208 {'unbalanced': 314513, 'untileable6': 3318, 'periodic': 169} [388s]
  318200/2098208 {'unbalanced': 314713, 'untileable6': 3318, 'periodic': 169} [388s]
  318400/2098208 {'unbalanced': 314913, 'untileable6': 3318, 'periodic': 169} [388s]
  318600/2098208 {'unbalanced': 315113, 'untileable6': 3318, 'periodic': 169} [388s]
  318800/2098208 {'unbalanced': 315312, 'untileable6': 3319, 'periodic': 169} [388s]
  319000/2098208 {'unbalanced': 315512, 'untileable6': 3319, 'periodic': 169} [388s]
  319200/2098208 {'unbalanced': 315712, 'untileable6': 3319, 'periodic': 169} [388s]
  319400/2098208 {'unbalanced': 315912, 'untileable6': 3319, 'periodic': 169} [388s]
  319600/2098208 {'unbalanced': 316112, 'untileable6': 3319, 'periodic': 169} [388s]
  319800/2098208 {'unbalanced': 316312, 'untileable6': 3319, 'periodic': 169} [388s]
  320000/2098208 {'unbalanced': 316512, 'untileable6': 3319, 'periodic': 169} [388s]
  320200/2098208 {'unbalanced': 316708, 'untileable6': 3323, 'periodic': 169} [388s]
  320400/2098208 {'unbalanced': 316908, 'untileable6': 3323, 'periodic': 169} [388s]
  320600/2098208 {'unbalanced': 317108, 'untileable6': 3323, 'periodic': 169} [388s]
  320800/2098208 {'unbalanced': 317308, 'untileable6': 3323, 'periodic': 169} [388s]
  321000/2098208 {'unbalanced': 317508, 'untileable6': 3323, 'periodic': 169} [388s]
  321200/2098208 {'unbalanced': 317707, 'untileable6': 3324, 'periodic': 169} [388s]
  321400/2098208 {'unbalanced': 317907, 'untileable6': 3324, 'periodic': 169} [388s]
  321600/2098208 {'unbalanced': 318107, 'untileable6': 3324, 'periodic': 169} [388s]
  321800/2098208 {'unbalanced': 318307, 'untileable6': 3324, 'periodic': 169} [388s]
  322000/2098208 {'unbalanced': 318507, 'untileable6': 3324, 'periodic': 169} [388s]
  322200/2098208 {'unbalanced': 318707, 'untileable6': 3324, 'periodic': 169} [388s]
  322400/2098208 {'unbalanced': 318907, 'untileable6': 3324, 'periodic': 169} [388s]
  322600/2098208 {'unbalanced': 319106, 'untileable6': 3324, 'periodic': 170} [388s]
  322800/2098208 {'unbalanced': 319300, 'untileable6': 3330, 'periodic': 170} [388s]
  323000/2098208 {'unbalanced': 319500, 'untileable6': 3330, 'periodic': 170} [388s]
  323200/2098208 {'unbalanced': 319700, 'untileable6': 3330, 'periodic': 170} [388s]
  323400/2098208 {'unbalanced': 319900, 'untileable6': 3330, 'periodic': 170} [388s]
  323600/2098208 {'unbalanced': 320100, 'untileable6': 3330, 'periodic': 170} [388s]
  323800/2098208 {'unbalanced': 320300, 'untileable6': 3330, 'periodic': 170} [388s]
  324000/2098208 {'unbalanced': 320500, 'untileable6': 3330, 'periodic': 170} [388s]
  324200/2098208 {'unbalanced': 320694, 'untileable6': 3336, 'periodic': 170} [388s]
  324400/2098208 {'unbalanced': 320894, 'untileable6': 3336, 'periodic': 170} [388s]
  324600/2098208 {'unbalanced': 321094, 'untileable6': 3336, 'periodic': 170} [388s]
  324800/2098208 {'unbalanced': 321294, 'untileable6': 3336, 'periodic': 170} [388s]
  325000/2098208 {'unbalanced': 321494, 'untileable6': 3336, 'periodic': 170} [388s]
  325200/2098208 {'unbalanced': 321694, 'untileable6': 3336, 'periodic': 170} [388s]
  325400/2098208 {'unbalanced': 321890, 'untileable6': 3340, 'periodic': 170} [388s]
  325600/2098208 {'unbalanced': 322090, 'untileable6': 3340, 'periodic': 170} [388s]
  325800/2098208 {'unbalanced': 322290, 'untileable6': 3340, 'periodic': 170} [388s]
  326000/2098208 {'unbalanced': 322490, 'untileable6': 3340, 'periodic': 170} [388s]
  326200/2098208 {'unbalanced': 322690, 'untileable6': 3340, 'periodic': 170} [388s]
  326400/2098208 {'unbalanced': 322886, 'untileable6': 3344, 'periodic': 170} [388s]
  326600/2098208 {'unbalanced': 323086, 'untileable6': 3344, 'periodic': 170} [388s]
  326800/2098208 {'unbalanced': 323286, 'untileable6': 3344, 'periodic': 170} [388s]
  327000/2098208 {'unbalanced': 323486, 'untileable6': 3344, 'periodic': 170} [388s]
  327200/2098208 {'unbalanced': 323686, 'untileable6': 3344, 'periodic': 170} [388s]
  327400/2098208 {'unbalanced': 323886, 'untileable6': 3344, 'periodic': 170} [388s]
  327600/2098208 {'unbalanced': 324086, 'untileable6': 3344, 'periodic': 170} [388s]
  327800/2098208 {'unbalanced': 324283, 'untileable6': 3347, 'periodic': 170} [388s]
  328000/2098208 {'unbalanced': 324480, 'untileable6': 3350, 'periodic': 170} [388s]
  328200/2098208 {'unbalanced': 324680, 'untileable6': 3350, 'periodic': 170} [388s]
  328400/2098208 {'unbalanced': 324880, 'untileable6': 3350, 'periodic': 170} [388s]
  328600/2098208 {'unbalanced': 325080, 'untileable6': 3350, 'periodic': 170} [388s]
  328800/2098208 {'unbalanced': 325280, 'untileable6': 3350, 'periodic': 170} [388s]
  329000/2098208 {'unbalanced': 325480, 'untileable6': 3350, 'periodic': 170} [388s]
  329200/2098208 {'unbalanced': 325676, 'untileable6': 3353, 'periodic': 171} [388s]
  329400/2098208 {'unbalanced': 325872, 'untileable6': 3357, 'periodic': 171} [388s]
  329600/2098208 {'unbalanced': 326072, 'untileable6': 3357, 'periodic': 171} [388s]
  329800/2098208 {'unbalanced': 326272, 'untileable6': 3357, 'periodic': 171} [388s]
  330000/2098208 {'unbalanced': 326472, 'untileable6': 3357, 'periodic': 171} [388s]
  330200/2098208 {'unbalanced': 326672, 'untileable6': 3357, 'periodic': 171} [388s]
  330400/2098208 {'unbalanced': 326872, 'untileable6': 3357, 'periodic': 171} [388s]
  330600/2098208 {'unbalanced': 327067, 'untileable6': 3362, 'periodic': 171} [388s]
  330800/2098208 {'unbalanced': 327267, 'untileable6': 3362, 'periodic': 171} [388s]
  331000/2098208 {'unbalanced': 327467, 'untileable6': 3362, 'periodic': 171} [388s]
  331200/2098208 {'unbalanced': 327667, 'untileable6': 3362, 'periodic': 171} [388s]
  331400/2098208 {'unbalanced': 327867, 'untileable6': 3362, 'periodic': 171} [388s]
  331600/2098208 {'unbalanced': 328065, 'untileable6': 3363, 'periodic': 172} [388s]
  331800/2098208 {'unbalanced': 328259, 'untileable6': 3369, 'periodic': 172} [388s]
  332000/2098208 {'unbalanced': 328459, 'untileable6': 3369, 'periodic': 172} [388s]
  332200/2098208 {'unbalanced': 328659, 'untileable6': 3369, 'periodic': 172} [388s]
  332400/2098208 {'unbalanced': 328859, 'untileable6': 3369, 'periodic': 172} [388s]
  332600/2098208 {'unbalanced': 329059, 'untileable6': 3369, 'periodic': 172} [388s]
  332800/2098208 {'unbalanced': 329259, 'untileable6': 3369, 'periodic': 172} [388s]
  333000/2098208 {'unbalanced': 329456, 'untileable6': 3372, 'periodic': 172} [388s]
  333200/2098208 {'unbalanced': 329648, 'untileable6': 3380, 'periodic': 172} [388s]
  333400/2098208 {'unbalanced': 329848, 'untileable6': 3380, 'periodic': 172} [388s]
  333600/2098208 {'unbalanced': 330048, 'untileable6': 3380, 'periodic': 172} [388s]
  333800/2098208 {'unbalanced': 330248, 'untileable6': 3380, 'periodic': 172} [388s]
  334000/2098208 {'unbalanced': 330448, 'untileable6': 3380, 'periodic': 172} [388s]
  334200/2098208 {'unbalanced': 330648, 'untileable6': 3380, 'periodic': 172} [388s]
  334400/2098208 {'unbalanced': 330845, 'untileable6': 3383, 'periodic': 172} [388s]
  334600/2098208 {'unbalanced': 331038, 'untileable6': 3390, 'periodic': 172} [388s]
  334800/2098208 {'unbalanced': 331234, 'untileable6': 3394, 'periodic': 172} [388s]
  335000/2098208 {'unbalanced': 331434, 'untileable6': 3394, 'periodic': 172} [388s]
  335200/2098208 {'unbalanced': 331634, 'untileable6': 3394, 'periodic': 172} [388s]
  335400/2098208 {'unbalanced': 331834, 'untileable6': 3394, 'periodic': 172} [388s]
  335600/2098208 {'unbalanced': 332034, 'untileable6': 3394, 'periodic': 172} [388s]
  335800/2098208 {'unbalanced': 332232, 'untileable6': 3396, 'periodic': 172} [388s]
  336000/2098208 {'unbalanced': 332432, 'untileable6': 3396, 'periodic': 172} [388s]
  336200/2098208 {'unbalanced': 332632, 'untileable6': 3396, 'periodic': 172} [388s]
  336400/2098208 {'unbalanced': 332832, 'untileable6': 3396, 'periodic': 172} [388s]
  336600/2098208 {'unbalanced': 333030, 'untileable6': 3398, 'periodic': 172} [388s]
  336800/2098208 {'unbalanced': 333228, 'untileable6': 3400, 'periodic': 172} [388s]
  337000/2098208 {'unbalanced': 333428, 'untileable6': 3400, 'periodic': 172} [388s]
  337200/2098208 {'unbalanced': 333628, 'untileable6': 3400, 'periodic': 172} [388s]
  337400/2098208 {'unbalanced': 333826, 'untileable6': 3402, 'periodic': 172} [388s]
  337600/2098208 {'unbalanced': 334024, 'untileable6': 3404, 'periodic': 172} [388s]
  337800/2098208 {'unbalanced': 334224, 'untileable6': 3404, 'periodic': 172} [388s]
  338000/2098208 {'unbalanced': 334422, 'untileable6': 3406, 'periodic': 172} [388s]
  338200/2098208 {'unbalanced': 334610, 'untileable6': 3418, 'periodic': 172} [389s]
  338400/2098208 {'unbalanced': 334810, 'untileable6': 3418, 'periodic': 172} [389s]
  338600/2098208 {'unbalanced': 335010, 'untileable6': 3418, 'periodic': 172} [389s]
  338800/2098208 {'unbalanced': 335209, 'untileable6': 3419, 'periodic': 172} [389s]
  339000/2098208 {'unbalanced': 335409, 'untileable6': 3419, 'periodic': 172} [389s]
  339200/2098208 {'unbalanced': 335608, 'untileable6': 3420, 'periodic': 172} [389s]
  339400/2098208 {'unbalanced': 335806, 'untileable6': 3422, 'periodic': 172} [389s]
  339600/2098208 {'unbalanced': 335999, 'untileable6': 3429, 'periodic': 172} [389s]
  339800/2098208 {'unbalanced': 336199, 'untileable6': 3429, 'periodic': 172} [389s]
  340000/2098208 {'unbalanced': 336399, 'untileable6': 3429, 'periodic': 172} [389s]
  340200/2098208 {'unbalanced': 336598, 'untileable6': 3429, 'periodic': 173} [389s]
  340400/2098208 {'unbalanced': 336793, 'untileable6': 3434, 'periodic': 173} [389s]
  340600/2098208 {'unbalanced': 336991, 'untileable6': 3436, 'periodic': 173} [389s]
  340800/2098208 {'unbalanced': 337186, 'untileable6': 3441, 'periodic': 173} [389s]
  341000/2098208 {'unbalanced': 337380, 'untileable6': 3447, 'periodic': 173} [389s]
  341200/2098208 {'unbalanced': 337580, 'untileable6': 3447, 'periodic': 173} [389s]
  341400/2098208 {'unbalanced': 337780, 'untileable6': 3447, 'periodic': 173} [389s]
  341600/2098208 {'unbalanced': 337979, 'untileable6': 3448, 'periodic': 173} [389s]
  341800/2098208 {'unbalanced': 338179, 'untileable6': 3448, 'periodic': 173} [389s]
  342000/2098208 {'unbalanced': 338372, 'untileable6': 3455, 'periodic': 173} [389s]
  342200/2098208 {'unbalanced': 338570, 'untileable6': 3457, 'periodic': 173} [389s]
  342400/2098208 {'unbalanced': 338770, 'untileable6': 3457, 'periodic': 173} [389s]
  342600/2098208 {'unbalanced': 338970, 'untileable6': 3457, 'periodic': 173} [389s]
  342800/2098208 {'unbalanced': 339166, 'untileable6': 3460, 'periodic': 174} [389s]
  343000/2098208 {'unbalanced': 339362, 'untileable6': 3464, 'periodic': 174} [389s]
  343200/2098208 {'unbalanced': 339557, 'untileable6': 3469, 'periodic': 174} [389s]
  343400/2098208 {'unbalanced': 339750, 'untileable6': 3475, 'periodic': 175} [389s]
  343600/2098208 {'unbalanced': 339939, 'untileable6': 3478, 'periodic': 183} [389s]
  343800/2098208 {'unbalanced': 340139, 'untileable6': 3478, 'periodic': 183} [389s]
  344000/2098208 {'unbalanced': 340339, 'untileable6': 3478, 'periodic': 183} [389s]
  344200/2098208 {'unbalanced': 340535, 'untileable6': 3482, 'periodic': 183} [389s]
  344400/2098208 {'unbalanced': 340735, 'untileable6': 3482, 'periodic': 183} [389s]
  344600/2098208 {'unbalanced': 340931, 'untileable6': 3486, 'periodic': 183} [389s]
  344800/2098208 {'unbalanced': 341131, 'untileable6': 3486, 'periodic': 183} [389s]
  345000/2098208 {'unbalanced': 341319, 'untileable6': 3498, 'periodic': 183} [389s]
  345200/2098208 {'unbalanced': 341519, 'untileable6': 3498, 'periodic': 183} [389s]
  345400/2098208 {'unbalanced': 341719, 'untileable6': 3498, 'periodic': 183} [389s]
  345600/2098208 {'unbalanced': 341914, 'untileable6': 3503, 'periodic': 183} [389s]
  345800/2098208 {'unbalanced': 342106, 'untileable6': 3511, 'periodic': 183} [389s]
  346000/2098208 {'unbalanced': 342301, 'untileable6': 3516, 'periodic': 183} [389s]
  346200/2098208 {'unbalanced': 342495, 'untileable6': 3522, 'periodic': 183} [389s]
  346400/2098208 {'unbalanced': 342695, 'untileable6': 3522, 'periodic': 183} [389s]
  346600/2098208 {'unbalanced': 342894, 'untileable6': 3523, 'periodic': 183} [389s]
  346800/2098208 {'unbalanced': 343091, 'untileable6': 3526, 'periodic': 183} [389s]
  347000/2098208 {'unbalanced': 343286, 'untileable6': 3531, 'periodic': 183} [389s]
  347200/2098208 {'unbalanced': 343477, 'untileable6': 3540, 'periodic': 183} [389s]
  347400/2098208 {'unbalanced': 343677, 'untileable6': 3540, 'periodic': 183} [389s]
  347600/2098208 {'unbalanced': 343877, 'untileable6': 3540, 'periodic': 183} [389s]
  347800/2098208 {'unbalanced': 344073, 'untileable6': 3544, 'periodic': 183} [389s]
  348000/2098208 {'unbalanced': 344269, 'untileable6': 3548, 'periodic': 183} [389s]
  348200/2098208 {'unbalanced': 344467, 'untileable6': 3550, 'periodic': 183} [389s]
  348400/2098208 {'unbalanced': 344665, 'untileable6': 3552, 'periodic': 183} [389s]
  348600/2098208 {'unbalanced': 344857, 'untileable6': 3560, 'periodic': 183} [389s]
  348800/2098208 {'unbalanced': 345053, 'untileable6': 3564, 'periodic': 183} [389s]
  349000/2098208 {'unbalanced': 345253, 'untileable6': 3564, 'periodic': 183} [389s]
  349200/2098208 {'unbalanced': 345450, 'untileable6': 3566, 'periodic': 184} [389s]
  349400/2098208 {'unbalanced': 345648, 'untileable6': 3568, 'periodic': 184} [389s]
  349600/2098208 {'unbalanced': 345843, 'untileable6': 3573, 'periodic': 184} [389s]
  349800/2098208 {'unbalanced': 346037, 'untileable6': 3579, 'periodic': 184} [389s]
  350000/2098208 {'unbalanced': 346226, 'untileable6': 3590, 'periodic': 184} [389s]
  350200/2098208 {'unbalanced': 346415, 'untileable6': 3601, 'periodic': 184} [389s]
  350400/2098208 {'unbalanced': 346615, 'untileable6': 3601, 'periodic': 184} [389s]
  350600/2098208 {'unbalanced': 346814, 'untileable6': 3602, 'periodic': 184} [389s]
  350800/2098208 {'unbalanced': 347003, 'untileable6': 3612, 'periodic': 185} [389s]
  351000/2098208 {'unbalanced': 347197, 'untileable6': 3618, 'periodic': 185} [389s]
  351200/2098208 {'unbalanced': 347394, 'untileable6': 3621, 'periodic': 185} [389s]
  351400/2098208 {'unbalanced': 347586, 'untileable6': 3629, 'periodic': 185} [389s]
  351600/2098208 {'unbalanced': 347786, 'untileable6': 3629, 'periodic': 185} [389s]
  351800/2098208 {'unbalanced': 347984, 'untileable6': 3631, 'periodic': 185} [389s]
  352000/2098208 {'unbalanced': 348182, 'untileable6': 3633, 'periodic': 185} [389s]
  352200/2098208 {'unbalanced': 348375, 'untileable6': 3640, 'periodic': 185} [389s]
  352400/2098208 {'unbalanced': 348566, 'untileable6': 3648, 'periodic': 186} [389s]
  352600/2098208 {'unbalanced': 348751, 'untileable6': 3663, 'periodic': 186} [389s]
  352800/2098208 {'unbalanced': 348951, 'untileable6': 3663, 'periodic': 186} [389s]
  353000/2098208 {'unbalanced': 349151, 'untileable6': 3663, 'periodic': 186} [389s]
  353200/2098208 {'unbalanced': 349342, 'untileable6': 3671, 'periodic': 187} [389s]
  353400/2098208 {'unbalanced': 349534, 'untileable6': 3679, 'periodic': 187} [389s]
  353600/2098208 {'unbalanced': 349727, 'untileable6': 3686, 'periodic': 187} [389s]
  353800/2098208 {'unbalanced': 349916, 'untileable6': 3696, 'periodic': 188} [389s]
  354000/2098208 {'unbalanced': 350105, 'untileable6': 3707, 'periodic': 188} [389s]
  354200/2098208 {'unbalanced': 350305, 'untileable6': 3707, 'periodic': 188} [389s]
  354400/2098208 {'unbalanced': 350503, 'untileable6': 3709, 'periodic': 188} [389s]
  354600/2098208 {'unbalanced': 350695, 'untileable6': 3716, 'periodic': 189} [389s]
  354800/2098208 {'unbalanced': 350890, 'untileable6': 3721, 'periodic': 189} [389s]
  355000/2098208 {'unbalanced': 351083, 'untileable6': 3728, 'periodic': 189} [389s]
  355200/2098208 {'unbalanced': 351275, 'untileable6': 3736, 'periodic': 189} [389s]
  355400/2098208 {'unbalanced': 351459, 'untileable6': 3751, 'periodic': 190} [389s]
  355600/2098208 {'unbalanced': 351657, 'untileable6': 3753, 'periodic': 190} [389s]
  355800/2098208 {'unbalanced': 351857, 'untileable6': 3753, 'periodic': 190} [389s]
  356000/2098208 {'unbalanced': 352051, 'untileable6': 3759, 'periodic': 190} [389s]
  356200/2098208 {'unbalanced': 352245, 'untileable6': 3764, 'periodic': 191} [389s]
  356400/2098208 {'unbalanced': 352441, 'untileable6': 3768, 'periodic': 191} [389s]
  356600/2098208 {'unbalanced': 352641, 'untileable6': 3768, 'periodic': 191} [389s]
  356800/2098208 {'unbalanced': 352841, 'untileable6': 3768, 'periodic': 191} [389s]
  357000/2098208 {'unbalanced': 353041, 'untileable6': 3768, 'periodic': 191} [389s]
  357200/2098208 {'unbalanced': 353239, 'untileable6': 3770, 'periodic': 191} [389s]
  357400/2098208 {'unbalanced': 353439, 'untileable6': 3770, 'periodic': 191} [389s]
  357600/2098208 {'unbalanced': 353639, 'untileable6': 3770, 'periodic': 191} [389s]
  357800/2098208 {'unbalanced': 353837, 'untileable6': 3772, 'periodic': 191} [389s]
  358000/2098208 {'unbalanced': 354037, 'untileable6': 3772, 'periodic': 191} [389s]
  358200/2098208 {'unbalanced': 354233, 'untileable6': 3776, 'periodic': 191} [390s]
  358400/2098208 {'unbalanced': 354427, 'untileable6': 3782, 'periodic': 191} [390s]
  358600/2098208 {'unbalanced': 354627, 'untileable6': 3782, 'periodic': 191} [390s]
  358800/2098208 {'unbalanced': 354826, 'untileable6': 3783, 'periodic': 191} [390s]
  359000/2098208 {'unbalanced': 355026, 'untileable6': 3783, 'periodic': 191} [390s]
  359200/2098208 {'unbalanced': 355225, 'untileable6': 3784, 'periodic': 191} [390s]
  359400/2098208 {'unbalanced': 355421, 'untileable6': 3788, 'periodic': 191} [390s]
  359600/2098208 {'unbalanced': 355619, 'untileable6': 3790, 'periodic': 191} [390s]
  359800/2098208 {'unbalanced': 355819, 'untileable6': 3790, 'periodic': 191} [390s]
  360000/2098208 {'unbalanced': 356016, 'untileable6': 3793, 'periodic': 191} [390s]
  360200/2098208 {'unbalanced': 356212, 'untileable6': 3797, 'periodic': 191} [390s]
  360400/2098208 {'unbalanced': 356408, 'untileable6': 3801, 'periodic': 191} [390s]
  360600/2098208 {'unbalanced': 356598, 'untileable6': 3809, 'periodic': 193} [390s]
  360800/2098208 {'unbalanced': 356798, 'untileable6': 3809, 'periodic': 193} [390s]
  361000/2098208 {'unbalanced': 356998, 'untileable6': 3809, 'periodic': 193} [390s]
  361200/2098208 {'unbalanced': 357197, 'untileable6': 3810, 'periodic': 193} [390s]
  361400/2098208 {'unbalanced': 357391, 'untileable6': 3816, 'periodic': 193} [390s]
  361600/2098208 {'unbalanced': 357591, 'untileable6': 3816, 'periodic': 193} [390s]
  361800/2098208 {'unbalanced': 357791, 'untileable6': 3816, 'periodic': 193} [390s]
  362000/2098208 {'unbalanced': 357984, 'untileable6': 3823, 'periodic': 193} [390s]
  362200/2098208 {'unbalanced': 358183, 'untileable6': 3823, 'periodic': 194} [390s]
  362400/2098208 {'unbalanced': 358378, 'untileable6': 3825, 'periodic': 197} [390s]
  362600/2098208 {'unbalanced': 358560, 'untileable6': 3831, 'periodic': 209} [390s]
  362800/2098208 {'unbalanced': 358760, 'untileable6': 3831, 'periodic': 209} [390s]
  363000/2098208 {'unbalanced': 358960, 'untileable6': 3831, 'periodic': 209} [390s]
  363200/2098208 {'unbalanced': 359156, 'untileable6': 3835, 'periodic': 209} [390s]
  363400/2098208 {'unbalanced': 359356, 'untileable6': 3835, 'periodic': 209} [390s]
  363600/2098208 {'unbalanced': 359552, 'untileable6': 3839, 'periodic': 209} [390s]
  363800/2098208 {'unbalanced': 359744, 'untileable6': 3847, 'periodic': 209} [390s]
  364000/2098208 {'unbalanced': 359944, 'untileable6': 3847, 'periodic': 209} [390s]
  364200/2098208 {'unbalanced': 360142, 'untileable6': 3849, 'periodic': 209} [390s]
  364400/2098208 {'unbalanced': 360334, 'untileable6': 3857, 'periodic': 209} [390s]
  364600/2098208 {'unbalanced': 360528, 'untileable6': 3863, 'periodic': 209} [390s]
  364800/2098208 {'unbalanced': 360720, 'untileable6': 3871, 'periodic': 209} [390s]
  365000/2098208 {'unbalanced': 360920, 'untileable6': 3871, 'periodic': 209} [390s]
  365200/2098208 {'unbalanced': 361118, 'untileable6': 3873, 'periodic': 209} [390s]
  365400/2098208 {'unbalanced': 361316, 'untileable6': 3875, 'periodic': 209} [390s]
  365600/2098208 {'unbalanced': 361510, 'untileable6': 3881, 'periodic': 209} [390s]
  365800/2098208 {'unbalanced': 361710, 'untileable6': 3881, 'periodic': 209} [390s]
  366000/2098208 {'unbalanced': 361908, 'untileable6': 3883, 'periodic': 209} [390s]
  366200/2098208 {'unbalanced': 362106, 'untileable6': 3885, 'periodic': 209} [390s]
  366400/2098208 {'unbalanced': 362302, 'untileable6': 3889, 'periodic': 209} [390s]
  366600/2098208 {'unbalanced': 362496, 'untileable6': 3895, 'periodic': 209} [390s]
  366800/2098208 {'unbalanced': 362692, 'untileable6': 3899, 'periodic': 209} [390s]
  367000/2098208 {'unbalanced': 362892, 'untileable6': 3899, 'periodic': 209} [390s]
  367200/2098208 {'unbalanced': 363091, 'untileable6': 3900, 'periodic': 209} [390s]
  367400/2098208 {'unbalanced': 363287, 'untileable6': 3904, 'periodic': 209} [390s]
  367600/2098208 {'unbalanced': 363480, 'untileable6': 3906, 'periodic': 214} [390s]
  367800/2098208 {'unbalanced': 363674, 'untileable6': 3908, 'periodic': 218} [390s]
  368000/2098208 {'unbalanced': 363859, 'untileable6': 3920, 'periodic': 221} [390s]
  368200/2098208 {'unbalanced': 364059, 'untileable6': 3920, 'periodic': 221} [390s]
  368400/2098208 {'unbalanced': 364250, 'untileable6': 3929, 'periodic': 221} [390s]
  368600/2098208 {'unbalanced': 364445, 'untileable6': 3934, 'periodic': 221} [390s]
  368800/2098208 {'unbalanced': 364634, 'untileable6': 3945, 'periodic': 221} [390s]
  369000/2098208 {'unbalanced': 364830, 'untileable6': 3949, 'periodic': 221} [390s]
  369200/2098208 {'unbalanced': 365030, 'untileable6': 3949, 'periodic': 221} [390s]
  369400/2098208 {'unbalanced': 365227, 'untileable6': 3951, 'periodic': 222} [390s]
  369600/2098208 {'unbalanced': 365421, 'untileable6': 3953, 'periodic': 226} [390s]
  369800/2098208 {'unbalanced': 365606, 'untileable6': 3961, 'periodic': 233} [390s]
  370000/2098208 {'unbalanced': 365800, 'untileable6': 3967, 'periodic': 233} [390s]
  370200/2098208 {'unbalanced': 366000, 'untileable6': 3967, 'periodic': 233} [390s]
  370400/2098208 {'unbalanced': 366189, 'untileable6': 3978, 'periodic': 233} [390s]
  370600/2098208 {'unbalanced': 366381, 'untileable6': 3986, 'periodic': 233} [390s]
  370800/2098208 {'unbalanced': 366573, 'untileable6': 3994, 'periodic': 233} [390s]
  371000/2098208 {'unbalanced': 366756, 'untileable6': 4011, 'periodic': 233} [390s]
  371200/2098208 {'unbalanced': 366956, 'untileable6': 4011, 'periodic': 233} [390s]
  371400/2098208 {'unbalanced': 367153, 'untileable6': 4014, 'periodic': 233} [390s]
  371600/2098208 {'unbalanced': 367344, 'untileable6': 4023, 'periodic': 233} [390s]
  371800/2098208 {'unbalanced': 367536, 'untileable6': 4031, 'periodic': 233} [390s]
  372000/2098208 {'unbalanced': 367726, 'untileable6': 4041, 'periodic': 233} [390s]
  372200/2098208 {'unbalanced': 367910, 'untileable6': 4057, 'periodic': 233} [390s]
  372400/2098208 {'unbalanced': 368110, 'untileable6': 4057, 'periodic': 233} [390s]
  372600/2098208 {'unbalanced': 368305, 'untileable6': 4062, 'periodic': 233} [390s]
  372800/2098208 {'unbalanced': 368498, 'untileable6': 4069, 'periodic': 233} [390s]
  373000/2098208 {'unbalanced': 368692, 'untileable6': 4075, 'periodic': 233} [390s]
  373200/2098208 {'unbalanced': 368892, 'untileable6': 4075, 'periodic': 233} [390s]
  373400/2098208 {'unbalanced': 369090, 'untileable6': 4077, 'periodic': 233} [390s]
  373600/2098208 {'unbalanced': 369290, 'untileable6': 4077, 'periodic': 233} [390s]
  373800/2098208 {'unbalanced': 369488, 'untileable6': 4079, 'periodic': 233} [390s]
  374000/2098208 {'unbalanced': 369686, 'untileable6': 4081, 'periodic': 233} [390s]
  374200/2098208 {'unbalanced': 369884, 'untileable6': 4083, 'periodic': 233} [390s]
  374400/2098208 {'unbalanced': 370078, 'untileable6': 4089, 'periodic': 233} [390s]
  374600/2098208 {'unbalanced': 370270, 'untileable6': 4097, 'periodic': 233} [390s]
  374800/2098208 {'unbalanced': 370468, 'untileable6': 4099, 'periodic': 233} [390s]
  375000/2098208 {'unbalanced': 370664, 'untileable6': 4103, 'periodic': 233} [390s]
  375200/2098208 {'unbalanced': 370863, 'untileable6': 4104, 'periodic': 233} [390s]
  375400/2098208 {'unbalanced': 371062, 'untileable6': 4105, 'periodic': 233} [390s]
  375600/2098208 {'unbalanced': 371259, 'untileable6': 4108, 'periodic': 233} [390s]
  375800/2098208 {'unbalanced': 371453, 'untileable6': 4114, 'periodic': 233} [390s]
  376000/2098208 {'unbalanced': 371651, 'untileable6': 4116, 'periodic': 233} [390s]
  376200/2098208 {'unbalanced': 371847, 'untileable6': 4119, 'periodic': 234} [390s]
  376400/2098208 {'unbalanced': 372041, 'untileable6': 4121, 'periodic': 238} [391s]
  376600/2098208 {'unbalanced': 372231, 'untileable6': 4125, 'periodic': 244} [391s]
  376800/2098208 {'unbalanced': 372418, 'untileable6': 4137, 'periodic': 245} [391s]
  377000/2098208 {'unbalanced': 372608, 'untileable6': 4147, 'periodic': 245} [391s]
  377200/2098208 {'unbalanced': 372803, 'untileable6': 4152, 'periodic': 245} [391s]
  377400/2098208 {'unbalanced': 373002, 'untileable6': 4153, 'periodic': 245} [391s]
  377600/2098208 {'unbalanced': 373202, 'untileable6': 4153, 'periodic': 245} [391s]
  377800/2098208 {'unbalanced': 373396, 'untileable6': 4159, 'periodic': 245} [391s]
  378000/2098208 {'unbalanced': 373592, 'untileable6': 4163, 'periodic': 245} [391s]
  378200/2098208 {'unbalanced': 373790, 'untileable6': 4164, 'periodic': 246} [391s]
  378400/2098208 {'unbalanced': 373984, 'untileable6': 4166, 'periodic': 250} [391s]
  378600/2098208 {'unbalanced': 374167, 'untileable6': 4176, 'periodic': 257} [391s]
  378800/2098208 {'unbalanced': 374357, 'untileable6': 4186, 'periodic': 257} [391s]
  379000/2098208 {'unbalanced': 374542, 'untileable6': 4201, 'periodic': 257} [391s]
  379200/2098208 {'unbalanced': 374731, 'untileable6': 4212, 'periodic': 257} [391s]
  379400/2098208 {'unbalanced': 374929, 'untileable6': 4214, 'periodic': 257} [391s]
  379600/2098208 {'unbalanced': 375127, 'untileable6': 4216, 'periodic': 257} [391s]
  379800/2098208 {'unbalanced': 375319, 'untileable6': 4224, 'periodic': 257} [391s]
  380000/2098208 {'unbalanced': 375515, 'untileable6': 4228, 'periodic': 257} [391s]
  380200/2098208 {'unbalanced': 375711, 'untileable6': 4232, 'periodic': 257} [391s]
  380400/2098208 {'unbalanced': 375907, 'untileable6': 4236, 'periodic': 257} [391s]
  380600/2098208 {'unbalanced': 376103, 'untileable6': 4240, 'periodic': 257} [391s]
  380800/2098208 {'unbalanced': 376291, 'untileable6': 4252, 'periodic': 257} [391s]
  381000/2098208 {'unbalanced': 376475, 'untileable6': 4268, 'periodic': 257} [391s]
  381200/2098208 {'unbalanced': 376665, 'untileable6': 4278, 'periodic': 257} [391s]
  381400/2098208 {'unbalanced': 376865, 'untileable6': 4278, 'periodic': 257} [391s]
  381600/2098208 {'unbalanced': 377063, 'untileable6': 4280, 'periodic': 257} [391s]
  381800/2098208 {'unbalanced': 377257, 'untileable6': 4286, 'periodic': 257} [391s]
  382000/2098208 {'unbalanced': 377455, 'untileable6': 4288, 'periodic': 257} [391s]
  382200/2098208 {'unbalanced': 377649, 'untileable6': 4294, 'periodic': 257} [391s]
  382400/2098208 {'unbalanced': 377847, 'untileable6': 4296, 'periodic': 257} [391s]
  382600/2098208 {'unbalanced': 378041, 'untileable6': 4302, 'periodic': 257} [391s]
  382800/2098208 {'unbalanced': 378236, 'untileable6': 4307, 'periodic': 257} [391s]
  383000/2098208 {'unbalanced': 378427, 'untileable6': 4316, 'periodic': 257} [391s]
  383200/2098208 {'unbalanced': 378623, 'untileable6': 4320, 'periodic': 257} [391s]
  383400/2098208 {'unbalanced': 378821, 'untileable6': 4322, 'periodic': 257} [391s]
  383600/2098208 {'unbalanced': 379013, 'untileable6': 4324, 'periodic': 263} [391s]
  383800/2098208 {'unbalanced': 379207, 'untileable6': 4326, 'periodic': 267} [391s]
  384000/2098208 {'unbalanced': 379389, 'untileable6': 4341, 'periodic': 270} [391s]
  384200/2098208 {'unbalanced': 379571, 'untileable6': 4356, 'periodic': 273} [391s]
  384400/2098208 {'unbalanced': 379762, 'untileable6': 4363, 'periodic': 275} [391s]
  384600/2098208 {'unbalanced': 379953, 'untileable6': 4371, 'periodic': 276} [391s]
  384800/2098208 {'unbalanced': 380140, 'untileable6': 4381, 'periodic': 279} [391s]
  385000/2098208 {'unbalanced': 380325, 'untileable6': 4394, 'periodic': 281} [391s]
  385200/2098208 {'unbalanced': 380514, 'untileable6': 4404, 'periodic': 282} [391s]
  385400/2098208 {'unbalanced': 380704, 'untileable6': 4414, 'periodic': 282} [391s]
  385600/2098208 {'unbalanced': 380900, 'untileable6': 4415, 'periodic': 285} [391s]
  385800/2098208 {'unbalanced': 381092, 'untileable6': 4420, 'periodic': 288} [391s]
  386000/2098208 {'unbalanced': 381277, 'untileable6': 4432, 'periodic': 291} [391s]
  386200/2098208 {'unbalanced': 381459, 'untileable6': 4448, 'periodic': 293} [391s]
  386400/2098208 {'unbalanced': 381650, 'untileable6': 4454, 'periodic': 296} [391s]
  386600/2098208 {'unbalanced': 381839, 'untileable6': 4463, 'periodic': 298} [392s]
  386800/2098208 {'unbalanced': 382031, 'untileable6': 4468, 'periodic': 301} [392s]
  387000/2098208 {'unbalanced': 382215, 'untileable6': 4482, 'periodic': 303} [392s]
  387200/2098208 {'unbalanced': 382399, 'untileable6': 4494, 'periodic': 307} [392s]
  387400/2098208 {'unbalanced': 382587, 'untileable6': 4503, 'periodic': 310} [392s]
  387600/2098208 {'unbalanced': 382778, 'untileable6': 4509, 'periodic': 313} [392s]
  387800/2098208 {'unbalanced': 382970, 'untileable6': 4514, 'periodic': 316} [392s]
  388000/2098208 {'unbalanced': 383160, 'untileable6': 4521, 'periodic': 319} [392s]
  388200/2098208 {'unbalanced': 383346, 'untileable6': 4533, 'periodic': 321} [392s]
  388400/2098208 {'unbalanced': 383530, 'untileable6': 4546, 'periodic': 324} [392s]
  388600/2098208 {'unbalanced': 383720, 'untileable6': 4553, 'periodic': 327} [392s]
  388800/2098208 {'unbalanced': 383914, 'untileable6': 4557, 'periodic': 329} [392s]
  389000/2098208 {'unbalanced': 384104, 'untileable6': 4565, 'periodic': 331} [392s]
  389200/2098208 {'unbalanced': 384292, 'untileable6': 4574, 'periodic': 334} [392s]
  389400/2098208 {'unbalanced': 384482, 'untileable6': 4581, 'periodic': 337} [392s]
  389600/2098208 {'unbalanced': 384680, 'untileable6': 4581, 'periodic': 339} [392s]
  389800/2098208 {'unbalanced': 384880, 'untileable6': 4581, 'periodic': 339} [392s]
  390000/2098208 {'unbalanced': 385080, 'untileable6': 4581, 'periodic': 339} [392s]
  390200/2098208 {'unbalanced': 385280, 'untileable6': 4581, 'periodic': 339} [392s]
  390400/2098208 {'unbalanced': 385480, 'untileable6': 4581, 'periodic': 339} [392s]
  390600/2098208 {'unbalanced': 385680, 'untileable6': 4581, 'periodic': 339} [392s]
  390800/2098208 {'unbalanced': 385880, 'untileable6': 4581, 'periodic': 339} [392s]
  391000/2098208 {'unbalanced': 386080, 'untileable6': 4581, 'periodic': 339} [392s]
  391200/2098208 {'unbalanced': 386280, 'untileable6': 4581, 'periodic': 339} [392s]
  391400/2098208 {'unbalanced': 386479, 'untileable6': 4582, 'periodic': 339} [392s]
  391600/2098208 {'unbalanced': 386679, 'untileable6': 4582, 'periodic': 339} [392s]
  391800/2098208 {'unbalanced': 386879, 'untileable6': 4582, 'periodic': 339} [392s]
  392000/2098208 {'unbalanced': 387079, 'untileable6': 4582, 'periodic': 339} [392s]
  392200/2098208 {'unbalanced': 387279, 'untileable6': 4582, 'periodic': 339} [392s]
  392400/2098208 {'unbalanced': 387479, 'untileable6': 4582, 'periodic': 339} [392s]
  392600/2098208 {'unbalanced': 387679, 'untileable6': 4582, 'periodic': 339} [392s]
  392800/2098208 {'unbalanced': 387879, 'untileable6': 4582, 'periodic': 339} [392s]
  393000/2098208 {'unbalanced': 388079, 'untileable6': 4582, 'periodic': 339} [392s]
  393200/2098208 {'unbalanced': 388279, 'untileable6': 4582, 'periodic': 339} [392s]
  393400/2098208 {'unbalanced': 388478, 'untileable6': 4582, 'periodic': 340} [392s]
  393600/2098208 {'unbalanced': 388676, 'untileable6': 4584, 'periodic': 340} [392s]
  393800/2098208 {'unbalanced': 388876, 'untileable6': 4584, 'periodic': 340} [392s]
  394000/2098208 {'unbalanced': 389076, 'untileable6': 4584, 'periodic': 340} [392s]
  394200/2098208 {'unbalanced': 389276, 'untileable6': 4584, 'periodic': 340} [392s]
  394400/2098208 {'unbalanced': 389476, 'untileable6': 4584, 'periodic': 340} [392s]
  394600/2098208 {'unbalanced': 389676, 'untileable6': 4584, 'periodic': 340} [392s]
  394800/2098208 {'unbalanced': 389876, 'untileable6': 4584, 'periodic': 340} [392s]
  395000/2098208 {'unbalanced': 390076, 'untileable6': 4584, 'periodic': 340} [392s]
  395200/2098208 {'unbalanced': 390276, 'untileable6': 4584, 'periodic': 340} [392s]
  395400/2098208 {'unbalanced': 390476, 'untileable6': 4584, 'periodic': 340} [392s]
  395600/2098208 {'unbalanced': 390672, 'untileable6': 4586, 'periodic': 342} [392s]
  395800/2098208 {'unbalanced': 390872, 'untileable6': 4586, 'periodic': 342} [392s]
  396000/2098208 {'unbalanced': 391072, 'untileable6': 4586, 'periodic': 342} [392s]
  396200/2098208 {'unbalanced': 391272, 'untileable6': 4586, 'periodic': 342} [392s]
  396400/2098208 {'unbalanced': 391472, 'untileable6': 4586, 'periodic': 342} [392s]
  396600/2098208 {'unbalanced': 391672, 'untileable6': 4586, 'periodic': 342} [392s]
  396800/2098208 {'unbalanced': 391872, 'untileable6': 4586, 'periodic': 342} [392s]
  397000/2098208 {'unbalanced': 392072, 'untileable6': 4586, 'periodic': 342} [392s]
  397200/2098208 {'unbalanced': 392272, 'untileable6': 4586, 'periodic': 342} [392s]
  397400/2098208 {'unbalanced': 392472, 'untileable6': 4586, 'periodic': 342} [392s]
  397600/2098208 {'unbalanced': 392672, 'untileable6': 4586, 'periodic': 342} [392s]
  397800/2098208 {'unbalanced': 392871, 'untileable6': 4587, 'periodic': 342} [392s]
  398000/2098208 {'unbalanced': 393071, 'untileable6': 4587, 'periodic': 342} [392s]
  398200/2098208 {'unbalanced': 393271, 'untileable6': 4587, 'periodic': 342} [392s]
  398400/2098208 {'unbalanced': 393471, 'untileable6': 4587, 'periodic': 342} [392s]
  398600/2098208 {'unbalanced': 393670, 'untileable6': 4588, 'periodic': 342} [392s]
  398800/2098208 {'unbalanced': 393870, 'untileable6': 4588, 'periodic': 342} [392s]
  399000/2098208 {'unbalanced': 394070, 'untileable6': 4588, 'periodic': 342} [392s]
  399200/2098208 {'unbalanced': 394270, 'untileable6': 4588, 'periodic': 342} [392s]
  399400/2098208 {'unbalanced': 394470, 'untileable6': 4588, 'periodic': 342} [392s]
  399600/2098208 {'unbalanced': 394669, 'untileable6': 4589, 'periodic': 342} [392s]
  399800/2098208 {'unbalanced': 394863, 'untileable6': 4595, 'periodic': 342} [392s]
  400000/2098208 {'unbalanced': 395063, 'untileable6': 4595, 'periodic': 342} [392s]
  400200/2098208 {'unbalanced': 395263, 'untileable6': 4595, 'periodic': 342} [392s]
  400400/2098208 {'unbalanced': 395463, 'untileable6': 4595, 'periodic': 342} [392s]
  400600/2098208 {'unbalanced': 395663, 'untileable6': 4595, 'periodic': 342} [392s]
  400800/2098208 {'unbalanced': 395860, 'untileable6': 4596, 'periodic': 344} [392s]
  401000/2098208 {'unbalanced': 396059, 'untileable6': 4597, 'periodic': 344} [392s]
  401200/2098208 {'unbalanced': 396259, 'untileable6': 4597, 'periodic': 344} [392s]
  401400/2098208 {'unbalanced': 396459, 'untileable6': 4597, 'periodic': 344} [392s]
  401600/2098208 {'unbalanced': 396659, 'untileable6': 4597, 'periodic': 344} [392s]
  401800/2098208 {'unbalanced': 396854, 'untileable6': 4602, 'periodic': 344} [392s]
  402000/2098208 {'unbalanced': 397052, 'untileable6': 4604, 'periodic': 344} [392s]
  402200/2098208 {'unbalanced': 397252, 'untileable6': 4604, 'periodic': 344} [392s]
  402400/2098208 {'unbalanced': 397452, 'untileable6': 4604, 'periodic': 344} [392s]
  402600/2098208 {'unbalanced': 397652, 'untileable6': 4604, 'periodic': 344} [392s]
  402800/2098208 {'unbalanced': 397848, 'untileable6': 4606, 'periodic': 346} [392s]
  403000/2098208 {'unbalanced': 398048, 'untileable6': 4606, 'periodic': 346} [392s]
  403200/2098208 {'unbalanced': 398248, 'untileable6': 4606, 'periodic': 346} [392s]
  403400/2098208 {'unbalanced': 398448, 'untileable6': 4606, 'periodic': 346} [392s]
  403600/2098208 {'unbalanced': 398648, 'untileable6': 4606, 'periodic': 346} [392s]
  403800/2098208 {'unbalanced': 398846, 'untileable6': 4608, 'periodic': 346} [392s]
  404000/2098208 {'unbalanced': 399038, 'untileable6': 4616, 'periodic': 346} [392s]
  404200/2098208 {'unbalanced': 399238, 'untileable6': 4616, 'periodic': 346} [392s]
  404400/2098208 {'unbalanced': 399438, 'untileable6': 4616, 'periodic': 346} [392s]
  404600/2098208 {'unbalanced': 399638, 'untileable6': 4616, 'periodic': 346} [392s]
  404800/2098208 {'unbalanced': 399838, 'untileable6': 4616, 'periodic': 346} [392s]
  405000/2098208 {'unbalanced': 400038, 'untileable6': 4616, 'periodic': 346} [392s]
  405200/2098208 {'unbalanced': 400237, 'untileable6': 4617, 'periodic': 346} [392s]
  405400/2098208 {'unbalanced': 400437, 'untileable6': 4617, 'periodic': 346} [392s]
  405600/2098208 {'unbalanced': 400637, 'untileable6': 4617, 'periodic': 346} [392s]
  405800/2098208 {'unbalanced': 400837, 'untileable6': 4617, 'periodic': 346} [392s]
  406000/2098208 {'unbalanced': 401036, 'untileable6': 4618, 'periodic': 346} [392s]
  406200/2098208 {'unbalanced': 401236, 'untileable6': 4618, 'periodic': 346} [392s]
  406400/2098208 {'unbalanced': 401436, 'untileable6': 4618, 'periodic': 346} [392s]
  406600/2098208 {'unbalanced': 401636, 'untileable6': 4618, 'periodic': 346} [392s]
  406800/2098208 {'unbalanced': 401836, 'untileable6': 4618, 'periodic': 346} [392s]
  407000/2098208 {'unbalanced': 402036, 'untileable6': 4618, 'periodic': 346} [392s]
  407200/2098208 {'unbalanced': 402236, 'untileable6': 4618, 'periodic': 346} [392s]
  407400/2098208 {'unbalanced': 402435, 'untileable6': 4619, 'periodic': 346} [392s]
  407600/2098208 {'unbalanced': 402634, 'untileable6': 4620, 'periodic': 346} [392s]
  407800/2098208 {'unbalanced': 402834, 'untileable6': 4620, 'periodic': 346} [392s]
  408000/2098208 {'unbalanced': 403028, 'untileable6': 4626, 'periodic': 346} [392s]
  408200/2098208 {'unbalanced': 403228, 'untileable6': 4626, 'periodic': 346} [392s]
  408400/2098208 {'unbalanced': 403428, 'untileable6': 4626, 'periodic': 346} [392s]
  408600/2098208 {'unbalanced': 403628, 'untileable6': 4626, 'periodic': 346} [392s]
  408800/2098208 {'unbalanced': 403828, 'untileable6': 4626, 'periodic': 346} [392s]
  409000/2098208 {'unbalanced': 404028, 'untileable6': 4626, 'periodic': 346} [392s]
  409200/2098208 {'unbalanced': 404228, 'untileable6': 4626, 'periodic': 346} [392s]
  409400/2098208 {'unbalanced': 404428, 'untileable6': 4626, 'periodic': 346} [392s]
  409600/2098208 {'unbalanced': 404625, 'untileable6': 4627, 'periodic': 348} [392s]
  409800/2098208 {'unbalanced': 404824, 'untileable6': 4628, 'periodic': 348} [392s]
  410000/2098208 {'unbalanced': 405021, 'untileable6': 4631, 'periodic': 348} [392s]
  410200/2098208 {'unbalanced': 405217, 'untileable6': 4635, 'periodic': 348} [392s]
  410400/2098208 {'unbalanced': 405417, 'untileable6': 4635, 'periodic': 348} [392s]
  410600/2098208 {'unbalanced': 405617, 'untileable6': 4635, 'periodic': 348} [392s]
  410800/2098208 {'unbalanced': 405817, 'untileable6': 4635, 'periodic': 348} [392s]
  411000/2098208 {'unbalanced': 406017, 'untileable6': 4635, 'periodic': 348} [392s]
  411200/2098208 {'unbalanced': 406217, 'untileable6': 4635, 'periodic': 348} [392s]
  411400/2098208 {'unbalanced': 406417, 'untileable6': 4635, 'periodic': 348} [392s]
  411600/2098208 {'unbalanced': 406613, 'untileable6': 4637, 'periodic': 350} [392s]
  411800/2098208 {'unbalanced': 406812, 'untileable6': 4638, 'periodic': 350} [392s]
  412000/2098208 {'unbalanced': 407010, 'untileable6': 4640, 'periodic': 350} [392s]
  412200/2098208 {'unbalanced': 407203, 'untileable6': 4647, 'periodic': 350} [392s]
  412400/2098208 {'unbalanced': 407403, 'untileable6': 4647, 'periodic': 350} [392s]
  412600/2098208 {'unbalanced': 407603, 'untileable6': 4647, 'periodic': 350} [392s]
  412800/2098208 {'unbalanced': 407803, 'untileable6': 4647, 'periodic': 350} [392s]
  413000/2098208 {'unbalanced': 408003, 'untileable6': 4647, 'periodic': 350} [392s]
  413200/2098208 {'unbalanced': 408203, 'untileable6': 4647, 'periodic': 350} [392s]
  413400/2098208 {'unbalanced': 408403, 'untileable6': 4647, 'periodic': 350} [392s]
  413600/2098208 {'unbalanced': 408603, 'untileable6': 4647, 'periodic': 350} [392s]
  413800/2098208 {'unbalanced': 408803, 'untileable6': 4647, 'periodic': 350} [392s]
  414000/2098208 {'unbalanced': 409002, 'untileable6': 4648, 'periodic': 350} [392s]
  414200/2098208 {'unbalanced': 409202, 'untileable6': 4648, 'periodic': 350} [392s]
  414400/2098208 {'unbalanced': 409401, 'untileable6': 4649, 'periodic': 350} [392s]
  414600/2098208 {'unbalanced': 409601, 'untileable6': 4649, 'periodic': 350} [392s]
  414800/2098208 {'unbalanced': 409800, 'untileable6': 4650, 'periodic': 350} [392s]
  415000/2098208 {'unbalanced': 409998, 'untileable6': 4652, 'periodic': 350} [392s]
  415200/2098208 {'unbalanced': 410194, 'untileable6': 4656, 'periodic': 350} [392s]
  415400/2098208 {'unbalanced': 410394, 'untileable6': 4656, 'periodic': 350} [392s]
  415600/2098208 {'unbalanced': 410591, 'untileable6': 4659, 'periodic': 350} [392s]
  415800/2098208 {'unbalanced': 410786, 'untileable6': 4664, 'periodic': 350} [392s]
  416000/2098208 {'unbalanced': 410980, 'untileable6': 4670, 'periodic': 350} [392s]
  416200/2098208 {'unbalanced': 411172, 'untileable6': 4677, 'periodic': 351} [392s]
  416400/2098208 {'unbalanced': 411359, 'untileable6': 4681, 'periodic': 360} [393s]
  416600/2098208 {'unbalanced': 411559, 'untileable6': 4681, 'periodic': 360} [393s]
  416800/2098208 {'unbalanced': 411758, 'untileable6': 4681, 'periodic': 361} [393s]
  417000/2098208 {'unbalanced': 411956, 'untileable6': 4683, 'periodic': 361} [393s]
  417200/2098208 {'unbalanced': 412152, 'untileable6': 4687, 'periodic': 361} [393s]
  417400/2098208 {'unbalanced': 412348, 'untileable6': 4690, 'periodic': 362} [393s]
  417600/2098208 {'unbalanced': 412544, 'untileable6': 4694, 'periodic': 362} [393s]
  417800/2098208 {'unbalanced': 412744, 'untileable6': 4694, 'periodic': 362} [393s]
  418000/2098208 {'unbalanced': 412938, 'untileable6': 4700, 'periodic': 362} [393s]
  418200/2098208 {'unbalanced': 413130, 'untileable6': 4707, 'periodic': 363} [393s]
  418400/2098208 {'unbalanced': 413315, 'untileable6': 4722, 'periodic': 363} [393s]
  418600/2098208 {'unbalanced': 413513, 'untileable6': 4724, 'periodic': 363} [393s]
  418800/2098208 {'unbalanced': 413712, 'untileable6': 4725, 'periodic': 363} [393s]
  419000/2098208 {'unbalanced': 413911, 'untileable6': 4726, 'periodic': 363} [393s]
  419200/2098208 {'unbalanced': 414107, 'untileable6': 4730, 'periodic': 363} [393s]
  419400/2098208 {'unbalanced': 414301, 'untileable6': 4735, 'periodic': 364} [393s]
  419600/2098208 {'unbalanced': 414499, 'untileable6': 4737, 'periodic': 364} [393s]
  419800/2098208 {'unbalanced': 414698, 'untileable6': 4738, 'periodic': 364} [393s]
  420000/2098208 {'unbalanced': 414889, 'untileable6': 4746, 'periodic': 365} [393s]
  420200/2098208 {'unbalanced': 415084, 'untileable6': 4751, 'periodic': 365} [393s]
  420400/2098208 {'unbalanced': 415274, 'untileable6': 4761, 'periodic': 365} [393s]
  420600/2098208 {'unbalanced': 415460, 'untileable6': 4774, 'periodic': 366} [393s]
  420800/2098208 {'unbalanced': 415660, 'untileable6': 4774, 'periodic': 366} [393s]
  421000/2098208 {'unbalanced': 415860, 'untileable6': 4774, 'periodic': 366} [393s]
  421200/2098208 {'unbalanced': 416059, 'untileable6': 4774, 'periodic': 367} [393s]
  421400/2098208 {'unbalanced': 416258, 'untileable6': 4775, 'periodic': 367} [393s]
  421600/2098208 {'unbalanced': 416458, 'untileable6': 4775, 'periodic': 367} [393s]
  421800/2098208 {'unbalanced': 416656, 'untileable6': 4776, 'periodic': 368} [393s]
  422000/2098208 {'unbalanced': 416856, 'untileable6': 4776, 'periodic': 368} [393s]
  422200/2098208 {'unbalanced': 417055, 'untileable6': 4777, 'periodic': 368} [393s]
  422400/2098208 {'unbalanced': 417253, 'untileable6': 4778, 'periodic': 369} [393s]
  422600/2098208 {'unbalanced': 417452, 'untileable6': 4778, 'periodic': 370} [393s]
  422800/2098208 {'unbalanced': 417652, 'untileable6': 4778, 'periodic': 370} [393s]
  423000/2098208 {'unbalanced': 417852, 'untileable6': 4778, 'periodic': 370} [393s]
  423200/2098208 {'unbalanced': 418052, 'untileable6': 4778, 'periodic': 370} [393s]
  423400/2098208 {'unbalanced': 418252, 'untileable6': 4778, 'periodic': 370} [393s]
  423600/2098208 {'unbalanced': 418451, 'untileable6': 4779, 'periodic': 370} [393s]
  423800/2098208 {'unbalanced': 418651, 'untileable6': 4779, 'periodic': 370} [393s]
  424000/2098208 {'unbalanced': 418851, 'untileable6': 4779, 'periodic': 370} [393s]
  424200/2098208 {'unbalanced': 419050, 'untileable6': 4780, 'periodic': 370} [393s]
  424400/2098208 {'unbalanced': 419250, 'untileable6': 4780, 'periodic': 370} [393s]
  424600/2098208 {'unbalanced': 419449, 'untileable6': 4781, 'periodic': 370} [393s]
  424800/2098208 {'unbalanced': 419649, 'untileable6': 4781, 'periodic': 370} [393s]
  425000/2098208 {'unbalanced': 419842, 'untileable6': 4788, 'periodic': 370} [393s]
  425200/2098208 {'unbalanced': 420042, 'untileable6': 4788, 'periodic': 370} [393s]
  425400/2098208 {'unbalanced': 420242, 'untileable6': 4788, 'periodic': 370} [393s]
  425600/2098208 {'unbalanced': 420442, 'untileable6': 4788, 'periodic': 370} [393s]
  425800/2098208 {'unbalanced': 420642, 'untileable6': 4788, 'periodic': 370} [393s]
  426000/2098208 {'unbalanced': 420842, 'untileable6': 4788, 'periodic': 370} [393s]
  426200/2098208 {'unbalanced': 421042, 'untileable6': 4788, 'periodic': 370} [393s]
  426400/2098208 {'unbalanced': 421240, 'untileable6': 4790, 'periodic': 370} [393s]
  426600/2098208 {'unbalanced': 421440, 'untileable6': 4790, 'periodic': 370} [393s]
  426800/2098208 {'unbalanced': 421640, 'untileable6': 4790, 'periodic': 370} [393s]
  427000/2098208 {'unbalanced': 421840, 'untileable6': 4790, 'periodic': 370} [393s]
  427200/2098208 {'unbalanced': 422034, 'untileable6': 4796, 'periodic': 370} [393s]
  427400/2098208 {'unbalanced': 422232, 'untileable6': 4798, 'periodic': 370} [393s]
  427600/2098208 {'unbalanced': 422426, 'untileable6': 4804, 'periodic': 370} [393s]
  427800/2098208 {'unbalanced': 422626, 'untileable6': 4804, 'periodic': 370} [393s]
  428000/2098208 {'unbalanced': 422826, 'untileable6': 4804, 'periodic': 370} [393s]
  428200/2098208 {'unbalanced': 423026, 'untileable6': 4804, 'periodic': 370} [393s]
  428400/2098208 {'unbalanced': 423226, 'untileable6': 4804, 'periodic': 370} [393s]
  428600/2098208 {'unbalanced': 423426, 'untileable6': 4804, 'periodic': 370} [393s]
  428800/2098208 {'unbalanced': 423624, 'untileable6': 4806, 'periodic': 370} [393s]
  429000/2098208 {'unbalanced': 423824, 'untileable6': 4806, 'periodic': 370} [393s]
  429200/2098208 {'unbalanced': 424024, 'untileable6': 4806, 'periodic': 370} [393s]
  429400/2098208 {'unbalanced': 424224, 'untileable6': 4806, 'periodic': 370} [393s]
  429600/2098208 {'unbalanced': 424418, 'untileable6': 4812, 'periodic': 370} [393s]
  429800/2098208 {'unbalanced': 424618, 'untileable6': 4812, 'periodic': 370} [393s]
  430000/2098208 {'unbalanced': 424815, 'untileable6': 4814, 'periodic': 371} [393s]
  430200/2098208 {'unbalanced': 425008, 'untileable6': 4821, 'periodic': 371} [393s]
  430400/2098208 {'unbalanced': 425207, 'untileable6': 4822, 'periodic': 371} [393s]
  430600/2098208 {'unbalanced': 425407, 'untileable6': 4822, 'periodic': 371} [393s]
  430800/2098208 {'unbalanced': 425607, 'untileable6': 4822, 'periodic': 371} [393s]
  431000/2098208 {'unbalanced': 425807, 'untileable6': 4822, 'periodic': 371} [393s]
  431200/2098208 {'unbalanced': 426007, 'untileable6': 4822, 'periodic': 371} [393s]
  431400/2098208 {'unbalanced': 426207, 'untileable6': 4822, 'periodic': 371} [393s]
  431600/2098208 {'unbalanced': 426406, 'untileable6': 4823, 'periodic': 371} [393s]
  431800/2098208 {'unbalanced': 426606, 'untileable6': 4823, 'periodic': 371} [393s]
  432000/2098208 {'unbalanced': 426806, 'untileable6': 4823, 'periodic': 371} [393s]
  432200/2098208 {'unbalanced': 427006, 'untileable6': 4823, 'periodic': 371} [393s]
  432400/2098208 {'unbalanced': 427206, 'untileable6': 4823, 'periodic': 371} [393s]
  432600/2098208 {'unbalanced': 427404, 'untileable6': 4825, 'periodic': 371} [393s]
  432800/2098208 {'unbalanced': 427602, 'untileable6': 4827, 'periodic': 371} [393s]
  433000/2098208 {'unbalanced': 427802, 'untileable6': 4827, 'periodic': 371} [393s]
  433200/2098208 {'unbalanced': 428002, 'untileable6': 4827, 'periodic': 371} [393s]
  433400/2098208 {'unbalanced': 428201, 'untileable6': 4828, 'periodic': 371} [393s]
  433600/2098208 {'unbalanced': 428401, 'untileable6': 4828, 'periodic': 371} [393s]
  433800/2098208 {'unbalanced': 428597, 'untileable6': 4832, 'periodic': 371} [393s]
  434000/2098208 {'unbalanced': 428792, 'untileable6': 4837, 'periodic': 371} [393s]
  434200/2098208 {'unbalanced': 428992, 'untileable6': 4837, 'periodic': 371} [393s]
  434400/2098208 {'unbalanced': 429192, 'untileable6': 4837, 'periodic': 371} [393s]
  434600/2098208 {'unbalanced': 429390, 'untileable6': 4839, 'periodic': 371} [393s]
  434800/2098208 {'unbalanced': 429584, 'untileable6': 4845, 'periodic': 371} [393s]
  435000/2098208 {'unbalanced': 429781, 'untileable6': 4848, 'periodic': 371} [393s]
  435200/2098208 {'unbalanced': 429972, 'untileable6': 4857, 'periodic': 371} [393s]
  435400/2098208 {'unbalanced': 430156, 'untileable6': 4863, 'periodic': 381} [393s]
  435600/2098208 {'unbalanced': 430355, 'untileable6': 4863, 'periodic': 382} [393s]
  435800/2098208 {'unbalanced': 430555, 'untileable6': 4863, 'periodic': 382} [393s]
  436000/2098208 {'unbalanced': 430752, 'untileable6': 4866, 'periodic': 382} [393s]
  436200/2098208 {'unbalanced': 430952, 'untileable6': 4866, 'periodic': 382} [393s]
  436400/2098208 {'unbalanced': 431146, 'untileable6': 4870, 'periodic': 384} [393s]
  436600/2098208 {'unbalanced': 431344, 'untileable6': 4872, 'periodic': 384} [393s]
  436800/2098208 {'unbalanced': 431533, 'untileable6': 4883, 'periodic': 384} [393s]
  437000/2098208 {'unbalanced': 431732, 'untileable6': 4884, 'periodic': 384} [393s]
  437200/2098208 {'unbalanced': 431932, 'untileable6': 4884, 'periodic': 384} [393s]
  437400/2098208 {'unbalanced': 432129, 'untileable6': 4887, 'periodic': 384} [393s]
  437600/2098208 {'unbalanced': 432322, 'untileable6': 4894, 'periodic': 384} [393s]
  437800/2098208 {'unbalanced': 432515, 'untileable6': 4901, 'periodic': 384} [393s]
  438000/2098208 {'unbalanced': 432704, 'untileable6': 4912, 'periodic': 384} [393s]
  438200/2098208 {'unbalanced': 432896, 'untileable6': 4920, 'periodic': 384} [393s]
  438400/2098208 {'unbalanced': 433095, 'untileable6': 4921, 'periodic': 384} [393s]
  438600/2098208 {'unbalanced': 433294, 'untileable6': 4922, 'periodic': 384} [393s]
  438800/2098208 {'unbalanced': 433489, 'untileable6': 4925, 'periodic': 386} [393s]
  439000/2098208 {'unbalanced': 433687, 'untileable6': 4927, 'periodic': 386} [393s]
  439200/2098208 {'unbalanced': 433880, 'untileable6': 4934, 'periodic': 386} [393s]
  439400/2098208 {'unbalanced': 434074, 'untileable6': 4940, 'periodic': 386} [393s]
  439600/2098208 {'unbalanced': 434274, 'untileable6': 4940, 'periodic': 386} [393s]
  439800/2098208 {'unbalanced': 434474, 'untileable6': 4940, 'periodic': 386} [393s]
  440000/2098208 {'unbalanced': 434668, 'untileable6': 4946, 'periodic': 386} [393s]
  440200/2098208 {'unbalanced': 434858, 'untileable6': 4956, 'periodic': 386} [393s]
  440400/2098208 {'unbalanced': 435051, 'untileable6': 4963, 'periodic': 386} [393s]
  440600/2098208 {'unbalanced': 435241, 'untileable6': 4973, 'periodic': 386} [393s]
  440800/2098208 {'unbalanced': 435430, 'untileable6': 4984, 'periodic': 386} [393s]
  441000/2098208 {'unbalanced': 435630, 'untileable6': 4984, 'periodic': 386} [393s]
  441200/2098208 {'unbalanced': 435830, 'untileable6': 4984, 'periodic': 386} [393s]
  441400/2098208 {'unbalanced': 436029, 'untileable6': 4985, 'periodic': 386} [393s]
  441600/2098208 {'unbalanced': 436229, 'untileable6': 4985, 'periodic': 386} [393s]
  441800/2098208 {'unbalanced': 436428, 'untileable6': 4986, 'periodic': 386} [393s]
  442000/2098208 {'unbalanced': 436628, 'untileable6': 4986, 'periodic': 386} [393s]
  442200/2098208 {'unbalanced': 436825, 'untileable6': 4989, 'periodic': 386} [393s]
  442400/2098208 {'unbalanced': 437025, 'untileable6': 4989, 'periodic': 386} [393s]
  442600/2098208 {'unbalanced': 437225, 'untileable6': 4989, 'periodic': 386} [393s]
  442800/2098208 {'unbalanced': 437423, 'untileable6': 4991, 'periodic': 386} [393s]
  443000/2098208 {'unbalanced': 437620, 'untileable6': 4994, 'periodic': 386} [393s]
  443200/2098208 {'unbalanced': 437818, 'untileable6': 4996, 'periodic': 386} [393s]
  443400/2098208 {'unbalanced': 438018, 'untileable6': 4996, 'periodic': 386} [393s]
  443600/2098208 {'unbalanced': 438218, 'untileable6': 4996, 'periodic': 386} [393s]
  443800/2098208 {'unbalanced': 438417, 'untileable6': 4997, 'periodic': 386} [393s]
  444000/2098208 {'unbalanced': 438617, 'untileable6': 4997, 'periodic': 386} [393s]
  444200/2098208 {'unbalanced': 438816, 'untileable6': 4998, 'periodic': 386} [393s]
  444400/2098208 {'unbalanced': 439016, 'untileable6': 4998, 'periodic': 386} [393s]
  444600/2098208 {'unbalanced': 439215, 'untileable6': 4999, 'periodic': 386} [393s]
  444800/2098208 {'unbalanced': 439415, 'untileable6': 4999, 'periodic': 386} [393s]
  445000/2098208 {'unbalanced': 439609, 'untileable6': 5005, 'periodic': 386} [394s]
  445200/2098208 {'unbalanced': 439807, 'untileable6': 5007, 'periodic': 386} [394s]
  445400/2098208 {'unbalanced': 440001, 'untileable6': 5013, 'periodic': 386} [394s]
  445600/2098208 {'unbalanced': 440200, 'untileable6': 5014, 'periodic': 386} [394s]
  445800/2098208 {'unbalanced': 440395, 'untileable6': 5019, 'periodic': 386} [394s]
  446000/2098208 {'unbalanced': 440595, 'untileable6': 5019, 'periodic': 386} [394s]
  446200/2098208 {'unbalanced': 440795, 'untileable6': 5019, 'periodic': 386} [394s]
  446400/2098208 {'unbalanced': 440995, 'untileable6': 5019, 'periodic': 386} [394s]
  446600/2098208 {'unbalanced': 441194, 'untileable6': 5020, 'periodic': 386} [394s]
  446800/2098208 {'unbalanced': 441393, 'untileable6': 5021, 'periodic': 386} [394s]
  447000/2098208 {'unbalanced': 441593, 'untileable6': 5021, 'periodic': 386} [394s]
  447200/2098208 {'unbalanced': 441791, 'untileable6': 5023, 'periodic': 386} [394s]
  447400/2098208 {'unbalanced': 441991, 'untileable6': 5023, 'periodic': 386} [394s]
  447600/2098208 {'unbalanced': 442185, 'untileable6': 5027, 'periodic': 388} [394s]
  447800/2098208 {'unbalanced': 442383, 'untileable6': 5029, 'periodic': 388} [394s]
  448000/2098208 {'unbalanced': 442571, 'untileable6': 5041, 'periodic': 388} [394s]
  448200/2098208 {'unbalanced': 442767, 'untileable6': 5045, 'periodic': 388} [394s]
  448400/2098208 {'unbalanced': 442964, 'untileable6': 5048, 'periodic': 388} [394s]
  448600/2098208 {'unbalanced': 443164, 'untileable6': 5048, 'periodic': 388} [394s]
  448800/2098208 {'unbalanced': 443364, 'untileable6': 5048, 'periodic': 388} [394s]
  449000/2098208 {'unbalanced': 443564, 'untileable6': 5048, 'periodic': 388} [394s]
  449200/2098208 {'unbalanced': 443762, 'untileable6': 5050, 'periodic': 388} [394s]
  449400/2098208 {'unbalanced': 443962, 'untileable6': 5050, 'periodic': 388} [394s]
  449600/2098208 {'unbalanced': 444160, 'untileable6': 5052, 'periodic': 388} [394s]
  449800/2098208 {'unbalanced': 444360, 'untileable6': 5052, 'periodic': 388} [394s]
  450000/2098208 {'unbalanced': 444554, 'untileable6': 5056, 'periodic': 390} [394s]
  450200/2098208 {'unbalanced': 444752, 'untileable6': 5058, 'periodic': 390} [394s]
  450400/2098208 {'unbalanced': 444943, 'untileable6': 5067, 'periodic': 390} [394s]
  450600/2098208 {'unbalanced': 445140, 'untileable6': 5070, 'periodic': 390} [394s]
  450800/2098208 {'unbalanced': 445334, 'untileable6': 5076, 'periodic': 390} [394s]
  451000/2098208 {'unbalanced': 445530, 'untileable6': 5080, 'periodic': 390} [394s]
  451200/2098208 {'unbalanced': 445730, 'untileable6': 5080, 'periodic': 390} [394s]
  451400/2098208 {'unbalanced': 445930, 'untileable6': 5080, 'periodic': 390} [394s]
  451600/2098208 {'unbalanced': 446130, 'untileable6': 5080, 'periodic': 390} [394s]
  451800/2098208 {'unbalanced': 446330, 'untileable6': 5080, 'periodic': 390} [394s]
  452000/2098208 {'unbalanced': 446530, 'untileable6': 5080, 'periodic': 390} [394s]
  452200/2098208 {'unbalanced': 446730, 'untileable6': 5080, 'periodic': 390} [394s]
  452400/2098208 {'unbalanced': 446929, 'untileable6': 5081, 'periodic': 390} [394s]
  452600/2098208 {'unbalanced': 447129, 'untileable6': 5081, 'periodic': 390} [394s]
  452800/2098208 {'unbalanced': 447328, 'untileable6': 5082, 'periodic': 390} [394s]
  453000/2098208 {'unbalanced': 447527, 'untileable6': 5083, 'periodic': 390} [394s]
  453200/2098208 {'unbalanced': 447727, 'untileable6': 5083, 'periodic': 390} [394s]
  453400/2098208 {'unbalanced': 447923, 'untileable6': 5087, 'periodic': 390} [394s]
  453600/2098208 {'unbalanced': 448122, 'untileable6': 5088, 'periodic': 390} [394s]
  453800/2098208 {'unbalanced': 448321, 'untileable6': 5089, 'periodic': 390} [394s]
  454000/2098208 {'unbalanced': 448521, 'untileable6': 5089, 'periodic': 390} [394s]
  454200/2098208 {'unbalanced': 448714, 'untileable6': 5096, 'periodic': 390} [394s]
  454400/2098208 {'unbalanced': 448912, 'untileable6': 5098, 'periodic': 390} [394s]
  454600/2098208 {'unbalanced': 449106, 'untileable6': 5104, 'periodic': 390} [394s]
  454800/2098208 {'unbalanced': 449304, 'untileable6': 5106, 'periodic': 390} [394s]
  455000/2098208 {'unbalanced': 449499, 'untileable6': 5111, 'periodic': 390} [394s]
  455200/2098208 {'unbalanced': 449694, 'untileable6': 5116, 'periodic': 390} [394s]
  455400/2098208 {'unbalanced': 449883, 'untileable6': 5127, 'periodic': 390} [394s]
  455600/2098208 {'unbalanced': 450070, 'untileable6': 5140, 'periodic': 390} [394s]
  455800/2098208 {'unbalanced': 450255, 'untileable6': 5155, 'periodic': 390} [394s]
  456000/2098208 {'unbalanced': 450441, 'untileable6': 5169, 'periodic': 390} [394s]
  456200/2098208 {'unbalanced': 450630, 'untileable6': 5180, 'periodic': 390} [394s]
  456400/2098208 {'unbalanced': 450829, 'untileable6': 5180, 'periodic': 391} [394s]
  456600/2098208 {'unbalanced': 451027, 'untileable6': 5182, 'periodic': 391} [394s]
  456800/2098208 {'unbalanced': 451219, 'untileable6': 5190, 'periodic': 391} [394s]
  457000/2098208 {'unbalanced': 451417, 'untileable6': 5192, 'periodic': 391} [394s]
  457200/2098208 {'unbalanced': 451605, 'untileable6': 5203, 'periodic': 392} [394s]
  457400/2098208 {'unbalanced': 451803, 'untileable6': 5205, 'periodic': 392} [394s]
  457600/2098208 {'unbalanced': 451999, 'untileable6': 5209, 'periodic': 392} [394s]
  457800/2098208 {'unbalanced': 452193, 'untileable6': 5215, 'periodic': 392} [394s]
  458000/2098208 {'unbalanced': 452385, 'untileable6': 5222, 'periodic': 393} [394s]
  458200/2098208 {'unbalanced': 452576, 'untileable6': 5231, 'periodic': 393} [394s]
  458400/2098208 {'unbalanced': 452763, 'untileable6': 5244, 'periodic': 393} [394s]
  458600/2098208 {'unbalanced': 452951, 'untileable6': 5256, 'periodic': 393} [394s]
  458800/2098208 {'unbalanced': 453134, 'untileable6': 5273, 'periodic': 393} [394s]
  459000/2098208 {'unbalanced': 453333, 'untileable6': 5274, 'periodic': 393} [394s]
  459200/2098208 {'unbalanced': 453528, 'untileable6': 5279, 'periodic': 393} [394s]
  459400/2098208 {'unbalanced': 453725, 'untileable6': 5282, 'periodic': 393} [394s]
  459600/2098208 {'unbalanced': 453915, 'untileable6': 5291, 'periodic': 394} [394s]
  459800/2098208 {'unbalanced': 454111, 'untileable6': 5295, 'periodic': 394} [394s]
  460000/2098208 {'unbalanced': 454308, 'untileable6': 5298, 'periodic': 394} [394s]
  460200/2098208 {'unbalanced': 454502, 'untileable6': 5304, 'periodic': 394} [394s]
  460400/2098208 {'unbalanced': 454696, 'untileable6': 5310, 'periodic': 394} [394s]
  460600/2098208 {'unbalanced': 454888, 'untileable6': 5317, 'periodic': 395} [394s]
  460800/2098208 {'unbalanced': 455076, 'untileable6': 5329, 'periodic': 395} [394s]
  461000/2098208 {'unbalanced': 455260, 'untileable6': 5345, 'periodic': 395} [394s]
  461200/2098208 {'unbalanced': 455445, 'untileable6': 5359, 'periodic': 396} [394s]
  461400/2098208 {'unbalanced': 455637, 'untileable6': 5367, 'periodic': 396} [394s]
  461600/2098208 {'unbalanced': 455834, 'untileable6': 5370, 'periodic': 396} [395s]
  461800/2098208 {'unbalanced': 456033, 'untileable6': 5370, 'periodic': 397} [395s]
  462000/2098208 {'unbalanced': 456233, 'untileable6': 5370, 'periodic': 397} [395s]
  462200/2098208 {'unbalanced': 456431, 'untileable6': 5372, 'periodic': 397} [395s]
  462400/2098208 {'unbalanced': 456631, 'untileable6': 5372, 'periodic': 397} [395s]
  462600/2098208 {'unbalanced': 456829, 'untileable6': 5373, 'periodic': 398} [395s]
  462800/2098208 {'unbalanced': 457029, 'untileable6': 5373, 'periodic': 398} [395s]
  463000/2098208 {'unbalanced': 457227, 'untileable6': 5375, 'periodic': 398} [395s]
  463200/2098208 {'unbalanced': 457425, 'untileable6': 5377, 'periodic': 398} [395s]
  463400/2098208 {'unbalanced': 457622, 'untileable6': 5379, 'periodic': 399} [395s]
  463600/2098208 {'unbalanced': 457818, 'untileable6': 5383, 'periodic': 399} [395s]
  463800/2098208 {'unbalanced': 458013, 'untileable6': 5388, 'periodic': 399} [395s]
  464000/2098208 {'unbalanced': 458212, 'untileable6': 5389, 'periodic': 399} [395s]
  464200/2098208 {'unbalanced': 458412, 'untileable6': 5389, 'periodic': 399} [395s]
  464400/2098208 {'unbalanced': 458612, 'untileable6': 5389, 'periodic': 399} [395s]
  464600/2098208 {'unbalanced': 458812, 'untileable6': 5389, 'periodic': 399} [395s]
  464800/2098208 {'unbalanced': 459012, 'untileable6': 5389, 'periodic': 399} [395s]
  465000/2098208 {'unbalanced': 459210, 'untileable6': 5391, 'periodic': 399} [395s]
  465200/2098208 {'unbalanced': 459410, 'untileable6': 5391, 'periodic': 399} [395s]
  465400/2098208 {'unbalanced': 459610, 'untileable6': 5391, 'periodic': 399} [395s]
  465600/2098208 {'unbalanced': 459810, 'untileable6': 5391, 'periodic': 399} [395s]
  465800/2098208 {'unbalanced': 460010, 'untileable6': 5391, 'periodic': 399} [395s]
  466000/2098208 {'unbalanced': 460210, 'untileable6': 5391, 'periodic': 399} [395s]
  466200/2098208 {'unbalanced': 460410, 'untileable6': 5391, 'periodic': 399} [395s]
  466400/2098208 {'unbalanced': 460606, 'untileable6': 5395, 'periodic': 399} [395s]
  466600/2098208 {'unbalanced': 460802, 'untileable6': 5399, 'periodic': 399} [395s]
  466800/2098208 {'unbalanced': 461002, 'untileable6': 5399, 'periodic': 399} [395s]
  467000/2098208 {'unbalanced': 461202, 'untileable6': 5399, 'periodic': 399} [395s]
  467200/2098208 {'unbalanced': 461402, 'untileable6': 5399, 'periodic': 399} [395s]
  467400/2098208 {'unbalanced': 461602, 'untileable6': 5399, 'periodic': 399} [395s]
  467600/2098208 {'unbalanced': 461802, 'untileable6': 5399, 'periodic': 399} [395s]
  467800/2098208 {'unbalanced': 461997, 'untileable6': 5404, 'periodic': 399} [395s]
  468000/2098208 {'unbalanced': 462195, 'untileable6': 5406, 'periodic': 399} [395s]
  468200/2098208 {'unbalanced': 462395, 'untileable6': 5406, 'periodic': 399} [395s]
  468400/2098208 {'unbalanced': 462595, 'untileable6': 5406, 'periodic': 399} [395s]
  468600/2098208 {'unbalanced': 462795, 'untileable6': 5406, 'periodic': 399} [395s]
  468800/2098208 {'unbalanced': 462995, 'untileable6': 5406, 'periodic': 399} [395s]
  469000/2098208 {'unbalanced': 463195, 'untileable6': 5406, 'periodic': 399} [395s]
  469200/2098208 {'unbalanced': 463393, 'untileable6': 5408, 'periodic': 399} [395s]
  469400/2098208 {'unbalanced': 463587, 'untileable6': 5414, 'periodic': 399} [395s]
  469600/2098208 {'unbalanced': 463787, 'untileable6': 5414, 'periodic': 399} [395s]
  469800/2098208 {'unbalanced': 463987, 'untileable6': 5414, 'periodic': 399} [395s]
  470000/2098208 {'unbalanced': 464187, 'untileable6': 5414, 'periodic': 399} [395s]
  470200/2098208 {'unbalanced': 464387, 'untileable6': 5414, 'periodic': 399} [395s]
  470400/2098208 {'unbalanced': 464583, 'untileable6': 5418, 'periodic': 399} [395s]
  470600/2098208 {'unbalanced': 464779, 'untileable6': 5422, 'periodic': 399} [395s]
  470800/2098208 {'unbalanced': 464979, 'untileable6': 5422, 'periodic': 399} [395s]
  471000/2098208 {'unbalanced': 465179, 'untileable6': 5422, 'periodic': 399} [395s]
  471200/2098208 {'unbalanced': 465379, 'untileable6': 5422, 'periodic': 399} [395s]
  471400/2098208 {'unbalanced': 465579, 'untileable6': 5422, 'periodic': 399} [395s]
  471600/2098208 {'unbalanced': 465779, 'untileable6': 5422, 'periodic': 399} [395s]
  471800/2098208 {'unbalanced': 465979, 'untileable6': 5422, 'periodic': 399} [395s]
  472000/2098208 {'unbalanced': 466170, 'untileable6': 5430, 'periodic': 400} [395s]
  472200/2098208 {'unbalanced': 466368, 'untileable6': 5432, 'periodic': 400} [395s]
  472400/2098208 {'unbalanced': 466568, 'untileable6': 5432, 'periodic': 400} [395s]
  472600/2098208 {'unbalanced': 466768, 'untileable6': 5432, 'periodic': 400} [395s]
  472800/2098208 {'unbalanced': 466968, 'untileable6': 5432, 'periodic': 400} [395s]
  473000/2098208 {'unbalanced': 467168, 'untileable6': 5432, 'periodic': 400} [395s]
  473200/2098208 {'unbalanced': 467368, 'untileable6': 5432, 'periodic': 400} [395s]
  473400/2098208 {'unbalanced': 467567, 'untileable6': 5433, 'periodic': 400} [395s]
  473600/2098208 {'unbalanced': 467766, 'untileable6': 5434, 'periodic': 400} [395s]
  473800/2098208 {'unbalanced': 467966, 'untileable6': 5434, 'periodic': 400} [395s]
  474000/2098208 {'unbalanced': 468166, 'untileable6': 5434, 'periodic': 400} [395s]
  474200/2098208 {'unbalanced': 468366, 'untileable6': 5434, 'periodic': 400} [395s]
  474400/2098208 {'unbalanced': 468566, 'untileable6': 5434, 'periodic': 400} [395s]
  474600/2098208 {'unbalanced': 468766, 'untileable6': 5434, 'periodic': 400} [395s]
  474800/2098208 {'unbalanced': 468964, 'untileable6': 5436, 'periodic': 400} [395s]
  475000/2098208 {'unbalanced': 469164, 'untileable6': 5436, 'periodic': 400} [395s]
  475200/2098208 {'unbalanced': 469364, 'untileable6': 5436, 'periodic': 400} [395s]
  475400/2098208 {'unbalanced': 469564, 'untileable6': 5436, 'periodic': 400} [395s]
  475600/2098208 {'unbalanced': 469764, 'untileable6': 5436, 'periodic': 400} [395s]
  475800/2098208 {'unbalanced': 469961, 'untileable6': 5439, 'periodic': 400} [395s]
  476000/2098208 {'unbalanced': 470154, 'untileable6': 5446, 'periodic': 400} [395s]
  476200/2098208 {'unbalanced': 470354, 'untileable6': 5446, 'periodic': 400} [395s]
  476400/2098208 {'unbalanced': 470554, 'untileable6': 5446, 'periodic': 400} [395s]
  476600/2098208 {'unbalanced': 470754, 'untileable6': 5446, 'periodic': 400} [395s]
  476800/2098208 {'unbalanced': 470954, 'untileable6': 5446, 'periodic': 400} [395s]
  477000/2098208 {'unbalanced': 471154, 'untileable6': 5446, 'periodic': 400} [395s]
  477200/2098208 {'unbalanced': 471354, 'untileable6': 5446, 'periodic': 400} [395s]
  477400/2098208 {'unbalanced': 471542, 'untileable6': 5458, 'periodic': 400} [395s]
  477600/2098208 {'unbalanced': 471739, 'untileable6': 5461, 'periodic': 400} [395s]
  477800/2098208 {'unbalanced': 471939, 'untileable6': 5461, 'periodic': 400} [395s]
  478000/2098208 {'unbalanced': 472139, 'untileable6': 5461, 'periodic': 400} [395s]
  478200/2098208 {'unbalanced': 472339, 'untileable6': 5461, 'periodic': 400} [395s]
  478400/2098208 {'unbalanced': 472539, 'untileable6': 5461, 'periodic': 400} [395s]
  478600/2098208 {'unbalanced': 472736, 'untileable6': 5462, 'periodic': 402} [395s]
  478800/2098208 {'unbalanced': 472928, 'untileable6': 5470, 'periodic': 402} [395s]
  479000/2098208 {'unbalanced': 473122, 'untileable6': 5476, 'periodic': 402} [395s]
  479200/2098208 {'unbalanced': 473322, 'untileable6': 5476, 'periodic': 402} [395s]
  479400/2098208 {'unbalanced': 473522, 'untileable6': 5476, 'periodic': 402} [395s]
  479600/2098208 {'unbalanced': 473722, 'untileable6': 5476, 'periodic': 402} [395s]
  479800/2098208 {'unbalanced': 473922, 'untileable6': 5476, 'periodic': 402} [395s]
  480000/2098208 {'unbalanced': 474122, 'untileable6': 5476, 'periodic': 402} [395s]
  480200/2098208 {'unbalanced': 474318, 'untileable6': 5480, 'periodic': 402} [395s]
  480400/2098208 {'unbalanced': 474515, 'untileable6': 5483, 'periodic': 402} [395s]
  480600/2098208 {'unbalanced': 474715, 'untileable6': 5483, 'periodic': 402} [395s]
  480800/2098208 {'unbalanced': 474915, 'untileable6': 5483, 'periodic': 402} [395s]
  481000/2098208 {'unbalanced': 475115, 'untileable6': 5483, 'periodic': 402} [395s]
  481200/2098208 {'unbalanced': 475314, 'untileable6': 5484, 'periodic': 402} [395s]
  481400/2098208 {'unbalanced': 475508, 'untileable6': 5488, 'periodic': 404} [395s]
  481600/2098208 {'unbalanced': 475696, 'untileable6': 5500, 'periodic': 404} [395s]
  481800/2098208 {'unbalanced': 475896, 'untileable6': 5500, 'periodic': 404} [395s]
  482000/2098208 {'unbalanced': 476096, 'untileable6': 5500, 'periodic': 404} [395s]
  482200/2098208 {'unbalanced': 476296, 'untileable6': 5500, 'periodic': 404} [395s]
  482400/2098208 {'unbalanced': 476496, 'untileable6': 5500, 'periodic': 404} [395s]
  482600/2098208 {'unbalanced': 476696, 'untileable6': 5500, 'periodic': 404} [395s]
  482800/2098208 {'unbalanced': 476896, 'untileable6': 5500, 'periodic': 404} [395s]
  483000/2098208 {'unbalanced': 477088, 'untileable6': 5508, 'periodic': 404} [395s]
  483200/2098208 {'unbalanced': 477286, 'untileable6': 5510, 'periodic': 404} [395s]
  483400/2098208 {'unbalanced': 477486, 'untileable6': 5510, 'periodic': 404} [395s]
  483600/2098208 {'unbalanced': 477686, 'untileable6': 5510, 'periodic': 404} [395s]
  483800/2098208 {'unbalanced': 477886, 'untileable6': 5510, 'periodic': 404} [395s]
  484000/2098208 {'unbalanced': 478086, 'untileable6': 5510, 'periodic': 404} [395s]
  484200/2098208 {'unbalanced': 478286, 'untileable6': 5510, 'periodic': 404} [395s]
  484400/2098208 {'unbalanced': 478485, 'untileable6': 5511, 'periodic': 404} [395s]
  484600/2098208 {'unbalanced': 478682, 'untileable6': 5514, 'periodic': 404} [395s]
  484800/2098208 {'unbalanced': 478882, 'untileable6': 5514, 'periodic': 404} [395s]
  485000/2098208 {'unbalanced': 479082, 'untileable6': 5514, 'periodic': 404} [395s]
  485200/2098208 {'unbalanced': 479282, 'untileable6': 5514, 'periodic': 404} [395s]
  485400/2098208 {'unbalanced': 479482, 'untileable6': 5514, 'periodic': 404} [395s]
  485600/2098208 {'unbalanced': 479682, 'untileable6': 5514, 'periodic': 404} [395s]
  485800/2098208 {'unbalanced': 479881, 'untileable6': 5515, 'periodic': 404} [395s]
  486000/2098208 {'unbalanced': 480081, 'untileable6': 5515, 'periodic': 404} [395s]
  486200/2098208 {'unbalanced': 480281, 'untileable6': 5515, 'periodic': 404} [395s]
  486400/2098208 {'unbalanced': 480479, 'untileable6': 5517, 'periodic': 404} [395s]
  486600/2098208 {'unbalanced': 480677, 'untileable6': 5519, 'periodic': 404} [395s]
  486800/2098208 {'unbalanced': 480867, 'untileable6': 5529, 'periodic': 404} [395s]
  487000/2098208 {'unbalanced': 481065, 'untileable6': 5531, 'periodic': 404} [395s]
  487200/2098208 {'unbalanced': 481265, 'untileable6': 5531, 'periodic': 404} [395s]
  487400/2098208 {'unbalanced': 481464, 'untileable6': 5532, 'periodic': 404} [395s]
  487600/2098208 {'unbalanced': 481658, 'untileable6': 5538, 'periodic': 404} [395s]
  487800/2098208 {'unbalanced': 481856, 'untileable6': 5540, 'periodic': 404} [395s]
  488000/2098208 {'unbalanced': 482050, 'untileable6': 5546, 'periodic': 404} [395s]
  488200/2098208 {'unbalanced': 482244, 'untileable6': 5552, 'periodic': 404} [395s]
  488400/2098208 {'unbalanced': 482427, 'untileable6': 5557, 'periodic': 416} [395s]
  488600/2098208 {'unbalanced': 482627, 'untileable6': 5557, 'periodic': 416} [395s]
  488800/2098208 {'unbalanced': 482826, 'untileable6': 5558, 'periodic': 416} [395s]
  489000/2098208 {'unbalanced': 483024, 'untileable6': 5560, 'periodic': 416} [395s]
  489200/2098208 {'unbalanced': 483222, 'untileable6': 5562, 'periodic': 416} [395s]
  489400/2098208 {'unbalanced': 483418, 'untileable6': 5566, 'periodic': 416} [395s]
  489600/2098208 {'unbalanced': 483616, 'untileable6': 5568, 'periodic': 416} [395s]
  489800/2098208 {'unbalanced': 483803, 'untileable6': 5581, 'periodic': 416} [395s]
  490000/2098208 {'unbalanced': 484003, 'untileable6': 5581, 'periodic': 416} [395s]
  490200/2098208 {'unbalanced': 484203, 'untileable6': 5581, 'periodic': 416} [395s]
  490400/2098208 {'unbalanced': 484400, 'untileable6': 5582, 'periodic': 418} [395s]
  490600/2098208 {'unbalanced': 484593, 'untileable6': 5589, 'periodic': 418} [395s]
  490800/2098208 {'unbalanced': 484785, 'untileable6': 5597, 'periodic': 418} [395s]
  491000/2098208 {'unbalanced': 484978, 'untileable6': 5604, 'periodic': 418} [395s]
  491200/2098208 {'unbalanced': 485163, 'untileable6': 5619, 'periodic': 418} [395s]
  491400/2098208 {'unbalanced': 485363, 'untileable6': 5619, 'periodic': 418} [395s]
  491600/2098208 {'unbalanced': 485561, 'untileable6': 5621, 'periodic': 418} [395s]
  491800/2098208 {'unbalanced': 485760, 'untileable6': 5622, 'periodic': 418} [395s]
  492000/2098208 {'unbalanced': 485954, 'untileable6': 5628, 'periodic': 418} [395s]
  492200/2098208 {'unbalanced': 486152, 'untileable6': 5630, 'periodic': 418} [395s]
  492400/2098208 {'unbalanced': 486341, 'untileable6': 5641, 'periodic': 418} [396s]
  492600/2098208 {'unbalanced': 486538, 'untileable6': 5644, 'periodic': 418} [396s]
  492800/2098208 {'unbalanced': 486738, 'untileable6': 5644, 'periodic': 418} [396s]
  493000/2098208 {'unbalanced': 486938, 'untileable6': 5644, 'periodic': 418} [396s]
  493200/2098208 {'unbalanced': 487132, 'untileable6': 5648, 'periodic': 420} [396s]
  493400/2098208 {'unbalanced': 487322, 'untileable6': 5658, 'periodic': 420} [396s]
  493600/2098208 {'unbalanced': 487516, 'untileable6': 5664, 'periodic': 420} [396s]
  493800/2098208 {'unbalanced': 487706, 'untileable6': 5674, 'periodic': 420} [396s]
  494000/2098208 {'unbalanced': 487892, 'untileable6': 5688, 'periodic': 420} [396s]
  494200/2098208 {'unbalanced': 488092, 'untileable6': 5688, 'periodic': 420} [396s]
  494400/2098208 {'unbalanced': 488292, 'untileable6': 5688, 'periodic': 420} [396s]
  494600/2098208 {'unbalanced': 488491, 'untileable6': 5689, 'periodic': 420} [396s]
  494800/2098208 {'unbalanced': 488691, 'untileable6': 5689, 'periodic': 420} [396s]
  495000/2098208 {'unbalanced': 488890, 'untileable6': 5690, 'periodic': 420} [396s]
  495200/2098208 {'unbalanced': 489090, 'untileable6': 5690, 'periodic': 420} [396s]
  495400/2098208 {'unbalanced': 489286, 'untileable6': 5694, 'periodic': 420} [396s]
  495600/2098208 {'unbalanced': 489486, 'untileable6': 5694, 'periodic': 420} [396s]
  495800/2098208 {'unbalanced': 489686, 'untileable6': 5694, 'periodic': 420} [396s]
  496000/2098208 {'unbalanced': 489886, 'untileable6': 5694, 'periodic': 420} [396s]
  496200/2098208 {'unbalanced': 490084, 'untileable6': 5696, 'periodic': 420} [396s]
  496400/2098208 {'unbalanced': 490281, 'untileable6': 5699, 'periodic': 420} [396s]
  496600/2098208 {'unbalanced': 490480, 'untileable6': 5700, 'periodic': 420} [396s]
  496800/2098208 {'unbalanced': 490677, 'untileable6': 5703, 'periodic': 420} [396s]
  497000/2098208 {'unbalanced': 490877, 'untileable6': 5703, 'periodic': 420} [396s]
  497200/2098208 {'unbalanced': 491074, 'untileable6': 5706, 'periodic': 420} [396s]
  497400/2098208 {'unbalanced': 491267, 'untileable6': 5713, 'periodic': 420} [396s]
  497600/2098208 {'unbalanced': 491457, 'untileable6': 5723, 'periodic': 420} [396s]
  497800/2098208 {'unbalanced': 491643, 'untileable6': 5737, 'periodic': 420} [396s]
  498000/2098208 {'unbalanced': 491837, 'untileable6': 5743, 'periodic': 420} [396s]
  498200/2098208 {'unbalanced': 492037, 'untileable6': 5743, 'periodic': 420} [396s]
  498400/2098208 {'unbalanced': 492233, 'untileable6': 5746, 'periodic': 421} [396s]
  498600/2098208 {'unbalanced': 492424, 'untileable6': 5755, 'periodic': 421} [396s]
  498800/2098208 {'unbalanced': 492619, 'untileable6': 5760, 'periodic': 421} [396s]
  499000/2098208 {'unbalanced': 492808, 'untileable6': 5771, 'periodic': 421} [396s]
  499200/2098208 {'unbalanced': 492993, 'untileable6': 5786, 'periodic': 421} [396s]
  499400/2098208 {'unbalanced': 493179, 'untileable6': 5800, 'periodic': 421} [396s]
  499600/2098208 {'unbalanced': 493379, 'untileable6': 5800, 'periodic': 421} [396s]
  499800/2098208 {'unbalanced': 493577, 'untileable6': 5801, 'periodic': 422} [396s]
  500000/2098208 {'unbalanced': 493769, 'untileable6': 5809, 'periodic': 422} [396s]
  500200/2098208 {'unbalanced': 493963, 'untileable6': 5815, 'periodic': 422} [396s]
  500400/2098208 {'unbalanced': 494153, 'untileable6': 5825, 'periodic': 422} [396s]
  500600/2098208 {'unbalanced': 494342, 'untileable6': 5835, 'periodic': 423} [396s]
  500800/2098208 {'unbalanced': 494526, 'untileable6': 5851, 'periodic': 423} [396s]
  501000/2098208 {'unbalanced': 494724, 'untileable6': 5853, 'periodic': 423} [396s]
  501200/2098208 {'unbalanced': 494924, 'untileable6': 5853, 'periodic': 423} [396s]
  501400/2098208 {'unbalanced': 495124, 'untileable6': 5853, 'periodic': 423} [396s]
  501600/2098208 {'unbalanced': 495312, 'untileable6': 5864, 'periodic': 424} [396s]
  501800/2098208 {'unbalanced': 495508, 'untileable6': 5868, 'periodic': 424} [396s]
  502000/2098208 {'unbalanced': 495703, 'untileable6': 5873, 'periodic': 424} [396s]
  502200/2098208 {'unbalanced': 495889, 'untileable6': 5887, 'periodic': 424} [396s]
  502400/2098208 {'unbalanced': 496089, 'untileable6': 5887, 'periodic': 424} [396s]
  502600/2098208 {'unbalanced': 496282, 'untileable6': 5894, 'periodic': 424} [396s]
  502800/2098208 {'unbalanced': 496475, 'untileable6': 5901, 'periodic': 424} [396s]
  503000/2098208 {'unbalanced': 496665, 'untileable6': 5911, 'periodic': 424} [396s]
  503200/2098208 {'unbalanced': 496855, 'untileable6': 5920, 'periodic': 425} [396s]
  503400/2098208 {'unbalanced': 497040, 'untileable6': 5935, 'periodic': 425} [396s]
  503600/2098208 {'unbalanced': 497233, 'untileable6': 5942, 'periodic': 425} [396s]
  503800/2098208 {'unbalanced': 497433, 'untileable6': 5942, 'periodic': 425} [396s]
  504000/2098208 {'unbalanced': 497633, 'untileable6': 5942, 'periodic': 425} [396s]
  504200/2098208 {'unbalanced': 497823, 'untileable6': 5951, 'periodic': 426} [396s]
  504400/2098208 {'unbalanced': 498019, 'untileable6': 5955, 'periodic': 426} [396s]
  504600/2098208 {'unbalanced': 498212, 'untileable6': 5962, 'periodic': 426} [396s]
  504800/2098208 {'unbalanced': 498402, 'untileable6': 5971, 'periodic': 427} [396s]
  505000/2098208 {'unbalanced': 498592, 'untileable6': 5981, 'periodic': 427} [396s]
  505200/2098208 {'unbalanced': 498792, 'untileable6': 5981, 'periodic': 427} [396s]
  505400/2098208 {'unbalanced': 498992, 'untileable6': 5981, 'periodic': 427} [396s]
  505600/2098208 {'unbalanced': 499189, 'untileable6': 5983, 'periodic': 428} [396s]
  505800/2098208 {'unbalanced': 499388, 'untileable6': 5984, 'periodic': 428} [396s]
  506000/2098208 {'unbalanced': 499586, 'untileable6': 5986, 'periodic': 428} [396s]
  506200/2098208 {'unbalanced': 499784, 'untileable6': 5987, 'periodic': 429} [396s]
  506400/2098208 {'unbalanced': 499979, 'untileable6': 5992, 'periodic': 429} [396s]
  506600/2098208 {'unbalanced': 500179, 'untileable6': 5992, 'periodic': 429} [396s]
  506800/2098208 {'unbalanced': 500379, 'untileable6': 5992, 'periodic': 429} [396s]
  507000/2098208 {'unbalanced': 500579, 'untileable6': 5992, 'periodic': 429} [396s]
  507200/2098208 {'unbalanced': 500776, 'untileable6': 5994, 'periodic': 430} [396s]
  507400/2098208 {'unbalanced': 500975, 'untileable6': 5995, 'periodic': 430} [396s]
  507600/2098208 {'unbalanced': 501174, 'untileable6': 5996, 'periodic': 430} [396s]
  507800/2098208 {'unbalanced': 501374, 'untileable6': 5996, 'periodic': 430} [396s]
  508000/2098208 {'unbalanced': 501573, 'untileable6': 5997, 'periodic': 430} [396s]
  508200/2098208 {'unbalanced': 501772, 'untileable6': 5998, 'periodic': 430} [396s]
  508400/2098208 {'unbalanced': 501967, 'untileable6': 6000, 'periodic': 433} [396s]
  508600/2098208 {'unbalanced': 502165, 'untileable6': 6002, 'periodic': 433} [396s]
  508800/2098208 {'unbalanced': 502361, 'untileable6': 6006, 'periodic': 433} [396s]
  509000/2098208 {'unbalanced': 502557, 'untileable6': 6010, 'periodic': 433} [397s]
  509200/2098208 {'unbalanced': 502747, 'untileable6': 6020, 'periodic': 433} [397s]
  509400/2098208 {'unbalanced': 502935, 'untileable6': 6032, 'periodic': 433} [397s]
  509600/2098208 {'unbalanced': 503133, 'untileable6': 6034, 'periodic': 433} [397s]
  509800/2098208 {'unbalanced': 503327, 'untileable6': 6040, 'periodic': 433} [397s]
  510000/2098208 {'unbalanced': 503523, 'untileable6': 6044, 'periodic': 433} [397s]
  510200/2098208 {'unbalanced': 503711, 'untileable6': 6056, 'periodic': 433} [397s]
  510400/2098208 {'unbalanced': 503903, 'untileable6': 6064, 'periodic': 433} [397s]
  510600/2098208 {'unbalanced': 504101, 'untileable6': 6066, 'periodic': 433} [397s]
  510800/2098208 {'unbalanced': 504299, 'untileable6': 6068, 'periodic': 433} [397s]
  511000/2098208 {'unbalanced': 504496, 'untileable6': 6071, 'periodic': 433} [397s]
  511200/2098208 {'unbalanced': 504690, 'untileable6': 6077, 'periodic': 433} [397s]
  511400/2098208 {'unbalanced': 504890, 'untileable6': 6077, 'periodic': 433} [397s]
  511600/2098208 {'unbalanced': 505085, 'untileable6': 6082, 'periodic': 433} [397s]
  511800/2098208 {'unbalanced': 505283, 'untileable6': 6084, 'periodic': 433} [397s]
  512000/2098208 {'unbalanced': 505479, 'untileable6': 6088, 'periodic': 433} [397s]
  512200/2098208 {'unbalanced': 505673, 'untileable6': 6094, 'periodic': 433} [397s]
  512400/2098208 {'unbalanced': 505864, 'untileable6': 6103, 'periodic': 433} [397s]
  512600/2098208 {'unbalanced': 506049, 'untileable6': 6118, 'periodic': 433} [397s]
  512800/2098208 {'unbalanced': 506243, 'untileable6': 6124, 'periodic': 433} [397s]
  513000/2098208 {'unbalanced': 506427, 'untileable6': 6140, 'periodic': 433} [397s]
  513200/2098208 {'unbalanced': 506623, 'untileable6': 6144, 'periodic': 433} [397s]
  513400/2098208 {'unbalanced': 506813, 'untileable6': 6154, 'periodic': 433} [397s]
  513600/2098208 {'unbalanced': 507001, 'untileable6': 6166, 'periodic': 433} [397s]
  513800/2098208 {'unbalanced': 507191, 'untileable6': 6176, 'periodic': 433} [397s]
  514000/2098208 {'unbalanced': 507377, 'untileable6': 6190, 'periodic': 433} [397s]
  514200/2098208 {'unbalanced': 507574, 'untileable6': 6193, 'periodic': 433} [397s]
  514400/2098208 {'unbalanced': 507769, 'untileable6': 6198, 'periodic': 433} [397s]
  514600/2098208 {'unbalanced': 507964, 'untileable6': 6203, 'periodic': 433} [397s]
  514800/2098208 {'unbalanced': 508159, 'untileable6': 6208, 'periodic': 433} [397s]
  515000/2098208 {'unbalanced': 508359, 'untileable6': 6208, 'periodic': 433} [397s]
  515200/2098208 {'unbalanced': 508557, 'untileable6': 6210, 'periodic': 433} [397s]
  515400/2098208 {'unbalanced': 508752, 'untileable6': 6215, 'periodic': 433} [397s]
  515600/2098208 {'unbalanced': 508945, 'untileable6': 6222, 'periodic': 433} [397s]
  515800/2098208 {'unbalanced': 509141, 'untileable6': 6226, 'periodic': 433} [397s]
  516000/2098208 {'unbalanced': 509333, 'untileable6': 6234, 'periodic': 433} [397s]
  516200/2098208 {'unbalanced': 509526, 'untileable6': 6241, 'periodic': 433} [397s]
  516400/2098208 {'unbalanced': 509709, 'untileable6': 6258, 'periodic': 433} [397s]
  516600/2098208 {'unbalanced': 509895, 'untileable6': 6272, 'periodic': 433} [397s]
  516800/2098208 {'unbalanced': 510091, 'untileable6': 6276, 'periodic': 433} [397s]
  517000/2098208 {'unbalanced': 510285, 'untileable6': 6282, 'periodic': 433} [397s]
  517200/2098208 {'unbalanced': 510477, 'untileable6': 6290, 'periodic': 433} [397s]
  517400/2098208 {'unbalanced': 510655, 'untileable6': 6312, 'periodic': 433} [397s]
  517600/2098208 {'unbalanced': 510847, 'untileable6': 6320, 'periodic': 433} [397s]
  517800/2098208 {'unbalanced': 511044, 'untileable6': 6323, 'periodic': 433} [397s]
  518000/2098208 {'unbalanced': 511241, 'untileable6': 6326, 'periodic': 433} [397s]
  518200/2098208 {'unbalanced': 511436, 'untileable6': 6331, 'periodic': 433} [397s]
  518400/2098208 {'unbalanced': 511628, 'untileable6': 6339, 'periodic': 433} [397s]
  518600/2098208 {'unbalanced': 511825, 'untileable6': 6342, 'periodic': 433} [397s]
  518800/2098208 {'unbalanced': 512016, 'untileable6': 6351, 'periodic': 433} [397s]
  519000/2098208 {'unbalanced': 512210, 'untileable6': 6357, 'periodic': 433} [397s]
  519200/2098208 {'unbalanced': 512400, 'untileable6': 6367, 'periodic': 433} [397s]
  519400/2098208 {'unbalanced': 512593, 'untileable6': 6374, 'periodic': 433} [397s]
  519600/2098208 {'unbalanced': 512777, 'untileable6': 6390, 'periodic': 433} [397s]
  519800/2098208 {'unbalanced': 512961, 'untileable6': 6406, 'periodic': 433} [397s]
  520000/2098208 {'unbalanced': 513145, 'untileable6': 6422, 'periodic': 433} [398s]
  520200/2098208 {'unbalanced': 513329, 'untileable6': 6438, 'periodic': 433} [398s]
  520400/2098208 {'unbalanced': 513519, 'untileable6': 6448, 'periodic': 433} [398s]
  520600/2098208 {'unbalanced': 513701, 'untileable6': 6466, 'periodic': 433} [398s]
  520800/2098208 {'unbalanced': 513887, 'untileable6': 6480, 'periodic': 433} [398s]
  521000/2098208 {'unbalanced': 514071, 'untileable6': 6496, 'periodic': 433} [398s]
  521200/2098208 {'unbalanced': 514253, 'untileable6': 6514, 'periodic': 433} [398s]
  521400/2098208 {'unbalanced': 514446, 'untileable6': 6520, 'periodic': 434} [398s]
  521600/2098208 {'unbalanced': 514637, 'untileable6': 6528, 'periodic': 435} [398s]
  521800/2098208 {'unbalanced': 514832, 'untileable6': 6532, 'periodic': 436} [398s]
  522000/2098208 {'unbalanced': 515025, 'untileable6': 6539, 'periodic': 436} [398s]
  522200/2098208 {'unbalanced': 515225, 'untileable6': 6539, 'periodic': 436} [398s]
  522400/2098208 {'unbalanced': 515425, 'untileable6': 6539, 'periodic': 436} [398s]
  522600/2098208 {'unbalanced': 515625, 'untileable6': 6539, 'periodic': 436} [398s]
  522800/2098208 {'unbalanced': 515825, 'untileable6': 6539, 'periodic': 436} [398s]
  523000/2098208 {'unbalanced': 516025, 'untileable6': 6539, 'periodic': 436} [398s]
  523200/2098208 {'unbalanced': 516225, 'untileable6': 6539, 'periodic': 436} [398s]
  523400/2098208 {'unbalanced': 516425, 'untileable6': 6539, 'periodic': 436} [398s]
  523600/2098208 {'unbalanced': 516625, 'untileable6': 6539, 'periodic': 436} [398s]
  523800/2098208 {'unbalanced': 516825, 'untileable6': 6539, 'periodic': 436} [398s]
  524000/2098208 {'unbalanced': 517025, 'untileable6': 6539, 'periodic': 436} [398s]
  524200/2098208 {'unbalanced': 517225, 'untileable6': 6539, 'periodic': 436} [398s]
  524400/2098208 {'unbalanced': 517425, 'untileable6': 6539, 'periodic': 436} [398s]
  524600/2098208 {'unbalanced': 517625, 'untileable6': 6539, 'periodic': 436} [398s]
  524800/2098208 {'unbalanced': 517825, 'untileable6': 6539, 'periodic': 436} [398s]
  525000/2098208 {'unbalanced': 518025, 'untileable6': 6539, 'periodic': 436} [398s]
  525200/2098208 {'unbalanced': 518225, 'untileable6': 6539, 'periodic': 436} [398s]
  525400/2098208 {'unbalanced': 518425, 'untileable6': 6539, 'periodic': 436} [398s]
  525600/2098208 {'unbalanced': 518625, 'untileable6': 6539, 'periodic': 436} [398s]
  525800/2098208 {'unbalanced': 518825, 'untileable6': 6539, 'periodic': 436} [398s]
  526000/2098208 {'unbalanced': 519023, 'untileable6': 6541, 'periodic': 436} [398s]
  526200/2098208 {'unbalanced': 519223, 'untileable6': 6541, 'periodic': 436} [398s]
  526400/2098208 {'unbalanced': 519423, 'untileable6': 6541, 'periodic': 436} [398s]
  526600/2098208 {'unbalanced': 519623, 'untileable6': 6541, 'periodic': 436} [398s]
  526800/2098208 {'unbalanced': 519823, 'untileable6': 6541, 'periodic': 436} [398s]
  527000/2098208 {'unbalanced': 520023, 'untileable6': 6541, 'periodic': 436} [398s]
  527200/2098208 {'unbalanced': 520223, 'untileable6': 6541, 'periodic': 436} [398s]
  527400/2098208 {'unbalanced': 520423, 'untileable6': 6541, 'periodic': 436} [398s]
  527600/2098208 {'unbalanced': 520623, 'untileable6': 6541, 'periodic': 436} [398s]
  527800/2098208 {'unbalanced': 520822, 'untileable6': 6542, 'periodic': 436} [398s]
  528000/2098208 {'unbalanced': 521022, 'untileable6': 6542, 'periodic': 436} [398s]
  528200/2098208 {'unbalanced': 521222, 'untileable6': 6542, 'periodic': 436} [398s]
  528400/2098208 {'unbalanced': 521422, 'untileable6': 6542, 'periodic': 436} [398s]
  528600/2098208 {'unbalanced': 521622, 'untileable6': 6542, 'periodic': 436} [398s]
  528800/2098208 {'unbalanced': 521822, 'untileable6': 6542, 'periodic': 436} [398s]
  529000/2098208 {'unbalanced': 522022, 'untileable6': 6542, 'periodic': 436} [398s]
  529200/2098208 {'unbalanced': 522222, 'untileable6': 6542, 'periodic': 436} [398s]
  529400/2098208 {'unbalanced': 522422, 'untileable6': 6542, 'periodic': 436} [398s]
  529600/2098208 {'unbalanced': 522620, 'untileable6': 6543, 'periodic': 437} [398s]
  529800/2098208 {'unbalanced': 522817, 'untileable6': 6544, 'periodic': 439} [398s]
  530000/2098208 {'unbalanced': 523017, 'untileable6': 6544, 'periodic': 439} [398s]
  530200/2098208 {'unbalanced': 523217, 'untileable6': 6544, 'periodic': 439} [398s]
  530400/2098208 {'unbalanced': 523417, 'untileable6': 6544, 'periodic': 439} [398s]
  530600/2098208 {'unbalanced': 523617, 'untileable6': 6544, 'periodic': 439} [398s]
  530800/2098208 {'unbalanced': 523815, 'untileable6': 6546, 'periodic': 439} [398s]
  531000/2098208 {'unbalanced': 524015, 'untileable6': 6546, 'periodic': 439} [398s]
  531200/2098208 {'unbalanced': 524215, 'untileable6': 6546, 'periodic': 439} [398s]
  531400/2098208 {'unbalanced': 524415, 'untileable6': 6546, 'periodic': 439} [398s]
  531600/2098208 {'unbalanced': 524614, 'untileable6': 6547, 'periodic': 439} [398s]
  531800/2098208 {'unbalanced': 524814, 'untileable6': 6547, 'periodic': 439} [398s]
  532000/2098208 {'unbalanced': 525014, 'untileable6': 6547, 'periodic': 439} [398s]
  532200/2098208 {'unbalanced': 525213, 'untileable6': 6548, 'periodic': 439} [398s]
  532400/2098208 {'unbalanced': 525410, 'untileable6': 6551, 'periodic': 439} [398s]
  532600/2098208 {'unbalanced': 525610, 'untileable6': 6551, 'periodic': 439} [398s]
  532800/2098208 {'unbalanced': 525810, 'untileable6': 6551, 'periodic': 439} [398s]
  533000/2098208 {'unbalanced': 526010, 'untileable6': 6551, 'periodic': 439} [398s]
  533200/2098208 {'unbalanced': 526210, 'untileable6': 6551, 'periodic': 439} [398s]
  533400/2098208 {'unbalanced': 526410, 'untileable6': 6551, 'periodic': 439} [398s]
  533600/2098208 {'unbalanced': 526608, 'untileable6': 6553, 'periodic': 439} [398s]
  533800/2098208 {'unbalanced': 526804, 'untileable6': 6557, 'periodic': 439} [398s]
  534000/2098208 {'unbalanced': 527004, 'untileable6': 6557, 'periodic': 439} [398s]
  534200/2098208 {'unbalanced': 527204, 'untileable6': 6557, 'periodic': 439} [398s]
  534400/2098208 {'unbalanced': 527404, 'untileable6': 6557, 'periodic': 439} [398s]
  534600/2098208 {'unbalanced': 527602, 'untileable6': 6559, 'periodic': 439} [398s]
  534800/2098208 {'unbalanced': 527800, 'untileable6': 6561, 'periodic': 439} [398s]
  535000/2098208 {'unbalanced': 527999, 'untileable6': 6562, 'periodic': 439} [398s]
  535200/2098208 {'unbalanced': 528196, 'untileable6': 6565, 'periodic': 439} [398s]
  535400/2098208 {'unbalanced': 528396, 'untileable6': 6565, 'periodic': 439} [398s]
  535600/2098208 {'unbalanced': 528596, 'untileable6': 6565, 'periodic': 439} [398s]
  535800/2098208 {'unbalanced': 528796, 'untileable6': 6565, 'periodic': 439} [398s]
  536000/2098208 {'unbalanced': 528996, 'untileable6': 6565, 'periodic': 439} [398s]
  536200/2098208 {'unbalanced': 529194, 'untileable6': 6567, 'periodic': 439} [398s]
  536400/2098208 {'unbalanced': 529388, 'untileable6': 6573, 'periodic': 439} [398s]
  536600/2098208 {'unbalanced': 529588, 'untileable6': 6573, 'periodic': 439} [398s]
  536800/2098208 {'unbalanced': 529788, 'untileable6': 6573, 'periodic': 439} [398s]
  537000/2098208 {'unbalanced': 529988, 'untileable6': 6573, 'periodic': 439} [398s]
  537200/2098208 {'unbalanced': 530186, 'untileable6': 6575, 'periodic': 439} [398s]
  537400/2098208 {'unbalanced': 530384, 'untileable6': 6577, 'periodic': 439} [398s]
  537600/2098208 {'unbalanced': 530583, 'untileable6': 6577, 'periodic': 440} [398s]
  537800/2098208 {'unbalanced': 530781, 'untileable6': 6579, 'periodic': 440} [398s]
  538000/2098208 {'unbalanced': 530975, 'untileable6': 6585, 'periodic': 440} [398s]
  538200/2098208 {'unbalanced': 531175, 'untileable6': 6585, 'periodic': 440} [398s]
  538400/2098208 {'unbalanced': 531375, 'untileable6': 6585, 'periodic': 440} [398s]
  538600/2098208 {'unbalanced': 531574, 'untileable6': 6586, 'periodic': 440} [398s]
  538800/2098208 {'unbalanced': 531774, 'untileable6': 6586, 'periodic': 440} [398s]
  539000/2098208 {'unbalanced': 531973, 'untileable6': 6587, 'periodic': 440} [398s]
  539200/2098208 {'unbalanced': 532172, 'untileable6': 6588, 'periodic': 440} [398s]
  539400/2098208 {'unbalanced': 532364, 'untileable6': 6596, 'periodic': 440} [398s]
  539600/2098208 {'unbalanced': 532564, 'untileable6': 6596, 'periodic': 440} [398s]
  539800/2098208 {'unbalanced': 532764, 'untileable6': 6596, 'periodic': 440} [398s]
  540000/2098208 {'unbalanced': 532964, 'untileable6': 6596, 'periodic': 440} [398s]
  540200/2098208 {'unbalanced': 533161, 'untileable6': 6599, 'periodic': 440} [398s]
  540400/2098208 {'unbalanced': 533354, 'untileable6': 6606, 'periodic': 440} [398s]
  540600/2098208 {'unbalanced': 533552, 'untileable6': 6608, 'periodic': 440} [398s]
  540800/2098208 {'unbalanced': 533750, 'untileable6': 6610, 'periodic': 440} [398s]
  541000/2098208 {'unbalanced': 533950, 'untileable6': 6610, 'periodic': 440} [398s]
  541200/2098208 {'unbalanced': 534150, 'untileable6': 6610, 'periodic': 440} [398s]
  541400/2098208 {'unbalanced': 534349, 'untileable6': 6611, 'periodic': 440} [398s]
  541600/2098208 {'unbalanced': 534547, 'untileable6': 6613, 'periodic': 440} [398s]
  541800/2098208 {'unbalanced': 534744, 'untileable6': 6616, 'periodic': 440} [398s]
  542000/2098208 {'unbalanced': 534944, 'untileable6': 6616, 'periodic': 440} [398s]
  542200/2098208 {'unbalanced': 535144, 'untileable6': 6616, 'periodic': 440} [398s]
  542400/2098208 {'unbalanced': 535343, 'untileable6': 6617, 'periodic': 440} [398s]
  542600/2098208 {'unbalanced': 535542, 'untileable6': 6618, 'periodic': 440} [398s]
  542800/2098208 {'unbalanced': 535742, 'untileable6': 6618, 'periodic': 440} [398s]
  543000/2098208 {'unbalanced': 535942, 'untileable6': 6618, 'periodic': 440} [398s]
  543200/2098208 {'unbalanced': 536141, 'untileable6': 6619, 'periodic': 440} [398s]
  543400/2098208 {'unbalanced': 536339, 'untileable6': 6621, 'periodic': 440} [398s]
  543600/2098208 {'unbalanced': 536539, 'untileable6': 6621, 'periodic': 440} [398s]
  543800/2098208 {'unbalanced': 536739, 'untileable6': 6621, 'periodic': 440} [398s]
  544000/2098208 {'unbalanced': 536938, 'untileable6': 6622, 'periodic': 440} [398s]
  544200/2098208 {'unbalanced': 537137, 'untileable6': 6623, 'periodic': 440} [398s]
  544400/2098208 {'unbalanced': 537334, 'untileable6': 6624, 'periodic': 442} [398s]
  544600/2098208 {'unbalanced': 537529, 'untileable6': 6629, 'periodic': 442} [398s]
  544800/2098208 {'unbalanced': 537719, 'untileable6': 6639, 'periodic': 442} [398s]
  545000/2098208 {'unbalanced': 537919, 'untileable6': 6639, 'periodic': 442} [398s]
  545200/2098208 {'unbalanced': 538119, 'untileable6': 6639, 'periodic': 442} [398s]
  545400/2098208 {'unbalanced': 538318, 'untileable6': 6640, 'periodic': 442} [398s]
  545600/2098208 {'unbalanced': 538515, 'untileable6': 6643, 'periodic': 442} [398s]
  545800/2098208 {'unbalanced': 538711, 'untileable6': 6647, 'periodic': 442} [398s]
  546000/2098208 {'unbalanced': 538911, 'untileable6': 6647, 'periodic': 442} [398s]
  546200/2098208 {'unbalanced': 539108, 'untileable6': 6650, 'periodic': 442} [398s]
  546400/2098208 {'unbalanced': 539308, 'untileable6': 6650, 'periodic': 442} [398s]
  546600/2098208 {'unbalanced': 539508, 'untileable6': 6650, 'periodic': 442} [398s]
  546800/2098208 {'unbalanced': 539708, 'untileable6': 6650, 'periodic': 442} [398s]
  547000/2098208 {'unbalanced': 539904, 'untileable6': 6652, 'periodic': 444} [398s]
  547200/2098208 {'unbalanced': 540101, 'untileable6': 6655, 'periodic': 444} [398s]
  547400/2098208 {'unbalanced': 540294, 'untileable6': 6662, 'periodic': 444} [398s]
  547600/2098208 {'unbalanced': 540488, 'untileable6': 6668, 'periodic': 444} [398s]
  547800/2098208 {'unbalanced': 540688, 'untileable6': 6668, 'periodic': 444} [398s]
  548000/2098208 {'unbalanced': 540888, 'untileable6': 6668, 'periodic': 444} [398s]
  548200/2098208 {'unbalanced': 541084, 'untileable6': 6672, 'periodic': 444} [398s]
  548400/2098208 {'unbalanced': 541280, 'untileable6': 6676, 'periodic': 444} [398s]
  548600/2098208 {'unbalanced': 541479, 'untileable6': 6677, 'periodic': 444} [398s]
  548800/2098208 {'unbalanced': 541674, 'untileable6': 6682, 'periodic': 444} [398s]
  549000/2098208 {'unbalanced': 541870, 'untileable6': 6686, 'periodic': 444} [398s]
  549200/2098208 {'unbalanced': 542070, 'untileable6': 6686, 'periodic': 444} [398s]
  549400/2098208 {'unbalanced': 542270, 'untileable6': 6686, 'periodic': 444} [398s]
  549600/2098208 {'unbalanced': 542464, 'untileable6': 6692, 'periodic': 444} [398s]
  549800/2098208 {'unbalanced': 542662, 'untileable6': 6694, 'periodic': 444} [398s]
  550000/2098208 {'unbalanced': 542856, 'untileable6': 6700, 'periodic': 444} [398s]
  550200/2098208 {'unbalanced': 543049, 'untileable6': 6707, 'periodic': 444} [398s]
  550400/2098208 {'unbalanced': 543233, 'untileable6': 6713, 'periodic': 454} [399s]
  550600/2098208 {'unbalanced': 543430, 'untileable6': 6713, 'periodic': 457} [399s]
  550800/2098208 {'unbalanced': 543630, 'untileable6': 6713, 'periodic': 457} [399s]
  551000/2098208 {'unbalanced': 543828, 'untileable6': 6715, 'periodic': 457} [399s]
  551200/2098208 {'unbalanced': 544015, 'untileable6': 6728, 'periodic': 457} [399s]
  551400/2098208 {'unbalanced': 544209, 'untileable6': 6734, 'periodic': 457} [399s]
  551600/2098208 {'unbalanced': 544404, 'untileable6': 6739, 'periodic': 457} [399s]
  551800/2098208 {'unbalanced': 544604, 'untileable6': 6739, 'periodic': 457} [399s]
  552000/2098208 {'unbalanced': 544804, 'untileable6': 6739, 'periodic': 457} [399s]
  552200/2098208 {'unbalanced': 545002, 'untileable6': 6741, 'periodic': 457} [399s]
  552400/2098208 {'unbalanced': 545202, 'untileable6': 6741, 'periodic': 457} [399s]
  552600/2098208 {'unbalanced': 545402, 'untileable6': 6741, 'periodic': 457} [399s]
  552800/2098208 {'unbalanced': 545600, 'untileable6': 6743, 'periodic': 457} [399s]
  553000/2098208 {'unbalanced': 545800, 'untileable6': 6743, 'periodic': 457} [399s]
  553200/2098208 {'unbalanced': 545999, 'untileable6': 6744, 'periodic': 457} [399s]
  553400/2098208 {'unbalanced': 546198, 'untileable6': 6745, 'periodic': 457} [399s]
  553600/2098208 {'unbalanced': 546395, 'untileable6': 6748, 'periodic': 457} [399s]
  553800/2098208 {'unbalanced': 546595, 'untileable6': 6748, 'periodic': 457} [399s]
  554000/2098208 {'unbalanced': 546794, 'untileable6': 6749, 'periodic': 457} [399s]
  554200/2098208 {'unbalanced': 546991, 'untileable6': 6752, 'periodic': 457} [399s]
  554400/2098208 {'unbalanced': 547191, 'untileable6': 6752, 'periodic': 457} [399s]
  554600/2098208 {'unbalanced': 547391, 'untileable6': 6752, 'periodic': 457} [399s]
  554800/2098208 {'unbalanced': 547590, 'untileable6': 6753, 'periodic': 457} [399s]
  555000/2098208 {'unbalanced': 547790, 'untileable6': 6753, 'periodic': 457} [399s]
  555200/2098208 {'unbalanced': 547985, 'untileable6': 6758, 'periodic': 457} [399s]
  555400/2098208 {'unbalanced': 548185, 'untileable6': 6758, 'periodic': 457} [399s]
  555600/2098208 {'unbalanced': 548382, 'untileable6': 6761, 'periodic': 457} [399s]
  555800/2098208 {'unbalanced': 548579, 'untileable6': 6764, 'periodic': 457} [399s]
  556000/2098208 {'unbalanced': 548778, 'untileable6': 6765, 'periodic': 457} [399s]
  556200/2098208 {'unbalanced': 548975, 'untileable6': 6766, 'periodic': 459} [399s]
  556400/2098208 {'unbalanced': 549169, 'untileable6': 6772, 'periodic': 459} [399s]
  556600/2098208 {'unbalanced': 549363, 'untileable6': 6778, 'periodic': 459} [399s]
  556800/2098208 {'unbalanced': 549559, 'untileable6': 6782, 'periodic': 459} [399s]
  557000/2098208 {'unbalanced': 549756, 'untileable6': 6785, 'periodic': 459} [399s]
  557200/2098208 {'unbalanced': 549955, 'untileable6': 6786, 'periodic': 459} [399s]
  557400/2098208 {'unbalanced': 550155, 'untileable6': 6786, 'periodic': 459} [399s]
  557600/2098208 {'unbalanced': 550354, 'untileable6': 6787, 'periodic': 459} [399s]
  557800/2098208 {'unbalanced': 550552, 'untileable6': 6789, 'periodic': 459} [399s]
  558000/2098208 {'unbalanced': 550748, 'untileable6': 6793, 'periodic': 459} [399s]
  558200/2098208 {'unbalanced': 550945, 'untileable6': 6796, 'periodic': 459} [399s]
  558400/2098208 {'unbalanced': 551140, 'untileable6': 6801, 'periodic': 459} [399s]
  558600/2098208 {'unbalanced': 551340, 'untileable6': 6801, 'periodic': 459} [399s]
  558800/2098208 {'unbalanced': 551536, 'untileable6': 6803, 'periodic': 461} [399s]
  559000/2098208 {'unbalanced': 551734, 'untileable6': 6805, 'periodic': 461} [399s]
  559200/2098208 {'unbalanced': 551927, 'untileable6': 6812, 'periodic': 461} [399s]
  559400/2098208 {'unbalanced': 552120, 'untileable6': 6819, 'periodic': 461} [399s]
  559600/2098208 {'unbalanced': 552316, 'untileable6': 6823, 'periodic': 461} [399s]
  559800/2098208 {'unbalanced': 552510, 'untileable6': 6829, 'periodic': 461} [399s]
  560000/2098208 {'unbalanced': 552710, 'untileable6': 6829, 'periodic': 461} [399s]
  560200/2098208 {'unbalanced': 552909, 'untileable6': 6830, 'periodic': 461} [399s]
  560400/2098208 {'unbalanced': 553109, 'untileable6': 6830, 'periodic': 461} [399s]
  560600/2098208 {'unbalanced': 553303, 'untileable6': 6836, 'periodic': 461} [399s]
  560800/2098208 {'unbalanced': 553501, 'untileable6': 6838, 'periodic': 461} [399s]
  561000/2098208 {'unbalanced': 553695, 'untileable6': 6844, 'periodic': 461} [399s]
  561200/2098208 {'unbalanced': 553893, 'untileable6': 6846, 'periodic': 461} [399s]
  561400/2098208 {'unbalanced': 554087, 'untileable6': 6852, 'periodic': 461} [399s]
  561600/2098208 {'unbalanced': 554285, 'untileable6': 6854, 'periodic': 461} [399s]
  561800/2098208 {'unbalanced': 554477, 'untileable6': 6862, 'periodic': 461} [399s]
  562000/2098208 {'unbalanced': 554670, 'untileable6': 6869, 'periodic': 461} [399s]
  562200/2098208 {'unbalanced': 554858, 'untileable6': 6881, 'periodic': 461} [399s]
  562400/2098208 {'unbalanced': 555046, 'untileable6': 6893, 'periodic': 461} [399s]
  562600/2098208 {'unbalanced': 555241, 'untileable6': 6898, 'periodic': 461} [399s]
  562800/2098208 {'unbalanced': 555441, 'untileable6': 6898, 'periodic': 461} [399s]
  563000/2098208 {'unbalanced': 555640, 'untileable6': 6899, 'periodic': 461} [399s]
  563200/2098208 {'unbalanced': 555839, 'untileable6': 6899, 'periodic': 462} [399s]
  563400/2098208 {'unbalanced': 556038, 'untileable6': 6900, 'periodic': 462} [399s]
  563600/2098208 {'unbalanced': 556236, 'untileable6': 6902, 'periodic': 462} [399s]
  563800/2098208 {'unbalanced': 556434, 'untileable6': 6904, 'periodic': 462} [399s]
  564000/2098208 {'unbalanced': 556633, 'untileable6': 6905, 'periodic': 462} [399s]
  564200/2098208 {'unbalanced': 556832, 'untileable6': 6905, 'periodic': 463} [399s]
  564400/2098208 {'unbalanced': 557030, 'untileable6': 6907, 'periodic': 463} [399s]
  564600/2098208 {'unbalanced': 557228, 'untileable6': 6909, 'periodic': 463} [399s]
  564800/2098208 {'unbalanced': 557428, 'untileable6': 6909, 'periodic': 463} [399s]
  565000/2098208 {'unbalanced': 557628, 'untileable6': 6909, 'periodic': 463} [399s]
  565200/2098208 {'unbalanced': 557827, 'untileable6': 6910, 'periodic': 463} [399s]
  565400/2098208 {'unbalanced': 558026, 'untileable6': 6911, 'periodic': 463} [399s]
  565600/2098208 {'unbalanced': 558225, 'untileable6': 6911, 'periodic': 464} [399s]
  565800/2098208 {'unbalanced': 558423, 'untileable6': 6913, 'periodic': 464} [399s]
  566000/2098208 {'unbalanced': 558616, 'untileable6': 6920, 'periodic': 464} [399s]
  566200/2098208 {'unbalanced': 558811, 'untileable6': 6925, 'periodic': 464} [399s]
  566400/2098208 {'unbalanced': 559002, 'untileable6': 6933, 'periodic': 465} [399s]
  566600/2098208 {'unbalanced': 559198, 'untileable6': 6937, 'periodic': 465} [399s]
  566800/2098208 {'unbalanced': 559392, 'untileable6': 6943, 'periodic': 465} [399s]
  567000/2098208 {'unbalanced': 559588, 'untileable6': 6947, 'periodic': 465} [399s]
  567200/2098208 {'unbalanced': 559786, 'untileable6': 6949, 'periodic': 465} [399s]
  567400/2098208 {'unbalanced': 559981, 'untileable6': 6953, 'periodic': 466} [399s]
  567600/2098208 {'unbalanced': 560173, 'untileable6': 6961, 'periodic': 466} [399s]
  567800/2098208 {'unbalanced': 560368, 'untileable6': 6966, 'periodic': 466} [399s]
  568000/2098208 {'unbalanced': 560567, 'untileable6': 6967, 'periodic': 466} [399s]
  568200/2098208 {'unbalanced': 560766, 'untileable6': 6968, 'periodic': 466} [399s]
  568400/2098208 {'unbalanced': 560965, 'untileable6': 6969, 'periodic': 466} [399s]
  568600/2098208 {'unbalanced': 561161, 'untileable6': 6973, 'periodic': 466} [399s]
  568800/2098208 {'unbalanced': 561355, 'untileable6': 6979, 'periodic': 466} [399s]
  569000/2098208 {'unbalanced': 561547, 'untileable6': 6986, 'periodic': 467} [399s]
  569200/2098208 {'unbalanced': 561741, 'untileable6': 6992, 'periodic': 467} [399s]
  569400/2098208 {'unbalanced': 561935, 'untileable6': 6998, 'periodic': 467} [399s]
  569600/2098208 {'unbalanced': 562133, 'untileable6': 7000, 'periodic': 467} [399s]
  569800/2098208 {'unbalanced': 562329, 'untileable6': 7004, 'periodic': 467} [399s]
  570000/2098208 {'unbalanced': 562525, 'untileable6': 7007, 'periodic': 468} [399s]
  570200/2098208 {'unbalanced': 562716, 'untileable6': 7016, 'periodic': 468} [399s]
  570400/2098208 {'unbalanced': 562911, 'untileable6': 7021, 'periodic': 468} [399s]
  570600/2098208 {'unbalanced': 563106, 'untileable6': 7025, 'periodic': 469} [399s]
  570800/2098208 {'unbalanced': 563303, 'untileable6': 7028, 'periodic': 469} [399s]
  571000/2098208 {'unbalanced': 563500, 'untileable6': 7031, 'periodic': 469} [399s]
  571200/2098208 {'unbalanced': 563693, 'untileable6': 7037, 'periodic': 470} [399s]
  571400/2098208 {'unbalanced': 563886, 'untileable6': 7044, 'periodic': 470} [400s]
  571600/2098208 {'unbalanced': 564069, 'untileable6': 7061, 'periodic': 470} [400s]
  571800/2098208 {'unbalanced': 564257, 'untileable6': 7073, 'periodic': 470} [400s]
  572000/2098208 {'unbalanced': 564439, 'untileable6': 7090, 'periodic': 471} [400s]
  572200/2098208 {'unbalanced': 564631, 'untileable6': 7098, 'periodic': 471} [400s]
  572400/2098208 {'unbalanced': 564820, 'untileable6': 7109, 'periodic': 471} [400s]
  572600/2098208 {'unbalanced': 565007, 'untileable6': 7122, 'periodic': 471} [400s]
  572800/2098208 {'unbalanced': 565201, 'untileable6': 7128, 'periodic': 471} [400s]
  573000/2098208 {'unbalanced': 565390, 'untileable6': 7138, 'periodic': 472} [400s]
  573200/2098208 {'unbalanced': 565575, 'untileable6': 7153, 'periodic': 472} [400s]
  573400/2098208 {'unbalanced': 565766, 'untileable6': 7162, 'periodic': 472} [400s]
  573600/2098208 {'unbalanced': 565964, 'untileable6': 7164, 'periodic': 472} [400s]
  573800/2098208 {'unbalanced': 566164, 'untileable6': 7164, 'periodic': 472} [400s]
  574000/2098208 {'unbalanced': 566364, 'untileable6': 7164, 'periodic': 472} [400s]
  574200/2098208 {'unbalanced': 566564, 'untileable6': 7164, 'periodic': 472} [400s]
  574400/2098208 {'unbalanced': 566763, 'untileable6': 7165, 'periodic': 472} [400s]
  574600/2098208 {'unbalanced': 566963, 'untileable6': 7165, 'periodic': 472} [400s]
  574800/2098208 {'unbalanced': 567163, 'untileable6': 7165, 'periodic': 472} [400s]
  575000/2098208 {'unbalanced': 567363, 'untileable6': 7165, 'periodic': 472} [400s]
  575200/2098208 {'unbalanced': 567563, 'untileable6': 7165, 'periodic': 472} [400s]
  575400/2098208 {'unbalanced': 567763, 'untileable6': 7165, 'periodic': 472} [400s]
  575600/2098208 {'unbalanced': 567962, 'untileable6': 7166, 'periodic': 472} [400s]
  575800/2098208 {'unbalanced': 568161, 'untileable6': 7167, 'periodic': 472} [400s]
  576000/2098208 {'unbalanced': 568361, 'untileable6': 7167, 'periodic': 472} [400s]
  576200/2098208 {'unbalanced': 568561, 'untileable6': 7167, 'periodic': 472} [400s]
  576400/2098208 {'unbalanced': 568761, 'untileable6': 7167, 'periodic': 472} [400s]
  576600/2098208 {'unbalanced': 568961, 'untileable6': 7167, 'periodic': 472} [400s]
  576800/2098208 {'unbalanced': 569161, 'untileable6': 7167, 'periodic': 472} [400s]
  577000/2098208 {'unbalanced': 569360, 'untileable6': 7168, 'periodic': 472} [400s]
  577200/2098208 {'unbalanced': 569557, 'untileable6': 7171, 'periodic': 472} [400s]
  577400/2098208 {'unbalanced': 569757, 'untileable6': 7171, 'periodic': 472} [400s]
  577600/2098208 {'unbalanced': 569957, 'untileable6': 7171, 'periodic': 472} [400s]
  577800/2098208 {'unbalanced': 570157, 'untileable6': 7171, 'periodic': 472} [400s]
  578000/2098208 {'unbalanced': 570357, 'untileable6': 7171, 'periodic': 472} [400s]
  578200/2098208 {'unbalanced': 570557, 'untileable6': 7171, 'periodic': 472} [400s]
  578400/2098208 {'unbalanced': 570755, 'untileable6': 7172, 'periodic': 473} [400s]
  578600/2098208 {'unbalanced': 570955, 'untileable6': 7172, 'periodic': 473} [400s]
  578800/2098208 {'unbalanced': 571155, 'untileable6': 7172, 'periodic': 473} [400s]
  579000/2098208 {'unbalanced': 571355, 'untileable6': 7172, 'periodic': 473} [400s]
  579200/2098208 {'unbalanced': 571555, 'untileable6': 7172, 'periodic': 473} [400s]
  579400/2098208 {'unbalanced': 571753, 'untileable6': 7174, 'periodic': 473} [400s]
  579600/2098208 {'unbalanced': 571951, 'untileable6': 7176, 'periodic': 473} [400s]
  579800/2098208 {'unbalanced': 572151, 'untileable6': 7176, 'periodic': 473} [400s]
  580000/2098208 {'unbalanced': 572351, 'untileable6': 7176, 'periodic': 473} [400s]
  580200/2098208 {'unbalanced': 572551, 'untileable6': 7176, 'periodic': 473} [400s]
  580400/2098208 {'unbalanced': 572751, 'untileable6': 7176, 'periodic': 473} [400s]
  580600/2098208 {'unbalanced': 572951, 'untileable6': 7176, 'periodic': 473} [400s]
  580800/2098208 {'unbalanced': 573149, 'untileable6': 7176, 'periodic': 475} [400s]
  581000/2098208 {'unbalanced': 573347, 'untileable6': 7178, 'periodic': 475} [400s]
  581200/2098208 {'unbalanced': 573547, 'untileable6': 7178, 'periodic': 475} [400s]
  581400/2098208 {'unbalanced': 573747, 'untileable6': 7178, 'periodic': 475} [400s]
  581600/2098208 {'unbalanced': 573947, 'untileable6': 7178, 'periodic': 475} [400s]
  581800/2098208 {'unbalanced': 574147, 'untileable6': 7178, 'periodic': 475} [400s]
  582000/2098208 {'unbalanced': 574347, 'untileable6': 7178, 'periodic': 475} [400s]
  582200/2098208 {'unbalanced': 574545, 'untileable6': 7180, 'periodic': 475} [400s]
  582400/2098208 {'unbalanced': 574739, 'untileable6': 7186, 'periodic': 475} [400s]
  582600/2098208 {'unbalanced': 574939, 'untileable6': 7186, 'periodic': 475} [400s]
  582800/2098208 {'unbalanced': 575139, 'untileable6': 7186, 'periodic': 475} [400s]
  583000/2098208 {'unbalanced': 575339, 'untileable6': 7186, 'periodic': 475} [400s]
  583200/2098208 {'unbalanced': 575539, 'untileable6': 7186, 'periodic': 475} [400s]
  583400/2098208 {'unbalanced': 575736, 'untileable6': 7189, 'periodic': 475} [400s]
  583600/2098208 {'unbalanced': 575936, 'untileable6': 7189, 'periodic': 475} [400s]
  583800/2098208 {'unbalanced': 576136, 'untileable6': 7189, 'periodic': 475} [400s]
  584000/2098208 {'unbalanced': 576336, 'untileable6': 7189, 'periodic': 475} [400s]
  584200/2098208 {'unbalanced': 576535, 'untileable6': 7190, 'periodic': 475} [400s]
  584400/2098208 {'unbalanced': 576734, 'untileable6': 7191, 'periodic': 475} [400s]
  584600/2098208 {'unbalanced': 576934, 'untileable6': 7191, 'periodic': 475} [400s]
  584800/2098208 {'unbalanced': 577134, 'untileable6': 7191, 'periodic': 475} [400s]
  585000/2098208 {'unbalanced': 577334, 'untileable6': 7191, 'periodic': 475} [400s]
  585200/2098208 {'unbalanced': 577534, 'untileable6': 7191, 'periodic': 475} [400s]
  585400/2098208 {'unbalanced': 577734, 'untileable6': 7191, 'periodic': 475} [400s]
  585600/2098208 {'unbalanced': 577934, 'untileable6': 7191, 'periodic': 475} [400s]
  585800/2098208 {'unbalanced': 578133, 'untileable6': 7192, 'periodic': 475} [400s]
  586000/2098208 {'unbalanced': 578333, 'untileable6': 7192, 'periodic': 475} [400s]
  586200/2098208 {'unbalanced': 578533, 'untileable6': 7192, 'periodic': 475} [400s]
  586400/2098208 {'unbalanced': 578733, 'untileable6': 7192, 'periodic': 475} [400s]
  586600/2098208 {'unbalanced': 578933, 'untileable6': 7192, 'periodic': 475} [400s]
  586800/2098208 {'unbalanced': 579133, 'untileable6': 7192, 'periodic': 475} [400s]
  587000/2098208 {'unbalanced': 579331, 'untileable6': 7194, 'periodic': 475} [400s]
  587200/2098208 {'unbalanced': 579527, 'untileable6': 7196, 'periodic': 477} [400s]
  587400/2098208 {'unbalanced': 579725, 'untileable6': 7198, 'periodic': 477} [400s]
  587600/2098208 {'unbalanced': 579925, 'untileable6': 7198, 'periodic': 477} [400s]
  587800/2098208 {'unbalanced': 580125, 'untileable6': 7198, 'periodic': 477} [400s]
  588000/2098208 {'unbalanced': 580325, 'untileable6': 7198, 'periodic': 477} [400s]
  588200/2098208 {'unbalanced': 580525, 'untileable6': 7198, 'periodic': 477} [400s]
  588400/2098208 {'unbalanced': 580724, 'untileable6': 7199, 'periodic': 477} [400s]
  588600/2098208 {'unbalanced': 580924, 'untileable6': 7199, 'periodic': 477} [400s]
  588800/2098208 {'unbalanced': 581124, 'untileable6': 7199, 'periodic': 477} [400s]
  589000/2098208 {'unbalanced': 581324, 'untileable6': 7199, 'periodic': 477} [400s]
  589200/2098208 {'unbalanced': 581524, 'untileable6': 7199, 'periodic': 477} [400s]
  589400/2098208 {'unbalanced': 581720, 'untileable6': 7201, 'periodic': 479} [400s]
  589600/2098208 {'unbalanced': 581916, 'untileable6': 7205, 'periodic': 479} [400s]
  589800/2098208 {'unbalanced': 582116, 'untileable6': 7205, 'periodic': 479} [400s]
  590000/2098208 {'unbalanced': 582316, 'untileable6': 7205, 'periodic': 479} [400s]
  590200/2098208 {'unbalanced': 582516, 'untileable6': 7205, 'periodic': 479} [400s]
  590400/2098208 {'unbalanced': 582716, 'untileable6': 7205, 'periodic': 479} [400s]
  590600/2098208 {'unbalanced': 582916, 'untileable6': 7205, 'periodic': 479} [400s]
  590800/2098208 {'unbalanced': 583116, 'untileable6': 7205, 'periodic': 479} [400s]
  591000/2098208 {'unbalanced': 583314, 'untileable6': 7207, 'periodic': 479} [400s]
  591200/2098208 {'unbalanced': 583514, 'untileable6': 7207, 'periodic': 479} [400s]
  591400/2098208 {'unbalanced': 583714, 'untileable6': 7207, 'periodic': 479} [400s]
  591600/2098208 {'unbalanced': 583914, 'untileable6': 7207, 'periodic': 479} [400s]
  591800/2098208 {'unbalanced': 584114, 'untileable6': 7207, 'periodic': 479} [400s]
  592000/2098208 {'unbalanced': 584314, 'untileable6': 7207, 'periodic': 479} [400s]
  592200/2098208 {'unbalanced': 584510, 'untileable6': 7211, 'periodic': 479} [400s]
  592400/2098208 {'unbalanced': 584699, 'untileable6': 7222, 'periodic': 479} [400s]
  592600/2098208 {'unbalanced': 584896, 'untileable6': 7225, 'periodic': 479} [400s]
  592800/2098208 {'unbalanced': 585096, 'untileable6': 7225, 'periodic': 479} [400s]
  593000/2098208 {'unbalanced': 585296, 'untileable6': 7225, 'periodic': 479} [400s]
  593200/2098208 {'unbalanced': 585496, 'untileable6': 7225, 'periodic': 479} [400s]
  593400/2098208 {'unbalanced': 585696, 'untileable6': 7225, 'periodic': 479} [400s]
  593600/2098208 {'unbalanced': 585895, 'untileable6': 7226, 'periodic': 479} [400s]
  593800/2098208 {'unbalanced': 586095, 'untileable6': 7226, 'periodic': 479} [400s]
  594000/2098208 {'unbalanced': 586294, 'untileable6': 7227, 'periodic': 479} [400s]
  594200/2098208 {'unbalanced': 586493, 'untileable6': 7228, 'periodic': 479} [400s]
  594400/2098208 {'unbalanced': 586690, 'untileable6': 7231, 'periodic': 479} [400s]
  594600/2098208 {'unbalanced': 586890, 'untileable6': 7231, 'periodic': 479} [400s]
  594800/2098208 {'unbalanced': 587090, 'untileable6': 7231, 'periodic': 479} [400s]
  595000/2098208 {'unbalanced': 587289, 'untileable6': 7232, 'periodic': 479} [400s]
  595200/2098208 {'unbalanced': 587488, 'untileable6': 7233, 'periodic': 479} [400s]
  595400/2098208 {'unbalanced': 587688, 'untileable6': 7233, 'periodic': 479} [400s]
  595600/2098208 {'unbalanced': 587887, 'untileable6': 7234, 'periodic': 479} [400s]
  595800/2098208 {'unbalanced': 588085, 'untileable6': 7236, 'periodic': 479} [400s]
  596000/2098208 {'unbalanced': 588283, 'untileable6': 7238, 'periodic': 479} [400s]
  596200/2098208 {'unbalanced': 588483, 'untileable6': 7238, 'periodic': 479} [400s]
  596400/2098208 {'unbalanced': 588682, 'untileable6': 7239, 'periodic': 479} [400s]
  596600/2098208 {'unbalanced': 588882, 'untileable6': 7239, 'periodic': 479} [400s]
  596800/2098208 {'unbalanced': 589078, 'untileable6': 7243, 'periodic': 479} [400s]
  597000/2098208 {'unbalanced': 589276, 'untileable6': 7245, 'periodic': 479} [400s]
  597200/2098208 {'unbalanced': 589466, 'untileable6': 7255, 'periodic': 479} [400s]
  597400/2098208 {'unbalanced': 589664, 'untileable6': 7257, 'periodic': 479} [400s]
  597600/2098208 {'unbalanced': 589864, 'untileable6': 7257, 'periodic': 479} [400s]
  597800/2098208 {'unbalanced': 590062, 'untileable6': 7259, 'periodic': 479} [400s]
  598000/2098208 {'unbalanced': 590258, 'untileable6': 7261, 'periodic': 481} [400s]
  598200/2098208 {'unbalanced': 590456, 'untileable6': 7263, 'periodic': 481} [400s]
  598400/2098208 {'unbalanced': 590653, 'untileable6': 7266, 'periodic': 481} [400s]
  598600/2098208 {'unbalanced': 590851, 'untileable6': 7268, 'periodic': 481} [400s]
  598800/2098208 {'unbalanced': 591051, 'untileable6': 7268, 'periodic': 481} [400s]
  599000/2098208 {'unbalanced': 591251, 'untileable6': 7268, 'periodic': 481} [400s]
  599200/2098208 {'unbalanced': 591447, 'untileable6': 7272, 'periodic': 481} [400s]
  599400/2098208 {'unbalanced': 591643, 'untileable6': 7276, 'periodic': 481} [400s]
  599600/2098208 {'unbalanced': 591833, 'untileable6': 7286, 'periodic': 481} [400s]
  599800/2098208 {'unbalanced': 592033, 'untileable6': 7286, 'periodic': 481} [400s]
  600000/2098208 {'unbalanced': 592233, 'untileable6': 7286, 'periodic': 481} [400s]
  600200/2098208 {'unbalanced': 592429, 'untileable6': 7288, 'periodic': 483} [400s]
  600400/2098208 {'unbalanced': 592625, 'untileable6': 7292, 'periodic': 483} [400s]
  600600/2098208 {'unbalanced': 592824, 'untileable6': 7293, 'periodic': 483} [400s]
  600800/2098208 {'unbalanced': 593022, 'untileable6': 7295, 'periodic': 483} [400s]
  601000/2098208 {'unbalanced': 593213, 'untileable6': 7304, 'periodic': 483} [400s]
  601200/2098208 {'unbalanced': 593413, 'untileable6': 7304, 'periodic': 483} [400s]
  601400/2098208 {'unbalanced': 593613, 'untileable6': 7304, 'periodic': 483} [400s]
  601600/2098208 {'unbalanced': 593808, 'untileable6': 7309, 'periodic': 483} [400s]
  601800/2098208 {'unbalanced': 594006, 'untileable6': 7311, 'periodic': 483} [400s]
  602000/2098208 {'unbalanced': 594200, 'untileable6': 7317, 'periodic': 483} [400s]
  602200/2098208 {'unbalanced': 594395, 'untileable6': 7322, 'periodic': 483} [400s]
  602400/2098208 {'unbalanced': 594579, 'untileable6': 7330, 'periodic': 491} [400s]
  602600/2098208 {'unbalanced': 594773, 'untileable6': 7331, 'periodic': 496} [400s]
  602800/2098208 {'unbalanced': 594973, 'untileable6': 7331, 'periodic': 496} [400s]
  603000/2098208 {'unbalanced': 595168, 'untileable6': 7336, 'periodic': 496} [400s]
  603200/2098208 {'unbalanced': 595358, 'untileable6': 7345, 'periodic': 497} [401s]
  603400/2098208 {'unbalanced': 595553, 'untileable6': 7350, 'periodic': 497} [401s]
  603600/2098208 {'unbalanced': 595748, 'untileable6': 7355, 'periodic': 497} [401s]
  603800/2098208 {'unbalanced': 595948, 'untileable6': 7355, 'periodic': 497} [401s]
  604000/2098208 {'unbalanced': 596147, 'untileable6': 7356, 'periodic': 497} [401s]
  604200/2098208 {'unbalanced': 596346, 'untileable6': 7357, 'periodic': 497} [401s]
  604400/2098208 {'unbalanced': 596544, 'untileable6': 7358, 'periodic': 498} [401s]
  604600/2098208 {'unbalanced': 596742, 'untileable6': 7360, 'periodic': 498} [401s]
  604800/2098208 {'unbalanced': 596942, 'untileable6': 7360, 'periodic': 498} [401s]
  605000/2098208 {'unbalanced': 597142, 'untileable6': 7360, 'periodic': 498} [401s]
  605200/2098208 {'unbalanced': 597341, 'untileable6': 7360, 'periodic': 499} [401s]
  605400/2098208 {'unbalanced': 597541, 'untileable6': 7360, 'periodic': 499} [401s]
  605600/2098208 {'unbalanced': 597741, 'untileable6': 7360, 'periodic': 499} [401s]
  605800/2098208 {'unbalanced': 597940, 'untileable6': 7360, 'periodic': 500} [401s]
  606000/2098208 {'unbalanced': 598140, 'untileable6': 7360, 'periodic': 500} [401s]
  606200/2098208 {'unbalanced': 598340, 'untileable6': 7360, 'periodic': 500} [401s]
  606400/2098208 {'unbalanced': 598540, 'untileable6': 7360, 'periodic': 500} [401s]
  606600/2098208 {'unbalanced': 598737, 'untileable6': 7362, 'periodic': 501} [401s]
  606800/2098208 {'unbalanced': 598933, 'untileable6': 7366, 'periodic': 501} [401s]
  607000/2098208 {'unbalanced': 599129, 'untileable6': 7370, 'periodic': 501} [401s]
  607200/2098208 {'unbalanced': 599319, 'untileable6': 7379, 'periodic': 502} [401s]
  607400/2098208 {'unbalanced': 599513, 'untileable6': 7385, 'periodic': 502} [401s]
  607600/2098208 {'unbalanced': 599713, 'untileable6': 7385, 'periodic': 502} [401s]
  607800/2098208 {'unbalanced': 599913, 'untileable6': 7385, 'periodic': 502} [401s]
  608000/2098208 {'unbalanced': 600111, 'untileable6': 7387, 'periodic': 502} [401s]
  608200/2098208 {'unbalanced': 600309, 'untileable6': 7388, 'periodic': 503} [401s]
  608400/2098208 {'unbalanced': 600509, 'untileable6': 7388, 'periodic': 503} [401s]
  608600/2098208 {'unbalanced': 600708, 'untileable6': 7389, 'periodic': 503} [401s]
  608800/2098208 {'unbalanced': 600908, 'untileable6': 7389, 'periodic': 503} [401s]
  609000/2098208 {'unbalanced': 601107, 'untileable6': 7390, 'periodic': 503} [401s]
  609200/2098208 {'unbalanced': 601303, 'untileable6': 7394, 'periodic': 503} [401s]
  609400/2098208 {'unbalanced': 601499, 'untileable6': 7398, 'periodic': 503} [401s]
  609600/2098208 {'unbalanced': 601689, 'untileable6': 7407, 'periodic': 504} [401s]
  609800/2098208 {'unbalanced': 601883, 'untileable6': 7413, 'periodic': 504} [401s]
  610000/2098208 {'unbalanced': 602083, 'untileable6': 7413, 'periodic': 504} [401s]
  610200/2098208 {'unbalanced': 602283, 'untileable6': 7413, 'periodic': 504} [401s]
  610400/2098208 {'unbalanced': 602479, 'untileable6': 7416, 'periodic': 505} [401s]
  610600/2098208 {'unbalanced': 602679, 'untileable6': 7416, 'periodic': 505} [401s]
  610800/2098208 {'unbalanced': 602878, 'untileable6': 7417, 'periodic': 505} [401s]
  611000/2098208 {'unbalanced': 603075, 'untileable6': 7419, 'periodic': 506} [401s]
  611200/2098208 {'unbalanced': 603275, 'untileable6': 7419, 'periodic': 506} [401s]
  611400/2098208 {'unbalanced': 603475, 'untileable6': 7419, 'periodic': 506} [401s]
  611600/2098208 {'unbalanced': 603667, 'untileable6': 7427, 'periodic': 506} [401s]
  611800/2098208 {'unbalanced': 603859, 'untileable6': 7434, 'periodic': 507} [401s]
  612000/2098208 {'unbalanced': 604049, 'untileable6': 7444, 'periodic': 507} [401s]
  612200/2098208 {'unbalanced': 604242, 'untileable6': 7451, 'periodic': 507} [401s]
  612400/2098208 {'unbalanced': 604423, 'untileable6': 7469, 'periodic': 508} [401s]
  612600/2098208 {'unbalanced': 604612, 'untileable6': 7480, 'periodic': 508} [401s]
  612800/2098208 {'unbalanced': 604812, 'untileable6': 7480, 'periodic': 508} [401s]
  613000/2098208 {'unbalanced': 605012, 'untileable6': 7480, 'periodic': 508} [401s]
  613200/2098208 {'unbalanced': 605206, 'untileable6': 7485, 'periodic': 509} [401s]
  613400/2098208 {'unbalanced': 605406, 'untileable6': 7485, 'periodic': 509} [401s]
  613600/2098208 {'unbalanced': 605605, 'untileable6': 7485, 'periodic': 510} [401s]
  613800/2098208 {'unbalanced': 605805, 'untileable6': 7485, 'periodic': 510} [401s]
  614000/2098208 {'unbalanced': 606005, 'untileable6': 7485, 'periodic': 510} [401s]
  614200/2098208 {'unbalanced': 606205, 'untileable6': 7485, 'periodic': 510} [401s]
  614400/2098208 {'unbalanced': 606404, 'untileable6': 7486, 'periodic': 510} [401s]
  614600/2098208 {'unbalanced': 606604, 'untileable6': 7486, 'periodic': 510} [401s]
  614800/2098208 {'unbalanced': 606804, 'untileable6': 7486, 'periodic': 510} [401s]
  615000/2098208 {'unbalanced': 607003, 'untileable6': 7487, 'periodic': 510} [401s]
  615200/2098208 {'unbalanced': 607203, 'untileable6': 7487, 'periodic': 510} [401s]
  615400/2098208 {'unbalanced': 607402, 'untileable6': 7488, 'periodic': 510} [401s]
  615600/2098208 {'unbalanced': 607600, 'untileable6': 7490, 'periodic': 510} [401s]
  615800/2098208 {'unbalanced': 607799, 'untileable6': 7491, 'periodic': 510} [401s]
  616000/2098208 {'unbalanced': 607999, 'untileable6': 7491, 'periodic': 510} [401s]
  616200/2098208 {'unbalanced': 608198, 'untileable6': 7492, 'periodic': 510} [401s]
  616400/2098208 {'unbalanced': 608398, 'untileable6': 7492, 'periodic': 510} [401s]
  616600/2098208 {'unbalanced': 608596, 'untileable6': 7494, 'periodic': 510} [401s]
  616800/2098208 {'unbalanced': 608789, 'untileable6': 7501, 'periodic': 510} [401s]
  617000/2098208 {'unbalanced': 608986, 'untileable6': 7504, 'periodic': 510} [401s]
  617200/2098208 {'unbalanced': 609186, 'untileable6': 7504, 'periodic': 510} [401s]
  617400/2098208 {'unbalanced': 609384, 'untileable6': 7506, 'periodic': 510} [401s]
  617600/2098208 {'unbalanced': 609580, 'untileable6': 7510, 'periodic': 510} [401s]
  617800/2098208 {'unbalanced': 609779, 'untileable6': 7511, 'periodic': 510} [401s]
  618000/2098208 {'unbalanced': 609974, 'untileable6': 7516, 'periodic': 510} [401s]
  618200/2098208 {'unbalanced': 610174, 'untileable6': 7516, 'periodic': 510} [401s]
  618400/2098208 {'unbalanced': 610374, 'untileable6': 7516, 'periodic': 510} [401s]
  618600/2098208 {'unbalanced': 610572, 'untileable6': 7518, 'periodic': 510} [401s]
  618800/2098208 {'unbalanced': 610770, 'untileable6': 7520, 'periodic': 510} [401s]
  619000/2098208 {'unbalanced': 610962, 'untileable6': 7528, 'periodic': 510} [401s]
  619200/2098208 {'unbalanced': 611162, 'untileable6': 7528, 'periodic': 510} [401s]
  619400/2098208 {'unbalanced': 611362, 'untileable6': 7528, 'periodic': 510} [401s]
  619600/2098208 {'unbalanced': 611556, 'untileable6': 7534, 'periodic': 510} [401s]
  619800/2098208 {'unbalanced': 611755, 'untileable6': 7534, 'periodic': 511} [401s]
  620000/2098208 {'unbalanced': 611953, 'untileable6': 7536, 'periodic': 511} [401s]
  620200/2098208 {'unbalanced': 612143, 'untileable6': 7546, 'periodic': 511} [401s]
  620400/2098208 {'unbalanced': 612343, 'untileable6': 7546, 'periodic': 511} [401s]
  620600/2098208 {'unbalanced': 612543, 'untileable6': 7546, 'periodic': 511} [401s]
  620800/2098208 {'unbalanced': 612740, 'untileable6': 7549, 'periodic': 511} [401s]
  621000/2098208 {'unbalanced': 612935, 'untileable6': 7554, 'periodic': 511} [401s]
  621200/2098208 {'unbalanced': 613129, 'untileable6': 7560, 'periodic': 511} [401s]
  621400/2098208 {'unbalanced': 613323, 'untileable6': 7566, 'periodic': 511} [401s]
  621600/2098208 {'unbalanced': 613507, 'untileable6': 7571, 'periodic': 522} [401s]
  621800/2098208 {'unbalanced': 613707, 'untileable6': 7571, 'periodic': 522} [401s]
  622000/2098208 {'unbalanced': 613904, 'untileable6': 7574, 'periodic': 522} [401s]
  622200/2098208 {'unbalanced': 614092, 'untileable6': 7586, 'periodic': 522} [401s]
  622400/2098208 {'unbalanced': 614289, 'untileable6': 7589, 'periodic': 522} [401s]
  622600/2098208 {'unbalanced': 614483, 'untileable6': 7595, 'periodic': 522} [401s]
  622800/2098208 {'unbalanced': 614683, 'untileable6': 7595, 'periodic': 522} [401s]
  623000/2098208 {'unbalanced': 614882, 'untileable6': 7596, 'periodic': 522} [401s]
  623200/2098208 {'unbalanced': 615081, 'untileable6': 7597, 'periodic': 522} [401s]
  623400/2098208 {'unbalanced': 615279, 'untileable6': 7599, 'periodic': 522} [401s]
  623600/2098208 {'unbalanced': 615479, 'untileable6': 7599, 'periodic': 522} [401s]
  623800/2098208 {'unbalanced': 615679, 'untileable6': 7599, 'periodic': 522} [401s]
  624000/2098208 {'unbalanced': 615878, 'untileable6': 7600, 'periodic': 522} [401s]
  624200/2098208 {'unbalanced': 616078, 'untileable6': 7600, 'periodic': 522} [401s]
  624400/2098208 {'unbalanced': 616278, 'untileable6': 7600, 'periodic': 522} [401s]
  624600/2098208 {'unbalanced': 616476, 'untileable6': 7602, 'periodic': 522} [401s]
  624800/2098208 {'unbalanced': 616676, 'untileable6': 7602, 'periodic': 522} [401s]
  625000/2098208 {'unbalanced': 616876, 'untileable6': 7602, 'periodic': 522} [401s]
  625200/2098208 {'unbalanced': 617075, 'untileable6': 7603, 'periodic': 522} [401s]
  625400/2098208 {'unbalanced': 617273, 'untileable6': 7605, 'periodic': 522} [401s]
  625600/2098208 {'unbalanced': 617469, 'untileable6': 7607, 'periodic': 524} [401s]
  625800/2098208 {'unbalanced': 617659, 'untileable6': 7617, 'periodic': 524} [401s]
  626000/2098208 {'unbalanced': 617853, 'untileable6': 7623, 'periodic': 524} [402s]
  626200/2098208 {'unbalanced': 618053, 'untileable6': 7623, 'periodic': 524} [402s]
  626400/2098208 {'unbalanced': 618252, 'untileable6': 7624, 'periodic': 524} [402s]
  626600/2098208 {'unbalanced': 618449, 'untileable6': 7627, 'periodic': 524} [402s]
  626800/2098208 {'unbalanced': 618649, 'untileable6': 7627, 'periodic': 524} [402s]
  627000/2098208 {'unbalanced': 618847, 'untileable6': 7629, 'periodic': 524} [402s]
  627200/2098208 {'unbalanced': 619047, 'untileable6': 7629, 'periodic': 524} [402s]
  627400/2098208 {'unbalanced': 619246, 'untileable6': 7630, 'periodic': 524} [402s]
  627600/2098208 {'unbalanced': 619444, 'untileable6': 7630, 'periodic': 526} [402s]
  627800/2098208 {'unbalanced': 619640, 'untileable6': 7634, 'periodic': 526} [402s]
  628000/2098208 {'unbalanced': 619830, 'untileable6': 7644, 'periodic': 526} [402s]
  628200/2098208 {'unbalanced': 620026, 'untileable6': 7648, 'periodic': 526} [402s]
  628400/2098208 {'unbalanced': 620226, 'untileable6': 7648, 'periodic': 526} [402s]
  628600/2098208 {'unbalanced': 620422, 'untileable6': 7652, 'periodic': 526} [402s]
  628800/2098208 {'unbalanced': 620622, 'untileable6': 7652, 'periodic': 526} [402s]
  629000/2098208 {'unbalanced': 620821, 'untileable6': 7653, 'periodic': 526} [402s]
  629200/2098208 {'unbalanced': 621017, 'untileable6': 7657, 'periodic': 526} [402s]
  629400/2098208 {'unbalanced': 621217, 'untileable6': 7657, 'periodic': 526} [402s]
  629600/2098208 {'unbalanced': 621417, 'untileable6': 7657, 'periodic': 526} [402s]
  629800/2098208 {'unbalanced': 621607, 'untileable6': 7667, 'periodic': 526} [402s]
  630000/2098208 {'unbalanced': 621801, 'untileable6': 7673, 'periodic': 526} [402s]
  630200/2098208 {'unbalanced': 621990, 'untileable6': 7684, 'periodic': 526} [402s]
  630400/2098208 {'unbalanced': 622179, 'untileable6': 7695, 'periodic': 526} [402s]
  630600/2098208 {'unbalanced': 622359, 'untileable6': 7715, 'periodic': 526} [402s]
  630800/2098208 {'unbalanced': 622557, 'untileable6': 7717, 'periodic': 526} [402s]
  631000/2098208 {'unbalanced': 622757, 'untileable6': 7717, 'periodic': 526} [402s]
  631200/2098208 {'unbalanced': 622951, 'untileable6': 7723, 'periodic': 526} [402s]
  631400/2098208 {'unbalanced': 623151, 'untileable6': 7723, 'periodic': 526} [402s]
  631600/2098208 {'unbalanced': 623349, 'untileable6': 7725, 'periodic': 526} [402s]
  631800/2098208 {'unbalanced': 623549, 'untileable6': 7725, 'periodic': 526} [402s]
  632000/2098208 {'unbalanced': 623748, 'untileable6': 7726, 'periodic': 526} [402s]
  632200/2098208 {'unbalanced': 623948, 'untileable6': 7726, 'periodic': 526} [402s]
  632400/2098208 {'unbalanced': 624147, 'untileable6': 7727, 'periodic': 526} [402s]
  632600/2098208 {'unbalanced': 624346, 'untileable6': 7728, 'periodic': 526} [402s]
  632800/2098208 {'unbalanced': 624545, 'untileable6': 7729, 'periodic': 526} [402s]
  633000/2098208 {'unbalanced': 624743, 'untileable6': 7731, 'periodic': 526} [402s]
  633200/2098208 {'unbalanced': 624942, 'untileable6': 7732, 'periodic': 526} [402s]
  633400/2098208 {'unbalanced': 625140, 'untileable6': 7734, 'periodic': 526} [402s]
  633600/2098208 {'unbalanced': 625339, 'untileable6': 7735, 'periodic': 526} [402s]
  633800/2098208 {'unbalanced': 625538, 'untileable6': 7736, 'periodic': 526} [402s]
  634000/2098208 {'unbalanced': 625737, 'untileable6': 7737, 'periodic': 526} [402s]
  634200/2098208 {'unbalanced': 625932, 'untileable6': 7742, 'periodic': 526} [402s]
  634400/2098208 {'unbalanced': 626130, 'untileable6': 7744, 'periodic': 526} [402s]
  634600/2098208 {'unbalanced': 626322, 'untileable6': 7752, 'periodic': 526} [402s]
  634800/2098208 {'unbalanced': 626519, 'untileable6': 7755, 'periodic': 526} [402s]
  635000/2098208 {'unbalanced': 626714, 'untileable6': 7760, 'periodic': 526} [402s]
  635200/2098208 {'unbalanced': 626910, 'untileable6': 7762, 'periodic': 528} [402s]
  635400/2098208 {'unbalanced': 627104, 'untileable6': 7768, 'periodic': 528} [402s]
  635600/2098208 {'unbalanced': 627294, 'untileable6': 7778, 'periodic': 528} [402s]
  635800/2098208 {'unbalanced': 627491, 'untileable6': 7781, 'periodic': 528} [402s]
  636000/2098208 {'unbalanced': 627688, 'untileable6': 7784, 'periodic': 528} [402s]
  636200/2098208 {'unbalanced': 627888, 'untileable6': 7784, 'periodic': 528} [402s]
  636400/2098208 {'unbalanced': 628087, 'untileable6': 7785, 'periodic': 528} [402s]
  636600/2098208 {'unbalanced': 628283, 'untileable6': 7789, 'periodic': 528} [402s]
  636800/2098208 {'unbalanced': 628477, 'untileable6': 7795, 'periodic': 528} [402s]
  637000/2098208 {'unbalanced': 628669, 'untileable6': 7803, 'periodic': 528} [402s]
  637200/2098208 {'unbalanced': 628867, 'untileable6': 7803, 'periodic': 530} [402s]
  637400/2098208 {'unbalanced': 629063, 'untileable6': 7807, 'periodic': 530} [402s]
  637600/2098208 {'unbalanced': 629254, 'untileable6': 7816, 'periodic': 530} [402s]
  637800/2098208 {'unbalanced': 629449, 'untileable6': 7821, 'periodic': 530} [402s]
  638000/2098208 {'unbalanced': 629641, 'untileable6': 7829, 'periodic': 530} [402s]
  638200/2098208 {'unbalanced': 629837, 'untileable6': 7833, 'periodic': 530} [402s]
  638400/2098208 {'unbalanced': 630034, 'untileable6': 7836, 'periodic': 530} [402s]
  638600/2098208 {'unbalanced': 630227, 'untileable6': 7843, 'periodic': 530} [402s]
  638800/2098208 {'unbalanced': 630420, 'untileable6': 7850, 'periodic': 530} [402s]
  639000/2098208 {'unbalanced': 630605, 'untileable6': 7865, 'periodic': 530} [402s]
  639200/2098208 {'unbalanced': 630789, 'untileable6': 7881, 'periodic': 530} [402s]
  639400/2098208 {'unbalanced': 630976, 'untileable6': 7894, 'periodic': 530} [402s]
  639600/2098208 {'unbalanced': 631165, 'untileable6': 7905, 'periodic': 530} [402s]
  639800/2098208 {'unbalanced': 631354, 'untileable6': 7916, 'periodic': 530} [402s]
  640000/2098208 {'unbalanced': 631547, 'untileable6': 7923, 'periodic': 530} [402s]
  640200/2098208 {'unbalanced': 631728, 'untileable6': 7942, 'periodic': 530} [402s]
  640400/2098208 {'unbalanced': 631917, 'untileable6': 7953, 'periodic': 530} [402s]
  640600/2098208 {'unbalanced': 632112, 'untileable6': 7958, 'periodic': 530} [402s]
  640800/2098208 {'unbalanced': 632312, 'untileable6': 7958, 'periodic': 530} [402s]
  641000/2098208 {'unbalanced': 632511, 'untileable6': 7959, 'periodic': 530} [402s]
  641200/2098208 {'unbalanced': 632709, 'untileable6': 7961, 'periodic': 530} [402s]
  641400/2098208 {'unbalanced': 632907, 'untileable6': 7963, 'periodic': 530} [402s]
  641600/2098208 {'unbalanced': 633106, 'untileable6': 7963, 'periodic': 531} [402s]
  641800/2098208 {'unbalanced': 633306, 'untileable6': 7963, 'periodic': 531} [402s]
  642000/2098208 {'unbalanced': 633504, 'untileable6': 7965, 'periodic': 531} [402s]
  642200/2098208 {'unbalanced': 633704, 'untileable6': 7965, 'periodic': 531} [402s]
  642400/2098208 {'unbalanced': 633904, 'untileable6': 7965, 'periodic': 531} [402s]
  642600/2098208 {'unbalanced': 634103, 'untileable6': 7966, 'periodic': 531} [402s]
  642800/2098208 {'unbalanced': 634303, 'untileable6': 7966, 'periodic': 531} [402s]
  643000/2098208 {'unbalanced': 634501, 'untileable6': 7966, 'periodic': 533} [402s]
  643200/2098208 {'unbalanced': 634693, 'untileable6': 7974, 'periodic': 533} [402s]
  643400/2098208 {'unbalanced': 634889, 'untileable6': 7978, 'periodic': 533} [402s]
  643600/2098208 {'unbalanced': 635080, 'untileable6': 7986, 'periodic': 534} [402s]
  643800/2098208 {'unbalanced': 635274, 'untileable6': 7992, 'periodic': 534} [402s]
  644000/2098208 {'unbalanced': 635469, 'untileable6': 7997, 'periodic': 534} [402s]
  644200/2098208 {'unbalanced': 635665, 'untileable6': 8001, 'periodic': 534} [403s]
  644400/2098208 {'unbalanced': 635863, 'untileable6': 8002, 'periodic': 535} [403s]
  644600/2098208 {'unbalanced': 636057, 'untileable6': 8008, 'periodic': 535} [403s]
  644800/2098208 {'unbalanced': 636257, 'untileable6': 8008, 'periodic': 535} [403s]
  645000/2098208 {'unbalanced': 636456, 'untileable6': 8009, 'periodic': 535} [403s]
  645200/2098208 {'unbalanced': 636655, 'untileable6': 8009, 'periodic': 536} [403s]
  645400/2098208 {'unbalanced': 636851, 'untileable6': 8013, 'periodic': 536} [403s]
  645600/2098208 {'unbalanced': 637044, 'untileable6': 8020, 'periodic': 536} [403s]
  645800/2098208 {'unbalanced': 637235, 'untileable6': 8028, 'periodic': 537} [403s]
  646000/2098208 {'unbalanced': 637429, 'untileable6': 8034, 'periodic': 537} [403s]
  646200/2098208 {'unbalanced': 637627, 'untileable6': 8036, 'periodic': 537} [403s]
  646400/2098208 {'unbalanced': 637823, 'untileable6': 8039, 'periodic': 538} [403s]
  646600/2098208 {'unbalanced': 638021, 'untileable6': 8041, 'periodic': 538} [403s]
  646800/2098208 {'unbalanced': 638217, 'untileable6': 8045, 'periodic': 538} [403s]
  647000/2098208 {'unbalanced': 638415, 'untileable6': 8046, 'periodic': 539} [403s]
  647200/2098208 {'unbalanced': 638613, 'untileable6': 8048, 'periodic': 539} [403s]
  647400/2098208 {'unbalanced': 638809, 'untileable6': 8052, 'periodic': 539} [403s]
  647600/2098208 {'unbalanced': 638998, 'untileable6': 8062, 'periodic': 540} [403s]
  647800/2098208 {'unbalanced': 639182, 'untileable6': 8078, 'periodic': 540} [403s]
  648000/2098208 {'unbalanced': 639369, 'untileable6': 8091, 'periodic': 540} [403s]
  648200/2098208 {'unbalanced': 639550, 'untileable6': 8109, 'periodic': 541} [403s]
  648400/2098208 {'unbalanced': 639740, 'untileable6': 8119, 'periodic': 541} [403s]
  648600/2098208 {'unbalanced': 639931, 'untileable6': 8128, 'periodic': 541} [403s]
  648800/2098208 {'unbalanced': 640126, 'untileable6': 8133, 'periodic': 541} [403s]
  649000/2098208 {'unbalanced': 640323, 'untileable6': 8135, 'periodic': 542} [403s]
  649200/2098208 {'unbalanced': 640514, 'untileable6': 8144, 'periodic': 542} [403s]
  649400/2098208 {'unbalanced': 640713, 'untileable6': 8145, 'periodic': 542} [403s]
  649600/2098208 {'unbalanced': 640912, 'untileable6': 8146, 'periodic': 542} [403s]
  649800/2098208 {'unbalanced': 641112, 'untileable6': 8146, 'periodic': 542} [403s]
  650000/2098208 {'unbalanced': 641312, 'untileable6': 8146, 'periodic': 542} [403s]
  650200/2098208 {'unbalanced': 641512, 'untileable6': 8146, 'periodic': 542} [403s]
  650400/2098208 {'unbalanced': 641712, 'untileable6': 8146, 'periodic': 542} [403s]
  650600/2098208 {'unbalanced': 641912, 'untileable6': 8146, 'periodic': 542} [403s]
  650800/2098208 {'unbalanced': 642112, 'untileable6': 8146, 'periodic': 542} [403s]
  651000/2098208 {'unbalanced': 642312, 'untileable6': 8146, 'periodic': 542} [403s]
  651200/2098208 {'unbalanced': 642511, 'untileable6': 8147, 'periodic': 542} [403s]
  651400/2098208 {'unbalanced': 642711, 'untileable6': 8147, 'periodic': 542} [403s]
  651600/2098208 {'unbalanced': 642911, 'untileable6': 8147, 'periodic': 542} [403s]
  651800/2098208 {'unbalanced': 643111, 'untileable6': 8147, 'periodic': 542} [403s]
  652000/2098208 {'unbalanced': 643311, 'untileable6': 8147, 'periodic': 542} [403s]
  652200/2098208 {'unbalanced': 643510, 'untileable6': 8148, 'periodic': 542} [403s]
  652400/2098208 {'unbalanced': 643710, 'untileable6': 8148, 'periodic': 542} [403s]
  652600/2098208 {'unbalanced': 643910, 'untileable6': 8148, 'periodic': 542} [403s]
  652800/2098208 {'unbalanced': 644110, 'untileable6': 8148, 'periodic': 542} [403s]
  653000/2098208 {'unbalanced': 644307, 'untileable6': 8150, 'periodic': 543} [403s]
  653200/2098208 {'unbalanced': 644505, 'untileable6': 8152, 'periodic': 543} [403s]
  653400/2098208 {'unbalanced': 644705, 'untileable6': 8152, 'periodic': 543} [403s]
  653600/2098208 {'unbalanced': 644905, 'untileable6': 8152, 'periodic': 543} [403s]
  653800/2098208 {'unbalanced': 645104, 'untileable6': 8153, 'periodic': 543} [403s]
  654000/2098208 {'unbalanced': 645304, 'untileable6': 8153, 'periodic': 543} [403s]
  654200/2098208 {'unbalanced': 645504, 'untileable6': 8153, 'periodic': 543} [403s]
  654400/2098208 {'unbalanced': 645704, 'untileable6': 8153, 'periodic': 543} [403s]
  654600/2098208 {'unbalanced': 645904, 'untileable6': 8153, 'periodic': 543} [403s]
  654800/2098208 {'unbalanced': 646103, 'untileable6': 8154, 'periodic': 543} [403s]
  655000/2098208 {'unbalanced': 646299, 'untileable6': 8157, 'periodic': 544} [403s]
  655200/2098208 {'unbalanced': 646499, 'untileable6': 8157, 'periodic': 544} [403s]
  655400/2098208 {'unbalanced': 646699, 'untileable6': 8157, 'periodic': 544} [403s]
  655600/2098208 {'unbalanced': 646899, 'untileable6': 8157, 'periodic': 544} [403s]
  655800/2098208 {'unbalanced': 647099, 'untileable6': 8157, 'periodic': 544} [403s]
  656000/2098208 {'unbalanced': 647296, 'untileable6': 8160, 'periodic': 544} [403s]
  656200/2098208 {'unbalanced': 647496, 'untileable6': 8160, 'periodic': 544} [403s]
  656400/2098208 {'unbalanced': 647696, 'untileable6': 8160, 'periodic': 544} [403s]
  656600/2098208 {'unbalanced': 647896, 'untileable6': 8160, 'periodic': 544} [403s]
  656800/2098208 {'unbalanced': 648091, 'untileable6': 8165, 'periodic': 544} [403s]
  657000/2098208 {'unbalanced': 648291, 'untileable6': 8165, 'periodic': 544} [403s]
  657200/2098208 {'unbalanced': 648491, 'untileable6': 8165, 'periodic': 544} [403s]
  657400/2098208 {'unbalanced': 648691, 'untileable6': 8165, 'periodic': 544} [403s]
  657600/2098208 {'unbalanced': 648890, 'untileable6': 8166, 'periodic': 544} [403s]
  657800/2098208 {'unbalanced': 649090, 'untileable6': 8166, 'periodic': 544} [403s]
  658000/2098208 {'unbalanced': 649290, 'untileable6': 8166, 'periodic': 544} [403s]
  658200/2098208 {'unbalanced': 649490, 'untileable6': 8166, 'periodic': 544} [403s]
  658400/2098208 {'unbalanced': 649689, 'untileable6': 8167, 'periodic': 544} [403s]
  658600/2098208 {'unbalanced': 649887, 'untileable6': 8169, 'periodic': 544} [403s]
  658800/2098208 {'unbalanced': 650087, 'untileable6': 8169, 'periodic': 544} [403s]
  659000/2098208 {'unbalanced': 650287, 'untileable6': 8169, 'periodic': 544} [403s]
  659200/2098208 {'unbalanced': 650487, 'untileable6': 8169, 'periodic': 544} [403s]
  659400/2098208 {'unbalanced': 650687, 'untileable6': 8169, 'periodic': 544} [403s]
  659600/2098208 {'unbalanced': 650882, 'untileable6': 8173, 'periodic': 545} [403s]
  659800/2098208 {'unbalanced': 651082, 'untileable6': 8173, 'periodic': 545} [403s]
  660000/2098208 {'unbalanced': 651282, 'untileable6': 8173, 'periodic': 545} [403s]
  660200/2098208 {'unbalanced': 651482, 'untileable6': 8173, 'periodic': 545} [403s]
  660400/2098208 {'unbalanced': 651679, 'untileable6': 8176, 'periodic': 545} [403s]
  660600/2098208 {'unbalanced': 651876, 'untileable6': 8179, 'periodic': 545} [403s]
  660800/2098208 {'unbalanced': 652076, 'untileable6': 8179, 'periodic': 545} [403s]
  661000/2098208 {'unbalanced': 652276, 'untileable6': 8179, 'periodic': 545} [403s]
  661200/2098208 {'unbalanced': 652475, 'untileable6': 8180, 'periodic': 545} [403s]
  661400/2098208 {'unbalanced': 652671, 'untileable6': 8183, 'periodic': 546} [403s]
  661600/2098208 {'unbalanced': 652871, 'untileable6': 8183, 'periodic': 546} [403s]
  661800/2098208 {'unbalanced': 653071, 'untileable6': 8183, 'periodic': 546} [403s]
  662000/2098208 {'unbalanced': 653271, 'untileable6': 8183, 'periodic': 546} [403s]
  662200/2098208 {'unbalanced': 653471, 'untileable6': 8183, 'periodic': 546} [403s]
  662400/2098208 {'unbalanced': 653660, 'untileable6': 8194, 'periodic': 546} [403s]
  662600/2098208 {'unbalanced': 653859, 'untileable6': 8195, 'periodic': 546} [403s]
  662800/2098208 {'unbalanced': 654059, 'untileable6': 8195, 'periodic': 546} [403s]
  663000/2098208 {'unbalanced': 654259, 'untileable6': 8195, 'periodic': 546} [403s]
  663200/2098208 {'unbalanced': 654459, 'untileable6': 8195, 'periodic': 546} [403s]
  663400/2098208 {'unbalanced': 654655, 'untileable6': 8199, 'periodic': 546} [403s]
  663600/2098208 {'unbalanced': 654849, 'untileable6': 8205, 'periodic': 546} [403s]
  663800/2098208 {'unbalanced': 655049, 'untileable6': 8205, 'periodic': 546} [403s]
  664000/2098208 {'unbalanced': 655249, 'untileable6': 8205, 'periodic': 546} [403s]
  664200/2098208 {'unbalanced': 655446, 'untileable6': 8208, 'periodic': 546} [403s]
  664400/2098208 {'unbalanced': 655646, 'untileable6': 8208, 'periodic': 546} [403s]
  664600/2098208 {'unbalanced': 655846, 'untileable6': 8208, 'periodic': 546} [403s]
  664800/2098208 {'unbalanced': 656045, 'untileable6': 8209, 'periodic': 546} [403s]
  665000/2098208 {'unbalanced': 656245, 'untileable6': 8209, 'periodic': 546} [403s]
  665200/2098208 {'unbalanced': 656445, 'untileable6': 8209, 'periodic': 546} [403s]
  665400/2098208 {'unbalanced': 656644, 'untileable6': 8210, 'periodic': 546} [403s]
  665600/2098208 {'unbalanced': 656843, 'untileable6': 8211, 'periodic': 546} [403s]
  665800/2098208 {'unbalanced': 657042, 'untileable6': 8212, 'periodic': 546} [403s]
  666000/2098208 {'unbalanced': 657238, 'untileable6': 8216, 'periodic': 546} [403s]
  666200/2098208 {'unbalanced': 657438, 'untileable6': 8216, 'periodic': 546} [403s]
  666400/2098208 {'unbalanced': 657637, 'untileable6': 8217, 'periodic': 546} [403s]
  666600/2098208 {'unbalanced': 657837, 'untileable6': 8217, 'periodic': 546} [403s]
  666800/2098208 {'unbalanced': 658036, 'untileable6': 8218, 'periodic': 546} [403s]
  667000/2098208 {'unbalanced': 658232, 'untileable6': 8222, 'periodic': 546} [403s]
  667200/2098208 {'unbalanced': 658432, 'untileable6': 8222, 'periodic': 546} [403s]
  667400/2098208 {'unbalanced': 658629, 'untileable6': 8224, 'periodic': 547} [403s]
  667600/2098208 {'unbalanced': 658827, 'untileable6': 8226, 'periodic': 547} [403s]
  667800/2098208 {'unbalanced': 659021, 'untileable6': 8232, 'periodic': 547} [403s]
  668000/2098208 {'unbalanced': 659215, 'untileable6': 8238, 'periodic': 547} [403s]
  668200/2098208 {'unbalanced': 659415, 'untileable6': 8238, 'periodic': 547} [403s]
  668400/2098208 {'unbalanced': 659614, 'untileable6': 8239, 'periodic': 547} [403s]
  668600/2098208 {'unbalanced': 659814, 'untileable6': 8239, 'periodic': 547} [403s]
  668800/2098208 {'unbalanced': 660010, 'untileable6': 8243, 'periodic': 547} [403s]
  669000/2098208 {'unbalanced': 660210, 'untileable6': 8243, 'periodic': 547} [403s]
  669200/2098208 {'unbalanced': 660406, 'untileable6': 8246, 'periodic': 548} [403s]
  669400/2098208 {'unbalanced': 660604, 'untileable6': 8248, 'periodic': 548} [403s]
  669600/2098208 {'unbalanced': 660797, 'untileable6': 8255, 'periodic': 548} [403s]
  669800/2098208 {'unbalanced': 660984, 'untileable6': 8268, 'periodic': 548} [403s]
  670000/2098208 {'unbalanced': 661184, 'untileable6': 8268, 'periodic': 548} [403s]
  670200/2098208 {'unbalanced': 661384, 'untileable6': 8268, 'periodic': 548} [403s]
  670400/2098208 {'unbalanced': 661581, 'untileable6': 8271, 'periodic': 548} [403s]
  670600/2098208 {'unbalanced': 661778, 'untileable6': 8274, 'periodic': 548} [403s]
  670800/2098208 {'unbalanced': 661974, 'untileable6': 8278, 'periodic': 548} [403s]
  671000/2098208 {'unbalanced': 662172, 'untileable6': 8280, 'periodic': 548} [403s]
  671200/2098208 {'unbalanced': 662370, 'untileable6': 8282, 'periodic': 548} [403s]
  671400/2098208 {'unbalanced': 662562, 'untileable6': 8290, 'periodic': 548} [403s]
  671600/2098208 {'unbalanced': 662753, 'untileable6': 8299, 'periodic': 548} [403s]
  671800/2098208 {'unbalanced': 662953, 'untileable6': 8299, 'periodic': 548} [403s]
  672000/2098208 {'unbalanced': 663153, 'untileable6': 8299, 'periodic': 548} [403s]
  672200/2098208 {'unbalanced': 663351, 'untileable6': 8301, 'periodic': 548} [404s]
  672400/2098208 {'unbalanced': 663547, 'untileable6': 8305, 'periodic': 548} [404s]
  672600/2098208 {'unbalanced': 663747, 'untileable6': 8305, 'periodic': 548} [404s]
  672800/2098208 {'unbalanced': 663946, 'untileable6': 8306, 'periodic': 548} [404s]
  673000/2098208 {'unbalanced': 664143, 'untileable6': 8309, 'periodic': 548} [404s]
  673200/2098208 {'unbalanced': 664341, 'untileable6': 8311, 'periodic': 548} [404s]
  673400/2098208 {'unbalanced': 664533, 'untileable6': 8319, 'periodic': 548} [404s]
  673600/2098208 {'unbalanced': 664733, 'untileable6': 8319, 'periodic': 548} [404s]
  673800/2098208 {'unbalanced': 664932, 'untileable6': 8320, 'periodic': 548} [404s]
  674000/2098208 {'unbalanced': 665128, 'untileable6': 8323, 'periodic': 549} [404s]
  674200/2098208 {'unbalanced': 665323, 'untileable6': 8328, 'periodic': 549} [404s]
  674400/2098208 {'unbalanced': 665513, 'untileable6': 8335, 'periodic': 552} [404s]
  674600/2098208 {'unbalanced': 665707, 'untileable6': 8336, 'periodic': 557} [404s]
  674800/2098208 {'unbalanced': 665905, 'untileable6': 8338, 'periodic': 557} [404s]
  675000/2098208 {'unbalanced': 666095, 'untileable6': 8347, 'periodic': 558} [404s]
  675200/2098208 {'unbalanced': 666289, 'untileable6': 8353, 'periodic': 558} [404s]
  675400/2098208 {'unbalanced': 666483, 'untileable6': 8359, 'periodic': 558} [404s]
  675600/2098208 {'unbalanced': 666683, 'untileable6': 8359, 'periodic': 558} [404s]
  675800/2098208 {'unbalanced': 666880, 'untileable6': 8362, 'periodic': 558} [404s]
  676000/2098208 {'unbalanced': 667076, 'untileable6': 8366, 'periodic': 558} [404s]
  676200/2098208 {'unbalanced': 667262, 'untileable6': 8379, 'periodic': 559} [404s]
  676400/2098208 {'unbalanced': 667460, 'untileable6': 8381, 'periodic': 559} [404s]
  676600/2098208 {'unbalanced': 667655, 'untileable6': 8386, 'periodic': 559} [404s]
  676800/2098208 {'unbalanced': 667848, 'untileable6': 8392, 'periodic': 560} [404s]
  677000/2098208 {'unbalanced': 668039, 'untileable6': 8401, 'periodic': 560} [404s]
  677200/2098208 {'unbalanced': 668223, 'untileable6': 8416, 'periodic': 561} [404s]
  677400/2098208 {'unbalanced': 668419, 'untileable6': 8420, 'periodic': 561} [404s]
  677600/2098208 {'unbalanced': 668617, 'untileable6': 8422, 'periodic': 561} [404s]
  677800/2098208 {'unbalanced': 668809, 'untileable6': 8429, 'periodic': 562} [404s]
  678000/2098208 {'unbalanced': 669001, 'untileable6': 8437, 'periodic': 562} [404s]
  678200/2098208 {'unbalanced': 669193, 'untileable6': 8445, 'periodic': 562} [404s]
  678400/2098208 {'unbalanced': 669380, 'untileable6': 8457, 'periodic': 563} [404s]
  678600/2098208 {'unbalanced': 669580, 'untileable6': 8457, 'periodic': 563} [404s]
  678800/2098208 {'unbalanced': 669770, 'untileable6': 8466, 'periodic': 564} [404s]
  679000/2098208 {'unbalanced': 669966, 'untileable6': 8469, 'periodic': 565} [404s]
  679200/2098208 {'unbalanced': 670166, 'untileable6': 8469, 'periodic': 565} [404s]
  679400/2098208 {'unbalanced': 670366, 'untileable6': 8469, 'periodic': 565} [404s]
  679600/2098208 {'unbalanced': 670566, 'untileable6': 8469, 'periodic': 565} [404s]
  679800/2098208 {'unbalanced': 670765, 'untileable6': 8470, 'periodic': 565} [404s]
  680000/2098208 {'unbalanced': 670961, 'untileable6': 8474, 'periodic': 565} [404s]
  680200/2098208 {'unbalanced': 671161, 'untileable6': 8474, 'periodic': 565} [404s]
  680400/2098208 {'unbalanced': 671361, 'untileable6': 8474, 'periodic': 565} [404s]
  680600/2098208 {'unbalanced': 671560, 'untileable6': 8475, 'periodic': 565} [404s]
  680800/2098208 {'unbalanced': 671757, 'untileable6': 8478, 'periodic': 565} [404s]
  681000/2098208 {'unbalanced': 671957, 'untileable6': 8478, 'periodic': 565} [404s]
  681200/2098208 {'unbalanced': 672154, 'untileable6': 8481, 'periodic': 565} [404s]
  681400/2098208 {'unbalanced': 672348, 'untileable6': 8487, 'periodic': 565} [404s]
  681600/2098208 {'unbalanced': 672542, 'untileable6': 8493, 'periodic': 565} [404s]
  681800/2098208 {'unbalanced': 672742, 'untileable6': 8493, 'periodic': 565} [404s]
  682000/2098208 {'unbalanced': 672941, 'untileable6': 8494, 'periodic': 565} [404s]
  682200/2098208 {'unbalanced': 673141, 'untileable6': 8494, 'periodic': 565} [404s]
  682400/2098208 {'unbalanced': 673340, 'untileable6': 8495, 'periodic': 565} [404s]
  682600/2098208 {'unbalanced': 673540, 'untileable6': 8495, 'periodic': 565} [404s]
  682800/2098208 {'unbalanced': 673731, 'untileable6': 8504, 'periodic': 565} [404s]
  683000/2098208 {'unbalanced': 673929, 'untileable6': 8506, 'periodic': 565} [404s]
  683200/2098208 {'unbalanced': 674129, 'untileable6': 8506, 'periodic': 565} [404s]
  683400/2098208 {'unbalanced': 674329, 'untileable6': 8506, 'periodic': 565} [404s]
  683600/2098208 {'unbalanced': 674527, 'untileable6': 8508, 'periodic': 565} [404s]
  683800/2098208 {'unbalanced': 674720, 'untileable6': 8515, 'periodic': 565} [404s]
  684000/2098208 {'unbalanced': 674918, 'untileable6': 8517, 'periodic': 565} [404s]
  684200/2098208 {'unbalanced': 675105, 'untileable6': 8527, 'periodic': 568} [404s]
  684400/2098208 {'unbalanced': 675305, 'untileable6': 8527, 'periodic': 568} [404s]
  684600/2098208 {'unbalanced': 675505, 'untileable6': 8527, 'periodic': 568} [404s]
  684800/2098208 {'unbalanced': 675705, 'untileable6': 8527, 'periodic': 568} [404s]
  685000/2098208 {'unbalanced': 675904, 'untileable6': 8528, 'periodic': 568} [404s]
  685200/2098208 {'unbalanced': 676102, 'untileable6': 8530, 'periodic': 568} [404s]
  685400/2098208 {'unbalanced': 676293, 'untileable6': 8539, 'periodic': 568} [404s]
  685600/2098208 {'unbalanced': 676493, 'untileable6': 8539, 'periodic': 568} [404s]
  685800/2098208 {'unbalanced': 676693, 'untileable6': 8539, 'periodic': 568} [404s]
  686000/2098208 {'unbalanced': 676893, 'untileable6': 8539, 'periodic': 568} [404s]
  686200/2098208 {'unbalanced': 677088, 'untileable6': 8544, 'periodic': 568} [404s]
  686400/2098208 {'unbalanced': 677284, 'untileable6': 8547, 'periodic': 569} [404s]
  686600/2098208 {'unbalanced': 677480, 'untileable6': 8549, 'periodic': 571} [404s]
  686800/2098208 {'unbalanced': 677669, 'untileable6': 8555, 'periodic': 576} [404s]
  687000/2098208 {'unbalanced': 677860, 'untileable6': 8563, 'periodic': 577} [404s]
  687200/2098208 {'unbalanced': 678060, 'untileable6': 8563, 'periodic': 577} [404s]
  687400/2098208 {'unbalanced': 678260, 'untileable6': 8563, 'periodic': 577} [404s]
  687600/2098208 {'unbalanced': 678456, 'untileable6': 8567, 'periodic': 577} [404s]
  687800/2098208 {'unbalanced': 678656, 'untileable6': 8567, 'periodic': 577} [404s]
  688000/2098208 {'unbalanced': 678852, 'untileable6': 8571, 'periodic': 577} [404s]
  688200/2098208 {'unbalanced': 679051, 'untileable6': 8572, 'periodic': 577} [404s]
  688400/2098208 {'unbalanced': 679239, 'untileable6': 8584, 'periodic': 577} [404s]
  688600/2098208 {'unbalanced': 679439, 'untileable6': 8584, 'periodic': 577} [404s]
  688800/2098208 {'unbalanced': 679639, 'untileable6': 8584, 'periodic': 577} [404s]
  689000/2098208 {'unbalanced': 679834, 'untileable6': 8589, 'periodic': 577} [404s]
  689200/2098208 {'unbalanced': 680025, 'untileable6': 8598, 'periodic': 577} [404s]
  689400/2098208 {'unbalanced': 680221, 'untileable6': 8602, 'periodic': 577} [404s]
  689600/2098208 {'unbalanced': 680409, 'untileable6': 8614, 'periodic': 577} [404s]
  689800/2098208 {'unbalanced': 680609, 'untileable6': 8614, 'periodic': 577} [404s]
  690000/2098208 {'unbalanced': 680809, 'untileable6': 8614, 'periodic': 577} [404s]
  690200/2098208 {'unbalanced': 681005, 'untileable6': 8618, 'periodic': 577} [404s]
  690400/2098208 {'unbalanced': 681200, 'untileable6': 8623, 'periodic': 577} [404s]
  690600/2098208 {'unbalanced': 681390, 'untileable6': 8633, 'periodic': 577} [405s]
  690800/2098208 {'unbalanced': 681590, 'untileable6': 8633, 'periodic': 577} [405s]
  691000/2098208 {'unbalanced': 681790, 'untileable6': 8633, 'periodic': 577} [405s]
  691200/2098208 {'unbalanced': 681988, 'untileable6': 8635, 'periodic': 577} [405s]
  691400/2098208 {'unbalanced': 682184, 'untileable6': 8639, 'periodic': 577} [405s]
  691600/2098208 {'unbalanced': 682382, 'untileable6': 8641, 'periodic': 577} [405s]
  691800/2098208 {'unbalanced': 682578, 'untileable6': 8645, 'periodic': 577} [405s]
  692000/2098208 {'unbalanced': 682771, 'untileable6': 8652, 'periodic': 577} [405s]
  692200/2098208 {'unbalanced': 682965, 'untileable6': 8658, 'periodic': 577} [405s]
  692400/2098208 {'unbalanced': 683165, 'untileable6': 8658, 'periodic': 577} [405s]
  692600/2098208 {'unbalanced': 683364, 'untileable6': 8659, 'periodic': 577} [405s]
  692800/2098208 {'unbalanced': 683560, 'untileable6': 8663, 'periodic': 577} [405s]
  693000/2098208 {'unbalanced': 683758, 'untileable6': 8664, 'periodic': 578} [405s]
  693200/2098208 {'unbalanced': 683951, 'untileable6': 8667, 'periodic': 582} [405s]
  693400/2098208 {'unbalanced': 684142, 'untileable6': 8669, 'periodic': 589} [405s]
  693600/2098208 {'unbalanced': 684325, 'untileable6': 8674, 'periodic': 601} [405s]
  693800/2098208 {'unbalanced': 684525, 'untileable6': 8674, 'periodic': 601} [405s]
  694000/2098208 {'unbalanced': 684725, 'untileable6': 8674, 'periodic': 601} [405s]
  694200/2098208 {'unbalanced': 684919, 'untileable6': 8680, 'periodic': 601} [405s]
  694400/2098208 {'unbalanced': 685108, 'untileable6': 8691, 'periodic': 601} [405s]
  694600/2098208 {'unbalanced': 685305, 'untileable6': 8694, 'periodic': 601} [405s]
  694800/2098208 {'unbalanced': 685493, 'untileable6': 8706, 'periodic': 601} [405s]
  695000/2098208 {'unbalanced': 685689, 'untileable6': 8710, 'periodic': 601} [405s]
  695200/2098208 {'unbalanced': 685889, 'untileable6': 8710, 'periodic': 601} [405s]
  695400/2098208 {'unbalanced': 686087, 'untileable6': 8712, 'periodic': 601} [405s]
  695600/2098208 {'unbalanced': 686282, 'untileable6': 8713, 'periodic': 605} [405s]
  695800/2098208 {'unbalanced': 686474, 'untileable6': 8716, 'periodic': 610} [405s]
  696000/2098208 {'unbalanced': 686664, 'untileable6': 8721, 'periodic': 615} [405s]
  696200/2098208 {'unbalanced': 686850, 'untileable6': 8734, 'periodic': 616} [405s]
  696400/2098208 {'unbalanced': 687050, 'untileable6': 8734, 'periodic': 616} [405s]
  696600/2098208 {'unbalanced': 687250, 'untileable6': 8734, 'periodic': 616} [405s]
  696800/2098208 {'unbalanced': 687439, 'untileable6': 8745, 'periodic': 616} [405s]
  697000/2098208 {'unbalanced': 687631, 'untileable6': 8753, 'periodic': 616} [405s]
  697200/2098208 {'unbalanced': 687825, 'untileable6': 8759, 'periodic': 616} [405s]
  697400/2098208 {'unbalanced': 688017, 'untileable6': 8767, 'periodic': 616} [405s]
  697600/2098208 {'unbalanced': 688199, 'untileable6': 8785, 'periodic': 616} [405s]
  697800/2098208 {'unbalanced': 688399, 'untileable6': 8785, 'periodic': 616} [405s]
  698000/2098208 {'unbalanced': 688597, 'untileable6': 8787, 'periodic': 616} [405s]
  698200/2098208 {'unbalanced': 688791, 'untileable6': 8793, 'periodic': 616} [405s]
  698400/2098208 {'unbalanced': 688985, 'untileable6': 8799, 'periodic': 616} [405s]
  698600/2098208 {'unbalanced': 689178, 'untileable6': 8806, 'periodic': 616} [405s]
  698800/2098208 {'unbalanced': 689371, 'untileable6': 8813, 'periodic': 616} [405s]
  699000/2098208 {'unbalanced': 689557, 'untileable6': 8827, 'periodic': 616} [405s]
  699200/2098208 {'unbalanced': 689750, 'untileable6': 8834, 'periodic': 616} [405s]
  699400/2098208 {'unbalanced': 689950, 'untileable6': 8834, 'periodic': 616} [405s]
  699600/2098208 {'unbalanced': 690149, 'untileable6': 8835, 'periodic': 616} [405s]
  699800/2098208 {'unbalanced': 690339, 'untileable6': 8845, 'periodic': 616} [405s]
  700000/2098208 {'unbalanced': 690535, 'untileable6': 8849, 'periodic': 616} [405s]
  700200/2098208 {'unbalanced': 690728, 'untileable6': 8856, 'periodic': 616} [405s]
  700400/2098208 {'unbalanced': 690928, 'untileable6': 8856, 'periodic': 616} [405s]
  700600/2098208 {'unbalanced': 691127, 'untileable6': 8857, 'periodic': 616} [405s]
  700800/2098208 {'unbalanced': 691323, 'untileable6': 8861, 'periodic': 616} [405s]
  701000/2098208 {'unbalanced': 691523, 'untileable6': 8861, 'periodic': 616} [405s]
  701200/2098208 {'unbalanced': 691718, 'untileable6': 8866, 'periodic': 616} [405s]
  701400/2098208 {'unbalanced': 691918, 'untileable6': 8866, 'periodic': 616} [405s]
  701600/2098208 {'unbalanced': 692114, 'untileable6': 8870, 'periodic': 616} [405s]
  701800/2098208 {'unbalanced': 692310, 'untileable6': 8874, 'periodic': 616} [405s]
  702000/2098208 {'unbalanced': 692500, 'untileable6': 8884, 'periodic': 616} [405s]
  702200/2098208 {'unbalanced': 692698, 'untileable6': 8886, 'periodic': 616} [405s]
  702400/2098208 {'unbalanced': 692890, 'untileable6': 8894, 'periodic': 616} [405s]
  702600/2098208 {'unbalanced': 693086, 'untileable6': 8898, 'periodic': 616} [405s]
  702800/2098208 {'unbalanced': 693281, 'untileable6': 8903, 'periodic': 616} [405s]
  703000/2098208 {'unbalanced': 693480, 'untileable6': 8904, 'periodic': 616} [405s]
  703200/2098208 {'unbalanced': 693677, 'untileable6': 8907, 'periodic': 616} [405s]
  703400/2098208 {'unbalanced': 693876, 'untileable6': 8908, 'periodic': 616} [405s]
  703600/2098208 {'unbalanced': 694071, 'untileable6': 8913, 'periodic': 616} [405s]
  703800/2098208 {'unbalanced': 694265, 'untileable6': 8919, 'periodic': 616} [405s]
  704000/2098208 {'unbalanced': 694463, 'untileable6': 8921, 'periodic': 616} [405s]
  704200/2098208 {'unbalanced': 694655, 'untileable6': 8929, 'periodic': 616} [405s]
  704400/2098208 {'unbalanced': 694853, 'untileable6': 8930, 'periodic': 617} [405s]
  704600/2098208 {'unbalanced': 695046, 'untileable6': 8932, 'periodic': 622} [405s]
  704800/2098208 {'unbalanced': 695238, 'untileable6': 8934, 'periodic': 628} [405s]
  705000/2098208 {'unbalanced': 695422, 'untileable6': 8947, 'periodic': 631} [405s]
  705200/2098208 {'unbalanced': 695614, 'untileable6': 8955, 'periodic': 631} [406s]
  705400/2098208 {'unbalanced': 695802, 'untileable6': 8967, 'periodic': 631} [406s]
  705600/2098208 {'unbalanced': 696000, 'untileable6': 8969, 'periodic': 631} [406s]
  705800/2098208 {'unbalanced': 696199, 'untileable6': 8970, 'periodic': 631} [406s]
  706000/2098208 {'unbalanced': 696398, 'untileable6': 8971, 'periodic': 631} [406s]
  706200/2098208 {'unbalanced': 696590, 'untileable6': 8979, 'periodic': 631} [406s]
  706400/2098208 {'unbalanced': 696788, 'untileable6': 8981, 'periodic': 631} [406s]
  706600/2098208 {'unbalanced': 696983, 'untileable6': 8986, 'periodic': 631} [406s]
  706800/2098208 {'unbalanced': 697178, 'untileable6': 8991, 'periodic': 631} [406s]
  707000/2098208 {'unbalanced': 697376, 'untileable6': 8992, 'periodic': 632} [406s]
  707200/2098208 {'unbalanced': 697567, 'untileable6': 8995, 'periodic': 638} [406s]
  707400/2098208 {'unbalanced': 697757, 'untileable6': 8999, 'periodic': 644} [406s]
  707600/2098208 {'unbalanced': 697941, 'untileable6': 9012, 'periodic': 647} [406s]
  707800/2098208 {'unbalanced': 698132, 'untileable6': 9021, 'periodic': 647} [406s]
  708000/2098208 {'unbalanced': 698317, 'untileable6': 9036, 'periodic': 647} [406s]
  708200/2098208 {'unbalanced': 698507, 'untileable6': 9046, 'periodic': 647} [406s]
  708400/2098208 {'unbalanced': 698705, 'untileable6': 9048, 'periodic': 647} [406s]
  708600/2098208 {'unbalanced': 698903, 'untileable6': 9050, 'periodic': 647} [406s]
  708800/2098208 {'unbalanced': 699097, 'untileable6': 9056, 'periodic': 647} [406s]
  709000/2098208 {'unbalanced': 699295, 'untileable6': 9058, 'periodic': 647} [406s]
  709200/2098208 {'unbalanced': 699488, 'untileable6': 9065, 'periodic': 647} [406s]
  709400/2098208 {'unbalanced': 699685, 'untileable6': 9068, 'periodic': 647} [406s]
  709600/2098208 {'unbalanced': 699880, 'untileable6': 9072, 'periodic': 648} [406s]
  709800/2098208 {'unbalanced': 700075, 'untileable6': 9077, 'periodic': 648} [406s]
  710000/2098208 {'unbalanced': 700266, 'untileable6': 9085, 'periodic': 649} [406s]
  710200/2098208 {'unbalanced': 700457, 'untileable6': 9093, 'periodic': 650} [406s]
  710400/2098208 {'unbalanced': 700646, 'untileable6': 9102, 'periodic': 652} [406s]
  710600/2098208 {'unbalanced': 700832, 'untileable6': 9116, 'periodic': 652} [406s]
  710800/2098208 {'unbalanced': 701023, 'untileable6': 9125, 'periodic': 652} [406s]
  711000/2098208 {'unbalanced': 701223, 'untileable6': 9125, 'periodic': 652} [406s]
  711200/2098208 {'unbalanced': 701421, 'untileable6': 9127, 'periodic': 652} [406s]
  711400/2098208 {'unbalanced': 701613, 'untileable6': 9133, 'periodic': 654} [406s]
  711600/2098208 {'unbalanced': 701806, 'untileable6': 9138, 'periodic': 656} [406s]
  711800/2098208 {'unbalanced': 702002, 'untileable6': 9142, 'periodic': 656} [406s]
  712000/2098208 {'unbalanced': 702196, 'untileable6': 9148, 'periodic': 656} [406s]
  712200/2098208 {'unbalanced': 702393, 'untileable6': 9151, 'periodic': 656} [406s]
  712400/2098208 {'unbalanced': 702589, 'untileable6': 9153, 'periodic': 658} [406s]
  712600/2098208 {'unbalanced': 702779, 'untileable6': 9161, 'periodic': 660} [406s]
  712800/2098208 {'unbalanced': 702973, 'untileable6': 9167, 'periodic': 660} [406s]
  713000/2098208 {'unbalanced': 703167, 'untileable6': 9173, 'periodic': 660} [406s]
  713200/2098208 {'unbalanced': 703362, 'untileable6': 9177, 'periodic': 661} [406s]
  713400/2098208 {'unbalanced': 703556, 'untileable6': 9183, 'periodic': 661} [406s]
  713600/2098208 {'unbalanced': 703755, 'untileable6': 9183, 'periodic': 662} [406s]
  713800/2098208 {'unbalanced': 703947, 'untileable6': 9185, 'periodic': 668} [406s]
  714000/2098208 {'unbalanced': 704131, 'untileable6': 9196, 'periodic': 673} [406s]
  714200/2098208 {'unbalanced': 704319, 'untileable6': 9207, 'periodic': 674} [406s]
  714400/2098208 {'unbalanced': 704504, 'untileable6': 9220, 'periodic': 676} [406s]
  714600/2098208 {'unbalanced': 704692, 'untileable6': 9231, 'periodic': 677} [406s]
  714800/2098208 {'unbalanced': 704882, 'untileable6': 9239, 'periodic': 679} [406s]
  715000/2098208 {'unbalanced': 705072, 'untileable6': 9249, 'periodic': 679} [406s]
  715200/2098208 {'unbalanced': 705262, 'untileable6': 9258, 'periodic': 680} [406s]
  715400/2098208 {'unbalanced': 705456, 'untileable6': 9262, 'periodic': 682} [406s]
  715600/2098208 {'unbalanced': 705636, 'untileable6': 9280, 'periodic': 684} [406s]
  715800/2098208 {'unbalanced': 705825, 'untileable6': 9290, 'periodic': 685} [406s]
  716000/2098208 {'unbalanced': 706019, 'untileable6': 9296, 'periodic': 685} [406s]
  716200/2098208 {'unbalanced': 706213, 'untileable6': 9302, 'periodic': 685} [407s]
  716400/2098208 {'unbalanced': 706406, 'untileable6': 9305, 'periodic': 689} [407s]
  716600/2098208 {'unbalanced': 706593, 'untileable6': 9316, 'periodic': 691} [407s]
  716800/2098208 {'unbalanced': 706780, 'untileable6': 9327, 'periodic': 693} [407s]
  717000/2098208 {'unbalanced': 706959, 'untileable6': 9346, 'periodic': 695} [407s]
  717200/2098208 {'unbalanced': 707152, 'untileable6': 9351, 'periodic': 697} [407s]
  717400/2098208 {'unbalanced': 707342, 'untileable6': 9359, 'periodic': 699} [407s]
  717600/2098208 {'unbalanced': 707531, 'untileable6': 9369, 'periodic': 700} [407s]
  717800/2098208 {'unbalanced': 707723, 'untileable6': 9375, 'periodic': 702} [407s]
  718000/2098208 {'unbalanced': 707913, 'untileable6': 9384, 'periodic': 703} [407s]
  718200/2098208 {'unbalanced': 708097, 'untileable6': 9398, 'periodic': 705} [407s]
  718400/2098208 {'unbalanced': 708288, 'untileable6': 9405, 'periodic': 707} [407s]
  718600/2098208 {'unbalanced': 708471, 'untileable6': 9418, 'periodic': 711} [407s]
  718800/2098208 {'unbalanced': 708662, 'untileable6': 9423, 'periodic': 715} [407s]
  719000/2098208 {'unbalanced': 708857, 'untileable6': 9426, 'periodic': 717} [407s]
  719200/2098208 {'unbalanced': 709049, 'untileable6': 9432, 'periodic': 719} [407s]
  719400/2098208 {'unbalanced': 709241, 'untileable6': 9438, 'periodic': 721} [407s]
  719600/2098208 {'unbalanced': 709427, 'untileable6': 9450, 'periodic': 723} [407s]
  719800/2098208 {'unbalanced': 709619, 'untileable6': 9456, 'periodic': 725} [407s]
  720000/2098208 {'unbalanced': 709805, 'untileable6': 9468, 'periodic': 727} [407s]
  720200/2098208 {'unbalanced': 710000, 'untileable6': 9471, 'periodic': 729} [407s]
  720400/2098208 {'unbalanced': 710191, 'untileable6': 9478, 'periodic': 731} [407s]
  720600/2098208 {'unbalanced': 710383, 'untileable6': 9484, 'periodic': 733} [407s]
  720800/2098208 {'unbalanced': 710579, 'untileable6': 9486, 'periodic': 735} [407s]
  721000/2098208 {'unbalanced': 710763, 'untileable6': 9500, 'periodic': 737} [407s]
  721200/2098208 {'unbalanced': 710956, 'untileable6': 9505, 'periodic': 739} [407s]
  721400/2098208 {'unbalanced': 711153, 'untileable6': 9505, 'periodic': 742} [407s]
  721600/2098208 {'unbalanced': 711353, 'untileable6': 9505, 'periodic': 742} [407s]
  721800/2098208 {'unbalanced': 711553, 'untileable6': 9505, 'periodic': 742} [407s]
  722000/2098208 {'unbalanced': 711753, 'untileable6': 9505, 'periodic': 742} [407s]
  722200/2098208 {'unbalanced': 711952, 'untileable6': 9506, 'periodic': 742} [407s]
  722400/2098208 {'unbalanced': 712149, 'untileable6': 9509, 'periodic': 742} [407s]
  722600/2098208 {'unbalanced': 712349, 'untileable6': 9509, 'periodic': 742} [407s]
  722800/2098208 {'unbalanced': 712549, 'untileable6': 9509, 'periodic': 742} [407s]
  723000/2098208 {'unbalanced': 712749, 'untileable6': 9509, 'periodic': 742} [407s]
  723200/2098208 {'unbalanced': 712949, 'untileable6': 9509, 'periodic': 742} [407s]
  723400/2098208 {'unbalanced': 713149, 'untileable6': 9509, 'periodic': 742} [407s]
  723600/2098208 {'unbalanced': 713349, 'untileable6': 9509, 'periodic': 742} [407s]
  723800/2098208 {'unbalanced': 713545, 'untileable6': 9513, 'periodic': 742} [407s]
  724000/2098208 {'unbalanced': 713742, 'untileable6': 9516, 'periodic': 742} [407s]
  724200/2098208 {'unbalanced': 713942, 'untileable6': 9516, 'periodic': 742} [407s]
  724400/2098208 {'unbalanced': 714142, 'untileable6': 9516, 'periodic': 742} [407s]
  724600/2098208 {'unbalanced': 714342, 'untileable6': 9516, 'periodic': 742} [407s]
  724800/2098208 {'unbalanced': 714542, 'untileable6': 9516, 'periodic': 742} [407s]
  725000/2098208 {'unbalanced': 714741, 'untileable6': 9517, 'periodic': 742} [407s]
  725200/2098208 {'unbalanced': 714937, 'untileable6': 9521, 'periodic': 742} [407s]
  725400/2098208 {'unbalanced': 715132, 'untileable6': 9526, 'periodic': 742} [407s]
  725600/2098208 {'unbalanced': 715332, 'untileable6': 9526, 'periodic': 742} [407s]
  725800/2098208 {'unbalanced': 715532, 'untileable6': 9526, 'periodic': 742} [407s]
  726000/2098208 {'unbalanced': 715732, 'untileable6': 9526, 'periodic': 742} [407s]
  726200/2098208 {'unbalanced': 715932, 'untileable6': 9526, 'periodic': 742} [407s]
  726400/2098208 {'unbalanced': 716132, 'untileable6': 9526, 'periodic': 742} [407s]
  726600/2098208 {'unbalanced': 716327, 'untileable6': 9531, 'periodic': 742} [407s]
  726800/2098208 {'unbalanced': 716524, 'untileable6': 9534, 'periodic': 742} [407s]
  727000/2098208 {'unbalanced': 716724, 'untileable6': 9534, 'periodic': 742} [407s]
  727200/2098208 {'unbalanced': 716924, 'untileable6': 9534, 'periodic': 742} [407s]
  727400/2098208 {'unbalanced': 717124, 'untileable6': 9534, 'periodic': 742} [407s]
  727600/2098208 {'unbalanced': 717324, 'untileable6': 9534, 'periodic': 742} [407s]
  727800/2098208 {'unbalanced': 717519, 'untileable6': 9539, 'periodic': 742} [407s]
  728000/2098208 {'unbalanced': 717714, 'untileable6': 9544, 'periodic': 742} [407s]
  728200/2098208 {'unbalanced': 717914, 'untileable6': 9544, 'periodic': 742} [407s]
  728400/2098208 {'unbalanced': 718114, 'untileable6': 9544, 'periodic': 742} [407s]
  728600/2098208 {'unbalanced': 718314, 'untileable6': 9544, 'periodic': 742} [407s]
  728800/2098208 {'unbalanced': 718514, 'untileable6': 9544, 'periodic': 742} [407s]
  729000/2098208 {'unbalanced': 718714, 'untileable6': 9544, 'periodic': 742} [407s]
  729200/2098208 {'unbalanced': 718913, 'untileable6': 9544, 'periodic': 743} [407s]
  729400/2098208 {'unbalanced': 719102, 'untileable6': 9555, 'periodic': 743} [407s]
  729600/2098208 {'unbalanced': 719301, 'untileable6': 9556, 'periodic': 743} [407s]
  729800/2098208 {'unbalanced': 719501, 'untileable6': 9556, 'periodic': 743} [407s]
  730000/2098208 {'unbalanced': 719701, 'untileable6': 9556, 'periodic': 743} [407s]
  730200/2098208 {'unbalanced': 719901, 'untileable6': 9556, 'periodic': 743} [407s]
  730400/2098208 {'unbalanced': 720101, 'untileable6': 9556, 'periodic': 743} [407s]
  730600/2098208 {'unbalanced': 720299, 'untileable6': 9558, 'periodic': 743} [407s]
  730800/2098208 {'unbalanced': 720492, 'untileable6': 9565, 'periodic': 743} [407s]
  731000/2098208 {'unbalanced': 720686, 'untileable6': 9571, 'periodic': 743} [407s]
  731200/2098208 {'unbalanced': 720886, 'untileable6': 9571, 'periodic': 743} [407s]
  731400/2098208 {'unbalanced': 721086, 'untileable6': 9571, 'periodic': 743} [407s]
  731600/2098208 {'unbalanced': 721286, 'untileable6': 9571, 'periodic': 743} [407s]
  731800/2098208 {'unbalanced': 721486, 'untileable6': 9571, 'periodic': 743} [407s]
  732000/2098208 {'unbalanced': 721686, 'untileable6': 9571, 'periodic': 743} [407s]
  732200/2098208 {'unbalanced': 721881, 'untileable6': 9576, 'periodic': 743} [407s]
  732400/2098208 {'unbalanced': 722081, 'untileable6': 9576, 'periodic': 743} [407s]
  732600/2098208 {'unbalanced': 722281, 'untileable6': 9576, 'periodic': 743} [407s]
  732800/2098208 {'unbalanced': 722481, 'untileable6': 9576, 'periodic': 743} [407s]
  733000/2098208 {'unbalanced': 722679, 'untileable6': 9578, 'periodic': 743} [407s]
  733200/2098208 {'unbalanced': 722876, 'untileable6': 9581, 'periodic': 743} [407s]
  733400/2098208 {'unbalanced': 723073, 'untileable6': 9584, 'periodic': 743} [407s]
  733600/2098208 {'unbalanced': 723273, 'untileable6': 9584, 'periodic': 743} [407s]
  733800/2098208 {'unbalanced': 723473, 'untileable6': 9584, 'periodic': 743} [407s]
  734000/2098208 {'unbalanced': 723673, 'untileable6': 9584, 'periodic': 743} [407s]
  734200/2098208 {'unbalanced': 723873, 'untileable6': 9584, 'periodic': 743} [407s]
  734400/2098208 {'unbalanced': 724073, 'untileable6': 9584, 'periodic': 743} [407s]
  734600/2098208 {'unbalanced': 724272, 'untileable6': 9585, 'periodic': 743} [407s]
  734800/2098208 {'unbalanced': 724470, 'untileable6': 9587, 'periodic': 743} [407s]
  735000/2098208 {'unbalanced': 724670, 'untileable6': 9587, 'periodic': 743} [407s]
  735200/2098208 {'unbalanced': 724870, 'untileable6': 9587, 'periodic': 743} [407s]
  735400/2098208 {'unbalanced': 725070, 'untileable6': 9587, 'periodic': 743} [407s]
  735600/2098208 {'unbalanced': 725270, 'untileable6': 9587, 'periodic': 743} [407s]
  735800/2098208 {'unbalanced': 725470, 'untileable6': 9587, 'periodic': 743} [407s]
  736000/2098208 {'unbalanced': 725662, 'untileable6': 9593, 'periodic': 745} [407s]
  736200/2098208 {'unbalanced': 725854, 'untileable6': 9601, 'periodic': 745} [407s]
  736400/2098208 {'unbalanced': 726051, 'untileable6': 9604, 'periodic': 745} [407s]
  736600/2098208 {'unbalanced': 726251, 'untileable6': 9604, 'periodic': 745} [407s]
  736800/2098208 {'unbalanced': 726451, 'untileable6': 9604, 'periodic': 745} [407s]
  737000/2098208 {'unbalanced': 726651, 'untileable6': 9604, 'periodic': 745} [407s]
  737200/2098208 {'unbalanced': 726851, 'untileable6': 9604, 'periodic': 745} [407s]
  737400/2098208 {'unbalanced': 727051, 'untileable6': 9604, 'periodic': 745} [407s]
  737600/2098208 {'unbalanced': 727249, 'untileable6': 9606, 'periodic': 745} [407s]
  737800/2098208 {'unbalanced': 727449, 'untileable6': 9606, 'periodic': 745} [407s]
  738000/2098208 {'unbalanced': 727649, 'untileable6': 9606, 'periodic': 745} [407s]
  738200/2098208 {'unbalanced': 727849, 'untileable6': 9606, 'periodic': 745} [407s]
  738400/2098208 {'unbalanced': 728049, 'untileable6': 9606, 'periodic': 745} [407s]
  738600/2098208 {'unbalanced': 728244, 'untileable6': 9608, 'periodic': 748} [407s]
  738800/2098208 {'unbalanced': 728433, 'untileable6': 9619, 'periodic': 748} [408s]
  739000/2098208 {'unbalanced': 728628, 'untileable6': 9624, 'periodic': 748} [408s]
  739200/2098208 {'unbalanced': 728828, 'untileable6': 9624, 'periodic': 748} [408s]
  739400/2098208 {'unbalanced': 729028, 'untileable6': 9624, 'periodic': 748} [408s]
  739600/2098208 {'unbalanced': 729228, 'untileable6': 9624, 'periodic': 748} [408s]
  739800/2098208 {'unbalanced': 729428, 'untileable6': 9624, 'periodic': 748} [408s]
  740000/2098208 {'unbalanced': 729628, 'untileable6': 9624, 'periodic': 748} [408s]
  740200/2098208 {'unbalanced': 729828, 'untileable6': 9624, 'periodic': 748} [408s]
  740400/2098208 {'unbalanced': 730024, 'untileable6': 9628, 'periodic': 748} [408s]
  740600/2098208 {'unbalanced': 730224, 'untileable6': 9628, 'periodic': 748} [408s]
  740800/2098208 {'unbalanced': 730424, 'untileable6': 9628, 'periodic': 748} [408s]
  741000/2098208 {'unbalanced': 730624, 'untileable6': 9628, 'periodic': 748} [408s]
  741200/2098208 {'unbalanced': 730824, 'untileable6': 9628, 'periodic': 748} [408s]
  741400/2098208 {'unbalanced': 731024, 'untileable6': 9628, 'periodic': 748} [408s]
  741600/2098208 {'unbalanced': 731220, 'untileable6': 9632, 'periodic': 748} [408s]
  741800/2098208 {'unbalanced': 731413, 'untileable6': 9639, 'periodic': 748} [408s]
  742000/2098208 {'unbalanced': 731611, 'untileable6': 9641, 'periodic': 748} [408s]
  742200/2098208 {'unbalanced': 731811, 'untileable6': 9641, 'periodic': 748} [408s]
  742400/2098208 {'unbalanced': 732011, 'untileable6': 9641, 'periodic': 748} [408s]
  742600/2098208 {'unbalanced': 732211, 'untileable6': 9641, 'periodic': 748} [408s]
  742800/2098208 {'unbalanced': 732411, 'untileable6': 9641, 'periodic': 748} [408s]
  743000/2098208 {'unbalanced': 732611, 'untileable6': 9641, 'periodic': 748} [408s]
  743200/2098208 {'unbalanced': 732810, 'untileable6': 9642, 'periodic': 748} [408s]
  743400/2098208 {'unbalanced': 733010, 'untileable6': 9642, 'periodic': 748} [408s]
  743600/2098208 {'unbalanced': 733208, 'untileable6': 9644, 'periodic': 748} [408s]
  743800/2098208 {'unbalanced': 733405, 'untileable6': 9647, 'periodic': 748} [408s]
  744000/2098208 {'unbalanced': 733598, 'untileable6': 9654, 'periodic': 748} [408s]
  744200/2098208 {'unbalanced': 733790, 'untileable6': 9662, 'periodic': 748} [408s]
  744400/2098208 {'unbalanced': 733990, 'untileable6': 9662, 'periodic': 748} [408s]
  744600/2098208 {'unbalanced': 734190, 'untileable6': 9662, 'periodic': 748} [408s]
  744800/2098208 {'unbalanced': 734386, 'untileable6': 9666, 'periodic': 748} [408s]
  745000/2098208 {'unbalanced': 734582, 'untileable6': 9670, 'periodic': 748} [408s]
  745200/2098208 {'unbalanced': 734779, 'untileable6': 9673, 'periodic': 748} [408s]
  745400/2098208 {'unbalanced': 734974, 'untileable6': 9678, 'periodic': 748} [408s]
  745600/2098208 {'unbalanced': 735165, 'untileable6': 9687, 'periodic': 748} [408s]
  745800/2098208 {'unbalanced': 735361, 'untileable6': 9691, 'periodic': 748} [408s]
  746000/2098208 {'unbalanced': 735561, 'untileable6': 9691, 'periodic': 748} [408s]
  746200/2098208 {'unbalanced': 735756, 'untileable6': 9696, 'periodic': 748} [408s]
  746400/2098208 {'unbalanced': 735955, 'untileable6': 9697, 'periodic': 748} [408s]
  746600/2098208 {'unbalanced': 736148, 'untileable6': 9704, 'periodic': 748} [408s]
  746800/2098208 {'unbalanced': 736342, 'untileable6': 9709, 'periodic': 749} [408s]
  747000/2098208 {'unbalanced': 736528, 'untileable6': 9716, 'periodic': 756} [408s]
  747200/2098208 {'unbalanced': 736718, 'untileable6': 9719, 'periodic': 763} [408s]
  747400/2098208 {'unbalanced': 736918, 'untileable6': 9719, 'periodic': 763} [408s]
  747600/2098208 {'unbalanced': 737118, 'untileable6': 9719, 'periodic': 763} [408s]
  747800/2098208 {'unbalanced': 737307, 'untileable6': 9727, 'periodic': 766} [408s]
  748000/2098208 {'unbalanced': 737499, 'untileable6': 9735, 'periodic': 766} [408s]
  748200/2098208 {'unbalanced': 737694, 'untileable6': 9740, 'periodic': 766} [408s]
  748400/2098208 {'unbalanced': 737882, 'untileable6': 9752, 'periodic': 766} [408s]
  748600/2098208 {'unbalanced': 738076, 'untileable6': 9758, 'periodic': 766} [408s]
  748800/2098208 {'unbalanced': 738275, 'untileable6': 9759, 'periodic': 766} [408s]
  749000/2098208 {'unbalanced': 738473, 'untileable6': 9761, 'periodic': 766} [408s]
  749200/2098208 {'unbalanced': 738667, 'untileable6': 9767, 'periodic': 766} [408s]
  749400/2098208 {'unbalanced': 738860, 'untileable6': 9774, 'periodic': 766} [408s]
  749600/2098208 {'unbalanced': 739049, 'untileable6': 9785, 'periodic': 766} [408s]
  749800/2098208 {'unbalanced': 739235, 'untileable6': 9799, 'periodic': 766} [408s]
  750000/2098208 {'unbalanced': 739435, 'untileable6': 9799, 'periodic': 766} [408s]
  750200/2098208 {'unbalanced': 739635, 'untileable6': 9799, 'periodic': 766} [408s]
  750400/2098208 {'unbalanced': 739826, 'untileable6': 9806, 'periodic': 768} [408s]
  750600/2098208 {'unbalanced': 740018, 'untileable6': 9814, 'periodic': 768} [408s]
  750800/2098208 {'unbalanced': 740212, 'untileable6': 9820, 'periodic': 768} [408s]
  751000/2098208 {'unbalanced': 740405, 'untileable6': 9827, 'periodic': 768} [408s]
  751200/2098208 {'unbalanced': 740583, 'untileable6': 9849, 'periodic': 768} [408s]
  751400/2098208 {'unbalanced': 740781, 'untileable6': 9851, 'periodic': 768} [408s]
  751600/2098208 {'unbalanced': 740981, 'untileable6': 9851, 'periodic': 768} [408s]
  751800/2098208 {'unbalanced': 741173, 'untileable6': 9859, 'periodic': 768} [408s]
  752000/2098208 {'unbalanced': 741367, 'untileable6': 9865, 'periodic': 768} [408s]
  752200/2098208 {'unbalanced': 741561, 'untileable6': 9871, 'periodic': 768} [408s]
  752400/2098208 {'unbalanced': 741751, 'untileable6': 9881, 'periodic': 768} [408s]
  752600/2098208 {'unbalanced': 741940, 'untileable6': 9892, 'periodic': 768} [408s]
  752800/2098208 {'unbalanced': 742128, 'untileable6': 9904, 'periodic': 768} [408s]
  753000/2098208 {'unbalanced': 742328, 'untileable6': 9904, 'periodic': 768} [408s]
  753200/2098208 {'unbalanced': 742528, 'untileable6': 9904, 'periodic': 768} [408s]
  753400/2098208 {'unbalanced': 742719, 'untileable6': 9912, 'periodic': 769} [408s]
  753600/2098208 {'unbalanced': 742914, 'untileable6': 9917, 'periodic': 769} [408s]
  753800/2098208 {'unbalanced': 743110, 'untileable6': 9921, 'periodic': 769} [408s]
  754000/2098208 {'unbalanced': 743299, 'untileable6': 9932, 'periodic': 769} [408s]
  754200/2098208 {'unbalanced': 743499, 'untileable6': 9932, 'periodic': 769} [408s]
  754400/2098208 {'unbalanced': 743695, 'untileable6': 9936, 'periodic': 769} [408s]
  754600/2098208 {'unbalanced': 743891, 'untileable6': 9940, 'periodic': 769} [408s]
  754800/2098208 {'unbalanced': 744087, 'untileable6': 9943, 'periodic': 770} [408s]
  755000/2098208 {'unbalanced': 744280, 'untileable6': 9950, 'periodic': 770} [408s]
  755200/2098208 {'unbalanced': 744475, 'untileable6': 9955, 'periodic': 770} [408s]
  755400/2098208 {'unbalanced': 744675, 'untileable6': 9955, 'periodic': 770} [408s]
  755600/2098208 {'unbalanced': 744875, 'untileable6': 9955, 'periodic': 770} [408s]
  755800/2098208 {'unbalanced': 745071, 'untileable6': 9958, 'periodic': 771} [408s]
  756000/2098208 {'unbalanced': 745271, 'untileable6': 9958, 'periodic': 771} [408s]
  756200/2098208 {'unbalanced': 745469, 'untileable6': 9960, 'periodic': 771} [408s]
  756400/2098208 {'unbalanced': 745668, 'untileable6': 9961, 'periodic': 771} [408s]
  756600/2098208 {'unbalanced': 745864, 'untileable6': 9965, 'periodic': 771} [408s]
  756800/2098208 {'unbalanced': 746064, 'untileable6': 9965, 'periodic': 771} [408s]
  757000/2098208 {'unbalanced': 746263, 'untileable6': 9965, 'periodic': 772} [408s]
  757200/2098208 {'unbalanced': 746453, 'untileable6': 9975, 'periodic': 772} [409s]
  757400/2098208 {'unbalanced': 746643, 'untileable6': 9985, 'periodic': 772} [409s]
  757600/2098208 {'unbalanced': 746835, 'untileable6': 9993, 'periodic': 772} [409s]
  757800/2098208 {'unbalanced': 747025, 'untileable6': 10002, 'periodic': 773} [409s]
  758000/2098208 {'unbalanced': 747208, 'untileable6': 10019, 'periodic': 773} [409s]
  758200/2098208 {'unbalanced': 747403, 'untileable6': 10024, 'periodic': 773} [409s]
  758400/2098208 {'unbalanced': 747603, 'untileable6': 10024, 'periodic': 773} [409s]
  758600/2098208 {'unbalanced': 747803, 'untileable6': 10024, 'periodic': 773} [409s]
  758800/2098208 {'unbalanced': 747998, 'untileable6': 10028, 'periodic': 774} [409s]
  759000/2098208 {'unbalanced': 748197, 'untileable6': 10029, 'periodic': 774} [409s]
  759200/2098208 {'unbalanced': 748396, 'untileable6': 10030, 'periodic': 774} [409s]
  759400/2098208 {'unbalanced': 748593, 'untileable6': 10033, 'periodic': 774} [409s]
  759600/2098208 {'unbalanced': 748793, 'untileable6': 10033, 'periodic': 774} [409s]
  759800/2098208 {'unbalanced': 748986, 'untileable6': 10040, 'periodic': 774} [409s]
  760000/2098208 {'unbalanced': 749175, 'untileable6': 10051, 'periodic': 774} [409s]
  760200/2098208 {'unbalanced': 749367, 'untileable6': 10059, 'periodic': 774} [409s]
  760400/2098208 {'unbalanced': 749559, 'untileable6': 10066, 'periodic': 775} [409s]
  760600/2098208 {'unbalanced': 749742, 'untileable6': 10083, 'periodic': 775} [409s]
  760800/2098208 {'unbalanced': 749933, 'untileable6': 10092, 'periodic': 775} [409s]
  761000/2098208 {'unbalanced': 750133, 'untileable6': 10092, 'periodic': 775} [409s]
  761200/2098208 {'unbalanced': 750333, 'untileable6': 10092, 'periodic': 775} [409s]
  761400/2098208 {'unbalanced': 750528, 'untileable6': 10096, 'periodic': 776} [409s]
  761600/2098208 {'unbalanced': 750727, 'untileable6': 10097, 'periodic': 776} [409s]
  761800/2098208 {'unbalanced': 750926, 'untileable6': 10098, 'periodic': 776} [409s]
  762000/2098208 {'unbalanced': 751124, 'untileable6': 10100, 'periodic': 776} [409s]
  762200/2098208 {'unbalanced': 751317, 'untileable6': 10106, 'periodic': 777} [409s]
  762400/2098208 {'unbalanced': 751517, 'untileable6': 10106, 'periodic': 777} [409s]
  762600/2098208 {'unbalanced': 751715, 'untileable6': 10108, 'periodic': 777} [409s]
  762800/2098208 {'unbalanced': 751907, 'untileable6': 10115, 'periodic': 778} [409s]
  763000/2098208 {'unbalanced': 752101, 'untileable6': 10121, 'periodic': 778} [409s]
  763200/2098208 {'unbalanced': 752295, 'untileable6': 10127, 'periodic': 778} [409s]
  763400/2098208 {'unbalanced': 752487, 'untileable6': 10135, 'periodic': 778} [409s]
  763600/2098208 {'unbalanced': 752676, 'untileable6': 10145, 'periodic': 779} [409s]
  763800/2098208 {'unbalanced': 752872, 'untileable6': 10149, 'periodic': 779} [409s]
  764000/2098208 {'unbalanced': 753072, 'untileable6': 10149, 'periodic': 779} [409s]
  764200/2098208 {'unbalanced': 753272, 'untileable6': 10149, 'periodic': 779} [409s]
  764400/2098208 {'unbalanced': 753468, 'untileable6': 10152, 'periodic': 780} [409s]
  764600/2098208 {'unbalanced': 753668, 'untileable6': 10152, 'periodic': 780} [409s]
  764800/2098208 {'unbalanced': 753867, 'untileable6': 10153, 'periodic': 780} [409s]
  765000/2098208 {'unbalanced': 754067, 'untileable6': 10153, 'periodic': 780} [409s]
  765200/2098208 {'unbalanced': 754266, 'untileable6': 10154, 'periodic': 780} [409s]
  765400/2098208 {'unbalanced': 754466, 'untileable6': 10154, 'periodic': 780} [409s]
  765600/2098208 {'unbalanced': 754665, 'untileable6': 10155, 'periodic': 780} [409s]
  765800/2098208 {'unbalanced': 754863, 'untileable6': 10157, 'periodic': 780} [409s]
  766000/2098208 {'unbalanced': 755061, 'untileable6': 10159, 'periodic': 780} [409s]
  766200/2098208 {'unbalanced': 755261, 'untileable6': 10159, 'periodic': 780} [409s]
  766400/2098208 {'unbalanced': 755457, 'untileable6': 10163, 'periodic': 780} [409s]
  766600/2098208 {'unbalanced': 755650, 'untileable6': 10165, 'periodic': 785} [409s]
  766800/2098208 {'unbalanced': 755849, 'untileable6': 10166, 'periodic': 785} [409s]
  767000/2098208 {'unbalanced': 756040, 'untileable6': 10175, 'periodic': 785} [409s]
  767200/2098208 {'unbalanced': 756228, 'untileable6': 10187, 'periodic': 785} [409s]
  767400/2098208 {'unbalanced': 756422, 'untileable6': 10193, 'periodic': 785} [409s]
  767600/2098208 {'unbalanced': 756621, 'untileable6': 10194, 'periodic': 785} [409s]
  767800/2098208 {'unbalanced': 756819, 'untileable6': 10196, 'periodic': 785} [409s]
  768000/2098208 {'unbalanced': 757012, 'untileable6': 10203, 'periodic': 785} [409s]
  768200/2098208 {'unbalanced': 757208, 'untileable6': 10207, 'periodic': 785} [409s]
  768400/2098208 {'unbalanced': 757399, 'untileable6': 10216, 'periodic': 785} [409s]
  768600/2098208 {'unbalanced': 757584, 'untileable6': 10231, 'periodic': 785} [409s]
  768800/2098208 {'unbalanced': 757784, 'untileable6': 10231, 'periodic': 785} [409s]
  769000/2098208 {'unbalanced': 757976, 'untileable6': 10239, 'periodic': 785} [409s]
  769200/2098208 {'unbalanced': 758166, 'untileable6': 10249, 'periodic': 785} [409s]
  769400/2098208 {'unbalanced': 758356, 'untileable6': 10259, 'periodic': 785} [409s]
  769600/2098208 {'unbalanced': 758549, 'untileable6': 10266, 'periodic': 785} [409s]
  769800/2098208 {'unbalanced': 758737, 'untileable6': 10278, 'periodic': 785} [409s]
  770000/2098208 {'unbalanced': 758933, 'untileable6': 10282, 'periodic': 785} [409s]
  770200/2098208 {'unbalanced': 759132, 'untileable6': 10283, 'periodic': 785} [409s]
  770400/2098208 {'unbalanced': 759329, 'untileable6': 10286, 'periodic': 785} [409s]
  770600/2098208 {'unbalanced': 759529, 'untileable6': 10286, 'periodic': 785} [409s]
  770800/2098208 {'unbalanced': 759727, 'untileable6': 10288, 'periodic': 785} [409s]
  771000/2098208 {'unbalanced': 759925, 'untileable6': 10290, 'periodic': 785} [409s]
  771200/2098208 {'unbalanced': 760125, 'untileable6': 10290, 'periodic': 785} [409s]
  771400/2098208 {'unbalanced': 760318, 'untileable6': 10297, 'periodic': 785} [409s]
  771600/2098208 {'unbalanced': 760511, 'untileable6': 10304, 'periodic': 785} [409s]
  771800/2098208 {'unbalanced': 760697, 'untileable6': 10318, 'periodic': 785} [409s]
  772000/2098208 {'unbalanced': 760895, 'untileable6': 10320, 'periodic': 785} [409s]
  772200/2098208 {'unbalanced': 761093, 'untileable6': 10322, 'periodic': 785} [409s]
  772400/2098208 {'unbalanced': 761288, 'untileable6': 10327, 'periodic': 785} [410s]
  772600/2098208 {'unbalanced': 761488, 'untileable6': 10327, 'periodic': 785} [410s]
  772800/2098208 {'unbalanced': 761680, 'untileable6': 10335, 'periodic': 785} [410s]
  773000/2098208 {'unbalanced': 761868, 'untileable6': 10347, 'periodic': 785} [410s]
  773200/2098208 {'unbalanced': 762060, 'untileable6': 10355, 'periodic': 785} [410s]
  773400/2098208 {'unbalanced': 762257, 'untileable6': 10358, 'periodic': 785} [410s]
  773600/2098208 {'unbalanced': 762454, 'untileable6': 10361, 'periodic': 785} [410s]
  773800/2098208 {'unbalanced': 762648, 'untileable6': 10367, 'periodic': 785} [410s]
  774000/2098208 {'unbalanced': 762846, 'untileable6': 10369, 'periodic': 785} [410s]
  774200/2098208 {'unbalanced': 763036, 'untileable6': 10379, 'periodic': 785} [410s]
  774400/2098208 {'unbalanced': 763222, 'untileable6': 10393, 'periodic': 785} [410s]
  774600/2098208 {'unbalanced': 763417, 'untileable6': 10398, 'periodic': 785} [410s]
  774800/2098208 {'unbalanced': 763614, 'untileable6': 10401, 'periodic': 785} [410s]
  775000/2098208 {'unbalanced': 763811, 'untileable6': 10404, 'periodic': 785} [410s]
  775200/2098208 {'unbalanced': 764010, 'untileable6': 10405, 'periodic': 785} [410s]
  775400/2098208 {'unbalanced': 764209, 'untileable6': 10406, 'periodic': 785} [410s]
  775600/2098208 {'unbalanced': 764408, 'untileable6': 10407, 'periodic': 785} [410s]
  775800/2098208 {'unbalanced': 764605, 'untileable6': 10410, 'periodic': 785} [410s]
  776000/2098208 {'unbalanced': 764801, 'untileable6': 10414, 'periodic': 785} [410s]
  776200/2098208 {'unbalanced': 765000, 'untileable6': 10415, 'periodic': 785} [410s]
  776400/2098208 {'unbalanced': 765194, 'untileable6': 10421, 'periodic': 785} [410s]
  776600/2098208 {'unbalanced': 765381, 'untileable6': 10434, 'periodic': 785} [410s]
  776800/2098208 {'unbalanced': 765576, 'untileable6': 10439, 'periodic': 785} [410s]
  777000/2098208 {'unbalanced': 765766, 'untileable6': 10449, 'periodic': 785} [410s]
  777200/2098208 {'unbalanced': 765947, 'untileable6': 10468, 'periodic': 785} [410s]
  777400/2098208 {'unbalanced': 766136, 'untileable6': 10479, 'periodic': 785} [410s]
  777600/2098208 {'unbalanced': 766333, 'untileable6': 10482, 'periodic': 785} [410s]
  777800/2098208 {'unbalanced': 766525, 'untileable6': 10490, 'periodic': 785} [410s]
  778000/2098208 {'unbalanced': 766714, 'untileable6': 10501, 'periodic': 785} [410s]
  778200/2098208 {'unbalanced': 766908, 'untileable6': 10507, 'periodic': 785} [410s]
  778400/2098208 {'unbalanced': 767098, 'untileable6': 10517, 'periodic': 785} [410s]
  778600/2098208 {'unbalanced': 767280, 'untileable6': 10535, 'periodic': 785} [410s]
  778800/2098208 {'unbalanced': 767469, 'untileable6': 10546, 'periodic': 785} [410s]
  779000/2098208 {'unbalanced': 767661, 'untileable6': 10554, 'periodic': 785} [410s]
  779200/2098208 {'unbalanced': 767846, 'untileable6': 10569, 'periodic': 785} [410s]
  779400/2098208 {'unbalanced': 768032, 'untileable6': 10583, 'periodic': 785} [410s]
  779600/2098208 {'unbalanced': 768222, 'untileable6': 10593, 'periodic': 785} [410s]
  779800/2098208 {'unbalanced': 768407, 'untileable6': 10608, 'periodic': 785} [410s]
  780000/2098208 {'unbalanced': 768591, 'untileable6': 10624, 'periodic': 785} [410s]
  780200/2098208 {'unbalanced': 768789, 'untileable6': 10626, 'periodic': 785} [410s]
  780400/2098208 {'unbalanced': 768988, 'untileable6': 10627, 'periodic': 785} [410s]
  780600/2098208 {'unbalanced': 769184, 'untileable6': 10631, 'periodic': 785} [410s]
  780800/2098208 {'unbalanced': 769383, 'untileable6': 10632, 'periodic': 785} [410s]
  781000/2098208 {'unbalanced': 769581, 'untileable6': 10634, 'periodic': 785} [410s]
  781200/2098208 {'unbalanced': 769779, 'untileable6': 10636, 'periodic': 785} [410s]
  781400/2098208 {'unbalanced': 769974, 'untileable6': 10641, 'periodic': 785} [410s]
  781600/2098208 {'unbalanced': 770161, 'untileable6': 10654, 'periodic': 785} [410s]
  781800/2098208 {'unbalanced': 770345, 'untileable6': 10670, 'periodic': 785} [410s]
  782000/2098208 {'unbalanced': 770536, 'untileable6': 10679, 'periodic': 785} [410s]
  782200/2098208 {'unbalanced': 770733, 'untileable6': 10682, 'periodic': 785} [410s]
  782400/2098208 {'unbalanced': 770927, 'untileable6': 10688, 'periodic': 785} [410s]
  782600/2098208 {'unbalanced': 771123, 'untileable6': 10692, 'periodic': 785} [410s]
  782800/2098208 {'unbalanced': 771316, 'untileable6': 10699, 'periodic': 785} [410s]
  783000/2098208 {'unbalanced': 771500, 'untileable6': 10715, 'periodic': 785} [410s]
  783200/2098208 {'unbalanced': 771684, 'untileable6': 10731, 'periodic': 785} [410s]
  783400/2098208 {'unbalanced': 771878, 'untileable6': 10736, 'periodic': 786} [410s]
  783600/2098208 {'unbalanced': 772072, 'untileable6': 10742, 'periodic': 786} [411s]
  783800/2098208 {'unbalanced': 772267, 'untileable6': 10746, 'periodic': 787} [411s]
  784000/2098208 {'unbalanced': 772464, 'untileable6': 10749, 'periodic': 787} [411s]
  784200/2098208 {'unbalanced': 772650, 'untileable6': 10762, 'periodic': 788} [411s]
  784400/2098208 {'unbalanced': 772831, 'untileable6': 10780, 'periodic': 789} [411s]
  784600/2098208 {'unbalanced': 773021, 'untileable6': 10790, 'periodic': 789} [411s]
  784800/2098208 {'unbalanced': 773216, 'untileable6': 10794, 'periodic': 790} [411s]
  785000/2098208 {'unbalanced': 773411, 'untileable6': 10799, 'periodic': 790} [411s]
  785200/2098208 {'unbalanced': 773610, 'untileable6': 10800, 'periodic': 790} [411s]
  785400/2098208 {'unbalanced': 773810, 'untileable6': 10800, 'periodic': 790} [411s]
  785600/2098208 {'unbalanced': 774010, 'untileable6': 10800, 'periodic': 790} [411s]
  785800/2098208 {'unbalanced': 774210, 'untileable6': 10800, 'periodic': 790} [411s]
  786000/2098208 {'unbalanced': 774410, 'untileable6': 10800, 'periodic': 790} [411s]
  786200/2098208 {'unbalanced': 774610, 'untileable6': 10800, 'periodic': 790} [411s]
  786400/2098208 {'unbalanced': 774810, 'untileable6': 10800, 'periodic': 790} [411s]
  786600/2098208 {'unbalanced': 775010, 'untileable6': 10800, 'periodic': 790} [411s]
  786800/2098208 {'unbalanced': 775210, 'untileable6': 10800, 'periodic': 790} [411s]
  787000/2098208 {'unbalanced': 775410, 'untileable6': 10800, 'periodic': 790} [411s]
  787200/2098208 {'unbalanced': 775610, 'untileable6': 10800, 'periodic': 790} [411s]
  787400/2098208 {'unbalanced': 775810, 'untileable6': 10800, 'periodic': 790} [411s]
  787600/2098208 {'unbalanced': 776008, 'untileable6': 10802, 'periodic': 790} [411s]
  787800/2098208 {'unbalanced': 776208, 'untileable6': 10802, 'periodic': 790} [411s]
  788000/2098208 {'unbalanced': 776408, 'untileable6': 10802, 'periodic': 790} [411s]
  788200/2098208 {'unbalanced': 776608, 'untileable6': 10802, 'periodic': 790} [411s]
  788400/2098208 {'unbalanced': 776808, 'untileable6': 10802, 'periodic': 790} [411s]
  788600/2098208 {'unbalanced': 777008, 'untileable6': 10802, 'periodic': 790} [411s]
  788800/2098208 {'unbalanced': 777206, 'untileable6': 10804, 'periodic': 790} [411s]
  789000/2098208 {'unbalanced': 777406, 'untileable6': 10804, 'periodic': 790} [411s]
  789200/2098208 {'unbalanced': 777606, 'untileable6': 10804, 'periodic': 790} [411s]
  789400/2098208 {'unbalanced': 777806, 'untileable6': 10804, 'periodic': 790} [411s]
  789600/2098208 {'unbalanced': 778004, 'untileable6': 10806, 'periodic': 790} [411s]
  789800/2098208 {'unbalanced': 778204, 'untileable6': 10806, 'periodic': 790} [411s]
  790000/2098208 {'unbalanced': 778402, 'untileable6': 10808, 'periodic': 790} [411s]
  790200/2098208 {'unbalanced': 778598, 'untileable6': 10812, 'periodic': 790} [411s]
  790400/2098208 {'unbalanced': 778798, 'untileable6': 10812, 'periodic': 790} [411s]
  790600/2098208 {'unbalanced': 778998, 'untileable6': 10812, 'periodic': 790} [411s]
  790800/2098208 {'unbalanced': 779198, 'untileable6': 10812, 'periodic': 790} [411s]
  791000/2098208 {'unbalanced': 779398, 'untileable6': 10812, 'periodic': 790} [411s]
  791200/2098208 {'unbalanced': 779598, 'untileable6': 10812, 'periodic': 790} [411s]
  791400/2098208 {'unbalanced': 779797, 'untileable6': 10813, 'periodic': 790} [411s]
  791600/2098208 {'unbalanced': 779997, 'untileable6': 10813, 'periodic': 790} [411s]
  791800/2098208 {'unbalanced': 780197, 'untileable6': 10813, 'periodic': 790} [411s]
  792000/2098208 {'unbalanced': 780395, 'untileable6': 10815, 'periodic': 790} [411s]
  792200/2098208 {'unbalanced': 780595, 'untileable6': 10815, 'periodic': 790} [411s]
  792400/2098208 {'unbalanced': 780795, 'untileable6': 10815, 'periodic': 790} [411s]
  792600/2098208 {'unbalanced': 780989, 'untileable6': 10821, 'periodic': 790} [411s]
  792800/2098208 {'unbalanced': 781188, 'untileable6': 10822, 'periodic': 790} [411s]
  793000/2098208 {'unbalanced': 781388, 'untileable6': 10822, 'periodic': 790} [411s]
  793200/2098208 {'unbalanced': 781588, 'untileable6': 10822, 'periodic': 790} [411s]
  793400/2098208 {'unbalanced': 781786, 'untileable6': 10824, 'periodic': 790} [411s]
  793600/2098208 {'unbalanced': 781986, 'untileable6': 10824, 'periodic': 790} [411s]
  793800/2098208 {'unbalanced': 782186, 'untileable6': 10824, 'periodic': 790} [411s]
  794000/2098208 {'unbalanced': 782379, 'untileable6': 10831, 'periodic': 790} [411s]
  794200/2098208 {'unbalanced': 782579, 'untileable6': 10831, 'periodic': 790} [411s]
  794400/2098208 {'unbalanced': 782779, 'untileable6': 10831, 'periodic': 790} [411s]
  794600/2098208 {'unbalanced': 782977, 'untileable6': 10833, 'periodic': 790} [411s]
  794800/2098208 {'unbalanced': 783172, 'untileable6': 10838, 'periodic': 790} [411s]
  795000/2098208 {'unbalanced': 783372, 'untileable6': 10838, 'periodic': 790} [411s]
  795200/2098208 {'unbalanced': 783568, 'untileable6': 10842, 'periodic': 790} [411s]
  795400/2098208 {'unbalanced': 783768, 'untileable6': 10842, 'periodic': 790} [411s]
  795600/2098208 {'unbalanced': 783968, 'untileable6': 10842, 'periodic': 790} [411s]
  795800/2098208 {'unbalanced': 784168, 'untileable6': 10842, 'periodic': 790} [411s]
  796000/2098208 {'unbalanced': 784368, 'untileable6': 10842, 'periodic': 790} [411s]
  796200/2098208 {'unbalanced': 784568, 'untileable6': 10842, 'periodic': 790} [411s]
  796400/2098208 {'unbalanced': 784767, 'untileable6': 10843, 'periodic': 790} [411s]
  796600/2098208 {'unbalanced': 784967, 'untileable6': 10843, 'periodic': 790} [411s]
  796800/2098208 {'unbalanced': 785167, 'untileable6': 10843, 'periodic': 790} [411s]
  797000/2098208 {'unbalanced': 785366, 'untileable6': 10844, 'periodic': 790} [411s]
  797200/2098208 {'unbalanced': 785566, 'untileable6': 10844, 'periodic': 790} [411s]
  797400/2098208 {'unbalanced': 785764, 'untileable6': 10846, 'periodic': 790} [411s]
  797600/2098208 {'unbalanced': 785961, 'untileable6': 10849, 'periodic': 790} [411s]
  797800/2098208 {'unbalanced': 786155, 'untileable6': 10855, 'periodic': 790} [411s]
  798000/2098208 {'unbalanced': 786355, 'untileable6': 10855, 'periodic': 790} [411s]
  798200/2098208 {'unbalanced': 786555, 'untileable6': 10855, 'periodic': 790} [411s]
  798400/2098208 {'unbalanced': 786754, 'untileable6': 10856, 'periodic': 790} [411s]
  798600/2098208 {'unbalanced': 786954, 'untileable6': 10856, 'periodic': 790} [411s]
  798800/2098208 {'unbalanced': 787152, 'untileable6': 10858, 'periodic': 790} [411s]
  799000/2098208 {'unbalanced': 787346, 'untileable6': 10864, 'periodic': 790} [411s]
  799200/2098208 {'unbalanced': 787543, 'untileable6': 10867, 'periodic': 790} [411s]
  799400/2098208 {'unbalanced': 787741, 'untileable6': 10869, 'periodic': 790} [411s]
  799600/2098208 {'unbalanced': 787939, 'untileable6': 10871, 'periodic': 790} [411s]
  799800/2098208 {'unbalanced': 788135, 'untileable6': 10875, 'periodic': 790} [411s]
  800000/2098208 {'unbalanced': 788332, 'untileable6': 10878, 'periodic': 790} [411s]
  800200/2098208 {'unbalanced': 788524, 'untileable6': 10886, 'periodic': 790} [411s]
  800400/2098208 {'unbalanced': 788718, 'untileable6': 10892, 'periodic': 790} [411s]
  800600/2098208 {'unbalanced': 788918, 'untileable6': 10892, 'periodic': 790} [411s]
  800800/2098208 {'unbalanced': 789117, 'untileable6': 10893, 'periodic': 790} [411s]
  801000/2098208 {'unbalanced': 789317, 'untileable6': 10893, 'periodic': 790} [411s]
  801200/2098208 {'unbalanced': 789516, 'untileable6': 10894, 'periodic': 790} [411s]
  801400/2098208 {'unbalanced': 789714, 'untileable6': 10896, 'periodic': 790} [411s]
  801600/2098208 {'unbalanced': 789912, 'untileable6': 10898, 'periodic': 790} [411s]
  801800/2098208 {'unbalanced': 790111, 'untileable6': 10899, 'periodic': 790} [411s]
  802000/2098208 {'unbalanced': 790308, 'untileable6': 10902, 'periodic': 790} [411s]
  802200/2098208 {'unbalanced': 790501, 'untileable6': 10909, 'periodic': 790} [411s]
  802400/2098208 {'unbalanced': 790700, 'untileable6': 10910, 'periodic': 790} [411s]
  802600/2098208 {'unbalanced': 790892, 'untileable6': 10918, 'periodic': 790} [411s]
  802800/2098208 {'unbalanced': 791081, 'untileable6': 10929, 'periodic': 790} [411s]
  803000/2098208 {'unbalanced': 791281, 'untileable6': 10929, 'periodic': 790} [411s]
  803200/2098208 {'unbalanced': 791479, 'untileable6': 10931, 'periodic': 790} [411s]
  803400/2098208 {'unbalanced': 791677, 'untileable6': 10933, 'periodic': 790} [411s]
  803600/2098208 {'unbalanced': 791870, 'untileable6': 10935, 'periodic': 795} [411s]
  803800/2098208 {'unbalanced': 792065, 'untileable6': 10940, 'periodic': 795} [411s]
  804000/2098208 {'unbalanced': 792257, 'untileable6': 10947, 'periodic': 796} [411s]
  804200/2098208 {'unbalanced': 792442, 'untileable6': 10961, 'periodic': 797} [411s]
  804400/2098208 {'unbalanced': 792642, 'untileable6': 10961, 'periodic': 797} [411s]
  804600/2098208 {'unbalanced': 792834, 'untileable6': 10968, 'periodic': 798} [411s]
  804800/2098208 {'unbalanced': 793024, 'untileable6': 10978, 'periodic': 798} [411s]
  805000/2098208 {'unbalanced': 793214, 'untileable6': 10987, 'periodic': 799} [411s]
  805200/2098208 {'unbalanced': 793407, 'untileable6': 10994, 'periodic': 799} [411s]
  805400/2098208 {'unbalanced': 793602, 'untileable6': 10997, 'periodic': 801} [411s]
  805600/2098208 {'unbalanced': 793802, 'untileable6': 10997, 'periodic': 801} [411s]
  805800/2098208 {'unbalanced': 794002, 'untileable6': 10997, 'periodic': 801} [411s]
  806000/2098208 {'unbalanced': 794202, 'untileable6': 10997, 'periodic': 801} [411s]
  806200/2098208 {'unbalanced': 794401, 'untileable6': 10998, 'periodic': 801} [411s]
  806400/2098208 {'unbalanced': 794595, 'untileable6': 11004, 'periodic': 801} [411s]
  806600/2098208 {'unbalanced': 794795, 'untileable6': 11004, 'periodic': 801} [411s]
  806800/2098208 {'unbalanced': 794995, 'untileable6': 11004, 'periodic': 801} [411s]
  807000/2098208 {'unbalanced': 795195, 'untileable6': 11004, 'periodic': 801} [411s]
  807200/2098208 {'unbalanced': 795391, 'untileable6': 11008, 'periodic': 801} [411s]
  807400/2098208 {'unbalanced': 795591, 'untileable6': 11008, 'periodic': 801} [411s]
  807600/2098208 {'unbalanced': 795788, 'untileable6': 11011, 'periodic': 801} [411s]
  807800/2098208 {'unbalanced': 795982, 'untileable6': 11017, 'periodic': 801} [411s]
  808000/2098208 {'unbalanced': 796175, 'untileable6': 11024, 'periodic': 801} [411s]
  808200/2098208 {'unbalanced': 796375, 'untileable6': 11024, 'periodic': 801} [411s]
  808400/2098208 {'unbalanced': 796574, 'untileable6': 11025, 'periodic': 801} [411s]
  808600/2098208 {'unbalanced': 796774, 'untileable6': 11025, 'periodic': 801} [412s]
  808800/2098208 {'unbalanced': 796973, 'untileable6': 11026, 'periodic': 801} [412s]
  809000/2098208 {'unbalanced': 797172, 'untileable6': 11027, 'periodic': 801} [412s]
  809200/2098208 {'unbalanced': 797366, 'untileable6': 11033, 'periodic': 801} [412s]
  809400/2098208 {'unbalanced': 797560, 'untileable6': 11039, 'periodic': 801} [412s]
  809600/2098208 {'unbalanced': 797760, 'untileable6': 11039, 'periodic': 801} [412s]
  809800/2098208 {'unbalanced': 797960, 'untileable6': 11039, 'periodic': 801} [412s]
  810000/2098208 {'unbalanced': 798158, 'untileable6': 11041, 'periodic': 801} [412s]
  810200/2098208 {'unbalanced': 798352, 'untileable6': 11047, 'periodic': 801} [412s]
  810400/2098208 {'unbalanced': 798550, 'untileable6': 11049, 'periodic': 801} [412s]
  810600/2098208 {'unbalanced': 798744, 'untileable6': 11053, 'periodic': 803} [412s]
  810800/2098208 {'unbalanced': 798934, 'untileable6': 11061, 'periodic': 805} [412s]
  811000/2098208 {'unbalanced': 799134, 'untileable6': 11061, 'periodic': 805} [412s]
  811200/2098208 {'unbalanced': 799334, 'untileable6': 11061, 'periodic': 805} [412s]
  811400/2098208 {'unbalanced': 799532, 'untileable6': 11063, 'periodic': 805} [412s]
  811600/2098208 {'unbalanced': 799731, 'untileable6': 11064, 'periodic': 805} [412s]
  811800/2098208 {'unbalanced': 799929, 'untileable6': 11066, 'periodic': 805} [412s]
  812000/2098208 {'unbalanced': 800118, 'untileable6': 11077, 'periodic': 805} [412s]
  812200/2098208 {'unbalanced': 800318, 'untileable6': 11077, 'periodic': 805} [412s]
  812400/2098208 {'unbalanced': 800518, 'untileable6': 11077, 'periodic': 805} [412s]
  812600/2098208 {'unbalanced': 800717, 'untileable6': 11078, 'periodic': 805} [412s]
  812800/2098208 {'unbalanced': 800911, 'untileable6': 11084, 'periodic': 805} [412s]
  813000/2098208 {'unbalanced': 801109, 'untileable6': 11085, 'periodic': 806} [412s]
  813200/2098208 {'unbalanced': 801305, 'untileable6': 11087, 'periodic': 808} [412s]
  813400/2098208 {'unbalanced': 801488, 'untileable6': 11097, 'periodic': 815} [412s]
  813600/2098208 {'unbalanced': 801684, 'untileable6': 11101, 'periodic': 815} [412s]
  813800/2098208 {'unbalanced': 801884, 'untileable6': 11101, 'periodic': 815} [412s]
  814000/2098208 {'unbalanced': 802082, 'untileable6': 11103, 'periodic': 815} [412s]
  814200/2098208 {'unbalanced': 802280, 'untileable6': 11105, 'periodic': 815} [412s]
  814400/2098208 {'unbalanced': 802478, 'untileable6': 11107, 'periodic': 815} [412s]
  814600/2098208 {'unbalanced': 802676, 'untileable6': 11109, 'periodic': 815} [412s]
  814800/2098208 {'unbalanced': 802870, 'untileable6': 11115, 'periodic': 815} [412s]
  815000/2098208 {'unbalanced': 803062, 'untileable6': 11123, 'periodic': 815} [412s]
  815200/2098208 {'unbalanced': 803262, 'untileable6': 11123, 'periodic': 815} [412s]
  815400/2098208 {'unbalanced': 803462, 'untileable6': 11123, 'periodic': 815} [412s]
  815600/2098208 {'unbalanced': 803657, 'untileable6': 11128, 'periodic': 815} [412s]
  815800/2098208 {'unbalanced': 803847, 'untileable6': 11138, 'periodic': 815} [412s]
  816000/2098208 {'unbalanced': 804043, 'untileable6': 11142, 'periodic': 815} [412s]
  816200/2098208 {'unbalanced': 804229, 'untileable6': 11156, 'periodic': 815} [412s]
  816400/2098208 {'unbalanced': 804429, 'untileable6': 11156, 'periodic': 815} [412s]
  816600/2098208 {'unbalanced': 804629, 'untileable6': 11156, 'periodic': 815} [412s]
  816800/2098208 {'unbalanced': 804825, 'untileable6': 11160, 'periodic': 815} [412s]
  817000/2098208 {'unbalanced': 805023, 'untileable6': 11162, 'periodic': 815} [412s]
  817200/2098208 {'unbalanced': 805216, 'untileable6': 11169, 'periodic': 815} [412s]
  817400/2098208 {'unbalanced': 805409, 'untileable6': 11176, 'periodic': 815} [412s]
  817600/2098208 {'unbalanced': 805609, 'untileable6': 11176, 'periodic': 815} [412s]
  817800/2098208 {'unbalanced': 805809, 'untileable6': 11176, 'periodic': 815} [412s]
  818000/2098208 {'unbalanced': 806005, 'untileable6': 11180, 'periodic': 815} [412s]
  818200/2098208 {'unbalanced': 806201, 'untileable6': 11184, 'periodic': 815} [412s]
  818400/2098208 {'unbalanced': 806399, 'untileable6': 11186, 'periodic': 815} [412s]
  818600/2098208 {'unbalanced': 806596, 'untileable6': 11189, 'periodic': 815} [412s]
  818800/2098208 {'unbalanced': 806785, 'untileable6': 11200, 'periodic': 815} [412s]
  819000/2098208 {'unbalanced': 806983, 'untileable6': 11202, 'periodic': 815} [412s]
  819200/2098208 {'unbalanced': 807183, 'untileable6': 11202, 'periodic': 815} [412s]
  819400/2098208 {'unbalanced': 807378, 'untileable6': 11207, 'periodic': 815} [412s]
  819600/2098208 {'unbalanced': 807577, 'untileable6': 11207, 'periodic': 816} [412s]
  819800/2098208 {'unbalanced': 807771, 'untileable6': 11209, 'periodic': 820} [412s]
  820000/2098208 {'unbalanced': 807966, 'untileable6': 11211, 'periodic': 823} [412s]
  820200/2098208 {'unbalanced': 808151, 'untileable6': 11220, 'periodic': 829} [412s]
  820400/2098208 {'unbalanced': 808342, 'untileable6': 11229, 'periodic': 829} [412s]
  820600/2098208 {'unbalanced': 808542, 'untileable6': 11229, 'periodic': 829} [412s]
  820800/2098208 {'unbalanced': 808742, 'untileable6': 11229, 'periodic': 829} [412s]
  821000/2098208 {'unbalanced': 808930, 'untileable6': 11241, 'periodic': 829} [412s]
  821200/2098208 {'unbalanced': 809122, 'untileable6': 11249, 'periodic': 829} [412s]
  821400/2098208 {'unbalanced': 809319, 'untileable6': 11252, 'periodic': 829} [412s]
  821600/2098208 {'unbalanced': 809504, 'untileable6': 11267, 'periodic': 829} [412s]
  821800/2098208 {'unbalanced': 809704, 'untileable6': 11267, 'periodic': 829} [412s]
  822000/2098208 {'unbalanced': 809902, 'untileable6': 11269, 'periodic': 829} [412s]
  822200/2098208 {'unbalanced': 810100, 'untileable6': 11270, 'periodic': 830} [412s]
  822400/2098208 {'unbalanced': 810294, 'untileable6': 11271, 'periodic': 835} [412s]
  822600/2098208 {'unbalanced': 810487, 'untileable6': 11274, 'periodic': 839} [412s]
  822800/2098208 {'unbalanced': 810676, 'untileable6': 11276, 'periodic': 848} [412s]
  823000/2098208 {'unbalanced': 810862, 'untileable6': 11281, 'periodic': 857} [412s]
  823200/2098208 {'unbalanced': 811062, 'untileable6': 11281, 'periodic': 857} [412s]
  823400/2098208 {'unbalanced': 811262, 'untileable6': 11281, 'periodic': 857} [412s]
  823600/2098208 {'unbalanced': 811453, 'untileable6': 11290, 'periodic': 857} [412s]
  823800/2098208 {'unbalanced': 811645, 'untileable6': 11298, 'periodic': 857} [412s]
  824000/2098208 {'unbalanced': 811838, 'untileable6': 11305, 'periodic': 857} [412s]
  824200/2098208 {'unbalanced': 812033, 'untileable6': 11310, 'periodic': 857} [412s]
  824400/2098208 {'unbalanced': 812210, 'untileable6': 11333, 'periodic': 857} [412s]
  824600/2098208 {'unbalanced': 812410, 'untileable6': 11333, 'periodic': 857} [412s]
  824800/2098208 {'unbalanced': 812610, 'untileable6': 11333, 'periodic': 857} [412s]
  825000/2098208 {'unbalanced': 812804, 'untileable6': 11339, 'periodic': 857} [412s]
  825200/2098208 {'unbalanced': 812996, 'untileable6': 11347, 'periodic': 857} [413s]
  825400/2098208 {'unbalanced': 813190, 'untileable6': 11353, 'periodic': 857} [413s]
  825600/2098208 {'unbalanced': 813382, 'untileable6': 11361, 'periodic': 857} [413s]
  825800/2098208 {'unbalanced': 813570, 'untileable6': 11373, 'periodic': 857} [413s]
  826000/2098208 {'unbalanced': 813760, 'untileable6': 11383, 'periodic': 857} [413s]
  826200/2098208 {'unbalanced': 813960, 'untileable6': 11383, 'periodic': 857} [413s]
  826400/2098208 {'unbalanced': 814160, 'untileable6': 11383, 'periodic': 857} [413s]
  826600/2098208 {'unbalanced': 814349, 'untileable6': 11394, 'periodic': 857} [413s]
  826800/2098208 {'unbalanced': 814545, 'untileable6': 11398, 'periodic': 857} [413s]
  827000/2098208 {'unbalanced': 814740, 'untileable6': 11403, 'periodic': 857} [413s]
  827200/2098208 {'unbalanced': 814936, 'untileable6': 11407, 'periodic': 857} [413s]
  827400/2098208 {'unbalanced': 815135, 'untileable6': 11408, 'periodic': 857} [413s]
  827600/2098208 {'unbalanced': 815333, 'untileable6': 11410, 'periodic': 857} [413s]
  827800/2098208 {'unbalanced': 815529, 'untileable6': 11414, 'periodic': 857} [413s]
  828000/2098208 {'unbalanced': 815727, 'untileable6': 11416, 'periodic': 857} [413s]
  828200/2098208 {'unbalanced': 815922, 'untileable6': 11421, 'periodic': 857} [413s]
  828400/2098208 {'unbalanced': 816121, 'untileable6': 11422, 'periodic': 857} [413s]
  828600/2098208 {'unbalanced': 816318, 'untileable6': 11425, 'periodic': 857} [413s]
  828800/2098208 {'unbalanced': 816514, 'untileable6': 11429, 'periodic': 857} [413s]
  829000/2098208 {'unbalanced': 816704, 'untileable6': 11439, 'periodic': 857} [413s]
  829200/2098208 {'unbalanced': 816901, 'untileable6': 11442, 'periodic': 857} [413s]
  829400/2098208 {'unbalanced': 817093, 'untileable6': 11450, 'periodic': 857} [413s]
  829600/2098208 {'unbalanced': 817288, 'untileable6': 11455, 'periodic': 857} [413s]
  829800/2098208 {'unbalanced': 817484, 'untileable6': 11459, 'periodic': 857} [413s]
  830000/2098208 {'unbalanced': 817683, 'untileable6': 11460, 'periodic': 857} [413s]
  830200/2098208 {'unbalanced': 817879, 'untileable6': 11464, 'periodic': 857} [413s]
  830400/2098208 {'unbalanced': 818078, 'untileable6': 11465, 'periodic': 857} [413s]
  830600/2098208 {'unbalanced': 818270, 'untileable6': 11473, 'periodic': 857} [413s]
  830800/2098208 {'unbalanced': 818467, 'untileable6': 11476, 'periodic': 857} [413s]
  831000/2098208 {'unbalanced': 818662, 'untileable6': 11481, 'periodic': 857} [413s]
  831200/2098208 {'unbalanced': 818857, 'untileable6': 11486, 'periodic': 857} [413s]
  831400/2098208 {'unbalanced': 819054, 'untileable6': 11488, 'periodic': 858} [413s]
  831600/2098208 {'unbalanced': 819246, 'untileable6': 11490, 'periodic': 864} [413s]
  831800/2098208 {'unbalanced': 819436, 'untileable6': 11493, 'periodic': 871} [413s]
  832000/2098208 {'unbalanced': 819622, 'untileable6': 11504, 'periodic': 874} [413s]
  832200/2098208 {'unbalanced': 819814, 'untileable6': 11512, 'periodic': 874} [413s]
  832400/2098208 {'unbalanced': 820002, 'untileable6': 11524, 'periodic': 874} [413s]
  832600/2098208 {'unbalanced': 820197, 'untileable6': 11529, 'periodic': 874} [413s]
  832800/2098208 {'unbalanced': 820396, 'untileable6': 11530, 'periodic': 874} [413s]
  833000/2098208 {'unbalanced': 820595, 'untileable6': 11531, 'periodic': 874} [413s]
  833200/2098208 {'unbalanced': 820788, 'untileable6': 11537, 'periodic': 875} [413s]
  833400/2098208 {'unbalanced': 820981, 'untileable6': 11543, 'periodic': 876} [413s]
  833600/2098208 {'unbalanced': 821179, 'untileable6': 11545, 'periodic': 876} [413s]
  833800/2098208 {'unbalanced': 821370, 'untileable6': 11554, 'periodic': 876} [413s]
  834000/2098208 {'unbalanced': 821569, 'untileable6': 11554, 'periodic': 877} [413s]
  834200/2098208 {'unbalanced': 821762, 'untileable6': 11556, 'periodic': 882} [413s]
  834400/2098208 {'unbalanced': 821954, 'untileable6': 11558, 'periodic': 888} [413s]
  834600/2098208 {'unbalanced': 822140, 'untileable6': 11569, 'periodic': 891} [413s]
  834800/2098208 {'unbalanced': 822329, 'untileable6': 11580, 'periodic': 891} [413s]
  835000/2098208 {'unbalanced': 822513, 'untileable6': 11596, 'periodic': 891} [413s]
  835200/2098208 {'unbalanced': 822703, 'untileable6': 11606, 'periodic': 891} [413s]
  835400/2098208 {'unbalanced': 822899, 'untileable6': 11610, 'periodic': 891} [413s]
  835600/2098208 {'unbalanced': 823095, 'untileable6': 11614, 'periodic': 891} [413s]
  835800/2098208 {'unbalanced': 823295, 'untileable6': 11614, 'periodic': 891} [413s]
  836000/2098208 {'unbalanced': 823487, 'untileable6': 11622, 'periodic': 891} [413s]
  836200/2098208 {'unbalanced': 823683, 'untileable6': 11626, 'periodic': 891} [413s]
  836400/2098208 {'unbalanced': 823877, 'untileable6': 11632, 'periodic': 891} [413s]
  836600/2098208 {'unbalanced': 824073, 'untileable6': 11634, 'periodic': 893} [413s]
  836800/2098208 {'unbalanced': 824269, 'untileable6': 11638, 'periodic': 893} [413s]
  837000/2098208 {'unbalanced': 824462, 'untileable6': 11645, 'periodic': 893} [413s]
  837200/2098208 {'unbalanced': 824651, 'untileable6': 11654, 'periodic': 895} [413s]
  837400/2098208 {'unbalanced': 824841, 'untileable6': 11663, 'periodic': 896} [413s]
  837600/2098208 {'unbalanced': 825026, 'untileable6': 11677, 'periodic': 897} [413s]
  837800/2098208 {'unbalanced': 825219, 'untileable6': 11684, 'periodic': 897} [413s]
  838000/2098208 {'unbalanced': 825409, 'untileable6': 11694, 'periodic': 897} [413s]
  838200/2098208 {'unbalanced': 825609, 'untileable6': 11694, 'periodic': 897} [413s]
  838400/2098208 {'unbalanced': 825803, 'untileable6': 11700, 'periodic': 897} [414s]
  838600/2098208 {'unbalanced': 825995, 'untileable6': 11706, 'periodic': 899} [414s]
  838800/2098208 {'unbalanced': 826191, 'untileable6': 11708, 'periodic': 901} [414s]
  839000/2098208 {'unbalanced': 826386, 'untileable6': 11713, 'periodic': 901} [414s]
  839200/2098208 {'unbalanced': 826581, 'untileable6': 11718, 'periodic': 901} [414s]
  839400/2098208 {'unbalanced': 826777, 'untileable6': 11722, 'periodic': 901} [414s]
  839600/2098208 {'unbalanced': 826973, 'untileable6': 11724, 'periodic': 903} [414s]
  839800/2098208 {'unbalanced': 827163, 'untileable6': 11732, 'periodic': 905} [414s]
  840000/2098208 {'unbalanced': 827357, 'untileable6': 11738, 'periodic': 905} [414s]
  840200/2098208 {'unbalanced': 827551, 'untileable6': 11744, 'periodic': 905} [414s]
  840400/2098208 {'unbalanced': 827746, 'untileable6': 11748, 'periodic': 906} [414s]
  840600/2098208 {'unbalanced': 827939, 'untileable6': 11754, 'periodic': 907} [414s]
  840800/2098208 {'unbalanced': 828138, 'untileable6': 11754, 'periodic': 908} [414s]
  841000/2098208 {'unbalanced': 828333, 'untileable6': 11756, 'periodic': 911} [414s]
  841200/2098208 {'unbalanced': 828516, 'untileable6': 11766, 'periodic': 918} [414s]
  841400/2098208 {'unbalanced': 828705, 'untileable6': 11777, 'periodic': 918} [414s]
  841600/2098208 {'unbalanced': 828888, 'untileable6': 11791, 'periodic': 921} [414s]
  841800/2098208 {'unbalanced': 829075, 'untileable6': 11803, 'periodic': 922} [414s]
  842000/2098208 {'unbalanced': 829266, 'untileable6': 11810, 'periodic': 924} [414s]
  842200/2098208 {'unbalanced': 829458, 'untileable6': 11818, 'periodic': 924} [414s]
  842400/2098208 {'unbalanced': 829644, 'untileable6': 11831, 'periodic': 925} [414s]
  842600/2098208 {'unbalanced': 829839, 'untileable6': 11834, 'periodic': 927} [414s]
  842800/2098208 {'unbalanced': 830023, 'untileable6': 11848, 'periodic': 929} [414s]
  843000/2098208 {'unbalanced': 830211, 'untileable6': 11859, 'periodic': 930} [414s]
  843200/2098208 {'unbalanced': 830402, 'untileable6': 11868, 'periodic': 930} [414s]
  843400/2098208 {'unbalanced': 830593, 'untileable6': 11877, 'periodic': 930} [414s]
  843600/2098208 {'unbalanced': 830790, 'untileable6': 11879, 'periodic': 931} [414s]
  843800/2098208 {'unbalanced': 830977, 'untileable6': 11888, 'periodic': 935} [414s]
  844000/2098208 {'unbalanced': 831164, 'untileable6': 11899, 'periodic': 937} [414s]
  844200/2098208 {'unbalanced': 831347, 'untileable6': 11914, 'periodic': 939} [414s]
  844400/2098208 {'unbalanced': 831533, 'untileable6': 11927, 'periodic': 940} [414s]
  844600/2098208 {'unbalanced': 831725, 'untileable6': 11933, 'periodic': 942} [414s]
  844800/2098208 {'unbalanced': 831917, 'untileable6': 11940, 'periodic': 943} [414s]
  845000/2098208 {'unbalanced': 832105, 'untileable6': 11950, 'periodic': 945} [414s]
  845200/2098208 {'unbalanced': 832299, 'untileable6': 11954, 'periodic': 947} [414s]
  845400/2098208 {'unbalanced': 832485, 'untileable6': 11967, 'periodic': 948} [414s]
  845600/2098208 {'unbalanced': 832671, 'untileable6': 11979, 'periodic': 950} [414s]
  845800/2098208 {'unbalanced': 832861, 'untileable6': 11987, 'periodic': 952} [414s]
  846000/2098208 {'unbalanced': 833048, 'untileable6': 11997, 'periodic': 955} [414s]
  846200/2098208 {'unbalanced': 833238, 'untileable6': 12003, 'periodic': 959} [414s]
  846400/2098208 {'unbalanced': 833434, 'untileable6': 12005, 'periodic': 961} [414s]
  846600/2098208 {'unbalanced': 833626, 'untileable6': 12011, 'periodic': 963} [414s]
  846800/2098208 {'unbalanced': 833814, 'untileable6': 12021, 'periodic': 965} [414s]
  847000/2098208 {'unbalanced': 834000, 'untileable6': 12033, 'periodic': 967} [414s]
  847200/2098208 {'unbalanced': 834190, 'untileable6': 12041, 'periodic': 969} [414s]
  847400/2098208 {'unbalanced': 834380, 'untileable6': 12049, 'periodic': 971} [414s]
  847600/2098208 {'unbalanced': 834573, 'untileable6': 12053, 'periodic': 974} [415s]
  847800/2098208 {'unbalanced': 834764, 'untileable6': 12061, 'periodic': 975} [415s]
  848000/2098208 {'unbalanced': 834958, 'untileable6': 12065, 'periodic': 977} [415s]
  848200/2098208 {'unbalanced': 835154, 'untileable6': 12067, 'periodic': 979} [415s]
  848400/2098208 {'unbalanced': 835337, 'untileable6': 12082, 'periodic': 981} [415s]
  848600/2098208 {'unbalanced': 835532, 'untileable6': 12086, 'periodic': 982} [415s]
  848800/2098208 {'unbalanced': 835726, 'untileable6': 12087, 'periodic': 987} [415s]
  849000/2098208 {'unbalanced': 835926, 'untileable6': 12087, 'periodic': 987} [415s]
  849200/2098208 {'unbalanced': 836126, 'untileable6': 12087, 'periodic': 987} [415s]
  849400/2098208 {'unbalanced': 836326, 'untileable6': 12087, 'periodic': 987} [415s]
  849600/2098208 {'unbalanced': 836525, 'untileable6': 12088, 'periodic': 987} [415s]
  849800/2098208 {'unbalanced': 836722, 'untileable6': 12091, 'periodic': 987} [415s]
  850000/2098208 {'unbalanced': 836922, 'untileable6': 12091, 'periodic': 987} [415s]
  850200/2098208 {'unbalanced': 837122, 'untileable6': 12091, 'periodic': 987} [415s]
  850400/2098208 {'unbalanced': 837322, 'untileable6': 12091, 'periodic': 987} [415s]
  850600/2098208 {'unbalanced': 837522, 'untileable6': 12091, 'periodic': 987} [415s]
  850800/2098208 {'unbalanced': 837722, 'untileable6': 12091, 'periodic': 987} [415s]
  851000/2098208 {'unbalanced': 837920, 'untileable6': 12093, 'periodic': 987} [415s]
  851200/2098208 {'unbalanced': 838116, 'untileable6': 12097, 'periodic': 987} [415s]
  851400/2098208 {'unbalanced': 838314, 'untileable6': 12099, 'periodic': 987} [415s]
  851600/2098208 {'unbalanced': 838514, 'untileable6': 12099, 'periodic': 987} [415s]
  851800/2098208 {'unbalanced': 838714, 'untileable6': 12099, 'periodic': 987} [415s]
  852000/2098208 {'unbalanced': 838914, 'untileable6': 12099, 'periodic': 987} [415s]
  852200/2098208 {'unbalanced': 839114, 'untileable6': 12099, 'periodic': 987} [415s]
  852400/2098208 {'unbalanced': 839313, 'untileable6': 12100, 'periodic': 987} [415s]
  852600/2098208 {'unbalanced': 839505, 'untileable6': 12108, 'periodic': 987} [415s]
  852800/2098208 {'unbalanced': 839705, 'untileable6': 12108, 'periodic': 987} [415s]
  853000/2098208 {'unbalanced': 839905, 'untileable6': 12108, 'periodic': 987} [415s]
  853200/2098208 {'unbalanced': 840105, 'untileable6': 12108, 'periodic': 987} [415s]
  853400/2098208 {'unbalanced': 840305, 'untileable6': 12108, 'periodic': 987} [415s]
  853600/2098208 {'unbalanced': 840505, 'untileable6': 12108, 'periodic': 987} [415s]
  853800/2098208 {'unbalanced': 840705, 'untileable6': 12108, 'periodic': 987} [415s]
  854000/2098208 {'unbalanced': 840896, 'untileable6': 12116, 'periodic': 988} [415s]
  854200/2098208 {'unbalanced': 841096, 'untileable6': 12116, 'periodic': 988} [415s]
  854400/2098208 {'unbalanced': 841296, 'untileable6': 12116, 'periodic': 988} [415s]
  854600/2098208 {'unbalanced': 841496, 'untileable6': 12116, 'periodic': 988} [415s]
  854800/2098208 {'unbalanced': 841696, 'untileable6': 12116, 'periodic': 988} [415s]
  855000/2098208 {'unbalanced': 841894, 'untileable6': 12118, 'periodic': 988} [415s]
  855200/2098208 {'unbalanced': 842087, 'untileable6': 12125, 'periodic': 988} [415s]
  855400/2098208 {'unbalanced': 842287, 'untileable6': 12125, 'periodic': 988} [415s]
  855600/2098208 {'unbalanced': 842487, 'untileable6': 12125, 'periodic': 988} [415s]
  855800/2098208 {'unbalanced': 842687, 'untileable6': 12125, 'periodic': 988} [415s]
  856000/2098208 {'unbalanced': 842887, 'untileable6': 12125, 'periodic': 988} [415s]
  856200/2098208 {'unbalanced': 843087, 'untileable6': 12125, 'periodic': 988} [415s]
  856400/2098208 {'unbalanced': 843287, 'untileable6': 12125, 'periodic': 988} [415s]
  856600/2098208 {'unbalanced': 843474, 'untileable6': 12136, 'periodic': 990} [415s]
  856800/2098208 {'unbalanced': 843673, 'untileable6': 12137, 'periodic': 990} [415s]
  857000/2098208 {'unbalanced': 843873, 'untileable6': 12137, 'periodic': 990} [415s]
  857200/2098208 {'unbalanced': 844073, 'untileable6': 12137, 'periodic': 990} [415s]
  857400/2098208 {'unbalanced': 844273, 'untileable6': 12137, 'periodic': 990} [415s]
  857600/2098208 {'unbalanced': 844473, 'untileable6': 12137, 'periodic': 990} [415s]
  857800/2098208 {'unbalanced': 844671, 'untileable6': 12139, 'periodic': 990} [415s]
  858000/2098208 {'unbalanced': 844865, 'untileable6': 12145, 'periodic': 990} [415s]
  858200/2098208 {'unbalanced': 845057, 'untileable6': 12153, 'periodic': 990} [415s]
  858400/2098208 {'unbalanced': 845257, 'untileable6': 12153, 'periodic': 990} [415s]
  858600/2098208 {'unbalanced': 845457, 'untileable6': 12153, 'periodic': 990} [415s]
  858800/2098208 {'unbalanced': 845657, 'untileable6': 12153, 'periodic': 990} [415s]
  859000/2098208 {'unbalanced': 845857, 'untileable6': 12153, 'periodic': 990} [415s]
  859200/2098208 {'unbalanced': 846057, 'untileable6': 12153, 'periodic': 990} [415s]
  859400/2098208 {'unbalanced': 846251, 'untileable6': 12159, 'periodic': 990} [415s]
  859600/2098208 {'unbalanced': 846451, 'untileable6': 12159, 'periodic': 990} [415s]
  859800/2098208 {'unbalanced': 846651, 'untileable6': 12159, 'periodic': 990} [415s]
  860000/2098208 {'unbalanced': 846851, 'untileable6': 12159, 'periodic': 990} [415s]
  860200/2098208 {'unbalanced': 847047, 'untileable6': 12163, 'periodic': 990} [415s]
  860400/2098208 {'unbalanced': 847243, 'untileable6': 12167, 'periodic': 990} [415s]
  860600/2098208 {'unbalanced': 847443, 'untileable6': 12167, 'periodic': 990} [415s]
  860800/2098208 {'unbalanced': 847643, 'untileable6': 12167, 'periodic': 990} [415s]
  861000/2098208 {'unbalanced': 847843, 'untileable6': 12167, 'periodic': 990} [415s]
  861200/2098208 {'unbalanced': 848043, 'untileable6': 12167, 'periodic': 990} [415s]
  861400/2098208 {'unbalanced': 848243, 'untileable6': 12167, 'periodic': 990} [415s]
  861600/2098208 {'unbalanced': 848443, 'untileable6': 12167, 'periodic': 990} [415s]
  861800/2098208 {'unbalanced': 848639, 'untileable6': 12171, 'periodic': 990} [415s]
  862000/2098208 {'unbalanced': 848839, 'untileable6': 12171, 'periodic': 990} [415s]
  862200/2098208 {'unbalanced': 849039, 'untileable6': 12171, 'periodic': 990} [415s]
  862400/2098208 {'unbalanced': 849239, 'untileable6': 12171, 'periodic': 990} [415s]
  862600/2098208 {'unbalanced': 849439, 'untileable6': 12171, 'periodic': 990} [415s]
  862800/2098208 {'unbalanced': 849639, 'untileable6': 12171, 'periodic': 990} [415s]
  863000/2098208 {'unbalanced': 849837, 'untileable6': 12173, 'periodic': 990} [415s]
  863200/2098208 {'unbalanced': 850024, 'untileable6': 12183, 'periodic': 993} [415s]
  863400/2098208 {'unbalanced': 850219, 'untileable6': 12188, 'periodic': 993} [415s]
  863600/2098208 {'unbalanced': 850419, 'untileable6': 12188, 'periodic': 993} [415s]
  863800/2098208 {'unbalanced': 850619, 'untileable6': 12188, 'periodic': 993} [415s]
  864000/2098208 {'unbalanced': 850819, 'untileable6': 12188, 'periodic': 993} [415s]
  864200/2098208 {'unbalanced': 851019, 'untileable6': 12188, 'periodic': 993} [415s]
  864400/2098208 {'unbalanced': 851219, 'untileable6': 12188, 'periodic': 993} [415s]
  864600/2098208 {'unbalanced': 851416, 'untileable6': 12191, 'periodic': 993} [415s]
  864800/2098208 {'unbalanced': 851616, 'untileable6': 12191, 'periodic': 993} [415s]
  865000/2098208 {'unbalanced': 851816, 'untileable6': 12191, 'periodic': 993} [415s]
  865200/2098208 {'unbalanced': 852016, 'untileable6': 12191, 'periodic': 993} [415s]
  865400/2098208 {'unbalanced': 852216, 'untileable6': 12191, 'periodic': 993} [415s]
  865600/2098208 {'unbalanced': 852410, 'untileable6': 12197, 'periodic': 993} [415s]
  865800/2098208 {'unbalanced': 852599, 'untileable6': 12205, 'periodic': 996} [415s]
  866000/2098208 {'unbalanced': 852796, 'untileable6': 12208, 'periodic': 996} [415s]
  866200/2098208 {'unbalanced': 852996, 'untileable6': 12208, 'periodic': 996} [415s]
  866400/2098208 {'unbalanced': 853196, 'untileable6': 12208, 'periodic': 996} [415s]
  866600/2098208 {'unbalanced': 853396, 'untileable6': 12208, 'periodic': 996} [415s]
  866800/2098208 {'unbalanced': 853596, 'untileable6': 12208, 'periodic': 996} [415s]
  867000/2098208 {'unbalanced': 853796, 'untileable6': 12208, 'periodic': 996} [415s]
  867200/2098208 {'unbalanced': 853994, 'untileable6': 12210, 'periodic': 996} [415s]
  867400/2098208 {'unbalanced': 854191, 'untileable6': 12213, 'periodic': 996} [415s]
  867600/2098208 {'unbalanced': 854391, 'untileable6': 12213, 'periodic': 996} [415s]
  867800/2098208 {'unbalanced': 854591, 'untileable6': 12213, 'periodic': 996} [415s]
  868000/2098208 {'unbalanced': 854791, 'untileable6': 12213, 'periodic': 996} [415s]
  868200/2098208 {'unbalanced': 854991, 'untileable6': 12213, 'periodic': 996} [415s]
  868400/2098208 {'unbalanced': 855191, 'untileable6': 12213, 'periodic': 996} [415s]
  868600/2098208 {'unbalanced': 855385, 'untileable6': 12219, 'periodic': 996} [415s]
  868800/2098208 {'unbalanced': 855578, 'untileable6': 12226, 'periodic': 996} [415s]
  869000/2098208 {'unbalanced': 855777, 'untileable6': 12227, 'periodic': 996} [415s]
  869200/2098208 {'unbalanced': 855977, 'untileable6': 12227, 'periodic': 996} [415s]
  869400/2098208 {'unbalanced': 856177, 'untileable6': 12227, 'periodic': 996} [415s]
  869600/2098208 {'unbalanced': 856377, 'untileable6': 12227, 'periodic': 996} [415s]
  869800/2098208 {'unbalanced': 856577, 'untileable6': 12227, 'periodic': 996} [415s]
  870000/2098208 {'unbalanced': 856775, 'untileable6': 12229, 'periodic': 996} [415s]
  870200/2098208 {'unbalanced': 856975, 'untileable6': 12229, 'periodic': 996} [415s]
  870400/2098208 {'unbalanced': 857174, 'untileable6': 12230, 'periodic': 996} [415s]
  870600/2098208 {'unbalanced': 857371, 'untileable6': 12233, 'periodic': 996} [415s]
  870800/2098208 {'unbalanced': 857566, 'untileable6': 12238, 'periodic': 996} [415s]
  871000/2098208 {'unbalanced': 857756, 'untileable6': 12248, 'periodic': 996} [415s]
  871200/2098208 {'unbalanced': 857956, 'untileable6': 12248, 'periodic': 996} [415s]
  871400/2098208 {'unbalanced': 858156, 'untileable6': 12248, 'periodic': 996} [415s]
  871600/2098208 {'unbalanced': 858352, 'untileable6': 12252, 'periodic': 996} [415s]
  871800/2098208 {'unbalanced': 858548, 'untileable6': 12256, 'periodic': 996} [415s]
  872000/2098208 {'unbalanced': 858746, 'untileable6': 12258, 'periodic': 996} [415s]
  872200/2098208 {'unbalanced': 858941, 'untileable6': 12263, 'periodic': 996} [415s]
  872400/2098208 {'unbalanced': 859131, 'untileable6': 12273, 'periodic': 996} [415s]
  872600/2098208 {'unbalanced': 859326, 'untileable6': 12278, 'periodic': 996} [415s]
  872800/2098208 {'unbalanced': 859526, 'untileable6': 12278, 'periodic': 996} [415s]
  873000/2098208 {'unbalanced': 859721, 'untileable6': 12283, 'periodic': 996} [415s]
  873200/2098208 {'unbalanced': 859920, 'untileable6': 12284, 'periodic': 996} [415s]
  873400/2098208 {'unbalanced': 860114, 'untileable6': 12290, 'periodic': 996} [415s]
  873600/2098208 {'unbalanced': 860308, 'untileable6': 12296, 'periodic': 996} [415s]
  873800/2098208 {'unbalanced': 860494, 'untileable6': 12310, 'periodic': 996} [415s]
  874000/2098208 {'unbalanced': 860684, 'untileable6': 12320, 'periodic': 996} [415s]
  874200/2098208 {'unbalanced': 860884, 'untileable6': 12320, 'periodic': 996} [415s]
  874400/2098208 {'unbalanced': 861084, 'untileable6': 12320, 'periodic': 996} [415s]
  874600/2098208 {'unbalanced': 861271, 'untileable6': 12330, 'periodic': 999} [415s]
  874800/2098208 {'unbalanced': 861465, 'untileable6': 12336, 'periodic': 999} [415s]
  875000/2098208 {'unbalanced': 861659, 'untileable6': 12342, 'periodic': 999} [415s]
  875200/2098208 {'unbalanced': 861843, 'untileable6': 12358, 'periodic': 999} [415s]
  875400/2098208 {'unbalanced': 862041, 'untileable6': 12360, 'periodic': 999} [416s]
  875600/2098208 {'unbalanced': 862240, 'untileable6': 12361, 'periodic': 999} [416s]
  875800/2098208 {'unbalanced': 862438, 'untileable6': 12363, 'periodic': 999} [416s]
  876000/2098208 {'unbalanced': 862631, 'untileable6': 12370, 'periodic': 999} [416s]
  876200/2098208 {'unbalanced': 862823, 'untileable6': 12377, 'periodic': 1000} [416s]
  876400/2098208 {'unbalanced': 863007, 'untileable6': 12384, 'periodic': 1009} [416s]
  876600/2098208 {'unbalanced': 863203, 'untileable6': 12384, 'periodic': 1013} [416s]
  876800/2098208 {'unbalanced': 863403, 'untileable6': 12384, 'periodic': 1013} [416s]
  877000/2098208 {'unbalanced': 863601, 'untileable6': 12386, 'periodic': 1013} [416s]
  877200/2098208 {'unbalanced': 863790, 'untileable6': 12395, 'periodic': 1015} [416s]
  877400/2098208 {'unbalanced': 863985, 'untileable6': 12400, 'periodic': 1015} [416s]
  877600/2098208 {'unbalanced': 864176, 'untileable6': 12409, 'periodic': 1015} [416s]
  877800/2098208 {'unbalanced': 864358, 'untileable6': 12427, 'periodic': 1015} [416s]
  878000/2098208 {'unbalanced': 864548, 'untileable6': 12437, 'periodic': 1015} [416s]
  878200/2098208 {'unbalanced': 864748, 'untileable6': 12437, 'periodic': 1015} [416s]
  878400/2098208 {'unbalanced': 864945, 'untileable6': 12440, 'periodic': 1015} [416s]
  878600/2098208 {'unbalanced': 865136, 'untileable6': 12449, 'periodic': 1015} [416s]
  878800/2098208 {'unbalanced': 865332, 'untileable6': 12453, 'periodic': 1015} [416s]
  879000/2098208 {'unbalanced': 865522, 'untileable6': 12463, 'periodic': 1015} [416s]
  879200/2098208 {'unbalanced': 865710, 'untileable6': 12474, 'periodic': 1016} [416s]
  879400/2098208 {'unbalanced': 865896, 'untileable6': 12488, 'periodic': 1016} [416s]
  879600/2098208 {'unbalanced': 866094, 'untileable6': 12490, 'periodic': 1016} [416s]
  879800/2098208 {'unbalanced': 866294, 'untileable6': 12490, 'periodic': 1016} [416s]
  880000/2098208 {'unbalanced': 866489, 'untileable6': 12495, 'periodic': 1016} [416s]
  880200/2098208 {'unbalanced': 866681, 'untileable6': 12502, 'periodic': 1017} [416s]
  880400/2098208 {'unbalanced': 866879, 'untileable6': 12504, 'periodic': 1017} [416s]
  880600/2098208 {'unbalanced': 867065, 'untileable6': 12518, 'periodic': 1017} [416s]
  880800/2098208 {'unbalanced': 867265, 'untileable6': 12518, 'periodic': 1017} [416s]
  881000/2098208 {'unbalanced': 867461, 'untileable6': 12522, 'periodic': 1017} [416s]
  881200/2098208 {'unbalanced': 867657, 'untileable6': 12526, 'periodic': 1017} [416s]
  881400/2098208 {'unbalanced': 867853, 'untileable6': 12529, 'periodic': 1018} [416s]
  881600/2098208 {'unbalanced': 868045, 'untileable6': 12537, 'periodic': 1018} [416s]
  881800/2098208 {'unbalanced': 868241, 'untileable6': 12541, 'periodic': 1018} [416s]
  882000/2098208 {'unbalanced': 868441, 'untileable6': 12541, 'periodic': 1018} [416s]
  882200/2098208 {'unbalanced': 868640, 'untileable6': 12542, 'periodic': 1018} [416s]
  882400/2098208 {'unbalanced': 868837, 'untileable6': 12544, 'periodic': 1019} [416s]
  882600/2098208 {'unbalanced': 869037, 'untileable6': 12544, 'periodic': 1019} [416s]
  882800/2098208 {'unbalanced': 869235, 'untileable6': 12546, 'periodic': 1019} [416s]
  883000/2098208 {'unbalanced': 869433, 'untileable6': 12547, 'periodic': 1020} [416s]
  883200/2098208 {'unbalanced': 869629, 'untileable6': 12551, 'periodic': 1020} [416s]
  883400/2098208 {'unbalanced': 869829, 'untileable6': 12551, 'periodic': 1020} [416s]
  883600/2098208 {'unbalanced': 870026, 'untileable6': 12553, 'periodic': 1021} [416s]
  883800/2098208 {'unbalanced': 870217, 'untileable6': 12562, 'periodic': 1021} [416s]
  884000/2098208 {'unbalanced': 870406, 'untileable6': 12573, 'periodic': 1021} [416s]
  884200/2098208 {'unbalanced': 870600, 'untileable6': 12579, 'periodic': 1021} [416s]
  884400/2098208 {'unbalanced': 870784, 'untileable6': 12594, 'periodic': 1022} [416s]
  884600/2098208 {'unbalanced': 870969, 'untileable6': 12609, 'periodic': 1022} [416s]
  884800/2098208 {'unbalanced': 871167, 'untileable6': 12611, 'periodic': 1022} [416s]
  885000/2098208 {'unbalanced': 871367, 'untileable6': 12611, 'periodic': 1022} [416s]
  885200/2098208 {'unbalanced': 871566, 'untileable6': 12612, 'periodic': 1022} [416s]
  885400/2098208 {'unbalanced': 871761, 'untileable6': 12616, 'periodic': 1023} [416s]
  885600/2098208 {'unbalanced': 871961, 'untileable6': 12616, 'periodic': 1023} [416s]
  885800/2098208 {'unbalanced': 872158, 'untileable6': 12619, 'periodic': 1023} [416s]
  886000/2098208 {'unbalanced': 872356, 'untileable6': 12621, 'periodic': 1023} [416s]
  886200/2098208 {'unbalanced': 872553, 'untileable6': 12624, 'periodic': 1023} [416s]
  886400/2098208 {'unbalanced': 872744, 'untileable6': 12633, 'periodic': 1023} [416s]
  886600/2098208 {'unbalanced': 872934, 'untileable6': 12643, 'periodic': 1023} [416s]
  886800/2098208 {'unbalanced': 873128, 'untileable6': 12649, 'periodic': 1023} [416s]
  887000/2098208 {'unbalanced': 873308, 'untileable6': 12668, 'periodic': 1024} [416s]
  887200/2098208 {'unbalanced': 873497, 'untileable6': 12679, 'periodic': 1024} [416s]
  887400/2098208 {'unbalanced': 873697, 'untileable6': 12679, 'periodic': 1024} [416s]
  887600/2098208 {'unbalanced': 873897, 'untileable6': 12679, 'periodic': 1024} [416s]
  887800/2098208 {'unbalanced': 874094, 'untileable6': 12682, 'periodic': 1024} [416s]
  888000/2098208 {'unbalanced': 874291, 'untileable6': 12684, 'periodic': 1025} [416s]
  888200/2098208 {'unbalanced': 874491, 'untileable6': 12684, 'periodic': 1025} [416s]
  888400/2098208 {'unbalanced': 874688, 'untileable6': 12687, 'periodic': 1025} [416s]
  888600/2098208 {'unbalanced': 874880, 'untileable6': 12694, 'periodic': 1026} [416s]
  888800/2098208 {'unbalanced': 875080, 'untileable6': 12694, 'periodic': 1026} [416s]
  889000/2098208 {'unbalanced': 875280, 'untileable6': 12694, 'periodic': 1026} [417s]
  889200/2098208 {'unbalanced': 875472, 'untileable6': 12701, 'periodic': 1027} [417s]
  889400/2098208 {'unbalanced': 875667, 'untileable6': 12706, 'periodic': 1027} [417s]
  889600/2098208 {'unbalanced': 875858, 'untileable6': 12715, 'periodic': 1027} [417s]
  889800/2098208 {'unbalanced': 876054, 'untileable6': 12719, 'periodic': 1027} [417s]
  890000/2098208 {'unbalanced': 876238, 'untileable6': 12734, 'periodic': 1028} [417s]
  890200/2098208 {'unbalanced': 876434, 'untileable6': 12738, 'periodic': 1028} [417s]
  890400/2098208 {'unbalanced': 876634, 'untileable6': 12738, 'periodic': 1028} [417s]
  890600/2098208 {'unbalanced': 876834, 'untileable6': 12738, 'periodic': 1028} [417s]
  890800/2098208 {'unbalanced': 877030, 'untileable6': 12741, 'periodic': 1029} [417s]
  891000/2098208 {'unbalanced': 877230, 'untileable6': 12741, 'periodic': 1029} [417s]
  891200/2098208 {'unbalanced': 877428, 'untileable6': 12742, 'periodic': 1030} [417s]
  891400/2098208 {'unbalanced': 877628, 'untileable6': 12742, 'periodic': 1030} [417s]
  891600/2098208 {'unbalanced': 877827, 'untileable6': 12743, 'periodic': 1030} [417s]
  891800/2098208 {'unbalanced': 878022, 'untileable6': 12748, 'periodic': 1030} [417s]
  892000/2098208 {'unbalanced': 878222, 'untileable6': 12748, 'periodic': 1030} [417s]
  892200/2098208 {'unbalanced': 878421, 'untileable6': 12749, 'periodic': 1030} [417s]
  892400/2098208 {'unbalanced': 878619, 'untileable6': 12751, 'periodic': 1030} [417s]
  892600/2098208 {'unbalanced': 878816, 'untileable6': 12754, 'periodic': 1030} [417s]
  892800/2098208 {'unbalanced': 879010, 'untileable6': 12760, 'periodic': 1030} [417s]
  893000/2098208 {'unbalanced': 879208, 'untileable6': 12762, 'periodic': 1030} [417s]
  893200/2098208 {'unbalanced': 879407, 'untileable6': 12763, 'periodic': 1030} [417s]
  893400/2098208 {'unbalanced': 879603, 'untileable6': 12767, 'periodic': 1030} [417s]
  893600/2098208 {'unbalanced': 879798, 'untileable6': 12772, 'periodic': 1030} [417s]
  893800/2098208 {'unbalanced': 879989, 'untileable6': 12781, 'periodic': 1030} [417s]
  894000/2098208 {'unbalanced': 880182, 'untileable6': 12788, 'periodic': 1030} [417s]
  894200/2098208 {'unbalanced': 880380, 'untileable6': 12790, 'periodic': 1030} [417s]
  894400/2098208 {'unbalanced': 880570, 'untileable6': 12800, 'periodic': 1030} [417s]
  894600/2098208 {'unbalanced': 880763, 'untileable6': 12807, 'periodic': 1030} [417s]
  894800/2098208 {'unbalanced': 880946, 'untileable6': 12824, 'periodic': 1030} [417s]
  895000/2098208 {'unbalanced': 881146, 'untileable6': 12824, 'periodic': 1030} [417s]
  895200/2098208 {'unbalanced': 881344, 'untileable6': 12826, 'periodic': 1030} [417s]
  895400/2098208 {'unbalanced': 881540, 'untileable6': 12830, 'periodic': 1030} [417s]
  895600/2098208 {'unbalanced': 881727, 'untileable6': 12838, 'periodic': 1035} [417s]
  895800/2098208 {'unbalanced': 881924, 'untileable6': 12838, 'periodic': 1038} [417s]
  896000/2098208 {'unbalanced': 882119, 'untileable6': 12843, 'periodic': 1038} [417s]
  896200/2098208 {'unbalanced': 882312, 'untileable6': 12850, 'periodic': 1038} [417s]
  896400/2098208 {'unbalanced': 882501, 'untileable6': 12860, 'periodic': 1039} [417s]
  896600/2098208 {'unbalanced': 882686, 'untileable6': 12875, 'periodic': 1039} [417s]
  896800/2098208 {'unbalanced': 882877, 'untileable6': 12884, 'periodic': 1039} [417s]
  897000/2098208 {'unbalanced': 883077, 'untileable6': 12884, 'periodic': 1039} [417s]
  897200/2098208 {'unbalanced': 883268, 'untileable6': 12893, 'periodic': 1039} [417s]
  897400/2098208 {'unbalanced': 883463, 'untileable6': 12898, 'periodic': 1039} [417s]
  897600/2098208 {'unbalanced': 883653, 'untileable6': 12908, 'periodic': 1039} [417s]
  897800/2098208 {'unbalanced': 883838, 'untileable6': 12923, 'periodic': 1039} [417s]
  898000/2098208 {'unbalanced': 884038, 'untileable6': 12923, 'periodic': 1039} [417s]
  898200/2098208 {'unbalanced': 884231, 'untileable6': 12930, 'periodic': 1039} [417s]
  898400/2098208 {'unbalanced': 884424, 'untileable6': 12937, 'periodic': 1039} [417s]
  898600/2098208 {'unbalanced': 884611, 'untileable6': 12950, 'periodic': 1039} [417s]
  898800/2098208 {'unbalanced': 884811, 'untileable6': 12950, 'periodic': 1039} [417s]
  899000/2098208 {'unbalanced': 885008, 'untileable6': 12953, 'periodic': 1039} [417s]
  899200/2098208 {'unbalanced': 885204, 'untileable6': 12957, 'periodic': 1039} [417s]
  899400/2098208 {'unbalanced': 885400, 'untileable6': 12961, 'periodic': 1039} [417s]
  899600/2098208 {'unbalanced': 885600, 'untileable6': 12961, 'periodic': 1039} [417s]
  899800/2098208 {'unbalanced': 885798, 'untileable6': 12963, 'periodic': 1039} [417s]
  900000/2098208 {'unbalanced': 885996, 'untileable6': 12965, 'periodic': 1039} [417s]
  900200/2098208 {'unbalanced': 886192, 'untileable6': 12969, 'periodic': 1039} [417s]
  900400/2098208 {'unbalanced': 886392, 'untileable6': 12969, 'periodic': 1039} [417s]
  900600/2098208 {'unbalanced': 886592, 'untileable6': 12969, 'periodic': 1039} [417s]
  900800/2098208 {'unbalanced': 886783, 'untileable6': 12978, 'periodic': 1039} [417s]
  901000/2098208 {'unbalanced': 886973, 'untileable6': 12987, 'periodic': 1040} [417s]
  901200/2098208 {'unbalanced': 887163, 'untileable6': 12997, 'periodic': 1040} [417s]
  901400/2098208 {'unbalanced': 887345, 'untileable6': 13015, 'periodic': 1040} [417s]
  901600/2098208 {'unbalanced': 887545, 'untileable6': 13015, 'periodic': 1040} [417s]
  901800/2098208 {'unbalanced': 887740, 'untileable6': 13020, 'periodic': 1040} [417s]
  902000/2098208 {'unbalanced': 887939, 'untileable6': 13021, 'periodic': 1040} [417s]
  902200/2098208 {'unbalanced': 888133, 'untileable6': 13027, 'periodic': 1040} [417s]
  902400/2098208 {'unbalanced': 888333, 'untileable6': 13027, 'periodic': 1040} [417s]
  902600/2098208 {'unbalanced': 888527, 'untileable6': 13033, 'periodic': 1040} [417s]
  902800/2098208 {'unbalanced': 888719, 'untileable6': 13040, 'periodic': 1041} [417s]
  903000/2098208 {'unbalanced': 888904, 'untileable6': 13055, 'periodic': 1041} [417s]
  903200/2098208 {'unbalanced': 889091, 'untileable6': 13068, 'periodic': 1041} [417s]
  903400/2098208 {'unbalanced': 889291, 'untileable6': 13068, 'periodic': 1041} [417s]
  903600/2098208 {'unbalanced': 889486, 'untileable6': 13073, 'periodic': 1041} [417s]
  903800/2098208 {'unbalanced': 889684, 'untileable6': 13075, 'periodic': 1041} [417s]
  904000/2098208 {'unbalanced': 889880, 'untileable6': 13079, 'periodic': 1041} [418s]
  904200/2098208 {'unbalanced': 890074, 'untileable6': 13085, 'periodic': 1041} [418s]
  904400/2098208 {'unbalanced': 890274, 'untileable6': 13085, 'periodic': 1041} [418s]
  904600/2098208 {'unbalanced': 890467, 'untileable6': 13092, 'periodic': 1041} [418s]
  904800/2098208 {'unbalanced': 890659, 'untileable6': 13100, 'periodic': 1041} [418s]
  905000/2098208 {'unbalanced': 890852, 'untileable6': 13107, 'periodic': 1041} [418s]
  905200/2098208 {'unbalanced': 891035, 'untileable6': 13124, 'periodic': 1041} [418s]
  905400/2098208 {'unbalanced': 891233, 'untileable6': 13126, 'periodic': 1041} [418s]
  905600/2098208 {'unbalanced': 891431, 'untileable6': 13128, 'periodic': 1041} [418s]
  905800/2098208 {'unbalanced': 891629, 'untileable6': 13130, 'periodic': 1041} [418s]
  906000/2098208 {'unbalanced': 891825, 'untileable6': 13134, 'periodic': 1041} [418s]
  906200/2098208 {'unbalanced': 892024, 'untileable6': 13135, 'periodic': 1041} [418s]
  906400/2098208 {'unbalanced': 892220, 'untileable6': 13139, 'periodic': 1041} [418s]
  906600/2098208 {'unbalanced': 892416, 'untileable6': 13143, 'periodic': 1041} [418s]
  906800/2098208 {'unbalanced': 892615, 'untileable6': 13144, 'periodic': 1041} [418s]
  907000/2098208 {'unbalanced': 892809, 'untileable6': 13150, 'periodic': 1041} [418s]
  907200/2098208 {'unbalanced': 893005, 'untileable6': 13154, 'periodic': 1041} [418s]
  907400/2098208 {'unbalanced': 893197, 'untileable6': 13162, 'periodic': 1041} [418s]
  907600/2098208 {'unbalanced': 893394, 'untileable6': 13165, 'periodic': 1041} [418s]
  907800/2098208 {'unbalanced': 893591, 'untileable6': 13168, 'periodic': 1041} [418s]
  908000/2098208 {'unbalanced': 893785, 'untileable6': 13174, 'periodic': 1041} [418s]
  908200/2098208 {'unbalanced': 893970, 'untileable6': 13189, 'periodic': 1041} [418s]
  908400/2098208 {'unbalanced': 894158, 'untileable6': 13201, 'periodic': 1041} [418s]
  908600/2098208 {'unbalanced': 894347, 'untileable6': 13212, 'periodic': 1041} [418s]
  908800/2098208 {'unbalanced': 894536, 'untileable6': 13222, 'periodic': 1042} [418s]
  909000/2098208 {'unbalanced': 894727, 'untileable6': 13231, 'periodic': 1042} [418s]
  909200/2098208 {'unbalanced': 894908, 'untileable6': 13250, 'periodic': 1042} [418s]
  909400/2098208 {'unbalanced': 895092, 'untileable6': 13266, 'periodic': 1042} [418s]
  909600/2098208 {'unbalanced': 895282, 'untileable6': 13276, 'periodic': 1042} [418s]
  909800/2098208 {'unbalanced': 895480, 'untileable6': 13278, 'periodic': 1042} [418s]
  910000/2098208 {'unbalanced': 895673, 'untileable6': 13285, 'periodic': 1042} [418s]
  910200/2098208 {'unbalanced': 895857, 'untileable6': 13301, 'periodic': 1042} [418s]
  910400/2098208 {'unbalanced': 896049, 'untileable6': 13309, 'periodic': 1042} [418s]
  910600/2098208 {'unbalanced': 896237, 'untileable6': 13320, 'periodic': 1043} [418s]
  910800/2098208 {'unbalanced': 896430, 'untileable6': 13327, 'periodic': 1043} [418s]
  911000/2098208 {'unbalanced': 896609, 'untileable6': 13348, 'periodic': 1043} [418s]
  911200/2098208 {'unbalanced': 896793, 'untileable6': 13364, 'periodic': 1043} [418s]
  911400/2098208 {'unbalanced': 896979, 'untileable6': 13378, 'periodic': 1043} [418s]
  911600/2098208 {'unbalanced': 897173, 'untileable6': 13384, 'periodic': 1043} [418s]
  911800/2098208 {'unbalanced': 897364, 'untileable6': 13393, 'periodic': 1043} [418s]
  912000/2098208 {'unbalanced': 897556, 'untileable6': 13401, 'periodic': 1043} [418s]
  912200/2098208 {'unbalanced': 897740, 'untileable6': 13417, 'periodic': 1043} [418s]
  912400/2098208 {'unbalanced': 897925, 'untileable6': 13432, 'periodic': 1043} [418s]
  912600/2098208 {'unbalanced': 898117, 'untileable6': 13440, 'periodic': 1043} [418s]
  912800/2098208 {'unbalanced': 898307, 'untileable6': 13450, 'periodic': 1043} [418s]
  913000/2098208 {'unbalanced': 898495, 'untileable6': 13462, 'periodic': 1043} [418s]
  913200/2098208 {'unbalanced': 898686, 'untileable6': 13471, 'periodic': 1043} [418s]
  913400/2098208 {'unbalanced': 898872, 'untileable6': 13485, 'periodic': 1043} [418s]
  913600/2098208 {'unbalanced': 899072, 'untileable6': 13485, 'periodic': 1043} [418s]
  913800/2098208 {'unbalanced': 899268, 'untileable6': 13489, 'periodic': 1043} [418s]
  914000/2098208 {'unbalanced': 899461, 'untileable6': 13496, 'periodic': 1043} [418s]
  914200/2098208 {'unbalanced': 899659, 'untileable6': 13498, 'periodic': 1043} [418s]
  914400/2098208 {'unbalanced': 899857, 'untileable6': 13500, 'periodic': 1043} [418s]
  914600/2098208 {'unbalanced': 900053, 'untileable6': 13504, 'periodic': 1043} [418s]
  914800/2098208 {'unbalanced': 900249, 'untileable6': 13508, 'periodic': 1043} [418s]
  915000/2098208 {'unbalanced': 900449, 'untileable6': 13508, 'periodic': 1043} [418s]
  915200/2098208 {'unbalanced': 900647, 'untileable6': 13510, 'periodic': 1043} [419s]
  915400/2098208 {'unbalanced': 900836, 'untileable6': 13520, 'periodic': 1044} [419s]
  915600/2098208 {'unbalanced': 901021, 'untileable6': 13535, 'periodic': 1044} [419s]
  915800/2098208 {'unbalanced': 901206, 'untileable6': 13550, 'periodic': 1044} [419s]
  916000/2098208 {'unbalanced': 901389, 'untileable6': 13567, 'periodic': 1044} [419s]
  916200/2098208 {'unbalanced': 901579, 'untileable6': 13577, 'periodic': 1044} [419s]
  916400/2098208 {'unbalanced': 901773, 'untileable6': 13582, 'periodic': 1045} [419s]
  916600/2098208 {'unbalanced': 901969, 'untileable6': 13586, 'periodic': 1045} [419s]
  916800/2098208 {'unbalanced': 902164, 'untileable6': 13591, 'periodic': 1045} [419s]
  917000/2098208 {'unbalanced': 902359, 'untileable6': 13596, 'periodic': 1045} [419s]
  917200/2098208 {'unbalanced': 902552, 'untileable6': 13602, 'periodic': 1046} [419s]
  917400/2098208 {'unbalanced': 902739, 'untileable6': 13615, 'periodic': 1046} [419s]
  917600/2098208 {'unbalanced': 902923, 'untileable6': 13630, 'periodic': 1047} [419s]
  917800/2098208 {'unbalanced': 903110, 'untileable6': 13643, 'periodic': 1047} [419s]
  918000/2098208 {'unbalanced': 903300, 'untileable6': 13653, 'periodic': 1047} [419s]
  918200/2098208 {'unbalanced': 903494, 'untileable6': 13658, 'periodic': 1048} [419s]
  918400/2098208 {'unbalanced': 903687, 'untileable6': 13665, 'periodic': 1048} [419s]
  918600/2098208 {'unbalanced': 903885, 'untileable6': 13667, 'periodic': 1048} [419s]
  918800/2098208 {'unbalanced': 904080, 'untileable6': 13671, 'periodic': 1049} [419s]
  919000/2098208 {'unbalanced': 904276, 'untileable6': 13675, 'periodic': 1049} [419s]
  919200/2098208 {'unbalanced': 904467, 'untileable6': 13683, 'periodic': 1050} [419s]
  919400/2098208 {'unbalanced': 904652, 'untileable6': 13698, 'periodic': 1050} [419s]
  919600/2098208 {'unbalanced': 904841, 'untileable6': 13709, 'periodic': 1050} [419s]
  919800/2098208 {'unbalanced': 905027, 'untileable6': 13722, 'periodic': 1051} [419s]
  920000/2098208 {'unbalanced': 905221, 'untileable6': 13728, 'periodic': 1051} [419s]
  920200/2098208 {'unbalanced': 905415, 'untileable6': 13733, 'periodic': 1052} [419s]
  920400/2098208 {'unbalanced': 905613, 'untileable6': 13735, 'periodic': 1052} [419s]
  920600/2098208 {'unbalanced': 905809, 'untileable6': 13739, 'periodic': 1052} [419s]
  920800/2098208 {'unbalanced': 906007, 'untileable6': 13741, 'periodic': 1052} [419s]
  921000/2098208 {'unbalanced': 906207, 'untileable6': 13741, 'periodic': 1052} [419s]
  921200/2098208 {'unbalanced': 906407, 'untileable6': 13741, 'periodic': 1052} [419s]
  921400/2098208 {'unbalanced': 906606, 'untileable6': 13742, 'periodic': 1052} [419s]
  921600/2098208 {'unbalanced': 906806, 'untileable6': 13742, 'periodic': 1052} [419s]
  921800/2098208 {'unbalanced': 907006, 'untileable6': 13742, 'periodic': 1052} [419s]
  922000/2098208 {'unbalanced': 907206, 'untileable6': 13742, 'periodic': 1052} [419s]
  922200/2098208 {'unbalanced': 907406, 'untileable6': 13742, 'periodic': 1052} [419s]
  922400/2098208 {'unbalanced': 907606, 'untileable6': 13742, 'periodic': 1052} [419s]
  922600/2098208 {'unbalanced': 907805, 'untileable6': 13743, 'periodic': 1052} [419s]
  922800/2098208 {'unbalanced': 907999, 'untileable6': 13749, 'periodic': 1052} [419s]
  923000/2098208 {'unbalanced': 908199, 'untileable6': 13749, 'periodic': 1052} [419s]
  923200/2098208 {'unbalanced': 908399, 'untileable6': 13749, 'periodic': 1052} [419s]
  923400/2098208 {'unbalanced': 908599, 'untileable6': 13749, 'periodic': 1052} [419s]
  923600/2098208 {'unbalanced': 908799, 'untileable6': 13749, 'periodic': 1052} [419s]
  923800/2098208 {'unbalanced': 908997, 'untileable6': 13751, 'periodic': 1052} [419s]
  924000/2098208 {'unbalanced': 909195, 'untileable6': 13753, 'periodic': 1052} [419s]
  924200/2098208 {'unbalanced': 909395, 'untileable6': 13753, 'periodic': 1052} [419s]
  924400/2098208 {'unbalanced': 909595, 'untileable6': 13753, 'periodic': 1052} [419s]
  924600/2098208 {'unbalanced': 909795, 'untileable6': 13753, 'periodic': 1052} [419s]
  924800/2098208 {'unbalanced': 909995, 'untileable6': 13753, 'periodic': 1052} [419s]
  925000/2098208 {'unbalanced': 910189, 'untileable6': 13758, 'periodic': 1053} [419s]
  925200/2098208 {'unbalanced': 910386, 'untileable6': 13761, 'periodic': 1053} [419s]
  925400/2098208 {'unbalanced': 910586, 'untileable6': 13761, 'periodic': 1053} [419s]
  925600/2098208 {'unbalanced': 910786, 'untileable6': 13761, 'periodic': 1053} [419s]
  925800/2098208 {'unbalanced': 910986, 'untileable6': 13761, 'periodic': 1053} [419s]
  926000/2098208 {'unbalanced': 911182, 'untileable6': 13765, 'periodic': 1053} [419s]
  926200/2098208 {'unbalanced': 911382, 'untileable6': 13765, 'periodic': 1053} [419s]
  926400/2098208 {'unbalanced': 911582, 'untileable6': 13765, 'periodic': 1053} [419s]
  926600/2098208 {'unbalanced': 911782, 'untileable6': 13765, 'periodic': 1053} [419s]
  926800/2098208 {'unbalanced': 911982, 'untileable6': 13765, 'periodic': 1053} [419s]
  927000/2098208 {'unbalanced': 912182, 'untileable6': 13765, 'periodic': 1053} [419s]
  927200/2098208 {'unbalanced': 912376, 'untileable6': 13769, 'periodic': 1055} [419s]
  927400/2098208 {'unbalanced': 912570, 'untileable6': 13775, 'periodic': 1055} [419s]
  927600/2098208 {'unbalanced': 912770, 'untileable6': 13775, 'periodic': 1055} [419s]
  927800/2098208 {'unbalanced': 912970, 'untileable6': 13775, 'periodic': 1055} [419s]
  928000/2098208 {'unbalanced': 913170, 'untileable6': 13775, 'periodic': 1055} [419s]
  928200/2098208 {'unbalanced': 913370, 'untileable6': 13775, 'periodic': 1055} [419s]
  928400/2098208 {'unbalanced': 913570, 'untileable6': 13775, 'periodic': 1055} [419s]
  928600/2098208 {'unbalanced': 913769, 'untileable6': 13776, 'periodic': 1055} [419s]
  928800/2098208 {'unbalanced': 913969, 'untileable6': 13776, 'periodic': 1055} [419s]
  929000/2098208 {'unbalanced': 914169, 'untileable6': 13776, 'periodic': 1055} [419s]
  929200/2098208 {'unbalanced': 914369, 'untileable6': 13776, 'periodic': 1055} [419s]
  929400/2098208 {'unbalanced': 914569, 'untileable6': 13776, 'periodic': 1055} [419s]
  929600/2098208 {'unbalanced': 914766, 'untileable6': 13779, 'periodic': 1055} [419s]
  929800/2098208 {'unbalanced': 914966, 'untileable6': 13779, 'periodic': 1055} [419s]
  930000/2098208 {'unbalanced': 915166, 'untileable6': 13779, 'periodic': 1055} [419s]
  930200/2098208 {'unbalanced': 915366, 'untileable6': 13779, 'periodic': 1055} [419s]
  930400/2098208 {'unbalanced': 915560, 'untileable6': 13785, 'periodic': 1055} [419s]
  930600/2098208 {'unbalanced': 915759, 'untileable6': 13786, 'periodic': 1055} [419s]
  930800/2098208 {'unbalanced': 915959, 'untileable6': 13786, 'periodic': 1055} [419s]
  931000/2098208 {'unbalanced': 916159, 'untileable6': 13786, 'periodic': 1055} [419s]
  931200/2098208 {'unbalanced': 916359, 'untileable6': 13786, 'periodic': 1055} [419s]
  931400/2098208 {'unbalanced': 916559, 'untileable6': 13786, 'periodic': 1055} [419s]
  931600/2098208 {'unbalanced': 916753, 'untileable6': 13792, 'periodic': 1055} [419s]
  931800/2098208 {'unbalanced': 916944, 'untileable6': 13801, 'periodic': 1055} [419s]
  932000/2098208 {'unbalanced': 917143, 'untileable6': 13802, 'periodic': 1055} [419s]
  932200/2098208 {'unbalanced': 917343, 'untileable6': 13802, 'periodic': 1055} [419s]
  932400/2098208 {'unbalanced': 917543, 'untileable6': 13802, 'periodic': 1055} [419s]
  932600/2098208 {'unbalanced': 917743, 'untileable6': 13802, 'periodic': 1055} [419s]
  932800/2098208 {'unbalanced': 917941, 'untileable6': 13804, 'periodic': 1055} [419s]
  933000/2098208 {'unbalanced': 918133, 'untileable6': 13810, 'periodic': 1057} [419s]
  933200/2098208 {'unbalanced': 918331, 'untileable6': 13812, 'periodic': 1057} [419s]
  933400/2098208 {'unbalanced': 918531, 'untileable6': 13812, 'periodic': 1057} [419s]
  933600/2098208 {'unbalanced': 918731, 'untileable6': 13812, 'periodic': 1057} [419s]
  933800/2098208 {'unbalanced': 918931, 'untileable6': 13812, 'periodic': 1057} [419s]
  934000/2098208 {'unbalanced': 919128, 'untileable6': 13815, 'periodic': 1057} [419s]
  934200/2098208 {'unbalanced': 919323, 'untileable6': 13820, 'periodic': 1057} [419s]
  934400/2098208 {'unbalanced': 919523, 'untileable6': 13820, 'periodic': 1057} [419s]
  934600/2098208 {'unbalanced': 919723, 'untileable6': 13820, 'periodic': 1057} [419s]
  934800/2098208 {'unbalanced': 919923, 'untileable6': 13820, 'periodic': 1057} [419s]
  935000/2098208 {'unbalanced': 920119, 'untileable6': 13824, 'periodic': 1057} [419s]
  935200/2098208 {'unbalanced': 920311, 'untileable6': 13830, 'periodic': 1059} [419s]
  935400/2098208 {'unbalanced': 920511, 'untileable6': 13830, 'periodic': 1059} [419s]
  935600/2098208 {'unbalanced': 920711, 'untileable6': 13830, 'periodic': 1059} [419s]
  935800/2098208 {'unbalanced': 920911, 'untileable6': 13830, 'periodic': 1059} [419s]
  936000/2098208 {'unbalanced': 921111, 'untileable6': 13830, 'periodic': 1059} [419s]
  936200/2098208 {'unbalanced': 921307, 'untileable6': 13834, 'periodic': 1059} [419s]
  936400/2098208 {'unbalanced': 921500, 'untileable6': 13841, 'periodic': 1059} [419s]
  936600/2098208 {'unbalanced': 921700, 'untileable6': 13841, 'periodic': 1059} [419s]
  936800/2098208 {'unbalanced': 921900, 'untileable6': 13841, 'periodic': 1059} [419s]
  937000/2098208 {'unbalanced': 922100, 'untileable6': 13841, 'periodic': 1059} [419s]
  937200/2098208 {'unbalanced': 922300, 'untileable6': 13841, 'periodic': 1059} [419s]
  937400/2098208 {'unbalanced': 922500, 'untileable6': 13841, 'periodic': 1059} [419s]
  937600/2098208 {'unbalanced': 922699, 'untileable6': 13842, 'periodic': 1059} [419s]
  937800/2098208 {'unbalanced': 922897, 'untileable6': 13844, 'periodic': 1059} [419s]
  938000/2098208 {'unbalanced': 923097, 'untileable6': 13844, 'periodic': 1059} [419s]
  938200/2098208 {'unbalanced': 923297, 'untileable6': 13844, 'periodic': 1059} [419s]
  938400/2098208 {'unbalanced': 923497, 'untileable6': 13844, 'periodic': 1059} [419s]
  938600/2098208 {'unbalanced': 923696, 'untileable6': 13845, 'periodic': 1059} [419s]
  938800/2098208 {'unbalanced': 923895, 'untileable6': 13846, 'periodic': 1059} [419s]
  939000/2098208 {'unbalanced': 924095, 'untileable6': 13846, 'periodic': 1059} [419s]
  939200/2098208 {'unbalanced': 924294, 'untileable6': 13847, 'periodic': 1059} [419s]
  939400/2098208 {'unbalanced': 924488, 'untileable6': 13853, 'periodic': 1059} [420s]
  939600/2098208 {'unbalanced': 924688, 'untileable6': 13853, 'periodic': 1059} [420s]
  939800/2098208 {'unbalanced': 924888, 'untileable6': 13853, 'periodic': 1059} [420s]
  940000/2098208 {'unbalanced': 925085, 'untileable6': 13856, 'periodic': 1059} [420s]
  940200/2098208 {'unbalanced': 925281, 'untileable6': 13860, 'periodic': 1059} [420s]
  940400/2098208 {'unbalanced': 925476, 'untileable6': 13865, 'periodic': 1059} [420s]
  940600/2098208 {'unbalanced': 925669, 'untileable6': 13872, 'periodic': 1059} [420s]
  940800/2098208 {'unbalanced': 925852, 'untileable6': 13889, 'periodic': 1059} [420s]
  941000/2098208 {'unbalanced': 926052, 'untileable6': 13889, 'periodic': 1059} [420s]
  941200/2098208 {'unbalanced': 926252, 'untileable6': 13889, 'periodic': 1059} [420s]
  941400/2098208 {'unbalanced': 926449, 'untileable6': 13892, 'periodic': 1059} [420s]
  941600/2098208 {'unbalanced': 926646, 'untileable6': 13895, 'periodic': 1059} [420s]
  941800/2098208 {'unbalanced': 926845, 'untileable6': 13896, 'periodic': 1059} [420s]
  942000/2098208 {'unbalanced': 927037, 'untileable6': 13904, 'periodic': 1059} [420s]
  942200/2098208 {'unbalanced': 927237, 'untileable6': 13904, 'periodic': 1059} [420s]
  942400/2098208 {'unbalanced': 927435, 'untileable6': 13906, 'periodic': 1059} [420s]
  942600/2098208 {'unbalanced': 927628, 'untileable6': 13911, 'periodic': 1061} [420s]
  942800/2098208 {'unbalanced': 927823, 'untileable6': 13916, 'periodic': 1061} [420s]
  943000/2098208 {'unbalanced': 928013, 'untileable6': 13926, 'periodic': 1061} [420s]
  943200/2098208 {'unbalanced': 928202, 'untileable6': 13937, 'periodic': 1061} [420s]
  943400/2098208 {'unbalanced': 928400, 'untileable6': 13939, 'periodic': 1061} [420s]
  943600/2098208 {'unbalanced': 928600, 'untileable6': 13939, 'periodic': 1061} [420s]
  943800/2098208 {'unbalanced': 928796, 'untileable6': 13943, 'periodic': 1061} [420s]
  944000/2098208 {'unbalanced': 928992, 'untileable6': 13947, 'periodic': 1061} [420s]
  944200/2098208 {'unbalanced': 929188, 'untileable6': 13951, 'periodic': 1061} [420s]
  944400/2098208 {'unbalanced': 929388, 'untileable6': 13951, 'periodic': 1061} [420s]
  944600/2098208 {'unbalanced': 929584, 'untileable6': 13955, 'periodic': 1061} [420s]
  944800/2098208 {'unbalanced': 929776, 'untileable6': 13961, 'periodic': 1063} [420s]
  945000/2098208 {'unbalanced': 929969, 'untileable6': 13968, 'periodic': 1063} [420s]
  945200/2098208 {'unbalanced': 930159, 'untileable6': 13978, 'periodic': 1063} [420s]
  945400/2098208 {'unbalanced': 930345, 'untileable6': 13992, 'periodic': 1063} [420s]
  945600/2098208 {'unbalanced': 930545, 'untileable6': 13992, 'periodic': 1063} [420s]
  945800/2098208 {'unbalanced': 930745, 'untileable6': 13992, 'periodic': 1063} [420s]
  946000/2098208 {'unbalanced': 930944, 'untileable6': 13993, 'periodic': 1063} [420s]
  946200/2098208 {'unbalanced': 931144, 'untileable6': 13993, 'periodic': 1063} [420s]
  946400/2098208 {'unbalanced': 931343, 'untileable6': 13994, 'periodic': 1063} [420s]
  946600/2098208 {'unbalanced': 931542, 'untileable6': 13995, 'periodic': 1063} [420s]
  946800/2098208 {'unbalanced': 931741, 'untileable6': 13996, 'periodic': 1063} [420s]
  947000/2098208 {'unbalanced': 931941, 'untileable6': 13996, 'periodic': 1063} [420s]
  947200/2098208 {'unbalanced': 932140, 'untileable6': 13997, 'periodic': 1063} [420s]
  947400/2098208 {'unbalanced': 932338, 'untileable6': 13999, 'periodic': 1063} [420s]
  947600/2098208 {'unbalanced': 932533, 'untileable6': 14004, 'periodic': 1063} [420s]
  947800/2098208 {'unbalanced': 932733, 'untileable6': 14004, 'periodic': 1063} [420s]
  948000/2098208 {'unbalanced': 932932, 'untileable6': 14005, 'periodic': 1063} [420s]
  948200/2098208 {'unbalanced': 933126, 'untileable6': 14011, 'periodic': 1063} [420s]
  948400/2098208 {'unbalanced': 933315, 'untileable6': 14019, 'periodic': 1066} [420s]
  948600/2098208 {'unbalanced': 933504, 'untileable6': 14022, 'periodic': 1074} [420s]
  948800/2098208 {'unbalanced': 933704, 'untileable6': 14022, 'periodic': 1074} [420s]
  949000/2098208 {'unbalanced': 933896, 'untileable6': 14030, 'periodic': 1074} [420s]
  949200/2098208 {'unbalanced': 934088, 'untileable6': 14037, 'periodic': 1075} [420s]
  949400/2098208 {'unbalanced': 934279, 'untileable6': 14046, 'periodic': 1075} [420s]
  949600/2098208 {'unbalanced': 934470, 'untileable6': 14055, 'periodic': 1075} [420s]
  949800/2098208 {'unbalanced': 934651, 'untileable6': 14073, 'periodic': 1076} [420s]
  950000/2098208 {'unbalanced': 934847, 'untileable6': 14077, 'periodic': 1076} [420s]
  950200/2098208 {'unbalanced': 935047, 'untileable6': 14077, 'periodic': 1076} [420s]
  950400/2098208 {'unbalanced': 935239, 'untileable6': 14084, 'periodic': 1077} [420s]
  950600/2098208 {'unbalanced': 935433, 'untileable6': 14090, 'periodic': 1077} [420s]
  950800/2098208 {'unbalanced': 935625, 'untileable6': 14098, 'periodic': 1077} [420s]
  951000/2098208 {'unbalanced': 935815, 'untileable6': 14107, 'periodic': 1078} [420s]
  951200/2098208 {'unbalanced': 936003, 'untileable6': 14119, 'periodic': 1078} [420s]
  951400/2098208 {'unbalanced': 936203, 'untileable6': 14119, 'periodic': 1078} [420s]
  951600/2098208 {'unbalanced': 936397, 'untileable6': 14125, 'periodic': 1078} [420s]
  951800/2098208 {'unbalanced': 936591, 'untileable6': 14130, 'periodic': 1079} [420s]
  952000/2098208 {'unbalanced': 936785, 'untileable6': 14136, 'periodic': 1079} [420s]
  952200/2098208 {'unbalanced': 936971, 'untileable6': 14150, 'periodic': 1079} [420s]
  952400/2098208 {'unbalanced': 937171, 'untileable6': 14150, 'periodic': 1079} [420s]
  952600/2098208 {'unbalanced': 937362, 'untileable6': 14159, 'periodic': 1079} [420s]
  952800/2098208 {'unbalanced': 937555, 'untileable6': 14166, 'periodic': 1079} [420s]
  953000/2098208 {'unbalanced': 937746, 'untileable6': 14175, 'periodic': 1079} [420s]
  953200/2098208 {'unbalanced': 937931, 'untileable6': 14189, 'periodic': 1080} [420s]
  953400/2098208 {'unbalanced': 938130, 'untileable6': 14190, 'periodic': 1080} [420s]
  953600/2098208 {'unbalanced': 938330, 'untileable6': 14190, 'periodic': 1080} [420s]
  953800/2098208 {'unbalanced': 938520, 'untileable6': 14199, 'periodic': 1081} [420s]
  954000/2098208 {'unbalanced': 938715, 'untileable6': 14204, 'periodic': 1081} [420s]
  954200/2098208 {'unbalanced': 938909, 'untileable6': 14210, 'periodic': 1081} [420s]
  954400/2098208 {'unbalanced': 939091, 'untileable6': 14227, 'periodic': 1082} [421s]
  954600/2098208 {'unbalanced': 939291, 'untileable6': 14227, 'periodic': 1082} [421s]
  954800/2098208 {'unbalanced': 939491, 'untileable6': 14227, 'periodic': 1082} [421s]
  955000/2098208 {'unbalanced': 939689, 'untileable6': 14228, 'periodic': 1083} [421s]
  955200/2098208 {'unbalanced': 939887, 'untileable6': 14230, 'periodic': 1083} [421s]
  955400/2098208 {'unbalanced': 940085, 'untileable6': 14232, 'periodic': 1083} [421s]
  955600/2098208 {'unbalanced': 940283, 'untileable6': 14234, 'periodic': 1083} [421s]
  955800/2098208 {'unbalanced': 940479, 'untileable6': 14237, 'periodic': 1084} [421s]
  956000/2098208 {'unbalanced': 940679, 'untileable6': 14237, 'periodic': 1084} [421s]
  956200/2098208 {'unbalanced': 940879, 'untileable6': 14237, 'periodic': 1084} [421s]
  956400/2098208 {'unbalanced': 941076, 'untileable6': 14239, 'periodic': 1085} [421s]
  956600/2098208 {'unbalanced': 941274, 'untileable6': 14240, 'periodic': 1086} [421s]
  956800/2098208 {'unbalanced': 941474, 'untileable6': 14240, 'periodic': 1086} [421s]
  957000/2098208 {'unbalanced': 941674, 'untileable6': 14240, 'periodic': 1086} [421s]
  957200/2098208 {'unbalanced': 941873, 'untileable6': 14241, 'periodic': 1086} [421s]
  957400/2098208 {'unbalanced': 942070, 'untileable6': 14244, 'periodic': 1086} [421s]
  957600/2098208 {'unbalanced': 942265, 'untileable6': 14249, 'periodic': 1086} [421s]
  957800/2098208 {'unbalanced': 942465, 'untileable6': 14249, 'periodic': 1086} [421s]
  958000/2098208 {'unbalanced': 942665, 'untileable6': 14249, 'periodic': 1086} [421s]
  958200/2098208 {'unbalanced': 942859, 'untileable6': 14255, 'periodic': 1086} [421s]
  958400/2098208 {'unbalanced': 943057, 'untileable6': 14257, 'periodic': 1086} [421s]
  958600/2098208 {'unbalanced': 943251, 'untileable6': 14263, 'periodic': 1086} [421s]
  958800/2098208 {'unbalanced': 943444, 'untileable6': 14270, 'periodic': 1086} [421s]
  959000/2098208 {'unbalanced': 943626, 'untileable6': 14288, 'periodic': 1086} [421s]
  959200/2098208 {'unbalanced': 943826, 'untileable6': 14288, 'periodic': 1086} [421s]
  959400/2098208 {'unbalanced': 944026, 'untileable6': 14288, 'periodic': 1086} [421s]
  959600/2098208 {'unbalanced': 944223, 'untileable6': 14291, 'periodic': 1086} [421s]
  959800/2098208 {'unbalanced': 944421, 'untileable6': 14293, 'periodic': 1086} [421s]
  960000/2098208 {'unbalanced': 944619, 'untileable6': 14295, 'periodic': 1086} [421s]
  960200/2098208 {'unbalanced': 944815, 'untileable6': 14299, 'periodic': 1086} [421s]
  960400/2098208 {'unbalanced': 945009, 'untileable6': 14305, 'periodic': 1086} [421s]
  960600/2098208 {'unbalanced': 945209, 'untileable6': 14305, 'periodic': 1086} [421s]
  960800/2098208 {'unbalanced': 945407, 'untileable6': 14307, 'periodic': 1086} [421s]
  961000/2098208 {'unbalanced': 945601, 'untileable6': 14313, 'periodic': 1086} [421s]
  961200/2098208 {'unbalanced': 945794, 'untileable6': 14320, 'periodic': 1086} [421s]
  961400/2098208 {'unbalanced': 945985, 'untileable6': 14329, 'periodic': 1086} [421s]
  961600/2098208 {'unbalanced': 946171, 'untileable6': 14343, 'periodic': 1086} [421s]
  961800/2098208 {'unbalanced': 946371, 'untileable6': 14343, 'periodic': 1086} [421s]
  962000/2098208 {'unbalanced': 946569, 'untileable6': 14345, 'periodic': 1086} [421s]
  962200/2098208 {'unbalanced': 946766, 'untileable6': 14348, 'periodic': 1086} [421s]
  962400/2098208 {'unbalanced': 946965, 'untileable6': 14349, 'periodic': 1086} [421s]
  962600/2098208 {'unbalanced': 947158, 'untileable6': 14356, 'periodic': 1086} [421s]
  962800/2098208 {'unbalanced': 947355, 'untileable6': 14359, 'periodic': 1086} [421s]
  963000/2098208 {'unbalanced': 947555, 'untileable6': 14359, 'periodic': 1086} [421s]
  963200/2098208 {'unbalanced': 947752, 'untileable6': 14362, 'periodic': 1086} [421s]
  963400/2098208 {'unbalanced': 947944, 'untileable6': 14370, 'periodic': 1086} [421s]
  963600/2098208 {'unbalanced': 948139, 'untileable6': 14375, 'periodic': 1086} [421s]
  963800/2098208 {'unbalanced': 948331, 'untileable6': 14382, 'periodic': 1087} [421s]
  964000/2098208 {'unbalanced': 948515, 'untileable6': 14398, 'periodic': 1087} [421s]
  964200/2098208 {'unbalanced': 948709, 'untileable6': 14404, 'periodic': 1087} [421s]
  964400/2098208 {'unbalanced': 948909, 'untileable6': 14404, 'periodic': 1087} [421s]
  964600/2098208 {'unbalanced': 949109, 'untileable6': 14404, 'periodic': 1087} [421s]
  964800/2098208 {'unbalanced': 949308, 'untileable6': 14405, 'periodic': 1087} [421s]
  965000/2098208 {'unbalanced': 949508, 'untileable6': 14405, 'periodic': 1087} [421s]
  965200/2098208 {'unbalanced': 949707, 'untileable6': 14406, 'periodic': 1087} [421s]
  965400/2098208 {'unbalanced': 949907, 'untileable6': 14406, 'periodic': 1087} [421s]
  965600/2098208 {'unbalanced': 950104, 'untileable6': 14409, 'periodic': 1087} [421s]
  965800/2098208 {'unbalanced': 950304, 'untileable6': 14409, 'periodic': 1087} [421s]
  966000/2098208 {'unbalanced': 950504, 'untileable6': 14409, 'periodic': 1087} [421s]
  966200/2098208 {'unbalanced': 950703, 'untileable6': 14410, 'periodic': 1087} [421s]
  966400/2098208 {'unbalanced': 950900, 'untileable6': 14413, 'periodic': 1087} [421s]
  966600/2098208 {'unbalanced': 951093, 'untileable6': 14420, 'periodic': 1087} [421s]
  966800/2098208 {'unbalanced': 951293, 'untileable6': 14420, 'periodic': 1087} [421s]
  967000/2098208 {'unbalanced': 951491, 'untileable6': 14422, 'periodic': 1087} [421s]
  967200/2098208 {'unbalanced': 951685, 'untileable6': 14428, 'periodic': 1087} [421s]
  967400/2098208 {'unbalanced': 951877, 'untileable6': 14435, 'periodic': 1088} [421s]
  967600/2098208 {'unbalanced': 952060, 'untileable6': 14440, 'periodic': 1100} [421s]
  967800/2098208 {'unbalanced': 952260, 'untileable6': 14440, 'periodic': 1100} [421s]
  968000/2098208 {'unbalanced': 952460, 'untileable6': 14440, 'periodic': 1100} [421s]
  968200/2098208 {'unbalanced': 952649, 'untileable6': 14451, 'periodic': 1100} [421s]
  968400/2098208 {'unbalanced': 952842, 'untileable6': 14458, 'periodic': 1100} [421s]
  968600/2098208 {'unbalanced': 953033, 'untileable6': 14467, 'periodic': 1100} [421s]
  968800/2098208 {'unbalanced': 953226, 'untileable6': 14474, 'periodic': 1100} [421s]
  969000/2098208 {'unbalanced': 953405, 'untileable6': 14495, 'periodic': 1100} [421s]
  969200/2098208 {'unbalanced': 953600, 'untileable6': 14500, 'periodic': 1100} [421s]
  969400/2098208 {'unbalanced': 953800, 'untileable6': 14500, 'periodic': 1100} [421s]
  969600/2098208 {'unbalanced': 953992, 'untileable6': 14508, 'periodic': 1100} [421s]
  969800/2098208 {'unbalanced': 954187, 'untileable6': 14513, 'periodic': 1100} [421s]
  970000/2098208 {'unbalanced': 954378, 'untileable6': 14520, 'periodic': 1102} [421s]
  970200/2098208 {'unbalanced': 954569, 'untileable6': 14529, 'periodic': 1102} [421s]
  970400/2098208 {'unbalanced': 954755, 'untileable6': 14543, 'periodic': 1102} [421s]
  970600/2098208 {'unbalanced': 954950, 'untileable6': 14548, 'periodic': 1102} [421s]
  970800/2098208 {'unbalanced': 955150, 'untileable6': 14548, 'periodic': 1102} [421s]
  971000/2098208 {'unbalanced': 955344, 'untileable6': 14554, 'periodic': 1102} [421s]
  971200/2098208 {'unbalanced': 955537, 'untileable6': 14561, 'periodic': 1102} [421s]
  971400/2098208 {'unbalanced': 955732, 'untileable6': 14566, 'periodic': 1102} [421s]
  971600/2098208 {'unbalanced': 955917, 'untileable6': 14581, 'periodic': 1102} [422s]
  971800/2098208 {'unbalanced': 956115, 'untileable6': 14583, 'periodic': 1102} [422s]
  972000/2098208 {'unbalanced': 956309, 'untileable6': 14589, 'periodic': 1102} [422s]
  972200/2098208 {'unbalanced': 956504, 'untileable6': 14594, 'periodic': 1102} [422s]
  972400/2098208 {'unbalanced': 956694, 'untileable6': 14602, 'periodic': 1104} [422s]
  972600/2098208 {'unbalanced': 956884, 'untileable6': 14612, 'periodic': 1104} [422s]
  972800/2098208 {'unbalanced': 957068, 'untileable6': 14628, 'periodic': 1104} [422s]
  973000/2098208 {'unbalanced': 957268, 'untileable6': 14628, 'periodic': 1104} [422s]
  973200/2098208 {'unbalanced': 957468, 'untileable6': 14628, 'periodic': 1104} [422s]
  973400/2098208 {'unbalanced': 957659, 'untileable6': 14637, 'periodic': 1104} [422s]
  973600/2098208 {'unbalanced': 957854, 'untileable6': 14642, 'periodic': 1104} [422s]
  973800/2098208 {'unbalanced': 958048, 'untileable6': 14648, 'periodic': 1104} [422s]
  974000/2098208 {'unbalanced': 958236, 'untileable6': 14660, 'periodic': 1104} [422s]
  974200/2098208 {'unbalanced': 958426, 'untileable6': 14670, 'periodic': 1104} [422s]
  974400/2098208 {'unbalanced': 958626, 'untileable6': 14670, 'periodic': 1104} [422s]
  974600/2098208 {'unbalanced': 958825, 'untileable6': 14671, 'periodic': 1104} [422s]
  974800/2098208 {'unbalanced': 959023, 'untileable6': 14673, 'periodic': 1104} [422s]
  975000/2098208 {'unbalanced': 959222, 'untileable6': 14674, 'periodic': 1104} [422s]
  975200/2098208 {'unbalanced': 959420, 'untileable6': 14676, 'periodic': 1104} [422s]
  975400/2098208 {'unbalanced': 959617, 'untileable6': 14679, 'periodic': 1104} [422s]
  975600/2098208 {'unbalanced': 959812, 'untileable6': 14684, 'periodic': 1104} [422s]
  975800/2098208 {'unbalanced': 960012, 'untileable6': 14684, 'periodic': 1104} [422s]
  976000/2098208 {'unbalanced': 960212, 'untileable6': 14684, 'periodic': 1104} [422s]
  976200/2098208 {'unbalanced': 960409, 'untileable6': 14687, 'periodic': 1104} [422s]
  976400/2098208 {'unbalanced': 960608, 'untileable6': 14688, 'periodic': 1104} [422s]
  976600/2098208 {'unbalanced': 960806, 'untileable6': 14690, 'periodic': 1104} [422s]
  976800/2098208 {'unbalanced': 961004, 'untileable6': 14692, 'periodic': 1104} [422s]
  977000/2098208 {'unbalanced': 961203, 'untileable6': 14693, 'periodic': 1104} [422s]
  977200/2098208 {'unbalanced': 961396, 'untileable6': 14700, 'periodic': 1104} [422s]
  977400/2098208 {'unbalanced': 961595, 'untileable6': 14701, 'periodic': 1104} [422s]
  977600/2098208 {'unbalanced': 961789, 'untileable6': 14707, 'periodic': 1104} [422s]
  977800/2098208 {'unbalanced': 961987, 'untileable6': 14709, 'periodic': 1104} [422s]
  978000/2098208 {'unbalanced': 962180, 'untileable6': 14716, 'periodic': 1104} [422s]
  978200/2098208 {'unbalanced': 962371, 'untileable6': 14725, 'periodic': 1104} [422s]
  978400/2098208 {'unbalanced': 962555, 'untileable6': 14741, 'periodic': 1104} [422s]
  978600/2098208 {'unbalanced': 962745, 'untileable6': 14751, 'periodic': 1104} [422s]
  978800/2098208 {'unbalanced': 962927, 'untileable6': 14769, 'periodic': 1104} [422s]
  979000/2098208 {'unbalanced': 963117, 'untileable6': 14779, 'periodic': 1104} [422s]
  979200/2098208 {'unbalanced': 963312, 'untileable6': 14784, 'periodic': 1104} [422s]
  979400/2098208 {'unbalanced': 963509, 'untileable6': 14787, 'periodic': 1104} [422s]
  979600/2098208 {'unbalanced': 963703, 'untileable6': 14793, 'periodic': 1104} [422s]
  979800/2098208 {'unbalanced': 963903, 'untileable6': 14793, 'periodic': 1104} [422s]
  980000/2098208 {'unbalanced': 964093, 'untileable6': 14803, 'periodic': 1104} [422s]
  980200/2098208 {'unbalanced': 964293, 'untileable6': 14803, 'periodic': 1104} [422s]
  980400/2098208 {'unbalanced': 964487, 'untileable6': 14809, 'periodic': 1104} [422s]
  980600/2098208 {'unbalanced': 964684, 'untileable6': 14812, 'periodic': 1104} [422s]
  980800/2098208 {'unbalanced': 964874, 'untileable6': 14820, 'periodic': 1106} [422s]
  981000/2098208 {'unbalanced': 965066, 'untileable6': 14828, 'periodic': 1106} [422s]
  981200/2098208 {'unbalanced': 965249, 'untileable6': 14845, 'periodic': 1106} [422s]
  981400/2098208 {'unbalanced': 965441, 'untileable6': 14853, 'periodic': 1106} [422s]
  981600/2098208 {'unbalanced': 965627, 'untileable6': 14867, 'periodic': 1106} [422s]
  981800/2098208 {'unbalanced': 965823, 'untileable6': 14871, 'periodic': 1106} [422s]
  982000/2098208 {'unbalanced': 966019, 'untileable6': 14875, 'periodic': 1106} [422s]
  982200/2098208 {'unbalanced': 966219, 'untileable6': 14875, 'periodic': 1106} [422s]
  982400/2098208 {'unbalanced': 966409, 'untileable6': 14885, 'periodic': 1106} [422s]
  982600/2098208 {'unbalanced': 966609, 'untileable6': 14885, 'periodic': 1106} [422s]
  982800/2098208 {'unbalanced': 966803, 'untileable6': 14891, 'periodic': 1106} [422s]
  983000/2098208 {'unbalanced': 966999, 'untileable6': 14895, 'periodic': 1106} [422s]
  983200/2098208 {'unbalanced': 967189, 'untileable6': 14903, 'periodic': 1108} [422s]
  983400/2098208 {'unbalanced': 967379, 'untileable6': 14913, 'periodic': 1108} [422s]
  983600/2098208 {'unbalanced': 967563, 'untileable6': 14929, 'periodic': 1108} [422s]
  983800/2098208 {'unbalanced': 967752, 'untileable6': 14940, 'periodic': 1108} [422s]
  984000/2098208 {'unbalanced': 967940, 'untileable6': 14952, 'periodic': 1108} [422s]
  984200/2098208 {'unbalanced': 968134, 'untileable6': 14958, 'periodic': 1108} [422s]
  984400/2098208 {'unbalanced': 968333, 'untileable6': 14959, 'periodic': 1108} [422s]
  984600/2098208 {'unbalanced': 968533, 'untileable6': 14959, 'periodic': 1108} [422s]
  984800/2098208 {'unbalanced': 968731, 'untileable6': 14961, 'periodic': 1108} [422s]
  985000/2098208 {'unbalanced': 968931, 'untileable6': 14961, 'periodic': 1108} [422s]
  985200/2098208 {'unbalanced': 969128, 'untileable6': 14964, 'periodic': 1108} [422s]
  985400/2098208 {'unbalanced': 969328, 'untileable6': 14964, 'periodic': 1108} [422s]
  985600/2098208 {'unbalanced': 969526, 'untileable6': 14966, 'periodic': 1108} [423s]
  985800/2098208 {'unbalanced': 969725, 'untileable6': 14967, 'periodic': 1108} [423s]
  986000/2098208 {'unbalanced': 969922, 'untileable6': 14969, 'periodic': 1109} [423s]
  986200/2098208 {'unbalanced': 970119, 'untileable6': 14972, 'periodic': 1109} [423s]
  986400/2098208 {'unbalanced': 970314, 'untileable6': 14977, 'periodic': 1109} [423s]
  986600/2098208 {'unbalanced': 970512, 'untileable6': 14979, 'periodic': 1109} [423s]
  986800/2098208 {'unbalanced': 970708, 'untileable6': 14983, 'periodic': 1109} [423s]
  987000/2098208 {'unbalanced': 970900, 'untileable6': 14991, 'periodic': 1109} [423s]
  987200/2098208 {'unbalanced': 971086, 'untileable6': 15004, 'periodic': 1110} [423s]
  987400/2098208 {'unbalanced': 971271, 'untileable6': 15019, 'periodic': 1110} [423s]
  987600/2098208 {'unbalanced': 971462, 'untileable6': 15028, 'periodic': 1110} [423s]
  987800/2098208 {'unbalanced': 971653, 'untileable6': 15037, 'periodic': 1110} [423s]
  988000/2098208 {'unbalanced': 971842, 'untileable6': 15047, 'periodic': 1111} [423s]
  988200/2098208 {'unbalanced': 972034, 'untileable6': 15055, 'periodic': 1111} [423s]
  988400/2098208 {'unbalanced': 972216, 'untileable6': 15073, 'periodic': 1111} [423s]
  988600/2098208 {'unbalanced': 972407, 'untileable6': 15082, 'periodic': 1111} [423s]
  988800/2098208 {'unbalanced': 972587, 'untileable6': 15102, 'periodic': 1111} [423s]
  989000/2098208 {'unbalanced': 972775, 'untileable6': 15114, 'periodic': 1111} [423s]
  989200/2098208 {'unbalanced': 972970, 'untileable6': 15119, 'periodic': 1111} [423s]
  989400/2098208 {'unbalanced': 973163, 'untileable6': 15124, 'periodic': 1113} [423s]
  989600/2098208 {'unbalanced': 973353, 'untileable6': 15134, 'periodic': 1113} [423s]
  989800/2098208 {'unbalanced': 973537, 'untileable6': 15150, 'periodic': 1113} [423s]
  990000/2098208 {'unbalanced': 973727, 'untileable6': 15160, 'periodic': 1113} [423s]
  990200/2098208 {'unbalanced': 973911, 'untileable6': 15175, 'periodic': 1114} [423s]
  990400/2098208 {'unbalanced': 974105, 'untileable6': 15181, 'periodic': 1114} [423s]
  990600/2098208 {'unbalanced': 974299, 'untileable6': 15187, 'periodic': 1114} [423s]
  990800/2098208 {'unbalanced': 974489, 'untileable6': 15197, 'periodic': 1114} [423s]
  991000/2098208 {'unbalanced': 974685, 'untileable6': 15200, 'periodic': 1115} [423s]
  991200/2098208 {'unbalanced': 974869, 'untileable6': 15216, 'periodic': 1115} [423s]
  991400/2098208 {'unbalanced': 975063, 'untileable6': 15222, 'periodic': 1115} [423s]
  991600/2098208 {'unbalanced': 975250, 'untileable6': 15235, 'periodic': 1115} [423s]
  991800/2098208 {'unbalanced': 975443, 'untileable6': 15242, 'periodic': 1115} [423s]
  992000/2098208 {'unbalanced': 975632, 'untileable6': 15252, 'periodic': 1116} [423s]
  992200/2098208 {'unbalanced': 975816, 'untileable6': 15268, 'periodic': 1116} [423s]
  992400/2098208 {'unbalanced': 976005, 'untileable6': 15278, 'periodic': 1117} [423s]
  992600/2098208 {'unbalanced': 976191, 'untileable6': 15292, 'periodic': 1117} [423s]
  992800/2098208 {'unbalanced': 976387, 'untileable6': 15296, 'periodic': 1117} [423s]
  993000/2098208 {'unbalanced': 976581, 'untileable6': 15302, 'periodic': 1117} [423s]
  993200/2098208 {'unbalanced': 976771, 'untileable6': 15312, 'periodic': 1117} [423s]
  993400/2098208 {'unbalanced': 976967, 'untileable6': 15315, 'periodic': 1118} [423s]
  993600/2098208 {'unbalanced': 977151, 'untileable6': 15331, 'periodic': 1118} [423s]
  993800/2098208 {'unbalanced': 977345, 'untileable6': 15337, 'periodic': 1118} [423s]
  994000/2098208 {'unbalanced': 977529, 'untileable6': 15352, 'periodic': 1119} [423s]
  994200/2098208 {'unbalanced': 977722, 'untileable6': 15359, 'periodic': 1119} [423s]
  994400/2098208 {'unbalanced': 977920, 'untileable6': 15361, 'periodic': 1119} [423s]
  994600/2098208 {'unbalanced': 978118, 'untileable6': 15362, 'periodic': 1120} [423s]
  994800/2098208 {'unbalanced': 978316, 'untileable6': 15364, 'periodic': 1120} [423s]
  995000/2098208 {'unbalanced': 978512, 'untileable6': 15368, 'periodic': 1120} [423s]
  995200/2098208 {'unbalanced': 978710, 'untileable6': 15370, 'periodic': 1120} [423s]
  995400/2098208 {'unbalanced': 978907, 'untileable6': 15372, 'periodic': 1121} [423s]
  995600/2098208 {'unbalanced': 979105, 'untileable6': 15374, 'periodic': 1121} [423s]
  995800/2098208 {'unbalanced': 979303, 'untileable6': 15376, 'periodic': 1121} [423s]
  996000/2098208 {'unbalanced': 979500, 'untileable6': 15379, 'periodic': 1121} [423s]
  996200/2098208 {'unbalanced': 979699, 'untileable6': 15379, 'periodic': 1122} [423s]
  996400/2098208 {'unbalanced': 979895, 'untileable6': 15383, 'periodic': 1122} [423s]
  996600/2098208 {'unbalanced': 980093, 'untileable6': 15385, 'periodic': 1122} [424s]
  996800/2098208 {'unbalanced': 980291, 'untileable6': 15387, 'periodic': 1122} [424s]
  997000/2098208 {'unbalanced': 980491, 'untileable6': 15387, 'periodic': 1122} [424s]
  997200/2098208 {'unbalanced': 980691, 'untileable6': 15387, 'periodic': 1122} [424s]
  997400/2098208 {'unbalanced': 980889, 'untileable6': 15389, 'periodic': 1122} [424s]
  997600/2098208 {'unbalanced': 981086, 'untileable6': 15392, 'periodic': 1122} [424s]
  997800/2098208 {'unbalanced': 981281, 'untileable6': 15397, 'periodic': 1122} [424s]
  998000/2098208 {'unbalanced': 981481, 'untileable6': 15397, 'periodic': 1122} [424s]
  998200/2098208 {'unbalanced': 981681, 'untileable6': 15397, 'periodic': 1122} [424s]
  998400/2098208 {'unbalanced': 981881, 'untileable6': 15397, 'periodic': 1122} [424s]
  998600/2098208 {'unbalanced': 982081, 'untileable6': 15397, 'periodic': 1122} [424s]
  998800/2098208 {'unbalanced': 982281, 'untileable6': 15397, 'periodic': 1122} [424s]
  999000/2098208 {'unbalanced': 982474, 'untileable6': 15404, 'periodic': 1122} [424s]
  999200/2098208 {'unbalanced': 982665, 'untileable6': 15413, 'periodic': 1122} [424s]
  999400/2098208 {'unbalanced': 982864, 'untileable6': 15414, 'periodic': 1122} [424s]
  999600/2098208 {'unbalanced': 983064, 'untileable6': 15414, 'periodic': 1122} [424s]
  999800/2098208 {'unbalanced': 983264, 'untileable6': 15414, 'periodic': 1122} [424s]
  1000000/2098208 {'unbalanced': 983464, 'untileable6': 15414, 'periodic': 1122} [424s]
  1000200/2098208 {'unbalanced': 983664, 'untileable6': 15414, 'periodic': 1122} [424s]
  1000400/2098208 {'unbalanced': 983857, 'untileable6': 15421, 'periodic': 1122} [424s]
  1000600/2098208 {'unbalanced': 984047, 'untileable6': 15431, 'periodic': 1122} [424s]
  1000800/2098208 {'unbalanced': 984246, 'untileable6': 15432, 'periodic': 1122} [424s]
  1001000/2098208 {'unbalanced': 984446, 'untileable6': 15432, 'periodic': 1122} [424s]
  1001200/2098208 {'unbalanced': 984646, 'untileable6': 15432, 'periodic': 1122} [424s]
  1001400/2098208 {'unbalanced': 984846, 'untileable6': 15432, 'periodic': 1122} [424s]
  1001600/2098208 {'unbalanced': 985046, 'untileable6': 15432, 'periodic': 1122} [424s]
  1001800/2098208 {'unbalanced': 985246, 'untileable6': 15432, 'periodic': 1122} [424s]
  1002000/2098208 {'unbalanced': 985438, 'untileable6': 15439, 'periodic': 1123} [424s]
  1002200/2098208 {'unbalanced': 985637, 'untileable6': 15440, 'periodic': 1123} [424s]
  1002400/2098208 {'unbalanced': 985837, 'untileable6': 15440, 'periodic': 1123} [424s]
  1002600/2098208 {'unbalanced': 986037, 'untileable6': 15440, 'periodic': 1123} [424s]
  1002800/2098208 {'unbalanced': 986237, 'untileable6': 15440, 'periodic': 1123} [424s]
  1003000/2098208 {'unbalanced': 986430, 'untileable6': 15447, 'periodic': 1123} [424s]
  1003200/2098208 {'unbalanced': 986621, 'untileable6': 15456, 'periodic': 1123} [424s]
  1003400/2098208 {'unbalanced': 986817, 'untileable6': 15460, 'periodic': 1123} [424s]
  1003600/2098208 {'unbalanced': 987017, 'untileable6': 15460, 'periodic': 1123} [424s]
  1003800/2098208 {'unbalanced': 987217, 'untileable6': 15460, 'periodic': 1123} [424s]
  1004000/2098208 {'unbalanced': 987417, 'untileable6': 15460, 'periodic': 1123} [424s]
  1004200/2098208 {'unbalanced': 987617, 'untileable6': 15460, 'periodic': 1123} [424s]
  1004400/2098208 {'unbalanced': 987817, 'untileable6': 15460, 'periodic': 1123} [424s]
  1004600/2098208 {'unbalanced': 988012, 'untileable6': 15463, 'periodic': 1125} [424s]
  1004800/2098208 {'unbalanced': 988205, 'untileable6': 15470, 'periodic': 1125} [424s]
  1005000/2098208 {'unbalanced': 988405, 'untileable6': 15470, 'periodic': 1125} [424s]
  1005200/2098208 {'unbalanced': 988605, 'untileable6': 15470, 'periodic': 1125} [424s]
  1005400/2098208 {'unbalanced': 988805, 'untileable6': 15470, 'periodic': 1125} [424s]
  1005600/2098208 {'unbalanced': 989005, 'untileable6': 15470, 'periodic': 1125} [424s]
  1005800/2098208 {'unbalanced': 989205, 'untileable6': 15470, 'periodic': 1125} [424s]
  1006000/2098208 {'unbalanced': 989403, 'untileable6': 15472, 'periodic': 1125} [424s]
  1006200/2098208 {'unbalanced': 989600, 'untileable6': 15475, 'periodic': 1125} [424s]
  1006400/2098208 {'unbalanced': 989800, 'untileable6': 15475, 'periodic': 1125} [424s]
  1006600/2098208 {'unbalanced': 990000, 'untileable6': 15475, 'periodic': 1125} [424s]
  1006800/2098208 {'unbalanced': 990200, 'untileable6': 15475, 'periodic': 1125} [424s]
  1007000/2098208 {'unbalanced': 990400, 'untileable6': 15475, 'periodic': 1125} [424s]
  1007200/2098208 {'unbalanced': 990600, 'untileable6': 15475, 'periodic': 1125} [424s]
  1007400/2098208 {'unbalanced': 990800, 'untileable6': 15475, 'periodic': 1125} [424s]
  1007600/2098208 {'unbalanced': 990997, 'untileable6': 15478, 'periodic': 1125} [424s]
  1007800/2098208 {'unbalanced': 991197, 'untileable6': 15478, 'periodic': 1125} [424s]
  1008000/2098208 {'unbalanced': 991397, 'untileable6': 15478, 'periodic': 1125} [424s]
  1008200/2098208 {'unbalanced': 991597, 'untileable6': 15478, 'periodic': 1125} [424s]
  1008400/2098208 {'unbalanced': 991786, 'untileable6': 15489, 'periodic': 1125} [424s]
  1008600/2098208 {'unbalanced': 991978, 'untileable6': 15497, 'periodic': 1125} [424s]
  1008800/2098208 {'unbalanced': 992175, 'untileable6': 15500, 'periodic': 1125} [424s]
  1009000/2098208 {'unbalanced': 992375, 'untileable6': 15500, 'periodic': 1125} [424s]
  1009200/2098208 {'unbalanced': 992575, 'untileable6': 15500, 'periodic': 1125} [424s]
  1009400/2098208 {'unbalanced': 992775, 'untileable6': 15500, 'periodic': 1125} [424s]
  1009600/2098208 {'unbalanced': 992975, 'untileable6': 15500, 'periodic': 1125} [424s]
  1009800/2098208 {'unbalanced': 993175, 'untileable6': 15500, 'periodic': 1125} [424s]
  1010000/2098208 {'unbalanced': 993372, 'untileable6': 15503, 'periodic': 1125} [424s]
  1010200/2098208 {'unbalanced': 993569, 'untileable6': 15506, 'periodic': 1125} [424s]
  1010400/2098208 {'unbalanced': 993769, 'untileable6': 15506, 'periodic': 1125} [424s]
  1010600/2098208 {'unbalanced': 993969, 'untileable6': 15506, 'periodic': 1125} [424s]
  1010800/2098208 {'unbalanced': 994169, 'untileable6': 15506, 'periodic': 1125} [424s]
  1011000/2098208 {'unbalanced': 994369, 'untileable6': 15506, 'periodic': 1125} [424s]
  1011200/2098208 {'unbalanced': 994569, 'untileable6': 15506, 'periodic': 1125} [424s]
  1011400/2098208 {'unbalanced': 994761, 'untileable6': 15511, 'periodic': 1128} [424s]
  1011600/2098208 {'unbalanced': 994955, 'untileable6': 15517, 'periodic': 1128} [424s]
  1011800/2098208 {'unbalanced': 995154, 'untileable6': 15518, 'periodic': 1128} [424s]
  1012000/2098208 {'unbalanced': 995354, 'untileable6': 15518, 'periodic': 1128} [424s]
  1012200/2098208 {'unbalanced': 995554, 'untileable6': 15518, 'periodic': 1128} [424s]
  1012400/2098208 {'unbalanced': 995754, 'untileable6': 15518, 'periodic': 1128} [424s]
  1012600/2098208 {'unbalanced': 995954, 'untileable6': 15518, 'periodic': 1128} [424s]
  1012800/2098208 {'unbalanced': 996154, 'untileable6': 15518, 'periodic': 1128} [424s]
  1013000/2098208 {'unbalanced': 996351, 'untileable6': 15521, 'periodic': 1128} [424s]
  1013200/2098208 {'unbalanced': 996551, 'untileable6': 15521, 'periodic': 1128} [424s]
  1013400/2098208 {'unbalanced': 996751, 'untileable6': 15521, 'periodic': 1128} [424s]
  1013600/2098208 {'unbalanced': 996951, 'untileable6': 15521, 'periodic': 1128} [424s]
  1013800/2098208 {'unbalanced': 997151, 'untileable6': 15521, 'periodic': 1128} [424s]
  1014000/2098208 {'unbalanced': 997345, 'untileable6': 15523, 'periodic': 1132} [424s]
  1014200/2098208 {'unbalanced': 997537, 'untileable6': 15531, 'periodic': 1132} [424s]
  1014400/2098208 {'unbalanced': 997735, 'untileable6': 15533, 'periodic': 1132} [424s]
  1014600/2098208 {'unbalanced': 997935, 'untileable6': 15533, 'periodic': 1132} [424s]
  1014800/2098208 {'unbalanced': 998135, 'untileable6': 15533, 'periodic': 1132} [424s]
  1015000/2098208 {'unbalanced': 998335, 'untileable6': 15533, 'periodic': 1132} [424s]
  1015200/2098208 {'unbalanced': 998535, 'untileable6': 15533, 'periodic': 1132} [424s]
  1015400/2098208 {'unbalanced': 998735, 'untileable6': 15533, 'periodic': 1132} [424s]
  1015600/2098208 {'unbalanced': 998935, 'untileable6': 15533, 'periodic': 1132} [424s]
  1015800/2098208 {'unbalanced': 999131, 'untileable6': 15537, 'periodic': 1132} [424s]
  1016000/2098208 {'unbalanced': 999331, 'untileable6': 15537, 'periodic': 1132} [424s]
  1016200/2098208 {'unbalanced': 999531, 'untileable6': 15537, 'periodic': 1132} [424s]
  1016400/2098208 {'unbalanced': 999731, 'untileable6': 15537, 'periodic': 1132} [424s]
  1016600/2098208 {'unbalanced': 999931, 'untileable6': 15537, 'periodic': 1132} [424s]
  1016800/2098208 {'unbalanced': 1000131, 'untileable6': 15537, 'periodic': 1132} [424s]
  1017000/2098208 {'unbalanced': 1000331, 'untileable6': 15537, 'periodic': 1132} [424s]
  1017200/2098208 {'unbalanced': 1000528, 'untileable6': 15540, 'periodic': 1132} [424s]
  1017400/2098208 {'unbalanced': 1000727, 'untileable6': 15541, 'periodic': 1132} [424s]
  1017600/2098208 {'unbalanced': 1000927, 'untileable6': 15541, 'periodic': 1132} [424s]
  1017800/2098208 {'unbalanced': 1001127, 'untileable6': 15541, 'periodic': 1132} [424s]
  1018000/2098208 {'unbalanced': 1001327, 'untileable6': 15541, 'periodic': 1132} [424s]
  1018200/2098208 {'unbalanced': 1001527, 'untileable6': 15541, 'periodic': 1132} [424s]
  1018400/2098208 {'unbalanced': 1001727, 'untileable6': 15541, 'periodic': 1132} [424s]
  1018600/2098208 {'unbalanced': 1001926, 'untileable6': 15542, 'periodic': 1132} [424s]
  1018800/2098208 {'unbalanced': 1002125, 'untileable6': 15543, 'periodic': 1132} [424s]
  1019000/2098208 {'unbalanced': 1002321, 'untileable6': 15547, 'periodic': 1132} [424s]
  1019200/2098208 {'unbalanced': 1002515, 'untileable6': 15553, 'periodic': 1132} [424s]
  1019400/2098208 {'unbalanced': 1002703, 'untileable6': 15560, 'periodic': 1137} [424s]
  1019600/2098208 {'unbalanced': 1002887, 'untileable6': 15566, 'periodic': 1147} [424s]
  1019800/2098208 {'unbalanced': 1003086, 'untileable6': 15566, 'periodic': 1148} [424s]
  1020000/2098208 {'unbalanced': 1003286, 'untileable6': 15566, 'periodic': 1148} [424s]
  1020200/2098208 {'unbalanced': 1003477, 'untileable6': 15575, 'periodic': 1148} [424s]
  1020400/2098208 {'unbalanced': 1003670, 'untileable6': 15582, 'periodic': 1148} [424s]
  1020600/2098208 {'unbalanced': 1003861, 'untileable6': 15591, 'periodic': 1148} [424s]
  1020800/2098208 {'unbalanced': 1004053, 'untileable6': 15599, 'periodic': 1148} [424s]
  1021000/2098208 {'unbalanced': 1004233, 'untileable6': 15619, 'periodic': 1148} [424s]
  1021200/2098208 {'unbalanced': 1004424, 'untileable6': 15628, 'periodic': 1148} [424s]
  1021400/2098208 {'unbalanced': 1004624, 'untileable6': 15628, 'periodic': 1148} [424s]
  1021600/2098208 {'unbalanced': 1004819, 'untileable6': 15633, 'periodic': 1148} [424s]
  1021800/2098208 {'unbalanced': 1005012, 'untileable6': 15640, 'periodic': 1148} [424s]
  1022000/2098208 {'unbalanced': 1005203, 'untileable6': 15649, 'periodic': 1148} [424s]
  1022200/2098208 {'unbalanced': 1005395, 'untileable6': 15657, 'periodic': 1148} [424s]
  1022400/2098208 {'unbalanced': 1005583, 'untileable6': 15669, 'periodic': 1148} [424s]
  1022600/2098208 {'unbalanced': 1005768, 'untileable6': 15684, 'periodic': 1148} [425s]
  1022800/2098208 {'unbalanced': 1005968, 'untileable6': 15684, 'periodic': 1148} [425s]
  1023000/2098208 {'unbalanced': 1006168, 'untileable6': 15684, 'periodic': 1148} [425s]
  1023200/2098208 {'unbalanced': 1006361, 'untileable6': 15688, 'periodic': 1151} [425s]
  1023400/2098208 {'unbalanced': 1006555, 'untileable6': 15694, 'periodic': 1151} [425s]
  1023600/2098208 {'unbalanced': 1006753, 'untileable6': 15696, 'periodic': 1151} [425s]
  1023800/2098208 {'unbalanced': 1006944, 'untileable6': 15705, 'periodic': 1151} [425s]
  1024000/2098208 {'unbalanced': 1007129, 'untileable6': 15720, 'periodic': 1151} [425s]
  1024200/2098208 {'unbalanced': 1007327, 'untileable6': 15722, 'periodic': 1151} [425s]
  1024400/2098208 {'unbalanced': 1007519, 'untileable6': 15730, 'periodic': 1151} [425s]
  1024600/2098208 {'unbalanced': 1007712, 'untileable6': 15737, 'periodic': 1151} [425s]
  1024800/2098208 {'unbalanced': 1007904, 'untileable6': 15745, 'periodic': 1151} [425s]
  1025000/2098208 {'unbalanced': 1008090, 'untileable6': 15758, 'periodic': 1152} [425s]
  1025200/2098208 {'unbalanced': 1008274, 'untileable6': 15774, 'periodic': 1152} [425s]
  1025400/2098208 {'unbalanced': 1008472, 'untileable6': 15776, 'periodic': 1152} [425s]
  1025600/2098208 {'unbalanced': 1008672, 'untileable6': 15776, 'periodic': 1152} [425s]
  1025800/2098208 {'unbalanced': 1008870, 'untileable6': 15776, 'periodic': 1154} [425s]
  1026000/2098208 {'unbalanced': 1009060, 'untileable6': 15786, 'periodic': 1154} [425s]
  1026200/2098208 {'unbalanced': 1009258, 'untileable6': 15788, 'periodic': 1154} [425s]
  1026400/2098208 {'unbalanced': 1009448, 'untileable6': 15798, 'periodic': 1154} [425s]
  1026600/2098208 {'unbalanced': 1009633, 'untileable6': 15813, 'periodic': 1154} [425s]
  1026800/2098208 {'unbalanced': 1009827, 'untileable6': 15819, 'periodic': 1154} [425s]
  1027000/2098208 {'unbalanced': 1010027, 'untileable6': 15819, 'periodic': 1154} [425s]
  1027200/2098208 {'unbalanced': 1010226, 'untileable6': 15820, 'periodic': 1154} [425s]
  1027400/2098208 {'unbalanced': 1010424, 'untileable6': 15822, 'periodic': 1154} [425s]
  1027600/2098208 {'unbalanced': 1010623, 'untileable6': 15823, 'periodic': 1154} [425s]
  1027800/2098208 {'unbalanced': 1010820, 'untileable6': 15826, 'periodic': 1154} [425s]
  1028000/2098208 {'unbalanced': 1011016, 'untileable6': 15829, 'periodic': 1155} [425s]
  1028200/2098208 {'unbalanced': 1011211, 'untileable6': 15834, 'periodic': 1155} [425s]
  1028400/2098208 {'unbalanced': 1011411, 'untileable6': 15834, 'periodic': 1155} [425s]
  1028600/2098208 {'unbalanced': 1011611, 'untileable6': 15834, 'periodic': 1155} [425s]
  1028800/2098208 {'unbalanced': 1011811, 'untileable6': 15834, 'periodic': 1155} [425s]
  1029000/2098208 {'unbalanced': 1012008, 'untileable6': 15836, 'periodic': 1156} [425s]
  1029200/2098208 {'unbalanced': 1012207, 'untileable6': 15837, 'periodic': 1156} [425s]
  1029400/2098208 {'unbalanced': 1012402, 'untileable6': 15842, 'periodic': 1156} [425s]
  1029600/2098208 {'unbalanced': 1012600, 'untileable6': 15844, 'periodic': 1156} [425s]
  1029800/2098208 {'unbalanced': 1012793, 'untileable6': 15851, 'periodic': 1156} [425s]
  1030000/2098208 {'unbalanced': 1012982, 'untileable6': 15862, 'periodic': 1156} [425s]
  1030200/2098208 {'unbalanced': 1013176, 'untileable6': 15868, 'periodic': 1156} [425s]
  1030400/2098208 {'unbalanced': 1013355, 'untileable6': 15888, 'periodic': 1157} [425s]
  1030600/2098208 {'unbalanced': 1013545, 'untileable6': 15898, 'periodic': 1157} [425s]
  1030800/2098208 {'unbalanced': 1013743, 'untileable6': 15900, 'periodic': 1157} [425s]
  1031000/2098208 {'unbalanced': 1013943, 'untileable6': 15900, 'periodic': 1157} [425s]
  1031200/2098208 {'unbalanced': 1014142, 'untileable6': 15900, 'periodic': 1158} [425s]
  1031400/2098208 {'unbalanced': 1014337, 'untileable6': 15905, 'periodic': 1158} [425s]
  1031600/2098208 {'unbalanced': 1014537, 'untileable6': 15905, 'periodic': 1158} [425s]
  1031800/2098208 {'unbalanced': 1014732, 'untileable6': 15910, 'periodic': 1158} [425s]
  1032000/2098208 {'unbalanced': 1014924, 'untileable6': 15917, 'periodic': 1159} [425s]
  1032200/2098208 {'unbalanced': 1015122, 'untileable6': 15919, 'periodic': 1159} [425s]
  1032400/2098208 {'unbalanced': 1015322, 'untileable6': 15919, 'periodic': 1159} [425s]
  1032600/2098208 {'unbalanced': 1015516, 'untileable6': 15924, 'periodic': 1160} [425s]
  1032800/2098208 {'unbalanced': 1015711, 'untileable6': 15929, 'periodic': 1160} [425s]
  1033000/2098208 {'unbalanced': 1015901, 'untileable6': 15939, 'periodic': 1160} [425s]
  1033200/2098208 {'unbalanced': 1016097, 'untileable6': 15943, 'periodic': 1160} [425s]
  1033400/2098208 {'unbalanced': 1016282, 'untileable6': 15957, 'periodic': 1161} [425s]
  1033600/2098208 {'unbalanced': 1016475, 'untileable6': 15964, 'periodic': 1161} [425s]
  1033800/2098208 {'unbalanced': 1016674, 'untileable6': 15965, 'periodic': 1161} [425s]
  1034000/2098208 {'unbalanced': 1016874, 'untileable6': 15965, 'periodic': 1161} [425s]
  1034200/2098208 {'unbalanced': 1017074, 'untileable6': 15965, 'periodic': 1161} [425s]
  1034400/2098208 {'unbalanced': 1017270, 'untileable6': 15968, 'periodic': 1162} [425s]
  1034600/2098208 {'unbalanced': 1017470, 'untileable6': 15968, 'periodic': 1162} [425s]
  1034800/2098208 {'unbalanced': 1017668, 'untileable6': 15970, 'periodic': 1162} [425s]
  1035000/2098208 {'unbalanced': 1017863, 'untileable6': 15975, 'periodic': 1162} [425s]
  1035200/2098208 {'unbalanced': 1018063, 'untileable6': 15975, 'periodic': 1162} [425s]
  1035400/2098208 {'unbalanced': 1018255, 'untileable6': 15983, 'periodic': 1162} [425s]
  1035600/2098208 {'unbalanced': 1018444, 'untileable6': 15994, 'periodic': 1162} [425s]
  1035800/2098208 {'unbalanced': 1018640, 'untileable6': 15998, 'periodic': 1162} [425s]
  1036000/2098208 {'unbalanced': 1018828, 'untileable6': 16009, 'periodic': 1163} [425s]
  1036200/2098208 {'unbalanced': 1019019, 'untileable6': 16018, 'periodic': 1163} [425s]
  1036400/2098208 {'unbalanced': 1019216, 'untileable6': 16021, 'periodic': 1163} [425s]
  1036600/2098208 {'unbalanced': 1019416, 'untileable6': 16021, 'periodic': 1163} [425s]
  1036800/2098208 {'unbalanced': 1019616, 'untileable6': 16021, 'periodic': 1163} [425s]
  1037000/2098208 {'unbalanced': 1019812, 'untileable6': 16024, 'periodic': 1164} [425s]
  1037200/2098208 {'unbalanced': 1020012, 'untileable6': 16024, 'periodic': 1164} [425s]
  1037400/2098208 {'unbalanced': 1020209, 'untileable6': 16027, 'periodic': 1164} [425s]
  1037600/2098208 {'unbalanced': 1020405, 'untileable6': 16030, 'periodic': 1165} [426s]
  1037800/2098208 {'unbalanced': 1020603, 'untileable6': 16032, 'periodic': 1165} [426s]
  1038000/2098208 {'unbalanced': 1020803, 'untileable6': 16032, 'periodic': 1165} [426s]
  1038200/2098208 {'unbalanced': 1021002, 'untileable6': 16032, 'periodic': 1166} [426s]
  1038400/2098208 {'unbalanced': 1021200, 'untileable6': 16034, 'periodic': 1166} [426s]
  1038600/2098208 {'unbalanced': 1021398, 'untileable6': 16036, 'periodic': 1166} [426s]
  1038800/2098208 {'unbalanced': 1021597, 'untileable6': 16037, 'periodic': 1166} [426s]
  1039000/2098208 {'unbalanced': 1021793, 'untileable6': 16040, 'periodic': 1167} [426s]
  1039200/2098208 {'unbalanced': 1021991, 'untileable6': 16042, 'periodic': 1167} [426s]
  1039400/2098208 {'unbalanced': 1022191, 'untileable6': 16042, 'periodic': 1167} [426s]
  1039600/2098208 {'unbalanced': 1022391, 'untileable6': 16042, 'periodic': 1167} [426s]
  1039800/2098208 {'unbalanced': 1022591, 'untileable6': 16042, 'periodic': 1167} [426s]
  1040000/2098208 {'unbalanced': 1022790, 'untileable6': 16042, 'periodic': 1168} [426s]
  1040200/2098208 {'unbalanced': 1022990, 'untileable6': 16042, 'periodic': 1168} [426s]
  1040400/2098208 {'unbalanced': 1023189, 'untileable6': 16042, 'periodic': 1169} [426s]
  1040600/2098208 {'unbalanced': 1023388, 'untileable6': 16042, 'periodic': 1170} [426s]
  1040800/2098208 {'unbalanced': 1023582, 'untileable6': 16048, 'periodic': 1170} [426s]
  1041000/2098208 {'unbalanced': 1023776, 'untileable6': 16054, 'periodic': 1170} [426s]
  1041200/2098208 {'unbalanced': 1023968, 'untileable6': 16062, 'periodic': 1170} [426s]
  1041400/2098208 {'unbalanced': 1024156, 'untileable6': 16074, 'periodic': 1170} [426s]
  1041600/2098208 {'unbalanced': 1024348, 'untileable6': 16082, 'periodic': 1170} [426s]
  1041800/2098208 {'unbalanced': 1024534, 'untileable6': 16096, 'periodic': 1170} [426s]
  1042000/2098208 {'unbalanced': 1024730, 'untileable6': 16100, 'periodic': 1170} [426s]
  1042200/2098208 {'unbalanced': 1024925, 'untileable6': 16105, 'periodic': 1170} [426s]
  1042400/2098208 {'unbalanced': 1025120, 'untileable6': 16110, 'periodic': 1170} [426s]
  1042600/2098208 {'unbalanced': 1025312, 'untileable6': 16118, 'periodic': 1170} [426s]
  1042800/2098208 {'unbalanced': 1025508, 'untileable6': 16122, 'periodic': 1170} [426s]
  1043000/2098208 {'unbalanced': 1025700, 'untileable6': 16130, 'periodic': 1170} [426s]
  1043200/2098208 {'unbalanced': 1025888, 'untileable6': 16142, 'periodic': 1170} [426s]
  1043400/2098208 {'unbalanced': 1026082, 'untileable6': 16148, 'periodic': 1170} [426s]
  1043600/2098208 {'unbalanced': 1026268, 'untileable6': 16162, 'periodic': 1170} [426s]
  1043800/2098208 {'unbalanced': 1026460, 'untileable6': 16170, 'periodic': 1170} [426s]
  1044000/2098208 {'unbalanced': 1026654, 'untileable6': 16176, 'periodic': 1170} [426s]
  1044200/2098208 {'unbalanced': 1026851, 'untileable6': 16179, 'periodic': 1170} [426s]
  1044400/2098208 {'unbalanced': 1027047, 'untileable6': 16183, 'periodic': 1170} [426s]
  1044600/2098208 {'unbalanced': 1027240, 'untileable6': 16190, 'periodic': 1170} [426s]
  1044800/2098208 {'unbalanced': 1027430, 'untileable6': 16200, 'periodic': 1170} [426s]
  1045000/2098208 {'unbalanced': 1027619, 'untileable6': 16211, 'periodic': 1170} [426s]
  1045200/2098208 {'unbalanced': 1027798, 'untileable6': 16232, 'periodic': 1170} [426s]
  1045400/2098208 {'unbalanced': 1027988, 'untileable6': 16242, 'periodic': 1170} [426s]
  1045600/2098208 {'unbalanced': 1028172, 'untileable6': 16258, 'periodic': 1170} [426s]
  1045800/2098208 {'unbalanced': 1028359, 'untileable6': 16271, 'periodic': 1170} [426s]
  1046000/2098208 {'unbalanced': 1028553, 'untileable6': 16277, 'periodic': 1170} [426s]
  1046200/2098208 {'unbalanced': 1028742, 'untileable6': 16288, 'periodic': 1170} [426s]
  1046400/2098208 {'unbalanced': 1028932, 'untileable6': 16298, 'periodic': 1170} [426s]
  1046600/2098208 {'unbalanced': 1029127, 'untileable6': 16303, 'periodic': 1170} [426s]
  1046800/2098208 {'unbalanced': 1029316, 'untileable6': 16314, 'periodic': 1170} [426s]
  1047000/2098208 {'unbalanced': 1029498, 'untileable6': 16332, 'periodic': 1170} [426s]
  1047200/2098208 {'unbalanced': 1029688, 'untileable6': 16342, 'periodic': 1170} [426s]
  1047400/2098208 {'unbalanced': 1029868, 'untileable6': 16362, 'periodic': 1170} [426s]
  1047600/2098208 {'unbalanced': 1030054, 'untileable6': 16376, 'periodic': 1170} [426s]
  1047800/2098208 {'unbalanced': 1030248, 'untileable6': 16382, 'periodic': 1170} [426s]
  1048000/2098208 {'unbalanced': 1030439, 'untileable6': 16390, 'periodic': 1171} [426s]
  1048200/2098208 {'unbalanced': 1030636, 'untileable6': 16393, 'periodic': 1171} [426s]
  1048400/2098208 {'unbalanced': 1030836, 'untileable6': 16393, 'periodic': 1171} [426s]
  1048600/2098208 {'unbalanced': 1031036, 'untileable6': 16393, 'periodic': 1171} [426s]
  1048800/2098208 {'unbalanced': 1031236, 'untileable6': 16393, 'periodic': 1171} [426s]
  1049000/2098208 {'unbalanced': 1031436, 'untileable6': 16393, 'periodic': 1171} [426s]
  1049200/2098208 {'unbalanced': 1031636, 'untileable6': 16393, 'periodic': 1171} [426s]
  1049400/2098208 {'unbalanced': 1031836, 'untileable6': 16393, 'periodic': 1171} [426s]
  1049600/2098208 {'unbalanced': 1032036, 'untileable6': 16393, 'periodic': 1171} [426s]
  1049800/2098208 {'unbalanced': 1032236, 'untileable6': 16393, 'periodic': 1171} [426s]
  1050000/2098208 {'unbalanced': 1032436, 'untileable6': 16393, 'periodic': 1171} [426s]
  1050200/2098208 {'unbalanced': 1032636, 'untileable6': 16393, 'periodic': 1171} [426s]
  1050400/2098208 {'unbalanced': 1032836, 'untileable6': 16393, 'periodic': 1171} [426s]
  1050600/2098208 {'unbalanced': 1033036, 'untileable6': 16393, 'periodic': 1171} [426s]
  1050800/2098208 {'unbalanced': 1033236, 'untileable6': 16393, 'periodic': 1171} [426s]
  1051000/2098208 {'unbalanced': 1033436, 'untileable6': 16393, 'periodic': 1171} [426s]
  1051200/2098208 {'unbalanced': 1033636, 'untileable6': 16393, 'periodic': 1171} [426s]
  1051400/2098208 {'unbalanced': 1033836, 'untileable6': 16393, 'periodic': 1171} [426s]
  1051600/2098208 {'unbalanced': 1034036, 'untileable6': 16393, 'periodic': 1171} [426s]
  1051800/2098208 {'unbalanced': 1034236, 'untileable6': 16393, 'periodic': 1171} [426s]
  1052000/2098208 {'unbalanced': 1034436, 'untileable6': 16393, 'periodic': 1171} [426s]
  1052200/2098208 {'unbalanced': 1034634, 'untileable6': 16394, 'periodic': 1172} [426s]
  1052400/2098208 {'unbalanced': 1034834, 'untileable6': 16394, 'periodic': 1172} [426s]
  1052600/2098208 {'unbalanced': 1035034, 'untileable6': 16394, 'periodic': 1172} [426s]
  1052800/2098208 {'unbalanced': 1035234, 'untileable6': 16394, 'periodic': 1172} [426s]
  1053000/2098208 {'unbalanced': 1035434, 'untileable6': 16394, 'periodic': 1172} [426s]
  1053200/2098208 {'unbalanced': 1035633, 'untileable6': 16395, 'periodic': 1172} [426s]
  1053400/2098208 {'unbalanced': 1035833, 'untileable6': 16395, 'periodic': 1172} [426s]
  1053600/2098208 {'unbalanced': 1036033, 'untileable6': 16395, 'periodic': 1172} [426s]
  1053800/2098208 {'unbalanced': 1036233, 'untileable6': 16395, 'periodic': 1172} [426s]
  1054000/2098208 {'unbalanced': 1036432, 'untileable6': 16396, 'periodic': 1172} [426s]
  1054200/2098208 {'unbalanced': 1036632, 'untileable6': 16396, 'periodic': 1172} [426s]
  1054400/2098208 {'unbalanced': 1036831, 'untileable6': 16397, 'periodic': 1172} [426s]
  1054600/2098208 {'unbalanced': 1037031, 'untileable6': 16397, 'periodic': 1172} [426s]
  1054800/2098208 {'unbalanced': 1037230, 'untileable6': 16398, 'periodic': 1172} [426s]
  1055000/2098208 {'unbalanced': 1037430, 'untileable6': 16398, 'periodic': 1172} [426s]
  1055200/2098208 {'unbalanced': 1037630, 'untileable6': 16398, 'periodic': 1172} [426s]
  1055400/2098208 {'unbalanced': 1037830, 'untileable6': 16398, 'periodic': 1172} [426s]
  1055600/2098208 {'unbalanced': 1038029, 'untileable6': 16399, 'periodic': 1172} [426s]
  1055800/2098208 {'unbalanced': 1038229, 'untileable6': 16399, 'periodic': 1172} [426s]
  1056000/2098208 {'unbalanced': 1038429, 'untileable6': 16399, 'periodic': 1172} [426s]
  1056200/2098208 {'unbalanced': 1038628, 'untileable6': 16400, 'periodic': 1172} [427s]
  1056400/2098208 {'unbalanced': 1038828, 'untileable6': 16400, 'periodic': 1172} [427s]
  1056600/2098208 {'unbalanced': 1039028, 'untileable6': 16400, 'periodic': 1172} [427s]
  1056800/2098208 {'unbalanced': 1039227, 'untileable6': 16401, 'periodic': 1172} [427s]
  1057000/2098208 {'unbalanced': 1039425, 'untileable6': 16403, 'periodic': 1172} [427s]
  1057200/2098208 {'unbalanced': 1039622, 'untileable6': 16406, 'periodic': 1172} [427s]
  1057400/2098208 {'unbalanced': 1039821, 'untileable6': 16406, 'periodic': 1173} [427s]
  1057600/2098208 {'unbalanced': 1040020, 'untileable6': 16407, 'periodic': 1173} [427s]
  1057800/2098208 {'unbalanced': 1040220, 'untileable6': 16407, 'periodic': 1173} [427s]
  1058000/2098208 {'unbalanced': 1040420, 'untileable6': 16407, 'periodic': 1173} [427s]
  1058200/2098208 {'unbalanced': 1040620, 'untileable6': 16407, 'periodic': 1173} [427s]
  1058400/2098208 {'unbalanced': 1040818, 'untileable6': 16409, 'periodic': 1173} [427s]
  1058600/2098208 {'unbalanced': 1041018, 'untileable6': 16409, 'periodic': 1173} [427s]
  1058800/2098208 {'unbalanced': 1041216, 'untileable6': 16411, 'periodic': 1173} [427s]
  1059000/2098208 {'unbalanced': 1041416, 'untileable6': 16411, 'periodic': 1173} [427s]
  1059200/2098208 {'unbalanced': 1041616, 'untileable6': 16411, 'periodic': 1173} [427s]
  1059400/2098208 {'unbalanced': 1041816, 'untileable6': 16411, 'periodic': 1173} [427s]
  1059600/2098208 {'unbalanced': 1042014, 'untileable6': 16413, 'periodic': 1173} [427s]
  1059800/2098208 {'unbalanced': 1042212, 'untileable6': 16415, 'periodic': 1173} [427s]
  1060000/2098208 {'unbalanced': 1042410, 'untileable6': 16415, 'periodic': 1175} [427s]
  1060200/2098208 {'unbalanced': 1042610, 'untileable6': 16415, 'periodic': 1175} [427s]
  1060400/2098208 {'unbalanced': 1042808, 'untileable6': 16417, 'periodic': 1175} [427s]
  1060600/2098208 {'unbalanced': 1043008, 'untileable6': 16417, 'periodic': 1175} [427s]
  1060800/2098208 {'unbalanced': 1043208, 'untileable6': 16417, 'periodic': 1175} [427s]
  1061000/2098208 {'unbalanced': 1043408, 'untileable6': 16417, 'periodic': 1175} [427s]
  1061200/2098208 {'unbalanced': 1043608, 'untileable6': 16417, 'periodic': 1175} [427s]
  1061400/2098208 {'unbalanced': 1043807, 'untileable6': 16418, 'periodic': 1175} [427s]
  1061600/2098208 {'unbalanced': 1044007, 'untileable6': 16418, 'periodic': 1175} [427s]
  1061800/2098208 {'unbalanced': 1044206, 'untileable6': 16419, 'periodic': 1175} [427s]
  1062000/2098208 {'unbalanced': 1044406, 'untileable6': 16419, 'periodic': 1175} [427s]
  1062200/2098208 {'unbalanced': 1044604, 'untileable6': 16421, 'periodic': 1175} [427s]
  1062400/2098208 {'unbalanced': 1044803, 'untileable6': 16422, 'periodic': 1175} [427s]
  1062600/2098208 {'unbalanced': 1045001, 'untileable6': 16424, 'periodic': 1175} [427s]
  1062800/2098208 {'unbalanced': 1045190, 'untileable6': 16435, 'periodic': 1175} [427s]
  1063000/2098208 {'unbalanced': 1045388, 'untileable6': 16437, 'periodic': 1175} [427s]
  1063200/2098208 {'unbalanced': 1045588, 'untileable6': 16437, 'periodic': 1175} [427s]
  1063400/2098208 {'unbalanced': 1045788, 'untileable6': 16437, 'periodic': 1175} [427s]
  1063600/2098208 {'unbalanced': 1045988, 'untileable6': 16437, 'periodic': 1175} [427s]
  1063800/2098208 {'unbalanced': 1046186, 'untileable6': 16439, 'periodic': 1175} [427s]
  1064000/2098208 {'unbalanced': 1046386, 'untileable6': 16439, 'periodic': 1175} [427s]
  1064200/2098208 {'unbalanced': 1046584, 'untileable6': 16441, 'periodic': 1175} [427s]
  1064400/2098208 {'unbalanced': 1046784, 'untileable6': 16441, 'periodic': 1175} [427s]
  1064600/2098208 {'unbalanced': 1046983, 'untileable6': 16442, 'periodic': 1175} [427s]
  1064800/2098208 {'unbalanced': 1047182, 'untileable6': 16443, 'periodic': 1175} [427s]
  1065000/2098208 {'unbalanced': 1047379, 'untileable6': 16446, 'periodic': 1175} [427s]
  1065200/2098208 {'unbalanced': 1047579, 'untileable6': 16446, 'periodic': 1175} [427s]
  1065400/2098208 {'unbalanced': 1047778, 'untileable6': 16447, 'periodic': 1175} [427s]
  1065600/2098208 {'unbalanced': 1047978, 'untileable6': 16447, 'periodic': 1175} [427s]
  1065800/2098208 {'unbalanced': 1048177, 'untileable6': 16448, 'periodic': 1175} [427s]
  1066000/2098208 {'unbalanced': 1048377, 'untileable6': 16448, 'periodic': 1175} [427s]
  1066200/2098208 {'unbalanced': 1048577, 'untileable6': 16448, 'periodic': 1175} [427s]
  1066400/2098208 {'unbalanced': 1048776, 'untileable6': 16449, 'periodic': 1175} [427s]
  1066600/2098208 {'unbalanced': 1048975, 'untileable6': 16450, 'periodic': 1175} [427s]
  1066800/2098208 {'unbalanced': 1049171, 'untileable6': 16451, 'periodic': 1178} [427s]
  1067000/2098208 {'unbalanced': 1049371, 'untileable6': 16451, 'periodic': 1178} [427s]
  1067200/2098208 {'unbalanced': 1049566, 'untileable6': 16456, 'periodic': 1178} [427s]
  1067400/2098208 {'unbalanced': 1049766, 'untileable6': 16456, 'periodic': 1178} [427s]
  1067600/2098208 {'unbalanced': 1049964, 'untileable6': 16458, 'periodic': 1178} [427s]
  1067800/2098208 {'unbalanced': 1050161, 'untileable6': 16461, 'periodic': 1178} [427s]
  1068000/2098208 {'unbalanced': 1050355, 'untileable6': 16467, 'periodic': 1178} [427s]
  1068200/2098208 {'unbalanced': 1050546, 'untileable6': 16476, 'periodic': 1178} [427s]
  1068400/2098208 {'unbalanced': 1050745, 'untileable6': 16477, 'periodic': 1178} [427s]
  1068600/2098208 {'unbalanced': 1050944, 'untileable6': 16478, 'periodic': 1178} [427s]
  1068800/2098208 {'unbalanced': 1051144, 'untileable6': 16478, 'periodic': 1178} [427s]
  1069000/2098208 {'unbalanced': 1051344, 'untileable6': 16478, 'periodic': 1178} [427s]
  1069200/2098208 {'unbalanced': 1051543, 'untileable6': 16479, 'periodic': 1178} [427s]
  1069400/2098208 {'unbalanced': 1051737, 'untileable6': 16481, 'periodic': 1182} [427s]
  1069600/2098208 {'unbalanced': 1051936, 'untileable6': 16482, 'periodic': 1182} [427s]
  1069800/2098208 {'unbalanced': 1052133, 'untileable6': 16485, 'periodic': 1182} [427s]
  1070000/2098208 {'unbalanced': 1052330, 'untileable6': 16488, 'periodic': 1182} [427s]
  1070200/2098208 {'unbalanced': 1052529, 'untileable6': 16489, 'periodic': 1182} [427s]
  1070400/2098208 {'unbalanced': 1052726, 'untileable6': 16492, 'periodic': 1182} [427s]
  1070600/2098208 {'unbalanced': 1052921, 'untileable6': 16497, 'periodic': 1182} [427s]
  1070800/2098208 {'unbalanced': 1053111, 'untileable6': 16507, 'periodic': 1182} [427s]
  1071000/2098208 {'unbalanced': 1053309, 'untileable6': 16509, 'periodic': 1182} [427s]
  1071200/2098208 {'unbalanced': 1053505, 'untileable6': 16513, 'periodic': 1182} [427s]
  1071400/2098208 {'unbalanced': 1053702, 'untileable6': 16516, 'periodic': 1182} [427s]
  1071600/2098208 {'unbalanced': 1053901, 'untileable6': 16517, 'periodic': 1182} [427s]
  1071800/2098208 {'unbalanced': 1054101, 'untileable6': 16517, 'periodic': 1182} [427s]
  1072000/2098208 {'unbalanced': 1054295, 'untileable6': 16523, 'periodic': 1182} [427s]
  1072200/2098208 {'unbalanced': 1054495, 'untileable6': 16523, 'periodic': 1182} [427s]
  1072400/2098208 {'unbalanced': 1054687, 'untileable6': 16531, 'periodic': 1182} [427s]
  1072600/2098208 {'unbalanced': 1054887, 'untileable6': 16531, 'periodic': 1182} [427s]
  1072800/2098208 {'unbalanced': 1055080, 'untileable6': 16538, 'periodic': 1182} [427s]
  1073000/2098208 {'unbalanced': 1055278, 'untileable6': 16540, 'periodic': 1182} [427s]
  1073200/2098208 {'unbalanced': 1055475, 'untileable6': 16543, 'periodic': 1182} [427s]
  1073400/2098208 {'unbalanced': 1055668, 'untileable6': 16549, 'periodic': 1183} [427s]
  1073600/2098208 {'unbalanced': 1055856, 'untileable6': 16556, 'periodic': 1188} [427s]
  1073800/2098208 {'unbalanced': 1056040, 'untileable6': 16562, 'periodic': 1198} [427s]
  1074000/2098208 {'unbalanced': 1056236, 'untileable6': 16565, 'periodic': 1199} [427s]
  1074200/2098208 {'unbalanced': 1056436, 'untileable6': 16565, 'periodic': 1199} [427s]
  1074400/2098208 {'unbalanced': 1056636, 'untileable6': 16565, 'periodic': 1199} [427s]
  1074600/2098208 {'unbalanced': 1056835, 'untileable6': 16565, 'periodic': 1200} [427s]
  1074800/2098208 {'unbalanced': 1057035, 'untileable6': 16565, 'periodic': 1200} [427s]
  1075000/2098208 {'unbalanced': 1057235, 'untileable6': 16565, 'periodic': 1200} [427s]
  1075200/2098208 {'unbalanced': 1057435, 'untileable6': 16565, 'periodic': 1200} [427s]
  1075400/2098208 {'unbalanced': 1057635, 'untileable6': 16565, 'periodic': 1200} [427s]
  1075600/2098208 {'unbalanced': 1057834, 'untileable6': 16566, 'periodic': 1200} [427s]
  1075800/2098208 {'unbalanced': 1058034, 'untileable6': 16566, 'periodic': 1200} [427s]
  1076000/2098208 {'unbalanced': 1058233, 'untileable6': 16567, 'periodic': 1200} [427s]
  1076200/2098208 {'unbalanced': 1058433, 'untileable6': 16567, 'periodic': 1200} [427s]
  1076400/2098208 {'unbalanced': 1058632, 'untileable6': 16568, 'periodic': 1200} [427s]
  1076600/2098208 {'unbalanced': 1058832, 'untileable6': 16568, 'periodic': 1200} [427s]
  1076800/2098208 {'unbalanced': 1059032, 'untileable6': 16568, 'periodic': 1200} [427s]
  1077000/2098208 {'unbalanced': 1059232, 'untileable6': 16568, 'periodic': 1200} [427s]
  1077200/2098208 {'unbalanced': 1059432, 'untileable6': 16568, 'periodic': 1200} [427s]
  1077400/2098208 {'unbalanced': 1059632, 'untileable6': 16568, 'periodic': 1200} [427s]
  1077600/2098208 {'unbalanced': 1059831, 'untileable6': 16569, 'periodic': 1200} [427s]
  1077800/2098208 {'unbalanced': 1060031, 'untileable6': 16569, 'periodic': 1200} [427s]
  1078000/2098208 {'unbalanced': 1060231, 'untileable6': 16569, 'periodic': 1200} [427s]
  1078200/2098208 {'unbalanced': 1060431, 'untileable6': 16569, 'periodic': 1200} [427s]
  1078400/2098208 {'unbalanced': 1060629, 'untileable6': 16571, 'periodic': 1200} [427s]
  1078600/2098208 {'unbalanced': 1060824, 'untileable6': 16572, 'periodic': 1204} [427s]
  1078800/2098208 {'unbalanced': 1061023, 'untileable6': 16573, 'periodic': 1204} [427s]
  1079000/2098208 {'unbalanced': 1061217, 'untileable6': 16579, 'periodic': 1204} [427s]
  1079200/2098208 {'unbalanced': 1061416, 'untileable6': 16580, 'periodic': 1204} [427s]
  1079400/2098208 {'unbalanced': 1061616, 'untileable6': 16580, 'periodic': 1204} [427s]
  1079600/2098208 {'unbalanced': 1061816, 'untileable6': 16580, 'periodic': 1204} [427s]
  1079800/2098208 {'unbalanced': 1062016, 'untileable6': 16580, 'periodic': 1204} [427s]
  1080000/2098208 {'unbalanced': 1062216, 'untileable6': 16580, 'periodic': 1204} [427s]
  1080200/2098208 {'unbalanced': 1062414, 'untileable6': 16581, 'periodic': 1205} [427s]
  1080400/2098208 {'unbalanced': 1062614, 'untileable6': 16581, 'periodic': 1205} [427s]
  1080600/2098208 {'unbalanced': 1062814, 'untileable6': 16581, 'periodic': 1205} [427s]
  1080800/2098208 {'unbalanced': 1063014, 'untileable6': 16581, 'periodic': 1205} [427s]
  1081000/2098208 {'unbalanced': 1063214, 'untileable6': 16581, 'periodic': 1205} [427s]
  1081200/2098208 {'unbalanced': 1063409, 'untileable6': 16583, 'periodic': 1208} [427s]
  1081400/2098208 {'unbalanced': 1063609, 'untileable6': 16583, 'periodic': 1208} [427s]
  1081600/2098208 {'unbalanced': 1063806, 'untileable6': 16586, 'periodic': 1208} [427s]
  1081800/2098208 {'unbalanced': 1064004, 'untileable6': 16588, 'periodic': 1208} [427s]
  1082000/2098208 {'unbalanced': 1064202, 'untileable6': 16590, 'periodic': 1208} [427s]
  1082200/2098208 {'unbalanced': 1064402, 'untileable6': 16590, 'periodic': 1208} [427s]
  1082400/2098208 {'unbalanced': 1064602, 'untileable6': 16590, 'periodic': 1208} [427s]
  1082600/2098208 {'unbalanced': 1064802, 'untileable6': 16590, 'periodic': 1208} [427s]
  1082800/2098208 {'unbalanced': 1065002, 'untileable6': 16590, 'periodic': 1208} [427s]
  1083000/2098208 {'unbalanced': 1065202, 'untileable6': 16590, 'periodic': 1208} [427s]
  1083200/2098208 {'unbalanced': 1065402, 'untileable6': 16590, 'periodic': 1208} [427s]
  1083400/2098208 {'unbalanced': 1065601, 'untileable6': 16590, 'periodic': 1209} [427s]
  1083600/2098208 {'unbalanced': 1065801, 'untileable6': 16590, 'periodic': 1209} [427s]
  1083800/2098208 {'unbalanced': 1066001, 'untileable6': 16590, 'periodic': 1209} [427s]
  1084000/2098208 {'unbalanced': 1066199, 'untileable6': 16592, 'periodic': 1209} [427s]
  1084200/2098208 {'unbalanced': 1066388, 'untileable6': 16602, 'periodic': 1210} [427s]
  1084400/2098208 {'unbalanced': 1066586, 'untileable6': 16604, 'periodic': 1210} [427s]
  1084600/2098208 {'unbalanced': 1066780, 'untileable6': 16610, 'periodic': 1210} [427s]
  1084800/2098208 {'unbalanced': 1066974, 'untileable6': 16616, 'periodic': 1210} [427s]
  1085000/2098208 {'unbalanced': 1067174, 'untileable6': 16616, 'periodic': 1210} [427s]
  1085200/2098208 {'unbalanced': 1067374, 'untileable6': 16616, 'periodic': 1210} [427s]
  1085400/2098208 {'unbalanced': 1067574, 'untileable6': 16616, 'periodic': 1210} [427s]
  1085600/2098208 {'unbalanced': 1067772, 'untileable6': 16617, 'periodic': 1211} [427s]
  1085800/2098208 {'unbalanced': 1067972, 'untileable6': 16617, 'periodic': 1211} [427s]
  1086000/2098208 {'unbalanced': 1068172, 'untileable6': 16617, 'periodic': 1211} [427s]
  1086200/2098208 {'unbalanced': 1068372, 'untileable6': 16617, 'periodic': 1211} [427s]
  1086400/2098208 {'unbalanced': 1068571, 'untileable6': 16618, 'periodic': 1211} [427s]
  1086600/2098208 {'unbalanced': 1068769, 'untileable6': 16619, 'periodic': 1212} [427s]
  1086800/2098208 {'unbalanced': 1068968, 'untileable6': 16620, 'periodic': 1212} [427s]
  1087000/2098208 {'unbalanced': 1069166, 'untileable6': 16622, 'periodic': 1212} [427s]
  1087200/2098208 {'unbalanced': 1069366, 'untileable6': 16622, 'periodic': 1212} [427s]
  1087400/2098208 {'unbalanced': 1069565, 'untileable6': 16622, 'periodic': 1213} [427s]
  1087600/2098208 {'unbalanced': 1069765, 'untileable6': 16622, 'periodic': 1213} [427s]
  1087800/2098208 {'unbalanced': 1069965, 'untileable6': 16622, 'periodic': 1213} [427s]
  1088000/2098208 {'unbalanced': 1070163, 'untileable6': 16622, 'periodic': 1215} [427s]
  1088200/2098208 {'unbalanced': 1070363, 'untileable6': 16622, 'periodic': 1215} [427s]
  1088400/2098208 {'unbalanced': 1070561, 'untileable6': 16624, 'periodic': 1215} [427s]
  1088600/2098208 {'unbalanced': 1070759, 'untileable6': 16626, 'periodic': 1215} [427s]
  1088800/2098208 {'unbalanced': 1070956, 'untileable6': 16628, 'periodic': 1216} [427s]
  1089000/2098208 {'unbalanced': 1071156, 'untileable6': 16628, 'periodic': 1216} [427s]
  1089200/2098208 {'unbalanced': 1071356, 'untileable6': 16628, 'periodic': 1216} [427s]
  1089400/2098208 {'unbalanced': 1071550, 'untileable6': 16634, 'periodic': 1216} [427s]
  1089600/2098208 {'unbalanced': 1071742, 'untileable6': 16642, 'periodic': 1216} [427s]
  1089800/2098208 {'unbalanced': 1071938, 'untileable6': 16645, 'periodic': 1217} [427s]
  1090000/2098208 {'unbalanced': 1072133, 'untileable6': 16650, 'periodic': 1217} [427s]
  1090200/2098208 {'unbalanced': 1072328, 'untileable6': 16655, 'periodic': 1217} [427s]
  1090400/2098208 {'unbalanced': 1072527, 'untileable6': 16656, 'periodic': 1217} [427s]
  1090600/2098208 {'unbalanced': 1072726, 'untileable6': 16656, 'periodic': 1218} [428s]
  1090800/2098208 {'unbalanced': 1072926, 'untileable6': 16656, 'periodic': 1218} [428s]
  1091000/2098208 {'unbalanced': 1073125, 'untileable6': 16657, 'periodic': 1218} [428s]
  1091200/2098208 {'unbalanced': 1073323, 'untileable6': 16659, 'periodic': 1218} [428s]
  1091400/2098208 {'unbalanced': 1073518, 'untileable6': 16663, 'periodic': 1219} [428s]
  1091600/2098208 {'unbalanced': 1073718, 'untileable6': 16663, 'periodic': 1219} [428s]
  1091800/2098208 {'unbalanced': 1073918, 'untileable6': 16663, 'periodic': 1219} [428s]
  1092000/2098208 {'unbalanced': 1074116, 'untileable6': 16665, 'periodic': 1219} [428s]
  1092200/2098208 {'unbalanced': 1074309, 'untileable6': 16672, 'periodic': 1219} [428s]
  1092400/2098208 {'unbalanced': 1074502, 'untileable6': 16678, 'periodic': 1220} [428s]
  1092600/2098208 {'unbalanced': 1074697, 'untileable6': 16683, 'periodic': 1220} [428s]
  1092800/2098208 {'unbalanced': 1074892, 'untileable6': 16688, 'periodic': 1220} [428s]
  1093000/2098208 {'unbalanced': 1075088, 'untileable6': 16691, 'periodic': 1221} [428s]
  1093200/2098208 {'unbalanced': 1075288, 'untileable6': 16691, 'periodic': 1221} [428s]
  1093400/2098208 {'unbalanced': 1075488, 'untileable6': 16691, 'periodic': 1221} [428s]
  1093600/2098208 {'unbalanced': 1075681, 'untileable6': 16697, 'periodic': 1222} [428s]
  1093800/2098208 {'unbalanced': 1075880, 'untileable6': 16698, 'periodic': 1222} [428s]
  1094000/2098208 {'unbalanced': 1076075, 'untileable6': 16703, 'periodic': 1222} [428s]
  1094200/2098208 {'unbalanced': 1076274, 'untileable6': 16704, 'periodic': 1222} [428s]
  1094400/2098208 {'unbalanced': 1076468, 'untileable6': 16709, 'periodic': 1223} [428s]
  1094600/2098208 {'unbalanced': 1076668, 'untileable6': 16709, 'periodic': 1223} [428s]
  1094800/2098208 {'unbalanced': 1076865, 'untileable6': 16712, 'periodic': 1223} [428s]
  1095000/2098208 {'unbalanced': 1077050, 'untileable6': 16727, 'periodic': 1223} [428s]
  1095200/2098208 {'unbalanced': 1077230, 'untileable6': 16747, 'periodic': 1223} [428s]
  1095400/2098208 {'unbalanced': 1077421, 'untileable6': 16755, 'periodic': 1224} [428s]
  1095600/2098208 {'unbalanced': 1077613, 'untileable6': 16763, 'periodic': 1224} [428s]
  1095800/2098208 {'unbalanced': 1077805, 'untileable6': 16770, 'periodic': 1225} [428s]
  1096000/2098208 {'unbalanced': 1078005, 'untileable6': 16770, 'periodic': 1225} [428s]
  1096200/2098208 {'unbalanced': 1078205, 'untileable6': 16770, 'periodic': 1225} [428s]
  1096400/2098208 {'unbalanced': 1078405, 'untileable6': 16770, 'periodic': 1225} [428s]
  1096600/2098208 {'unbalanced': 1078605, 'untileable6': 16770, 'periodic': 1225} [428s]
  1096800/2098208 {'unbalanced': 1078804, 'untileable6': 16771, 'periodic': 1225} [428s]
  1097000/2098208 {'unbalanced': 1079004, 'untileable6': 16771, 'periodic': 1225} [428s]
  1097200/2098208 {'unbalanced': 1079204, 'untileable6': 16771, 'periodic': 1225} [428s]
  1097400/2098208 {'unbalanced': 1079403, 'untileable6': 16772, 'periodic': 1225} [428s]
  1097600/2098208 {'unbalanced': 1079603, 'untileable6': 16772, 'periodic': 1225} [428s]
  1097800/2098208 {'unbalanced': 1079802, 'untileable6': 16773, 'periodic': 1225} [428s]
  1098000/2098208 {'unbalanced': 1080001, 'untileable6': 16774, 'periodic': 1225} [428s]
  1098200/2098208 {'unbalanced': 1080198, 'untileable6': 16777, 'periodic': 1225} [428s]
  1098400/2098208 {'unbalanced': 1080398, 'untileable6': 16777, 'periodic': 1225} [428s]
  1098600/2098208 {'unbalanced': 1080598, 'untileable6': 16777, 'periodic': 1225} [428s]
  1098800/2098208 {'unbalanced': 1080798, 'untileable6': 16777, 'periodic': 1225} [428s]
  1099000/2098208 {'unbalanced': 1080998, 'untileable6': 16777, 'periodic': 1225} [428s]
  1099200/2098208 {'unbalanced': 1081198, 'untileable6': 16777, 'periodic': 1225} [428s]
  1099400/2098208 {'unbalanced': 1081396, 'untileable6': 16779, 'periodic': 1225} [428s]
  1099600/2098208 {'unbalanced': 1081594, 'untileable6': 16781, 'periodic': 1225} [428s]
  1099800/2098208 {'unbalanced': 1081794, 'untileable6': 16781, 'periodic': 1225} [428s]
  1100000/2098208 {'unbalanced': 1081994, 'untileable6': 16781, 'periodic': 1225} [428s]
  1100200/2098208 {'unbalanced': 1082190, 'untileable6': 16785, 'periodic': 1225} [428s]
  1100400/2098208 {'unbalanced': 1082390, 'untileable6': 16785, 'periodic': 1225} [428s]
  1100600/2098208 {'unbalanced': 1082588, 'untileable6': 16786, 'periodic': 1226} [428s]
  1100800/2098208 {'unbalanced': 1082785, 'untileable6': 16789, 'periodic': 1226} [428s]
  1101000/2098208 {'unbalanced': 1082985, 'untileable6': 16789, 'periodic': 1226} [428s]
  1101200/2098208 {'unbalanced': 1083185, 'untileable6': 16789, 'periodic': 1226} [428s]
  1101400/2098208 {'unbalanced': 1083385, 'untileable6': 16789, 'periodic': 1226} [428s]
  1101600/2098208 {'unbalanced': 1083584, 'untileable6': 16790, 'periodic': 1226} [428s]
  1101800/2098208 {'unbalanced': 1083781, 'untileable6': 16793, 'periodic': 1226} [428s]
  1102000/2098208 {'unbalanced': 1083981, 'untileable6': 16793, 'periodic': 1226} [428s]
  1102200/2098208 {'unbalanced': 1084181, 'untileable6': 16793, 'periodic': 1226} [428s]
  1102400/2098208 {'unbalanced': 1084380, 'untileable6': 16794, 'periodic': 1226} [428s]
  1102600/2098208 {'unbalanced': 1084577, 'untileable6': 16797, 'periodic': 1226} [428s]
  1102800/2098208 {'unbalanced': 1084775, 'untileable6': 16799, 'periodic': 1226} [428s]
  1103000/2098208 {'unbalanced': 1084973, 'untileable6': 16799, 'periodic': 1228} [428s]
  1103200/2098208 {'unbalanced': 1085167, 'untileable6': 16805, 'periodic': 1228} [428s]
  1103400/2098208 {'unbalanced': 1085367, 'untileable6': 16805, 'periodic': 1228} [428s]
  1103600/2098208 {'unbalanced': 1085567, 'untileable6': 16805, 'periodic': 1228} [428s]
  1103800/2098208 {'unbalanced': 1085766, 'untileable6': 16806, 'periodic': 1228} [428s]
  1104000/2098208 {'unbalanced': 1085966, 'untileable6': 16806, 'periodic': 1228} [428s]
  1104200/2098208 {'unbalanced': 1086165, 'untileable6': 16807, 'periodic': 1228} [428s]
  1104400/2098208 {'unbalanced': 1086364, 'untileable6': 16808, 'periodic': 1228} [428s]
  1104600/2098208 {'unbalanced': 1086558, 'untileable6': 16814, 'periodic': 1228} [428s]
  1104800/2098208 {'unbalanced': 1086758, 'untileable6': 16814, 'periodic': 1228} [428s]
  1105000/2098208 {'unbalanced': 1086958, 'untileable6': 16814, 'periodic': 1228} [428s]
  1105200/2098208 {'unbalanced': 1087156, 'untileable6': 16816, 'periodic': 1228} [428s]
  1105400/2098208 {'unbalanced': 1087350, 'untileable6': 16822, 'periodic': 1228} [428s]
  1105600/2098208 {'unbalanced': 1087545, 'untileable6': 16827, 'periodic': 1228} [428s]
  1105800/2098208 {'unbalanced': 1087745, 'untileable6': 16827, 'periodic': 1228} [428s]
  1106000/2098208 {'unbalanced': 1087945, 'untileable6': 16827, 'periodic': 1228} [428s]
  1106200/2098208 {'unbalanced': 1088144, 'untileable6': 16828, 'periodic': 1228} [428s]
  1106400/2098208 {'unbalanced': 1088343, 'untileable6': 16829, 'periodic': 1228} [428s]
  1106600/2098208 {'unbalanced': 1088540, 'untileable6': 16832, 'periodic': 1228} [428s]
  1106800/2098208 {'unbalanced': 1088740, 'untileable6': 16832, 'periodic': 1228} [428s]
  1107000/2098208 {'unbalanced': 1088940, 'untileable6': 16832, 'periodic': 1228} [428s]
  1107200/2098208 {'unbalanced': 1089139, 'untileable6': 16833, 'periodic': 1228} [428s]
  1107400/2098208 {'unbalanced': 1089338, 'untileable6': 16834, 'periodic': 1228} [428s]
  1107600/2098208 {'unbalanced': 1089538, 'untileable6': 16834, 'periodic': 1228} [428s]
  1107800/2098208 {'unbalanced': 1089737, 'untileable6': 16835, 'periodic': 1228} [428s]
  1108000/2098208 {'unbalanced': 1089934, 'untileable6': 16838, 'periodic': 1228} [428s]
  1108200/2098208 {'unbalanced': 1090134, 'untileable6': 16838, 'periodic': 1228} [428s]
  1108400/2098208 {'unbalanced': 1090334, 'untileable6': 16838, 'periodic': 1228} [428s]
  1108600/2098208 {'unbalanced': 1090533, 'untileable6': 16839, 'periodic': 1228} [428s]
  1108800/2098208 {'unbalanced': 1090733, 'untileable6': 16839, 'periodic': 1228} [428s]
  1109000/2098208 {'unbalanced': 1090929, 'untileable6': 16843, 'periodic': 1228} [428s]
  1109200/2098208 {'unbalanced': 1091125, 'untileable6': 16845, 'periodic': 1230} [428s]
  1109400/2098208 {'unbalanced': 1091315, 'untileable6': 16855, 'periodic': 1230} [428s]
  1109600/2098208 {'unbalanced': 1091515, 'untileable6': 16855, 'periodic': 1230} [428s]
  1109800/2098208 {'unbalanced': 1091715, 'untileable6': 16855, 'periodic': 1230} [428s]
  1110000/2098208 {'unbalanced': 1091911, 'untileable6': 16859, 'periodic': 1230} [428s]
  1110200/2098208 {'unbalanced': 1092107, 'untileable6': 16863, 'periodic': 1230} [428s]
  1110400/2098208 {'unbalanced': 1092305, 'untileable6': 16865, 'periodic': 1230} [428s]
  1110600/2098208 {'unbalanced': 1092503, 'untileable6': 16867, 'periodic': 1230} [428s]
  1110800/2098208 {'unbalanced': 1092703, 'untileable6': 16867, 'periodic': 1230} [428s]
  1111000/2098208 {'unbalanced': 1092903, 'untileable6': 16867, 'periodic': 1230} [428s]
  1111200/2098208 {'unbalanced': 1093101, 'untileable6': 16869, 'periodic': 1230} [428s]
  1111400/2098208 {'unbalanced': 1093297, 'untileable6': 16873, 'periodic': 1230} [428s]
  1111600/2098208 {'unbalanced': 1093491, 'untileable6': 16877, 'periodic': 1232} [428s]
  1111800/2098208 {'unbalanced': 1093685, 'untileable6': 16883, 'periodic': 1232} [428s]
  1112000/2098208 {'unbalanced': 1093885, 'untileable6': 16883, 'periodic': 1232} [428s]
  1112200/2098208 {'unbalanced': 1094083, 'untileable6': 16885, 'periodic': 1232} [428s]
  1112400/2098208 {'unbalanced': 1094279, 'untileable6': 16889, 'periodic': 1232} [428s]
  1112600/2098208 {'unbalanced': 1094476, 'untileable6': 16892, 'periodic': 1232} [428s]
  1112800/2098208 {'unbalanced': 1094674, 'untileable6': 16894, 'periodic': 1232} [428s]
  1113000/2098208 {'unbalanced': 1094866, 'untileable6': 16902, 'periodic': 1232} [428s]
  1113200/2098208 {'unbalanced': 1095066, 'untileable6': 16902, 'periodic': 1232} [428s]
  1113400/2098208 {'unbalanced': 1095266, 'untileable6': 16902, 'periodic': 1232} [428s]
  1113600/2098208 {'unbalanced': 1095463, 'untileable6': 16905, 'periodic': 1232} [428s]
  1113800/2098208 {'unbalanced': 1095659, 'untileable6': 16909, 'periodic': 1232} [428s]
  1114000/2098208 {'unbalanced': 1095855, 'untileable6': 16913, 'periodic': 1232} [428s]
  1114200/2098208 {'unbalanced': 1096048, 'untileable6': 16920, 'periodic': 1232} [428s]
  1114400/2098208 {'unbalanced': 1096233, 'untileable6': 16935, 'periodic': 1232} [428s]
  1114600/2098208 {'unbalanced': 1096427, 'untileable6': 16941, 'periodic': 1232} [428s]
  1114800/2098208 {'unbalanced': 1096627, 'untileable6': 16941, 'periodic': 1232} [428s]
  1115000/2098208 {'unbalanced': 1096822, 'untileable6': 16946, 'periodic': 1232} [428s]
  1115200/2098208 {'unbalanced': 1097011, 'untileable6': 16957, 'periodic': 1232} [428s]
  1115400/2098208 {'unbalanced': 1097205, 'untileable6': 16963, 'periodic': 1232} [428s]
  1115600/2098208 {'unbalanced': 1097405, 'untileable6': 16963, 'periodic': 1232} [428s]
  1115800/2098208 {'unbalanced': 1097605, 'untileable6': 16963, 'periodic': 1232} [428s]
  1116000/2098208 {'unbalanced': 1097804, 'untileable6': 16964, 'periodic': 1232} [428s]
  1116200/2098208 {'unbalanced': 1098004, 'untileable6': 16964, 'periodic': 1232} [428s]
  1116400/2098208 {'unbalanced': 1098203, 'untileable6': 16965, 'periodic': 1232} [428s]
  1116600/2098208 {'unbalanced': 1098403, 'untileable6': 16965, 'periodic': 1232} [428s]
  1116800/2098208 {'unbalanced': 1098602, 'untileable6': 16966, 'periodic': 1232} [428s]
  1117000/2098208 {'unbalanced': 1098801, 'untileable6': 16967, 'periodic': 1232} [428s]
  1117200/2098208 {'unbalanced': 1098998, 'untileable6': 16970, 'periodic': 1232} [428s]
  1117400/2098208 {'unbalanced': 1099198, 'untileable6': 16970, 'periodic': 1232} [428s]
  1117600/2098208 {'unbalanced': 1099396, 'untileable6': 16972, 'periodic': 1232} [428s]
  1117800/2098208 {'unbalanced': 1099593, 'untileable6': 16975, 'periodic': 1232} [429s]
  1118000/2098208 {'unbalanced': 1099793, 'untileable6': 16975, 'periodic': 1232} [429s]
  1118200/2098208 {'unbalanced': 1099993, 'untileable6': 16975, 'periodic': 1232} [429s]
  1118400/2098208 {'unbalanced': 1100192, 'untileable6': 16976, 'periodic': 1232} [429s]
  1118600/2098208 {'unbalanced': 1100391, 'untileable6': 16977, 'periodic': 1232} [429s]
  1118800/2098208 {'unbalanced': 1100588, 'untileable6': 16980, 'periodic': 1232} [429s]
  1119000/2098208 {'unbalanced': 1100787, 'untileable6': 16981, 'periodic': 1232} [429s]
  1119200/2098208 {'unbalanced': 1100984, 'untileable6': 16984, 'periodic': 1232} [429s]
  1119400/2098208 {'unbalanced': 1101183, 'untileable6': 16985, 'periodic': 1232} [429s]
  1119600/2098208 {'unbalanced': 1101379, 'untileable6': 16989, 'periodic': 1232} [429s]
  1119800/2098208 {'unbalanced': 1101574, 'untileable6': 16992, 'periodic': 1234} [429s]
  1120000/2098208 {'unbalanced': 1101766, 'untileable6': 17000, 'periodic': 1234} [429s]
  1120200/2098208 {'unbalanced': 1101963, 'untileable6': 17003, 'periodic': 1234} [429s]
  1120400/2098208 {'unbalanced': 1102161, 'untileable6': 17005, 'periodic': 1234} [429s]
  1120600/2098208 {'unbalanced': 1102361, 'untileable6': 17005, 'periodic': 1234} [429s]
  1120800/2098208 {'unbalanced': 1102561, 'untileable6': 17005, 'periodic': 1234} [429s]
  1121000/2098208 {'unbalanced': 1102757, 'untileable6': 17009, 'periodic': 1234} [429s]
  1121200/2098208 {'unbalanced': 1102957, 'untileable6': 17009, 'periodic': 1234} [429s]
  1121400/2098208 {'unbalanced': 1103153, 'untileable6': 17013, 'periodic': 1234} [429s]
  1121600/2098208 {'unbalanced': 1103353, 'untileable6': 17013, 'periodic': 1234} [429s]
  1121800/2098208 {'unbalanced': 1103549, 'untileable6': 17017, 'periodic': 1234} [429s]
  1122000/2098208 {'unbalanced': 1103745, 'untileable6': 17019, 'periodic': 1236} [429s]
  1122200/2098208 {'unbalanced': 1103935, 'untileable6': 17029, 'periodic': 1236} [429s]
  1122400/2098208 {'unbalanced': 1104134, 'untileable6': 17030, 'periodic': 1236} [429s]
  1122600/2098208 {'unbalanced': 1104329, 'untileable6': 17035, 'periodic': 1236} [429s]
  1122800/2098208 {'unbalanced': 1104523, 'untileable6': 17041, 'periodic': 1236} [429s]
  1123000/2098208 {'unbalanced': 1104723, 'untileable6': 17041, 'periodic': 1236} [429s]
  1123200/2098208 {'unbalanced': 1104922, 'untileable6': 17042, 'periodic': 1236} [429s]
  1123400/2098208 {'unbalanced': 1105117, 'untileable6': 17047, 'periodic': 1236} [429s]
  1123600/2098208 {'unbalanced': 1105316, 'untileable6': 17048, 'periodic': 1236} [429s]
  1123800/2098208 {'unbalanced': 1105510, 'untileable6': 17054, 'periodic': 1236} [429s]
  1124000/2098208 {'unbalanced': 1105709, 'untileable6': 17055, 'periodic': 1236} [429s]
  1124200/2098208 {'unbalanced': 1105904, 'untileable6': 17060, 'periodic': 1236} [429s]
  1124400/2098208 {'unbalanced': 1106101, 'untileable6': 17063, 'periodic': 1236} [429s]
  1124600/2098208 {'unbalanced': 1106295, 'untileable6': 17069, 'periodic': 1236} [429s]
  1124800/2098208 {'unbalanced': 1106488, 'untileable6': 17076, 'periodic': 1236} [429s]
  1125000/2098208 {'unbalanced': 1106673, 'untileable6': 17082, 'periodic': 1245} [429s]
  1125200/2098208 {'unbalanced': 1106866, 'untileable6': 17086, 'periodic': 1248} [429s]
  1125400/2098208 {'unbalanced': 1107064, 'untileable6': 17088, 'periodic': 1248} [429s]
  1125600/2098208 {'unbalanced': 1107264, 'untileable6': 17088, 'periodic': 1248} [429s]
  1125800/2098208 {'unbalanced': 1107462, 'untileable6': 17090, 'periodic': 1248} [429s]
  1126000/2098208 {'unbalanced': 1107660, 'untileable6': 17091, 'periodic': 1249} [429s]
  1126200/2098208 {'unbalanced': 1107858, 'untileable6': 17093, 'periodic': 1249} [429s]
  1126400/2098208 {'unbalanced': 1108057, 'untileable6': 17094, 'periodic': 1249} [429s]
  1126600/2098208 {'unbalanced': 1108256, 'untileable6': 17095, 'periodic': 1249} [429s]
  1126800/2098208 {'unbalanced': 1108454, 'untileable6': 17096, 'periodic': 1250} [429s]
  1127000/2098208 {'unbalanced': 1108652, 'untileable6': 17098, 'periodic': 1250} [429s]
  1127200/2098208 {'unbalanced': 1108852, 'untileable6': 17098, 'periodic': 1250} [429s]
  1127400/2098208 {'unbalanced': 1109051, 'untileable6': 17099, 'periodic': 1250} [429s]
  1127600/2098208 {'unbalanced': 1109250, 'untileable6': 17099, 'periodic': 1251} [429s]
  1127800/2098208 {'unbalanced': 1109449, 'untileable6': 17100, 'periodic': 1251} [429s]
  1128000/2098208 {'unbalanced': 1109648, 'untileable6': 17101, 'periodic': 1251} [429s]
  1128200/2098208 {'unbalanced': 1109847, 'untileable6': 17101, 'periodic': 1252} [429s]
  1128400/2098208 {'unbalanced': 1110039, 'untileable6': 17109, 'periodic': 1252} [429s]
  1128600/2098208 {'unbalanced': 1110233, 'untileable6': 17115, 'periodic': 1252} [429s]
  1128800/2098208 {'unbalanced': 1110425, 'untileable6': 17123, 'periodic': 1252} [429s]
  1129000/2098208 {'unbalanced': 1110621, 'untileable6': 17126, 'periodic': 1253} [429s]
  1129200/2098208 {'unbalanced': 1110815, 'untileable6': 17132, 'periodic': 1253} [429s]
  1129400/2098208 {'unbalanced': 1111011, 'untileable6': 17136, 'periodic': 1253} [429s]
  1129600/2098208 {'unbalanced': 1111205, 'untileable6': 17142, 'periodic': 1253} [429s]
  1129800/2098208 {'unbalanced': 1111397, 'untileable6': 17149, 'periodic': 1254} [429s]
  1130000/2098208 {'unbalanced': 1111592, 'untileable6': 17154, 'periodic': 1254} [429s]
  1130200/2098208 {'unbalanced': 1111790, 'untileable6': 17156, 'periodic': 1254} [429s]
  1130400/2098208 {'unbalanced': 1111990, 'untileable6': 17156, 'periodic': 1254} [429s]
  1130600/2098208 {'unbalanced': 1112187, 'untileable6': 17159, 'periodic': 1254} [429s]
  1130800/2098208 {'unbalanced': 1112383, 'untileable6': 17163, 'periodic': 1254} [429s]
  1131000/2098208 {'unbalanced': 1112573, 'untileable6': 17173, 'periodic': 1254} [429s]
  1131200/2098208 {'unbalanced': 1112769, 'untileable6': 17176, 'periodic': 1255} [429s]
  1131400/2098208 {'unbalanced': 1112963, 'untileable6': 17182, 'periodic': 1255} [429s]
  1131600/2098208 {'unbalanced': 1113159, 'untileable6': 17186, 'periodic': 1255} [429s]
  1131800/2098208 {'unbalanced': 1113355, 'untileable6': 17190, 'periodic': 1255} [429s]
  1132000/2098208 {'unbalanced': 1113545, 'untileable6': 17199, 'periodic': 1256} [429s]
  1132200/2098208 {'unbalanced': 1113739, 'untileable6': 17205, 'periodic': 1256} [429s]
  1132400/2098208 {'unbalanced': 1113933, 'untileable6': 17211, 'periodic': 1256} [429s]
  1132600/2098208 {'unbalanced': 1114130, 'untileable6': 17213, 'periodic': 1257} [429s]
  1132800/2098208 {'unbalanced': 1114327, 'untileable6': 17216, 'periodic': 1257} [429s]
  1133000/2098208 {'unbalanced': 1114521, 'untileable6': 17222, 'periodic': 1257} [429s]
  1133200/2098208 {'unbalanced': 1114713, 'untileable6': 17229, 'periodic': 1258} [429s]
  1133400/2098208 {'unbalanced': 1114897, 'untileable6': 17245, 'periodic': 1258} [429s]
  1133600/2098208 {'unbalanced': 1115085, 'untileable6': 17257, 'periodic': 1258} [429s]
  1133800/2098208 {'unbalanced': 1115265, 'untileable6': 17277, 'periodic': 1258} [429s]
  1134000/2098208 {'unbalanced': 1115458, 'untileable6': 17283, 'periodic': 1259} [429s]
  1134200/2098208 {'unbalanced': 1115648, 'untileable6': 17293, 'periodic': 1259} [429s]
  1134400/2098208 {'unbalanced': 1115837, 'untileable6': 17304, 'periodic': 1259} [429s]
  1134600/2098208 {'unbalanced': 1116030, 'untileable6': 17311, 'periodic': 1259} [429s]
  1134800/2098208 {'unbalanced': 1116211, 'untileable6': 17329, 'periodic': 1260} [429s]
  1135000/2098208 {'unbalanced': 1116401, 'untileable6': 17339, 'periodic': 1260} [430s]
  1135200/2098208 {'unbalanced': 1116599, 'untileable6': 17340, 'periodic': 1261} [430s]
  1135400/2098208 {'unbalanced': 1116799, 'untileable6': 17340, 'periodic': 1261} [430s]
  1135600/2098208 {'unbalanced': 1116999, 'untileable6': 17340, 'periodic': 1261} [430s]
  1135800/2098208 {'unbalanced': 1117198, 'untileable6': 17341, 'periodic': 1261} [430s]
  1136000/2098208 {'unbalanced': 1117398, 'untileable6': 17341, 'periodic': 1261} [430s]
  1136200/2098208 {'unbalanced': 1117598, 'untileable6': 17341, 'periodic': 1261} [430s]
  1136400/2098208 {'unbalanced': 1117798, 'untileable6': 17341, 'periodic': 1261} [430s]
  1136600/2098208 {'unbalanced': 1117996, 'untileable6': 17343, 'periodic': 1261} [430s]
  1136800/2098208 {'unbalanced': 1118196, 'untileable6': 17343, 'periodic': 1261} [430s]
  1137000/2098208 {'unbalanced': 1118394, 'untileable6': 17345, 'periodic': 1261} [430s]
  1137200/2098208 {'unbalanced': 1118593, 'untileable6': 17346, 'periodic': 1261} [430s]
  1137400/2098208 {'unbalanced': 1118791, 'untileable6': 17348, 'periodic': 1261} [430s]
  1137600/2098208 {'unbalanced': 1118991, 'untileable6': 17348, 'periodic': 1261} [430s]
  1137800/2098208 {'unbalanced': 1119190, 'untileable6': 17349, 'periodic': 1261} [430s]
  1138000/2098208 {'unbalanced': 1119390, 'untileable6': 17349, 'periodic': 1261} [430s]
  1138200/2098208 {'unbalanced': 1119588, 'untileable6': 17351, 'periodic': 1261} [430s]
  1138400/2098208 {'unbalanced': 1119787, 'untileable6': 17352, 'periodic': 1261} [430s]
  1138600/2098208 {'unbalanced': 1119984, 'untileable6': 17355, 'periodic': 1261} [430s]
  1138800/2098208 {'unbalanced': 1120184, 'untileable6': 17355, 'periodic': 1261} [430s]
  1139000/2098208 {'unbalanced': 1120382, 'untileable6': 17357, 'periodic': 1261} [430s]
  1139200/2098208 {'unbalanced': 1120574, 'untileable6': 17365, 'periodic': 1261} [430s]
  1139400/2098208 {'unbalanced': 1120770, 'untileable6': 17369, 'periodic': 1261} [430s]
  1139600/2098208 {'unbalanced': 1120966, 'untileable6': 17373, 'periodic': 1261} [430s]
  1139800/2098208 {'unbalanced': 1121164, 'untileable6': 17375, 'periodic': 1261} [430s]
  1140000/2098208 {'unbalanced': 1121364, 'untileable6': 17375, 'periodic': 1261} [430s]
  1140200/2098208 {'unbalanced': 1121564, 'untileable6': 17375, 'periodic': 1261} [430s]
  1140400/2098208 {'unbalanced': 1121762, 'untileable6': 17377, 'periodic': 1261} [430s]
  1140600/2098208 {'unbalanced': 1121960, 'untileable6': 17379, 'periodic': 1261} [430s]
  1140800/2098208 {'unbalanced': 1122158, 'untileable6': 17381, 'periodic': 1261} [430s]
  1141000/2098208 {'unbalanced': 1122358, 'untileable6': 17381, 'periodic': 1261} [430s]
  1141200/2098208 {'unbalanced': 1122556, 'untileable6': 17383, 'periodic': 1261} [430s]
  1141400/2098208 {'unbalanced': 1122744, 'untileable6': 17395, 'periodic': 1261} [430s]
  1141600/2098208 {'unbalanced': 1122943, 'untileable6': 17395, 'periodic': 1262} [430s]
  1141800/2098208 {'unbalanced': 1123137, 'untileable6': 17401, 'periodic': 1262} [430s]
  1142000/2098208 {'unbalanced': 1123331, 'untileable6': 17407, 'periodic': 1262} [430s]
  1142200/2098208 {'unbalanced': 1123531, 'untileable6': 17407, 'periodic': 1262} [430s]
  1142400/2098208 {'unbalanced': 1123730, 'untileable6': 17408, 'periodic': 1262} [430s]
  1142600/2098208 {'unbalanced': 1123925, 'untileable6': 17413, 'periodic': 1262} [430s]
  1142800/2098208 {'unbalanced': 1124124, 'untileable6': 17414, 'periodic': 1262} [430s]
  1143000/2098208 {'unbalanced': 1124319, 'untileable6': 17419, 'periodic': 1262} [430s]
  1143200/2098208 {'unbalanced': 1124518, 'untileable6': 17420, 'periodic': 1262} [430s]
  1143400/2098208 {'unbalanced': 1124712, 'untileable6': 17426, 'periodic': 1262} [430s]
  1143600/2098208 {'unbalanced': 1124911, 'untileable6': 17427, 'periodic': 1262} [430s]
  1143800/2098208 {'unbalanced': 1125105, 'untileable6': 17433, 'periodic': 1262} [430s]
  1144000/2098208 {'unbalanced': 1125293, 'untileable6': 17441, 'periodic': 1266} [430s]
  1144200/2098208 {'unbalanced': 1125481, 'untileable6': 17445, 'periodic': 1274} [430s]
  1144400/2098208 {'unbalanced': 1125674, 'untileable6': 17452, 'periodic': 1274} [430s]
  1144600/2098208 {'unbalanced': 1125874, 'untileable6': 17452, 'periodic': 1274} [430s]
  1144800/2098208 {'unbalanced': 1126074, 'untileable6': 17452, 'periodic': 1274} [430s]
  1145000/2098208 {'unbalanced': 1126272, 'untileable6': 17454, 'periodic': 1274} [430s]
  1145200/2098208 {'unbalanced': 1126470, 'untileable6': 17456, 'periodic': 1274} [430s]
  1145400/2098208 {'unbalanced': 1126669, 'untileable6': 17457, 'periodic': 1274} [430s]
  1145600/2098208 {'unbalanced': 1126868, 'untileable6': 17458, 'periodic': 1274} [430s]
  1145800/2098208 {'unbalanced': 1127066, 'untileable6': 17460, 'periodic': 1274} [430s]
  1146000/2098208 {'unbalanced': 1127264, 'untileable6': 17462, 'periodic': 1274} [430s]
  1146200/2098208 {'unbalanced': 1127464, 'untileable6': 17462, 'periodic': 1274} [430s]
  1146400/2098208 {'unbalanced': 1127662, 'untileable6': 17464, 'periodic': 1274} [430s]
  1146600/2098208 {'unbalanced': 1127860, 'untileable6': 17466, 'periodic': 1274} [430s]
  1146800/2098208 {'unbalanced': 1128060, 'untileable6': 17466, 'periodic': 1274} [430s]
  1147000/2098208 {'unbalanced': 1128259, 'untileable6': 17467, 'periodic': 1274} [430s]
  1147200/2098208 {'unbalanced': 1128453, 'untileable6': 17473, 'periodic': 1274} [430s]
  1147400/2098208 {'unbalanced': 1128651, 'untileable6': 17473, 'periodic': 1276} [430s]
  1147600/2098208 {'unbalanced': 1128841, 'untileable6': 17483, 'periodic': 1276} [430s]
  1147800/2098208 {'unbalanced': 1129037, 'untileable6': 17487, 'periodic': 1276} [430s]
  1148000/2098208 {'unbalanced': 1129231, 'untileable6': 17493, 'periodic': 1276} [430s]
  1148200/2098208 {'unbalanced': 1129428, 'untileable6': 17496, 'periodic': 1276} [430s]
  1148400/2098208 {'unbalanced': 1129623, 'untileable6': 17501, 'periodic': 1276} [430s]
  1148600/2098208 {'unbalanced': 1129813, 'untileable6': 17511, 'periodic': 1276} [430s]
  1148800/2098208 {'unbalanced': 1130009, 'untileable6': 17515, 'periodic': 1276} [430s]
  1149000/2098208 {'unbalanced': 1130205, 'untileable6': 17519, 'periodic': 1276} [430s]
  1149200/2098208 {'unbalanced': 1130405, 'untileable6': 17519, 'periodic': 1276} [430s]
  1149400/2098208 {'unbalanced': 1130603, 'untileable6': 17521, 'periodic': 1276} [430s]
  1149600/2098208 {'unbalanced': 1130801, 'untileable6': 17521, 'periodic': 1278} [430s]
  1149800/2098208 {'unbalanced': 1130991, 'untileable6': 17531, 'periodic': 1278} [430s]
  1150000/2098208 {'unbalanced': 1131186, 'untileable6': 17536, 'periodic': 1278} [430s]
  1150200/2098208 {'unbalanced': 1131381, 'untileable6': 17541, 'periodic': 1278} [430s]
  1150400/2098208 {'unbalanced': 1131577, 'untileable6': 17545, 'periodic': 1278} [430s]
  1150600/2098208 {'unbalanced': 1131771, 'untileable6': 17551, 'periodic': 1278} [430s]
  1150800/2098208 {'unbalanced': 1131961, 'untileable6': 17561, 'periodic': 1278} [430s]
  1151000/2098208 {'unbalanced': 1132156, 'untileable6': 17566, 'periodic': 1278} [430s]
  1151200/2098208 {'unbalanced': 1132349, 'untileable6': 17573, 'periodic': 1278} [430s]
  1151400/2098208 {'unbalanced': 1132547, 'untileable6': 17575, 'periodic': 1278} [430s]
  1151600/2098208 {'unbalanced': 1132744, 'untileable6': 17578, 'periodic': 1278} [430s]
  1151800/2098208 {'unbalanced': 1132937, 'untileable6': 17585, 'periodic': 1278} [430s]
  1152000/2098208 {'unbalanced': 1133122, 'untileable6': 17600, 'periodic': 1278} [430s]
  1152200/2098208 {'unbalanced': 1133308, 'untileable6': 17614, 'periodic': 1278} [430s]
  1152400/2098208 {'unbalanced': 1133491, 'untileable6': 17631, 'periodic': 1278} [430s]
  1152600/2098208 {'unbalanced': 1133682, 'untileable6': 17640, 'periodic': 1278} [430s]
  1152800/2098208 {'unbalanced': 1133871, 'untileable6': 17651, 'periodic': 1278} [430s]
  1153000/2098208 {'unbalanced': 1134060, 'untileable6': 17662, 'periodic': 1278} [430s]
  1153200/2098208 {'unbalanced': 1134253, 'untileable6': 17669, 'periodic': 1278} [430s]
  1153400/2098208 {'unbalanced': 1134435, 'untileable6': 17687, 'periodic': 1278} [430s]
  1153600/2098208 {'unbalanced': 1134622, 'untileable6': 17700, 'periodic': 1278} [431s]
  1153800/2098208 {'unbalanced': 1134821, 'untileable6': 17701, 'periodic': 1278} [431s]
  1154000/2098208 {'unbalanced': 1135021, 'untileable6': 17701, 'periodic': 1278} [431s]
  1154200/2098208 {'unbalanced': 1135220, 'untileable6': 17702, 'periodic': 1278} [431s]
  1154400/2098208 {'unbalanced': 1135420, 'untileable6': 17702, 'periodic': 1278} [431s]
  1154600/2098208 {'unbalanced': 1135620, 'untileable6': 17702, 'periodic': 1278} [431s]
  1154800/2098208 {'unbalanced': 1135820, 'untileable6': 17702, 'periodic': 1278} [431s]
  1155000/2098208 {'unbalanced': 1136018, 'untileable6': 17704, 'periodic': 1278} [431s]
  1155200/2098208 {'unbalanced': 1136215, 'untileable6': 17707, 'periodic': 1278} [431s]
  1155400/2098208 {'unbalanced': 1136415, 'untileable6': 17707, 'periodic': 1278} [431s]
  1155600/2098208 {'unbalanced': 1136613, 'untileable6': 17709, 'periodic': 1278} [431s]
  1155800/2098208 {'unbalanced': 1136813, 'untileable6': 17709, 'periodic': 1278} [431s]
  1156000/2098208 {'unbalanced': 1137013, 'untileable6': 17709, 'periodic': 1278} [431s]
  1156200/2098208 {'unbalanced': 1137212, 'untileable6': 17710, 'periodic': 1278} [431s]
  1156400/2098208 {'unbalanced': 1137412, 'untileable6': 17710, 'periodic': 1278} [431s]
  1156600/2098208 {'unbalanced': 1137611, 'untileable6': 17711, 'periodic': 1278} [431s]
  1156800/2098208 {'unbalanced': 1137807, 'untileable6': 17715, 'periodic': 1278} [431s]
  1157000/2098208 {'unbalanced': 1138007, 'untileable6': 17715, 'periodic': 1278} [431s]
  1157200/2098208 {'unbalanced': 1138207, 'untileable6': 17715, 'periodic': 1278} [431s]
  1157400/2098208 {'unbalanced': 1138405, 'untileable6': 17715, 'periodic': 1280} [431s]
  1157600/2098208 {'unbalanced': 1138595, 'untileable6': 17725, 'periodic': 1280} [431s]
  1157800/2098208 {'unbalanced': 1138790, 'untileable6': 17730, 'periodic': 1280} [431s]
  1158000/2098208 {'unbalanced': 1138985, 'untileable6': 17735, 'periodic': 1280} [431s]
  1158200/2098208 {'unbalanced': 1139183, 'untileable6': 17737, 'periodic': 1280} [431s]
  1158400/2098208 {'unbalanced': 1139383, 'untileable6': 17737, 'periodic': 1280} [431s]
  1158600/2098208 {'unbalanced': 1139583, 'untileable6': 17737, 'periodic': 1280} [431s]
  1158800/2098208 {'unbalanced': 1139783, 'untileable6': 17737, 'periodic': 1280} [431s]
  1159000/2098208 {'unbalanced': 1139979, 'untileable6': 17741, 'periodic': 1280} [431s]
  1159200/2098208 {'unbalanced': 1140179, 'untileable6': 17741, 'periodic': 1280} [431s]
  1159400/2098208 {'unbalanced': 1140379, 'untileable6': 17741, 'periodic': 1280} [431s]
  1159600/2098208 {'unbalanced': 1140576, 'untileable6': 17742, 'periodic': 1282} [431s]
  1159800/2098208 {'unbalanced': 1140766, 'untileable6': 17752, 'periodic': 1282} [431s]
  1160000/2098208 {'unbalanced': 1140962, 'untileable6': 17756, 'periodic': 1282} [431s]
  1160200/2098208 {'unbalanced': 1141156, 'untileable6': 17762, 'periodic': 1282} [431s]
  1160400/2098208 {'unbalanced': 1141352, 'untileable6': 17766, 'periodic': 1282} [431s]
  1160600/2098208 {'unbalanced': 1141552, 'untileable6': 17766, 'periodic': 1282} [431s]
  1160800/2098208 {'unbalanced': 1141752, 'untileable6': 17766, 'periodic': 1282} [431s]
  1161000/2098208 {'unbalanced': 1141946, 'untileable6': 17772, 'periodic': 1282} [431s]
  1161200/2098208 {'unbalanced': 1142146, 'untileable6': 17772, 'periodic': 1282} [431s]
  1161400/2098208 {'unbalanced': 1142341, 'untileable6': 17777, 'periodic': 1282} [431s]
  1161600/2098208 {'unbalanced': 1142538, 'untileable6': 17780, 'periodic': 1282} [431s]
  1161800/2098208 {'unbalanced': 1142735, 'untileable6': 17783, 'periodic': 1282} [431s]
  1162000/2098208 {'unbalanced': 1142935, 'untileable6': 17783, 'periodic': 1282} [431s]
  1162200/2098208 {'unbalanced': 1143127, 'untileable6': 17791, 'periodic': 1282} [431s]
  1162400/2098208 {'unbalanced': 1143308, 'untileable6': 17810, 'periodic': 1282} [431s]
  1162600/2098208 {'unbalanced': 1143500, 'untileable6': 17818, 'periodic': 1282} [431s]
  1162800/2098208 {'unbalanced': 1143690, 'untileable6': 17828, 'periodic': 1282} [431s]
  1163000/2098208 {'unbalanced': 1143888, 'untileable6': 17830, 'periodic': 1282} [431s]
  1163200/2098208 {'unbalanced': 1144088, 'untileable6': 17830, 'periodic': 1282} [431s]
  1163400/2098208 {'unbalanced': 1144287, 'untileable6': 17830, 'periodic': 1283} [431s]
  1163600/2098208 {'unbalanced': 1144485, 'untileable6': 17832, 'periodic': 1283} [431s]
  1163800/2098208 {'unbalanced': 1144685, 'untileable6': 17832, 'periodic': 1283} [431s]
  1164000/2098208 {'unbalanced': 1144885, 'untileable6': 17832, 'periodic': 1283} [431s]
  1164200/2098208 {'unbalanced': 1145083, 'untileable6': 17833, 'periodic': 1284} [431s]
  1164400/2098208 {'unbalanced': 1145281, 'untileable6': 17835, 'periodic': 1284} [431s]
  1164600/2098208 {'unbalanced': 1145479, 'untileable6': 17837, 'periodic': 1284} [431s]
  1164800/2098208 {'unbalanced': 1145679, 'untileable6': 17837, 'periodic': 1284} [431s]
  1165000/2098208 {'unbalanced': 1145878, 'untileable6': 17838, 'periodic': 1284} [431s]
  1165200/2098208 {'unbalanced': 1146078, 'untileable6': 17838, 'periodic': 1284} [431s]
  1165400/2098208 {'unbalanced': 1146277, 'untileable6': 17838, 'periodic': 1285} [431s]
  1165600/2098208 {'unbalanced': 1146470, 'untileable6': 17844, 'periodic': 1286} [431s]
  1165800/2098208 {'unbalanced': 1146668, 'untileable6': 17846, 'periodic': 1286} [431s]
  1166000/2098208 {'unbalanced': 1146862, 'untileable6': 17852, 'periodic': 1286} [431s]
  1166200/2098208 {'unbalanced': 1147056, 'untileable6': 17857, 'periodic': 1287} [431s]
  1166400/2098208 {'unbalanced': 1147254, 'untileable6': 17859, 'periodic': 1287} [431s]
  1166600/2098208 {'unbalanced': 1147454, 'untileable6': 17859, 'periodic': 1287} [431s]
  1166800/2098208 {'unbalanced': 1147644, 'untileable6': 17868, 'periodic': 1288} [431s]
  1167000/2098208 {'unbalanced': 1147838, 'untileable6': 17874, 'periodic': 1288} [431s]
  1167200/2098208 {'unbalanced': 1148032, 'untileable6': 17880, 'periodic': 1288} [431s]
  1167400/2098208 {'unbalanced': 1148230, 'untileable6': 17882, 'periodic': 1288} [431s]
  1167600/2098208 {'unbalanced': 1148429, 'untileable6': 17883, 'periodic': 1288} [431s]
  1167800/2098208 {'unbalanced': 1148626, 'untileable6': 17885, 'periodic': 1289} [431s]
  1168000/2098208 {'unbalanced': 1148824, 'untileable6': 17887, 'periodic': 1289} [431s]
  1168200/2098208 {'unbalanced': 1149020, 'untileable6': 17891, 'periodic': 1289} [431s]
  1168400/2098208 {'unbalanced': 1149212, 'untileable6': 17898, 'periodic': 1290} [431s]
  1168600/2098208 {'unbalanced': 1149412, 'untileable6': 17898, 'periodic': 1290} [431s]
  1168800/2098208 {'unbalanced': 1149612, 'untileable6': 17898, 'periodic': 1290} [431s]
  1169000/2098208 {'unbalanced': 1149802, 'untileable6': 17907, 'periodic': 1291} [431s]
  1169200/2098208 {'unbalanced': 1149996, 'untileable6': 17913, 'periodic': 1291} [431s]
  1169400/2098208 {'unbalanced': 1150190, 'untileable6': 17919, 'periodic': 1291} [431s]
  1169600/2098208 {'unbalanced': 1150387, 'untileable6': 17922, 'periodic': 1291} [431s]
  1169800/2098208 {'unbalanced': 1150584, 'untileable6': 17924, 'periodic': 1292} [431s]
  1170000/2098208 {'unbalanced': 1150783, 'untileable6': 17925, 'periodic': 1292} [431s]
  1170200/2098208 {'unbalanced': 1150970, 'untileable6': 17937, 'periodic': 1293} [431s]
  1170400/2098208 {'unbalanced': 1151154, 'untileable6': 17953, 'periodic': 1293} [431s]
  1170600/2098208 {'unbalanced': 1151344, 'untileable6': 17963, 'periodic': 1293} [431s]
  1170800/2098208 {'unbalanced': 1151536, 'untileable6': 17971, 'periodic': 1293} [431s]
  1171000/2098208 {'unbalanced': 1151725, 'untileable6': 17981, 'periodic': 1294} [431s]
  1171200/2098208 {'unbalanced': 1151923, 'untileable6': 17983, 'periodic': 1294} [431s]
  1171400/2098208 {'unbalanced': 1152123, 'untileable6': 17983, 'periodic': 1294} [431s]
  1171600/2098208 {'unbalanced': 1152306, 'untileable6': 18000, 'periodic': 1294} [431s]
  1171800/2098208 {'unbalanced': 1152494, 'untileable6': 18011, 'periodic': 1295} [431s]
  1172000/2098208 {'unbalanced': 1152686, 'untileable6': 18019, 'periodic': 1295} [431s]
  1172200/2098208 {'unbalanced': 1152881, 'untileable6': 18024, 'periodic': 1295} [431s]
  1172400/2098208 {'unbalanced': 1153081, 'untileable6': 18024, 'periodic': 1295} [431s]
  1172600/2098208 {'unbalanced': 1153281, 'untileable6': 18024, 'periodic': 1295} [431s]
  1172800/2098208 {'unbalanced': 1153481, 'untileable6': 18024, 'periodic': 1295} [431s]
  1173000/2098208 {'unbalanced': 1153681, 'untileable6': 18024, 'periodic': 1295} [431s]
  1173200/2098208 {'unbalanced': 1153881, 'untileable6': 18024, 'periodic': 1295} [431s]
  1173400/2098208 {'unbalanced': 1154081, 'untileable6': 18024, 'periodic': 1295} [431s]
  1173600/2098208 {'unbalanced': 1154281, 'untileable6': 18024, 'periodic': 1295} [431s]
  1173800/2098208 {'unbalanced': 1154480, 'untileable6': 18025, 'periodic': 1295} [431s]
  1174000/2098208 {'unbalanced': 1154680, 'untileable6': 18025, 'periodic': 1295} [431s]
  1174200/2098208 {'unbalanced': 1154880, 'untileable6': 18025, 'periodic': 1295} [431s]
  1174400/2098208 {'unbalanced': 1155080, 'untileable6': 18025, 'periodic': 1295} [431s]
  1174600/2098208 {'unbalanced': 1155280, 'untileable6': 18025, 'periodic': 1295} [431s]
  1174800/2098208 {'unbalanced': 1155480, 'untileable6': 18025, 'periodic': 1295} [431s]
  1175000/2098208 {'unbalanced': 1155680, 'untileable6': 18025, 'periodic': 1295} [431s]
  1175200/2098208 {'unbalanced': 1155879, 'untileable6': 18026, 'periodic': 1295} [431s]
  1175400/2098208 {'unbalanced': 1156078, 'untileable6': 18027, 'periodic': 1295} [432s]
  1175600/2098208 {'unbalanced': 1156274, 'untileable6': 18030, 'periodic': 1296} [432s]
  1175800/2098208 {'unbalanced': 1156474, 'untileable6': 18030, 'periodic': 1296} [432s]
  1176000/2098208 {'unbalanced': 1156674, 'untileable6': 18030, 'periodic': 1296} [432s]
  1176200/2098208 {'unbalanced': 1156874, 'untileable6': 18030, 'periodic': 1296} [432s]
  1176400/2098208 {'unbalanced': 1157074, 'untileable6': 18030, 'periodic': 1296} [432s]
  1176600/2098208 {'unbalanced': 1157274, 'untileable6': 18030, 'periodic': 1296} [432s]
  1176800/2098208 {'unbalanced': 1157473, 'untileable6': 18031, 'periodic': 1296} [432s]
  1177000/2098208 {'unbalanced': 1157673, 'untileable6': 18031, 'periodic': 1296} [432s]
  1177200/2098208 {'unbalanced': 1157872, 'untileable6': 18032, 'periodic': 1296} [432s]
  1177400/2098208 {'unbalanced': 1158068, 'untileable6': 18035, 'periodic': 1297} [432s]
  1177600/2098208 {'unbalanced': 1158268, 'untileable6': 18035, 'periodic': 1297} [432s]
  1177800/2098208 {'unbalanced': 1158468, 'untileable6': 18035, 'periodic': 1297} [432s]
  1178000/2098208 {'unbalanced': 1158668, 'untileable6': 18035, 'periodic': 1297} [432s]
  1178200/2098208 {'unbalanced': 1158868, 'untileable6': 18035, 'periodic': 1297} [432s]
  1178400/2098208 {'unbalanced': 1159068, 'untileable6': 18035, 'periodic': 1297} [432s]
  1178600/2098208 {'unbalanced': 1159268, 'untileable6': 18035, 'periodic': 1297} [432s]
  1178800/2098208 {'unbalanced': 1159465, 'untileable6': 18038, 'periodic': 1297} [432s]
  1179000/2098208 {'unbalanced': 1159660, 'untileable6': 18043, 'periodic': 1297} [432s]
  1179200/2098208 {'unbalanced': 1159860, 'untileable6': 18043, 'periodic': 1297} [432s]
  1179400/2098208 {'unbalanced': 1160060, 'untileable6': 18043, 'periodic': 1297} [432s]
  1179600/2098208 {'unbalanced': 1160260, 'untileable6': 18043, 'periodic': 1297} [432s]
  1179800/2098208 {'unbalanced': 1160459, 'untileable6': 18044, 'periodic': 1297} [432s]
  1180000/2098208 {'unbalanced': 1160659, 'untileable6': 18044, 'periodic': 1297} [432s]
  1180200/2098208 {'unbalanced': 1160858, 'untileable6': 18045, 'periodic': 1297} [432s]
  1180400/2098208 {'unbalanced': 1161057, 'untileable6': 18046, 'periodic': 1297} [432s]
  1180600/2098208 {'unbalanced': 1161256, 'untileable6': 18047, 'periodic': 1297} [432s]
  1180800/2098208 {'unbalanced': 1161453, 'untileable6': 18050, 'periodic': 1297} [432s]
  1181000/2098208 {'unbalanced': 1161653, 'untileable6': 18050, 'periodic': 1297} [432s]
  1181200/2098208 {'unbalanced': 1161852, 'untileable6': 18051, 'periodic': 1297} [432s]
  1181400/2098208 {'unbalanced': 1162051, 'untileable6': 18052, 'periodic': 1297} [432s]
  1181600/2098208 {'unbalanced': 1162248, 'untileable6': 18054, 'periodic': 1298} [432s]
  1181800/2098208 {'unbalanced': 1162447, 'untileable6': 18055, 'periodic': 1298} [432s]
  1182000/2098208 {'unbalanced': 1162646, 'untileable6': 18056, 'periodic': 1298} [432s]
  1182200/2098208 {'unbalanced': 1162842, 'untileable6': 18060, 'periodic': 1298} [432s]
  1182400/2098208 {'unbalanced': 1163039, 'untileable6': 18063, 'periodic': 1298} [432s]
  1182600/2098208 {'unbalanced': 1163233, 'untileable6': 18069, 'periodic': 1298} [432s]
  1182800/2098208 {'unbalanced': 1163433, 'untileable6': 18069, 'periodic': 1298} [432s]
  1183000/2098208 {'unbalanced': 1163633, 'untileable6': 18069, 'periodic': 1298} [432s]
  1183200/2098208 {'unbalanced': 1163832, 'untileable6': 18070, 'periodic': 1298} [432s]
  1183400/2098208 {'unbalanced': 1164028, 'untileable6': 18073, 'periodic': 1299} [432s]
  1183600/2098208 {'unbalanced': 1164228, 'untileable6': 18073, 'periodic': 1299} [432s]
  1183800/2098208 {'unbalanced': 1164423, 'untileable6': 18078, 'periodic': 1299} [432s]
  1184000/2098208 {'unbalanced': 1164621, 'untileable6': 18080, 'periodic': 1299} [432s]
  1184200/2098208 {'unbalanced': 1164814, 'untileable6': 18087, 'periodic': 1299} [432s]
  1184400/2098208 {'unbalanced': 1165004, 'untileable6': 18097, 'periodic': 1299} [432s]
  1184600/2098208 {'unbalanced': 1165204, 'untileable6': 18097, 'periodic': 1299} [432s]
  1184800/2098208 {'unbalanced': 1165401, 'untileable6': 18100, 'periodic': 1299} [432s]
  1185000/2098208 {'unbalanced': 1165599, 'untileable6': 18102, 'periodic': 1299} [432s]
  1185200/2098208 {'unbalanced': 1165796, 'untileable6': 18105, 'periodic': 1299} [432s]
  1185400/2098208 {'unbalanced': 1165992, 'untileable6': 18109, 'periodic': 1299} [432s]
  1185600/2098208 {'unbalanced': 1166190, 'untileable6': 18111, 'periodic': 1299} [432s]
  1185800/2098208 {'unbalanced': 1166383, 'untileable6': 18118, 'periodic': 1299} [432s]
  1186000/2098208 {'unbalanced': 1166578, 'untileable6': 18123, 'periodic': 1299} [432s]
  1186200/2098208 {'unbalanced': 1166778, 'untileable6': 18123, 'periodic': 1299} [432s]
  1186400/2098208 {'unbalanced': 1166978, 'untileable6': 18123, 'periodic': 1299} [432s]
  1186600/2098208 {'unbalanced': 1167178, 'untileable6': 18123, 'periodic': 1299} [432s]
  1186800/2098208 {'unbalanced': 1167378, 'untileable6': 18123, 'periodic': 1299} [432s]
  1187000/2098208 {'unbalanced': 1167577, 'untileable6': 18124, 'periodic': 1299} [432s]
  1187200/2098208 {'unbalanced': 1167777, 'untileable6': 18124, 'periodic': 1299} [432s]
  1187400/2098208 {'unbalanced': 1167976, 'untileable6': 18125, 'periodic': 1299} [432s]
  1187600/2098208 {'unbalanced': 1168175, 'untileable6': 18126, 'periodic': 1299} [432s]
  1187800/2098208 {'unbalanced': 1168375, 'untileable6': 18126, 'periodic': 1299} [432s]
  1188000/2098208 {'unbalanced': 1168575, 'untileable6': 18126, 'periodic': 1299} [432s]
  1188200/2098208 {'unbalanced': 1168775, 'untileable6': 18126, 'periodic': 1299} [432s]
  1188400/2098208 {'unbalanced': 1168975, 'untileable6': 18126, 'periodic': 1299} [432s]
  1188600/2098208 {'unbalanced': 1169175, 'untileable6': 18126, 'periodic': 1299} [432s]
  1188800/2098208 {'unbalanced': 1169374, 'untileable6': 18127, 'periodic': 1299} [432s]
  1189000/2098208 {'unbalanced': 1169570, 'untileable6': 18130, 'periodic': 1300} [432s]
  1189200/2098208 {'unbalanced': 1169768, 'untileable6': 18132, 'periodic': 1300} [432s]
  1189400/2098208 {'unbalanced': 1169965, 'untileable6': 18135, 'periodic': 1300} [432s]
  1189600/2098208 {'unbalanced': 1170165, 'untileable6': 18135, 'periodic': 1300} [432s]
  1189800/2098208 {'unbalanced': 1170365, 'untileable6': 18135, 'periodic': 1300} [432s]
  1190000/2098208 {'unbalanced': 1170565, 'untileable6': 18135, 'periodic': 1300} [432s]
  1190200/2098208 {'unbalanced': 1170765, 'untileable6': 18135, 'periodic': 1300} [432s]
  1190400/2098208 {'unbalanced': 1170964, 'untileable6': 18136, 'periodic': 1300} [432s]
  1190600/2098208 {'unbalanced': 1171161, 'untileable6': 18138, 'periodic': 1301} [432s]
  1190800/2098208 {'unbalanced': 1171360, 'untileable6': 18139, 'periodic': 1301} [432s]
  1191000/2098208 {'unbalanced': 1171556, 'untileable6': 18143, 'periodic': 1301} [432s]
  1191200/2098208 {'unbalanced': 1171753, 'untileable6': 18146, 'periodic': 1301} [432s]
  1191400/2098208 {'unbalanced': 1171953, 'untileable6': 18146, 'periodic': 1301} [432s]
  1191600/2098208 {'unbalanced': 1172153, 'untileable6': 18146, 'periodic': 1301} [432s]
  1191800/2098208 {'unbalanced': 1172353, 'untileable6': 18146, 'periodic': 1301} [432s]
  1192000/2098208 {'unbalanced': 1172553, 'untileable6': 18146, 'periodic': 1301} [432s]
  1192200/2098208 {'unbalanced': 1172753, 'untileable6': 18146, 'periodic': 1301} [432s]
  1192400/2098208 {'unbalanced': 1172950, 'untileable6': 18149, 'periodic': 1301} [432s]
  1192600/2098208 {'unbalanced': 1173144, 'untileable6': 18155, 'periodic': 1301} [432s]
  1192800/2098208 {'unbalanced': 1173341, 'untileable6': 18158, 'periodic': 1301} [432s]
  1193000/2098208 {'unbalanced': 1173541, 'untileable6': 18158, 'periodic': 1301} [432s]
  1193200/2098208 {'unbalanced': 1173741, 'untileable6': 18158, 'periodic': 1301} [432s]
  1193400/2098208 {'unbalanced': 1173940, 'untileable6': 18159, 'periodic': 1301} [432s]
  1193600/2098208 {'unbalanced': 1174139, 'untileable6': 18160, 'periodic': 1301} [432s]
  1193800/2098208 {'unbalanced': 1174338, 'untileable6': 18161, 'periodic': 1301} [432s]
  1194000/2098208 {'unbalanced': 1174534, 'untileable6': 18165, 'periodic': 1301} [432s]
  1194200/2098208 {'unbalanced': 1174731, 'untileable6': 18168, 'periodic': 1301} [432s]
  1194400/2098208 {'unbalanced': 1174929, 'untileable6': 18170, 'periodic': 1301} [432s]
  1194600/2098208 {'unbalanced': 1175126, 'untileable6': 18173, 'periodic': 1301} [432s]
  1194800/2098208 {'unbalanced': 1175325, 'untileable6': 18174, 'periodic': 1301} [432s]
  1195000/2098208 {'unbalanced': 1175521, 'untileable6': 18177, 'periodic': 1302} [432s]
  1195200/2098208 {'unbalanced': 1175717, 'untileable6': 18181, 'periodic': 1302} [432s]
  1195400/2098208 {'unbalanced': 1175916, 'untileable6': 18182, 'periodic': 1302} [432s]
  1195600/2098208 {'unbalanced': 1176113, 'untileable6': 18185, 'periodic': 1302} [432s]
  1195800/2098208 {'unbalanced': 1176306, 'untileable6': 18192, 'periodic': 1302} [432s]
  1196000/2098208 {'unbalanced': 1176495, 'untileable6': 18196, 'periodic': 1309} [432s]
  1196200/2098208 {'unbalanced': 1176686, 'untileable6': 18205, 'periodic': 1309} [432s]
  1196400/2098208 {'unbalanced': 1176883, 'untileable6': 18208, 'periodic': 1309} [432s]
  1196600/2098208 {'unbalanced': 1177083, 'untileable6': 18208, 'periodic': 1309} [432s]
  1196800/2098208 {'unbalanced': 1177281, 'untileable6': 18210, 'periodic': 1309} [432s]
  1197000/2098208 {'unbalanced': 1177477, 'untileable6': 18214, 'periodic': 1309} [432s]
  1197200/2098208 {'unbalanced': 1177674, 'untileable6': 18216, 'periodic': 1310} [432s]
  1197400/2098208 {'unbalanced': 1177869, 'untileable6': 18221, 'periodic': 1310} [432s]
  1197600/2098208 {'unbalanced': 1178058, 'untileable6': 18231, 'periodic': 1311} [432s]
  1197800/2098208 {'unbalanced': 1178247, 'untileable6': 18242, 'periodic': 1311} [432s]
  1198000/2098208 {'unbalanced': 1178434, 'untileable6': 18255, 'periodic': 1311} [432s]
  1198200/2098208 {'unbalanced': 1178626, 'untileable6': 18262, 'periodic': 1312} [432s]
  1198400/2098208 {'unbalanced': 1178823, 'untileable6': 18265, 'periodic': 1312} [432s]
  1198600/2098208 {'unbalanced': 1179017, 'untileable6': 18270, 'periodic': 1313} [432s]
  1198800/2098208 {'unbalanced': 1179214, 'untileable6': 18273, 'periodic': 1313} [432s]
  1199000/2098208 {'unbalanced': 1179411, 'untileable6': 18276, 'periodic': 1313} [432s]
  1199200/2098208 {'unbalanced': 1179606, 'untileable6': 18280, 'periodic': 1314} [432s]
  1199400/2098208 {'unbalanced': 1179797, 'untileable6': 18289, 'periodic': 1314} [432s]
  1199600/2098208 {'unbalanced': 1179981, 'untileable6': 18304, 'periodic': 1315} [432s]
  1199800/2098208 {'unbalanced': 1180178, 'untileable6': 18306, 'periodic': 1316} [432s]
  1200000/2098208 {'unbalanced': 1180378, 'untileable6': 18306, 'periodic': 1316} [432s]
  1200200/2098208 {'unbalanced': 1180578, 'untileable6': 18306, 'periodic': 1316} [432s]
  1200400/2098208 {'unbalanced': 1180778, 'untileable6': 18306, 'periodic': 1316} [432s]
  1200600/2098208 {'unbalanced': 1180978, 'untileable6': 18306, 'periodic': 1316} [432s]
  1200800/2098208 {'unbalanced': 1181177, 'untileable6': 18307, 'periodic': 1316} [432s]
  1201000/2098208 {'unbalanced': 1181377, 'untileable6': 18307, 'periodic': 1316} [432s]
  1201200/2098208 {'unbalanced': 1181577, 'untileable6': 18307, 'periodic': 1316} [432s]
  1201400/2098208 {'unbalanced': 1181775, 'untileable6': 18309, 'periodic': 1316} [432s]
  1201600/2098208 {'unbalanced': 1181973, 'untileable6': 18311, 'periodic': 1316} [432s]
  1201800/2098208 {'unbalanced': 1182172, 'untileable6': 18312, 'periodic': 1316} [432s]
  1202000/2098208 {'unbalanced': 1182370, 'untileable6': 18314, 'periodic': 1316} [432s]
  1202200/2098208 {'unbalanced': 1182566, 'untileable6': 18318, 'periodic': 1316} [432s]
  1202400/2098208 {'unbalanced': 1182766, 'untileable6': 18318, 'periodic': 1316} [432s]
  1202600/2098208 {'unbalanced': 1182966, 'untileable6': 18318, 'periodic': 1316} [432s]
  1202800/2098208 {'unbalanced': 1183166, 'untileable6': 18318, 'periodic': 1316} [432s]
  1203000/2098208 {'unbalanced': 1183366, 'untileable6': 18318, 'periodic': 1316} [432s]
  1203200/2098208 {'unbalanced': 1183565, 'untileable6': 18319, 'periodic': 1316} [432s]
  1203400/2098208 {'unbalanced': 1183765, 'untileable6': 18319, 'periodic': 1316} [432s]
  1203600/2098208 {'unbalanced': 1183962, 'untileable6': 18322, 'periodic': 1316} [432s]
  1203800/2098208 {'unbalanced': 1184162, 'untileable6': 18322, 'periodic': 1316} [432s]
  1204000/2098208 {'unbalanced': 1184362, 'untileable6': 18322, 'periodic': 1316} [432s]
  1204200/2098208 {'unbalanced': 1184561, 'untileable6': 18323, 'periodic': 1316} [432s]
  1204400/2098208 {'unbalanced': 1184759, 'untileable6': 18325, 'periodic': 1316} [433s]
  1204600/2098208 {'unbalanced': 1184949, 'untileable6': 18335, 'periodic': 1316} [433s]
  1204800/2098208 {'unbalanced': 1185146, 'untileable6': 18338, 'periodic': 1316} [433s]
  1205000/2098208 {'unbalanced': 1185343, 'untileable6': 18341, 'periodic': 1316} [433s]
  1205200/2098208 {'unbalanced': 1185543, 'untileable6': 18341, 'periodic': 1316} [433s]
  1205400/2098208 {'unbalanced': 1185743, 'untileable6': 18341, 'periodic': 1316} [433s]
  1205600/2098208 {'unbalanced': 1185943, 'untileable6': 18341, 'periodic': 1316} [433s]
  1205800/2098208 {'unbalanced': 1186142, 'untileable6': 18342, 'periodic': 1316} [433s]
  1206000/2098208 {'unbalanced': 1186342, 'untileable6': 18342, 'periodic': 1316} [433s]
  1206200/2098208 {'unbalanced': 1186539, 'untileable6': 18345, 'periodic': 1316} [433s]
  1206400/2098208 {'unbalanced': 1186739, 'untileable6': 18345, 'periodic': 1316} [433s]
  1206600/2098208 {'unbalanced': 1186938, 'untileable6': 18346, 'periodic': 1316} [433s]
  1206800/2098208 {'unbalanced': 1187138, 'untileable6': 18346, 'periodic': 1316} [433s]
  1207000/2098208 {'unbalanced': 1187334, 'untileable6': 18350, 'periodic': 1316} [433s]
  1207200/2098208 {'unbalanced': 1187529, 'untileable6': 18355, 'periodic': 1316} [433s]
  1207400/2098208 {'unbalanced': 1187724, 'untileable6': 18359, 'periodic': 1317} [433s]
  1207600/2098208 {'unbalanced': 1187924, 'untileable6': 18359, 'periodic': 1317} [433s]
  1207800/2098208 {'unbalanced': 1188119, 'untileable6': 18364, 'periodic': 1317} [433s]
  1208000/2098208 {'unbalanced': 1188319, 'untileable6': 18364, 'periodic': 1317} [433s]
  1208200/2098208 {'unbalanced': 1188519, 'untileable6': 18364, 'periodic': 1317} [433s]
  1208400/2098208 {'unbalanced': 1188719, 'untileable6': 18364, 'periodic': 1317} [433s]
  1208600/2098208 {'unbalanced': 1188919, 'untileable6': 18364, 'periodic': 1317} [433s]
  1208800/2098208 {'unbalanced': 1189118, 'untileable6': 18365, 'periodic': 1317} [433s]
  1209000/2098208 {'unbalanced': 1189318, 'untileable6': 18365, 'periodic': 1317} [433s]
  1209200/2098208 {'unbalanced': 1189516, 'untileable6': 18367, 'periodic': 1317} [433s]
  1209400/2098208 {'unbalanced': 1189716, 'untileable6': 18367, 'periodic': 1317} [433s]
  1209600/2098208 {'unbalanced': 1189911, 'untileable6': 18372, 'periodic': 1317} [433s]
  1209800/2098208 {'unbalanced': 1190109, 'untileable6': 18374, 'periodic': 1317} [433s]
  1210000/2098208 {'unbalanced': 1190302, 'untileable6': 18381, 'periodic': 1317} [433s]
  1210200/2098208 {'unbalanced': 1190495, 'untileable6': 18388, 'periodic': 1317} [433s]
  1210400/2098208 {'unbalanced': 1190690, 'untileable6': 18393, 'periodic': 1317} [433s]
  1210600/2098208 {'unbalanced': 1190890, 'untileable6': 18393, 'periodic': 1317} [433s]
  1210800/2098208 {'unbalanced': 1191090, 'untileable6': 18393, 'periodic': 1317} [433s]
  1211000/2098208 {'unbalanced': 1191285, 'untileable6': 18398, 'periodic': 1317} [433s]
  1211200/2098208 {'unbalanced': 1191485, 'untileable6': 18398, 'periodic': 1317} [433s]
  1211400/2098208 {'unbalanced': 1191682, 'untileable6': 18401, 'periodic': 1317} [433s]
  1211600/2098208 {'unbalanced': 1191879, 'untileable6': 18404, 'periodic': 1317} [433s]
  1211800/2098208 {'unbalanced': 1192077, 'untileable6': 18406, 'periodic': 1317} [433s]
  1212000/2098208 {'unbalanced': 1192274, 'untileable6': 18409, 'periodic': 1317} [433s]
  1212200/2098208 {'unbalanced': 1192469, 'untileable6': 18414, 'periodic': 1317} [433s]
  1212400/2098208 {'unbalanced': 1192661, 'untileable6': 18422, 'periodic': 1317} [433s]
  1212600/2098208 {'unbalanced': 1192858, 'untileable6': 18425, 'periodic': 1317} [433s]
  1212800/2098208 {'unbalanced': 1193051, 'untileable6': 18432, 'periodic': 1317} [433s]
  1213000/2098208 {'unbalanced': 1193244, 'untileable6': 18439, 'periodic': 1317} [433s]
  1213200/2098208 {'unbalanced': 1193444, 'untileable6': 18439, 'periodic': 1317} [433s]
  1213400/2098208 {'unbalanced': 1193643, 'untileable6': 18440, 'periodic': 1317} [433s]
  1213600/2098208 {'unbalanced': 1193839, 'untileable6': 18444, 'periodic': 1317} [433s]
  1213800/2098208 {'unbalanced': 1194038, 'untileable6': 18445, 'periodic': 1317} [433s]
  1214000/2098208 {'unbalanced': 1194229, 'untileable6': 18452, 'periodic': 1319} [433s]
  1214200/2098208 {'unbalanced': 1194429, 'untileable6': 18452, 'periodic': 1319} [433s]
  1214400/2098208 {'unbalanced': 1194621, 'untileable6': 18460, 'periodic': 1319} [433s]
  1214600/2098208 {'unbalanced': 1194819, 'untileable6': 18462, 'periodic': 1319} [433s]
  1214800/2098208 {'unbalanced': 1195015, 'untileable6': 18466, 'periodic': 1319} [433s]
  1215000/2098208 {'unbalanced': 1195209, 'untileable6': 18472, 'periodic': 1319} [433s]
  1215200/2098208 {'unbalanced': 1195398, 'untileable6': 18479, 'periodic': 1323} [433s]
  1215400/2098208 {'unbalanced': 1195581, 'untileable6': 18485, 'periodic': 1334} [433s]
  1215600/2098208 {'unbalanced': 1195772, 'untileable6': 18494, 'periodic': 1334} [433s]
  1215800/2098208 {'unbalanced': 1195967, 'untileable6': 18499, 'periodic': 1334} [433s]
  1216000/2098208 {'unbalanced': 1196167, 'untileable6': 18499, 'periodic': 1334} [433s]
  1216200/2098208 {'unbalanced': 1196366, 'untileable6': 18500, 'periodic': 1334} [433s]
  1216400/2098208 {'unbalanced': 1196564, 'untileable6': 18502, 'periodic': 1334} [433s]
  1216600/2098208 {'unbalanced': 1196754, 'untileable6': 18509, 'periodic': 1337} [433s]
  1216800/2098208 {'unbalanced': 1196952, 'untileable6': 18511, 'periodic': 1337} [433s]
  1217000/2098208 {'unbalanced': 1197145, 'untileable6': 18518, 'periodic': 1337} [433s]
  1217200/2098208 {'unbalanced': 1197343, 'untileable6': 18520, 'periodic': 1337} [433s]
  1217400/2098208 {'unbalanced': 1197539, 'untileable6': 18524, 'periodic': 1337} [433s]
  1217600/2098208 {'unbalanced': 1197732, 'untileable6': 18531, 'periodic': 1337} [433s]
  1217800/2098208 {'unbalanced': 1197920, 'untileable6': 18543, 'periodic': 1337} [433s]
  1218000/2098208 {'unbalanced': 1198104, 'untileable6': 18559, 'periodic': 1337} [433s]
  1218200/2098208 {'unbalanced': 1198289, 'untileable6': 18574, 'periodic': 1337} [433s]
  1218400/2098208 {'unbalanced': 1198481, 'untileable6': 18582, 'periodic': 1337} [433s]
  1218600/2098208 {'unbalanced': 1198674, 'untileable6': 18589, 'periodic': 1337} [433s]
  1218800/2098208 {'unbalanced': 1198871, 'untileable6': 18592, 'periodic': 1337} [433s]
  1219000/2098208 {'unbalanced': 1199070, 'untileable6': 18593, 'periodic': 1337} [433s]
  1219200/2098208 {'unbalanced': 1199262, 'untileable6': 18601, 'periodic': 1337} [433s]
  1219400/2098208 {'unbalanced': 1199462, 'untileable6': 18601, 'periodic': 1337} [433s]
  1219600/2098208 {'unbalanced': 1199653, 'untileable6': 18610, 'periodic': 1337} [433s]
  1219800/2098208 {'unbalanced': 1199853, 'untileable6': 18610, 'periodic': 1337} [433s]
  1220000/2098208 {'unbalanced': 1200047, 'untileable6': 18616, 'periodic': 1337} [433s]
  1220200/2098208 {'unbalanced': 1200241, 'untileable6': 18622, 'periodic': 1337} [433s]
  1220400/2098208 {'unbalanced': 1200432, 'untileable6': 18631, 'periodic': 1337} [433s]
  1220600/2098208 {'unbalanced': 1200623, 'untileable6': 18640, 'periodic': 1337} [433s]
  1220800/2098208 {'unbalanced': 1200809, 'untileable6': 18654, 'periodic': 1337} [433s]
  1221000/2098208 {'unbalanced': 1200999, 'untileable6': 18664, 'periodic': 1337} [433s]
  1221200/2098208 {'unbalanced': 1201195, 'untileable6': 18668, 'periodic': 1337} [433s]
  1221400/2098208 {'unbalanced': 1201395, 'untileable6': 18668, 'periodic': 1337} [433s]
  1221600/2098208 {'unbalanced': 1201595, 'untileable6': 18668, 'periodic': 1337} [433s]
  1221800/2098208 {'unbalanced': 1201794, 'untileable6': 18669, 'periodic': 1337} [433s]
  1222000/2098208 {'unbalanced': 1201994, 'untileable6': 18669, 'periodic': 1337} [433s]
  1222200/2098208 {'unbalanced': 1202194, 'untileable6': 18669, 'periodic': 1337} [433s]
  1222400/2098208 {'unbalanced': 1202394, 'untileable6': 18669, 'periodic': 1337} [433s]
  1222600/2098208 {'unbalanced': 1202590, 'untileable6': 18673, 'periodic': 1337} [433s]
  1222800/2098208 {'unbalanced': 1202790, 'untileable6': 18673, 'periodic': 1337} [433s]
  1223000/2098208 {'unbalanced': 1202986, 'untileable6': 18677, 'periodic': 1337} [433s]
  1223200/2098208 {'unbalanced': 1203186, 'untileable6': 18677, 'periodic': 1337} [433s]
  1223400/2098208 {'unbalanced': 1203383, 'untileable6': 18680, 'periodic': 1337} [434s]
  1223600/2098208 {'unbalanced': 1203583, 'untileable6': 18680, 'periodic': 1337} [434s]
  1223800/2098208 {'unbalanced': 1203783, 'untileable6': 18680, 'periodic': 1337} [434s]
  1224000/2098208 {'unbalanced': 1203983, 'untileable6': 18680, 'periodic': 1337} [434s]
  1224200/2098208 {'unbalanced': 1204183, 'untileable6': 18680, 'periodic': 1337} [434s]
  1224400/2098208 {'unbalanced': 1204383, 'untileable6': 18680, 'periodic': 1337} [434s]
  1224600/2098208 {'unbalanced': 1204582, 'untileable6': 18681, 'periodic': 1337} [434s]
  1224800/2098208 {'unbalanced': 1204781, 'untileable6': 18682, 'periodic': 1337} [434s]
  1225000/2098208 {'unbalanced': 1204981, 'untileable6': 18682, 'periodic': 1337} [434s]
  1225200/2098208 {'unbalanced': 1205181, 'untileable6': 18682, 'periodic': 1337} [434s]
  1225400/2098208 {'unbalanced': 1205379, 'untileable6': 18684, 'periodic': 1337} [434s]
  1225600/2098208 {'unbalanced': 1205569, 'untileable6': 18691, 'periodic': 1340} [434s]
  1225800/2098208 {'unbalanced': 1205767, 'untileable6': 18693, 'periodic': 1340} [434s]
  1226000/2098208 {'unbalanced': 1205960, 'untileable6': 18700, 'periodic': 1340} [434s]
  1226200/2098208 {'unbalanced': 1206157, 'untileable6': 18703, 'periodic': 1340} [434s]
  1226400/2098208 {'unbalanced': 1206356, 'untileable6': 18704, 'periodic': 1340} [434s]
  1226600/2098208 {'unbalanced': 1206556, 'untileable6': 18704, 'periodic': 1340} [434s]
  1226800/2098208 {'unbalanced': 1206756, 'untileable6': 18704, 'periodic': 1340} [434s]
  1227000/2098208 {'unbalanced': 1206956, 'untileable6': 18704, 'periodic': 1340} [434s]
  1227200/2098208 {'unbalanced': 1207153, 'untileable6': 18706, 'periodic': 1341} [434s]
  1227400/2098208 {'unbalanced': 1207353, 'untileable6': 18706, 'periodic': 1341} [434s]
  1227600/2098208 {'unbalanced': 1207553, 'untileable6': 18706, 'periodic': 1341} [434s]
  1227800/2098208 {'unbalanced': 1207753, 'untileable6': 18706, 'periodic': 1341} [434s]
  1228000/2098208 {'unbalanced': 1207951, 'untileable6': 18708, 'periodic': 1341} [434s]
  1228200/2098208 {'unbalanced': 1208142, 'untileable6': 18714, 'periodic': 1344} [434s]
  1228400/2098208 {'unbalanced': 1208340, 'untileable6': 18716, 'periodic': 1344} [434s]
  1228600/2098208 {'unbalanced': 1208532, 'untileable6': 18724, 'periodic': 1344} [434s]
  1228800/2098208 {'unbalanced': 1208731, 'untileable6': 18725, 'periodic': 1344} [434s]
  1229000/2098208 {'unbalanced': 1208928, 'untileable6': 18728, 'periodic': 1344} [434s]
  1229200/2098208 {'unbalanced': 1209128, 'untileable6': 18728, 'periodic': 1344} [434s]
  1229400/2098208 {'unbalanced': 1209328, 'untileable6': 18728, 'periodic': 1344} [434s]
  1229600/2098208 {'unbalanced': 1209528, 'untileable6': 18728, 'periodic': 1344} [434s]
  1229800/2098208 {'unbalanced': 1209728, 'untileable6': 18728, 'periodic': 1344} [434s]
  1230000/2098208 {'unbalanced': 1209928, 'untileable6': 18728, 'periodic': 1344} [434s]
  1230200/2098208 {'unbalanced': 1210127, 'untileable6': 18729, 'periodic': 1344} [434s]
  1230400/2098208 {'unbalanced': 1210327, 'untileable6': 18729, 'periodic': 1344} [434s]
  1230600/2098208 {'unbalanced': 1210527, 'untileable6': 18729, 'periodic': 1344} [434s]
  1230800/2098208 {'unbalanced': 1210726, 'untileable6': 18730, 'periodic': 1344} [434s]
  1231000/2098208 {'unbalanced': 1210919, 'untileable6': 18737, 'periodic': 1344} [434s]
  1231200/2098208 {'unbalanced': 1211112, 'untileable6': 18743, 'periodic': 1345} [434s]
  1231400/2098208 {'unbalanced': 1211310, 'untileable6': 18745, 'periodic': 1345} [434s]
  1231600/2098208 {'unbalanced': 1211504, 'untileable6': 18751, 'periodic': 1345} [434s]
  1231800/2098208 {'unbalanced': 1211703, 'untileable6': 18752, 'periodic': 1345} [434s]
  1232000/2098208 {'unbalanced': 1211903, 'untileable6': 18752, 'periodic': 1345} [434s]
  1232200/2098208 {'unbalanced': 1212102, 'untileable6': 18753, 'periodic': 1345} [434s]
  1232400/2098208 {'unbalanced': 1212300, 'untileable6': 18754, 'periodic': 1346} [434s]
  1232600/2098208 {'unbalanced': 1212497, 'untileable6': 18757, 'periodic': 1346} [434s]
  1232800/2098208 {'unbalanced': 1212697, 'untileable6': 18757, 'periodic': 1346} [434s]
  1233000/2098208 {'unbalanced': 1212897, 'untileable6': 18757, 'periodic': 1346} [434s]
  1233200/2098208 {'unbalanced': 1213093, 'untileable6': 18761, 'periodic': 1346} [434s]
  1233400/2098208 {'unbalanced': 1213283, 'untileable6': 18770, 'periodic': 1347} [434s]
  1233600/2098208 {'unbalanced': 1213479, 'untileable6': 18774, 'periodic': 1347} [434s]
  1233800/2098208 {'unbalanced': 1213673, 'untileable6': 18780, 'periodic': 1347} [434s]
  1234000/2098208 {'unbalanced': 1213871, 'untileable6': 18782, 'periodic': 1347} [434s]
  1234200/2098208 {'unbalanced': 1214066, 'untileable6': 18787, 'periodic': 1347} [434s]
  1234400/2098208 {'unbalanced': 1214266, 'untileable6': 18787, 'periodic': 1347} [434s]
  1234600/2098208 {'unbalanced': 1214466, 'untileable6': 18787, 'periodic': 1347} [434s]
  1234800/2098208 {'unbalanced': 1214660, 'untileable6': 18791, 'periodic': 1349} [434s]
  1235000/2098208 {'unbalanced': 1214856, 'untileable6': 18795, 'periodic': 1349} [434s]
  1235200/2098208 {'unbalanced': 1215055, 'untileable6': 18796, 'periodic': 1349} [434s]
  1235400/2098208 {'unbalanced': 1215251, 'untileable6': 18799, 'periodic': 1350} [434s]
  1235600/2098208 {'unbalanced': 1215446, 'untileable6': 18804, 'periodic': 1350} [434s]
  1235800/2098208 {'unbalanced': 1215646, 'untileable6': 18804, 'periodic': 1350} [434s]
  1236000/2098208 {'unbalanced': 1215844, 'untileable6': 18806, 'periodic': 1350} [434s]
  1236200/2098208 {'unbalanced': 1216029, 'untileable6': 18821, 'periodic': 1350} [434s]
  1236400/2098208 {'unbalanced': 1216209, 'untileable6': 18840, 'periodic': 1351} [434s]
  1236600/2098208 {'unbalanced': 1216401, 'untileable6': 18848, 'periodic': 1351} [434s]
  1236800/2098208 {'unbalanced': 1216591, 'untileable6': 18858, 'periodic': 1351} [434s]
  1237000/2098208 {'unbalanced': 1216785, 'untileable6': 18864, 'periodic': 1351} [434s]
  1237200/2098208 {'unbalanced': 1216985, 'untileable6': 18864, 'periodic': 1351} [434s]
  1237400/2098208 {'unbalanced': 1217181, 'untileable6': 18867, 'periodic': 1352} [434s]
  1237600/2098208 {'unbalanced': 1217378, 'untileable6': 18870, 'periodic': 1352} [434s]
  1237800/2098208 {'unbalanced': 1217576, 'untileable6': 18872, 'periodic': 1352} [434s]
  1238000/2098208 {'unbalanced': 1217769, 'untileable6': 18878, 'periodic': 1353} [434s]
  1238200/2098208 {'unbalanced': 1217967, 'untileable6': 18880, 'periodic': 1353} [434s]
  1238400/2098208 {'unbalanced': 1218167, 'untileable6': 18880, 'periodic': 1353} [434s]
  1238600/2098208 {'unbalanced': 1218364, 'untileable6': 18883, 'periodic': 1353} [434s]
  1238800/2098208 {'unbalanced': 1218548, 'untileable6': 18899, 'periodic': 1353} [434s]
  1239000/2098208 {'unbalanced': 1218729, 'untileable6': 18917, 'periodic': 1354} [434s]
  1239200/2098208 {'unbalanced': 1218920, 'untileable6': 18926, 'periodic': 1354} [434s]
  1239400/2098208 {'unbalanced': 1219112, 'untileable6': 18934, 'periodic': 1354} [434s]
  1239600/2098208 {'unbalanced': 1219307, 'untileable6': 18939, 'periodic': 1354} [434s]
  1239800/2098208 {'unbalanced': 1219500, 'untileable6': 18945, 'periodic': 1355} [434s]
  1240000/2098208 {'unbalanced': 1219700, 'untileable6': 18945, 'periodic': 1355} [434s]
  1240200/2098208 {'unbalanced': 1219894, 'untileable6': 18950, 'periodic': 1356} [434s]
  1240400/2098208 {'unbalanced': 1220092, 'untileable6': 18952, 'periodic': 1356} [434s]
  1240600/2098208 {'unbalanced': 1220289, 'untileable6': 18955, 'periodic': 1356} [434s]
  1240800/2098208 {'unbalanced': 1220488, 'untileable6': 18956, 'periodic': 1356} [434s]
  1241000/2098208 {'unbalanced': 1220683, 'untileable6': 18960, 'periodic': 1357} [434s]
  1241200/2098208 {'unbalanced': 1220883, 'untileable6': 18960, 'periodic': 1357} [434s]
  1241400/2098208 {'unbalanced': 1221083, 'untileable6': 18960, 'periodic': 1357} [434s]
  1241600/2098208 {'unbalanced': 1221273, 'untileable6': 18970, 'periodic': 1357} [434s]
  1241800/2098208 {'unbalanced': 1221459, 'untileable6': 18983, 'periodic': 1358} [434s]
  1242000/2098208 {'unbalanced': 1221651, 'untileable6': 18991, 'periodic': 1358} [434s]
  1242200/2098208 {'unbalanced': 1221845, 'untileable6': 18997, 'periodic': 1358} [435s]
  1242400/2098208 {'unbalanced': 1222041, 'untileable6': 19001, 'periodic': 1358} [435s]
  1242600/2098208 {'unbalanced': 1222240, 'untileable6': 19002, 'periodic': 1358} [435s]
  1242800/2098208 {'unbalanced': 1222440, 'untileable6': 19002, 'periodic': 1358} [435s]
  1243000/2098208 {'unbalanced': 1222640, 'untileable6': 19002, 'periodic': 1358} [435s]
  1243200/2098208 {'unbalanced': 1222839, 'untileable6': 19003, 'periodic': 1358} [435s]
  1243400/2098208 {'unbalanced': 1223037, 'untileable6': 19005, 'periodic': 1358} [435s]
  1243600/2098208 {'unbalanced': 1223234, 'untileable6': 19008, 'periodic': 1358} [435s]
  1243800/2098208 {'unbalanced': 1223434, 'untileable6': 19008, 'periodic': 1358} [435s]
  1244000/2098208 {'unbalanced': 1223634, 'untileable6': 19008, 'periodic': 1358} [435s]
  1244200/2098208 {'unbalanced': 1223830, 'untileable6': 19012, 'periodic': 1358} [435s]
  1244400/2098208 {'unbalanced': 1224030, 'untileable6': 19012, 'periodic': 1358} [435s]
  1244600/2098208 {'unbalanced': 1224227, 'untileable6': 19015, 'periodic': 1358} [435s]
  1244800/2098208 {'unbalanced': 1224423, 'untileable6': 19019, 'periodic': 1358} [435s]
  1245000/2098208 {'unbalanced': 1224613, 'untileable6': 19029, 'periodic': 1358} [435s]
  1245200/2098208 {'unbalanced': 1224813, 'untileable6': 19029, 'periodic': 1358} [435s]
  1245400/2098208 {'unbalanced': 1225012, 'untileable6': 19030, 'periodic': 1358} [435s]
  1245600/2098208 {'unbalanced': 1225212, 'untileable6': 19030, 'periodic': 1358} [435s]
  1245800/2098208 {'unbalanced': 1225412, 'untileable6': 19030, 'periodic': 1358} [435s]
  1246000/2098208 {'unbalanced': 1225610, 'untileable6': 19032, 'periodic': 1358} [435s]
  1246200/2098208 {'unbalanced': 1225807, 'untileable6': 19035, 'periodic': 1358} [435s]
  1246400/2098208 {'unbalanced': 1225997, 'untileable6': 19045, 'periodic': 1358} [435s]
  1246600/2098208 {'unbalanced': 1226197, 'untileable6': 19045, 'periodic': 1358} [435s]
  1246800/2098208 {'unbalanced': 1226397, 'untileable6': 19045, 'periodic': 1358} [435s]
  1247000/2098208 {'unbalanced': 1226597, 'untileable6': 19045, 'periodic': 1358} [435s]
  1247200/2098208 {'unbalanced': 1226792, 'untileable6': 19050, 'periodic': 1358} [435s]
  1247400/2098208 {'unbalanced': 1226987, 'untileable6': 19055, 'periodic': 1358} [435s]
  1247600/2098208 {'unbalanced': 1227184, 'untileable6': 19057, 'periodic': 1359} [435s]
  1247800/2098208 {'unbalanced': 1227370, 'untileable6': 19067, 'periodic': 1363} [435s]
  1248000/2098208 {'unbalanced': 1227570, 'untileable6': 19067, 'periodic': 1363} [435s]
  1248200/2098208 {'unbalanced': 1227770, 'untileable6': 19067, 'periodic': 1363} [435s]
  1248400/2098208 {'unbalanced': 1227970, 'untileable6': 19067, 'periodic': 1363} [435s]
  1248600/2098208 {'unbalanced': 1228168, 'untileable6': 19069, 'periodic': 1363} [435s]
  1248800/2098208 {'unbalanced': 1228366, 'untileable6': 19071, 'periodic': 1363} [435s]
  1249000/2098208 {'unbalanced': 1228557, 'untileable6': 19080, 'periodic': 1363} [435s]
  1249200/2098208 {'unbalanced': 1228755, 'untileable6': 19082, 'periodic': 1363} [435s]
  1249400/2098208 {'unbalanced': 1228955, 'untileable6': 19082, 'periodic': 1363} [435s]
  1249600/2098208 {'unbalanced': 1229155, 'untileable6': 19082, 'periodic': 1363} [435s]
  1249800/2098208 {'unbalanced': 1229351, 'untileable6': 19086, 'periodic': 1363} [435s]
  1250000/2098208 {'unbalanced': 1229547, 'untileable6': 19090, 'periodic': 1363} [435s]
  1250200/2098208 {'unbalanced': 1229741, 'untileable6': 19092, 'periodic': 1367} [435s]
  1250400/2098208 {'unbalanced': 1229935, 'untileable6': 19094, 'periodic': 1371} [435s]
  1250600/2098208 {'unbalanced': 1230120, 'untileable6': 19106, 'periodic': 1374} [435s]
  1250800/2098208 {'unbalanced': 1230320, 'untileable6': 19106, 'periodic': 1374} [435s]
  1251000/2098208 {'unbalanced': 1230520, 'untileable6': 19106, 'periodic': 1374} [435s]
  1251200/2098208 {'unbalanced': 1230716, 'untileable6': 19110, 'periodic': 1374} [435s]
  1251400/2098208 {'unbalanced': 1230916, 'untileable6': 19110, 'periodic': 1374} [435s]
  1251600/2098208 {'unbalanced': 1231111, 'untileable6': 19115, 'periodic': 1374} [435s]
  1251800/2098208 {'unbalanced': 1231309, 'untileable6': 19117, 'periodic': 1374} [435s]
  1252000/2098208 {'unbalanced': 1231497, 'untileable6': 19129, 'periodic': 1374} [435s]
  1252200/2098208 {'unbalanced': 1231697, 'untileable6': 19129, 'periodic': 1374} [435s]
  1252400/2098208 {'unbalanced': 1231897, 'untileable6': 19129, 'periodic': 1374} [435s]
  1252600/2098208 {'unbalanced': 1232093, 'untileable6': 19133, 'periodic': 1374} [435s]
  1252800/2098208 {'unbalanced': 1232287, 'untileable6': 19139, 'periodic': 1374} [435s]
  1253000/2098208 {'unbalanced': 1232479, 'untileable6': 19147, 'periodic': 1374} [435s]
  1253200/2098208 {'unbalanced': 1232666, 'untileable6': 19160, 'periodic': 1374} [435s]
  1253400/2098208 {'unbalanced': 1232864, 'untileable6': 19162, 'periodic': 1374} [435s]
  1253600/2098208 {'unbalanced': 1233064, 'untileable6': 19162, 'periodic': 1374} [435s]
  1253800/2098208 {'unbalanced': 1233262, 'untileable6': 19164, 'periodic': 1374} [435s]
  1254000/2098208 {'unbalanced': 1233459, 'untileable6': 19167, 'periodic': 1374} [435s]
  1254200/2098208 {'unbalanced': 1233654, 'untileable6': 19172, 'periodic': 1374} [435s]
  1254400/2098208 {'unbalanced': 1233845, 'untileable6': 19181, 'periodic': 1374} [435s]
  1254600/2098208 {'unbalanced': 1234045, 'untileable6': 19181, 'periodic': 1374} [435s]
  1254800/2098208 {'unbalanced': 1234245, 'untileable6': 19181, 'periodic': 1374} [435s]
  1255000/2098208 {'unbalanced': 1234441, 'untileable6': 19185, 'periodic': 1374} [435s]
  1255200/2098208 {'unbalanced': 1234637, 'untileable6': 19189, 'periodic': 1374} [435s]
  1255400/2098208 {'unbalanced': 1234835, 'untileable6': 19191, 'periodic': 1374} [435s]
  1255600/2098208 {'unbalanced': 1235031, 'untileable6': 19195, 'periodic': 1374} [435s]
  1255800/2098208 {'unbalanced': 1235222, 'untileable6': 19204, 'periodic': 1374} [435s]
  1256000/2098208 {'unbalanced': 1235418, 'untileable6': 19208, 'periodic': 1374} [435s]
  1256200/2098208 {'unbalanced': 1235618, 'untileable6': 19208, 'periodic': 1374} [435s]
  1256400/2098208 {'unbalanced': 1235814, 'untileable6': 19212, 'periodic': 1374} [435s]
  1256600/2098208 {'unbalanced': 1236012, 'untileable6': 19213, 'periodic': 1375} [435s]
  1256800/2098208 {'unbalanced': 1236206, 'untileable6': 19214, 'periodic': 1380} [435s]
  1257000/2098208 {'unbalanced': 1236400, 'untileable6': 19217, 'periodic': 1383} [435s]
  1257200/2098208 {'unbalanced': 1236588, 'untileable6': 19224, 'periodic': 1388} [435s]
  1257400/2098208 {'unbalanced': 1236776, 'untileable6': 19235, 'periodic': 1389} [435s]
  1257600/2098208 {'unbalanced': 1236976, 'untileable6': 19235, 'periodic': 1389} [435s]
  1257800/2098208 {'unbalanced': 1237176, 'untileable6': 19235, 'periodic': 1389} [435s]
  1258000/2098208 {'unbalanced': 1237367, 'untileable6': 19244, 'periodic': 1389} [435s]
  1258200/2098208 {'unbalanced': 1237559, 'untileable6': 19252, 'periodic': 1389} [435s]
  1258400/2098208 {'unbalanced': 1237754, 'untileable6': 19257, 'periodic': 1389} [435s]
  1258600/2098208 {'unbalanced': 1237942, 'untileable6': 19269, 'periodic': 1389} [435s]
  1258800/2098208 {'unbalanced': 1238138, 'untileable6': 19273, 'periodic': 1389} [435s]
  1259000/2098208 {'unbalanced': 1238337, 'untileable6': 19274, 'periodic': 1389} [435s]
  1259200/2098208 {'unbalanced': 1238534, 'untileable6': 19276, 'periodic': 1390} [435s]
  1259400/2098208 {'unbalanced': 1238731, 'untileable6': 19277, 'periodic': 1392} [435s]
  1259600/2098208 {'unbalanced': 1238925, 'untileable6': 19280, 'periodic': 1395} [435s]
  1259800/2098208 {'unbalanced': 1239113, 'untileable6': 19286, 'periodic': 1401} [435s]
  1260000/2098208 {'unbalanced': 1239297, 'untileable6': 19299, 'periodic': 1404} [435s]
  1260200/2098208 {'unbalanced': 1239497, 'untileable6': 19299, 'periodic': 1404} [435s]
  1260400/2098208 {'unbalanced': 1239697, 'untileable6': 19299, 'periodic': 1404} [435s]
  1260600/2098208 {'unbalanced': 1239888, 'untileable6': 19308, 'periodic': 1404} [436s]
  1260800/2098208 {'unbalanced': 1240080, 'untileable6': 19316, 'periodic': 1404} [436s]
  1261000/2098208 {'unbalanced': 1240274, 'untileable6': 19322, 'periodic': 1404} [436s]
  1261200/2098208 {'unbalanced': 1240467, 'untileable6': 19329, 'periodic': 1404} [436s]
  1261400/2098208 {'unbalanced': 1240646, 'untileable6': 19350, 'periodic': 1404} [436s]
  1261600/2098208 {'unbalanced': 1240844, 'untileable6': 19352, 'periodic': 1404} [436s]
  1261800/2098208 {'unbalanced': 1241044, 'untileable6': 19352, 'periodic': 1404} [436s]
  1262000/2098208 {'unbalanced': 1241238, 'untileable6': 19358, 'periodic': 1404} [436s]
  1262200/2098208 {'unbalanced': 1241432, 'untileable6': 19364, 'periodic': 1404} [436s]
  1262400/2098208 {'unbalanced': 1241626, 'untileable6': 19370, 'periodic': 1404} [436s]
  1262600/2098208 {'unbalanced': 1241818, 'untileable6': 19378, 'periodic': 1404} [436s]
  1262800/2098208 {'unbalanced': 1242007, 'untileable6': 19389, 'periodic': 1404} [436s]
  1263000/2098208 {'unbalanced': 1242193, 'untileable6': 19403, 'periodic': 1404} [436s]
  1263200/2098208 {'unbalanced': 1242393, 'untileable6': 19403, 'periodic': 1404} [436s]
  1263400/2098208 {'unbalanced': 1242593, 'untileable6': 19403, 'periodic': 1404} [436s]
  1263600/2098208 {'unbalanced': 1242785, 'untileable6': 19411, 'periodic': 1404} [436s]
  1263800/2098208 {'unbalanced': 1242979, 'untileable6': 19417, 'periodic': 1404} [436s]
  1264000/2098208 {'unbalanced': 1243177, 'untileable6': 19419, 'periodic': 1404} [436s]
  1264200/2098208 {'unbalanced': 1243369, 'untileable6': 19427, 'periodic': 1404} [436s]
  1264400/2098208 {'unbalanced': 1243568, 'untileable6': 19428, 'periodic': 1404} [436s]
  1264600/2098208 {'unbalanced': 1243766, 'untileable6': 19430, 'periodic': 1404} [436s]
  1264800/2098208 {'unbalanced': 1243963, 'untileable6': 19433, 'periodic': 1404} [436s]
  1265000/2098208 {'unbalanced': 1244161, 'untileable6': 19435, 'periodic': 1404} [436s]
  1265200/2098208 {'unbalanced': 1244356, 'untileable6': 19440, 'periodic': 1404} [436s]
  1265400/2098208 {'unbalanced': 1244555, 'untileable6': 19441, 'periodic': 1404} [436s]
  1265600/2098208 {'unbalanced': 1244752, 'untileable6': 19444, 'periodic': 1404} [436s]
  1265800/2098208 {'unbalanced': 1244947, 'untileable6': 19449, 'periodic': 1404} [436s]
  1266000/2098208 {'unbalanced': 1245138, 'untileable6': 19458, 'periodic': 1404} [436s]
  1266200/2098208 {'unbalanced': 1245335, 'untileable6': 19461, 'periodic': 1404} [436s]
  1266400/2098208 {'unbalanced': 1245526, 'untileable6': 19470, 'periodic': 1404} [436s]
  1266600/2098208 {'unbalanced': 1245721, 'untileable6': 19475, 'periodic': 1404} [436s]
  1266800/2098208 {'unbalanced': 1245917, 'untileable6': 19479, 'periodic': 1404} [436s]
  1267000/2098208 {'unbalanced': 1246116, 'untileable6': 19480, 'periodic': 1404} [436s]
  1267200/2098208 {'unbalanced': 1246312, 'untileable6': 19484, 'periodic': 1404} [436s]
  1267400/2098208 {'unbalanced': 1246511, 'untileable6': 19485, 'periodic': 1404} [436s]
  1267600/2098208 {'unbalanced': 1246702, 'untileable6': 19494, 'periodic': 1404} [436s]
  1267800/2098208 {'unbalanced': 1246899, 'untileable6': 19497, 'periodic': 1404} [436s]
  1268000/2098208 {'unbalanced': 1247094, 'untileable6': 19502, 'periodic': 1404} [436s]
  1268200/2098208 {'unbalanced': 1247289, 'untileable6': 19507, 'periodic': 1404} [436s]
  1268400/2098208 {'unbalanced': 1247486, 'untileable6': 19509, 'periodic': 1405} [436s]
  1268600/2098208 {'unbalanced': 1247679, 'untileable6': 19511, 'periodic': 1410} [436s]
  1268800/2098208 {'unbalanced': 1247869, 'untileable6': 19513, 'periodic': 1418} [436s]
  1269000/2098208 {'unbalanced': 1248055, 'untileable6': 19518, 'periodic': 1427} [436s]
  1269200/2098208 {'unbalanced': 1248247, 'untileable6': 19521, 'periodic': 1432} [436s]
  1269400/2098208 {'unbalanced': 1248434, 'untileable6': 19534, 'periodic': 1432} [436s]
  1269600/2098208 {'unbalanced': 1248629, 'untileable6': 19539, 'periodic': 1432} [436s]
  1269800/2098208 {'unbalanced': 1248828, 'untileable6': 19540, 'periodic': 1432} [436s]
  1270000/2098208 {'unbalanced': 1249027, 'untileable6': 19541, 'periodic': 1432} [436s]
  1270200/2098208 {'unbalanced': 1249217, 'untileable6': 19550, 'periodic': 1433} [436s]
  1270400/2098208 {'unbalanced': 1249414, 'untileable6': 19552, 'periodic': 1434} [436s]
  1270600/2098208 {'unbalanced': 1249612, 'untileable6': 19554, 'periodic': 1434} [436s]
  1270800/2098208 {'unbalanced': 1249803, 'untileable6': 19563, 'periodic': 1434} [436s]
  1271000/2098208 {'unbalanced': 1250001, 'untileable6': 19564, 'periodic': 1435} [436s]
  1271200/2098208 {'unbalanced': 1250195, 'untileable6': 19566, 'periodic': 1439} [436s]
  1271400/2098208 {'unbalanced': 1250387, 'untileable6': 19568, 'periodic': 1445} [436s]
  1271600/2098208 {'unbalanced': 1250570, 'untileable6': 19582, 'periodic': 1448} [436s]
  1271800/2098208 {'unbalanced': 1250761, 'untileable6': 19591, 'periodic': 1448} [436s]
  1272000/2098208 {'unbalanced': 1250944, 'untileable6': 19608, 'periodic': 1448} [436s]
  1272200/2098208 {'unbalanced': 1251133, 'untileable6': 19619, 'periodic': 1448} [436s]
  1272400/2098208 {'unbalanced': 1251332, 'untileable6': 19620, 'periodic': 1448} [436s]
  1272600/2098208 {'unbalanced': 1251528, 'untileable6': 19624, 'periodic': 1448} [436s]
  1272800/2098208 {'unbalanced': 1251724, 'untileable6': 19628, 'periodic': 1448} [436s]
  1273000/2098208 {'unbalanced': 1251920, 'untileable6': 19632, 'periodic': 1448} [436s]
  1273200/2098208 {'unbalanced': 1252116, 'untileable6': 19636, 'periodic': 1448} [436s]
  1273400/2098208 {'unbalanced': 1252309, 'untileable6': 19642, 'periodic': 1449} [437s]
  1273600/2098208 {'unbalanced': 1252505, 'untileable6': 19644, 'periodic': 1451} [437s]
  1273800/2098208 {'unbalanced': 1252700, 'untileable6': 19649, 'periodic': 1451} [437s]
  1274000/2098208 {'unbalanced': 1252894, 'untileable6': 19655, 'periodic': 1451} [437s]
  1274200/2098208 {'unbalanced': 1253083, 'untileable6': 19664, 'periodic': 1453} [437s]
  1274400/2098208 {'unbalanced': 1253273, 'untileable6': 19673, 'periodic': 1454} [437s]
  1274600/2098208 {'unbalanced': 1253457, 'untileable6': 19688, 'periodic': 1455} [437s]
  1274800/2098208 {'unbalanced': 1253647, 'untileable6': 19698, 'periodic': 1455} [437s]
  1275000/2098208 {'unbalanced': 1253841, 'untileable6': 19704, 'periodic': 1455} [437s]
  1275200/2098208 {'unbalanced': 1254041, 'untileable6': 19704, 'periodic': 1455} [437s]
  1275400/2098208 {'unbalanced': 1254236, 'untileable6': 19709, 'periodic': 1455} [437s]
  1275600/2098208 {'unbalanced': 1254426, 'untileable6': 19717, 'periodic': 1457} [437s]
  1275800/2098208 {'unbalanced': 1254623, 'untileable6': 19718, 'periodic': 1459} [437s]
  1276000/2098208 {'unbalanced': 1254818, 'untileable6': 19723, 'periodic': 1459} [437s]
  1276200/2098208 {'unbalanced': 1255012, 'untileable6': 19729, 'periodic': 1459} [437s]
  1276400/2098208 {'unbalanced': 1255209, 'untileable6': 19731, 'periodic': 1460} [437s]
  1276600/2098208 {'unbalanced': 1255404, 'untileable6': 19734, 'periodic': 1462} [437s]
  1276800/2098208 {'unbalanced': 1255595, 'untileable6': 19742, 'periodic': 1463} [437s]
  1277000/2098208 {'unbalanced': 1255790, 'untileable6': 19747, 'periodic': 1463} [437s]
  1277200/2098208 {'unbalanced': 1255983, 'untileable6': 19753, 'periodic': 1464} [437s]
  1277400/2098208 {'unbalanced': 1256175, 'untileable6': 19759, 'periodic': 1466} [437s]
  1277600/2098208 {'unbalanced': 1256371, 'untileable6': 19763, 'periodic': 1466} [437s]
  1277800/2098208 {'unbalanced': 1256569, 'untileable6': 19763, 'periodic': 1468} [437s]
  1278000/2098208 {'unbalanced': 1256761, 'untileable6': 19766, 'periodic': 1473} [437s]
  1278200/2098208 {'unbalanced': 1256945, 'untileable6': 19779, 'periodic': 1476} [437s]
  1278400/2098208 {'unbalanced': 1257133, 'untileable6': 19790, 'periodic': 1477} [437s]
  1278600/2098208 {'unbalanced': 1257313, 'untileable6': 19808, 'periodic': 1479} [437s]
  1278800/2098208 {'unbalanced': 1257504, 'untileable6': 19815, 'periodic': 1481} [437s]
  1279000/2098208 {'unbalanced': 1257694, 'untileable6': 19824, 'periodic': 1482} [437s]
  1279200/2098208 {'unbalanced': 1257886, 'untileable6': 19832, 'periodic': 1482} [437s]
  1279400/2098208 {'unbalanced': 1258077, 'untileable6': 19840, 'periodic': 1483} [437s]
  1279600/2098208 {'unbalanced': 1258271, 'untileable6': 19844, 'periodic': 1485} [437s]
  1279800/2098208 {'unbalanced': 1258450, 'untileable6': 19863, 'periodic': 1487} [437s]
  1280000/2098208 {'unbalanced': 1258641, 'untileable6': 19871, 'periodic': 1488} [437s]
  1280200/2098208 {'unbalanced': 1258832, 'untileable6': 19880, 'periodic': 1488} [437s]
  1280400/2098208 {'unbalanced': 1259025, 'untileable6': 19887, 'periodic': 1488} [437s]
  1280600/2098208 {'unbalanced': 1259222, 'untileable6': 19889, 'periodic': 1489} [437s]
  1280800/2098208 {'unbalanced': 1259407, 'untileable6': 19901, 'periodic': 1492} [437s]
  1281000/2098208 {'unbalanced': 1259593, 'untileable6': 19913, 'periodic': 1494} [437s]
  1281200/2098208 {'unbalanced': 1259772, 'untileable6': 19932, 'periodic': 1496} [437s]
  1281400/2098208 {'unbalanced': 1259962, 'untileable6': 19940, 'periodic': 1498} [437s]
  1281600/2098208 {'unbalanced': 1260155, 'untileable6': 19946, 'periodic': 1499} [437s]
  1281800/2098208 {'unbalanced': 1260348, 'untileable6': 19952, 'periodic': 1500} [437s]
  1282000/2098208 {'unbalanced': 1260535, 'untileable6': 19963, 'periodic': 1502} [437s]
  1282200/2098208 {'unbalanced': 1260730, 'untileable6': 19966, 'periodic': 1504} [437s]
  1282400/2098208 {'unbalanced': 1260910, 'untileable6': 19984, 'periodic': 1506} [437s]
  1282600/2098208 {'unbalanced': 1261100, 'untileable6': 19992, 'periodic': 1508} [437s]
  1282800/2098208 {'unbalanced': 1261287, 'untileable6': 20003, 'periodic': 1510} [438s]
  1283000/2098208 {'unbalanced': 1261475, 'untileable6': 20011, 'periodic': 1514} [438s]
  1283200/2098208 {'unbalanced': 1261667, 'untileable6': 20017, 'periodic': 1516} [438s]
  1283400/2098208 {'unbalanced': 1261861, 'untileable6': 20021, 'periodic': 1518} [438s]
  1283600/2098208 {'unbalanced': 1262053, 'untileable6': 20027, 'periodic': 1520} [438s]
  1283800/2098208 {'unbalanced': 1262239, 'untileable6': 20038, 'periodic': 1523} [438s]
  1284000/2098208 {'unbalanced': 1262429, 'untileable6': 20046, 'periodic': 1525} [438s]
  1284200/2098208 {'unbalanced': 1262614, 'untileable6': 20058, 'periodic': 1528} [438s]
  1284400/2098208 {'unbalanced': 1262808, 'untileable6': 20063, 'periodic': 1529} [438s]
  1284600/2098208 {'unbalanced': 1263001, 'untileable6': 20067, 'periodic': 1532} [438s]
  1284800/2098208 {'unbalanced': 1263193, 'untileable6': 20075, 'periodic': 1532} [438s]
  1285000/2098208 {'unbalanced': 1263387, 'untileable6': 20079, 'periodic': 1534} [438s]
  1285200/2098208 {'unbalanced': 1263581, 'untileable6': 20083, 'periodic': 1536} [438s]
  1285400/2098208 {'unbalanced': 1263767, 'untileable6': 20095, 'periodic': 1538} [438s]
  1285600/2098208 {'unbalanced': 1263961, 'untileable6': 20099, 'periodic': 1540} [438s]
  1285800/2098208 {'unbalanced': 1264156, 'untileable6': 20099, 'periodic': 1545} [438s]
  1286000/2098208 {'unbalanced': 1264356, 'untileable6': 20099, 'periodic': 1545} [438s]
  1286200/2098208 {'unbalanced': 1264555, 'untileable6': 20100, 'periodic': 1545} [438s]
  1286400/2098208 {'unbalanced': 1264755, 'untileable6': 20100, 'periodic': 1545} [438s]
  1286600/2098208 {'unbalanced': 1264953, 'untileable6': 20102, 'periodic': 1545} [438s]
  1286800/2098208 {'unbalanced': 1265151, 'untileable6': 20104, 'periodic': 1545} [438s]
  1287000/2098208 {'unbalanced': 1265348, 'untileable6': 20107, 'periodic': 1545} [438s]
  1287200/2098208 {'unbalanced': 1265548, 'untileable6': 20107, 'periodic': 1545} [438s]
  1287400/2098208 {'unbalanced': 1265746, 'untileable6': 20109, 'periodic': 1545} [438s]
  1287600/2098208 {'unbalanced': 1265944, 'untileable6': 20111, 'periodic': 1545} [438s]
  1287800/2098208 {'unbalanced': 1266141, 'untileable6': 20114, 'periodic': 1545} [438s]
  1288000/2098208 {'unbalanced': 1266339, 'untileable6': 20116, 'periodic': 1545} [438s]
  1288200/2098208 {'unbalanced': 1266528, 'untileable6': 20121, 'periodic': 1551} [438s]
  1288400/2098208 {'unbalanced': 1266714, 'untileable6': 20135, 'periodic': 1551} [438s]
  1288600/2098208 {'unbalanced': 1266906, 'untileable6': 20143, 'periodic': 1551} [438s]
  1288800/2098208 {'unbalanced': 1267106, 'untileable6': 20143, 'periodic': 1551} [438s]
  1289000/2098208 {'unbalanced': 1267305, 'untileable6': 20144, 'periodic': 1551} [438s]
  1289200/2098208 {'unbalanced': 1267502, 'untileable6': 20147, 'periodic': 1551} [438s]
  1289400/2098208 {'unbalanced': 1267700, 'untileable6': 20149, 'periodic': 1551} [438s]
  1289600/2098208 {'unbalanced': 1267893, 'untileable6': 20156, 'periodic': 1551} [438s]
  1289800/2098208 {'unbalanced': 1268080, 'untileable6': 20169, 'periodic': 1551} [438s]
  1290000/2098208 {'unbalanced': 1268268, 'untileable6': 20181, 'periodic': 1551} [438s]
  1290200/2098208 {'unbalanced': 1268464, 'untileable6': 20185, 'periodic': 1551} [438s]
  1290400/2098208 {'unbalanced': 1268660, 'untileable6': 20189, 'periodic': 1551} [438s]
  1290600/2098208 {'unbalanced': 1268855, 'untileable6': 20194, 'periodic': 1551} [438s]
  1290800/2098208 {'unbalanced': 1269051, 'untileable6': 20198, 'periodic': 1551} [438s]
  1291000/2098208 {'unbalanced': 1269244, 'untileable6': 20205, 'periodic': 1551} [438s]
  1291200/2098208 {'unbalanced': 1269429, 'untileable6': 20220, 'periodic': 1551} [438s]
  1291400/2098208 {'unbalanced': 1269614, 'untileable6': 20235, 'periodic': 1551} [438s]
  1291600/2098208 {'unbalanced': 1269812, 'untileable6': 20237, 'periodic': 1551} [438s]
  1291800/2098208 {'unbalanced': 1270010, 'untileable6': 20239, 'periodic': 1551} [438s]
  1292000/2098208 {'unbalanced': 1270207, 'untileable6': 20242, 'periodic': 1551} [438s]
  1292200/2098208 {'unbalanced': 1270406, 'untileable6': 20243, 'periodic': 1551} [438s]
  1292400/2098208 {'unbalanced': 1270602, 'untileable6': 20247, 'periodic': 1551} [438s]
  1292600/2098208 {'unbalanced': 1270798, 'untileable6': 20251, 'periodic': 1551} [438s]
  1292800/2098208 {'unbalanced': 1270995, 'untileable6': 20254, 'periodic': 1551} [438s]
  1293000/2098208 {'unbalanced': 1271193, 'untileable6': 20256, 'periodic': 1551} [438s]
  1293200/2098208 {'unbalanced': 1271383, 'untileable6': 20266, 'periodic': 1551} [438s]
  1293400/2098208 {'unbalanced': 1271569, 'untileable6': 20280, 'periodic': 1551} [438s]
  1293600/2098208 {'unbalanced': 1271760, 'untileable6': 20289, 'periodic': 1551} [438s]
  1293800/2098208 {'unbalanced': 1271953, 'untileable6': 20296, 'periodic': 1551} [438s]
  1294000/2098208 {'unbalanced': 1272137, 'untileable6': 20312, 'periodic': 1551} [438s]
  1294200/2098208 {'unbalanced': 1272324, 'untileable6': 20325, 'periodic': 1551} [438s]
  1294400/2098208 {'unbalanced': 1272519, 'untileable6': 20330, 'periodic': 1551} [438s]
  1294600/2098208 {'unbalanced': 1272714, 'untileable6': 20335, 'periodic': 1551} [438s]
  1294800/2098208 {'unbalanced': 1272902, 'untileable6': 20347, 'periodic': 1551} [439s]
  1295000/2098208 {'unbalanced': 1273089, 'untileable6': 20360, 'periodic': 1551} [439s]
  1295200/2098208 {'unbalanced': 1273279, 'untileable6': 20370, 'periodic': 1551} [439s]
  1295400/2098208 {'unbalanced': 1273466, 'untileable6': 20383, 'periodic': 1551} [439s]
  1295600/2098208 {'unbalanced': 1273650, 'untileable6': 20399, 'periodic': 1551} [439s]
  1295800/2098208 {'unbalanced': 1273839, 'untileable6': 20410, 'periodic': 1551} [439s]
  1296000/2098208 {'unbalanced': 1274034, 'untileable6': 20415, 'periodic': 1551} [439s]
  1296200/2098208 {'unbalanced': 1274223, 'untileable6': 20426, 'periodic': 1551} [439s]
  1296400/2098208 {'unbalanced': 1274407, 'untileable6': 20442, 'periodic': 1551} [439s]
  1296600/2098208 {'unbalanced': 1274594, 'untileable6': 20455, 'periodic': 1551} [439s]
  1296800/2098208 {'unbalanced': 1274783, 'untileable6': 20466, 'periodic': 1551} [439s]
  1297000/2098208 {'unbalanced': 1274969, 'untileable6': 20480, 'periodic': 1551} [439s]
  1297200/2098208 {'unbalanced': 1275156, 'untileable6': 20493, 'periodic': 1551} [439s]
  1297400/2098208 {'unbalanced': 1275356, 'untileable6': 20493, 'periodic': 1551} [439s]
  1297600/2098208 {'unbalanced': 1275555, 'untileable6': 20494, 'periodic': 1551} [439s]
  1297800/2098208 {'unbalanced': 1275755, 'untileable6': 20494, 'periodic': 1551} [439s]
  1298000/2098208 {'unbalanced': 1275952, 'untileable6': 20497, 'periodic': 1551} [439s]
  1298200/2098208 {'unbalanced': 1276149, 'untileable6': 20500, 'periodic': 1551} [439s]
  1298400/2098208 {'unbalanced': 1276347, 'untileable6': 20502, 'periodic': 1551} [439s]
  1298600/2098208 {'unbalanced': 1276547, 'untileable6': 20502, 'periodic': 1551} [439s]
  1298800/2098208 {'unbalanced': 1276745, 'untileable6': 20504, 'periodic': 1551} [439s]
  1299000/2098208 {'unbalanced': 1276942, 'untileable6': 20507, 'periodic': 1551} [439s]
  1299200/2098208 {'unbalanced': 1277139, 'untileable6': 20510, 'periodic': 1551} [439s]
  1299400/2098208 {'unbalanced': 1277335, 'untileable6': 20514, 'periodic': 1551} [439s]
  1299600/2098208 {'unbalanced': 1277521, 'untileable6': 20528, 'periodic': 1551} [439s]
  1299800/2098208 {'unbalanced': 1277714, 'untileable6': 20535, 'periodic': 1551} [439s]
  1300000/2098208 {'unbalanced': 1277910, 'untileable6': 20539, 'periodic': 1551} [439s]
  1300200/2098208 {'unbalanced': 1278109, 'untileable6': 20540, 'periodic': 1551} [439s]
  1300400/2098208 {'unbalanced': 1278308, 'untileable6': 20541, 'periodic': 1551} [439s]
  1300600/2098208 {'unbalanced': 1278505, 'untileable6': 20544, 'periodic': 1551} [439s]
  1300800/2098208 {'unbalanced': 1278705, 'untileable6': 20544, 'periodic': 1551} [439s]
  1301000/2098208 {'unbalanced': 1278891, 'untileable6': 20558, 'periodic': 1551} [439s]
  1301200/2098208 {'unbalanced': 1279082, 'untileable6': 20567, 'periodic': 1551} [439s]
  1301400/2098208 {'unbalanced': 1279273, 'untileable6': 20576, 'periodic': 1551} [439s]
  1301600/2098208 {'unbalanced': 1279473, 'untileable6': 20576, 'periodic': 1551} [439s]
  1301800/2098208 {'unbalanced': 1279668, 'untileable6': 20581, 'periodic': 1551} [439s]
  1302000/2098208 {'unbalanced': 1279865, 'untileable6': 20584, 'periodic': 1551} [439s]
  1302200/2098208 {'unbalanced': 1280062, 'untileable6': 20587, 'periodic': 1551} [439s]
  1302400/2098208 {'unbalanced': 1280261, 'untileable6': 20588, 'periodic': 1551} [439s]
  1302600/2098208 {'unbalanced': 1280445, 'untileable6': 20604, 'periodic': 1551} [439s]
  1302800/2098208 {'unbalanced': 1280638, 'untileable6': 20611, 'periodic': 1551} [439s]
  1303000/2098208 {'unbalanced': 1280835, 'untileable6': 20614, 'periodic': 1551} [439s]
  1303200/2098208 {'unbalanced': 1281035, 'untileable6': 20614, 'periodic': 1551} [439s]
  1303400/2098208 {'unbalanced': 1281232, 'untileable6': 20617, 'periodic': 1551} [439s]
  1303600/2098208 {'unbalanced': 1281432, 'untileable6': 20617, 'periodic': 1551} [439s]
  1303800/2098208 {'unbalanced': 1281628, 'untileable6': 20621, 'periodic': 1551} [439s]
  1304000/2098208 {'unbalanced': 1281825, 'untileable6': 20624, 'periodic': 1551} [439s]
  1304200/2098208 {'unbalanced': 1282022, 'untileable6': 20627, 'periodic': 1551} [439s]
  1304400/2098208 {'unbalanced': 1282220, 'untileable6': 20629, 'periodic': 1551} [439s]
  1304600/2098208 {'unbalanced': 1282406, 'untileable6': 20643, 'periodic': 1551} [439s]
  1304800/2098208 {'unbalanced': 1282597, 'untileable6': 20652, 'periodic': 1551} [439s]
  1305000/2098208 {'unbalanced': 1282790, 'untileable6': 20659, 'periodic': 1551} [439s]
  1305200/2098208 {'unbalanced': 1282984, 'untileable6': 20665, 'periodic': 1551} [439s]
  1305400/2098208 {'unbalanced': 1283171, 'untileable6': 20678, 'periodic': 1551} [439s]
  1305600/2098208 {'unbalanced': 1283364, 'untileable6': 20685, 'periodic': 1551} [439s]
  1305800/2098208 {'unbalanced': 1283562, 'untileable6': 20687, 'periodic': 1551} [439s]
  1306000/2098208 {'unbalanced': 1283748, 'untileable6': 20701, 'periodic': 1551} [439s]
  1306200/2098208 {'unbalanced': 1283939, 'untileable6': 20710, 'periodic': 1551} [439s]
  1306400/2098208 {'unbalanced': 1284130, 'untileable6': 20718, 'periodic': 1552} [439s]
  1306600/2098208 {'unbalanced': 1284329, 'untileable6': 20719, 'periodic': 1552} [439s]
  1306800/2098208 {'unbalanced': 1284513, 'untileable6': 20734, 'periodic': 1553} [440s]
  1307000/2098208 {'unbalanced': 1284704, 'untileable6': 20742, 'periodic': 1554} [440s]
  1307200/2098208 {'unbalanced': 1284898, 'untileable6': 20748, 'periodic': 1554} [440s]
  1307400/2098208 {'unbalanced': 1285097, 'untileable6': 20749, 'periodic': 1554} [440s]
  1307600/2098208 {'unbalanced': 1285280, 'untileable6': 20765, 'periodic': 1555} [440s]
  1307800/2098208 {'unbalanced': 1285472, 'untileable6': 20772, 'periodic': 1556} [440s]
  1308000/2098208 {'unbalanced': 1285666, 'untileable6': 20778, 'periodic': 1556} [440s]
  1308200/2098208 {'unbalanced': 1285860, 'untileable6': 20783, 'periodic': 1557} [440s]
  1308400/2098208 {'unbalanced': 1286047, 'untileable6': 20796, 'periodic': 1557} [440s]
  1308600/2098208 {'unbalanced': 1286242, 'untileable6': 20801, 'periodic': 1557} [440s]
  1308800/2098208 {'unbalanced': 1286442, 'untileable6': 20801, 'periodic': 1557} [440s]
  1309000/2098208 {'unbalanced': 1286642, 'untileable6': 20801, 'periodic': 1557} [440s]
  1309200/2098208 {'unbalanced': 1286842, 'untileable6': 20801, 'periodic': 1557} [440s]
  1309400/2098208 {'unbalanced': 1287042, 'untileable6': 20801, 'periodic': 1557} [440s]
  1309600/2098208 {'unbalanced': 1287242, 'untileable6': 20801, 'periodic': 1557} [440s]
  1309800/2098208 {'unbalanced': 1287442, 'untileable6': 20801, 'periodic': 1557} [440s]
  1310000/2098208 {'unbalanced': 1287642, 'untileable6': 20801, 'periodic': 1557} [440s]
  1310200/2098208 {'unbalanced': 1287842, 'untileable6': 20801, 'periodic': 1557} [440s]
  1310400/2098208 {'unbalanced': 1288042, 'untileable6': 20801, 'periodic': 1557} [440s]
  1310600/2098208 {'unbalanced': 1288242, 'untileable6': 20801, 'periodic': 1557} [440s]
  1310800/2098208 {'unbalanced': 1288441, 'untileable6': 20802, 'periodic': 1557} [440s]
  1311000/2098208 {'unbalanced': 1288641, 'untileable6': 20802, 'periodic': 1557} [440s]
  1311200/2098208 {'unbalanced': 1288841, 'untileable6': 20802, 'periodic': 1557} [440s]
  1311400/2098208 {'unbalanced': 1289041, 'untileable6': 20802, 'periodic': 1557} [440s]
  1311600/2098208 {'unbalanced': 1289241, 'untileable6': 20802, 'periodic': 1557} [440s]
  1311800/2098208 {'unbalanced': 1289440, 'untileable6': 20803, 'periodic': 1557} [440s]
  1312000/2098208 {'unbalanced': 1289640, 'untileable6': 20803, 'periodic': 1557} [440s]
  1312200/2098208 {'unbalanced': 1289840, 'untileable6': 20803, 'periodic': 1557} [440s]
  1312400/2098208 {'unbalanced': 1290040, 'untileable6': 20803, 'periodic': 1557} [440s]
  1312600/2098208 {'unbalanced': 1290240, 'untileable6': 20803, 'periodic': 1557} [440s]
  1312800/2098208 {'unbalanced': 1290436, 'untileable6': 20807, 'periodic': 1557} [440s]
  1313000/2098208 {'unbalanced': 1290632, 'untileable6': 20811, 'periodic': 1557} [440s]
  1313200/2098208 {'unbalanced': 1290832, 'untileable6': 20811, 'periodic': 1557} [440s]
  1313400/2098208 {'unbalanced': 1291032, 'untileable6': 20811, 'periodic': 1557} [440s]
  1313600/2098208 {'unbalanced': 1291232, 'untileable6': 20811, 'periodic': 1557} [440s]
  1313800/2098208 {'unbalanced': 1291432, 'untileable6': 20811, 'periodic': 1557} [440s]
  1314000/2098208 {'unbalanced': 1291632, 'untileable6': 20811, 'periodic': 1557} [440s]
  1314200/2098208 {'unbalanced': 1291832, 'untileable6': 20811, 'periodic': 1557} [440s]
  1314400/2098208 {'unbalanced': 1292032, 'untileable6': 20811, 'periodic': 1557} [440s]
  1314600/2098208 {'unbalanced': 1292231, 'untileable6': 20812, 'periodic': 1557} [440s]
  1314800/2098208 {'unbalanced': 1292430, 'untileable6': 20813, 'periodic': 1557} [440s]
  1315000/2098208 {'unbalanced': 1292629, 'untileable6': 20814, 'periodic': 1557} [440s]
  1315200/2098208 {'unbalanced': 1292824, 'untileable6': 20819, 'periodic': 1557} [440s]
  1315400/2098208 {'unbalanced': 1293024, 'untileable6': 20819, 'periodic': 1557} [440s]
  1315600/2098208 {'unbalanced': 1293224, 'untileable6': 20819, 'periodic': 1557} [440s]
  1315800/2098208 {'unbalanced': 1293423, 'untileable6': 20820, 'periodic': 1557} [440s]
  1316000/2098208 {'unbalanced': 1293622, 'untileable6': 20821, 'periodic': 1557} [440s]
  1316200/2098208 {'unbalanced': 1293820, 'untileable6': 20823, 'periodic': 1557} [440s]
  1316400/2098208 {'unbalanced': 1294016, 'untileable6': 20827, 'periodic': 1557} [440s]
  1316600/2098208 {'unbalanced': 1294214, 'untileable6': 20829, 'periodic': 1557} [440s]
  1316800/2098208 {'unbalanced': 1294412, 'untileable6': 20831, 'periodic': 1557} [440s]
  1317000/2098208 {'unbalanced': 1294608, 'untileable6': 20835, 'periodic': 1557} [440s]
  1317200/2098208 {'unbalanced': 1294800, 'untileable6': 20843, 'periodic': 1557} [440s]
  1317400/2098208 {'unbalanced': 1294996, 'untileable6': 20847, 'periodic': 1557} [440s]
  1317600/2098208 {'unbalanced': 1295196, 'untileable6': 20847, 'periodic': 1557} [440s]
  1317800/2098208 {'unbalanced': 1295396, 'untileable6': 20847, 'periodic': 1557} [440s]
  1318000/2098208 {'unbalanced': 1295596, 'untileable6': 20847, 'periodic': 1557} [440s]
  1318200/2098208 {'unbalanced': 1295796, 'untileable6': 20847, 'periodic': 1557} [440s]
  1318400/2098208 {'unbalanced': 1295996, 'untileable6': 20847, 'periodic': 1557} [440s]
  1318600/2098208 {'unbalanced': 1296196, 'untileable6': 20847, 'periodic': 1557} [440s]
  1318800/2098208 {'unbalanced': 1296396, 'untileable6': 20847, 'periodic': 1557} [440s]
  1319000/2098208 {'unbalanced': 1296596, 'untileable6': 20847, 'periodic': 1557} [440s]
  1319200/2098208 {'unbalanced': 1296795, 'untileable6': 20848, 'periodic': 1557} [440s]
  1319400/2098208 {'unbalanced': 1296993, 'untileable6': 20850, 'periodic': 1557} [440s]
  1319600/2098208 {'unbalanced': 1297193, 'untileable6': 20850, 'periodic': 1557} [440s]
  1319800/2098208 {'unbalanced': 1297393, 'untileable6': 20850, 'periodic': 1557} [440s]
  1320000/2098208 {'unbalanced': 1297593, 'untileable6': 20850, 'periodic': 1557} [440s]
  1320200/2098208 {'unbalanced': 1297793, 'untileable6': 20850, 'periodic': 1557} [440s]
  1320400/2098208 {'unbalanced': 1297992, 'untileable6': 20851, 'periodic': 1557} [440s]
  1320600/2098208 {'unbalanced': 1298190, 'untileable6': 20853, 'periodic': 1557} [440s]
  1320800/2098208 {'unbalanced': 1298390, 'untileable6': 20853, 'periodic': 1557} [440s]
  1321000/2098208 {'unbalanced': 1298590, 'untileable6': 20853, 'periodic': 1557} [440s]
  1321200/2098208 {'unbalanced': 1298790, 'untileable6': 20853, 'periodic': 1557} [440s]
  1321400/2098208 {'unbalanced': 1298988, 'untileable6': 20855, 'periodic': 1557} [440s]
  1321600/2098208 {'unbalanced': 1299182, 'untileable6': 20861, 'periodic': 1557} [440s]
  1321800/2098208 {'unbalanced': 1299380, 'untileable6': 20863, 'periodic': 1557} [440s]
  1322000/2098208 {'unbalanced': 1299580, 'untileable6': 20863, 'periodic': 1557} [440s]
  1322200/2098208 {'unbalanced': 1299780, 'untileable6': 20863, 'periodic': 1557} [440s]
  1322400/2098208 {'unbalanced': 1299980, 'untileable6': 20863, 'periodic': 1557} [440s]
  1322600/2098208 {'unbalanced': 1300180, 'untileable6': 20863, 'periodic': 1557} [440s]
  1322800/2098208 {'unbalanced': 1300379, 'untileable6': 20864, 'periodic': 1557} [440s]
  1323000/2098208 {'unbalanced': 1300579, 'untileable6': 20864, 'periodic': 1557} [440s]
  1323200/2098208 {'unbalanced': 1300777, 'untileable6': 20866, 'periodic': 1557} [440s]
  1323400/2098208 {'unbalanced': 1300976, 'untileable6': 20867, 'periodic': 1557} [440s]
  1323600/2098208 {'unbalanced': 1301170, 'untileable6': 20873, 'periodic': 1557} [440s]
  1323800/2098208 {'unbalanced': 1301362, 'untileable6': 20881, 'periodic': 1557} [440s]
  1324000/2098208 {'unbalanced': 1301557, 'untileable6': 20886, 'periodic': 1557} [440s]
  1324200/2098208 {'unbalanced': 1301756, 'untileable6': 20887, 'periodic': 1557} [440s]
  1324400/2098208 {'unbalanced': 1301955, 'untileable6': 20888, 'periodic': 1557} [440s]
  1324600/2098208 {'unbalanced': 1302154, 'untileable6': 20889, 'periodic': 1557} [440s]
  1324800/2098208 {'unbalanced': 1302348, 'untileable6': 20891, 'periodic': 1561} [440s]
  1325000/2098208 {'unbalanced': 1302539, 'untileable6': 20900, 'periodic': 1561} [440s]
  1325200/2098208 {'unbalanced': 1302734, 'untileable6': 20904, 'periodic': 1562} [440s]
  1325400/2098208 {'unbalanced': 1302929, 'untileable6': 20908, 'periodic': 1563} [440s]
  1325600/2098208 {'unbalanced': 1303125, 'untileable6': 20912, 'periodic': 1563} [440s]
  1325800/2098208 {'unbalanced': 1303317, 'untileable6': 20919, 'periodic': 1564} [440s]
  1326000/2098208 {'unbalanced': 1303502, 'untileable6': 20933, 'periodic': 1565} [440s]
  1326200/2098208 {'unbalanced': 1303700, 'untileable6': 20934, 'periodic': 1566} [440s]
  1326400/2098208 {'unbalanced': 1303900, 'untileable6': 20934, 'periodic': 1566} [440s]
  1326600/2098208 {'unbalanced': 1304099, 'untileable6': 20935, 'periodic': 1566} [440s]
  1326800/2098208 {'unbalanced': 1304299, 'untileable6': 20935, 'periodic': 1566} [440s]
  1327000/2098208 {'unbalanced': 1304499, 'untileable6': 20935, 'periodic': 1566} [440s]
  1327200/2098208 {'unbalanced': 1304697, 'untileable6': 20937, 'periodic': 1566} [440s]
  1327400/2098208 {'unbalanced': 1304897, 'untileable6': 20937, 'periodic': 1566} [440s]
  1327600/2098208 {'unbalanced': 1305097, 'untileable6': 20937, 'periodic': 1566} [440s]
  1327800/2098208 {'unbalanced': 1305295, 'untileable6': 20939, 'periodic': 1566} [440s]
  1328000/2098208 {'unbalanced': 1305493, 'untileable6': 20941, 'periodic': 1566} [440s]
  1328200/2098208 {'unbalanced': 1305691, 'untileable6': 20943, 'periodic': 1566} [440s]
  1328400/2098208 {'unbalanced': 1305889, 'untileable6': 20945, 'periodic': 1566} [440s]
  1328600/2098208 {'unbalanced': 1306085, 'untileable6': 20949, 'periodic': 1566} [440s]
  1328800/2098208 {'unbalanced': 1306285, 'untileable6': 20949, 'periodic': 1566} [440s]
  1329000/2098208 {'unbalanced': 1306485, 'untileable6': 20949, 'periodic': 1566} [440s]
  1329200/2098208 {'unbalanced': 1306685, 'untileable6': 20949, 'periodic': 1566} [440s]
  1329400/2098208 {'unbalanced': 1306885, 'untileable6': 20949, 'periodic': 1566} [440s]
  1329600/2098208 {'unbalanced': 1307083, 'untileable6': 20951, 'periodic': 1566} [440s]
  1329800/2098208 {'unbalanced': 1307283, 'untileable6': 20951, 'periodic': 1566} [440s]
  1330000/2098208 {'unbalanced': 1307481, 'untileable6': 20953, 'periodic': 1566} [440s]
  1330200/2098208 {'unbalanced': 1307680, 'untileable6': 20954, 'periodic': 1566} [440s]
  1330400/2098208 {'unbalanced': 1307880, 'untileable6': 20954, 'periodic': 1566} [440s]
  1330600/2098208 {'unbalanced': 1308078, 'untileable6': 20956, 'periodic': 1566} [440s]
  1330800/2098208 {'unbalanced': 1308275, 'untileable6': 20959, 'periodic': 1566} [440s]
  1331000/2098208 {'unbalanced': 1308465, 'untileable6': 20969, 'periodic': 1566} [440s]
  1331200/2098208 {'unbalanced': 1308662, 'untileable6': 20971, 'periodic': 1567} [440s]
  1331400/2098208 {'unbalanced': 1308859, 'untileable6': 20974, 'periodic': 1567} [440s]
  1331600/2098208 {'unbalanced': 1309058, 'untileable6': 20975, 'periodic': 1567} [440s]
  1331800/2098208 {'unbalanced': 1309258, 'untileable6': 20975, 'periodic': 1567} [440s]
  1332000/2098208 {'unbalanced': 1309458, 'untileable6': 20975, 'periodic': 1567} [440s]
  1332200/2098208 {'unbalanced': 1309656, 'untileable6': 20977, 'periodic': 1567} [440s]
  1332400/2098208 {'unbalanced': 1309856, 'untileable6': 20977, 'periodic': 1567} [440s]
  1332600/2098208 {'unbalanced': 1310054, 'untileable6': 20979, 'periodic': 1567} [440s]
  1332800/2098208 {'unbalanced': 1310252, 'untileable6': 20981, 'periodic': 1567} [440s]
  1333000/2098208 {'unbalanced': 1310452, 'untileable6': 20981, 'periodic': 1567} [440s]
  1333200/2098208 {'unbalanced': 1310651, 'untileable6': 20982, 'periodic': 1567} [440s]
  1333400/2098208 {'unbalanced': 1310850, 'untileable6': 20983, 'periodic': 1567} [440s]
  1333600/2098208 {'unbalanced': 1311042, 'untileable6': 20991, 'periodic': 1567} [440s]
  1333800/2098208 {'unbalanced': 1311242, 'untileable6': 20991, 'periodic': 1567} [440s]
  1334000/2098208 {'unbalanced': 1311436, 'untileable6': 20995, 'periodic': 1569} [440s]
  1334200/2098208 {'unbalanced': 1311631, 'untileable6': 21000, 'periodic': 1569} [440s]
  1334400/2098208 {'unbalanced': 1311831, 'untileable6': 21000, 'periodic': 1569} [440s]
  1334600/2098208 {'unbalanced': 1312031, 'untileable6': 21000, 'periodic': 1569} [440s]
  1334800/2098208 {'unbalanced': 1312231, 'untileable6': 21000, 'periodic': 1569} [440s]
  1335000/2098208 {'unbalanced': 1312431, 'untileable6': 21000, 'periodic': 1569} [440s]
  1335200/2098208 {'unbalanced': 1312629, 'untileable6': 21002, 'periodic': 1569} [440s]
  1335400/2098208 {'unbalanced': 1312829, 'untileable6': 21002, 'periodic': 1569} [440s]
  1335600/2098208 {'unbalanced': 1313028, 'untileable6': 21003, 'periodic': 1569} [440s]
  1335800/2098208 {'unbalanced': 1313227, 'untileable6': 21004, 'periodic': 1569} [440s]
  1336000/2098208 {'unbalanced': 1313426, 'untileable6': 21005, 'periodic': 1569} [440s]
  1336200/2098208 {'unbalanced': 1313620, 'untileable6': 21011, 'periodic': 1569} [440s]
  1336400/2098208 {'unbalanced': 1313818, 'untileable6': 21013, 'periodic': 1569} [440s]
  1336600/2098208 {'unbalanced': 1314007, 'untileable6': 21024, 'periodic': 1569} [441s]
  1336800/2098208 {'unbalanced': 1314200, 'untileable6': 21031, 'periodic': 1569} [441s]
  1337000/2098208 {'unbalanced': 1314398, 'untileable6': 21033, 'periodic': 1569} [441s]
  1337200/2098208 {'unbalanced': 1314598, 'untileable6': 21033, 'periodic': 1569} [441s]
  1337400/2098208 {'unbalanced': 1314797, 'untileable6': 21034, 'periodic': 1569} [441s]
  1337600/2098208 {'unbalanced': 1314991, 'untileable6': 21040, 'periodic': 1569} [441s]
  1337800/2098208 {'unbalanced': 1315189, 'untileable6': 21042, 'periodic': 1569} [441s]
  1338000/2098208 {'unbalanced': 1315387, 'untileable6': 21044, 'periodic': 1569} [441s]
  1338200/2098208 {'unbalanced': 1315583, 'untileable6': 21048, 'periodic': 1569} [441s]
  1338400/2098208 {'unbalanced': 1315782, 'untileable6': 21049, 'periodic': 1569} [441s]
  1338600/2098208 {'unbalanced': 1315978, 'untileable6': 21053, 'periodic': 1569} [441s]
  1338800/2098208 {'unbalanced': 1316173, 'untileable6': 21058, 'periodic': 1569} [441s]
  1339000/2098208 {'unbalanced': 1316365, 'untileable6': 21066, 'periodic': 1569} [441s]
  1339200/2098208 {'unbalanced': 1316561, 'untileable6': 21070, 'periodic': 1569} [441s]
  1339400/2098208 {'unbalanced': 1316755, 'untileable6': 21076, 'periodic': 1569} [441s]
  1339600/2098208 {'unbalanced': 1316947, 'untileable6': 21084, 'periodic': 1569} [441s]
  1339800/2098208 {'unbalanced': 1317147, 'untileable6': 21084, 'periodic': 1569} [441s]
  1340000/2098208 {'unbalanced': 1317346, 'untileable6': 21085, 'periodic': 1569} [441s]
  1340200/2098208 {'unbalanced': 1317542, 'untileable6': 21089, 'periodic': 1569} [441s]
  1340400/2098208 {'unbalanced': 1317741, 'untileable6': 21090, 'periodic': 1569} [441s]
  1340600/2098208 {'unbalanced': 1317932, 'untileable6': 21096, 'periodic': 1572} [441s]
  1340800/2098208 {'unbalanced': 1318131, 'untileable6': 21097, 'periodic': 1572} [441s]
  1341000/2098208 {'unbalanced': 1318323, 'untileable6': 21105, 'periodic': 1572} [441s]
  1341200/2098208 {'unbalanced': 1318521, 'untileable6': 21107, 'periodic': 1572} [441s]
  1341400/2098208 {'unbalanced': 1318718, 'untileable6': 21110, 'periodic': 1572} [441s]
  1341600/2098208 {'unbalanced': 1318911, 'untileable6': 21117, 'periodic': 1572} [441s]
  1341800/2098208 {'unbalanced': 1319099, 'untileable6': 21129, 'periodic': 1572} [441s]
  1342000/2098208 {'unbalanced': 1319283, 'untileable6': 21145, 'periodic': 1572} [441s]
  1342200/2098208 {'unbalanced': 1319475, 'untileable6': 21153, 'periodic': 1572} [441s]
  1342400/2098208 {'unbalanced': 1319665, 'untileable6': 21163, 'periodic': 1572} [441s]
  1342600/2098208 {'unbalanced': 1319865, 'untileable6': 21163, 'periodic': 1572} [441s]
  1342800/2098208 {'unbalanced': 1320064, 'untileable6': 21164, 'periodic': 1572} [441s]
  1343000/2098208 {'unbalanced': 1320262, 'untileable6': 21166, 'periodic': 1572} [441s]
  1343200/2098208 {'unbalanced': 1320452, 'untileable6': 21172, 'periodic': 1576} [441s]
  1343400/2098208 {'unbalanced': 1320649, 'untileable6': 21175, 'periodic': 1576} [441s]
  1343600/2098208 {'unbalanced': 1320843, 'untileable6': 21181, 'periodic': 1576} [441s]
  1343800/2098208 {'unbalanced': 1321038, 'untileable6': 21186, 'periodic': 1576} [441s]
  1344000/2098208 {'unbalanced': 1321236, 'untileable6': 21188, 'periodic': 1576} [441s]
  1344200/2098208 {'unbalanced': 1321429, 'untileable6': 21195, 'periodic': 1576} [441s]
  1344400/2098208 {'unbalanced': 1321620, 'untileable6': 21202, 'periodic': 1578} [441s]
  1344600/2098208 {'unbalanced': 1321806, 'untileable6': 21208, 'periodic': 1586} [441s]
  1344800/2098208 {'unbalanced': 1321995, 'untileable6': 21214, 'periodic': 1591} [441s]
  1345000/2098208 {'unbalanced': 1322179, 'untileable6': 21230, 'periodic': 1591} [441s]
  1345200/2098208 {'unbalanced': 1322369, 'untileable6': 21240, 'periodic': 1591} [441s]
  1345400/2098208 {'unbalanced': 1322569, 'untileable6': 21240, 'periodic': 1591} [441s]
  1345600/2098208 {'unbalanced': 1322765, 'untileable6': 21244, 'periodic': 1591} [441s]
  1345800/2098208 {'unbalanced': 1322961, 'untileable6': 21248, 'periodic': 1591} [441s]
  1346000/2098208 {'unbalanced': 1323157, 'untileable6': 21252, 'periodic': 1591} [441s]
  1346200/2098208 {'unbalanced': 1323353, 'untileable6': 21256, 'periodic': 1591} [441s]
  1346400/2098208 {'unbalanced': 1323547, 'untileable6': 21262, 'periodic': 1591} [441s]
  1346600/2098208 {'unbalanced': 1323745, 'untileable6': 21264, 'periodic': 1591} [441s]
  1346800/2098208 {'unbalanced': 1323938, 'untileable6': 21271, 'periodic': 1591} [441s]
  1347000/2098208 {'unbalanced': 1324130, 'untileable6': 21279, 'periodic': 1591} [441s]
  1347200/2098208 {'unbalanced': 1324322, 'untileable6': 21287, 'periodic': 1591} [441s]
  1347400/2098208 {'unbalanced': 1324509, 'untileable6': 21299, 'periodic': 1592} [441s]
  1347600/2098208 {'unbalanced': 1324695, 'untileable6': 21313, 'periodic': 1592} [441s]
  1347800/2098208 {'unbalanced': 1324885, 'untileable6': 21323, 'periodic': 1592} [441s]
  1348000/2098208 {'unbalanced': 1325084, 'untileable6': 21324, 'periodic': 1592} [441s]
  1348200/2098208 {'unbalanced': 1325284, 'untileable6': 21324, 'periodic': 1592} [441s]
  1348400/2098208 {'unbalanced': 1325482, 'untileable6': 21325, 'periodic': 1593} [441s]
  1348600/2098208 {'unbalanced': 1325682, 'untileable6': 21325, 'periodic': 1593} [441s]
  1348800/2098208 {'unbalanced': 1325882, 'untileable6': 21325, 'periodic': 1593} [441s]
  1349000/2098208 {'unbalanced': 1326082, 'untileable6': 21325, 'periodic': 1593} [441s]
  1349200/2098208 {'unbalanced': 1326282, 'untileable6': 21325, 'periodic': 1593} [441s]
  1349400/2098208 {'unbalanced': 1326478, 'untileable6': 21329, 'periodic': 1593} [441s]
  1349600/2098208 {'unbalanced': 1326678, 'untileable6': 21329, 'periodic': 1593} [441s]
  1349800/2098208 {'unbalanced': 1326874, 'untileable6': 21333, 'periodic': 1593} [441s]
  1350000/2098208 {'unbalanced': 1327073, 'untileable6': 21334, 'periodic': 1593} [441s]
  1350200/2098208 {'unbalanced': 1327270, 'untileable6': 21337, 'periodic': 1593} [441s]
  1350400/2098208 {'unbalanced': 1327470, 'untileable6': 21337, 'periodic': 1593} [441s]
  1350600/2098208 {'unbalanced': 1327670, 'untileable6': 21337, 'periodic': 1593} [441s]
  1350800/2098208 {'unbalanced': 1327870, 'untileable6': 21337, 'periodic': 1593} [441s]
  1351000/2098208 {'unbalanced': 1328070, 'untileable6': 21337, 'periodic': 1593} [441s]
  1351200/2098208 {'unbalanced': 1328270, 'untileable6': 21337, 'periodic': 1593} [441s]
  1351400/2098208 {'unbalanced': 1328468, 'untileable6': 21338, 'periodic': 1594} [441s]
  1351600/2098208 {'unbalanced': 1328667, 'untileable6': 21339, 'periodic': 1594} [441s]
  1351800/2098208 {'unbalanced': 1328867, 'untileable6': 21339, 'periodic': 1594} [441s]
  1352000/2098208 {'unbalanced': 1329067, 'untileable6': 21339, 'periodic': 1594} [441s]
  1352200/2098208 {'unbalanced': 1329264, 'untileable6': 21342, 'periodic': 1594} [441s]
  1352400/2098208 {'unbalanced': 1329453, 'untileable6': 21350, 'periodic': 1597} [441s]
  1352600/2098208 {'unbalanced': 1329652, 'untileable6': 21350, 'periodic': 1598} [441s]
  1352800/2098208 {'unbalanced': 1329845, 'untileable6': 21357, 'periodic': 1598} [441s]
  1353000/2098208 {'unbalanced': 1330041, 'untileable6': 21361, 'periodic': 1598} [441s]
  1353200/2098208 {'unbalanced': 1330238, 'untileable6': 21364, 'periodic': 1598} [442s]
  1353400/2098208 {'unbalanced': 1330438, 'untileable6': 21364, 'periodic': 1598} [442s]
  1353600/2098208 {'unbalanced': 1330638, 'untileable6': 21364, 'periodic': 1598} [442s]
  1353800/2098208 {'unbalanced': 1330838, 'untileable6': 21364, 'periodic': 1598} [442s]
  1354000/2098208 {'unbalanced': 1331035, 'untileable6': 21366, 'periodic': 1599} [442s]
  1354200/2098208 {'unbalanced': 1331234, 'untileable6': 21367, 'periodic': 1599} [442s]
  1354400/2098208 {'unbalanced': 1331434, 'untileable6': 21367, 'periodic': 1599} [442s]
  1354600/2098208 {'unbalanced': 1331634, 'untileable6': 21367, 'periodic': 1599} [442s]
  1354800/2098208 {'unbalanced': 1331833, 'untileable6': 21368, 'periodic': 1599} [442s]
  1355000/2098208 {'unbalanced': 1332025, 'untileable6': 21373, 'periodic': 1602} [442s]
  1355200/2098208 {'unbalanced': 1332223, 'untileable6': 21375, 'periodic': 1602} [442s]
  1355400/2098208 {'unbalanced': 1332418, 'untileable6': 21380, 'periodic': 1602} [442s]
  1355600/2098208 {'unbalanced': 1332613, 'untileable6': 21385, 'periodic': 1602} [442s]
  1355800/2098208 {'unbalanced': 1332808, 'untileable6': 21390, 'periodic': 1602} [442s]
  1356000/2098208 {'unbalanced': 1333008, 'untileable6': 21390, 'periodic': 1602} [442s]
  1356200/2098208 {'unbalanced': 1333208, 'untileable6': 21390, 'periodic': 1602} [442s]
  1356400/2098208 {'unbalanced': 1333408, 'untileable6': 21390, 'periodic': 1602} [442s]
  1356600/2098208 {'unbalanced': 1333608, 'untileable6': 21390, 'periodic': 1602} [442s]
  1356800/2098208 {'unbalanced': 1333808, 'untileable6': 21390, 'periodic': 1602} [442s]
  1357000/2098208 {'unbalanced': 1334008, 'untileable6': 21390, 'periodic': 1602} [442s]
  1357200/2098208 {'unbalanced': 1334206, 'untileable6': 21391, 'periodic': 1603} [442s]
  1357400/2098208 {'unbalanced': 1334406, 'untileable6': 21391, 'periodic': 1603} [442s]
  1357600/2098208 {'unbalanced': 1334606, 'untileable6': 21391, 'periodic': 1603} [442s]
  1357800/2098208 {'unbalanced': 1334804, 'untileable6': 21393, 'periodic': 1603} [442s]
  1358000/2098208 {'unbalanced': 1334991, 'untileable6': 21405, 'periodic': 1604} [442s]
  1358200/2098208 {'unbalanced': 1335189, 'untileable6': 21407, 'periodic': 1604} [442s]
  1358400/2098208 {'unbalanced': 1335386, 'untileable6': 21410, 'periodic': 1604} [442s]
  1358600/2098208 {'unbalanced': 1335582, 'untileable6': 21414, 'periodic': 1604} [442s]
  1358800/2098208 {'unbalanced': 1335780, 'untileable6': 21416, 'periodic': 1604} [442s]
  1359000/2098208 {'unbalanced': 1335980, 'untileable6': 21416, 'periodic': 1604} [442s]
  1359200/2098208 {'unbalanced': 1336178, 'untileable6': 21418, 'periodic': 1604} [442s]
  1359400/2098208 {'unbalanced': 1336376, 'untileable6': 21419, 'periodic': 1605} [442s]
  1359600/2098208 {'unbalanced': 1336572, 'untileable6': 21423, 'periodic': 1605} [442s]
  1359800/2098208 {'unbalanced': 1336772, 'untileable6': 21423, 'periodic': 1605} [442s]
  1360000/2098208 {'unbalanced': 1336972, 'untileable6': 21423, 'periodic': 1605} [442s]
  1360200/2098208 {'unbalanced': 1337168, 'untileable6': 21427, 'periodic': 1605} [442s]
  1360400/2098208 {'unbalanced': 1337358, 'untileable6': 21436, 'periodic': 1606} [442s]
  1360600/2098208 {'unbalanced': 1337554, 'untileable6': 21440, 'periodic': 1606} [442s]
  1360800/2098208 {'unbalanced': 1337748, 'untileable6': 21446, 'periodic': 1606} [442s]
  1361000/2098208 {'unbalanced': 1337946, 'untileable6': 21448, 'periodic': 1606} [442s]
  1361200/2098208 {'unbalanced': 1338140, 'untileable6': 21453, 'periodic': 1607} [442s]
  1361400/2098208 {'unbalanced': 1338340, 'untileable6': 21453, 'periodic': 1607} [442s]
  1361600/2098208 {'unbalanced': 1338540, 'untileable6': 21453, 'periodic': 1607} [442s]
  1361800/2098208 {'unbalanced': 1338734, 'untileable6': 21457, 'periodic': 1609} [442s]
  1362000/2098208 {'unbalanced': 1338932, 'untileable6': 21459, 'periodic': 1609} [442s]
  1362200/2098208 {'unbalanced': 1339129, 'untileable6': 21462, 'periodic': 1609} [442s]
  1362400/2098208 {'unbalanced': 1339324, 'untileable6': 21467, 'periodic': 1609} [442s]
  1362600/2098208 {'unbalanced': 1339519, 'untileable6': 21471, 'periodic': 1610} [442s]
  1362800/2098208 {'unbalanced': 1339719, 'untileable6': 21471, 'periodic': 1610} [442s]
  1363000/2098208 {'unbalanced': 1339917, 'untileable6': 21473, 'periodic': 1610} [442s]
  1363200/2098208 {'unbalanced': 1340102, 'untileable6': 21488, 'periodic': 1610} [442s]
  1363400/2098208 {'unbalanced': 1340283, 'untileable6': 21506, 'periodic': 1611} [442s]
  1363600/2098208 {'unbalanced': 1340474, 'untileable6': 21515, 'periodic': 1611} [442s]
  1363800/2098208 {'unbalanced': 1340664, 'untileable6': 21525, 'periodic': 1611} [442s]
  1364000/2098208 {'unbalanced': 1340859, 'untileable6': 21530, 'periodic': 1611} [442s]
  1364200/2098208 {'unbalanced': 1341054, 'untileable6': 21535, 'periodic': 1611} [442s]
  1364400/2098208 {'unbalanced': 1341251, 'untileable6': 21537, 'periodic': 1612} [442s]
  1364600/2098208 {'unbalanced': 1341449, 'untileable6': 21539, 'periodic': 1612} [442s]
  1364800/2098208 {'unbalanced': 1341646, 'untileable6': 21542, 'periodic': 1612} [442s]
  1365000/2098208 {'unbalanced': 1341840, 'untileable6': 21548, 'periodic': 1612} [442s]
  1365200/2098208 {'unbalanced': 1342035, 'untileable6': 21552, 'periodic': 1613} [442s]
  1365400/2098208 {'unbalanced': 1342235, 'untileable6': 21552, 'periodic': 1613} [442s]
  1365600/2098208 {'unbalanced': 1342435, 'untileable6': 21552, 'periodic': 1613} [442s]
  1365800/2098208 {'unbalanced': 1342623, 'untileable6': 21564, 'periodic': 1613} [442s]
  1366000/2098208 {'unbalanced': 1342806, 'untileable6': 21581, 'periodic': 1613} [442s]
  1366200/2098208 {'unbalanced': 1342993, 'untileable6': 21593, 'periodic': 1614} [442s]
  1366400/2098208 {'unbalanced': 1343185, 'untileable6': 21601, 'periodic': 1614} [442s]
  1366600/2098208 {'unbalanced': 1343378, 'untileable6': 21608, 'periodic': 1614} [442s]
  1366800/2098208 {'unbalanced': 1343567, 'untileable6': 21618, 'periodic': 1615} [442s]
  1367000/2098208 {'unbalanced': 1343767, 'untileable6': 21618, 'periodic': 1615} [442s]
  1367200/2098208 {'unbalanced': 1343967, 'untileable6': 21618, 'periodic': 1615} [442s]
  1367400/2098208 {'unbalanced': 1344159, 'untileable6': 21625, 'periodic': 1616} [442s]
  1367600/2098208 {'unbalanced': 1344359, 'untileable6': 21625, 'periodic': 1616} [442s]
  1367800/2098208 {'unbalanced': 1344555, 'untileable6': 21629, 'periodic': 1616} [442s]
  1368000/2098208 {'unbalanced': 1344755, 'untileable6': 21629, 'periodic': 1616} [442s]
  1368200/2098208 {'unbalanced': 1344949, 'untileable6': 21634, 'periodic': 1617} [442s]
  1368400/2098208 {'unbalanced': 1345149, 'untileable6': 21634, 'periodic': 1617} [442s]
  1368600/2098208 {'unbalanced': 1345347, 'untileable6': 21636, 'periodic': 1617} [442s]
  1368800/2098208 {'unbalanced': 1345535, 'untileable6': 21648, 'periodic': 1617} [442s]
  1369000/2098208 {'unbalanced': 1345717, 'untileable6': 21665, 'periodic': 1618} [442s]
  1369200/2098208 {'unbalanced': 1345913, 'untileable6': 21669, 'periodic': 1618} [442s]
  1369400/2098208 {'unbalanced': 1346108, 'untileable6': 21674, 'periodic': 1618} [442s]
  1369600/2098208 {'unbalanced': 1346303, 'untileable6': 21678, 'periodic': 1619} [442s]
  1369800/2098208 {'unbalanced': 1346503, 'untileable6': 21678, 'periodic': 1619} [442s]
  1370000/2098208 {'unbalanced': 1346703, 'untileable6': 21678, 'periodic': 1619} [442s]
  1370200/2098208 {'unbalanced': 1346903, 'untileable6': 21678, 'periodic': 1619} [442s]
  1370400/2098208 {'unbalanced': 1347102, 'untileable6': 21679, 'periodic': 1619} [442s]
  1370600/2098208 {'unbalanced': 1347299, 'untileable6': 21682, 'periodic': 1619} [442s]
  1370800/2098208 {'unbalanced': 1347499, 'untileable6': 21682, 'periodic': 1619} [442s]
  1371000/2098208 {'unbalanced': 1347699, 'untileable6': 21682, 'periodic': 1619} [442s]
  1371200/2098208 {'unbalanced': 1347898, 'untileable6': 21683, 'periodic': 1619} [442s]
  1371400/2098208 {'unbalanced': 1348095, 'untileable6': 21686, 'periodic': 1619} [442s]
  1371600/2098208 {'unbalanced': 1348293, 'untileable6': 21688, 'periodic': 1619} [442s]
  1371800/2098208 {'unbalanced': 1348490, 'untileable6': 21691, 'periodic': 1619} [442s]
  1372000/2098208 {'unbalanced': 1348683, 'untileable6': 21698, 'periodic': 1619} [442s]
  1372200/2098208 {'unbalanced': 1348877, 'untileable6': 21704, 'periodic': 1619} [442s]
  1372400/2098208 {'unbalanced': 1349077, 'untileable6': 21704, 'periodic': 1619} [442s]
  1372600/2098208 {'unbalanced': 1349276, 'untileable6': 21705, 'periodic': 1619} [442s]
  1372800/2098208 {'unbalanced': 1349476, 'untileable6': 21705, 'periodic': 1619} [442s]
  1373000/2098208 {'unbalanced': 1349675, 'untileable6': 21706, 'periodic': 1619} [442s]
  1373200/2098208 {'unbalanced': 1349874, 'untileable6': 21707, 'periodic': 1619} [443s]
  1373400/2098208 {'unbalanced': 1350068, 'untileable6': 21713, 'periodic': 1619} [443s]
  1373600/2098208 {'unbalanced': 1350266, 'untileable6': 21715, 'periodic': 1619} [443s]
  1373800/2098208 {'unbalanced': 1350466, 'untileable6': 21715, 'periodic': 1619} [443s]
  1374000/2098208 {'unbalanced': 1350666, 'untileable6': 21715, 'periodic': 1619} [443s]
  1374200/2098208 {'unbalanced': 1350862, 'untileable6': 21719, 'periodic': 1619} [443s]
  1374400/2098208 {'unbalanced': 1351058, 'untileable6': 21723, 'periodic': 1619} [443s]
  1374600/2098208 {'unbalanced': 1351253, 'untileable6': 21725, 'periodic': 1622} [443s]
  1374800/2098208 {'unbalanced': 1351440, 'untileable6': 21735, 'periodic': 1625} [443s]
  1375000/2098208 {'unbalanced': 1351640, 'untileable6': 21735, 'periodic': 1625} [443s]
  1375200/2098208 {'unbalanced': 1351840, 'untileable6': 21735, 'periodic': 1625} [443s]
  1375400/2098208 {'unbalanced': 1352040, 'untileable6': 21735, 'periodic': 1625} [443s]
  1375600/2098208 {'unbalanced': 1352239, 'untileable6': 21736, 'periodic': 1625} [443s]
  1375800/2098208 {'unbalanced': 1352435, 'untileable6': 21740, 'periodic': 1625} [443s]
  1376000/2098208 {'unbalanced': 1352630, 'untileable6': 21745, 'periodic': 1625} [443s]
  1376200/2098208 {'unbalanced': 1352830, 'untileable6': 21745, 'periodic': 1625} [443s]
  1376400/2098208 {'unbalanced': 1353030, 'untileable6': 21745, 'periodic': 1625} [443s]
  1376600/2098208 {'unbalanced': 1353229, 'untileable6': 21746, 'periodic': 1625} [443s]
  1376800/2098208 {'unbalanced': 1353422, 'untileable6': 21753, 'periodic': 1625} [443s]
  1377000/2098208 {'unbalanced': 1353621, 'untileable6': 21753, 'periodic': 1626} [443s]
  1377200/2098208 {'unbalanced': 1353813, 'untileable6': 21755, 'periodic': 1632} [443s]
  1377400/2098208 {'unbalanced': 1353995, 'untileable6': 21768, 'periodic': 1637} [443s]
  1377600/2098208 {'unbalanced': 1354194, 'untileable6': 21769, 'periodic': 1637} [443s]
  1377800/2098208 {'unbalanced': 1354394, 'untileable6': 21769, 'periodic': 1637} [443s]
  1378000/2098208 {'unbalanced': 1354591, 'untileable6': 21772, 'periodic': 1637} [443s]
  1378200/2098208 {'unbalanced': 1354790, 'untileable6': 21773, 'periodic': 1637} [443s]
  1378400/2098208 {'unbalanced': 1354986, 'untileable6': 21777, 'periodic': 1637} [443s]
  1378600/2098208 {'unbalanced': 1355183, 'untileable6': 21780, 'periodic': 1637} [443s]
  1378800/2098208 {'unbalanced': 1355377, 'untileable6': 21786, 'periodic': 1637} [443s]
  1379000/2098208 {'unbalanced': 1355570, 'untileable6': 21793, 'periodic': 1637} [443s]
  1379200/2098208 {'unbalanced': 1355770, 'untileable6': 21793, 'periodic': 1637} [443s]
  1379400/2098208 {'unbalanced': 1355970, 'untileable6': 21793, 'periodic': 1637} [443s]
  1379600/2098208 {'unbalanced': 1356164, 'untileable6': 21799, 'periodic': 1637} [443s]
  1379800/2098208 {'unbalanced': 1356354, 'untileable6': 21809, 'periodic': 1637} [443s]
  1380000/2098208 {'unbalanced': 1356546, 'untileable6': 21817, 'periodic': 1637} [443s]
  1380200/2098208 {'unbalanced': 1356738, 'untileable6': 21825, 'periodic': 1637} [443s]
  1380400/2098208 {'unbalanced': 1356938, 'untileable6': 21825, 'periodic': 1637} [443s]
  1380600/2098208 {'unbalanced': 1357136, 'untileable6': 21827, 'periodic': 1637} [443s]
  1380800/2098208 {'unbalanced': 1357333, 'untileable6': 21830, 'periodic': 1637} [443s]
  1381000/2098208 {'unbalanced': 1357528, 'untileable6': 21835, 'periodic': 1637} [443s]
  1381200/2098208 {'unbalanced': 1357720, 'untileable6': 21843, 'periodic': 1637} [443s]
  1381400/2098208 {'unbalanced': 1357920, 'untileable6': 21843, 'periodic': 1637} [443s]
  1381600/2098208 {'unbalanced': 1358119, 'untileable6': 21844, 'periodic': 1637} [443s]
  1381800/2098208 {'unbalanced': 1358316, 'untileable6': 21847, 'periodic': 1637} [443s]
  1382000/2098208 {'unbalanced': 1358512, 'untileable6': 21851, 'periodic': 1637} [443s]
  1382200/2098208 {'unbalanced': 1358709, 'untileable6': 21854, 'periodic': 1637} [443s]
  1382400/2098208 {'unbalanced': 1358904, 'untileable6': 21859, 'periodic': 1637} [443s]
  1382600/2098208 {'unbalanced': 1359092, 'untileable6': 21871, 'periodic': 1637} [443s]
  1382800/2098208 {'unbalanced': 1359292, 'untileable6': 21871, 'periodic': 1637} [443s]
  1383000/2098208 {'unbalanced': 1359492, 'untileable6': 21871, 'periodic': 1637} [443s]
  1383200/2098208 {'unbalanced': 1359687, 'untileable6': 21876, 'periodic': 1637} [443s]
  1383400/2098208 {'unbalanced': 1359886, 'untileable6': 21876, 'periodic': 1638} [443s]
  1383600/2098208 {'unbalanced': 1360080, 'untileable6': 21878, 'periodic': 1642} [443s]
  1383800/2098208 {'unbalanced': 1360273, 'untileable6': 21881, 'periodic': 1646} [443s]
  1384000/2098208 {'unbalanced': 1360459, 'untileable6': 21892, 'periodic': 1649} [443s]
  1384200/2098208 {'unbalanced': 1360653, 'untileable6': 21898, 'periodic': 1649} [443s]
  1384400/2098208 {'unbalanced': 1360853, 'untileable6': 21898, 'periodic': 1649} [443s]
  1384600/2098208 {'unbalanced': 1361051, 'untileable6': 21900, 'periodic': 1649} [443s]
  1384800/2098208 {'unbalanced': 1361240, 'untileable6': 21911, 'periodic': 1649} [443s]
  1385000/2098208 {'unbalanced': 1361435, 'untileable6': 21916, 'periodic': 1649} [443s]
  1385200/2098208 {'unbalanced': 1361628, 'untileable6': 21923, 'periodic': 1649} [443s]
  1385400/2098208 {'unbalanced': 1361816, 'untileable6': 21935, 'periodic': 1649} [443s]
  1385600/2098208 {'unbalanced': 1362016, 'untileable6': 21935, 'periodic': 1649} [443s]
  1385800/2098208 {'unbalanced': 1362214, 'untileable6': 21937, 'periodic': 1649} [443s]
  1386000/2098208 {'unbalanced': 1362410, 'untileable6': 21938, 'periodic': 1652} [443s]
  1386200/2098208 {'unbalanced': 1362605, 'untileable6': 21941, 'periodic': 1654} [443s]
  1386400/2098208 {'unbalanced': 1362796, 'untileable6': 21946, 'periodic': 1658} [443s]
  1386600/2098208 {'unbalanced': 1362980, 'untileable6': 21959, 'periodic': 1661} [443s]
  1386800/2098208 {'unbalanced': 1363180, 'untileable6': 21959, 'periodic': 1661} [443s]
  1387000/2098208 {'unbalanced': 1363380, 'untileable6': 21959, 'periodic': 1661} [443s]
  1387200/2098208 {'unbalanced': 1363573, 'untileable6': 21966, 'periodic': 1661} [443s]
  1387400/2098208 {'unbalanced': 1363763, 'untileable6': 21976, 'periodic': 1661} [443s]
  1387600/2098208 {'unbalanced': 1363958, 'untileable6': 21981, 'periodic': 1661} [443s]
  1387800/2098208 {'unbalanced': 1364149, 'untileable6': 21990, 'periodic': 1661} [443s]
  1388000/2098208 {'unbalanced': 1364328, 'untileable6': 22011, 'periodic': 1661} [443s]
  1388200/2098208 {'unbalanced': 1364528, 'untileable6': 22011, 'periodic': 1661} [443s]
  1388400/2098208 {'unbalanced': 1364728, 'untileable6': 22011, 'periodic': 1661} [443s]
  1388600/2098208 {'unbalanced': 1364920, 'untileable6': 22019, 'periodic': 1661} [443s]
  1388800/2098208 {'unbalanced': 1365114, 'untileable6': 22025, 'periodic': 1661} [443s]
  1389000/2098208 {'unbalanced': 1365308, 'untileable6': 22031, 'periodic': 1661} [443s]
  1389200/2098208 {'unbalanced': 1365498, 'untileable6': 22041, 'periodic': 1661} [443s]
  1389400/2098208 {'unbalanced': 1365686, 'untileable6': 22053, 'periodic': 1661} [444s]
  1389600/2098208 {'unbalanced': 1365876, 'untileable6': 22063, 'periodic': 1661} [444s]
  1389800/2098208 {'unbalanced': 1366076, 'untileable6': 22063, 'periodic': 1661} [444s]
  1390000/2098208 {'unbalanced': 1366276, 'untileable6': 22063, 'periodic': 1661} [444s]
  1390200/2098208 {'unbalanced': 1366466, 'untileable6': 22073, 'periodic': 1661} [444s]
  1390400/2098208 {'unbalanced': 1366662, 'untileable6': 22077, 'periodic': 1661} [444s]
  1390600/2098208 {'unbalanced': 1366852, 'untileable6': 22087, 'periodic': 1661} [444s]
  1390800/2098208 {'unbalanced': 1367052, 'untileable6': 22087, 'periodic': 1661} [444s]
  1391000/2098208 {'unbalanced': 1367251, 'untileable6': 22088, 'periodic': 1661} [444s]
  1391200/2098208 {'unbalanced': 1367448, 'untileable6': 22091, 'periodic': 1661} [444s]
  1391400/2098208 {'unbalanced': 1367648, 'untileable6': 22091, 'periodic': 1661} [444s]
  1391600/2098208 {'unbalanced': 1367843, 'untileable6': 22096, 'periodic': 1661} [444s]
  1391800/2098208 {'unbalanced': 1368043, 'untileable6': 22096, 'periodic': 1661} [444s]
  1392000/2098208 {'unbalanced': 1368239, 'untileable6': 22100, 'periodic': 1661} [444s]
  1392200/2098208 {'unbalanced': 1368435, 'untileable6': 22104, 'periodic': 1661} [444s]
  1392400/2098208 {'unbalanced': 1368625, 'untileable6': 22114, 'periodic': 1661} [444s]
  1392600/2098208 {'unbalanced': 1368822, 'untileable6': 22117, 'periodic': 1661} [444s]
  1392800/2098208 {'unbalanced': 1369012, 'untileable6': 22127, 'periodic': 1661} [444s]
  1393000/2098208 {'unbalanced': 1369208, 'untileable6': 22131, 'periodic': 1661} [444s]
  1393200/2098208 {'unbalanced': 1369403, 'untileable6': 22136, 'periodic': 1661} [444s]
  1393400/2098208 {'unbalanced': 1369602, 'untileable6': 22137, 'periodic': 1661} [444s]
  1393600/2098208 {'unbalanced': 1369798, 'untileable6': 22141, 'periodic': 1661} [444s]
  1393800/2098208 {'unbalanced': 1369998, 'untileable6': 22141, 'periodic': 1661} [444s]
  1394000/2098208 {'unbalanced': 1370191, 'untileable6': 22148, 'periodic': 1661} [444s]
  1394200/2098208 {'unbalanced': 1370389, 'untileable6': 22150, 'periodic': 1661} [444s]
  1394400/2098208 {'unbalanced': 1370584, 'untileable6': 22155, 'periodic': 1661} [444s]
  1394600/2098208 {'unbalanced': 1370779, 'untileable6': 22160, 'periodic': 1661} [444s]
  1394800/2098208 {'unbalanced': 1370975, 'untileable6': 22161, 'periodic': 1664} [444s]
  1395000/2098208 {'unbalanced': 1371170, 'untileable6': 22164, 'periodic': 1666} [444s]
  1395200/2098208 {'unbalanced': 1371362, 'untileable6': 22168, 'periodic': 1670} [444s]
  1395400/2098208 {'unbalanced': 1371545, 'untileable6': 22182, 'periodic': 1673} [444s]
  1395600/2098208 {'unbalanced': 1371733, 'untileable6': 22194, 'periodic': 1673} [444s]
  1395800/2098208 {'unbalanced': 1371924, 'untileable6': 22203, 'periodic': 1673} [444s]
  1396000/2098208 {'unbalanced': 1372124, 'untileable6': 22203, 'periodic': 1673} [444s]
  1396200/2098208 {'unbalanced': 1372323, 'untileable6': 22204, 'periodic': 1673} [444s]
  1396400/2098208 {'unbalanced': 1372521, 'untileable6': 22206, 'periodic': 1673} [444s]
  1396600/2098208 {'unbalanced': 1372714, 'untileable6': 22213, 'periodic': 1673} [444s]
  1396800/2098208 {'unbalanced': 1372912, 'untileable6': 22215, 'periodic': 1673} [444s]
  1397000/2098208 {'unbalanced': 1373104, 'untileable6': 22223, 'periodic': 1673} [444s]
  1397200/2098208 {'unbalanced': 1373303, 'untileable6': 22223, 'periodic': 1674} [444s]
  1397400/2098208 {'unbalanced': 1373497, 'untileable6': 22225, 'periodic': 1678} [444s]
  1397600/2098208 {'unbalanced': 1373691, 'untileable6': 22227, 'periodic': 1682} [444s]
  1397800/2098208 {'unbalanced': 1373875, 'untileable6': 22233, 'periodic': 1692} [444s]
  1398000/2098208 {'unbalanced': 1374065, 'untileable6': 22238, 'periodic': 1697} [444s]
  1398200/2098208 {'unbalanced': 1374247, 'untileable6': 22256, 'periodic': 1697} [444s]
  1398400/2098208 {'unbalanced': 1374437, 'untileable6': 22266, 'periodic': 1697} [444s]
  1398600/2098208 {'unbalanced': 1374633, 'untileable6': 22270, 'periodic': 1697} [444s]
  1398800/2098208 {'unbalanced': 1374829, 'untileable6': 22274, 'periodic': 1697} [444s]
  1399000/2098208 {'unbalanced': 1375028, 'untileable6': 22275, 'periodic': 1697} [444s]
  1399200/2098208 {'unbalanced': 1375221, 'untileable6': 22282, 'periodic': 1697} [444s]
  1399400/2098208 {'unbalanced': 1375417, 'untileable6': 22286, 'periodic': 1697} [444s]
  1399600/2098208 {'unbalanced': 1375609, 'untileable6': 22292, 'periodic': 1699} [444s]
  1399800/2098208 {'unbalanced': 1375807, 'untileable6': 22292, 'periodic': 1701} [444s]
  1400000/2098208 {'unbalanced': 1376001, 'untileable6': 22298, 'periodic': 1701} [444s]
  1400200/2098208 {'unbalanced': 1376195, 'untileable6': 22304, 'periodic': 1701} [444s]
  1400400/2098208 {'unbalanced': 1376385, 'untileable6': 22312, 'periodic': 1703} [444s]
  1400600/2098208 {'unbalanced': 1376574, 'untileable6': 22321, 'periodic': 1705} [444s]
  1400800/2098208 {'unbalanced': 1376758, 'untileable6': 22337, 'periodic': 1705} [444s]
  1401000/2098208 {'unbalanced': 1376949, 'untileable6': 22346, 'periodic': 1705} [444s]
  1401200/2098208 {'unbalanced': 1377144, 'untileable6': 22351, 'periodic': 1705} [444s]
  1401400/2098208 {'unbalanced': 1377343, 'untileable6': 22352, 'periodic': 1705} [444s]
  1401600/2098208 {'unbalanced': 1377538, 'untileable6': 22356, 'periodic': 1706} [444s]
  1401800/2098208 {'unbalanced': 1377730, 'untileable6': 22363, 'periodic': 1707} [444s]
  1402000/2098208 {'unbalanced': 1377925, 'untileable6': 22366, 'periodic': 1709} [444s]
  1402200/2098208 {'unbalanced': 1378119, 'untileable6': 22372, 'periodic': 1709} [444s]
  1402400/2098208 {'unbalanced': 1378315, 'untileable6': 22376, 'periodic': 1709} [444s]
  1402600/2098208 {'unbalanced': 1378511, 'untileable6': 22378, 'periodic': 1711} [444s]
  1402800/2098208 {'unbalanced': 1378701, 'untileable6': 22386, 'periodic': 1713} [444s]
  1403000/2098208 {'unbalanced': 1378895, 'untileable6': 22392, 'periodic': 1713} [444s]
  1403200/2098208 {'unbalanced': 1379089, 'untileable6': 22398, 'periodic': 1713} [445s]
  1403400/2098208 {'unbalanced': 1379283, 'untileable6': 22402, 'periodic': 1715} [445s]
  1403600/2098208 {'unbalanced': 1379477, 'untileable6': 22406, 'periodic': 1717} [445s]
  1403800/2098208 {'unbalanced': 1379674, 'untileable6': 22408, 'periodic': 1718} [445s]
  1404000/2098208 {'unbalanced': 1379870, 'untileable6': 22410, 'periodic': 1720} [445s]
  1404200/2098208 {'unbalanced': 1380059, 'untileable6': 22416, 'periodic': 1725} [445s]
  1404400/2098208 {'unbalanced': 1380245, 'untileable6': 22429, 'periodic': 1726} [445s]
  1404600/2098208 {'unbalanced': 1380428, 'untileable6': 22444, 'periodic': 1728} [445s]
  1404800/2098208 {'unbalanced': 1380614, 'untileable6': 22457, 'periodic': 1729} [445s]
  1405000/2098208 {'unbalanced': 1380805, 'untileable6': 22464, 'periodic': 1731} [445s]
  1405200/2098208 {'unbalanced': 1380995, 'untileable6': 22473, 'periodic': 1732} [445s]
  1405400/2098208 {'unbalanced': 1381184, 'untileable6': 22483, 'periodic': 1733} [445s]
  1405600/2098208 {'unbalanced': 1381378, 'untileable6': 22487, 'periodic': 1735} [445s]
  1405800/2098208 {'unbalanced': 1381561, 'untileable6': 22502, 'periodic': 1737} [445s]
  1406000/2098208 {'unbalanced': 1381748, 'untileable6': 22514, 'periodic': 1738} [445s]
  1406200/2098208 {'unbalanced': 1381940, 'untileable6': 22522, 'periodic': 1738} [445s]
  1406400/2098208 {'unbalanced': 1382131, 'untileable6': 22531, 'periodic': 1738} [445s]
  1406600/2098208 {'unbalanced': 1382329, 'untileable6': 22533, 'periodic': 1738} [445s]
  1406800/2098208 {'unbalanced': 1382516, 'untileable6': 22543, 'periodic': 1741} [445s]
  1407000/2098208 {'unbalanced': 1382703, 'untileable6': 22554, 'periodic': 1743} [445s]
  1407200/2098208 {'unbalanced': 1382883, 'untileable6': 22572, 'periodic': 1745} [445s]
  1407400/2098208 {'unbalanced': 1383074, 'untileable6': 22579, 'periodic': 1747} [445s]
  1407600/2098208 {'unbalanced': 1383264, 'untileable6': 22587, 'periodic': 1749} [445s]
  1407800/2098208 {'unbalanced': 1383457, 'untileable6': 22593, 'periodic': 1750} [445s]
  1408000/2098208 {'unbalanced': 1383647, 'untileable6': 22601, 'periodic': 1752} [445s]
  1408200/2098208 {'unbalanced': 1383837, 'untileable6': 22610, 'periodic': 1753} [445s]
  1408400/2098208 {'unbalanced': 1384021, 'untileable6': 22624, 'periodic': 1755} [445s]
  1408600/2098208 {'unbalanced': 1384212, 'untileable6': 22631, 'periodic': 1757} [445s]
  1408800/2098208 {'unbalanced': 1384393, 'untileable6': 22646, 'periodic': 1761} [445s]
  1409000/2098208 {'unbalanced': 1384583, 'untileable6': 22652, 'periodic': 1765} [445s]
  1409200/2098208 {'unbalanced': 1384778, 'untileable6': 22655, 'periodic': 1767} [445s]
  1409400/2098208 {'unbalanced': 1384970, 'untileable6': 22661, 'periodic': 1769} [445s]
  1409600/2098208 {'unbalanced': 1385162, 'untileable6': 22667, 'periodic': 1771} [445s]
  1409800/2098208 {'unbalanced': 1385348, 'untileable6': 22679, 'periodic': 1773} [445s]
  1410000/2098208 {'unbalanced': 1385540, 'untileable6': 22685, 'periodic': 1775} [445s]
  1410200/2098208 {'unbalanced': 1385724, 'untileable6': 22699, 'periodic': 1777} [445s]
  1410400/2098208 {'unbalanced': 1385918, 'untileable6': 22703, 'periodic': 1779} [445s]
  1410600/2098208 {'unbalanced': 1386112, 'untileable6': 22707, 'periodic': 1781} [445s]
  1410800/2098208 {'unbalanced': 1386302, 'untileable6': 22715, 'periodic': 1783} [445s]
  1411000/2098208 {'unbalanced': 1386498, 'untileable6': 22717, 'periodic': 1785} [445s]
  1411200/2098208 {'unbalanced': 1386682, 'untileable6': 22731, 'periodic': 1787} [445s]
  1411400/2098208 {'unbalanced': 1386875, 'untileable6': 22736, 'periodic': 1789} [445s]
  1411600/2098208 {'unbalanced': 1387069, 'untileable6': 22736, 'periodic': 1795} [445s]
  1411800/2098208 {'unbalanced': 1387269, 'untileable6': 22736, 'periodic': 1795} [445s]
  1412000/2098208 {'unbalanced': 1387468, 'untileable6': 22737, 'periodic': 1795} [445s]
  1412200/2098208 {'unbalanced': 1387666, 'untileable6': 22739, 'periodic': 1795} [445s]
  1412400/2098208 {'unbalanced': 1387866, 'untileable6': 22739, 'periodic': 1795} [445s]
  1412600/2098208 {'unbalanced': 1388065, 'untileable6': 22740, 'periodic': 1795} [445s]
  1412800/2098208 {'unbalanced': 1388259, 'untileable6': 22746, 'periodic': 1795} [446s]
  1413000/2098208 {'unbalanced': 1388458, 'untileable6': 22747, 'periodic': 1795} [446s]
  1413200/2098208 {'unbalanced': 1388651, 'untileable6': 22754, 'periodic': 1795} [446s]
  1413400/2098208 {'unbalanced': 1388847, 'untileable6': 22758, 'periodic': 1795} [446s]
  1413600/2098208 {'unbalanced': 1389046, 'untileable6': 22759, 'periodic': 1795} [446s]
  1413800/2098208 {'unbalanced': 1389245, 'untileable6': 22760, 'periodic': 1795} [446s]
  1414000/2098208 {'unbalanced': 1389442, 'untileable6': 22763, 'periodic': 1795} [446s]
  1414200/2098208 {'unbalanced': 1389638, 'untileable6': 22767, 'periodic': 1795} [446s]
  1414400/2098208 {'unbalanced': 1389834, 'untileable6': 22771, 'periodic': 1795} [446s]
  1414600/2098208 {'unbalanced': 1390032, 'untileable6': 22773, 'periodic': 1795} [446s]
  1414800/2098208 {'unbalanced': 1390227, 'untileable6': 22778, 'periodic': 1795} [446s]
  1415000/2098208 {'unbalanced': 1390410, 'untileable6': 22795, 'periodic': 1795} [446s]
  1415200/2098208 {'unbalanced': 1390597, 'untileable6': 22808, 'periodic': 1795} [446s]
  1415400/2098208 {'unbalanced': 1390787, 'untileable6': 22818, 'periodic': 1795} [446s]
  1415600/2098208 {'unbalanced': 1390986, 'untileable6': 22819, 'periodic': 1795} [446s]
  1415800/2098208 {'unbalanced': 1391185, 'untileable6': 22820, 'periodic': 1795} [446s]
  1416000/2098208 {'unbalanced': 1391381, 'untileable6': 22824, 'periodic': 1795} [446s]
  1416200/2098208 {'unbalanced': 1391579, 'untileable6': 22826, 'periodic': 1795} [446s]
  1416400/2098208 {'unbalanced': 1391775, 'untileable6': 22830, 'periodic': 1795} [446s]
  1416600/2098208 {'unbalanced': 1391971, 'untileable6': 22834, 'periodic': 1795} [446s]
  1416800/2098208 {'unbalanced': 1392161, 'untileable6': 22841, 'periodic': 1798} [446s]
  1417000/2098208 {'unbalanced': 1392348, 'untileable6': 22847, 'periodic': 1805} [446s]
  1417200/2098208 {'unbalanced': 1392530, 'untileable6': 22865, 'periodic': 1805} [446s]
  1417400/2098208 {'unbalanced': 1392718, 'untileable6': 22877, 'periodic': 1805} [446s]
  1417600/2098208 {'unbalanced': 1392916, 'untileable6': 22879, 'periodic': 1805} [446s]
  1417800/2098208 {'unbalanced': 1393113, 'untileable6': 22882, 'periodic': 1805} [446s]
  1418000/2098208 {'unbalanced': 1393306, 'untileable6': 22889, 'periodic': 1805} [446s]
  1418200/2098208 {'unbalanced': 1393505, 'untileable6': 22890, 'periodic': 1805} [446s]
  1418400/2098208 {'unbalanced': 1393699, 'untileable6': 22896, 'periodic': 1805} [446s]
  1418600/2098208 {'unbalanced': 1393895, 'untileable6': 22900, 'periodic': 1805} [446s]
  1418800/2098208 {'unbalanced': 1394089, 'untileable6': 22906, 'periodic': 1805} [446s]
  1419000/2098208 {'unbalanced': 1394280, 'untileable6': 22915, 'periodic': 1805} [446s]
  1419200/2098208 {'unbalanced': 1394464, 'untileable6': 22931, 'periodic': 1805} [446s]
  1419400/2098208 {'unbalanced': 1394648, 'untileable6': 22947, 'periodic': 1805} [446s]
  1419600/2098208 {'unbalanced': 1394848, 'untileable6': 22947, 'periodic': 1805} [446s]
  1419800/2098208 {'unbalanced': 1395047, 'untileable6': 22948, 'periodic': 1805} [446s]
  1420000/2098208 {'unbalanced': 1395240, 'untileable6': 22955, 'periodic': 1805} [446s]
  1420200/2098208 {'unbalanced': 1395436, 'untileable6': 22959, 'periodic': 1805} [446s]
  1420400/2098208 {'unbalanced': 1395635, 'untileable6': 22960, 'periodic': 1805} [446s]
  1420600/2098208 {'unbalanced': 1395828, 'untileable6': 22967, 'periodic': 1805} [446s]
  1420800/2098208 {'unbalanced': 1396024, 'untileable6': 22971, 'periodic': 1805} [446s]
  1421000/2098208 {'unbalanced': 1396215, 'untileable6': 22980, 'periodic': 1805} [446s]
  1421200/2098208 {'unbalanced': 1396411, 'untileable6': 22984, 'periodic': 1805} [446s]
  1421400/2098208 {'unbalanced': 1396609, 'untileable6': 22986, 'periodic': 1805} [446s]
  1421600/2098208 {'unbalanced': 1396804, 'untileable6': 22991, 'periodic': 1805} [446s]
  1421800/2098208 {'unbalanced': 1396998, 'untileable6': 22997, 'periodic': 1805} [446s]
  1422000/2098208 {'unbalanced': 1397180, 'untileable6': 23014, 'periodic': 1806} [446s]
  1422200/2098208 {'unbalanced': 1397362, 'untileable6': 23032, 'periodic': 1806} [446s]
  1422400/2098208 {'unbalanced': 1397553, 'untileable6': 23041, 'periodic': 1806} [446s]
  1422600/2098208 {'unbalanced': 1397743, 'untileable6': 23051, 'periodic': 1806} [446s]
  1422800/2098208 {'unbalanced': 1397936, 'untileable6': 23058, 'periodic': 1806} [446s]
  1423000/2098208 {'unbalanced': 1398114, 'untileable6': 23080, 'periodic': 1806} [446s]
  1423200/2098208 {'unbalanced': 1398300, 'untileable6': 23094, 'periodic': 1806} [446s]
  1423400/2098208 {'unbalanced': 1398492, 'untileable6': 23102, 'periodic': 1806} [446s]
  1423600/2098208 {'unbalanced': 1398690, 'untileable6': 23104, 'periodic': 1806} [446s]
  1423800/2098208 {'unbalanced': 1398880, 'untileable6': 23114, 'periodic': 1806} [446s]
  1424000/2098208 {'unbalanced': 1399065, 'untileable6': 23128, 'periodic': 1807} [446s]
  1424200/2098208 {'unbalanced': 1399252, 'untileable6': 23141, 'periodic': 1807} [446s]
  1424400/2098208 {'unbalanced': 1399442, 'untileable6': 23151, 'periodic': 1807} [446s]
  1424600/2098208 {'unbalanced': 1399632, 'untileable6': 23161, 'periodic': 1807} [447s]
  1424800/2098208 {'unbalanced': 1399815, 'untileable6': 23178, 'periodic': 1807} [447s]
  1425000/2098208 {'unbalanced': 1400001, 'untileable6': 23192, 'periodic': 1807} [447s]
  1425200/2098208 {'unbalanced': 1400185, 'untileable6': 23208, 'periodic': 1807} [447s]
  1425400/2098208 {'unbalanced': 1400374, 'untileable6': 23219, 'periodic': 1807} [447s]
  1425600/2098208 {'unbalanced': 1400569, 'untileable6': 23224, 'periodic': 1807} [447s]
  1425800/2098208 {'unbalanced': 1400759, 'untileable6': 23234, 'periodic': 1807} [447s]
  1426000/2098208 {'unbalanced': 1400943, 'untileable6': 23250, 'periodic': 1807} [447s]
  1426200/2098208 {'unbalanced': 1401129, 'untileable6': 23264, 'periodic': 1807} [447s]
  1426400/2098208 {'unbalanced': 1401318, 'untileable6': 23275, 'periodic': 1807} [447s]
  1426600/2098208 {'unbalanced': 1401511, 'untileable6': 23282, 'periodic': 1807} [447s]
  1426800/2098208 {'unbalanced': 1401702, 'untileable6': 23291, 'periodic': 1807} [447s]
  1427000/2098208 {'unbalanced': 1401887, 'untileable6': 23306, 'periodic': 1807} [447s]
  1427200/2098208 {'unbalanced': 1402076, 'untileable6': 23317, 'periodic': 1807} [447s]
  1427400/2098208 {'unbalanced': 1402271, 'untileable6': 23322, 'periodic': 1807} [447s]
  1427600/2098208 {'unbalanced': 1402471, 'untileable6': 23322, 'periodic': 1807} [447s]
  1427800/2098208 {'unbalanced': 1402669, 'untileable6': 23324, 'periodic': 1807} [447s]
  1428000/2098208 {'unbalanced': 1402869, 'untileable6': 23324, 'periodic': 1807} [447s]
  1428200/2098208 {'unbalanced': 1403068, 'untileable6': 23325, 'periodic': 1807} [447s]
  1428400/2098208 {'unbalanced': 1403261, 'untileable6': 23332, 'periodic': 1807} [447s]
  1428600/2098208 {'unbalanced': 1403457, 'untileable6': 23336, 'periodic': 1807} [447s]
  1428800/2098208 {'unbalanced': 1403653, 'untileable6': 23340, 'periodic': 1807} [447s]
  1429000/2098208 {'unbalanced': 1403851, 'untileable6': 23342, 'periodic': 1807} [447s]
  1429200/2098208 {'unbalanced': 1404051, 'untileable6': 23342, 'periodic': 1807} [447s]
  1429400/2098208 {'unbalanced': 1404247, 'untileable6': 23346, 'periodic': 1807} [447s]
  1429600/2098208 {'unbalanced': 1404446, 'untileable6': 23347, 'periodic': 1807} [447s]
  1429800/2098208 {'unbalanced': 1404644, 'untileable6': 23349, 'periodic': 1807} [447s]
  1430000/2098208 {'unbalanced': 1404839, 'untileable6': 23354, 'periodic': 1807} [447s]
  1430200/2098208 {'unbalanced': 1405039, 'untileable6': 23354, 'periodic': 1807} [447s]
  1430400/2098208 {'unbalanced': 1405232, 'untileable6': 23360, 'periodic': 1808} [447s]
  1430600/2098208 {'unbalanced': 1405414, 'untileable6': 23378, 'periodic': 1808} [447s]
  1430800/2098208 {'unbalanced': 1405603, 'untileable6': 23389, 'periodic': 1808} [447s]
  1431000/2098208 {'unbalanced': 1405795, 'untileable6': 23397, 'periodic': 1808} [447s]
  1431200/2098208 {'unbalanced': 1405995, 'untileable6': 23397, 'periodic': 1808} [447s]
  1431400/2098208 {'unbalanced': 1406194, 'untileable6': 23398, 'periodic': 1808} [447s]
  1431600/2098208 {'unbalanced': 1406393, 'untileable6': 23399, 'periodic': 1808} [447s]
  1431800/2098208 {'unbalanced': 1406588, 'untileable6': 23404, 'periodic': 1808} [447s]
  1432000/2098208 {'unbalanced': 1406788, 'untileable6': 23404, 'periodic': 1808} [447s]
  1432200/2098208 {'unbalanced': 1406983, 'untileable6': 23408, 'periodic': 1809} [447s]
  1432400/2098208 {'unbalanced': 1407165, 'untileable6': 23426, 'periodic': 1809} [447s]
  1432600/2098208 {'unbalanced': 1407356, 'untileable6': 23435, 'periodic': 1809} [447s]
  1432800/2098208 {'unbalanced': 1407549, 'untileable6': 23442, 'periodic': 1809} [447s]
  1433000/2098208 {'unbalanced': 1407739, 'untileable6': 23452, 'periodic': 1809} [447s]
  1433200/2098208 {'unbalanced': 1407939, 'untileable6': 23452, 'periodic': 1809} [447s]
  1433400/2098208 {'unbalanced': 1408136, 'untileable6': 23455, 'periodic': 1809} [447s]
  1433600/2098208 {'unbalanced': 1408332, 'untileable6': 23459, 'periodic': 1809} [447s]
  1433800/2098208 {'unbalanced': 1408528, 'untileable6': 23463, 'periodic': 1809} [447s]
  1434000/2098208 {'unbalanced': 1408726, 'untileable6': 23465, 'periodic': 1809} [447s]
  1434200/2098208 {'unbalanced': 1408924, 'untileable6': 23467, 'periodic': 1809} [447s]
  1434400/2098208 {'unbalanced': 1409124, 'untileable6': 23467, 'periodic': 1809} [447s]
  1434600/2098208 {'unbalanced': 1409307, 'untileable6': 23484, 'periodic': 1809} [447s]
  1434800/2098208 {'unbalanced': 1409499, 'untileable6': 23492, 'periodic': 1809} [447s]
  1435000/2098208 {'unbalanced': 1409693, 'untileable6': 23498, 'periodic': 1809} [447s]
  1435200/2098208 {'unbalanced': 1409889, 'untileable6': 23502, 'periodic': 1809} [447s]
  1435400/2098208 {'unbalanced': 1410089, 'untileable6': 23502, 'periodic': 1809} [447s]
  1435600/2098208 {'unbalanced': 1410285, 'untileable6': 23506, 'periodic': 1809} [447s]
  1435800/2098208 {'unbalanced': 1410483, 'untileable6': 23508, 'periodic': 1809} [447s]
  1436000/2098208 {'unbalanced': 1410683, 'untileable6': 23508, 'periodic': 1809} [447s]
  1436200/2098208 {'unbalanced': 1410874, 'untileable6': 23517, 'periodic': 1809} [447s]
  1436400/2098208 {'unbalanced': 1411070, 'untileable6': 23521, 'periodic': 1809} [447s]
  1436600/2098208 {'unbalanced': 1411268, 'untileable6': 23523, 'periodic': 1809} [447s]
  1436800/2098208 {'unbalanced': 1411462, 'untileable6': 23529, 'periodic': 1809} [447s]
  1437000/2098208 {'unbalanced': 1411662, 'untileable6': 23529, 'periodic': 1809} [447s]
  1437200/2098208 {'unbalanced': 1411857, 'untileable6': 23533, 'periodic': 1810} [447s]
  1437400/2098208 {'unbalanced': 1412039, 'untileable6': 23551, 'periodic': 1810} [447s]
  1437600/2098208 {'unbalanced': 1412229, 'untileable6': 23561, 'periodic': 1810} [447s]
  1437800/2098208 {'unbalanced': 1412421, 'untileable6': 23568, 'periodic': 1811} [447s]
  1438000/2098208 {'unbalanced': 1412611, 'untileable6': 23578, 'periodic': 1811} [448s]
  1438200/2098208 {'unbalanced': 1412811, 'untileable6': 23578, 'periodic': 1811} [448s]
  1438400/2098208 {'unbalanced': 1412995, 'untileable6': 23593, 'periodic': 1812} [448s]
  1438600/2098208 {'unbalanced': 1413183, 'untileable6': 23605, 'periodic': 1812} [448s]
  1438800/2098208 {'unbalanced': 1413375, 'untileable6': 23613, 'periodic': 1812} [448s]
  1439000/2098208 {'unbalanced': 1413570, 'untileable6': 23618, 'periodic': 1812} [448s]
  1439200/2098208 {'unbalanced': 1413764, 'untileable6': 23623, 'periodic': 1813} [448s]
  1439400/2098208 {'unbalanced': 1413951, 'untileable6': 23636, 'periodic': 1813} [448s]
  1439600/2098208 {'unbalanced': 1414142, 'untileable6': 23645, 'periodic': 1813} [448s]
  1439800/2098208 {'unbalanced': 1414331, 'untileable6': 23655, 'periodic': 1814} [448s]
  1440000/2098208 {'unbalanced': 1414530, 'untileable6': 23656, 'periodic': 1814} [448s]
  1440200/2098208 {'unbalanced': 1414722, 'untileable6': 23664, 'periodic': 1814} [448s]
  1440400/2098208 {'unbalanced': 1414905, 'untileable6': 23680, 'periodic': 1815} [448s]
  1440600/2098208 {'unbalanced': 1415096, 'untileable6': 23689, 'periodic': 1815} [448s]
  1440800/2098208 {'unbalanced': 1415289, 'untileable6': 23695, 'periodic': 1816} [448s]
  1441000/2098208 {'unbalanced': 1415485, 'untileable6': 23699, 'periodic': 1816} [448s]
  1441200/2098208 {'unbalanced': 1415682, 'untileable6': 23702, 'periodic': 1816} [448s]
  1441400/2098208 {'unbalanced': 1415864, 'untileable6': 23719, 'periodic': 1817} [448s]
  1441600/2098208 {'unbalanced': 1416058, 'untileable6': 23725, 'periodic': 1817} [448s]
  1441800/2098208 {'unbalanced': 1416251, 'untileable6': 23732, 'periodic': 1817} [448s]
  1442000/2098208 {'unbalanced': 1416444, 'untileable6': 23738, 'periodic': 1818} [448s]
  1442200/2098208 {'unbalanced': 1416644, 'untileable6': 23738, 'periodic': 1818} [448s]
  1442400/2098208 {'unbalanced': 1416832, 'untileable6': 23750, 'periodic': 1818} [448s]
  1442600/2098208 {'unbalanced': 1417024, 'untileable6': 23757, 'periodic': 1819} [448s]
  1442800/2098208 {'unbalanced': 1417217, 'untileable6': 23764, 'periodic': 1819} [448s]
  1443000/2098208 {'unbalanced': 1417414, 'untileable6': 23767, 'periodic': 1819} [448s]
  1443200/2098208 {'unbalanced': 1417614, 'untileable6': 23767, 'periodic': 1819} [448s]
  1443400/2098208 {'unbalanced': 1417814, 'untileable6': 23767, 'periodic': 1819} [448s]
  1443600/2098208 {'unbalanced': 1418014, 'untileable6': 23767, 'periodic': 1819} [448s]
  1443800/2098208 {'unbalanced': 1418214, 'untileable6': 23767, 'periodic': 1819} [448s]
  1444000/2098208 {'unbalanced': 1418414, 'untileable6': 23767, 'periodic': 1819} [448s]
  1444200/2098208 {'unbalanced': 1418614, 'untileable6': 23767, 'periodic': 1819} [448s]
  1444400/2098208 {'unbalanced': 1418813, 'untileable6': 23768, 'periodic': 1819} [448s]
  1444600/2098208 {'unbalanced': 1419012, 'untileable6': 23769, 'periodic': 1819} [448s]
  1444800/2098208 {'unbalanced': 1419212, 'untileable6': 23769, 'periodic': 1819} [448s]
  1445000/2098208 {'unbalanced': 1419406, 'untileable6': 23775, 'periodic': 1819} [448s]
  1445200/2098208 {'unbalanced': 1419606, 'untileable6': 23775, 'periodic': 1819} [448s]
  1445400/2098208 {'unbalanced': 1419806, 'untileable6': 23775, 'periodic': 1819} [448s]
  1445600/2098208 {'unbalanced': 1420006, 'untileable6': 23775, 'periodic': 1819} [448s]
  1445800/2098208 {'unbalanced': 1420206, 'untileable6': 23775, 'periodic': 1819} [448s]
  1446000/2098208 {'unbalanced': 1420406, 'untileable6': 23775, 'periodic': 1819} [448s]
  1446200/2098208 {'unbalanced': 1420606, 'untileable6': 23775, 'periodic': 1819} [448s]
  1446400/2098208 {'unbalanced': 1420806, 'untileable6': 23775, 'periodic': 1819} [448s]
  1446600/2098208 {'unbalanced': 1421004, 'untileable6': 23777, 'periodic': 1819} [448s]
  1446800/2098208 {'unbalanced': 1421202, 'untileable6': 23779, 'periodic': 1819} [448s]
  1447000/2098208 {'unbalanced': 1421399, 'untileable6': 23782, 'periodic': 1819} [448s]
  1447200/2098208 {'unbalanced': 1421593, 'untileable6': 23787, 'periodic': 1820} [448s]
  1447400/2098208 {'unbalanced': 1421793, 'untileable6': 23787, 'periodic': 1820} [448s]
  1447600/2098208 {'unbalanced': 1421993, 'untileable6': 23787, 'periodic': 1820} [448s]
  1447800/2098208 {'unbalanced': 1422193, 'untileable6': 23787, 'periodic': 1820} [448s]
  1448000/2098208 {'unbalanced': 1422393, 'untileable6': 23787, 'periodic': 1820} [448s]
  1448200/2098208 {'unbalanced': 1422593, 'untileable6': 23787, 'periodic': 1820} [448s]
  1448400/2098208 {'unbalanced': 1422793, 'untileable6': 23787, 'periodic': 1820} [448s]
  1448600/2098208 {'unbalanced': 1422991, 'untileable6': 23789, 'periodic': 1820} [448s]
  1448800/2098208 {'unbalanced': 1423189, 'untileable6': 23791, 'periodic': 1820} [448s]
  1449000/2098208 {'unbalanced': 1423385, 'untileable6': 23795, 'periodic': 1820} [448s]
  1449200/2098208 {'unbalanced': 1423583, 'untileable6': 23795, 'periodic': 1822} [448s]
  1449400/2098208 {'unbalanced': 1423777, 'untileable6': 23801, 'periodic': 1822} [448s]
  1449600/2098208 {'unbalanced': 1423977, 'untileable6': 23801, 'periodic': 1822} [448s]
  1449800/2098208 {'unbalanced': 1424177, 'untileable6': 23801, 'periodic': 1822} [448s]
  1450000/2098208 {'unbalanced': 1424377, 'untileable6': 23801, 'periodic': 1822} [448s]
  1450200/2098208 {'unbalanced': 1424577, 'untileable6': 23801, 'periodic': 1822} [448s]
  1450400/2098208 {'unbalanced': 1424777, 'untileable6': 23801, 'periodic': 1822} [448s]
  1450600/2098208 {'unbalanced': 1424977, 'untileable6': 23801, 'periodic': 1822} [448s]
  1450800/2098208 {'unbalanced': 1425177, 'untileable6': 23801, 'periodic': 1822} [448s]
  1451000/2098208 {'unbalanced': 1425377, 'untileable6': 23801, 'periodic': 1822} [448s]
  1451200/2098208 {'unbalanced': 1425576, 'untileable6': 23802, 'periodic': 1822} [448s]
  1451400/2098208 {'unbalanced': 1425775, 'untileable6': 23803, 'periodic': 1822} [448s]
  1451600/2098208 {'unbalanced': 1425973, 'untileable6': 23805, 'periodic': 1822} [448s]
  1451800/2098208 {'unbalanced': 1426173, 'untileable6': 23805, 'periodic': 1822} [448s]
  1452000/2098208 {'unbalanced': 1426372, 'untileable6': 23806, 'periodic': 1822} [448s]
  1452200/2098208 {'unbalanced': 1426572, 'untileable6': 23806, 'periodic': 1822} [448s]
  1452400/2098208 {'unbalanced': 1426766, 'untileable6': 23812, 'periodic': 1822} [448s]
  1452600/2098208 {'unbalanced': 1426966, 'untileable6': 23812, 'periodic': 1822} [448s]
  1452800/2098208 {'unbalanced': 1427165, 'untileable6': 23813, 'periodic': 1822} [448s]
  1453000/2098208 {'unbalanced': 1427359, 'untileable6': 23819, 'periodic': 1822} [448s]
  1453200/2098208 {'unbalanced': 1427558, 'untileable6': 23820, 'periodic': 1822} [448s]
  1453400/2098208 {'unbalanced': 1427750, 'untileable6': 23828, 'periodic': 1822} [448s]
  1453600/2098208 {'unbalanced': 1427934, 'untileable6': 23844, 'periodic': 1822} [448s]
  1453800/2098208 {'unbalanced': 1428131, 'untileable6': 23847, 'periodic': 1822} [448s]
  1454000/2098208 {'unbalanced': 1428331, 'untileable6': 23847, 'periodic': 1822} [448s]
  1454200/2098208 {'unbalanced': 1428528, 'untileable6': 23850, 'periodic': 1822} [448s]
  1454400/2098208 {'unbalanced': 1428726, 'untileable6': 23852, 'periodic': 1822} [448s]
  1454600/2098208 {'unbalanced': 1428924, 'untileable6': 23854, 'periodic': 1822} [448s]
  1454800/2098208 {'unbalanced': 1429116, 'untileable6': 23860, 'periodic': 1824} [448s]
  1455000/2098208 {'unbalanced': 1429316, 'untileable6': 23860, 'periodic': 1824} [448s]
  1455200/2098208 {'unbalanced': 1429516, 'untileable6': 23860, 'periodic': 1824} [448s]
  1455400/2098208 {'unbalanced': 1429708, 'untileable6': 23868, 'periodic': 1824} [448s]
  1455600/2098208 {'unbalanced': 1429902, 'untileable6': 23874, 'periodic': 1824} [448s]
  1455800/2098208 {'unbalanced': 1430088, 'untileable6': 23888, 'periodic': 1824} [448s]
  1456000/2098208 {'unbalanced': 1430283, 'untileable6': 23893, 'periodic': 1824} [448s]
  1456200/2098208 {'unbalanced': 1430481, 'untileable6': 23895, 'periodic': 1824} [448s]
  1456400/2098208 {'unbalanced': 1430681, 'untileable6': 23895, 'periodic': 1824} [448s]
  1456600/2098208 {'unbalanced': 1430877, 'untileable6': 23899, 'periodic': 1824} [448s]
  1456800/2098208 {'unbalanced': 1431071, 'untileable6': 23903, 'periodic': 1826} [448s]
  1457000/2098208 {'unbalanced': 1431269, 'untileable6': 23905, 'periodic': 1826} [448s]
  1457200/2098208 {'unbalanced': 1431469, 'untileable6': 23905, 'periodic': 1826} [448s]
  1457400/2098208 {'unbalanced': 1431663, 'untileable6': 23911, 'periodic': 1826} [448s]
  1457600/2098208 {'unbalanced': 1431855, 'untileable6': 23919, 'periodic': 1826} [448s]
  1457800/2098208 {'unbalanced': 1432047, 'untileable6': 23927, 'periodic': 1826} [449s]
  1458000/2098208 {'unbalanced': 1432232, 'untileable6': 23942, 'periodic': 1826} [449s]
  1458200/2098208 {'unbalanced': 1432428, 'untileable6': 23946, 'periodic': 1826} [449s]
  1458400/2098208 {'unbalanced': 1432628, 'untileable6': 23946, 'periodic': 1826} [449s]
  1458600/2098208 {'unbalanced': 1432828, 'untileable6': 23946, 'periodic': 1826} [449s]
  1458800/2098208 {'unbalanced': 1433027, 'untileable6': 23947, 'periodic': 1826} [449s]
  1459000/2098208 {'unbalanced': 1433226, 'untileable6': 23948, 'periodic': 1826} [449s]
  1459200/2098208 {'unbalanced': 1433426, 'untileable6': 23948, 'periodic': 1826} [449s]
  1459400/2098208 {'unbalanced': 1433624, 'untileable6': 23950, 'periodic': 1826} [449s]
  1459600/2098208 {'unbalanced': 1433824, 'untileable6': 23950, 'periodic': 1826} [449s]
  1459800/2098208 {'unbalanced': 1434023, 'untileable6': 23951, 'periodic': 1826} [449s]
  1460000/2098208 {'unbalanced': 1434221, 'untileable6': 23953, 'periodic': 1826} [449s]
  1460200/2098208 {'unbalanced': 1434418, 'untileable6': 23956, 'periodic': 1826} [449s]
  1460400/2098208 {'unbalanced': 1434618, 'untileable6': 23956, 'periodic': 1826} [449s]
  1460600/2098208 {'unbalanced': 1434818, 'untileable6': 23956, 'periodic': 1826} [449s]
  1460800/2098208 {'unbalanced': 1435018, 'untileable6': 23956, 'periodic': 1826} [449s]
  1461000/2098208 {'unbalanced': 1435218, 'untileable6': 23956, 'periodic': 1826} [449s]
  1461200/2098208 {'unbalanced': 1435417, 'untileable6': 23957, 'periodic': 1826} [449s]
  1461400/2098208 {'unbalanced': 1435617, 'untileable6': 23957, 'periodic': 1826} [449s]
  1461600/2098208 {'unbalanced': 1435811, 'untileable6': 23963, 'periodic': 1826} [449s]
  1461800/2098208 {'unbalanced': 1436011, 'untileable6': 23963, 'periodic': 1826} [449s]
  1462000/2098208 {'unbalanced': 1436205, 'untileable6': 23969, 'periodic': 1826} [449s]
  1462200/2098208 {'unbalanced': 1436401, 'untileable6': 23973, 'periodic': 1826} [449s]
  1462400/2098208 {'unbalanced': 1436600, 'untileable6': 23974, 'periodic': 1826} [449s]
  1462600/2098208 {'unbalanced': 1436800, 'untileable6': 23974, 'periodic': 1826} [449s]
  1462800/2098208 {'unbalanced': 1437000, 'untileable6': 23974, 'periodic': 1826} [449s]
  1463000/2098208 {'unbalanced': 1437200, 'untileable6': 23974, 'periodic': 1826} [449s]
  1463200/2098208 {'unbalanced': 1437400, 'untileable6': 23974, 'periodic': 1826} [449s]
  1463400/2098208 {'unbalanced': 1437600, 'untileable6': 23974, 'periodic': 1826} [449s]
  1463600/2098208 {'unbalanced': 1437800, 'untileable6': 23974, 'periodic': 1826} [449s]
  1463800/2098208 {'unbalanced': 1437996, 'untileable6': 23978, 'periodic': 1826} [449s]
  1464000/2098208 {'unbalanced': 1438190, 'untileable6': 23982, 'periodic': 1828} [449s]
  1464200/2098208 {'unbalanced': 1438387, 'untileable6': 23985, 'periodic': 1828} [449s]
  1464400/2098208 {'unbalanced': 1438581, 'untileable6': 23991, 'periodic': 1828} [449s]
  1464600/2098208 {'unbalanced': 1438780, 'untileable6': 23992, 'periodic': 1828} [449s]
  1464800/2098208 {'unbalanced': 1438980, 'untileable6': 23992, 'periodic': 1828} [449s]
  1465000/2098208 {'unbalanced': 1439180, 'untileable6': 23992, 'periodic': 1828} [449s]
  1465200/2098208 {'unbalanced': 1439380, 'untileable6': 23992, 'periodic': 1828} [449s]
  1465400/2098208 {'unbalanced': 1439580, 'untileable6': 23992, 'periodic': 1828} [449s]
  1465600/2098208 {'unbalanced': 1439780, 'untileable6': 23992, 'periodic': 1828} [449s]
  1465800/2098208 {'unbalanced': 1439976, 'untileable6': 23996, 'periodic': 1828} [449s]
  1466000/2098208 {'unbalanced': 1440170, 'untileable6': 24000, 'periodic': 1830} [449s]
  1466200/2098208 {'unbalanced': 1440368, 'untileable6': 24002, 'periodic': 1830} [449s]
  1466400/2098208 {'unbalanced': 1440561, 'untileable6': 24009, 'periodic': 1830} [449s]
  1466600/2098208 {'unbalanced': 1440758, 'untileable6': 24012, 'periodic': 1830} [449s]
  1466800/2098208 {'unbalanced': 1440957, 'untileable6': 24013, 'periodic': 1830} [449s]
  1467000/2098208 {'unbalanced': 1441157, 'untileable6': 24013, 'periodic': 1830} [449s]
  1467200/2098208 {'unbalanced': 1441357, 'untileable6': 24013, 'periodic': 1830} [449s]
  1467400/2098208 {'unbalanced': 1441557, 'untileable6': 24013, 'periodic': 1830} [449s]
  1467600/2098208 {'unbalanced': 1441757, 'untileable6': 24013, 'periodic': 1830} [449s]
  1467800/2098208 {'unbalanced': 1441957, 'untileable6': 24013, 'periodic': 1830} [449s]
  1468000/2098208 {'unbalanced': 1442157, 'untileable6': 24013, 'periodic': 1830} [449s]
  1468200/2098208 {'unbalanced': 1442356, 'untileable6': 24014, 'periodic': 1830} [449s]
  1468400/2098208 {'unbalanced': 1442556, 'untileable6': 24014, 'periodic': 1830} [449s]
  1468600/2098208 {'unbalanced': 1442754, 'untileable6': 24016, 'periodic': 1830} [449s]
  1468800/2098208 {'unbalanced': 1442952, 'untileable6': 24018, 'periodic': 1830} [449s]
  1469000/2098208 {'unbalanced': 1443152, 'untileable6': 24018, 'periodic': 1830} [449s]
  1469200/2098208 {'unbalanced': 1443352, 'untileable6': 24018, 'periodic': 1830} [449s]
  1469400/2098208 {'unbalanced': 1443546, 'untileable6': 24024, 'periodic': 1830} [449s]
  1469600/2098208 {'unbalanced': 1443744, 'untileable6': 24026, 'periodic': 1830} [449s]
  1469800/2098208 {'unbalanced': 1443941, 'untileable6': 24029, 'periodic': 1830} [449s]
  1470000/2098208 {'unbalanced': 1444134, 'untileable6': 24036, 'periodic': 1830} [449s]
  1470200/2098208 {'unbalanced': 1444328, 'untileable6': 24042, 'periodic': 1830} [449s]
  1470400/2098208 {'unbalanced': 1444513, 'untileable6': 24047, 'periodic': 1840} [449s]
  1470600/2098208 {'unbalanced': 1444697, 'untileable6': 24063, 'periodic': 1840} [449s]
  1470800/2098208 {'unbalanced': 1444883, 'untileable6': 24077, 'periodic': 1840} [449s]
  1471000/2098208 {'unbalanced': 1445072, 'untileable6': 24087, 'periodic': 1841} [449s]
  1471200/2098208 {'unbalanced': 1445271, 'untileable6': 24088, 'periodic': 1841} [449s]
  1471400/2098208 {'unbalanced': 1445469, 'untileable6': 24090, 'periodic': 1841} [449s]
  1471600/2098208 {'unbalanced': 1445662, 'untileable6': 24096, 'periodic': 1842} [449s]
  1471800/2098208 {'unbalanced': 1445858, 'untileable6': 24100, 'periodic': 1842} [449s]
  1472000/2098208 {'unbalanced': 1446054, 'untileable6': 24104, 'periodic': 1842} [449s]
  1472200/2098208 {'unbalanced': 1446251, 'untileable6': 24106, 'periodic': 1843} [449s]
  1472400/2098208 {'unbalanced': 1446446, 'untileable6': 24111, 'periodic': 1843} [449s]
  1472600/2098208 {'unbalanced': 1446638, 'untileable6': 24119, 'periodic': 1843} [449s]
  1472800/2098208 {'unbalanced': 1446824, 'untileable6': 24132, 'periodic': 1844} [449s]
  1473000/2098208 {'unbalanced': 1447012, 'untileable6': 24144, 'periodic': 1844} [449s]
  1473200/2098208 {'unbalanced': 1447196, 'untileable6': 24160, 'periodic': 1844} [449s]
  1473400/2098208 {'unbalanced': 1447394, 'untileable6': 24162, 'periodic': 1844} [449s]
  1473600/2098208 {'unbalanced': 1447589, 'untileable6': 24167, 'periodic': 1844} [449s]
  1473800/2098208 {'unbalanced': 1447789, 'untileable6': 24167, 'periodic': 1844} [449s]
  1474000/2098208 {'unbalanced': 1447981, 'untileable6': 24175, 'periodic': 1844} [449s]
  1474200/2098208 {'unbalanced': 1448178, 'untileable6': 24177, 'periodic': 1845} [449s]
  1474400/2098208 {'unbalanced': 1448373, 'untileable6': 24182, 'periodic': 1845} [449s]
  1474600/2098208 {'unbalanced': 1448565, 'untileable6': 24190, 'periodic': 1845} [449s]
  1474800/2098208 {'unbalanced': 1448754, 'untileable6': 24201, 'periodic': 1845} [449s]
  1475000/2098208 {'unbalanced': 1448939, 'untileable6': 24215, 'periodic': 1846} [449s]
  1475200/2098208 {'unbalanced': 1449125, 'untileable6': 24229, 'periodic': 1846} [449s]
  1475400/2098208 {'unbalanced': 1449316, 'untileable6': 24237, 'periodic': 1847} [449s]
  1475600/2098208 {'unbalanced': 1449516, 'untileable6': 24237, 'periodic': 1847} [449s]
  1475800/2098208 {'unbalanced': 1449715, 'untileable6': 24238, 'periodic': 1847} [449s]
  1476000/2098208 {'unbalanced': 1449913, 'untileable6': 24239, 'periodic': 1848} [449s]
  1476200/2098208 {'unbalanced': 1450113, 'untileable6': 24239, 'periodic': 1848} [449s]
  1476400/2098208 {'unbalanced': 1450311, 'untileable6': 24241, 'periodic': 1848} [449s]
  1476600/2098208 {'unbalanced': 1450511, 'untileable6': 24241, 'periodic': 1848} [449s]
  1476800/2098208 {'unbalanced': 1450709, 'untileable6': 24242, 'periodic': 1849} [449s]
  1477000/2098208 {'unbalanced': 1450907, 'untileable6': 24244, 'periodic': 1849} [449s]
  1477200/2098208 {'unbalanced': 1451105, 'untileable6': 24246, 'periodic': 1849} [449s]
  1477400/2098208 {'unbalanced': 1451301, 'untileable6': 24249, 'periodic': 1850} [450s]
  1477600/2098208 {'unbalanced': 1451499, 'untileable6': 24250, 'periodic': 1851} [450s]
  1477800/2098208 {'unbalanced': 1451699, 'untileable6': 24250, 'periodic': 1851} [450s]
  1478000/2098208 {'unbalanced': 1451899, 'untileable6': 24250, 'periodic': 1851} [450s]
  1478200/2098208 {'unbalanced': 1452099, 'untileable6': 24250, 'periodic': 1851} [450s]
  1478400/2098208 {'unbalanced': 1452298, 'untileable6': 24251, 'periodic': 1851} [450s]
  1478600/2098208 {'unbalanced': 1452498, 'untileable6': 24251, 'periodic': 1851} [450s]
  1478800/2098208 {'unbalanced': 1452697, 'untileable6': 24252, 'periodic': 1851} [450s]
  1479000/2098208 {'unbalanced': 1452897, 'untileable6': 24252, 'periodic': 1851} [450s]
  1479200/2098208 {'unbalanced': 1453090, 'untileable6': 24259, 'periodic': 1851} [450s]
  1479400/2098208 {'unbalanced': 1453289, 'untileable6': 24260, 'periodic': 1851} [450s]
  1479600/2098208 {'unbalanced': 1453483, 'untileable6': 24266, 'periodic': 1851} [450s]
  1479800/2098208 {'unbalanced': 1453682, 'untileable6': 24267, 'periodic': 1851} [450s]
  1480000/2098208 {'unbalanced': 1453877, 'untileable6': 24272, 'periodic': 1851} [450s]
  1480200/2098208 {'unbalanced': 1454077, 'untileable6': 24272, 'periodic': 1851} [450s]
  1480400/2098208 {'unbalanced': 1454277, 'untileable6': 24272, 'periodic': 1851} [450s]
  1480600/2098208 {'unbalanced': 1454477, 'untileable6': 24272, 'periodic': 1851} [450s]
  1480800/2098208 {'unbalanced': 1454677, 'untileable6': 24272, 'periodic': 1851} [450s]
  1481000/2098208 {'unbalanced': 1454877, 'untileable6': 24272, 'periodic': 1851} [450s]
  1481200/2098208 {'unbalanced': 1455075, 'untileable6': 24274, 'periodic': 1851} [450s]
  1481400/2098208 {'unbalanced': 1455275, 'untileable6': 24274, 'periodic': 1851} [450s]
  1481600/2098208 {'unbalanced': 1455472, 'untileable6': 24277, 'periodic': 1851} [450s]
  1481800/2098208 {'unbalanced': 1455671, 'untileable6': 24278, 'periodic': 1851} [450s]
  1482000/2098208 {'unbalanced': 1455863, 'untileable6': 24286, 'periodic': 1851} [450s]
  1482200/2098208 {'unbalanced': 1456059, 'untileable6': 24290, 'periodic': 1851} [450s]
  1482400/2098208 {'unbalanced': 1456253, 'untileable6': 24295, 'periodic': 1852} [450s]
  1482600/2098208 {'unbalanced': 1456450, 'untileable6': 24298, 'periodic': 1852} [450s]
  1482800/2098208 {'unbalanced': 1456650, 'untileable6': 24298, 'periodic': 1852} [450s]
  1483000/2098208 {'unbalanced': 1456850, 'untileable6': 24298, 'periodic': 1852} [450s]
  1483200/2098208 {'unbalanced': 1457050, 'untileable6': 24298, 'periodic': 1852} [450s]
  1483400/2098208 {'unbalanced': 1457250, 'untileable6': 24298, 'periodic': 1852} [450s]
  1483600/2098208 {'unbalanced': 1457448, 'untileable6': 24300, 'periodic': 1852} [450s]
  1483800/2098208 {'unbalanced': 1457648, 'untileable6': 24300, 'periodic': 1852} [450s]
  1484000/2098208 {'unbalanced': 1457845, 'untileable6': 24303, 'periodic': 1852} [450s]
  1484200/2098208 {'unbalanced': 1458044, 'untileable6': 24304, 'periodic': 1852} [450s]
  1484400/2098208 {'unbalanced': 1458236, 'untileable6': 24312, 'periodic': 1852} [450s]
  1484600/2098208 {'unbalanced': 1458432, 'untileable6': 24316, 'periodic': 1852} [450s]
  1484800/2098208 {'unbalanced': 1458624, 'untileable6': 24322, 'periodic': 1854} [450s]
  1485000/2098208 {'unbalanced': 1458822, 'untileable6': 24324, 'periodic': 1854} [450s]
  1485200/2098208 {'unbalanced': 1459020, 'untileable6': 24326, 'periodic': 1854} [450s]
  1485400/2098208 {'unbalanced': 1459220, 'untileable6': 24326, 'periodic': 1854} [450s]
  1485600/2098208 {'unbalanced': 1459420, 'untileable6': 24326, 'periodic': 1854} [450s]
  1485800/2098208 {'unbalanced': 1459620, 'untileable6': 24326, 'periodic': 1854} [450s]
  1486000/2098208 {'unbalanced': 1459820, 'untileable6': 24326, 'periodic': 1854} [450s]
  1486200/2098208 {'unbalanced': 1460020, 'untileable6': 24326, 'periodic': 1854} [450s]
  1486400/2098208 {'unbalanced': 1460220, 'untileable6': 24326, 'periodic': 1854} [450s]
  1486600/2098208 {'unbalanced': 1460419, 'untileable6': 24327, 'periodic': 1854} [450s]
  1486800/2098208 {'unbalanced': 1460619, 'untileable6': 24327, 'periodic': 1854} [450s]
  1487000/2098208 {'unbalanced': 1460818, 'untileable6': 24328, 'periodic': 1854} [450s]
  1487200/2098208 {'unbalanced': 1461018, 'untileable6': 24328, 'periodic': 1854} [450s]
  1487400/2098208 {'unbalanced': 1461214, 'untileable6': 24332, 'periodic': 1854} [450s]
  1487600/2098208 {'unbalanced': 1461412, 'untileable6': 24334, 'periodic': 1854} [450s]
  1487800/2098208 {'unbalanced': 1461611, 'untileable6': 24335, 'periodic': 1854} [450s]
  1488000/2098208 {'unbalanced': 1461811, 'untileable6': 24335, 'periodic': 1854} [450s]
  1488200/2098208 {'unbalanced': 1462006, 'untileable6': 24340, 'periodic': 1854} [450s]
  1488400/2098208 {'unbalanced': 1462203, 'untileable6': 24343, 'periodic': 1854} [450s]
  1488600/2098208 {'unbalanced': 1462399, 'untileable6': 24347, 'periodic': 1854} [450s]
  1488800/2098208 {'unbalanced': 1462595, 'untileable6': 24351, 'periodic': 1854} [450s]
  1489000/2098208 {'unbalanced': 1462791, 'untileable6': 24355, 'periodic': 1854} [450s]
  1489200/2098208 {'unbalanced': 1462986, 'untileable6': 24360, 'periodic': 1854} [450s]
  1489400/2098208 {'unbalanced': 1463174, 'untileable6': 24367, 'periodic': 1859} [450s]
  1489600/2098208 {'unbalanced': 1463361, 'untileable6': 24371, 'periodic': 1868} [450s]
  1489800/2098208 {'unbalanced': 1463544, 'untileable6': 24388, 'periodic': 1868} [450s]
  1490000/2098208 {'unbalanced': 1463730, 'untileable6': 24402, 'periodic': 1868} [450s]
  1490200/2098208 {'unbalanced': 1463920, 'untileable6': 24412, 'periodic': 1868} [450s]
  1490400/2098208 {'unbalanced': 1464118, 'untileable6': 24414, 'periodic': 1868} [450s]
  1490600/2098208 {'unbalanced': 1464316, 'untileable6': 24416, 'periodic': 1868} [450s]
  1490800/2098208 {'unbalanced': 1464510, 'untileable6': 24422, 'periodic': 1868} [450s]
  1491000/2098208 {'unbalanced': 1464710, 'untileable6': 24422, 'periodic': 1868} [450s]
  1491200/2098208 {'unbalanced': 1464898, 'untileable6': 24431, 'periodic': 1871} [450s]
  1491400/2098208 {'unbalanced': 1465096, 'untileable6': 24433, 'periodic': 1871} [450s]
  1491600/2098208 {'unbalanced': 1465290, 'untileable6': 24439, 'periodic': 1871} [450s]
  1491800/2098208 {'unbalanced': 1465487, 'untileable6': 24442, 'periodic': 1871} [450s]
  1492000/2098208 {'unbalanced': 1465677, 'untileable6': 24452, 'periodic': 1871} [450s]
  1492200/2098208 {'unbalanced': 1465867, 'untileable6': 24461, 'periodic': 1872} [450s]
  1492400/2098208 {'unbalanced': 1466053, 'untileable6': 24475, 'periodic': 1872} [450s]
  1492600/2098208 {'unbalanced': 1466242, 'untileable6': 24486, 'periodic': 1872} [450s]
  1492800/2098208 {'unbalanced': 1466427, 'untileable6': 24501, 'periodic': 1872} [450s]
  1493000/2098208 {'unbalanced': 1466625, 'untileable6': 24503, 'periodic': 1872} [450s]
  1493200/2098208 {'unbalanced': 1466821, 'untileable6': 24507, 'periodic': 1872} [450s]
  1493400/2098208 {'unbalanced': 1467021, 'untileable6': 24507, 'periodic': 1872} [450s]
  1493600/2098208 {'unbalanced': 1467209, 'untileable6': 24516, 'periodic': 1875} [450s]
  1493800/2098208 {'unbalanced': 1467407, 'untileable6': 24518, 'periodic': 1875} [450s]
  1494000/2098208 {'unbalanced': 1467601, 'untileable6': 24524, 'periodic': 1875} [450s]
  1494200/2098208 {'unbalanced': 1467798, 'untileable6': 24527, 'periodic': 1875} [450s]
  1494400/2098208 {'unbalanced': 1467988, 'untileable6': 24537, 'periodic': 1875} [450s]
  1494600/2098208 {'unbalanced': 1468178, 'untileable6': 24546, 'periodic': 1876} [450s]
  1494800/2098208 {'unbalanced': 1468364, 'untileable6': 24560, 'periodic': 1876} [450s]
  1495000/2098208 {'unbalanced': 1468553, 'untileable6': 24571, 'periodic': 1876} [450s]
  1495200/2098208 {'unbalanced': 1468739, 'untileable6': 24585, 'periodic': 1876} [450s]
  1495400/2098208 {'unbalanced': 1468931, 'untileable6': 24593, 'periodic': 1876} [451s]
  1495600/2098208 {'unbalanced': 1469131, 'untileable6': 24593, 'periodic': 1876} [451s]
  1495800/2098208 {'unbalanced': 1469330, 'untileable6': 24594, 'periodic': 1876} [451s]
  1496000/2098208 {'unbalanced': 1469528, 'untileable6': 24596, 'periodic': 1876} [451s]
  1496200/2098208 {'unbalanced': 1469728, 'untileable6': 24596, 'periodic': 1876} [451s]
  1496400/2098208 {'unbalanced': 1469925, 'untileable6': 24599, 'periodic': 1876} [451s]
  1496600/2098208 {'unbalanced': 1470125, 'untileable6': 24599, 'periodic': 1876} [451s]
  1496800/2098208 {'unbalanced': 1470323, 'untileable6': 24601, 'periodic': 1876} [451s]
  1497000/2098208 {'unbalanced': 1470522, 'untileable6': 24602, 'periodic': 1876} [451s]
  1497200/2098208 {'unbalanced': 1470720, 'untileable6': 24604, 'periodic': 1876} [451s]
  1497400/2098208 {'unbalanced': 1470918, 'untileable6': 24605, 'periodic': 1877} [451s]
  1497600/2098208 {'unbalanced': 1471112, 'untileable6': 24611, 'periodic': 1877} [451s]
  1497800/2098208 {'unbalanced': 1471310, 'untileable6': 24613, 'periodic': 1877} [451s]
  1498000/2098208 {'unbalanced': 1471507, 'untileable6': 24616, 'periodic': 1877} [451s]
  1498200/2098208 {'unbalanced': 1471707, 'untileable6': 24616, 'periodic': 1877} [451s]
  1498400/2098208 {'unbalanced': 1471907, 'untileable6': 24616, 'periodic': 1877} [451s]
  1498600/2098208 {'unbalanced': 1472106, 'untileable6': 24616, 'periodic': 1878} [451s]
  1498800/2098208 {'unbalanced': 1472306, 'untileable6': 24616, 'periodic': 1878} [451s]
  1499000/2098208 {'unbalanced': 1472506, 'untileable6': 24616, 'periodic': 1878} [451s]
  1499200/2098208 {'unbalanced': 1472701, 'untileable6': 24621, 'periodic': 1878} [451s]
  1499400/2098208 {'unbalanced': 1472898, 'untileable6': 24624, 'periodic': 1878} [451s]
  1499600/2098208 {'unbalanced': 1473095, 'untileable6': 24627, 'periodic': 1878} [451s]
  1499800/2098208 {'unbalanced': 1473291, 'untileable6': 24631, 'periodic': 1878} [451s]
  1500000/2098208 {'unbalanced': 1473486, 'untileable6': 24636, 'periodic': 1878} [451s]
  1500200/2098208 {'unbalanced': 1473685, 'untileable6': 24637, 'periodic': 1878} [451s]
  1500400/2098208 {'unbalanced': 1473885, 'untileable6': 24637, 'periodic': 1878} [451s]
  1500600/2098208 {'unbalanced': 1474085, 'untileable6': 24637, 'periodic': 1878} [451s]
  1500800/2098208 {'unbalanced': 1474285, 'untileable6': 24637, 'periodic': 1878} [451s]
  1501000/2098208 {'unbalanced': 1474485, 'untileable6': 24637, 'periodic': 1878} [451s]
  1501200/2098208 {'unbalanced': 1474685, 'untileable6': 24637, 'periodic': 1878} [451s]
  1501400/2098208 {'unbalanced': 1474883, 'untileable6': 24638, 'periodic': 1879} [451s]
  1501600/2098208 {'unbalanced': 1475083, 'untileable6': 24638, 'periodic': 1879} [451s]
  1501800/2098208 {'unbalanced': 1475283, 'untileable6': 24638, 'periodic': 1879} [451s]
  1502000/2098208 {'unbalanced': 1475483, 'untileable6': 24638, 'periodic': 1879} [451s]
  1502200/2098208 {'unbalanced': 1475671, 'untileable6': 24648, 'periodic': 1881} [451s]
  1502400/2098208 {'unbalanced': 1475869, 'untileable6': 24649, 'periodic': 1882} [451s]
  1502600/2098208 {'unbalanced': 1476063, 'untileable6': 24655, 'periodic': 1882} [451s]
  1502800/2098208 {'unbalanced': 1476260, 'untileable6': 24658, 'periodic': 1882} [451s]
  1503000/2098208 {'unbalanced': 1476460, 'untileable6': 24658, 'periodic': 1882} [451s]
  1503200/2098208 {'unbalanced': 1476660, 'untileable6': 24658, 'periodic': 1882} [451s]
  1503400/2098208 {'unbalanced': 1476860, 'untileable6': 24658, 'periodic': 1882} [451s]
  1503600/2098208 {'unbalanced': 1477060, 'untileable6': 24658, 'periodic': 1882} [451s]
  1503800/2098208 {'unbalanced': 1477258, 'untileable6': 24659, 'periodic': 1883} [451s]
  1504000/2098208 {'unbalanced': 1477458, 'untileable6': 24659, 'periodic': 1883} [451s]
  1504200/2098208 {'unbalanced': 1477658, 'untileable6': 24659, 'periodic': 1883} [451s]
  1504400/2098208 {'unbalanced': 1477858, 'untileable6': 24659, 'periodic': 1883} [451s]
  1504600/2098208 {'unbalanced': 1478046, 'untileable6': 24669, 'periodic': 1885} [451s]
  1504800/2098208 {'unbalanced': 1478244, 'untileable6': 24670, 'periodic': 1886} [451s]
  1505000/2098208 {'unbalanced': 1478438, 'untileable6': 24676, 'periodic': 1886} [451s]
  1505200/2098208 {'unbalanced': 1478636, 'untileable6': 24678, 'periodic': 1886} [451s]
  1505400/2098208 {'unbalanced': 1478834, 'untileable6': 24680, 'periodic': 1886} [451s]
  1505600/2098208 {'unbalanced': 1479034, 'untileable6': 24680, 'periodic': 1886} [451s]
  1505800/2098208 {'unbalanced': 1479234, 'untileable6': 24680, 'periodic': 1886} [451s]
  1506000/2098208 {'unbalanced': 1479434, 'untileable6': 24680, 'periodic': 1886} [451s]
  1506200/2098208 {'unbalanced': 1479634, 'untileable6': 24680, 'periodic': 1886} [451s]
  1506400/2098208 {'unbalanced': 1479834, 'untileable6': 24680, 'periodic': 1886} [451s]
  1506600/2098208 {'unbalanced': 1480033, 'untileable6': 24680, 'periodic': 1887} [451s]
  1506800/2098208 {'unbalanced': 1480233, 'untileable6': 24680, 'periodic': 1887} [451s]
  1507000/2098208 {'unbalanced': 1480433, 'untileable6': 24680, 'periodic': 1887} [451s]
  1507200/2098208 {'unbalanced': 1480633, 'untileable6': 24680, 'periodic': 1887} [451s]
  1507400/2098208 {'unbalanced': 1480829, 'untileable6': 24683, 'periodic': 1888} [451s]
  1507600/2098208 {'unbalanced': 1481029, 'untileable6': 24683, 'periodic': 1888} [451s]
  1507800/2098208 {'unbalanced': 1481227, 'untileable6': 24685, 'periodic': 1888} [451s]
  1508000/2098208 {'unbalanced': 1481426, 'untileable6': 24686, 'periodic': 1888} [451s]
  1508200/2098208 {'unbalanced': 1481626, 'untileable6': 24686, 'periodic': 1888} [451s]
  1508400/2098208 {'unbalanced': 1481824, 'untileable6': 24688, 'periodic': 1888} [451s]
  1508600/2098208 {'unbalanced': 1482022, 'untileable6': 24689, 'periodic': 1889} [451s]
  1508800/2098208 {'unbalanced': 1482216, 'untileable6': 24695, 'periodic': 1889} [451s]
  1509000/2098208 {'unbalanced': 1482416, 'untileable6': 24695, 'periodic': 1889} [451s]
  1509200/2098208 {'unbalanced': 1482616, 'untileable6': 24695, 'periodic': 1889} [451s]
  1509400/2098208 {'unbalanced': 1482803, 'untileable6': 24708, 'periodic': 1889} [451s]
  1509600/2098208 {'unbalanced': 1482984, 'untileable6': 24726, 'periodic': 1890} [451s]
  1509800/2098208 {'unbalanced': 1483177, 'untileable6': 24733, 'periodic': 1890} [451s]
  1510000/2098208 {'unbalanced': 1483367, 'untileable6': 24743, 'periodic': 1890} [451s]
  1510200/2098208 {'unbalanced': 1483561, 'untileable6': 24749, 'periodic': 1890} [451s]
  1510400/2098208 {'unbalanced': 1483751, 'untileable6': 24758, 'periodic': 1891} [451s]
  1510600/2098208 {'unbalanced': 1483951, 'untileable6': 24758, 'periodic': 1891} [451s]
  1510800/2098208 {'unbalanced': 1484151, 'untileable6': 24758, 'periodic': 1891} [451s]
  1511000/2098208 {'unbalanced': 1484343, 'untileable6': 24764, 'periodic': 1893} [451s]
  1511200/2098208 {'unbalanced': 1484540, 'untileable6': 24767, 'periodic': 1893} [451s]
  1511400/2098208 {'unbalanced': 1484738, 'untileable6': 24769, 'periodic': 1893} [451s]
  1511600/2098208 {'unbalanced': 1484933, 'untileable6': 24773, 'periodic': 1894} [451s]
  1511800/2098208 {'unbalanced': 1485131, 'untileable6': 24775, 'periodic': 1894} [451s]
  1512000/2098208 {'unbalanced': 1485331, 'untileable6': 24775, 'periodic': 1894} [451s]
  1512200/2098208 {'unbalanced': 1485527, 'untileable6': 24779, 'periodic': 1894} [451s]
  1512400/2098208 {'unbalanced': 1485713, 'untileable6': 24792, 'periodic': 1895} [451s]
  1512600/2098208 {'unbalanced': 1485901, 'untileable6': 24804, 'periodic': 1895} [451s]
  1512800/2098208 {'unbalanced': 1486097, 'untileable6': 24808, 'periodic': 1895} [451s]
  1513000/2098208 {'unbalanced': 1486291, 'untileable6': 24814, 'periodic': 1895} [451s]
  1513200/2098208 {'unbalanced': 1486484, 'untileable6': 24821, 'periodic': 1895} [451s]
  1513400/2098208 {'unbalanced': 1486682, 'untileable6': 24822, 'periodic': 1896} [451s]
  1513600/2098208 {'unbalanced': 1486877, 'untileable6': 24827, 'periodic': 1896} [451s]
  1513800/2098208 {'unbalanced': 1487074, 'untileable6': 24830, 'periodic': 1896} [451s]
  1514000/2098208 {'unbalanced': 1487269, 'untileable6': 24834, 'periodic': 1897} [451s]
  1514200/2098208 {'unbalanced': 1487467, 'untileable6': 24836, 'periodic': 1897} [451s]
  1514400/2098208 {'unbalanced': 1487667, 'untileable6': 24836, 'periodic': 1897} [451s]
  1514600/2098208 {'unbalanced': 1487863, 'untileable6': 24840, 'periodic': 1897} [451s]
  1514800/2098208 {'unbalanced': 1488049, 'untileable6': 24853, 'periodic': 1898} [451s]
  1515000/2098208 {'unbalanced': 1488237, 'untileable6': 24865, 'periodic': 1898} [451s]
  1515200/2098208 {'unbalanced': 1488433, 'untileable6': 24869, 'periodic': 1898} [451s]
  1515400/2098208 {'unbalanced': 1488627, 'untileable6': 24875, 'periodic': 1898} [451s]
  1515600/2098208 {'unbalanced': 1488818, 'untileable6': 24883, 'periodic': 1899} [451s]
  1515800/2098208 {'unbalanced': 1489018, 'untileable6': 24883, 'periodic': 1899} [451s]
  1516000/2098208 {'unbalanced': 1489218, 'untileable6': 24883, 'periodic': 1899} [451s]
  1516200/2098208 {'unbalanced': 1489416, 'untileable6': 24884, 'periodic': 1900} [451s]
  1516400/2098208 {'unbalanced': 1489616, 'untileable6': 24884, 'periodic': 1900} [451s]
  1516600/2098208 {'unbalanced': 1489815, 'untileable6': 24885, 'periodic': 1900} [451s]
  1516800/2098208 {'unbalanced': 1490015, 'untileable6': 24885, 'periodic': 1900} [451s]
  1517000/2098208 {'unbalanced': 1490213, 'untileable6': 24886, 'periodic': 1901} [451s]
  1517200/2098208 {'unbalanced': 1490413, 'untileable6': 24886, 'periodic': 1901} [451s]
  1517400/2098208 {'unbalanced': 1490612, 'untileable6': 24887, 'periodic': 1901} [451s]
  1517600/2098208 {'unbalanced': 1490810, 'untileable6': 24889, 'periodic': 1901} [451s]
  1517800/2098208 {'unbalanced': 1491006, 'untileable6': 24892, 'periodic': 1902} [451s]
  1518000/2098208 {'unbalanced': 1491204, 'untileable6': 24894, 'periodic': 1902} [451s]
  1518200/2098208 {'unbalanced': 1491402, 'untileable6': 24896, 'periodic': 1902} [451s]
  1518400/2098208 {'unbalanced': 1491601, 'untileable6': 24896, 'periodic': 1903} [451s]
  1518600/2098208 {'unbalanced': 1491801, 'untileable6': 24896, 'periodic': 1903} [451s]
  1518800/2098208 {'unbalanced': 1491999, 'untileable6': 24898, 'periodic': 1903} [451s]
  1519000/2098208 {'unbalanced': 1492198, 'untileable6': 24899, 'periodic': 1903} [451s]
  1519200/2098208 {'unbalanced': 1492392, 'untileable6': 24905, 'periodic': 1903} [451s]
  1519400/2098208 {'unbalanced': 1492585, 'untileable6': 24912, 'periodic': 1903} [451s]
  1519600/2098208 {'unbalanced': 1492785, 'untileable6': 24912, 'periodic': 1903} [451s]
  1519800/2098208 {'unbalanced': 1492985, 'untileable6': 24912, 'periodic': 1903} [451s]
  1520000/2098208 {'unbalanced': 1493181, 'untileable6': 24916, 'periodic': 1903} [451s]
  1520200/2098208 {'unbalanced': 1493377, 'untileable6': 24920, 'periodic': 1903} [451s]
  1520400/2098208 {'unbalanced': 1493571, 'untileable6': 24926, 'periodic': 1903} [451s]
  1520600/2098208 {'unbalanced': 1493764, 'untileable6': 24933, 'periodic': 1903} [452s]
  1520800/2098208 {'unbalanced': 1493948, 'untileable6': 24949, 'periodic': 1903} [452s]
  1521000/2098208 {'unbalanced': 1494145, 'untileable6': 24952, 'periodic': 1903} [452s]
  1521200/2098208 {'unbalanced': 1494345, 'untileable6': 24952, 'periodic': 1903} [452s]
  1521400/2098208 {'unbalanced': 1494542, 'untileable6': 24955, 'periodic': 1903} [452s]
  1521600/2098208 {'unbalanced': 1494741, 'untileable6': 24956, 'periodic': 1903} [452s]
  1521800/2098208 {'unbalanced': 1494935, 'untileable6': 24962, 'periodic': 1903} [452s]
  1522000/2098208 {'unbalanced': 1495133, 'untileable6': 24964, 'periodic': 1903} [452s]
  1522200/2098208 {'unbalanced': 1495322, 'untileable6': 24975, 'periodic': 1903} [452s]
  1522400/2098208 {'unbalanced': 1495520, 'untileable6': 24977, 'periodic': 1903} [452s]
  1522600/2098208 {'unbalanced': 1495720, 'untileable6': 24977, 'periodic': 1903} [452s]
  1522800/2098208 {'unbalanced': 1495919, 'untileable6': 24978, 'periodic': 1903} [452s]
  1523000/2098208 {'unbalanced': 1496113, 'untileable6': 24984, 'periodic': 1903} [452s]
  1523200/2098208 {'unbalanced': 1496302, 'untileable6': 24995, 'periodic': 1903} [452s]
  1523400/2098208 {'unbalanced': 1496496, 'untileable6': 25001, 'periodic': 1903} [452s]
  1523600/2098208 {'unbalanced': 1496683, 'untileable6': 25013, 'periodic': 1904} [452s]
  1523800/2098208 {'unbalanced': 1496877, 'untileable6': 25019, 'periodic': 1904} [452s]
  1524000/2098208 {'unbalanced': 1497075, 'untileable6': 25021, 'periodic': 1904} [452s]
  1524200/2098208 {'unbalanced': 1497275, 'untileable6': 25021, 'periodic': 1904} [452s]
  1524400/2098208 {'unbalanced': 1497467, 'untileable6': 25029, 'periodic': 1904} [452s]
  1524600/2098208 {'unbalanced': 1497666, 'untileable6': 25030, 'periodic': 1904} [452s]
  1524800/2098208 {'unbalanced': 1497857, 'untileable6': 25039, 'periodic': 1904} [452s]
  1525000/2098208 {'unbalanced': 1498051, 'untileable6': 25045, 'periodic': 1904} [452s]
  1525200/2098208 {'unbalanced': 1498251, 'untileable6': 25045, 'periodic': 1904} [452s]
  1525400/2098208 {'unbalanced': 1498451, 'untileable6': 25045, 'periodic': 1904} [452s]
  1525600/2098208 {'unbalanced': 1498645, 'untileable6': 25051, 'periodic': 1904} [452s]
  1525800/2098208 {'unbalanced': 1498835, 'untileable6': 25061, 'periodic': 1904} [452s]
  1526000/2098208 {'unbalanced': 1499030, 'untileable6': 25066, 'periodic': 1904} [452s]
  1526200/2098208 {'unbalanced': 1499219, 'untileable6': 25075, 'periodic': 1906} [452s]
  1526400/2098208 {'unbalanced': 1499402, 'untileable6': 25092, 'periodic': 1906} [452s]
  1526600/2098208 {'unbalanced': 1499602, 'untileable6': 25092, 'periodic': 1906} [452s]
  1526800/2098208 {'unbalanced': 1499802, 'untileable6': 25092, 'periodic': 1906} [452s]
  1527000/2098208 {'unbalanced': 1500001, 'untileable6': 25093, 'periodic': 1906} [452s]
  1527200/2098208 {'unbalanced': 1500201, 'untileable6': 25093, 'periodic': 1906} [452s]
  1527400/2098208 {'unbalanced': 1500399, 'untileable6': 25095, 'periodic': 1906} [452s]
  1527600/2098208 {'unbalanced': 1500599, 'untileable6': 25095, 'periodic': 1906} [452s]
  1527800/2098208 {'unbalanced': 1500795, 'untileable6': 25099, 'periodic': 1906} [452s]
  1528000/2098208 {'unbalanced': 1500995, 'untileable6': 25099, 'periodic': 1906} [452s]
  1528200/2098208 {'unbalanced': 1501195, 'untileable6': 25099, 'periodic': 1906} [452s]
  1528400/2098208 {'unbalanced': 1501395, 'untileable6': 25099, 'periodic': 1906} [452s]
  1528600/2098208 {'unbalanced': 1501593, 'untileable6': 25101, 'periodic': 1906} [452s]
  1528800/2098208 {'unbalanced': 1501790, 'untileable6': 25104, 'periodic': 1906} [452s]
  1529000/2098208 {'unbalanced': 1501990, 'untileable6': 25104, 'periodic': 1906} [452s]
  1529200/2098208 {'unbalanced': 1502182, 'untileable6': 25112, 'periodic': 1906} [452s]
  1529400/2098208 {'unbalanced': 1502382, 'untileable6': 25112, 'periodic': 1906} [452s]
  1529600/2098208 {'unbalanced': 1502580, 'untileable6': 25114, 'periodic': 1906} [452s]
  1529800/2098208 {'unbalanced': 1502772, 'untileable6': 25122, 'periodic': 1906} [452s]
  1530000/2098208 {'unbalanced': 1502966, 'untileable6': 25128, 'periodic': 1906} [452s]
  1530200/2098208 {'unbalanced': 1503152, 'untileable6': 25142, 'periodic': 1906} [452s]
  1530400/2098208 {'unbalanced': 1503342, 'untileable6': 25152, 'periodic': 1906} [452s]
  1530600/2098208 {'unbalanced': 1503542, 'untileable6': 25152, 'periodic': 1906} [452s]
  1530800/2098208 {'unbalanced': 1503741, 'untileable6': 25153, 'periodic': 1906} [452s]
  1531000/2098208 {'unbalanced': 1503929, 'untileable6': 25164, 'periodic': 1907} [452s]
  1531200/2098208 {'unbalanced': 1504124, 'untileable6': 25169, 'periodic': 1907} [452s]
  1531400/2098208 {'unbalanced': 1504314, 'untileable6': 25179, 'periodic': 1907} [452s]
  1531600/2098208 {'unbalanced': 1504502, 'untileable6': 25191, 'periodic': 1907} [452s]
  1531800/2098208 {'unbalanced': 1504683, 'untileable6': 25210, 'periodic': 1907} [452s]
  1532000/2098208 {'unbalanced': 1504881, 'untileable6': 25212, 'periodic': 1907} [452s]
  1532200/2098208 {'unbalanced': 1505080, 'untileable6': 25213, 'periodic': 1907} [452s]
  1532400/2098208 {'unbalanced': 1505271, 'untileable6': 25222, 'periodic': 1907} [452s]
  1532600/2098208 {'unbalanced': 1505465, 'untileable6': 25228, 'periodic': 1907} [452s]
  1532800/2098208 {'unbalanced': 1505655, 'untileable6': 25237, 'periodic': 1908} [452s]
  1533000/2098208 {'unbalanced': 1505846, 'untileable6': 25244, 'periodic': 1910} [452s]
  1533200/2098208 {'unbalanced': 1506032, 'untileable6': 25258, 'periodic': 1910} [452s]
  1533400/2098208 {'unbalanced': 1506225, 'untileable6': 25265, 'periodic': 1910} [452s]
  1533600/2098208 {'unbalanced': 1506425, 'untileable6': 25265, 'periodic': 1910} [452s]
  1533800/2098208 {'unbalanced': 1506625, 'untileable6': 25265, 'periodic': 1910} [452s]
  1534000/2098208 {'unbalanced': 1506814, 'untileable6': 25275, 'periodic': 1911} [452s]
  1534200/2098208 {'unbalanced': 1507010, 'untileable6': 25279, 'periodic': 1911} [452s]
  1534400/2098208 {'unbalanced': 1507205, 'untileable6': 25284, 'periodic': 1911} [452s]
  1534600/2098208 {'unbalanced': 1507391, 'untileable6': 25298, 'periodic': 1911} [452s]
  1534800/2098208 {'unbalanced': 1507587, 'untileable6': 25302, 'periodic': 1911} [452s]
  1535000/2098208 {'unbalanced': 1507781, 'untileable6': 25308, 'periodic': 1911} [452s]
  1535200/2098208 {'unbalanced': 1507974, 'untileable6': 25315, 'periodic': 1911} [453s]
  1535400/2098208 {'unbalanced': 1508164, 'untileable6': 25325, 'periodic': 1911} [453s]
  1535600/2098208 {'unbalanced': 1508355, 'untileable6': 25331, 'periodic': 1914} [453s]
  1535800/2098208 {'unbalanced': 1508544, 'untileable6': 25342, 'periodic': 1914} [453s]
  1536000/2098208 {'unbalanced': 1508730, 'untileable6': 25356, 'periodic': 1914} [453s]
  1536200/2098208 {'unbalanced': 1508930, 'untileable6': 25356, 'periodic': 1914} [453s]
  1536400/2098208 {'unbalanced': 1509130, 'untileable6': 25356, 'periodic': 1914} [453s]
  1536600/2098208 {'unbalanced': 1509322, 'untileable6': 25364, 'periodic': 1914} [453s]
  1536800/2098208 {'unbalanced': 1509516, 'untileable6': 25369, 'periodic': 1915} [453s]
  1537000/2098208 {'unbalanced': 1509712, 'untileable6': 25373, 'periodic': 1915} [453s]
  1537200/2098208 {'unbalanced': 1509905, 'untileable6': 25380, 'periodic': 1915} [453s]
  1537400/2098208 {'unbalanced': 1510088, 'untileable6': 25397, 'periodic': 1915} [453s]
  1537600/2098208 {'unbalanced': 1510286, 'untileable6': 25399, 'periodic': 1915} [453s]
  1537800/2098208 {'unbalanced': 1510486, 'untileable6': 25399, 'periodic': 1915} [453s]
  1538000/2098208 {'unbalanced': 1510685, 'untileable6': 25400, 'periodic': 1915} [453s]
  1538200/2098208 {'unbalanced': 1510883, 'untileable6': 25402, 'periodic': 1915} [453s]
  1538400/2098208 {'unbalanced': 1511082, 'untileable6': 25403, 'periodic': 1915} [453s]
  1538600/2098208 {'unbalanced': 1511279, 'untileable6': 25405, 'periodic': 1916} [453s]
  1538800/2098208 {'unbalanced': 1511476, 'untileable6': 25408, 'periodic': 1916} [453s]
  1539000/2098208 {'unbalanced': 1511671, 'untileable6': 25413, 'periodic': 1916} [453s]
  1539200/2098208 {'unbalanced': 1511871, 'untileable6': 25413, 'periodic': 1916} [453s]
  1539400/2098208 {'unbalanced': 1512071, 'untileable6': 25413, 'periodic': 1916} [453s]
  1539600/2098208 {'unbalanced': 1512268, 'untileable6': 25415, 'periodic': 1917} [453s]
  1539800/2098208 {'unbalanced': 1512467, 'untileable6': 25416, 'periodic': 1917} [453s]
  1540000/2098208 {'unbalanced': 1512667, 'untileable6': 25416, 'periodic': 1917} [453s]
  1540200/2098208 {'unbalanced': 1512862, 'untileable6': 25421, 'periodic': 1917} [453s]
  1540400/2098208 {'unbalanced': 1513061, 'untileable6': 25422, 'periodic': 1917} [453s]
  1540600/2098208 {'unbalanced': 1513255, 'untileable6': 25428, 'periodic': 1917} [453s]
  1540800/2098208 {'unbalanced': 1513448, 'untileable6': 25434, 'periodic': 1918} [453s]
  1541000/2098208 {'unbalanced': 1513646, 'untileable6': 25436, 'periodic': 1918} [453s]
  1541200/2098208 {'unbalanced': 1513836, 'untileable6': 25446, 'periodic': 1918} [453s]
  1541400/2098208 {'unbalanced': 1514035, 'untileable6': 25447, 'periodic': 1918} [453s]
  1541600/2098208 {'unbalanced': 1514229, 'untileable6': 25453, 'periodic': 1918} [453s]
  1541800/2098208 {'unbalanced': 1514422, 'untileable6': 25460, 'periodic': 1918} [453s]
  1542000/2098208 {'unbalanced': 1514605, 'untileable6': 25466, 'periodic': 1929} [453s]
  1542200/2098208 {'unbalanced': 1514796, 'untileable6': 25473, 'periodic': 1931} [453s]
  1542400/2098208 {'unbalanced': 1514975, 'untileable6': 25494, 'periodic': 1931} [453s]
  1542600/2098208 {'unbalanced': 1515168, 'untileable6': 25501, 'periodic': 1931} [453s]
  1542800/2098208 {'unbalanced': 1515359, 'untileable6': 25510, 'periodic': 1931} [453s]
  1543000/2098208 {'unbalanced': 1515556, 'untileable6': 25513, 'periodic': 1931} [453s]
  1543200/2098208 {'unbalanced': 1515753, 'untileable6': 25516, 'periodic': 1931} [453s]
  1543400/2098208 {'unbalanced': 1515949, 'untileable6': 25520, 'periodic': 1931} [453s]
  1543600/2098208 {'unbalanced': 1516142, 'untileable6': 25527, 'periodic': 1931} [453s]
  1543800/2098208 {'unbalanced': 1516335, 'untileable6': 25533, 'periodic': 1932} [453s]
  1544000/2098208 {'unbalanced': 1516533, 'untileable6': 25535, 'periodic': 1932} [453s]
  1544200/2098208 {'unbalanced': 1516727, 'untileable6': 25541, 'periodic': 1932} [453s]
  1544400/2098208 {'unbalanced': 1516920, 'untileable6': 25548, 'periodic': 1932} [453s]
  1544600/2098208 {'unbalanced': 1517110, 'untileable6': 25558, 'periodic': 1932} [453s]
  1544800/2098208 {'unbalanced': 1517303, 'untileable6': 25563, 'periodic': 1934} [453s]
  1545000/2098208 {'unbalanced': 1517488, 'untileable6': 25577, 'periodic': 1935} [453s]
  1545200/2098208 {'unbalanced': 1517678, 'untileable6': 25587, 'periodic': 1935} [453s]
  1545400/2098208 {'unbalanced': 1517862, 'untileable6': 25603, 'periodic': 1935} [453s]
  1545600/2098208 {'unbalanced': 1518055, 'untileable6': 25610, 'periodic': 1935} [453s]
  1545800/2098208 {'unbalanced': 1518253, 'untileable6': 25612, 'periodic': 1935} [453s]
  1546000/2098208 {'unbalanced': 1518448, 'untileable6': 25617, 'periodic': 1935} [453s]
  1546200/2098208 {'unbalanced': 1518641, 'untileable6': 25624, 'periodic': 1935} [453s]
  1546400/2098208 {'unbalanced': 1518833, 'untileable6': 25631, 'periodic': 1936} [453s]
  1546600/2098208 {'unbalanced': 1519031, 'untileable6': 25633, 'periodic': 1936} [453s]
  1546800/2098208 {'unbalanced': 1519225, 'untileable6': 25639, 'periodic': 1936} [453s]
  1547000/2098208 {'unbalanced': 1519421, 'untileable6': 25643, 'periodic': 1936} [453s]
  1547200/2098208 {'unbalanced': 1519613, 'untileable6': 25651, 'periodic': 1936} [453s]
  1547400/2098208 {'unbalanced': 1519805, 'untileable6': 25657, 'periodic': 1938} [453s]
  1547600/2098208 {'unbalanced': 1519994, 'untileable6': 25667, 'periodic': 1939} [453s]
  1547800/2098208 {'unbalanced': 1520180, 'untileable6': 25681, 'periodic': 1939} [453s]
  1548000/2098208 {'unbalanced': 1520364, 'untileable6': 25697, 'periodic': 1939} [454s]
  1548200/2098208 {'unbalanced': 1520556, 'untileable6': 25705, 'periodic': 1939} [454s]
  1548400/2098208 {'unbalanced': 1520750, 'untileable6': 25711, 'periodic': 1939} [454s]
  1548600/2098208 {'unbalanced': 1520949, 'untileable6': 25712, 'periodic': 1939} [454s]
  1548800/2098208 {'unbalanced': 1521149, 'untileable6': 25712, 'periodic': 1939} [454s]
  1549000/2098208 {'unbalanced': 1521347, 'untileable6': 25714, 'periodic': 1939} [454s]
  1549200/2098208 {'unbalanced': 1521547, 'untileable6': 25714, 'periodic': 1939} [454s]
  1549400/2098208 {'unbalanced': 1521743, 'untileable6': 25717, 'periodic': 1940} [454s]
  1549600/2098208 {'unbalanced': 1521943, 'untileable6': 25717, 'periodic': 1940} [454s]
  1549800/2098208 {'unbalanced': 1522141, 'untileable6': 25719, 'periodic': 1940} [454s]
  1550000/2098208 {'unbalanced': 1522339, 'untileable6': 25721, 'periodic': 1940} [454s]
  1550200/2098208 {'unbalanced': 1522536, 'untileable6': 25724, 'periodic': 1940} [454s]
  1550400/2098208 {'unbalanced': 1522736, 'untileable6': 25724, 'periodic': 1940} [454s]
  1550600/2098208 {'unbalanced': 1522932, 'untileable6': 25727, 'periodic': 1941} [454s]
  1550800/2098208 {'unbalanced': 1523127, 'untileable6': 25732, 'periodic': 1941} [454s]
  1551000/2098208 {'unbalanced': 1523323, 'untileable6': 25736, 'periodic': 1941} [454s]
  1551200/2098208 {'unbalanced': 1523521, 'untileable6': 25738, 'periodic': 1941} [454s]
  1551400/2098208 {'unbalanced': 1523710, 'untileable6': 25749, 'periodic': 1941} [454s]
  1551600/2098208 {'unbalanced': 1523894, 'untileable6': 25765, 'periodic': 1941} [454s]
  1551800/2098208 {'unbalanced': 1524076, 'untileable6': 25783, 'periodic': 1941} [454s]
  1552000/2098208 {'unbalanced': 1524267, 'untileable6': 25791, 'periodic': 1942} [454s]
  1552200/2098208 {'unbalanced': 1524458, 'untileable6': 25800, 'periodic': 1942} [454s]
  1552400/2098208 {'unbalanced': 1524651, 'untileable6': 25807, 'periodic': 1942} [454s]
  1552600/2098208 {'unbalanced': 1524841, 'untileable6': 25817, 'periodic': 1942} [454s]
  1552800/2098208 {'unbalanced': 1525032, 'untileable6': 25825, 'periodic': 1943} [454s]
  1553000/2098208 {'unbalanced': 1525213, 'untileable6': 25844, 'periodic': 1943} [454s]
  1553200/2098208 {'unbalanced': 1525405, 'untileable6': 25852, 'periodic': 1943} [454s]
  1553400/2098208 {'unbalanced': 1525584, 'untileable6': 25873, 'periodic': 1943} [454s]
  1553600/2098208 {'unbalanced': 1525775, 'untileable6': 25881, 'periodic': 1944} [454s]
  1553800/2098208 {'unbalanced': 1525970, 'untileable6': 25886, 'periodic': 1944} [454s]
  1554000/2098208 {'unbalanced': 1526164, 'untileable6': 25892, 'periodic': 1944} [454s]
  1554200/2098208 {'unbalanced': 1526353, 'untileable6': 25901, 'periodic': 1946} [454s]
  1554400/2098208 {'unbalanced': 1526538, 'untileable6': 25916, 'periodic': 1946} [454s]
  1554600/2098208 {'unbalanced': 1526726, 'untileable6': 25928, 'periodic': 1946} [454s]
  1554800/2098208 {'unbalanced': 1526909, 'untileable6': 25945, 'periodic': 1946} [454s]
  1555000/2098208 {'unbalanced': 1527103, 'untileable6': 25950, 'periodic': 1947} [454s]
  1555200/2098208 {'unbalanced': 1527298, 'untileable6': 25955, 'periodic': 1947} [454s]
  1555400/2098208 {'unbalanced': 1527489, 'untileable6': 25964, 'periodic': 1947} [454s]
  1555600/2098208 {'unbalanced': 1527683, 'untileable6': 25970, 'periodic': 1947} [454s]
  1555800/2098208 {'unbalanced': 1527879, 'untileable6': 25974, 'periodic': 1947} [454s]
  1556000/2098208 {'unbalanced': 1528063, 'untileable6': 25989, 'periodic': 1948} [454s]
  1556200/2098208 {'unbalanced': 1528257, 'untileable6': 25995, 'periodic': 1948} [454s]
  1556400/2098208 {'unbalanced': 1528444, 'untileable6': 26008, 'periodic': 1948} [454s]
  1556600/2098208 {'unbalanced': 1528637, 'untileable6': 26015, 'periodic': 1948} [454s]
  1556800/2098208 {'unbalanced': 1528828, 'untileable6': 26023, 'periodic': 1949} [454s]
  1557000/2098208 {'unbalanced': 1529012, 'untileable6': 26039, 'periodic': 1949} [454s]
  1557200/2098208 {'unbalanced': 1529200, 'untileable6': 26051, 'periodic': 1949} [454s]
  1557400/2098208 {'unbalanced': 1529383, 'untileable6': 26068, 'periodic': 1949} [454s]
  1557600/2098208 {'unbalanced': 1529578, 'untileable6': 26072, 'periodic': 1950} [454s]
  1557800/2098208 {'unbalanced': 1529773, 'untileable6': 26077, 'periodic': 1950} [454s]
  1558000/2098208 {'unbalanced': 1529967, 'untileable6': 26083, 'periodic': 1950} [454s]
  1558200/2098208 {'unbalanced': 1530159, 'untileable6': 26091, 'periodic': 1950} [454s]
  1558400/2098208 {'unbalanced': 1530355, 'untileable6': 26095, 'periodic': 1950} [454s]
  1558600/2098208 {'unbalanced': 1530539, 'untileable6': 26110, 'periodic': 1951} [455s]
  1558800/2098208 {'unbalanced': 1530732, 'untileable6': 26117, 'periodic': 1951} [455s]
  1559000/2098208 {'unbalanced': 1530921, 'untileable6': 26128, 'periodic': 1951} [455s]
  1559200/2098208 {'unbalanced': 1531111, 'untileable6': 26137, 'periodic': 1952} [455s]
  1559400/2098208 {'unbalanced': 1531307, 'untileable6': 26141, 'periodic': 1952} [455s]
  1559600/2098208 {'unbalanced': 1531505, 'untileable6': 26143, 'periodic': 1952} [455s]
  1559800/2098208 {'unbalanced': 1531702, 'untileable6': 26145, 'periodic': 1953} [455s]
  1560000/2098208 {'unbalanced': 1531898, 'untileable6': 26149, 'periodic': 1953} [455s]
  1560200/2098208 {'unbalanced': 1532096, 'untileable6': 26151, 'periodic': 1953} [455s]
  1560400/2098208 {'unbalanced': 1532292, 'untileable6': 26155, 'periodic': 1953} [455s]
  1560600/2098208 {'unbalanced': 1532490, 'untileable6': 26156, 'periodic': 1954} [455s]
  1560800/2098208 {'unbalanced': 1532688, 'untileable6': 26158, 'periodic': 1954} [455s]
  1561000/2098208 {'unbalanced': 1532885, 'untileable6': 26161, 'periodic': 1954} [455s]
  1561200/2098208 {'unbalanced': 1533084, 'untileable6': 26162, 'periodic': 1954} [455s]
  1561400/2098208 {'unbalanced': 1533284, 'untileable6': 26162, 'periodic': 1954} [455s]
  1561600/2098208 {'unbalanced': 1533480, 'untileable6': 26165, 'periodic': 1955} [455s]
  1561800/2098208 {'unbalanced': 1533678, 'untileable6': 26167, 'periodic': 1955} [455s]
  1562000/2098208 {'unbalanced': 1533875, 'untileable6': 26169, 'periodic': 1956} [455s]
  1562200/2098208 {'unbalanced': 1534075, 'untileable6': 26169, 'periodic': 1956} [455s]
  1562400/2098208 {'unbalanced': 1534272, 'untileable6': 26170, 'periodic': 1958} [455s]
  1562600/2098208 {'unbalanced': 1534465, 'untileable6': 26177, 'periodic': 1958} [455s]
  1562800/2098208 {'unbalanced': 1534663, 'untileable6': 26179, 'periodic': 1958} [455s]
  1563000/2098208 {'unbalanced': 1534859, 'untileable6': 26183, 'periodic': 1958} [455s]
  1563200/2098208 {'unbalanced': 1535044, 'untileable6': 26198, 'periodic': 1958} [455s]
  1563400/2098208 {'unbalanced': 1535235, 'untileable6': 26207, 'periodic': 1958} [455s]
  1563600/2098208 {'unbalanced': 1535431, 'untileable6': 26211, 'periodic': 1958} [455s]
  1563800/2098208 {'unbalanced': 1535626, 'untileable6': 26216, 'periodic': 1958} [455s]
  1564000/2098208 {'unbalanced': 1535809, 'untileable6': 26233, 'periodic': 1958} [455s]
  1564200/2098208 {'unbalanced': 1536004, 'untileable6': 26238, 'periodic': 1958} [455s]
  1564400/2098208 {'unbalanced': 1536202, 'untileable6': 26240, 'periodic': 1958} [455s]
  1564600/2098208 {'unbalanced': 1536396, 'untileable6': 26246, 'periodic': 1958} [455s]
  1564800/2098208 {'unbalanced': 1536590, 'untileable6': 26252, 'periodic': 1958} [455s]
  1565000/2098208 {'unbalanced': 1536787, 'untileable6': 26255, 'periodic': 1958} [455s]
  1565200/2098208 {'unbalanced': 1536979, 'untileable6': 26263, 'periodic': 1958} [455s]
  1565400/2098208 {'unbalanced': 1537170, 'untileable6': 26272, 'periodic': 1958} [455s]
  1565600/2098208 {'unbalanced': 1537363, 'untileable6': 26279, 'periodic': 1958} [455s]
  1565800/2098208 {'unbalanced': 1537547, 'untileable6': 26295, 'periodic': 1958} [455s]
  1566000/2098208 {'unbalanced': 1537731, 'untileable6': 26311, 'periodic': 1958} [455s]
  1566200/2098208 {'unbalanced': 1537913, 'untileable6': 26329, 'periodic': 1958} [455s]
  1566400/2098208 {'unbalanced': 1538104, 'untileable6': 26338, 'periodic': 1958} [455s]
  1566600/2098208 {'unbalanced': 1538287, 'untileable6': 26355, 'periodic': 1958} [455s]
  1566800/2098208 {'unbalanced': 1538473, 'untileable6': 26369, 'periodic': 1958} [455s]
  1567000/2098208 {'unbalanced': 1538657, 'untileable6': 26385, 'periodic': 1958} [455s]
  1567200/2098208 {'unbalanced': 1538851, 'untileable6': 26391, 'periodic': 1958} [455s]
  1567400/2098208 {'unbalanced': 1539043, 'untileable6': 26399, 'periodic': 1958} [455s]
  1567600/2098208 {'unbalanced': 1539233, 'untileable6': 26409, 'periodic': 1958} [455s]
  1567800/2098208 {'unbalanced': 1539432, 'untileable6': 26410, 'periodic': 1958} [455s]
  1568000/2098208 {'unbalanced': 1539628, 'untileable6': 26414, 'periodic': 1958} [455s]
  1568200/2098208 {'unbalanced': 1539822, 'untileable6': 26420, 'periodic': 1958} [455s]
  1568400/2098208 {'unbalanced': 1540020, 'untileable6': 26422, 'periodic': 1958} [455s]
  1568600/2098208 {'unbalanced': 1540216, 'untileable6': 26426, 'periodic': 1958} [455s]
  1568800/2098208 {'unbalanced': 1540402, 'untileable6': 26440, 'periodic': 1958} [455s]
  1569000/2098208 {'unbalanced': 1540596, 'untileable6': 26446, 'periodic': 1958} [455s]
  1569200/2098208 {'unbalanced': 1540792, 'untileable6': 26450, 'periodic': 1958} [455s]
  1569400/2098208 {'unbalanced': 1540988, 'untileable6': 26454, 'periodic': 1958} [455s]
  1569600/2098208 {'unbalanced': 1541173, 'untileable6': 26469, 'periodic': 1958} [455s]
  1569800/2098208 {'unbalanced': 1541369, 'untileable6': 26473, 'periodic': 1958} [455s]
  1570000/2098208 {'unbalanced': 1541567, 'untileable6': 26475, 'periodic': 1958} [455s]
  1570200/2098208 {'unbalanced': 1541762, 'untileable6': 26480, 'periodic': 1958} [455s]
  1570400/2098208 {'unbalanced': 1541958, 'untileable6': 26484, 'periodic': 1958} [455s]
  1570600/2098208 {'unbalanced': 1542151, 'untileable6': 26491, 'periodic': 1958} [455s]
  1570800/2098208 {'unbalanced': 1542348, 'untileable6': 26494, 'periodic': 1958} [455s]
  1571000/2098208 {'unbalanced': 1542538, 'untileable6': 26504, 'periodic': 1958} [455s]
  1571200/2098208 {'unbalanced': 1542732, 'untileable6': 26510, 'periodic': 1958} [456s]
  1571400/2098208 {'unbalanced': 1542917, 'untileable6': 26525, 'periodic': 1958} [456s]
  1571600/2098208 {'unbalanced': 1543106, 'untileable6': 26536, 'periodic': 1958} [456s]
  1571800/2098208 {'unbalanced': 1543295, 'untileable6': 26547, 'periodic': 1958} [456s]
  1572000/2098208 {'unbalanced': 1543485, 'untileable6': 26557, 'periodic': 1958} [456s]
  1572200/2098208 {'unbalanced': 1543675, 'untileable6': 26567, 'periodic': 1958} [456s]
  1572400/2098208 {'unbalanced': 1543859, 'untileable6': 26583, 'periodic': 1958} [456s]
  1572600/2098208 {'unbalanced': 1544053, 'untileable6': 26589, 'periodic': 1958} [456s]
  1572800/2098208 {'unbalanced': 1544245, 'untileable6': 26596, 'periodic': 1959} [456s]
  1573000/2098208 {'unbalanced': 1544440, 'untileable6': 26600, 'periodic': 1960} [456s]
  1573200/2098208 {'unbalanced': 1544635, 'untileable6': 26605, 'periodic': 1960} [456s]
  1573400/2098208 {'unbalanced': 1544835, 'untileable6': 26605, 'periodic': 1960} [456s]
  1573600/2098208 {'unbalanced': 1545035, 'untileable6': 26605, 'periodic': 1960} [456s]
  1573800/2098208 {'unbalanced': 1545235, 'untileable6': 26605, 'periodic': 1960} [456s]
  1574000/2098208 {'unbalanced': 1545435, 'untileable6': 26605, 'periodic': 1960} [456s]
  1574200/2098208 {'unbalanced': 1545635, 'untileable6': 26605, 'periodic': 1960} [456s]
  1574400/2098208 {'unbalanced': 1545835, 'untileable6': 26605, 'periodic': 1960} [456s]
  1574600/2098208 {'unbalanced': 1546035, 'untileable6': 26605, 'periodic': 1960} [456s]
  1574800/2098208 {'unbalanced': 1546235, 'untileable6': 26605, 'periodic': 1960} [456s]
  1575000/2098208 {'unbalanced': 1546435, 'untileable6': 26605, 'periodic': 1960} [456s]
  1575200/2098208 {'unbalanced': 1546635, 'untileable6': 26605, 'periodic': 1960} [456s]
  1575400/2098208 {'unbalanced': 1546835, 'untileable6': 26605, 'periodic': 1960} [456s]
  1575600/2098208 {'unbalanced': 1547035, 'untileable6': 26605, 'periodic': 1960} [456s]
  1575800/2098208 {'unbalanced': 1547235, 'untileable6': 26605, 'periodic': 1960} [456s]
  1576000/2098208 {'unbalanced': 1547433, 'untileable6': 26607, 'periodic': 1960} [456s]
  1576200/2098208 {'unbalanced': 1547633, 'untileable6': 26607, 'periodic': 1960} [456s]
  1576400/2098208 {'unbalanced': 1547833, 'untileable6': 26607, 'periodic': 1960} [456s]
  1576600/2098208 {'unbalanced': 1548033, 'untileable6': 26607, 'periodic': 1960} [456s]
  1576800/2098208 {'unbalanced': 1548233, 'untileable6': 26607, 'periodic': 1960} [456s]
  1577000/2098208 {'unbalanced': 1548433, 'untileable6': 26607, 'periodic': 1960} [456s]
  1577200/2098208 {'unbalanced': 1548633, 'untileable6': 26607, 'periodic': 1960} [456s]
  1577400/2098208 {'unbalanced': 1548833, 'untileable6': 26607, 'periodic': 1960} [456s]
  1577600/2098208 {'unbalanced': 1549033, 'untileable6': 26607, 'periodic': 1960} [456s]
  1577800/2098208 {'unbalanced': 1549233, 'untileable6': 26607, 'periodic': 1960} [456s]
  1578000/2098208 {'unbalanced': 1549433, 'untileable6': 26607, 'periodic': 1960} [456s]
  1578200/2098208 {'unbalanced': 1549633, 'untileable6': 26607, 'periodic': 1960} [456s]
  1578400/2098208 {'unbalanced': 1549831, 'untileable6': 26609, 'periodic': 1960} [456s]
  1578600/2098208 {'unbalanced': 1550029, 'untileable6': 26611, 'periodic': 1960} [456s]
  1578800/2098208 {'unbalanced': 1550223, 'untileable6': 26617, 'periodic': 1960} [456s]
  1579000/2098208 {'unbalanced': 1550423, 'untileable6': 26617, 'periodic': 1960} [456s]
  1579200/2098208 {'unbalanced': 1550623, 'untileable6': 26617, 'periodic': 1960} [456s]
  1579400/2098208 {'unbalanced': 1550823, 'untileable6': 26617, 'periodic': 1960} [456s]
  1579600/2098208 {'unbalanced': 1551023, 'untileable6': 26617, 'periodic': 1960} [456s]
  1579800/2098208 {'unbalanced': 1551223, 'untileable6': 26617, 'periodic': 1960} [456s]
  1580000/2098208 {'unbalanced': 1551423, 'untileable6': 26617, 'periodic': 1960} [456s]
  1580200/2098208 {'unbalanced': 1551623, 'untileable6': 26617, 'periodic': 1960} [456s]
  1580400/2098208 {'unbalanced': 1551823, 'untileable6': 26617, 'periodic': 1960} [456s]
  1580600/2098208 {'unbalanced': 1552023, 'untileable6': 26617, 'periodic': 1960} [456s]
  1580800/2098208 {'unbalanced': 1552223, 'untileable6': 26617, 'periodic': 1960} [456s]
  1581000/2098208 {'unbalanced': 1552423, 'untileable6': 26617, 'periodic': 1960} [456s]
  1581200/2098208 {'unbalanced': 1552622, 'untileable6': 26618, 'periodic': 1960} [456s]
  1581400/2098208 {'unbalanced': 1552819, 'untileable6': 26621, 'periodic': 1960} [456s]
  1581600/2098208 {'unbalanced': 1553013, 'untileable6': 26627, 'periodic': 1960} [456s]
  1581800/2098208 {'unbalanced': 1553213, 'untileable6': 26627, 'periodic': 1960} [456s]
  1582000/2098208 {'unbalanced': 1553413, 'untileable6': 26627, 'periodic': 1960} [456s]
  1582200/2098208 {'unbalanced': 1553613, 'untileable6': 26627, 'periodic': 1960} [456s]
  1582400/2098208 {'unbalanced': 1553813, 'untileable6': 26627, 'periodic': 1960} [456s]
  1582600/2098208 {'unbalanced': 1554013, 'untileable6': 26627, 'periodic': 1960} [456s]
  1582800/2098208 {'unbalanced': 1554213, 'untileable6': 26627, 'periodic': 1960} [456s]
  1583000/2098208 {'unbalanced': 1554413, 'untileable6': 26627, 'periodic': 1960} [456s]
  1583200/2098208 {'unbalanced': 1554613, 'untileable6': 26627, 'periodic': 1960} [456s]
  1583400/2098208 {'unbalanced': 1554813, 'untileable6': 26627, 'periodic': 1960} [456s]
  1583600/2098208 {'unbalanced': 1555013, 'untileable6': 26627, 'periodic': 1960} [456s]
  1583800/2098208 {'unbalanced': 1555213, 'untileable6': 26627, 'periodic': 1960} [456s]
  1584000/2098208 {'unbalanced': 1555407, 'untileable6': 26631, 'periodic': 1962} [456s]
  1584200/2098208 {'unbalanced': 1555602, 'untileable6': 26635, 'periodic': 1963} [456s]
  1584400/2098208 {'unbalanced': 1555793, 'untileable6': 26642, 'periodic': 1965} [456s]
  1584600/2098208 {'unbalanced': 1555993, 'untileable6': 26642, 'periodic': 1965} [456s]
  1584800/2098208 {'unbalanced': 1556193, 'untileable6': 26642, 'periodic': 1965} [456s]
  1585000/2098208 {'unbalanced': 1556392, 'untileable6': 26643, 'periodic': 1965} [456s]
  1585200/2098208 {'unbalanced': 1556592, 'untileable6': 26643, 'periodic': 1965} [456s]
  1585400/2098208 {'unbalanced': 1556790, 'untileable6': 26645, 'periodic': 1965} [456s]
  1585600/2098208 {'unbalanced': 1556990, 'untileable6': 26645, 'periodic': 1965} [456s]
  1585800/2098208 {'unbalanced': 1557189, 'untileable6': 26646, 'periodic': 1965} [456s]
  1586000/2098208 {'unbalanced': 1557388, 'untileable6': 26647, 'periodic': 1965} [456s]
  1586200/2098208 {'unbalanced': 1557585, 'untileable6': 26650, 'periodic': 1965} [456s]
  1586400/2098208 {'unbalanced': 1557784, 'untileable6': 26651, 'periodic': 1965} [456s]
  1586600/2098208 {'unbalanced': 1557982, 'untileable6': 26653, 'periodic': 1965} [456s]
  1586800/2098208 {'unbalanced': 1558181, 'untileable6': 26654, 'periodic': 1965} [456s]
  1587000/2098208 {'unbalanced': 1558379, 'untileable6': 26656, 'periodic': 1965} [456s]
  1587200/2098208 {'unbalanced': 1558579, 'untileable6': 26656, 'periodic': 1965} [456s]
  1587400/2098208 {'unbalanced': 1558778, 'untileable6': 26657, 'periodic': 1965} [456s]
  1587600/2098208 {'unbalanced': 1558978, 'untileable6': 26657, 'periodic': 1965} [456s]
  1587800/2098208 {'unbalanced': 1559175, 'untileable6': 26660, 'periodic': 1965} [456s]
  1588000/2098208 {'unbalanced': 1559372, 'untileable6': 26663, 'periodic': 1965} [456s]
  1588200/2098208 {'unbalanced': 1559571, 'untileable6': 26664, 'periodic': 1965} [456s]
  1588400/2098208 {'unbalanced': 1559766, 'untileable6': 26669, 'periodic': 1965} [456s]
  1588600/2098208 {'unbalanced': 1559966, 'untileable6': 26669, 'periodic': 1965} [456s]
  1588800/2098208 {'unbalanced': 1560162, 'untileable6': 26673, 'periodic': 1965} [456s]
  1589000/2098208 {'unbalanced': 1560360, 'untileable6': 26675, 'periodic': 1965} [456s]
  1589200/2098208 {'unbalanced': 1560555, 'untileable6': 26680, 'periodic': 1965} [456s]
  1589400/2098208 {'unbalanced': 1560747, 'untileable6': 26688, 'periodic': 1965} [456s]
  1589600/2098208 {'unbalanced': 1560943, 'untileable6': 26691, 'periodic': 1966} [456s]
  1589800/2098208 {'unbalanced': 1561140, 'untileable6': 26694, 'periodic': 1966} [456s]
  1590000/2098208 {'unbalanced': 1561340, 'untileable6': 26694, 'periodic': 1966} [456s]
  1590200/2098208 {'unbalanced': 1561540, 'untileable6': 26694, 'periodic': 1966} [456s]
  1590400/2098208 {'unbalanced': 1561737, 'untileable6': 26697, 'periodic': 1966} [456s]
  1590600/2098208 {'unbalanced': 1561932, 'untileable6': 26702, 'periodic': 1966} [456s]
  1590800/2098208 {'unbalanced': 1562130, 'untileable6': 26704, 'periodic': 1966} [456s]
  1591000/2098208 {'unbalanced': 1562324, 'untileable6': 26710, 'periodic': 1966} [456s]
  1591200/2098208 {'unbalanced': 1562524, 'untileable6': 26710, 'periodic': 1966} [456s]
  1591400/2098208 {'unbalanced': 1562722, 'untileable6': 26712, 'periodic': 1966} [456s]
  1591600/2098208 {'unbalanced': 1562919, 'untileable6': 26715, 'periodic': 1966} [456s]
  1591800/2098208 {'unbalanced': 1563114, 'untileable6': 26720, 'periodic': 1966} [456s]
  1592000/2098208 {'unbalanced': 1563306, 'untileable6': 26728, 'periodic': 1966} [456s]
  1592200/2098208 {'unbalanced': 1563498, 'untileable6': 26734, 'periodic': 1968} [456s]
  1592400/2098208 {'unbalanced': 1563696, 'untileable6': 26736, 'periodic': 1968} [456s]
  1592600/2098208 {'unbalanced': 1563892, 'untileable6': 26740, 'periodic': 1968} [456s]
  1592800/2098208 {'unbalanced': 1564091, 'untileable6': 26741, 'periodic': 1968} [456s]
  1593000/2098208 {'unbalanced': 1564291, 'untileable6': 26741, 'periodic': 1968} [456s]
  1593200/2098208 {'unbalanced': 1564485, 'untileable6': 26747, 'periodic': 1968} [456s]
  1593400/2098208 {'unbalanced': 1564684, 'untileable6': 26748, 'periodic': 1968} [456s]
  1593600/2098208 {'unbalanced': 1564876, 'untileable6': 26756, 'periodic': 1968} [456s]
  1593800/2098208 {'unbalanced': 1565075, 'untileable6': 26757, 'periodic': 1968} [456s]
  1594000/2098208 {'unbalanced': 1565268, 'untileable6': 26764, 'periodic': 1968} [456s]
  1594200/2098208 {'unbalanced': 1565467, 'untileable6': 26765, 'periodic': 1968} [456s]
  1594400/2098208 {'unbalanced': 1565663, 'untileable6': 26769, 'periodic': 1968} [456s]
  1594600/2098208 {'unbalanced': 1565857, 'untileable6': 26775, 'periodic': 1968} [456s]
  1594800/2098208 {'unbalanced': 1566044, 'untileable6': 26788, 'periodic': 1968} [456s]
  1595000/2098208 {'unbalanced': 1566228, 'untileable6': 26804, 'periodic': 1968} [456s]
  1595200/2098208 {'unbalanced': 1566420, 'untileable6': 26812, 'periodic': 1968} [456s]
  1595400/2098208 {'unbalanced': 1566618, 'untileable6': 26814, 'periodic': 1968} [456s]
  1595600/2098208 {'unbalanced': 1566818, 'untileable6': 26814, 'periodic': 1968} [456s]
  1595800/2098208 {'unbalanced': 1567017, 'untileable6': 26815, 'periodic': 1968} [456s]
  1596000/2098208 {'unbalanced': 1567215, 'untileable6': 26816, 'periodic': 1969} [456s]
  1596200/2098208 {'unbalanced': 1567413, 'untileable6': 26818, 'periodic': 1969} [456s]
  1596400/2098208 {'unbalanced': 1567611, 'untileable6': 26820, 'periodic': 1969} [456s]
  1596600/2098208 {'unbalanced': 1567810, 'untileable6': 26821, 'periodic': 1969} [456s]
  1596800/2098208 {'unbalanced': 1568010, 'untileable6': 26821, 'periodic': 1969} [456s]
  1597000/2098208 {'unbalanced': 1568209, 'untileable6': 26822, 'periodic': 1969} [456s]
  1597200/2098208 {'unbalanced': 1568407, 'untileable6': 26823, 'periodic': 1970} [457s]
  1597400/2098208 {'unbalanced': 1568605, 'untileable6': 26825, 'periodic': 1970} [457s]
  1597600/2098208 {'unbalanced': 1568802, 'untileable6': 26828, 'periodic': 1970} [457s]
  1597800/2098208 {'unbalanced': 1569001, 'untileable6': 26829, 'periodic': 1970} [457s]
  1598000/2098208 {'unbalanced': 1569200, 'untileable6': 26830, 'periodic': 1970} [457s]
  1598200/2098208 {'unbalanced': 1569400, 'untileable6': 26830, 'periodic': 1970} [457s]
  1598400/2098208 {'unbalanced': 1569598, 'untileable6': 26832, 'periodic': 1970} [457s]
  1598600/2098208 {'unbalanced': 1569794, 'untileable6': 26836, 'periodic': 1970} [457s]
  1598800/2098208 {'unbalanced': 1569989, 'untileable6': 26841, 'periodic': 1970} [457s]
  1599000/2098208 {'unbalanced': 1570179, 'untileable6': 26848, 'periodic': 1973} [457s]
  1599200/2098208 {'unbalanced': 1570374, 'untileable6': 26853, 'periodic': 1973} [457s]
  1599400/2098208 {'unbalanced': 1570568, 'untileable6': 26859, 'periodic': 1973} [457s]
  1599600/2098208 {'unbalanced': 1570766, 'untileable6': 26861, 'periodic': 1973} [457s]
  1599800/2098208 {'unbalanced': 1570963, 'untileable6': 26864, 'periodic': 1973} [457s]
  1600000/2098208 {'unbalanced': 1571159, 'untileable6': 26867, 'periodic': 1974} [457s]
  1600200/2098208 {'unbalanced': 1571350, 'untileable6': 26876, 'periodic': 1974} [457s]
  1600400/2098208 {'unbalanced': 1571544, 'untileable6': 26882, 'periodic': 1974} [457s]
  1600600/2098208 {'unbalanced': 1571741, 'untileable6': 26885, 'periodic': 1974} [457s]
  1600800/2098208 {'unbalanced': 1571939, 'untileable6': 26887, 'periodic': 1974} [457s]
  1601000/2098208 {'unbalanced': 1572139, 'untileable6': 26887, 'periodic': 1974} [457s]
  1601200/2098208 {'unbalanced': 1572338, 'untileable6': 26888, 'periodic': 1974} [457s]
  1601400/2098208 {'unbalanced': 1572532, 'untileable6': 26894, 'periodic': 1974} [457s]
  1601600/2098208 {'unbalanced': 1572722, 'untileable6': 26901, 'periodic': 1977} [457s]
  1601800/2098208 {'unbalanced': 1572920, 'untileable6': 26903, 'periodic': 1977} [457s]
  1602000/2098208 {'unbalanced': 1573115, 'untileable6': 26908, 'periodic': 1977} [457s]
  1602200/2098208 {'unbalanced': 1573309, 'untileable6': 26914, 'periodic': 1977} [457s]
  1602400/2098208 {'unbalanced': 1573506, 'untileable6': 26917, 'periodic': 1977} [457s]
  1602600/2098208 {'unbalanced': 1573702, 'untileable6': 26921, 'periodic': 1977} [457s]
  1602800/2098208 {'unbalanced': 1573892, 'untileable6': 26930, 'periodic': 1978} [457s]
  1603000/2098208 {'unbalanced': 1574086, 'untileable6': 26936, 'periodic': 1978} [457s]
  1603200/2098208 {'unbalanced': 1574282, 'untileable6': 26940, 'periodic': 1978} [457s]
  1603400/2098208 {'unbalanced': 1574477, 'untileable6': 26945, 'periodic': 1978} [457s]
  1603600/2098208 {'unbalanced': 1574673, 'untileable6': 26949, 'periodic': 1978} [457s]
  1603800/2098208 {'unbalanced': 1574870, 'untileable6': 26952, 'periodic': 1978} [457s]
  1604000/2098208 {'unbalanced': 1575064, 'untileable6': 26958, 'periodic': 1978} [457s]
  1604200/2098208 {'unbalanced': 1575249, 'untileable6': 26966, 'periodic': 1985} [457s]
  1604400/2098208 {'unbalanced': 1575436, 'untileable6': 26974, 'periodic': 1990} [457s]
  1604600/2098208 {'unbalanced': 1575620, 'untileable6': 26989, 'periodic': 1991} [457s]
  1604800/2098208 {'unbalanced': 1575806, 'untileable6': 27003, 'periodic': 1991} [457s]
  1605000/2098208 {'unbalanced': 1575996, 'untileable6': 27013, 'periodic': 1991} [457s]
  1605200/2098208 {'unbalanced': 1576188, 'untileable6': 27021, 'periodic': 1991} [457s]
  1605400/2098208 {'unbalanced': 1576378, 'untileable6': 27031, 'periodic': 1991} [457s]
  1605600/2098208 {'unbalanced': 1576571, 'untileable6': 27037, 'periodic': 1992} [457s]
  1605800/2098208 {'unbalanced': 1576751, 'untileable6': 27057, 'periodic': 1992} [457s]
  1606000/2098208 {'unbalanced': 1576941, 'untileable6': 27067, 'periodic': 1992} [457s]
  1606200/2098208 {'unbalanced': 1577133, 'untileable6': 27075, 'periodic': 1992} [457s]
  1606400/2098208 {'unbalanced': 1577333, 'untileable6': 27075, 'periodic': 1992} [457s]
  1606600/2098208 {'unbalanced': 1577533, 'untileable6': 27075, 'periodic': 1992} [457s]
  1606800/2098208 {'unbalanced': 1577731, 'untileable6': 27076, 'periodic': 1993} [457s]
  1607000/2098208 {'unbalanced': 1577931, 'untileable6': 27076, 'periodic': 1993} [457s]
  1607200/2098208 {'unbalanced': 1578131, 'untileable6': 27076, 'periodic': 1993} [457s]
  1607400/2098208 {'unbalanced': 1578331, 'untileable6': 27076, 'periodic': 1993} [457s]
  1607600/2098208 {'unbalanced': 1578530, 'untileable6': 27077, 'periodic': 1993} [457s]
  1607800/2098208 {'unbalanced': 1578728, 'untileable6': 27079, 'periodic': 1993} [457s]
  1608000/2098208 {'unbalanced': 1578927, 'untileable6': 27079, 'periodic': 1994} [457s]
  1608200/2098208 {'unbalanced': 1579125, 'untileable6': 27081, 'periodic': 1994} [457s]
  1608400/2098208 {'unbalanced': 1579324, 'untileable6': 27081, 'periodic': 1995} [457s]
  1608600/2098208 {'unbalanced': 1579522, 'untileable6': 27083, 'periodic': 1995} [457s]
  1608800/2098208 {'unbalanced': 1579722, 'untileable6': 27083, 'periodic': 1995} [457s]
  1609000/2098208 {'unbalanced': 1579922, 'untileable6': 27083, 'periodic': 1995} [457s]
  1609200/2098208 {'unbalanced': 1580121, 'untileable6': 27084, 'periodic': 1995} [457s]
  1609400/2098208 {'unbalanced': 1580320, 'untileable6': 27085, 'periodic': 1995} [457s]
  1609600/2098208 {'unbalanced': 1580519, 'untileable6': 27086, 'periodic': 1995} [457s]
  1609800/2098208 {'unbalanced': 1580714, 'untileable6': 27090, 'periodic': 1996} [457s]
  1610000/2098208 {'unbalanced': 1580914, 'untileable6': 27090, 'periodic': 1996} [457s]
  1610200/2098208 {'unbalanced': 1581114, 'untileable6': 27090, 'periodic': 1996} [457s]
  1610400/2098208 {'unbalanced': 1581313, 'untileable6': 27091, 'periodic': 1996} [457s]
  1610600/2098208 {'unbalanced': 1581508, 'untileable6': 27096, 'periodic': 1996} [457s]
  1610800/2098208 {'unbalanced': 1581698, 'untileable6': 27104, 'periodic': 1998} [457s]
  1611000/2098208 {'unbalanced': 1581892, 'untileable6': 27109, 'periodic': 1999} [457s]
  1611200/2098208 {'unbalanced': 1582090, 'untileable6': 27111, 'periodic': 1999} [457s]
  1611400/2098208 {'unbalanced': 1582285, 'untileable6': 27116, 'periodic': 1999} [457s]
  1611600/2098208 {'unbalanced': 1582483, 'untileable6': 27118, 'periodic': 1999} [457s]
  1611800/2098208 {'unbalanced': 1582683, 'untileable6': 27118, 'periodic': 1999} [457s]
  1612000/2098208 {'unbalanced': 1582883, 'untileable6': 27118, 'periodic': 1999} [457s]
  1612200/2098208 {'unbalanced': 1583081, 'untileable6': 27120, 'periodic': 1999} [457s]
  1612400/2098208 {'unbalanced': 1583279, 'untileable6': 27121, 'periodic': 2000} [457s]
  1612600/2098208 {'unbalanced': 1583475, 'untileable6': 27125, 'periodic': 2000} [457s]
  1612800/2098208 {'unbalanced': 1583675, 'untileable6': 27125, 'periodic': 2000} [457s]
  1613000/2098208 {'unbalanced': 1583875, 'untileable6': 27125, 'periodic': 2000} [457s]
  1613200/2098208 {'unbalanced': 1584070, 'untileable6': 27130, 'periodic': 2000} [457s]
  1613400/2098208 {'unbalanced': 1584261, 'untileable6': 27137, 'periodic': 2002} [457s]
  1613600/2098208 {'unbalanced': 1584458, 'untileable6': 27139, 'periodic': 2003} [457s]
  1613800/2098208 {'unbalanced': 1584653, 'untileable6': 27144, 'periodic': 2003} [457s]
  1614000/2098208 {'unbalanced': 1584847, 'untileable6': 27150, 'periodic': 2003} [457s]
  1614200/2098208 {'unbalanced': 1585043, 'untileable6': 27154, 'periodic': 2003} [457s]
  1614400/2098208 {'unbalanced': 1585243, 'untileable6': 27154, 'periodic': 2003} [457s]
  1614600/2098208 {'unbalanced': 1585443, 'untileable6': 27154, 'periodic': 2003} [457s]
  1614800/2098208 {'unbalanced': 1585637, 'untileable6': 27160, 'periodic': 2003} [457s]
  1615000/2098208 {'unbalanced': 1585837, 'untileable6': 27160, 'periodic': 2003} [457s]
  1615200/2098208 {'unbalanced': 1586032, 'untileable6': 27165, 'periodic': 2003} [457s]
  1615400/2098208 {'unbalanced': 1586230, 'untileable6': 27166, 'periodic': 2004} [457s]
  1615600/2098208 {'unbalanced': 1586424, 'untileable6': 27172, 'periodic': 2004} [457s]
  1615800/2098208 {'unbalanced': 1586624, 'untileable6': 27172, 'periodic': 2004} [457s]
  1616000/2098208 {'unbalanced': 1586823, 'untileable6': 27173, 'periodic': 2004} [457s]
  1616200/2098208 {'unbalanced': 1587008, 'untileable6': 27188, 'periodic': 2004} [458s]
  1616400/2098208 {'unbalanced': 1587188, 'untileable6': 27208, 'periodic': 2004} [458s]
  1616600/2098208 {'unbalanced': 1587378, 'untileable6': 27217, 'periodic': 2005} [458s]
  1616800/2098208 {'unbalanced': 1587570, 'untileable6': 27225, 'periodic': 2005} [458s]
  1617000/2098208 {'unbalanced': 1587763, 'untileable6': 27232, 'periodic': 2005} [458s]
  1617200/2098208 {'unbalanced': 1587960, 'untileable6': 27235, 'periodic': 2005} [458s]
  1617400/2098208 {'unbalanced': 1588160, 'untileable6': 27235, 'periodic': 2005} [458s]
  1617600/2098208 {'unbalanced': 1588358, 'untileable6': 27237, 'periodic': 2005} [458s]
  1617800/2098208 {'unbalanced': 1588557, 'untileable6': 27237, 'periodic': 2006} [458s]
  1618000/2098208 {'unbalanced': 1588756, 'untileable6': 27238, 'periodic': 2006} [458s]
  1618200/2098208 {'unbalanced': 1588956, 'untileable6': 27238, 'periodic': 2006} [458s]
  1618400/2098208 {'unbalanced': 1589156, 'untileable6': 27238, 'periodic': 2006} [458s]
  1618600/2098208 {'unbalanced': 1589354, 'untileable6': 27240, 'periodic': 2006} [458s]
  1618800/2098208 {'unbalanced': 1589552, 'untileable6': 27241, 'periodic': 2007} [458s]
  1619000/2098208 {'unbalanced': 1589751, 'untileable6': 27242, 'periodic': 2007} [458s]
  1619200/2098208 {'unbalanced': 1589950, 'untileable6': 27243, 'periodic': 2007} [458s]
  1619400/2098208 {'unbalanced': 1590149, 'untileable6': 27244, 'periodic': 2007} [458s]
  1619600/2098208 {'unbalanced': 1590348, 'untileable6': 27244, 'periodic': 2008} [458s]
  1619800/2098208 {'unbalanced': 1590548, 'untileable6': 27244, 'periodic': 2008} [458s]
  1620000/2098208 {'unbalanced': 1590748, 'untileable6': 27244, 'periodic': 2008} [458s]
  1620200/2098208 {'unbalanced': 1590940, 'untileable6': 27250, 'periodic': 2010} [458s]
  1620400/2098208 {'unbalanced': 1591138, 'untileable6': 27252, 'periodic': 2010} [458s]
  1620600/2098208 {'unbalanced': 1591333, 'untileable6': 27257, 'periodic': 2010} [458s]
  1620800/2098208 {'unbalanced': 1591528, 'untileable6': 27262, 'periodic': 2010} [458s]
  1621000/2098208 {'unbalanced': 1591723, 'untileable6': 27266, 'periodic': 2011} [458s]
  1621200/2098208 {'unbalanced': 1591923, 'untileable6': 27266, 'periodic': 2011} [458s]
  1621400/2098208 {'unbalanced': 1592123, 'untileable6': 27266, 'periodic': 2011} [458s]
  1621600/2098208 {'unbalanced': 1592313, 'untileable6': 27276, 'periodic': 2011} [458s]
  1621800/2098208 {'unbalanced': 1592511, 'untileable6': 27278, 'periodic': 2011} [458s]
  1622000/2098208 {'unbalanced': 1592706, 'untileable6': 27282, 'periodic': 2012} [458s]
  1622200/2098208 {'unbalanced': 1592901, 'untileable6': 27287, 'periodic': 2012} [458s]
  1622400/2098208 {'unbalanced': 1593099, 'untileable6': 27289, 'periodic': 2012} [458s]
  1622600/2098208 {'unbalanced': 1593297, 'untileable6': 27291, 'periodic': 2012} [458s]
  1622800/2098208 {'unbalanced': 1593496, 'untileable6': 27292, 'periodic': 2012} [458s]
  1623000/2098208 {'unbalanced': 1593692, 'untileable6': 27295, 'periodic': 2013} [458s]
  1623200/2098208 {'unbalanced': 1593889, 'untileable6': 27298, 'periodic': 2013} [458s]
  1623400/2098208 {'unbalanced': 1594083, 'untileable6': 27304, 'periodic': 2013} [458s]
  1623600/2098208 {'unbalanced': 1594278, 'untileable6': 27308, 'periodic': 2014} [458s]
  1623800/2098208 {'unbalanced': 1594478, 'untileable6': 27308, 'periodic': 2014} [458s]
  1624000/2098208 {'unbalanced': 1594678, 'untileable6': 27308, 'periodic': 2014} [458s]
  1624200/2098208 {'unbalanced': 1594874, 'untileable6': 27312, 'periodic': 2014} [458s]
  1624400/2098208 {'unbalanced': 1595066, 'untileable6': 27320, 'periodic': 2014} [458s]
  1624600/2098208 {'unbalanced': 1595261, 'untileable6': 27324, 'periodic': 2015} [458s]
  1624800/2098208 {'unbalanced': 1595456, 'untileable6': 27329, 'periodic': 2015} [458s]
  1625000/2098208 {'unbalanced': 1595654, 'untileable6': 27331, 'periodic': 2015} [458s]
  1625200/2098208 {'unbalanced': 1595849, 'untileable6': 27335, 'periodic': 2016} [458s]
  1625400/2098208 {'unbalanced': 1596049, 'untileable6': 27335, 'periodic': 2016} [458s]
  1625600/2098208 {'unbalanced': 1596240, 'untileable6': 27344, 'periodic': 2016} [458s]
  1625800/2098208 {'unbalanced': 1596421, 'untileable6': 27362, 'periodic': 2017} [458s]
  1626000/2098208 {'unbalanced': 1596613, 'untileable6': 27370, 'periodic': 2017} [458s]
  1626200/2098208 {'unbalanced': 1596803, 'untileable6': 27380, 'periodic': 2017} [458s]
  1626400/2098208 {'unbalanced': 1596996, 'untileable6': 27387, 'periodic': 2017} [458s]
  1626600/2098208 {'unbalanced': 1597186, 'untileable6': 27396, 'periodic': 2018} [458s]
  1626800/2098208 {'unbalanced': 1597386, 'untileable6': 27396, 'periodic': 2018} [458s]
  1627000/2098208 {'unbalanced': 1597584, 'untileable6': 27398, 'periodic': 2018} [458s]
  1627200/2098208 {'unbalanced': 1597764, 'untileable6': 27418, 'periodic': 2018} [458s]
  1627400/2098208 {'unbalanced': 1597954, 'untileable6': 27428, 'periodic': 2018} [458s]
  1627600/2098208 {'unbalanced': 1598148, 'untileable6': 27433, 'periodic': 2019} [458s]
  1627800/2098208 {'unbalanced': 1598344, 'untileable6': 27437, 'periodic': 2019} [458s]
  1628000/2098208 {'unbalanced': 1598540, 'untileable6': 27441, 'periodic': 2019} [458s]
  1628200/2098208 {'unbalanced': 1598738, 'untileable6': 27442, 'periodic': 2020} [458s]
  1628400/2098208 {'unbalanced': 1598938, 'untileable6': 27442, 'periodic': 2020} [458s]
  1628600/2098208 {'unbalanced': 1599137, 'untileable6': 27443, 'periodic': 2020} [458s]
  1628800/2098208 {'unbalanced': 1599336, 'untileable6': 27444, 'periodic': 2020} [458s]
  1629000/2098208 {'unbalanced': 1599533, 'untileable6': 27447, 'periodic': 2020} [458s]
  1629200/2098208 {'unbalanced': 1599733, 'untileable6': 27447, 'periodic': 2020} [458s]
  1629400/2098208 {'unbalanced': 1599933, 'untileable6': 27447, 'periodic': 2020} [458s]
  1629600/2098208 {'unbalanced': 1600132, 'untileable6': 27448, 'periodic': 2020} [458s]
  1629800/2098208 {'unbalanced': 1600331, 'untileable6': 27449, 'periodic': 2020} [458s]
  1630000/2098208 {'unbalanced': 1600530, 'untileable6': 27450, 'periodic': 2020} [458s]
  1630200/2098208 {'unbalanced': 1600729, 'untileable6': 27451, 'periodic': 2020} [458s]
  1630400/2098208 {'unbalanced': 1600927, 'untileable6': 27453, 'periodic': 2020} [458s]
  1630600/2098208 {'unbalanced': 1601125, 'untileable6': 27455, 'periodic': 2020} [458s]
  1630800/2098208 {'unbalanced': 1601325, 'untileable6': 27455, 'periodic': 2020} [458s]
  1631000/2098208 {'unbalanced': 1601524, 'untileable6': 27456, 'periodic': 2020} [458s]
  1631200/2098208 {'unbalanced': 1601723, 'untileable6': 27457, 'periodic': 2020} [458s]
  1631400/2098208 {'unbalanced': 1601920, 'untileable6': 27460, 'periodic': 2020} [458s]
  1631600/2098208 {'unbalanced': 1602116, 'untileable6': 27464, 'periodic': 2020} [458s]
  1631800/2098208 {'unbalanced': 1602306, 'untileable6': 27474, 'periodic': 2020} [458s]
  1632000/2098208 {'unbalanced': 1602506, 'untileable6': 27474, 'periodic': 2020} [458s]
  1632200/2098208 {'unbalanced': 1602706, 'untileable6': 27474, 'periodic': 2020} [458s]
  1632400/2098208 {'unbalanced': 1602902, 'untileable6': 27478, 'periodic': 2020} [458s]
  1632600/2098208 {'unbalanced': 1603098, 'untileable6': 27482, 'periodic': 2020} [458s]
  1632800/2098208 {'unbalanced': 1603297, 'untileable6': 27483, 'periodic': 2020} [458s]
  1633000/2098208 {'unbalanced': 1603493, 'untileable6': 27486, 'periodic': 2021} [458s]
  1633200/2098208 {'unbalanced': 1603691, 'untileable6': 27488, 'periodic': 2021} [458s]
  1633400/2098208 {'unbalanced': 1603891, 'untileable6': 27488, 'periodic': 2021} [458s]
  1633600/2098208 {'unbalanced': 1604090, 'untileable6': 27489, 'periodic': 2021} [458s]
  1633800/2098208 {'unbalanced': 1604287, 'untileable6': 27492, 'periodic': 2021} [458s]
  1634000/2098208 {'unbalanced': 1604483, 'untileable6': 27496, 'periodic': 2021} [458s]
  1634200/2098208 {'unbalanced': 1604673, 'untileable6': 27506, 'periodic': 2021} [458s]
  1634400/2098208 {'unbalanced': 1604873, 'untileable6': 27506, 'periodic': 2021} [458s]
  1634600/2098208 {'unbalanced': 1605073, 'untileable6': 27506, 'periodic': 2021} [458s]
  1634800/2098208 {'unbalanced': 1605269, 'untileable6': 27510, 'periodic': 2021} [458s]
  1635000/2098208 {'unbalanced': 1605465, 'untileable6': 27514, 'periodic': 2021} [458s]
  1635200/2098208 {'unbalanced': 1605663, 'untileable6': 27516, 'periodic': 2021} [458s]
  1635400/2098208 {'unbalanced': 1605861, 'untileable6': 27518, 'periodic': 2021} [458s]
  1635600/2098208 {'unbalanced': 1606054, 'untileable6': 27523, 'periodic': 2023} [458s]
  1635800/2098208 {'unbalanced': 1606251, 'untileable6': 27526, 'periodic': 2023} [458s]
  1636000/2098208 {'unbalanced': 1606451, 'untileable6': 27526, 'periodic': 2023} [458s]
  1636200/2098208 {'unbalanced': 1606648, 'untileable6': 27529, 'periodic': 2023} [458s]
  1636400/2098208 {'unbalanced': 1606844, 'untileable6': 27533, 'periodic': 2023} [458s]
  1636600/2098208 {'unbalanced': 1607040, 'untileable6': 27537, 'periodic': 2023} [458s]
  1636800/2098208 {'unbalanced': 1607233, 'untileable6': 27544, 'periodic': 2023} [459s]
  1637000/2098208 {'unbalanced': 1607420, 'untileable6': 27557, 'periodic': 2023} [459s]
  1637200/2098208 {'unbalanced': 1607611, 'untileable6': 27566, 'periodic': 2023} [459s]
  1637400/2098208 {'unbalanced': 1607811, 'untileable6': 27566, 'periodic': 2023} [459s]
  1637600/2098208 {'unbalanced': 1608009, 'untileable6': 27567, 'periodic': 2024} [459s]
  1637800/2098208 {'unbalanced': 1608198, 'untileable6': 27578, 'periodic': 2024} [459s]
  1638000/2098208 {'unbalanced': 1608393, 'untileable6': 27583, 'periodic': 2024} [459s]
  1638200/2098208 {'unbalanced': 1608584, 'untileable6': 27592, 'periodic': 2024} [459s]
  1638400/2098208 {'unbalanced': 1608784, 'untileable6': 27592, 'periodic': 2024} [459s]
  1638600/2098208 {'unbalanced': 1608983, 'untileable6': 27593, 'periodic': 2024} [459s]
  1638800/2098208 {'unbalanced': 1609182, 'untileable6': 27593, 'periodic': 2025} [459s]
  1639000/2098208 {'unbalanced': 1609380, 'untileable6': 27595, 'periodic': 2025} [459s]
  1639200/2098208 {'unbalanced': 1609578, 'untileable6': 27597, 'periodic': 2025} [459s]
  1639400/2098208 {'unbalanced': 1609778, 'untileable6': 27597, 'periodic': 2025} [459s]
  1639600/2098208 {'unbalanced': 1609978, 'untileable6': 27597, 'periodic': 2025} [459s]
  1639800/2098208 {'unbalanced': 1610177, 'untileable6': 27597, 'periodic': 2026} [459s]
  1640000/2098208 {'unbalanced': 1610377, 'untileable6': 27597, 'periodic': 2026} [459s]
  1640200/2098208 {'unbalanced': 1610576, 'untileable6': 27597, 'periodic': 2027} [459s]
  1640400/2098208 {'unbalanced': 1610776, 'untileable6': 27597, 'periodic': 2027} [459s]
  1640600/2098208 {'unbalanced': 1610974, 'untileable6': 27599, 'periodic': 2027} [459s]
  1640800/2098208 {'unbalanced': 1611174, 'untileable6': 27599, 'periodic': 2027} [459s]
  1641000/2098208 {'unbalanced': 1611374, 'untileable6': 27599, 'periodic': 2027} [459s]
  1641200/2098208 {'unbalanced': 1611573, 'untileable6': 27600, 'periodic': 2027} [459s]
  1641400/2098208 {'unbalanced': 1611769, 'untileable6': 27604, 'periodic': 2027} [459s]
  1641600/2098208 {'unbalanced': 1611966, 'untileable6': 27606, 'periodic': 2028} [459s]
  1641800/2098208 {'unbalanced': 1612161, 'untileable6': 27611, 'periodic': 2028} [459s]
  1642000/2098208 {'unbalanced': 1612352, 'untileable6': 27618, 'periodic': 2030} [459s]
  1642200/2098208 {'unbalanced': 1612547, 'untileable6': 27623, 'periodic': 2030} [459s]
  1642400/2098208 {'unbalanced': 1612747, 'untileable6': 27623, 'periodic': 2030} [459s]
  1642600/2098208 {'unbalanced': 1612947, 'untileable6': 27623, 'periodic': 2030} [459s]
  1642800/2098208 {'unbalanced': 1613143, 'untileable6': 27626, 'periodic': 2031} [459s]
  1643000/2098208 {'unbalanced': 1613343, 'untileable6': 27626, 'periodic': 2031} [459s]
  1643200/2098208 {'unbalanced': 1613542, 'untileable6': 27627, 'periodic': 2031} [459s]
  1643400/2098208 {'unbalanced': 1613740, 'untileable6': 27629, 'periodic': 2031} [459s]
  1643600/2098208 {'unbalanced': 1613940, 'untileable6': 27629, 'periodic': 2031} [459s]
  1643800/2098208 {'unbalanced': 1614138, 'untileable6': 27631, 'periodic': 2031} [459s]
  1644000/2098208 {'unbalanced': 1614334, 'untileable6': 27635, 'periodic': 2031} [459s]
  1644200/2098208 {'unbalanced': 1614529, 'untileable6': 27639, 'periodic': 2032} [459s]
  1644400/2098208 {'unbalanced': 1614720, 'untileable6': 27646, 'periodic': 2034} [459s]
  1644600/2098208 {'unbalanced': 1614915, 'untileable6': 27651, 'periodic': 2034} [459s]
  1644800/2098208 {'unbalanced': 1615115, 'untileable6': 27651, 'periodic': 2034} [459s]
  1645000/2098208 {'unbalanced': 1615315, 'untileable6': 27651, 'periodic': 2034} [459s]
  1645200/2098208 {'unbalanced': 1615511, 'untileable6': 27654, 'periodic': 2035} [459s]
  1645400/2098208 {'unbalanced': 1615711, 'untileable6': 27654, 'periodic': 2035} [459s]
  1645600/2098208 {'unbalanced': 1615909, 'untileable6': 27656, 'periodic': 2035} [459s]
  1645800/2098208 {'unbalanced': 1616105, 'untileable6': 27660, 'periodic': 2035} [459s]
  1646000/2098208 {'unbalanced': 1616305, 'untileable6': 27660, 'periodic': 2035} [459s]
  1646200/2098208 {'unbalanced': 1616505, 'untileable6': 27660, 'periodic': 2035} [459s]
  1646400/2098208 {'unbalanced': 1616697, 'untileable6': 27668, 'periodic': 2035} [459s]
  1646600/2098208 {'unbalanced': 1616889, 'untileable6': 27675, 'periodic': 2036} [459s]
  1646800/2098208 {'unbalanced': 1617079, 'untileable6': 27685, 'periodic': 2036} [459s]
  1647000/2098208 {'unbalanced': 1617272, 'untileable6': 27691, 'periodic': 2037} [459s]
  1647200/2098208 {'unbalanced': 1617456, 'untileable6': 27707, 'periodic': 2037} [459s]
  1647400/2098208 {'unbalanced': 1617643, 'untileable6': 27720, 'periodic': 2037} [459s]
  1647600/2098208 {'unbalanced': 1617841, 'untileable6': 27722, 'periodic': 2037} [459s]
  1647800/2098208 {'unbalanced': 1618041, 'untileable6': 27722, 'periodic': 2037} [459s]
  1648000/2098208 {'unbalanced': 1618238, 'untileable6': 27724, 'periodic': 2038} [459s]
  1648200/2098208 {'unbalanced': 1618435, 'untileable6': 27727, 'periodic': 2038} [459s]
  1648400/2098208 {'unbalanced': 1618632, 'untileable6': 27730, 'periodic': 2038} [459s]
  1648600/2098208 {'unbalanced': 1618832, 'untileable6': 27730, 'periodic': 2038} [459s]
  1648800/2098208 {'unbalanced': 1619031, 'untileable6': 27731, 'periodic': 2038} [459s]
  1649000/2098208 {'unbalanced': 1619229, 'untileable6': 27732, 'periodic': 2039} [459s]
  1649200/2098208 {'unbalanced': 1619428, 'untileable6': 27733, 'periodic': 2039} [459s]
  1649400/2098208 {'unbalanced': 1619626, 'untileable6': 27735, 'periodic': 2039} [459s]
  1649600/2098208 {'unbalanced': 1619825, 'untileable6': 27736, 'periodic': 2039} [459s]
  1649800/2098208 {'unbalanced': 1620024, 'untileable6': 27737, 'periodic': 2039} [459s]
  1650000/2098208 {'unbalanced': 1620222, 'untileable6': 27738, 'periodic': 2040} [459s]
  1650200/2098208 {'unbalanced': 1620420, 'untileable6': 27740, 'periodic': 2040} [459s]
  1650400/2098208 {'unbalanced': 1620618, 'untileable6': 27741, 'periodic': 2041} [459s]
  1650600/2098208 {'unbalanced': 1620816, 'untileable6': 27743, 'periodic': 2041} [459s]
  1650800/2098208 {'unbalanced': 1621015, 'untileable6': 27744, 'periodic': 2041} [459s]
  1651000/2098208 {'unbalanced': 1621214, 'untileable6': 27745, 'periodic': 2041} [459s]
  1651200/2098208 {'unbalanced': 1621413, 'untileable6': 27746, 'periodic': 2041} [459s]
  1651400/2098208 {'unbalanced': 1621609, 'untileable6': 27750, 'periodic': 2041} [459s]
  1651600/2098208 {'unbalanced': 1621805, 'untileable6': 27754, 'periodic': 2041} [459s]
  1651800/2098208 {'unbalanced': 1621997, 'untileable6': 27761, 'periodic': 2042} [459s]
  1652000/2098208 {'unbalanced': 1622193, 'untileable6': 27765, 'periodic': 2042} [459s]
  1652200/2098208 {'unbalanced': 1622387, 'untileable6': 27771, 'periodic': 2042} [459s]
  1652400/2098208 {'unbalanced': 1622583, 'untileable6': 27775, 'periodic': 2042} [459s]
  1652600/2098208 {'unbalanced': 1622779, 'untileable6': 27779, 'periodic': 2042} [459s]
  1652800/2098208 {'unbalanced': 1622974, 'untileable6': 27783, 'periodic': 2043} [459s]
  1653000/2098208 {'unbalanced': 1623166, 'untileable6': 27789, 'periodic': 2045} [459s]
  1653200/2098208 {'unbalanced': 1623359, 'untileable6': 27796, 'periodic': 2045} [459s]
  1653400/2098208 {'unbalanced': 1623555, 'untileable6': 27800, 'periodic': 2045} [459s]
  1653600/2098208 {'unbalanced': 1623754, 'untileable6': 27801, 'periodic': 2045} [459s]
  1653800/2098208 {'unbalanced': 1623954, 'untileable6': 27801, 'periodic': 2045} [459s]
  1654000/2098208 {'unbalanced': 1624152, 'untileable6': 27803, 'periodic': 2045} [459s]
  1654200/2098208 {'unbalanced': 1624342, 'untileable6': 27812, 'periodic': 2046} [459s]
  1654400/2098208 {'unbalanced': 1624538, 'untileable6': 27816, 'periodic': 2046} [459s]
  1654600/2098208 {'unbalanced': 1624734, 'untileable6': 27820, 'periodic': 2046} [459s]
  1654800/2098208 {'unbalanced': 1624928, 'untileable6': 27826, 'periodic': 2046} [459s]
  1655000/2098208 {'unbalanced': 1625124, 'untileable6': 27830, 'periodic': 2046} [459s]
  1655200/2098208 {'unbalanced': 1625319, 'untileable6': 27835, 'periodic': 2046} [459s]
  1655400/2098208 {'unbalanced': 1625511, 'untileable6': 27840, 'periodic': 2049} [459s]
  1655600/2098208 {'unbalanced': 1625706, 'untileable6': 27845, 'periodic': 2049} [459s]
  1655800/2098208 {'unbalanced': 1625897, 'untileable6': 27854, 'periodic': 2049} [460s]
  1656000/2098208 {'unbalanced': 1626093, 'untileable6': 27858, 'periodic': 2049} [460s]
  1656200/2098208 {'unbalanced': 1626291, 'untileable6': 27860, 'periodic': 2049} [460s]
  1656400/2098208 {'unbalanced': 1626484, 'untileable6': 27867, 'periodic': 2049} [460s]
  1656600/2098208 {'unbalanced': 1626678, 'untileable6': 27873, 'periodic': 2049} [460s]
  1656800/2098208 {'unbalanced': 1626860, 'untileable6': 27880, 'periodic': 2060} [460s]
  1657000/2098208 {'unbalanced': 1627047, 'untileable6': 27892, 'periodic': 2061} [460s]
  1657200/2098208 {'unbalanced': 1627229, 'untileable6': 27910, 'periodic': 2061} [460s]
  1657400/2098208 {'unbalanced': 1627422, 'untileable6': 27917, 'periodic': 2061} [460s]
  1657600/2098208 {'unbalanced': 1627612, 'untileable6': 27927, 'periodic': 2061} [460s]
  1657800/2098208 {'unbalanced': 1627801, 'untileable6': 27938, 'periodic': 2061} [460s]
  1658000/2098208 {'unbalanced': 1627995, 'untileable6': 27944, 'periodic': 2061} [460s]
  1658200/2098208 {'unbalanced': 1628179, 'untileable6': 27959, 'periodic': 2062} [460s]
  1658400/2098208 {'unbalanced': 1628366, 'untileable6': 27972, 'periodic': 2062} [460s]
  1658600/2098208 {'unbalanced': 1628557, 'untileable6': 27981, 'periodic': 2062} [460s]
  1658800/2098208 {'unbalanced': 1628756, 'untileable6': 27982, 'periodic': 2062} [460s]
  1659000/2098208 {'unbalanced': 1628956, 'untileable6': 27982, 'periodic': 2062} [460s]
  1659200/2098208 {'unbalanced': 1629154, 'untileable6': 27984, 'periodic': 2062} [460s]
  1659400/2098208 {'unbalanced': 1629352, 'untileable6': 27985, 'periodic': 2063} [460s]
  1659600/2098208 {'unbalanced': 1629551, 'untileable6': 27986, 'periodic': 2063} [460s]
  1659800/2098208 {'unbalanced': 1629750, 'untileable6': 27987, 'periodic': 2063} [460s]
  1660000/2098208 {'unbalanced': 1629949, 'untileable6': 27988, 'periodic': 2063} [460s]
  1660200/2098208 {'unbalanced': 1630149, 'untileable6': 27988, 'periodic': 2063} [460s]
  1660400/2098208 {'unbalanced': 1630347, 'untileable6': 27989, 'periodic': 2064} [460s]
  1660600/2098208 {'unbalanced': 1630547, 'untileable6': 27989, 'periodic': 2064} [460s]
  1660800/2098208 {'unbalanced': 1630746, 'untileable6': 27990, 'periodic': 2064} [460s]
  1661000/2098208 {'unbalanced': 1630945, 'untileable6': 27990, 'periodic': 2065} [460s]
  1661200/2098208 {'unbalanced': 1631145, 'untileable6': 27990, 'periodic': 2065} [460s]
  1661400/2098208 {'unbalanced': 1631344, 'untileable6': 27991, 'periodic': 2065} [460s]
  1661600/2098208 {'unbalanced': 1631542, 'untileable6': 27993, 'periodic': 2065} [460s]
  1661800/2098208 {'unbalanced': 1631732, 'untileable6': 28001, 'periodic': 2067} [460s]
  1662000/2098208 {'unbalanced': 1631922, 'untileable6': 28011, 'periodic': 2067} [460s]
  1662200/2098208 {'unbalanced': 1632116, 'untileable6': 28017, 'periodic': 2067} [460s]
  1662400/2098208 {'unbalanced': 1632312, 'untileable6': 28020, 'periodic': 2068} [460s]
  1662600/2098208 {'unbalanced': 1632508, 'untileable6': 28024, 'periodic': 2068} [460s]
  1662800/2098208 {'unbalanced': 1632706, 'untileable6': 28026, 'periodic': 2068} [460s]
  1663000/2098208 {'unbalanced': 1632904, 'untileable6': 28028, 'periodic': 2068} [460s]
  1663200/2098208 {'unbalanced': 1633102, 'untileable6': 28030, 'periodic': 2068} [460s]
  1663400/2098208 {'unbalanced': 1633298, 'untileable6': 28033, 'periodic': 2069} [460s]
  1663600/2098208 {'unbalanced': 1633497, 'untileable6': 28034, 'periodic': 2069} [460s]
  1663800/2098208 {'unbalanced': 1633696, 'untileable6': 28035, 'periodic': 2069} [460s]
  1664000/2098208 {'unbalanced': 1633895, 'untileable6': 28036, 'periodic': 2069} [460s]
  1664200/2098208 {'unbalanced': 1634090, 'untileable6': 28040, 'periodic': 2070} [460s]
  1664400/2098208 {'unbalanced': 1634280, 'untileable6': 28050, 'periodic': 2070} [460s]
  1664600/2098208 {'unbalanced': 1634474, 'untileable6': 28056, 'periodic': 2070} [460s]
  1664800/2098208 {'unbalanced': 1634670, 'untileable6': 28059, 'periodic': 2071} [460s]
  1665000/2098208 {'unbalanced': 1634866, 'untileable6': 28063, 'periodic': 2071} [460s]
  1665200/2098208 {'unbalanced': 1635064, 'untileable6': 28065, 'periodic': 2071} [460s]
  1665400/2098208 {'unbalanced': 1635262, 'untileable6': 28067, 'periodic': 2071} [460s]
  1665600/2098208 {'unbalanced': 1635460, 'untileable6': 28069, 'periodic': 2071} [460s]
  1665800/2098208 {'unbalanced': 1635656, 'untileable6': 28072, 'periodic': 2072} [460s]
  1666000/2098208 {'unbalanced': 1635854, 'untileable6': 28074, 'periodic': 2072} [460s]
  1666200/2098208 {'unbalanced': 1636053, 'untileable6': 28075, 'periodic': 2072} [460s]
  1666400/2098208 {'unbalanced': 1636251, 'untileable6': 28076, 'periodic': 2073} [460s]
  1666600/2098208 {'unbalanced': 1636440, 'untileable6': 28087, 'periodic': 2073} [460s]
  1666800/2098208 {'unbalanced': 1636632, 'untileable6': 28095, 'periodic': 2073} [460s]
  1667000/2098208 {'unbalanced': 1636811, 'untileable6': 28115, 'periodic': 2074} [460s]
  1667200/2098208 {'unbalanced': 1637000, 'untileable6': 28126, 'periodic': 2074} [460s]
  1667400/2098208 {'unbalanced': 1637181, 'untileable6': 28145, 'periodic': 2074} [460s]
  1667600/2098208 {'unbalanced': 1637374, 'untileable6': 28152, 'periodic': 2074} [460s]
  1667800/2098208 {'unbalanced': 1637566, 'untileable6': 28159, 'periodic': 2075} [460s]
  1668000/2098208 {'unbalanced': 1637761, 'untileable6': 28164, 'periodic': 2075} [460s]
  1668200/2098208 {'unbalanced': 1637958, 'untileable6': 28167, 'periodic': 2075} [460s]
  1668400/2098208 {'unbalanced': 1638157, 'untileable6': 28168, 'periodic': 2075} [460s]
  1668600/2098208 {'unbalanced': 1638348, 'untileable6': 28176, 'periodic': 2076} [460s]
  1668800/2098208 {'unbalanced': 1638547, 'untileable6': 28177, 'periodic': 2076} [460s]
  1669000/2098208 {'unbalanced': 1638746, 'untileable6': 28177, 'periodic': 2077} [460s]
  1669200/2098208 {'unbalanced': 1638946, 'untileable6': 28177, 'periodic': 2077} [460s]
  1669400/2098208 {'unbalanced': 1639146, 'untileable6': 28177, 'periodic': 2077} [460s]
  1669600/2098208 {'unbalanced': 1639345, 'untileable6': 28178, 'periodic': 2077} [460s]
  1669800/2098208 {'unbalanced': 1639545, 'untileable6': 28178, 'periodic': 2077} [460s]
  1670000/2098208 {'unbalanced': 1639745, 'untileable6': 28178, 'periodic': 2077} [460s]
  1670200/2098208 {'unbalanced': 1639944, 'untileable6': 28179, 'periodic': 2077} [460s]
  1670400/2098208 {'unbalanced': 1640144, 'untileable6': 28179, 'periodic': 2077} [460s]
  1670600/2098208 {'unbalanced': 1640343, 'untileable6': 28180, 'periodic': 2077} [460s]
  1670800/2098208 {'unbalanced': 1640542, 'untileable6': 28181, 'periodic': 2077} [460s]
  1671000/2098208 {'unbalanced': 1640741, 'untileable6': 28182, 'periodic': 2077} [460s]
  1671200/2098208 {'unbalanced': 1640940, 'untileable6': 28183, 'periodic': 2077} [460s]
  1671400/2098208 {'unbalanced': 1641136, 'untileable6': 28187, 'periodic': 2077} [460s]
  1671600/2098208 {'unbalanced': 1641334, 'untileable6': 28189, 'periodic': 2077} [460s]
  1671800/2098208 {'unbalanced': 1641528, 'untileable6': 28195, 'periodic': 2077} [460s]
  1672000/2098208 {'unbalanced': 1641722, 'untileable6': 28201, 'periodic': 2077} [461s]
  1672200/2098208 {'unbalanced': 1641918, 'untileable6': 28205, 'periodic': 2077} [461s]
  1672400/2098208 {'unbalanced': 1642116, 'untileable6': 28207, 'periodic': 2077} [461s]
  1672600/2098208 {'unbalanced': 1642309, 'untileable6': 28214, 'periodic': 2077} [461s]
  1672800/2098208 {'unbalanced': 1642501, 'untileable6': 28221, 'periodic': 2078} [461s]
  1673000/2098208 {'unbalanced': 1642697, 'untileable6': 28225, 'periodic': 2078} [461s]
  1673200/2098208 {'unbalanced': 1642896, 'untileable6': 28226, 'periodic': 2078} [461s]
  1673400/2098208 {'unbalanced': 1643096, 'untileable6': 28226, 'periodic': 2078} [461s]
  1673600/2098208 {'unbalanced': 1643294, 'untileable6': 28228, 'periodic': 2078} [461s]
  1673800/2098208 {'unbalanced': 1643488, 'untileable6': 28234, 'periodic': 2078} [461s]
  1674000/2098208 {'unbalanced': 1643684, 'untileable6': 28238, 'periodic': 2078} [461s]
  1674200/2098208 {'unbalanced': 1643878, 'untileable6': 28244, 'periodic': 2078} [461s]
  1674400/2098208 {'unbalanced': 1644076, 'untileable6': 28246, 'periodic': 2078} [461s]
  1674600/2098208 {'unbalanced': 1644269, 'untileable6': 28253, 'periodic': 2078} [461s]
  1674800/2098208 {'unbalanced': 1644464, 'untileable6': 28258, 'periodic': 2078} [461s]
  1675000/2098208 {'unbalanced': 1644654, 'untileable6': 28266, 'periodic': 2080} [461s]
  1675200/2098208 {'unbalanced': 1644850, 'untileable6': 28270, 'periodic': 2080} [461s]
  1675400/2098208 {'unbalanced': 1645048, 'untileable6': 28272, 'periodic': 2080} [461s]
  1675600/2098208 {'unbalanced': 1645241, 'untileable6': 28279, 'periodic': 2080} [461s]
  1675800/2098208 {'unbalanced': 1645435, 'untileable6': 28285, 'periodic': 2080} [461s]
  1676000/2098208 {'unbalanced': 1645619, 'untileable6': 28290, 'periodic': 2091} [461s]
  1676200/2098208 {'unbalanced': 1645803, 'untileable6': 28305, 'periodic': 2092} [461s]
  1676400/2098208 {'unbalanced': 1645989, 'untileable6': 28319, 'periodic': 2092} [461s]
  1676600/2098208 {'unbalanced': 1646178, 'untileable6': 28330, 'periodic': 2092} [461s]
  1676800/2098208 {'unbalanced': 1646369, 'untileable6': 28339, 'periodic': 2092} [461s]
  1677000/2098208 {'unbalanced': 1646560, 'untileable6': 28347, 'periodic': 2093} [461s]
  1677200/2098208 {'unbalanced': 1646741, 'untileable6': 28366, 'periodic': 2093} [461s]
  1677400/2098208 {'unbalanced': 1646931, 'untileable6': 28376, 'periodic': 2093} [461s]
  1677600/2098208 {'unbalanced': 1647128, 'untileable6': 28379, 'periodic': 2093} [461s]
  1677800/2098208 {'unbalanced': 1647328, 'untileable6': 28379, 'periodic': 2093} [461s]
  1678000/2098208 {'unbalanced': 1647527, 'untileable6': 28379, 'periodic': 2094} [461s]
  1678200/2098208 {'unbalanced': 1647726, 'untileable6': 28380, 'periodic': 2094} [461s]
  1678400/2098208 {'unbalanced': 1647925, 'untileable6': 28381, 'periodic': 2094} [461s]
  1678600/2098208 {'unbalanced': 1648125, 'untileable6': 28381, 'periodic': 2094} [461s]
  1678800/2098208 {'unbalanced': 1648324, 'untileable6': 28381, 'periodic': 2095} [461s]
  1679000/2098208 {'unbalanced': 1648524, 'untileable6': 28381, 'periodic': 2095} [461s]
  1679200/2098208 {'unbalanced': 1648723, 'untileable6': 28381, 'periodic': 2096} [461s]
  1679400/2098208 {'unbalanced': 1648923, 'untileable6': 28381, 'periodic': 2096} [461s]
  1679600/2098208 {'unbalanced': 1649122, 'untileable6': 28382, 'periodic': 2096} [461s]
  1679800/2098208 {'unbalanced': 1649321, 'untileable6': 28383, 'periodic': 2096} [461s]
  1680000/2098208 {'unbalanced': 1649519, 'untileable6': 28385, 'periodic': 2096} [461s]
  1680200/2098208 {'unbalanced': 1649710, 'untileable6': 28394, 'periodic': 2096} [461s]
  1680400/2098208 {'unbalanced': 1649904, 'untileable6': 28398, 'periodic': 2098} [461s]
  1680600/2098208 {'unbalanced': 1650098, 'untileable6': 28403, 'periodic': 2099} [461s]
  1680800/2098208 {'unbalanced': 1650292, 'untileable6': 28409, 'periodic': 2099} [461s]
  1681000/2098208 {'unbalanced': 1650490, 'untileable6': 28411, 'periodic': 2099} [461s]
  1681200/2098208 {'unbalanced': 1650688, 'untileable6': 28413, 'periodic': 2099} [461s]
  1681400/2098208 {'unbalanced': 1650882, 'untileable6': 28418, 'periodic': 2100} [461s]
  1681600/2098208 {'unbalanced': 1651081, 'untileable6': 28419, 'periodic': 2100} [461s]
  1681800/2098208 {'unbalanced': 1651279, 'untileable6': 28421, 'periodic': 2100} [461s]
  1682000/2098208 {'unbalanced': 1651479, 'untileable6': 28421, 'periodic': 2100} [461s]
  1682200/2098208 {'unbalanced': 1651676, 'untileable6': 28424, 'periodic': 2100} [461s]
  1682400/2098208 {'unbalanced': 1651868, 'untileable6': 28430, 'periodic': 2102} [461s]
  1682600/2098208 {'unbalanced': 1652062, 'untileable6': 28435, 'periodic': 2103} [461s]
  1682800/2098208 {'unbalanced': 1652256, 'untileable6': 28441, 'periodic': 2103} [461s]
  1683000/2098208 {'unbalanced': 1652454, 'untileable6': 28443, 'periodic': 2103} [461s]
  1683200/2098208 {'unbalanced': 1652652, 'untileable6': 28445, 'periodic': 2103} [461s]
  1683400/2098208 {'unbalanced': 1652846, 'untileable6': 28450, 'periodic': 2104} [461s]
  1683600/2098208 {'unbalanced': 1653046, 'untileable6': 28450, 'periodic': 2104} [461s]
  1683800/2098208 {'unbalanced': 1653242, 'untileable6': 28454, 'periodic': 2104} [461s]
  1684000/2098208 {'unbalanced': 1653440, 'untileable6': 28456, 'periodic': 2104} [461s]
  1684200/2098208 {'unbalanced': 1653633, 'untileable6': 28463, 'periodic': 2104} [461s]
  1684400/2098208 {'unbalanced': 1653826, 'untileable6': 28470, 'periodic': 2104} [461s]
  1684600/2098208 {'unbalanced': 1654008, 'untileable6': 28487, 'periodic': 2105} [461s]
  1684800/2098208 {'unbalanced': 1654192, 'untileable6': 28503, 'periodic': 2105} [461s]
  1685000/2098208 {'unbalanced': 1654374, 'untileable6': 28520, 'periodic': 2106} [461s]
  1685200/2098208 {'unbalanced': 1654565, 'untileable6': 28529, 'periodic': 2106} [461s]
  1685400/2098208 {'unbalanced': 1654760, 'untileable6': 28534, 'periodic': 2106} [461s]
  1685600/2098208 {'unbalanced': 1654955, 'untileable6': 28539, 'periodic': 2106} [461s]
  1685800/2098208 {'unbalanced': 1655150, 'untileable6': 28543, 'periodic': 2107} [461s]
  1686000/2098208 {'unbalanced': 1655345, 'untileable6': 28548, 'periodic': 2107} [461s]
  1686200/2098208 {'unbalanced': 1655542, 'untileable6': 28551, 'periodic': 2107} [461s]
  1686400/2098208 {'unbalanced': 1655742, 'untileable6': 28551, 'periodic': 2107} [461s]
  1686600/2098208 {'unbalanced': 1655941, 'untileable6': 28551, 'periodic': 2108} [462s]
  1686800/2098208 {'unbalanced': 1656141, 'untileable6': 28551, 'periodic': 2108} [462s]
  1687000/2098208 {'unbalanced': 1656341, 'untileable6': 28551, 'periodic': 2108} [462s]
  1687200/2098208 {'unbalanced': 1656541, 'untileable6': 28551, 'periodic': 2108} [462s]
  1687400/2098208 {'unbalanced': 1656739, 'untileable6': 28552, 'periodic': 2109} [462s]
  1687600/2098208 {'unbalanced': 1656938, 'untileable6': 28553, 'periodic': 2109} [462s]
  1687800/2098208 {'unbalanced': 1657137, 'untileable6': 28553, 'periodic': 2110} [462s]
  1688000/2098208 {'unbalanced': 1657336, 'untileable6': 28554, 'periodic': 2110} [462s]
  1688200/2098208 {'unbalanced': 1657536, 'untileable6': 28554, 'periodic': 2110} [462s]
  1688400/2098208 {'unbalanced': 1657735, 'untileable6': 28555, 'periodic': 2110} [462s]
  1688600/2098208 {'unbalanced': 1657931, 'untileable6': 28559, 'periodic': 2110} [462s]
  1688800/2098208 {'unbalanced': 1658127, 'untileable6': 28563, 'periodic': 2110} [462s]
  1689000/2098208 {'unbalanced': 1658324, 'untileable6': 28565, 'periodic': 2111} [462s]
  1689200/2098208 {'unbalanced': 1658519, 'untileable6': 28570, 'periodic': 2111} [462s]
  1689400/2098208 {'unbalanced': 1658719, 'untileable6': 28570, 'periodic': 2111} [462s]
  1689600/2098208 {'unbalanced': 1658913, 'untileable6': 28574, 'periodic': 2113} [462s]
  1689800/2098208 {'unbalanced': 1659107, 'untileable6': 28580, 'periodic': 2113} [462s]
  1690000/2098208 {'unbalanced': 1659301, 'untileable6': 28585, 'periodic': 2114} [462s]
  1690200/2098208 {'unbalanced': 1659497, 'untileable6': 28589, 'periodic': 2114} [462s]
  1690400/2098208 {'unbalanced': 1659696, 'untileable6': 28590, 'periodic': 2114} [462s]
  1690600/2098208 {'unbalanced': 1659896, 'untileable6': 28590, 'periodic': 2114} [462s]
  1690800/2098208 {'unbalanced': 1660094, 'untileable6': 28592, 'periodic': 2114} [462s]
  1691000/2098208 {'unbalanced': 1660292, 'untileable6': 28594, 'periodic': 2114} [462s]
  1691200/2098208 {'unbalanced': 1660486, 'untileable6': 28599, 'periodic': 2115} [462s]
  1691400/2098208 {'unbalanced': 1660686, 'untileable6': 28599, 'periodic': 2115} [462s]
  1691600/2098208 {'unbalanced': 1660882, 'untileable6': 28601, 'periodic': 2117} [462s]
  1691800/2098208 {'unbalanced': 1661074, 'untileable6': 28609, 'periodic': 2117} [462s]
  1692000/2098208 {'unbalanced': 1661268, 'untileable6': 28614, 'periodic': 2118} [462s]
  1692200/2098208 {'unbalanced': 1661466, 'untileable6': 28616, 'periodic': 2118} [462s]
  1692400/2098208 {'unbalanced': 1661660, 'untileable6': 28622, 'periodic': 2118} [462s]
  1692600/2098208 {'unbalanced': 1661860, 'untileable6': 28622, 'periodic': 2118} [462s]
  1692800/2098208 {'unbalanced': 1662053, 'untileable6': 28629, 'periodic': 2118} [462s]
  1693000/2098208 {'unbalanced': 1662234, 'untileable6': 28648, 'periodic': 2118} [462s]
  1693200/2098208 {'unbalanced': 1662427, 'untileable6': 28654, 'periodic': 2119} [462s]
  1693400/2098208 {'unbalanced': 1662617, 'untileable6': 28664, 'periodic': 2119} [462s]
  1693600/2098208 {'unbalanced': 1662806, 'untileable6': 28674, 'periodic': 2120} [462s]
  1693800/2098208 {'unbalanced': 1663004, 'untileable6': 28676, 'periodic': 2120} [462s]
  1694000/2098208 {'unbalanced': 1663204, 'untileable6': 28676, 'periodic': 2120} [462s]
  1694200/2098208 {'unbalanced': 1663384, 'untileable6': 28696, 'periodic': 2120} [462s]
  1694400/2098208 {'unbalanced': 1663573, 'untileable6': 28706, 'periodic': 2121} [462s]
  1694600/2098208 {'unbalanced': 1663766, 'untileable6': 28713, 'periodic': 2121} [462s]
  1694800/2098208 {'unbalanced': 1663962, 'untileable6': 28717, 'periodic': 2121} [462s]
  1695000/2098208 {'unbalanced': 1664162, 'untileable6': 28717, 'periodic': 2121} [462s]
  1695200/2098208 {'unbalanced': 1664361, 'untileable6': 28718, 'periodic': 2121} [462s]
  1695400/2098208 {'unbalanced': 1664560, 'untileable6': 28718, 'periodic': 2122} [462s]
  1695600/2098208 {'unbalanced': 1664760, 'untileable6': 28718, 'periodic': 2122} [462s]
  1695800/2098208 {'unbalanced': 1664960, 'untileable6': 28718, 'periodic': 2122} [462s]
  1696000/2098208 {'unbalanced': 1665159, 'untileable6': 28719, 'periodic': 2122} [462s]
  1696200/2098208 {'unbalanced': 1665358, 'untileable6': 28719, 'periodic': 2123} [462s]
  1696400/2098208 {'unbalanced': 1665558, 'untileable6': 28719, 'periodic': 2123} [462s]
  1696600/2098208 {'unbalanced': 1665757, 'untileable6': 28719, 'periodic': 2124} [462s]
  1696800/2098208 {'unbalanced': 1665957, 'untileable6': 28719, 'periodic': 2124} [462s]
  1697000/2098208 {'unbalanced': 1666157, 'untileable6': 28719, 'periodic': 2124} [462s]
  1697200/2098208 {'unbalanced': 1666351, 'untileable6': 28723, 'periodic': 2126} [462s]
  1697400/2098208 {'unbalanced': 1666545, 'untileable6': 28729, 'periodic': 2126} [462s]
  1697600/2098208 {'unbalanced': 1666741, 'untileable6': 28733, 'periodic': 2126} [462s]
  1697800/2098208 {'unbalanced': 1666935, 'untileable6': 28738, 'periodic': 2127} [462s]
  1698000/2098208 {'unbalanced': 1667133, 'untileable6': 28740, 'periodic': 2127} [462s]
  1698200/2098208 {'unbalanced': 1667333, 'untileable6': 28740, 'periodic': 2127} [462s]
  1698400/2098208 {'unbalanced': 1667527, 'untileable6': 28745, 'periodic': 2128} [462s]
  1698600/2098208 {'unbalanced': 1667727, 'untileable6': 28745, 'periodic': 2128} [462s]
  1698800/2098208 {'unbalanced': 1667925, 'untileable6': 28747, 'periodic': 2128} [462s]
  1699000/2098208 {'unbalanced': 1668124, 'untileable6': 28748, 'periodic': 2128} [462s]
  1699200/2098208 {'unbalanced': 1668324, 'untileable6': 28748, 'periodic': 2128} [462s]
  1699400/2098208 {'unbalanced': 1668519, 'untileable6': 28752, 'periodic': 2129} [462s]
  1699600/2098208 {'unbalanced': 1668716, 'untileable6': 28755, 'periodic': 2129} [462s]
  1699800/2098208 {'unbalanced': 1668910, 'untileable6': 28760, 'periodic': 2130} [462s]
  1700000/2098208 {'unbalanced': 1669108, 'untileable6': 28762, 'periodic': 2130} [462s]
  1700200/2098208 {'unbalanced': 1669308, 'untileable6': 28762, 'periodic': 2130} [462s]
  1700400/2098208 {'unbalanced': 1669506, 'untileable6': 28764, 'periodic': 2130} [462s]
  1700600/2098208 {'unbalanced': 1669702, 'untileable6': 28767, 'periodic': 2131} [462s]
  1700800/2098208 {'unbalanced': 1669900, 'untileable6': 28769, 'periodic': 2131} [462s]
  1701000/2098208 {'unbalanced': 1670100, 'untileable6': 28769, 'periodic': 2131} [462s]
  1701200/2098208 {'unbalanced': 1670298, 'untileable6': 28770, 'periodic': 2132} [462s]
  1701400/2098208 {'unbalanced': 1670498, 'untileable6': 28770, 'periodic': 2132} [462s]
  1701600/2098208 {'unbalanced': 1670679, 'untileable6': 28788, 'periodic': 2133} [462s]
  1701800/2098208 {'unbalanced': 1670867, 'untileable6': 28800, 'periodic': 2133} [462s]
  1702000/2098208 {'unbalanced': 1671060, 'untileable6': 28807, 'periodic': 2133} [462s]
  1702200/2098208 {'unbalanced': 1671251, 'untileable6': 28815, 'periodic': 2134} [462s]
  1702400/2098208 {'unbalanced': 1671447, 'untileable6': 28819, 'periodic': 2134} [462s]
  1702600/2098208 {'unbalanced': 1671647, 'untileable6': 28819, 'periodic': 2134} [462s]
  1702800/2098208 {'unbalanced': 1671841, 'untileable6': 28825, 'periodic': 2134} [462s]
  1703000/2098208 {'unbalanced': 1672039, 'untileable6': 28826, 'periodic': 2135} [462s]
  1703200/2098208 {'unbalanced': 1672235, 'untileable6': 28830, 'periodic': 2135} [462s]
  1703400/2098208 {'unbalanced': 1672434, 'untileable6': 28830, 'periodic': 2136} [462s]
  1703600/2098208 {'unbalanced': 1672634, 'untileable6': 28830, 'periodic': 2136} [462s]
  1703800/2098208 {'unbalanced': 1672834, 'untileable6': 28830, 'periodic': 2136} [462s]
  1704000/2098208 {'unbalanced': 1673033, 'untileable6': 28831, 'periodic': 2136} [462s]
  1704200/2098208 {'unbalanced': 1673233, 'untileable6': 28831, 'periodic': 2136} [462s]
  1704400/2098208 {'unbalanced': 1673433, 'untileable6': 28831, 'periodic': 2136} [462s]
  1704600/2098208 {'unbalanced': 1673632, 'untileable6': 28832, 'periodic': 2136} [462s]
  1704800/2098208 {'unbalanced': 1673832, 'untileable6': 28832, 'periodic': 2136} [462s]
  1705000/2098208 {'unbalanced': 1674030, 'untileable6': 28834, 'periodic': 2136} [462s]
  1705200/2098208 {'unbalanced': 1674225, 'untileable6': 28839, 'periodic': 2136} [462s]
  1705400/2098208 {'unbalanced': 1674425, 'untileable6': 28839, 'periodic': 2136} [462s]
  1705600/2098208 {'unbalanced': 1674624, 'untileable6': 28840, 'periodic': 2136} [462s]
  1705800/2098208 {'unbalanced': 1674824, 'untileable6': 28840, 'periodic': 2136} [462s]
  1706000/2098208 {'unbalanced': 1675023, 'untileable6': 28841, 'periodic': 2136} [462s]
  1706200/2098208 {'unbalanced': 1675219, 'untileable6': 28845, 'periodic': 2136} [462s]
  1706400/2098208 {'unbalanced': 1675419, 'untileable6': 28845, 'periodic': 2136} [462s]
  1706600/2098208 {'unbalanced': 1675618, 'untileable6': 28846, 'periodic': 2136} [462s]
  1706800/2098208 {'unbalanced': 1675814, 'untileable6': 28850, 'periodic': 2136} [462s]
  1707000/2098208 {'unbalanced': 1676009, 'untileable6': 28852, 'periodic': 2139} [462s]
  1707200/2098208 {'unbalanced': 1676196, 'untileable6': 28861, 'periodic': 2143} [462s]
  1707400/2098208 {'unbalanced': 1676395, 'untileable6': 28862, 'periodic': 2143} [462s]
  1707600/2098208 {'unbalanced': 1676595, 'untileable6': 28862, 'periodic': 2143} [462s]
  1707800/2098208 {'unbalanced': 1676794, 'untileable6': 28863, 'periodic': 2143} [462s]
  1708000/2098208 {'unbalanced': 1676992, 'untileable6': 28865, 'periodic': 2143} [463s]
  1708200/2098208 {'unbalanced': 1677190, 'untileable6': 28867, 'periodic': 2143} [463s]
  1708400/2098208 {'unbalanced': 1677390, 'untileable6': 28867, 'periodic': 2143} [463s]
  1708600/2098208 {'unbalanced': 1677586, 'untileable6': 28871, 'periodic': 2143} [463s]
  1708800/2098208 {'unbalanced': 1677784, 'untileable6': 28872, 'periodic': 2144} [463s]
  1709000/2098208 {'unbalanced': 1677979, 'untileable6': 28874, 'periodic': 2147} [463s]
  1709200/2098208 {'unbalanced': 1678163, 'untileable6': 28887, 'periodic': 2150} [463s]
  1709400/2098208 {'unbalanced': 1678362, 'untileable6': 28888, 'periodic': 2150} [463s]
  1709600/2098208 {'unbalanced': 1678562, 'untileable6': 28888, 'periodic': 2150} [463s]
  1709800/2098208 {'unbalanced': 1678759, 'untileable6': 28891, 'periodic': 2150} [463s]
  1710000/2098208 {'unbalanced': 1678958, 'untileable6': 28892, 'periodic': 2150} [463s]
  1710200/2098208 {'unbalanced': 1679156, 'untileable6': 28894, 'periodic': 2150} [463s]
  1710400/2098208 {'unbalanced': 1679349, 'untileable6': 28901, 'periodic': 2150} [463s]
  1710600/2098208 {'unbalanced': 1679549, 'untileable6': 28901, 'periodic': 2150} [463s]
  1710800/2098208 {'unbalanced': 1679746, 'untileable6': 28904, 'periodic': 2150} [463s]
  1711000/2098208 {'unbalanced': 1679938, 'untileable6': 28912, 'periodic': 2150} [463s]
  1711200/2098208 {'unbalanced': 1680122, 'untileable6': 28928, 'periodic': 2150} [463s]
  1711400/2098208 {'unbalanced': 1680322, 'untileable6': 28928, 'periodic': 2150} [463s]
  1711600/2098208 {'unbalanced': 1680522, 'untileable6': 28928, 'periodic': 2150} [463s]
  1711800/2098208 {'unbalanced': 1680720, 'untileable6': 28930, 'periodic': 2150} [463s]
  1712000/2098208 {'unbalanced': 1680915, 'untileable6': 28935, 'periodic': 2150} [463s]
  1712200/2098208 {'unbalanced': 1681115, 'untileable6': 28935, 'periodic': 2150} [463s]
  1712400/2098208 {'unbalanced': 1681314, 'untileable6': 28936, 'periodic': 2150} [463s]
  1712600/2098208 {'unbalanced': 1681512, 'untileable6': 28938, 'periodic': 2150} [463s]
  1712800/2098208 {'unbalanced': 1681709, 'untileable6': 28941, 'periodic': 2150} [463s]
  1713000/2098208 {'unbalanced': 1681904, 'untileable6': 28946, 'periodic': 2150} [463s]
  1713200/2098208 {'unbalanced': 1682100, 'untileable6': 28950, 'periodic': 2150} [463s]
  1713400/2098208 {'unbalanced': 1682300, 'untileable6': 28950, 'periodic': 2150} [463s]
  1713600/2098208 {'unbalanced': 1682496, 'untileable6': 28954, 'periodic': 2150} [463s]
  1713800/2098208 {'unbalanced': 1682694, 'untileable6': 28955, 'periodic': 2151} [463s]
  1714000/2098208 {'unbalanced': 1682889, 'untileable6': 28957, 'periodic': 2154} [463s]
  1714200/2098208 {'unbalanced': 1683072, 'untileable6': 28971, 'periodic': 2157} [463s]
  1714400/2098208 {'unbalanced': 1683272, 'untileable6': 28971, 'periodic': 2157} [463s]
  1714600/2098208 {'unbalanced': 1683467, 'untileable6': 28976, 'periodic': 2157} [463s]
  1714800/2098208 {'unbalanced': 1683660, 'untileable6': 28983, 'periodic': 2157} [463s]
  1715000/2098208 {'unbalanced': 1683852, 'untileable6': 28991, 'periodic': 2157} [463s]
  1715200/2098208 {'unbalanced': 1684040, 'untileable6': 29003, 'periodic': 2157} [463s]
  1715400/2098208 {'unbalanced': 1684240, 'untileable6': 29003, 'periodic': 2157} [463s]
  1715600/2098208 {'unbalanced': 1684437, 'untileable6': 29005, 'periodic': 2158} [463s]
  1715800/2098208 {'unbalanced': 1684633, 'untileable6': 29007, 'periodic': 2160} [463s]
  1716000/2098208 {'unbalanced': 1684823, 'untileable6': 29013, 'periodic': 2164} [463s]
  1716200/2098208 {'unbalanced': 1685015, 'untileable6': 29021, 'periodic': 2164} [463s]
  1716400/2098208 {'unbalanced': 1685215, 'untileable6': 29021, 'periodic': 2164} [463s]
  1716600/2098208 {'unbalanced': 1685404, 'untileable6': 29032, 'periodic': 2164} [463s]
  1716800/2098208 {'unbalanced': 1685596, 'untileable6': 29040, 'periodic': 2164} [463s]
  1717000/2098208 {'unbalanced': 1685785, 'untileable6': 29051, 'periodic': 2164} [463s]
  1717200/2098208 {'unbalanced': 1685968, 'untileable6': 29068, 'periodic': 2164} [463s]
  1717400/2098208 {'unbalanced': 1686168, 'untileable6': 29068, 'periodic': 2164} [463s]
  1717600/2098208 {'unbalanced': 1686365, 'untileable6': 29071, 'periodic': 2164} [463s]
  1717800/2098208 {'unbalanced': 1686557, 'untileable6': 29079, 'periodic': 2164} [463s]
  1718000/2098208 {'unbalanced': 1686750, 'untileable6': 29086, 'periodic': 2164} [463s]
  1718200/2098208 {'unbalanced': 1686941, 'untileable6': 29095, 'periodic': 2164} [463s]
  1718400/2098208 {'unbalanced': 1687127, 'untileable6': 29109, 'periodic': 2164} [463s]
  1718600/2098208 {'unbalanced': 1687327, 'untileable6': 29109, 'periodic': 2164} [463s]
  1718800/2098208 {'unbalanced': 1687518, 'untileable6': 29118, 'periodic': 2164} [463s]
  1719000/2098208 {'unbalanced': 1687713, 'untileable6': 29123, 'periodic': 2164} [463s]
  1719200/2098208 {'unbalanced': 1687905, 'untileable6': 29131, 'periodic': 2164} [463s]
  1719400/2098208 {'unbalanced': 1688105, 'untileable6': 29131, 'periodic': 2164} [463s]
  1719600/2098208 {'unbalanced': 1688304, 'untileable6': 29132, 'periodic': 2164} [463s]
  1719800/2098208 {'unbalanced': 1688502, 'untileable6': 29134, 'periodic': 2164} [463s]
  1720000/2098208 {'unbalanced': 1688701, 'untileable6': 29135, 'periodic': 2164} [463s]
  1720200/2098208 {'unbalanced': 1688900, 'untileable6': 29136, 'periodic': 2164} [463s]
  1720400/2098208 {'unbalanced': 1689095, 'untileable6': 29141, 'periodic': 2164} [463s]
  1720600/2098208 {'unbalanced': 1689289, 'untileable6': 29147, 'periodic': 2164} [463s]
  1720800/2098208 {'unbalanced': 1689487, 'untileable6': 29149, 'periodic': 2164} [463s]
  1721000/2098208 {'unbalanced': 1689683, 'untileable6': 29153, 'periodic': 2164} [463s]
  1721200/2098208 {'unbalanced': 1689882, 'untileable6': 29154, 'periodic': 2164} [463s]
  1721400/2098208 {'unbalanced': 1690078, 'untileable6': 29158, 'periodic': 2164} [463s]
  1721600/2098208 {'unbalanced': 1690277, 'untileable6': 29159, 'periodic': 2164} [463s]
  1721800/2098208 {'unbalanced': 1690474, 'untileable6': 29162, 'periodic': 2164} [463s]
  1722000/2098208 {'unbalanced': 1690669, 'untileable6': 29167, 'periodic': 2164} [463s]
  1722200/2098208 {'unbalanced': 1690866, 'untileable6': 29167, 'periodic': 2167} [463s]
  1722400/2098208 {'unbalanced': 1691060, 'untileable6': 29171, 'periodic': 2169} [463s]
  1722600/2098208 {'unbalanced': 1691246, 'untileable6': 29183, 'periodic': 2171} [463s]
  1722800/2098208 {'unbalanced': 1691431, 'untileable6': 29198, 'periodic': 2171} [463s]
  1723000/2098208 {'unbalanced': 1691624, 'untileable6': 29205, 'periodic': 2171} [463s]
  1723200/2098208 {'unbalanced': 1691824, 'untileable6': 29205, 'periodic': 2171} [463s]
  1723400/2098208 {'unbalanced': 1692023, 'untileable6': 29206, 'periodic': 2171} [463s]
  1723600/2098208 {'unbalanced': 1692219, 'untileable6': 29210, 'periodic': 2171} [463s]
  1723800/2098208 {'unbalanced': 1692415, 'untileable6': 29214, 'periodic': 2171} [463s]
  1724000/2098208 {'unbalanced': 1692613, 'untileable6': 29215, 'periodic': 2172} [463s]
  1724200/2098208 {'unbalanced': 1692808, 'untileable6': 29217, 'periodic': 2175} [463s]
  1724400/2098208 {'unbalanced': 1692991, 'untileable6': 29231, 'periodic': 2178} [464s]
  1724600/2098208 {'unbalanced': 1693181, 'untileable6': 29241, 'periodic': 2178} [464s]
  1724800/2098208 {'unbalanced': 1693364, 'untileable6': 29258, 'periodic': 2178} [464s]
  1725000/2098208 {'unbalanced': 1693554, 'untileable6': 29268, 'periodic': 2178} [464s]
  1725200/2098208 {'unbalanced': 1693752, 'untileable6': 29270, 'periodic': 2178} [464s]
  1725400/2098208 {'unbalanced': 1693951, 'untileable6': 29271, 'periodic': 2178} [464s]
  1725600/2098208 {'unbalanced': 1694144, 'untileable6': 29278, 'periodic': 2178} [464s]
  1725800/2098208 {'unbalanced': 1694339, 'untileable6': 29283, 'periodic': 2178} [464s]
  1726000/2098208 {'unbalanced': 1694537, 'untileable6': 29285, 'periodic': 2178} [464s]
  1726200/2098208 {'unbalanced': 1694732, 'untileable6': 29290, 'periodic': 2178} [464s]
  1726400/2098208 {'unbalanced': 1694923, 'untileable6': 29299, 'periodic': 2178} [464s]
  1726600/2098208 {'unbalanced': 1695114, 'untileable6': 29308, 'periodic': 2178} [464s]
  1726800/2098208 {'unbalanced': 1695297, 'untileable6': 29325, 'periodic': 2178} [464s]
  1727000/2098208 {'unbalanced': 1695489, 'untileable6': 29333, 'periodic': 2178} [464s]
  1727200/2098208 {'unbalanced': 1695689, 'untileable6': 29333, 'periodic': 2178} [464s]
  1727400/2098208 {'unbalanced': 1695883, 'untileable6': 29339, 'periodic': 2178} [464s]
  1727600/2098208 {'unbalanced': 1696081, 'untileable6': 29341, 'periodic': 2178} [464s]
  1727800/2098208 {'unbalanced': 1696277, 'untileable6': 29345, 'periodic': 2178} [464s]
  1728000/2098208 {'unbalanced': 1696474, 'untileable6': 29348, 'periodic': 2178} [464s]
  1728200/2098208 {'unbalanced': 1696669, 'untileable6': 29353, 'periodic': 2178} [464s]
  1728400/2098208 {'unbalanced': 1696862, 'untileable6': 29360, 'periodic': 2178} [464s]
  1728600/2098208 {'unbalanced': 1697056, 'untileable6': 29366, 'periodic': 2178} [464s]
  1728800/2098208 {'unbalanced': 1697252, 'untileable6': 29370, 'periodic': 2178} [464s]
  1729000/2098208 {'unbalanced': 1697449, 'untileable6': 29372, 'periodic': 2179} [464s]
  1729200/2098208 {'unbalanced': 1697645, 'untileable6': 29374, 'periodic': 2181} [464s]
  1729400/2098208 {'unbalanced': 1697829, 'untileable6': 29380, 'periodic': 2191} [464s]
  1729600/2098208 {'unbalanced': 1698019, 'untileable6': 29386, 'periodic': 2195} [464s]
  1729800/2098208 {'unbalanced': 1698201, 'untileable6': 29401, 'periodic': 2198} [464s]
  1730000/2098208 {'unbalanced': 1698390, 'untileable6': 29410, 'periodic': 2200} [464s]
  1730200/2098208 {'unbalanced': 1698582, 'untileable6': 29417, 'periodic': 2201} [464s]
  1730400/2098208 {'unbalanced': 1698769, 'untileable6': 29427, 'periodic': 2204} [464s]
  1730600/2098208 {'unbalanced': 1698952, 'untileable6': 29442, 'periodic': 2206} [464s]
  1730800/2098208 {'unbalanced': 1699140, 'untileable6': 29454, 'periodic': 2206} [464s]
  1731000/2098208 {'unbalanced': 1699336, 'untileable6': 29458, 'periodic': 2206} [464s]
  1731200/2098208 {'unbalanced': 1699532, 'untileable6': 29462, 'periodic': 2206} [464s]
  1731400/2098208 {'unbalanced': 1699717, 'untileable6': 29473, 'periodic': 2210} [464s]
  1731600/2098208 {'unbalanced': 1699899, 'untileable6': 29489, 'periodic': 2212} [464s]
  1731800/2098208 {'unbalanced': 1700090, 'untileable6': 29495, 'periodic': 2215} [464s]
  1732000/2098208 {'unbalanced': 1700280, 'untileable6': 29502, 'periodic': 2218} [464s]
  1732200/2098208 {'unbalanced': 1700473, 'untileable6': 29507, 'periodic': 2220} [464s]
  1732400/2098208 {'unbalanced': 1700650, 'untileable6': 29526, 'periodic': 2224} [464s]
  1732600/2098208 {'unbalanced': 1700836, 'untileable6': 29538, 'periodic': 2226} [464s]
  1732800/2098208 {'unbalanced': 1701022, 'untileable6': 29548, 'periodic': 2230} [464s]
  1733000/2098208 {'unbalanced': 1701216, 'untileable6': 29552, 'periodic': 2232} [464s]
  1733200/2098208 {'unbalanced': 1701408, 'untileable6': 29556, 'periodic': 2236} [464s]
  1733400/2098208 {'unbalanced': 1701598, 'untileable6': 29564, 'periodic': 2238} [465s]
  1733600/2098208 {'unbalanced': 1701781, 'untileable6': 29578, 'periodic': 2241} [465s]
  1733800/2098208 {'unbalanced': 1701965, 'untileable6': 29591, 'periodic': 2244} [465s]
  1734000/2098208 {'unbalanced': 1702159, 'untileable6': 29595, 'periodic': 2246} [465s]
  1734200/2098208 {'unbalanced': 1702349, 'untileable6': 29602, 'periodic': 2249} [465s]
  1734400/2098208 {'unbalanced': 1702544, 'untileable6': 29604, 'periodic': 2252} [465s]
  1734600/2098208 {'unbalanced': 1702726, 'untileable6': 29619, 'periodic': 2255} [465s]
  1734800/2098208 {'unbalanced': 1702917, 'untileable6': 29620, 'periodic': 2263} [465s]
  1735000/2098208 {'unbalanced': 1703117, 'untileable6': 29620, 'periodic': 2263} [465s]
  1735200/2098208 {'unbalanced': 1703315, 'untileable6': 29622, 'periodic': 2263} [465s]
  1735400/2098208 {'unbalanced': 1703513, 'untileable6': 29624, 'periodic': 2263} [465s]
  1735600/2098208 {'unbalanced': 1703712, 'untileable6': 29625, 'periodic': 2263} [465s]
  1735800/2098208 {'unbalanced': 1703908, 'untileable6': 29629, 'periodic': 2263} [465s]
  1736000/2098208 {'unbalanced': 1704107, 'untileable6': 29630, 'periodic': 2263} [465s]
  1736200/2098208 {'unbalanced': 1704303, 'untileable6': 29634, 'periodic': 2263} [465s]
  1736400/2098208 {'unbalanced': 1704498, 'untileable6': 29639, 'periodic': 2263} [465s]
  1736600/2098208 {'unbalanced': 1704690, 'untileable6': 29647, 'periodic': 2263} [465s]
  1736800/2098208 {'unbalanced': 1704884, 'untileable6': 29653, 'periodic': 2263} [465s]
  1737000/2098208 {'unbalanced': 1705075, 'untileable6': 29662, 'periodic': 2263} [465s]
  1737200/2098208 {'unbalanced': 1705269, 'untileable6': 29668, 'periodic': 2263} [465s]
  1737400/2098208 {'unbalanced': 1705467, 'untileable6': 29670, 'periodic': 2263} [465s]
  1737600/2098208 {'unbalanced': 1705666, 'untileable6': 29671, 'periodic': 2263} [465s]
  1737800/2098208 {'unbalanced': 1705862, 'untileable6': 29675, 'periodic': 2263} [465s]
  1738000/2098208 {'unbalanced': 1706060, 'untileable6': 29677, 'periodic': 2263} [465s]
  1738200/2098208 {'unbalanced': 1706253, 'untileable6': 29684, 'periodic': 2263} [465s]
  1738400/2098208 {'unbalanced': 1706452, 'untileable6': 29685, 'periodic': 2263} [465s]
  1738600/2098208 {'unbalanced': 1706644, 'untileable6': 29693, 'periodic': 2263} [465s]
  1738800/2098208 {'unbalanced': 1706842, 'untileable6': 29695, 'periodic': 2263} [465s]
  1739000/2098208 {'unbalanced': 1707037, 'untileable6': 29700, 'periodic': 2263} [465s]
  1739200/2098208 {'unbalanced': 1707232, 'untileable6': 29705, 'periodic': 2263} [465s]
  1739400/2098208 {'unbalanced': 1707420, 'untileable6': 29717, 'periodic': 2263} [465s]
  1739600/2098208 {'unbalanced': 1707606, 'untileable6': 29731, 'periodic': 2263} [465s]
  1739800/2098208 {'unbalanced': 1707791, 'untileable6': 29745, 'periodic': 2264} [465s]
  1740000/2098208 {'unbalanced': 1707984, 'untileable6': 29752, 'periodic': 2264} [465s]
  1740200/2098208 {'unbalanced': 1708184, 'untileable6': 29752, 'periodic': 2264} [465s]
  1740400/2098208 {'unbalanced': 1708383, 'untileable6': 29753, 'periodic': 2264} [465s]
  1740600/2098208 {'unbalanced': 1708579, 'untileable6': 29757, 'periodic': 2264} [465s]
  1740800/2098208 {'unbalanced': 1708774, 'untileable6': 29762, 'periodic': 2264} [465s]
  1741000/2098208 {'unbalanced': 1708969, 'untileable6': 29767, 'periodic': 2264} [465s]
  1741200/2098208 {'unbalanced': 1709164, 'untileable6': 29772, 'periodic': 2264} [465s]
  1741400/2098208 {'unbalanced': 1709362, 'untileable6': 29774, 'periodic': 2264} [465s]
  1741600/2098208 {'unbalanced': 1709556, 'untileable6': 29780, 'periodic': 2264} [465s]
  1741800/2098208 {'unbalanced': 1709748, 'untileable6': 29788, 'periodic': 2264} [465s]
  1742000/2098208 {'unbalanced': 1709930, 'untileable6': 29806, 'periodic': 2264} [465s]
  1742200/2098208 {'unbalanced': 1710121, 'untileable6': 29814, 'periodic': 2265} [465s]
  1742400/2098208 {'unbalanced': 1710303, 'untileable6': 29831, 'periodic': 2266} [465s]
  1742600/2098208 {'unbalanced': 1710492, 'untileable6': 29842, 'periodic': 2266} [465s]
  1742800/2098208 {'unbalanced': 1710691, 'untileable6': 29843, 'periodic': 2266} [465s]
  1743000/2098208 {'unbalanced': 1710887, 'untileable6': 29847, 'periodic': 2266} [465s]
  1743200/2098208 {'unbalanced': 1711081, 'untileable6': 29852, 'periodic': 2267} [465s]
  1743400/2098208 {'unbalanced': 1711279, 'untileable6': 29854, 'periodic': 2267} [465s]
  1743600/2098208 {'unbalanced': 1711470, 'untileable6': 29862, 'periodic': 2268} [465s]
  1743800/2098208 {'unbalanced': 1711665, 'untileable6': 29867, 'periodic': 2268} [465s]
  1744000/2098208 {'unbalanced': 1711862, 'untileable6': 29870, 'periodic': 2268} [465s]
  1744200/2098208 {'unbalanced': 1712056, 'untileable6': 29876, 'periodic': 2268} [465s]
  1744400/2098208 {'unbalanced': 1712250, 'untileable6': 29882, 'periodic': 2268} [465s]
  1744600/2098208 {'unbalanced': 1712442, 'untileable6': 29890, 'periodic': 2268} [465s]
  1744800/2098208 {'unbalanced': 1712630, 'untileable6': 29901, 'periodic': 2269} [465s]
  1745000/2098208 {'unbalanced': 1712813, 'untileable6': 29918, 'periodic': 2269} [466s]
  1745200/2098208 {'unbalanced': 1712999, 'untileable6': 29932, 'periodic': 2269} [466s]
  1745400/2098208 {'unbalanced': 1713196, 'untileable6': 29935, 'periodic': 2269} [466s]
  1745600/2098208 {'unbalanced': 1713394, 'untileable6': 29937, 'periodic': 2269} [466s]
  1745800/2098208 {'unbalanced': 1713588, 'untileable6': 29943, 'periodic': 2269} [466s]
  1746000/2098208 {'unbalanced': 1713781, 'untileable6': 29949, 'periodic': 2270} [466s]
  1746200/2098208 {'unbalanced': 1713976, 'untileable6': 29954, 'periodic': 2270} [466s]
  1746400/2098208 {'unbalanced': 1714170, 'untileable6': 29960, 'periodic': 2270} [466s]
  1746600/2098208 {'unbalanced': 1714366, 'untileable6': 29964, 'periodic': 2270} [466s]
  1746800/2098208 {'unbalanced': 1714563, 'untileable6': 29967, 'periodic': 2270} [466s]
  1747000/2098208 {'unbalanced': 1714753, 'untileable6': 29976, 'periodic': 2271} [466s]
  1747200/2098208 {'unbalanced': 1714947, 'untileable6': 29982, 'periodic': 2271} [466s]
  1747400/2098208 {'unbalanced': 1715139, 'untileable6': 29989, 'periodic': 2272} [466s]
  1747600/2098208 {'unbalanced': 1715332, 'untileable6': 29996, 'periodic': 2272} [466s]
  1747800/2098208 {'unbalanced': 1715526, 'untileable6': 30002, 'periodic': 2272} [466s]
  1748000/2098208 {'unbalanced': 1715725, 'untileable6': 30003, 'periodic': 2272} [466s]
  1748200/2098208 {'unbalanced': 1715920, 'untileable6': 30008, 'periodic': 2272} [466s]
  1748400/2098208 {'unbalanced': 1716103, 'untileable6': 30016, 'periodic': 2281} [466s]
  1748600/2098208 {'unbalanced': 1716293, 'untileable6': 30026, 'periodic': 2281} [466s]
  1748800/2098208 {'unbalanced': 1716473, 'untileable6': 30044, 'periodic': 2283} [466s]
  1749000/2098208 {'unbalanced': 1716663, 'untileable6': 30054, 'periodic': 2283} [466s]
  1749200/2098208 {'unbalanced': 1716853, 'untileable6': 30064, 'periodic': 2283} [466s]
  1749400/2098208 {'unbalanced': 1717045, 'untileable6': 30072, 'periodic': 2283} [466s]
  1749600/2098208 {'unbalanced': 1717236, 'untileable6': 30081, 'periodic': 2283} [466s]
  1749800/2098208 {'unbalanced': 1717428, 'untileable6': 30089, 'periodic': 2283} [466s]
  1750000/2098208 {'unbalanced': 1717608, 'untileable6': 30108, 'periodic': 2284} [466s]
  1750200/2098208 {'unbalanced': 1717799, 'untileable6': 30117, 'periodic': 2284} [466s]
  1750400/2098208 {'unbalanced': 1717985, 'untileable6': 30131, 'periodic': 2284} [466s]
  1750600/2098208 {'unbalanced': 1718179, 'untileable6': 30137, 'periodic': 2284} [466s]
  1750800/2098208 {'unbalanced': 1718377, 'untileable6': 30139, 'periodic': 2284} [466s]
  1751000/2098208 {'unbalanced': 1718566, 'untileable6': 30150, 'periodic': 2284} [466s]
  1751200/2098208 {'unbalanced': 1718751, 'untileable6': 30164, 'periodic': 2285} [466s]
  1751400/2098208 {'unbalanced': 1718932, 'untileable6': 30182, 'periodic': 2286} [466s]
  1751600/2098208 {'unbalanced': 1719124, 'untileable6': 30190, 'periodic': 2286} [466s]
  1751800/2098208 {'unbalanced': 1719314, 'untileable6': 30200, 'periodic': 2286} [466s]
  1752000/2098208 {'unbalanced': 1719505, 'untileable6': 30209, 'periodic': 2286} [466s]
  1752200/2098208 {'unbalanced': 1719697, 'untileable6': 30217, 'periodic': 2286} [466s]
  1752400/2098208 {'unbalanced': 1719883, 'untileable6': 30230, 'periodic': 2287} [466s]
  1752600/2098208 {'unbalanced': 1720069, 'untileable6': 30244, 'periodic': 2287} [466s]
  1752800/2098208 {'unbalanced': 1720255, 'untileable6': 30258, 'periodic': 2287} [466s]
  1753000/2098208 {'unbalanced': 1720441, 'untileable6': 30272, 'periodic': 2287} [466s]
  1753200/2098208 {'unbalanced': 1720631, 'untileable6': 30282, 'periodic': 2287} [466s]
  1753400/2098208 {'unbalanced': 1720827, 'untileable6': 30286, 'periodic': 2287} [466s]
  1753600/2098208 {'unbalanced': 1721019, 'untileable6': 30294, 'periodic': 2287} [466s]
  1753800/2098208 {'unbalanced': 1721206, 'untileable6': 30306, 'periodic': 2288} [467s]
  1754000/2098208 {'unbalanced': 1721393, 'untileable6': 30319, 'periodic': 2288} [467s]
  1754200/2098208 {'unbalanced': 1721582, 'untileable6': 30329, 'periodic': 2289} [467s]
  1754400/2098208 {'unbalanced': 1721770, 'untileable6': 30341, 'periodic': 2289} [467s]
  1754600/2098208 {'unbalanced': 1721964, 'untileable6': 30347, 'periodic': 2289} [467s]
  1754800/2098208 {'unbalanced': 1722156, 'untileable6': 30355, 'periodic': 2289} [467s]
  1755000/2098208 {'unbalanced': 1722348, 'untileable6': 30363, 'periodic': 2289} [467s]
  1755200/2098208 {'unbalanced': 1722546, 'untileable6': 30365, 'periodic': 2289} [467s]
  1755400/2098208 {'unbalanced': 1722729, 'untileable6': 30381, 'periodic': 2290} [467s]
  1755600/2098208 {'unbalanced': 1722923, 'untileable6': 30387, 'periodic': 2290} [467s]
  1755800/2098208 {'unbalanced': 1723112, 'untileable6': 30398, 'periodic': 2290} [467s]
  1756000/2098208 {'unbalanced': 1723312, 'untileable6': 30398, 'periodic': 2290} [467s]
  1756200/2098208 {'unbalanced': 1723511, 'untileable6': 30399, 'periodic': 2290} [467s]
  1756400/2098208 {'unbalanced': 1723707, 'untileable6': 30402, 'periodic': 2291} [467s]
  1756600/2098208 {'unbalanced': 1723907, 'untileable6': 30402, 'periodic': 2291} [467s]
  1756800/2098208 {'unbalanced': 1724107, 'untileable6': 30402, 'periodic': 2291} [467s]
  1757000/2098208 {'unbalanced': 1724303, 'untileable6': 30406, 'periodic': 2291} [467s]
  1757200/2098208 {'unbalanced': 1724493, 'untileable6': 30416, 'periodic': 2291} [467s]
  1757400/2098208 {'unbalanced': 1724689, 'untileable6': 30419, 'periodic': 2292} [467s]
  1757600/2098208 {'unbalanced': 1724883, 'untileable6': 30425, 'periodic': 2292} [467s]
  1757800/2098208 {'unbalanced': 1725080, 'untileable6': 30427, 'periodic': 2293} [467s]
  1758000/2098208 {'unbalanced': 1725274, 'untileable6': 30433, 'periodic': 2293} [467s]
  1758200/2098208 {'unbalanced': 1725474, 'untileable6': 30433, 'periodic': 2293} [467s]
  1758400/2098208 {'unbalanced': 1725674, 'untileable6': 30433, 'periodic': 2293} [467s]
  1758600/2098208 {'unbalanced': 1725870, 'untileable6': 30437, 'periodic': 2293} [467s]
  1758800/2098208 {'unbalanced': 1726068, 'untileable6': 30439, 'periodic': 2293} [467s]
  1759000/2098208 {'unbalanced': 1726267, 'untileable6': 30440, 'periodic': 2293} [467s]
  1759200/2098208 {'unbalanced': 1726459, 'untileable6': 30447, 'periodic': 2294} [467s]
  1759400/2098208 {'unbalanced': 1726657, 'untileable6': 30449, 'periodic': 2294} [467s]
  1759600/2098208 {'unbalanced': 1726857, 'untileable6': 30449, 'periodic': 2294} [467s]
  1759800/2098208 {'unbalanced': 1727055, 'untileable6': 30451, 'periodic': 2294} [467s]
  1760000/2098208 {'unbalanced': 1727241, 'untileable6': 30465, 'periodic': 2294} [467s]
  1760200/2098208 {'unbalanced': 1727421, 'untileable6': 30484, 'periodic': 2295} [467s]
  1760400/2098208 {'unbalanced': 1727613, 'untileable6': 30491, 'periodic': 2296} [467s]
  1760600/2098208 {'unbalanced': 1727803, 'untileable6': 30501, 'periodic': 2296} [467s]
  1760800/2098208 {'unbalanced': 1727995, 'untileable6': 30509, 'periodic': 2296} [467s]
  1761000/2098208 {'unbalanced': 1728195, 'untileable6': 30509, 'periodic': 2296} [467s]
  1761200/2098208 {'unbalanced': 1728394, 'untileable6': 30510, 'periodic': 2296} [467s]
  1761400/2098208 {'unbalanced': 1728593, 'untileable6': 30511, 'periodic': 2296} [467s]
  1761600/2098208 {'unbalanced': 1728791, 'untileable6': 30513, 'periodic': 2296} [467s]
  1761800/2098208 {'unbalanced': 1728983, 'untileable6': 30520, 'periodic': 2297} [467s]
  1762000/2098208 {'unbalanced': 1729183, 'untileable6': 30520, 'periodic': 2297} [467s]
  1762200/2098208 {'unbalanced': 1729383, 'untileable6': 30520, 'periodic': 2297} [467s]
  1762400/2098208 {'unbalanced': 1729574, 'untileable6': 30529, 'periodic': 2297} [467s]
  1762600/2098208 {'unbalanced': 1729755, 'untileable6': 30547, 'periodic': 2298} [467s]
  1762800/2098208 {'unbalanced': 1729944, 'untileable6': 30558, 'periodic': 2298} [467s]
  1763000/2098208 {'unbalanced': 1730134, 'untileable6': 30567, 'periodic': 2299} [467s]
  1763200/2098208 {'unbalanced': 1730328, 'untileable6': 30573, 'periodic': 2299} [467s]
  1763400/2098208 {'unbalanced': 1730516, 'untileable6': 30584, 'periodic': 2300} [467s]
  1763600/2098208 {'unbalanced': 1730716, 'untileable6': 30584, 'periodic': 2300} [467s]
  1763800/2098208 {'unbalanced': 1730916, 'untileable6': 30584, 'periodic': 2300} [467s]
  1764000/2098208 {'unbalanced': 1731108, 'untileable6': 30592, 'periodic': 2300} [467s]
  1764200/2098208 {'unbalanced': 1731308, 'untileable6': 30592, 'periodic': 2300} [467s]
  1764400/2098208 {'unbalanced': 1731504, 'untileable6': 30595, 'periodic': 2301} [467s]
  1764600/2098208 {'unbalanced': 1731701, 'untileable6': 30597, 'periodic': 2302} [467s]
  1764800/2098208 {'unbalanced': 1731897, 'untileable6': 30601, 'periodic': 2302} [467s]
  1765000/2098208 {'unbalanced': 1732097, 'untileable6': 30601, 'periodic': 2302} [467s]
  1765200/2098208 {'unbalanced': 1732297, 'untileable6': 30601, 'periodic': 2302} [467s]
  1765400/2098208 {'unbalanced': 1732485, 'untileable6': 30613, 'periodic': 2302} [467s]
  1765600/2098208 {'unbalanced': 1732668, 'untileable6': 30630, 'periodic': 2302} [467s]
  1765800/2098208 {'unbalanced': 1732862, 'untileable6': 30635, 'periodic': 2303} [467s]
  1766000/2098208 {'unbalanced': 1733057, 'untileable6': 30640, 'periodic': 2303} [467s]
  1766200/2098208 {'unbalanced': 1733251, 'untileable6': 30646, 'periodic': 2303} [467s]
  1766400/2098208 {'unbalanced': 1733451, 'untileable6': 30646, 'periodic': 2303} [467s]
  1766600/2098208 {'unbalanced': 1733650, 'untileable6': 30647, 'periodic': 2303} [467s]
  1766800/2098208 {'unbalanced': 1733845, 'untileable6': 30652, 'periodic': 2303} [467s]
  1767000/2098208 {'unbalanced': 1734040, 'untileable6': 30656, 'periodic': 2304} [467s]
  1767200/2098208 {'unbalanced': 1734240, 'untileable6': 30656, 'periodic': 2304} [467s]
  1767400/2098208 {'unbalanced': 1734440, 'untileable6': 30656, 'periodic': 2304} [467s]
  1767600/2098208 {'unbalanced': 1734630, 'untileable6': 30666, 'periodic': 2304} [467s]
  1767800/2098208 {'unbalanced': 1734824, 'untileable6': 30672, 'periodic': 2304} [467s]
  1768000/2098208 {'unbalanced': 1735020, 'untileable6': 30675, 'periodic': 2305} [467s]
  1768200/2098208 {'unbalanced': 1735216, 'untileable6': 30679, 'periodic': 2305} [467s]
  1768400/2098208 {'unbalanced': 1735411, 'untileable6': 30683, 'periodic': 2306} [468s]
  1768600/2098208 {'unbalanced': 1735609, 'untileable6': 30685, 'periodic': 2306} [468s]
  1768800/2098208 {'unbalanced': 1735809, 'untileable6': 30685, 'periodic': 2306} [468s]
  1769000/2098208 {'unbalanced': 1736002, 'untileable6': 30692, 'periodic': 2306} [468s]
  1769200/2098208 {'unbalanced': 1736184, 'untileable6': 30709, 'periodic': 2307} [468s]
  1769400/2098208 {'unbalanced': 1736377, 'untileable6': 30715, 'periodic': 2308} [468s]
  1769600/2098208 {'unbalanced': 1736567, 'untileable6': 30725, 'periodic': 2308} [468s]
  1769800/2098208 {'unbalanced': 1736759, 'untileable6': 30732, 'periodic': 2309} [468s]
  1770000/2098208 {'unbalanced': 1736952, 'untileable6': 30739, 'periodic': 2309} [468s]
  1770200/2098208 {'unbalanced': 1737152, 'untileable6': 30739, 'periodic': 2309} [468s]
  1770400/2098208 {'unbalanced': 1737351, 'untileable6': 30740, 'periodic': 2309} [468s]
  1770600/2098208 {'unbalanced': 1737530, 'untileable6': 30761, 'periodic': 2309} [468s]
  1770800/2098208 {'unbalanced': 1737720, 'untileable6': 30770, 'periodic': 2310} [468s]
  1771000/2098208 {'unbalanced': 1737914, 'untileable6': 30776, 'periodic': 2310} [468s]
  1771200/2098208 {'unbalanced': 1738109, 'untileable6': 30781, 'periodic': 2310} [468s]
  1771400/2098208 {'unbalanced': 1738302, 'untileable6': 30788, 'periodic': 2310} [468s]
  1771600/2098208 {'unbalanced': 1738500, 'untileable6': 30790, 'periodic': 2310} [468s]
  1771800/2098208 {'unbalanced': 1738684, 'untileable6': 30805, 'periodic': 2311} [468s]
  1772000/2098208 {'unbalanced': 1738876, 'untileable6': 30813, 'periodic': 2311} [468s]
  1772200/2098208 {'unbalanced': 1739067, 'untileable6': 30822, 'periodic': 2311} [468s]
  1772400/2098208 {'unbalanced': 1739258, 'untileable6': 30830, 'periodic': 2312} [468s]
  1772600/2098208 {'unbalanced': 1739457, 'untileable6': 30831, 'periodic': 2312} [468s]
  1772800/2098208 {'unbalanced': 1739657, 'untileable6': 30831, 'periodic': 2312} [468s]
  1773000/2098208 {'unbalanced': 1739845, 'untileable6': 30843, 'periodic': 2312} [468s]
  1773200/2098208 {'unbalanced': 1740030, 'untileable6': 30857, 'periodic': 2313} [468s]
  1773400/2098208 {'unbalanced': 1740223, 'untileable6': 30864, 'periodic': 2313} [468s]
  1773600/2098208 {'unbalanced': 1740417, 'untileable6': 30870, 'periodic': 2313} [468s]
  1773800/2098208 {'unbalanced': 1740613, 'untileable6': 30874, 'periodic': 2313} [468s]
  1774000/2098208 {'unbalanced': 1740803, 'untileable6': 30883, 'periodic': 2314} [468s]
  1774200/2098208 {'unbalanced': 1741003, 'untileable6': 30883, 'periodic': 2314} [468s]
  1774400/2098208 {'unbalanced': 1741195, 'untileable6': 30891, 'periodic': 2314} [468s]
  1774600/2098208 {'unbalanced': 1741381, 'untileable6': 30904, 'periodic': 2315} [468s]
  1774800/2098208 {'unbalanced': 1741577, 'untileable6': 30908, 'periodic': 2315} [468s]
  1775000/2098208 {'unbalanced': 1741771, 'untileable6': 30914, 'periodic': 2315} [468s]
  1775200/2098208 {'unbalanced': 1741966, 'untileable6': 30919, 'periodic': 2315} [468s]
  1775400/2098208 {'unbalanced': 1742160, 'untileable6': 30924, 'periodic': 2316} [468s]
  1775600/2098208 {'unbalanced': 1742360, 'untileable6': 30924, 'periodic': 2316} [468s]
  1775800/2098208 {'unbalanced': 1742557, 'untileable6': 30927, 'periodic': 2316} [468s]
  1776000/2098208 {'unbalanced': 1742743, 'untileable6': 30941, 'periodic': 2316} [468s]
  1776200/2098208 {'unbalanced': 1742937, 'untileable6': 30946, 'periodic': 2317} [468s]
  1776400/2098208 {'unbalanced': 1743131, 'untileable6': 30952, 'periodic': 2317} [468s]
  1776600/2098208 {'unbalanced': 1743329, 'untileable6': 30954, 'periodic': 2317} [468s]
  1776800/2098208 {'unbalanced': 1743526, 'untileable6': 30956, 'periodic': 2318} [468s]
  1777000/2098208 {'unbalanced': 1743726, 'untileable6': 30956, 'periodic': 2318} [468s]
  1777200/2098208 {'unbalanced': 1743922, 'untileable6': 30960, 'periodic': 2318} [468s]
  1777400/2098208 {'unbalanced': 1744121, 'untileable6': 30961, 'periodic': 2318} [468s]
  1777600/2098208 {'unbalanced': 1744314, 'untileable6': 30968, 'periodic': 2318} [468s]
  1777800/2098208 {'unbalanced': 1744506, 'untileable6': 30976, 'periodic': 2318} [468s]
  1778000/2098208 {'unbalanced': 1744706, 'untileable6': 30976, 'periodic': 2318} [468s]
  1778200/2098208 {'unbalanced': 1744905, 'untileable6': 30977, 'periodic': 2318} [468s]
  1778400/2098208 {'unbalanced': 1745101, 'untileable6': 30981, 'periodic': 2318} [468s]
  1778600/2098208 {'unbalanced': 1745298, 'untileable6': 30984, 'periodic': 2318} [468s]
  1778800/2098208 {'unbalanced': 1745494, 'untileable6': 30988, 'periodic': 2318} [468s]
  1779000/2098208 {'unbalanced': 1745688, 'untileable6': 30994, 'periodic': 2318} [468s]
  1779200/2098208 {'unbalanced': 1745879, 'untileable6': 31003, 'periodic': 2318} [468s]
  1779400/2098208 {'unbalanced': 1746075, 'untileable6': 31007, 'periodic': 2318} [468s]
  1779600/2098208 {'unbalanced': 1746274, 'untileable6': 31008, 'periodic': 2318} [468s]
  1779800/2098208 {'unbalanced': 1746470, 'untileable6': 31012, 'periodic': 2318} [468s]
  1780000/2098208 {'unbalanced': 1746667, 'untileable6': 31015, 'periodic': 2318} [468s]
  1780200/2098208 {'unbalanced': 1746860, 'untileable6': 31022, 'periodic': 2318} [468s]
  1780400/2098208 {'unbalanced': 1747051, 'untileable6': 31031, 'periodic': 2318} [468s]
  1780600/2098208 {'unbalanced': 1747237, 'untileable6': 31045, 'periodic': 2318} [468s]
  1780800/2098208 {'unbalanced': 1747431, 'untileable6': 31051, 'periodic': 2318} [468s]
  1781000/2098208 {'unbalanced': 1747631, 'untileable6': 31051, 'periodic': 2318} [468s]
  1781200/2098208 {'unbalanced': 1747830, 'untileable6': 31052, 'periodic': 2318} [468s]
  1781400/2098208 {'unbalanced': 1748018, 'untileable6': 31064, 'periodic': 2318} [468s]
  1781600/2098208 {'unbalanced': 1748212, 'untileable6': 31070, 'periodic': 2318} [468s]
  1781800/2098208 {'unbalanced': 1748405, 'untileable6': 31077, 'periodic': 2318} [468s]
  1782000/2098208 {'unbalanced': 1748592, 'untileable6': 31089, 'periodic': 2319} [469s]
  1782200/2098208 {'unbalanced': 1748786, 'untileable6': 31095, 'periodic': 2319} [469s]
  1782400/2098208 {'unbalanced': 1748985, 'untileable6': 31096, 'periodic': 2319} [469s]
  1782600/2098208 {'unbalanced': 1749183, 'untileable6': 31098, 'periodic': 2319} [469s]
  1782800/2098208 {'unbalanced': 1749376, 'untileable6': 31105, 'periodic': 2319} [469s]
  1783000/2098208 {'unbalanced': 1749569, 'untileable6': 31112, 'periodic': 2319} [469s]
  1783200/2098208 {'unbalanced': 1749757, 'untileable6': 31124, 'periodic': 2319} [469s]
  1783400/2098208 {'unbalanced': 1749945, 'untileable6': 31136, 'periodic': 2319} [469s]
  1783600/2098208 {'unbalanced': 1750145, 'untileable6': 31136, 'periodic': 2319} [469s]
  1783800/2098208 {'unbalanced': 1750345, 'untileable6': 31136, 'periodic': 2319} [469s]
  1784000/2098208 {'unbalanced': 1750534, 'untileable6': 31146, 'periodic': 2320} [469s]
  1784200/2098208 {'unbalanced': 1750728, 'untileable6': 31152, 'periodic': 2320} [469s]
  1784400/2098208 {'unbalanced': 1750919, 'untileable6': 31160, 'periodic': 2321} [469s]
  1784600/2098208 {'unbalanced': 1751111, 'untileable6': 31167, 'periodic': 2322} [469s]
  1784800/2098208 {'unbalanced': 1751291, 'untileable6': 31187, 'periodic': 2322} [469s]
  1785000/2098208 {'unbalanced': 1751489, 'untileable6': 31189, 'periodic': 2322} [469s]
  1785200/2098208 {'unbalanced': 1751687, 'untileable6': 31191, 'periodic': 2322} [469s]
  1785400/2098208 {'unbalanced': 1751880, 'untileable6': 31197, 'periodic': 2323} [469s]
  1785600/2098208 {'unbalanced': 1752074, 'untileable6': 31203, 'periodic': 2323} [469s]
  1785800/2098208 {'unbalanced': 1752266, 'untileable6': 31210, 'periodic': 2324} [469s]
  1786000/2098208 {'unbalanced': 1752457, 'untileable6': 31219, 'periodic': 2324} [469s]
  1786200/2098208 {'unbalanced': 1752644, 'untileable6': 31232, 'periodic': 2324} [469s]
  1786400/2098208 {'unbalanced': 1752834, 'untileable6': 31242, 'periodic': 2324} [469s]
  1786600/2098208 {'unbalanced': 1753034, 'untileable6': 31242, 'periodic': 2324} [469s]
  1786800/2098208 {'unbalanced': 1753234, 'untileable6': 31242, 'periodic': 2324} [469s]
  1787000/2098208 {'unbalanced': 1753424, 'untileable6': 31251, 'periodic': 2325} [469s]
  1787200/2098208 {'unbalanced': 1753619, 'untileable6': 31256, 'periodic': 2325} [469s]
  1787400/2098208 {'unbalanced': 1753815, 'untileable6': 31260, 'periodic': 2325} [469s]
  1787600/2098208 {'unbalanced': 1754001, 'untileable6': 31274, 'periodic': 2325} [469s]
  1787800/2098208 {'unbalanced': 1754201, 'untileable6': 31274, 'periodic': 2325} [469s]
  1788000/2098208 {'unbalanced': 1754397, 'untileable6': 31278, 'periodic': 2325} [469s]
  1788200/2098208 {'unbalanced': 1754593, 'untileable6': 31281, 'periodic': 2326} [469s]
  1788400/2098208 {'unbalanced': 1754789, 'untileable6': 31285, 'periodic': 2326} [469s]
  1788600/2098208 {'unbalanced': 1754982, 'untileable6': 31292, 'periodic': 2326} [469s]
  1788800/2098208 {'unbalanced': 1755177, 'untileable6': 31297, 'periodic': 2326} [469s]
  1789000/2098208 {'unbalanced': 1755377, 'untileable6': 31297, 'periodic': 2326} [469s]
  1789200/2098208 {'unbalanced': 1755577, 'untileable6': 31297, 'periodic': 2326} [469s]
  1789400/2098208 {'unbalanced': 1755773, 'untileable6': 31300, 'periodic': 2327} [469s]
  1789600/2098208 {'unbalanced': 1755973, 'untileable6': 31300, 'periodic': 2327} [469s]
  1789800/2098208 {'unbalanced': 1756170, 'untileable6': 31302, 'periodic': 2328} [469s]
  1790000/2098208 {'unbalanced': 1756368, 'untileable6': 31304, 'periodic': 2328} [469s]
  1790200/2098208 {'unbalanced': 1756564, 'untileable6': 31308, 'periodic': 2328} [469s]
  1790400/2098208 {'unbalanced': 1756764, 'untileable6': 31308, 'periodic': 2328} [469s]
  1790600/2098208 {'unbalanced': 1756962, 'untileable6': 31310, 'periodic': 2328} [469s]
  1790800/2098208 {'unbalanced': 1757152, 'untileable6': 31319, 'periodic': 2329} [469s]
  1791000/2098208 {'unbalanced': 1757341, 'untileable6': 31330, 'periodic': 2329} [469s]
  1791200/2098208 {'unbalanced': 1757534, 'untileable6': 31336, 'periodic': 2330} [469s]
  1791400/2098208 {'unbalanced': 1757720, 'untileable6': 31349, 'periodic': 2331} [469s]
  1791600/2098208 {'unbalanced': 1757906, 'untileable6': 31363, 'periodic': 2331} [469s]
  1791800/2098208 {'unbalanced': 1758101, 'untileable6': 31368, 'periodic': 2331} [469s]
  1792000/2098208 {'unbalanced': 1758301, 'untileable6': 31368, 'periodic': 2331} [469s]
  1792200/2098208 {'unbalanced': 1758501, 'untileable6': 31368, 'periodic': 2331} [469s]
  1792400/2098208 {'unbalanced': 1758696, 'untileable6': 31372, 'periodic': 2332} [469s]
  1792600/2098208 {'unbalanced': 1758895, 'untileable6': 31373, 'periodic': 2332} [469s]
  1792800/2098208 {'unbalanced': 1759093, 'untileable6': 31375, 'periodic': 2332} [469s]
  1793000/2098208 {'unbalanced': 1759287, 'untileable6': 31381, 'periodic': 2332} [469s]
  1793200/2098208 {'unbalanced': 1759487, 'untileable6': 31381, 'periodic': 2332} [469s]
  1793400/2098208 {'unbalanced': 1759680, 'untileable6': 31388, 'periodic': 2332} [469s]
  1793600/2098208 {'unbalanced': 1759868, 'untileable6': 31400, 'periodic': 2332} [469s]
  1793800/2098208 {'unbalanced': 1760062, 'untileable6': 31406, 'periodic': 2332} [469s]
  1794000/2098208 {'unbalanced': 1760252, 'untileable6': 31414, 'periodic': 2334} [469s]
  1794200/2098208 {'unbalanced': 1760435, 'untileable6': 31431, 'periodic': 2334} [469s]
  1794400/2098208 {'unbalanced': 1760626, 'untileable6': 31440, 'periodic': 2334} [469s]
  1794600/2098208 {'unbalanced': 1760826, 'untileable6': 31440, 'periodic': 2334} [469s]
  1794800/2098208 {'unbalanced': 1761026, 'untileable6': 31440, 'periodic': 2334} [469s]
  1795000/2098208 {'unbalanced': 1761221, 'untileable6': 31444, 'periodic': 2335} [469s]
  1795200/2098208 {'unbalanced': 1761420, 'untileable6': 31445, 'periodic': 2335} [469s]
  1795400/2098208 {'unbalanced': 1761619, 'untileable6': 31446, 'periodic': 2335} [469s]
  1795600/2098208 {'unbalanced': 1761816, 'untileable6': 31448, 'periodic': 2336} [469s]
  1795800/2098208 {'unbalanced': 1762007, 'untileable6': 31457, 'periodic': 2336} [469s]
  1796000/2098208 {'unbalanced': 1762207, 'untileable6': 31457, 'periodic': 2336} [469s]
  1796200/2098208 {'unbalanced': 1762407, 'untileable6': 31457, 'periodic': 2336} [469s]
  1796400/2098208 {'unbalanced': 1762597, 'untileable6': 31466, 'periodic': 2337} [470s]
  1796600/2098208 {'unbalanced': 1762793, 'untileable6': 31470, 'periodic': 2337} [470s]
  1796800/2098208 {'unbalanced': 1762984, 'untileable6': 31478, 'periodic': 2338} [470s]
  1797000/2098208 {'unbalanced': 1763180, 'untileable6': 31482, 'periodic': 2338} [470s]
  1797200/2098208 {'unbalanced': 1763364, 'untileable6': 31498, 'periodic': 2338} [470s]
  1797400/2098208 {'unbalanced': 1763560, 'untileable6': 31502, 'periodic': 2338} [470s]
  1797600/2098208 {'unbalanced': 1763760, 'untileable6': 31502, 'periodic': 2338} [470s]
  1797800/2098208 {'unbalanced': 1763960, 'untileable6': 31502, 'periodic': 2338} [470s]
  1798000/2098208 {'unbalanced': 1764157, 'untileable6': 31504, 'periodic': 2339} [470s]
  1798200/2098208 {'unbalanced': 1764356, 'untileable6': 31505, 'periodic': 2339} [470s]
  1798400/2098208 {'unbalanced': 1764555, 'untileable6': 31506, 'periodic': 2339} [470s]
  1798600/2098208 {'unbalanced': 1764751, 'untileable6': 31510, 'periodic': 2339} [470s]
  1798800/2098208 {'unbalanced': 1764949, 'untileable6': 31512, 'periodic': 2339} [470s]
  1799000/2098208 {'unbalanced': 1765141, 'untileable6': 31520, 'periodic': 2339} [470s]
  1799200/2098208 {'unbalanced': 1765334, 'untileable6': 31526, 'periodic': 2340} [470s]
  1799400/2098208 {'unbalanced': 1765529, 'untileable6': 31531, 'periodic': 2340} [470s]
  1799600/2098208 {'unbalanced': 1765723, 'untileable6': 31537, 'periodic': 2340} [470s]
  1799800/2098208 {'unbalanced': 1765919, 'untileable6': 31541, 'periodic': 2340} [470s]
  1800000/2098208 {'unbalanced': 1766115, 'untileable6': 31545, 'periodic': 2340} [470s]
  1800200/2098208 {'unbalanced': 1766305, 'untileable6': 31554, 'periodic': 2341} [470s]
  1800400/2098208 {'unbalanced': 1766499, 'untileable6': 31560, 'periodic': 2341} [470s]
  1800600/2098208 {'unbalanced': 1766690, 'untileable6': 31568, 'periodic': 2342} [470s]
  1800800/2098208 {'unbalanced': 1766884, 'untileable6': 31574, 'periodic': 2342} [470s]
  1801000/2098208 {'unbalanced': 1767078, 'untileable6': 31580, 'periodic': 2342} [470s]
  1801200/2098208 {'unbalanced': 1767275, 'untileable6': 31583, 'periodic': 2342} [470s]
  1801400/2098208 {'unbalanced': 1767471, 'untileable6': 31587, 'periodic': 2342} [470s]
  1801600/2098208 {'unbalanced': 1767657, 'untileable6': 31595, 'periodic': 2348} [470s]
  1801800/2098208 {'unbalanced': 1767844, 'untileable6': 31606, 'periodic': 2350} [470s]
  1802000/2098208 {'unbalanced': 1768027, 'untileable6': 31622, 'periodic': 2351} [470s]
  1802200/2098208 {'unbalanced': 1768214, 'untileable6': 31635, 'periodic': 2351} [470s]
  1802400/2098208 {'unbalanced': 1768406, 'untileable6': 31643, 'periodic': 2351} [470s]
  1802600/2098208 {'unbalanced': 1768598, 'untileable6': 31651, 'periodic': 2351} [470s]
  1802800/2098208 {'unbalanced': 1768785, 'untileable6': 31664, 'periodic': 2351} [470s]
  1803000/2098208 {'unbalanced': 1768980, 'untileable6': 31669, 'periodic': 2351} [470s]
  1803200/2098208 {'unbalanced': 1769165, 'untileable6': 31682, 'periodic': 2353} [470s]
  1803400/2098208 {'unbalanced': 1769351, 'untileable6': 31696, 'periodic': 2353} [470s]
  1803600/2098208 {'unbalanced': 1769541, 'untileable6': 31706, 'periodic': 2353} [470s]
  1803800/2098208 {'unbalanced': 1769727, 'untileable6': 31720, 'periodic': 2353} [470s]
  1804000/2098208 {'unbalanced': 1769923, 'untileable6': 31724, 'periodic': 2353} [470s]
  1804200/2098208 {'unbalanced': 1770120, 'untileable6': 31727, 'periodic': 2353} [470s]
  1804400/2098208 {'unbalanced': 1770306, 'untileable6': 31741, 'periodic': 2353} [470s]
  1804600/2098208 {'unbalanced': 1770489, 'untileable6': 31758, 'periodic': 2353} [470s]
  1804800/2098208 {'unbalanced': 1770674, 'untileable6': 31772, 'periodic': 2354} [470s]
  1805000/2098208 {'unbalanced': 1770865, 'untileable6': 31781, 'periodic': 2354} [470s]
  1805200/2098208 {'unbalanced': 1771056, 'untileable6': 31790, 'periodic': 2354} [470s]
  1805400/2098208 {'unbalanced': 1771246, 'untileable6': 31800, 'periodic': 2354} [470s]
  1805600/2098208 {'unbalanced': 1771438, 'untileable6': 31808, 'periodic': 2354} [470s]
  1805800/2098208 {'unbalanced': 1771627, 'untileable6': 31818, 'periodic': 2355} [470s]
  1806000/2098208 {'unbalanced': 1771810, 'untileable6': 31834, 'periodic': 2356} [470s]
  1806200/2098208 {'unbalanced': 1772001, 'untileable6': 31843, 'periodic': 2356} [470s]
  1806400/2098208 {'unbalanced': 1772182, 'untileable6': 31861, 'periodic': 2357} [471s]
  1806600/2098208 {'unbalanced': 1772374, 'untileable6': 31869, 'periodic': 2357} [471s]
  1806800/2098208 {'unbalanced': 1772567, 'untileable6': 31876, 'periodic': 2357} [471s]
  1807000/2098208 {'unbalanced': 1772758, 'untileable6': 31885, 'periodic': 2357} [471s]
  1807200/2098208 {'unbalanced': 1772950, 'untileable6': 31893, 'periodic': 2357} [471s]
  1807400/2098208 {'unbalanced': 1773136, 'untileable6': 31906, 'periodic': 2358} [471s]
  1807600/2098208 {'unbalanced': 1773325, 'untileable6': 31917, 'periodic': 2358} [471s]
  1807800/2098208 {'unbalanced': 1773509, 'untileable6': 31932, 'periodic': 2359} [471s]
  1808000/2098208 {'unbalanced': 1773703, 'untileable6': 31938, 'periodic': 2359} [471s]
  1808200/2098208 {'unbalanced': 1773897, 'untileable6': 31944, 'periodic': 2359} [471s]
  1808400/2098208 {'unbalanced': 1774086, 'untileable6': 31955, 'periodic': 2359} [471s]
  1808600/2098208 {'unbalanced': 1774282, 'untileable6': 31959, 'periodic': 2359} [471s]
  1808800/2098208 {'unbalanced': 1774472, 'untileable6': 31968, 'periodic': 2360} [471s]
  1809000/2098208 {'unbalanced': 1774661, 'untileable6': 31979, 'periodic': 2360} [471s]
  1809200/2098208 {'unbalanced': 1774857, 'untileable6': 31983, 'periodic': 2360} [471s]
  1809400/2098208 {'unbalanced': 1775042, 'untileable6': 31998, 'periodic': 2360} [471s]
  1809600/2098208 {'unbalanced': 1775242, 'untileable6': 31998, 'periodic': 2360} [471s]
  1809800/2098208 {'unbalanced': 1775436, 'untileable6': 32004, 'periodic': 2360} [471s]
  1810000/2098208 {'unbalanced': 1775630, 'untileable6': 32010, 'periodic': 2360} [471s]
  1810200/2098208 {'unbalanced': 1775825, 'untileable6': 32014, 'periodic': 2361} [471s]
  1810400/2098208 {'unbalanced': 1776020, 'untileable6': 32019, 'periodic': 2361} [471s]
  1810600/2098208 {'unbalanced': 1776218, 'untileable6': 32021, 'periodic': 2361} [471s]
  1810800/2098208 {'unbalanced': 1776414, 'untileable6': 32025, 'periodic': 2361} [471s]
  1811000/2098208 {'unbalanced': 1776614, 'untileable6': 32025, 'periodic': 2361} [471s]
  1811200/2098208 {'unbalanced': 1776810, 'untileable6': 32028, 'periodic': 2362} [471s]
  1811400/2098208 {'unbalanced': 1777008, 'untileable6': 32030, 'periodic': 2362} [471s]
  1811600/2098208 {'unbalanced': 1777203, 'untileable6': 32034, 'periodic': 2363} [471s]
  1811800/2098208 {'unbalanced': 1777403, 'untileable6': 32034, 'periodic': 2363} [471s]
  1812000/2098208 {'unbalanced': 1777601, 'untileable6': 32036, 'periodic': 2363} [471s]
  1812200/2098208 {'unbalanced': 1777798, 'untileable6': 32039, 'periodic': 2363} [471s]
  1812400/2098208 {'unbalanced': 1777989, 'untileable6': 32048, 'periodic': 2363} [471s]
  1812600/2098208 {'unbalanced': 1778173, 'untileable6': 32063, 'periodic': 2364} [471s]
  1812800/2098208 {'unbalanced': 1778358, 'untileable6': 32077, 'periodic': 2365} [471s]
  1813000/2098208 {'unbalanced': 1778540, 'untileable6': 32094, 'periodic': 2366} [471s]
  1813200/2098208 {'unbalanced': 1778732, 'untileable6': 32102, 'periodic': 2366} [471s]
  1813400/2098208 {'unbalanced': 1778925, 'untileable6': 32109, 'periodic': 2366} [471s]
  1813600/2098208 {'unbalanced': 1779121, 'untileable6': 32113, 'periodic': 2366} [471s]
  1813800/2098208 {'unbalanced': 1779316, 'untileable6': 32118, 'periodic': 2366} [471s]
  1814000/2098208 {'unbalanced': 1779515, 'untileable6': 32119, 'periodic': 2366} [471s]
  1814200/2098208 {'unbalanced': 1779710, 'untileable6': 32123, 'periodic': 2367} [471s]
  1814400/2098208 {'unbalanced': 1779905, 'untileable6': 32128, 'periodic': 2367} [471s]
  1814600/2098208 {'unbalanced': 1780105, 'untileable6': 32128, 'periodic': 2367} [471s]
  1814800/2098208 {'unbalanced': 1780299, 'untileable6': 32134, 'periodic': 2367} [471s]
  1815000/2098208 {'unbalanced': 1780495, 'untileable6': 32138, 'periodic': 2367} [471s]
  1815200/2098208 {'unbalanced': 1780681, 'untileable6': 32151, 'periodic': 2368} [471s]
  1815400/2098208 {'unbalanced': 1780868, 'untileable6': 32164, 'periodic': 2368} [471s]
  1815600/2098208 {'unbalanced': 1781051, 'untileable6': 32181, 'periodic': 2368} [471s]
  1815800/2098208 {'unbalanced': 1781242, 'untileable6': 32190, 'periodic': 2368} [471s]
  1816000/2098208 {'unbalanced': 1781435, 'untileable6': 32196, 'periodic': 2369} [471s]
  1816200/2098208 {'unbalanced': 1781631, 'untileable6': 32200, 'periodic': 2369} [471s]
  1816400/2098208 {'unbalanced': 1781827, 'untileable6': 32204, 'periodic': 2369} [471s]
  1816600/2098208 {'unbalanced': 1782024, 'untileable6': 32207, 'periodic': 2369} [471s]
  1816800/2098208 {'unbalanced': 1782223, 'untileable6': 32208, 'periodic': 2369} [471s]
  1817000/2098208 {'unbalanced': 1782414, 'untileable6': 32216, 'periodic': 2370} [471s]
  1817200/2098208 {'unbalanced': 1782614, 'untileable6': 32216, 'periodic': 2370} [471s]
  1817400/2098208 {'unbalanced': 1782808, 'untileable6': 32222, 'periodic': 2370} [471s]
  1817600/2098208 {'unbalanced': 1783004, 'untileable6': 32225, 'periodic': 2371} [471s]
  1817800/2098208 {'unbalanced': 1783198, 'untileable6': 32231, 'periodic': 2371} [471s]
  1818000/2098208 {'unbalanced': 1783392, 'untileable6': 32237, 'periodic': 2371} [471s]
  1818200/2098208 {'unbalanced': 1783579, 'untileable6': 32249, 'periodic': 2372} [472s]
  1818400/2098208 {'unbalanced': 1783772, 'untileable6': 32256, 'periodic': 2372} [472s]
  1818600/2098208 {'unbalanced': 1783957, 'untileable6': 32271, 'periodic': 2372} [472s]
  1818800/2098208 {'unbalanced': 1784151, 'untileable6': 32277, 'periodic': 2372} [472s]
  1819000/2098208 {'unbalanced': 1784345, 'untileable6': 32282, 'periodic': 2373} [472s]
  1819200/2098208 {'unbalanced': 1784543, 'untileable6': 32284, 'periodic': 2373} [472s]
  1819400/2098208 {'unbalanced': 1784739, 'untileable6': 32288, 'periodic': 2373} [472s]
  1819600/2098208 {'unbalanced': 1784939, 'untileable6': 32288, 'periodic': 2373} [472s]
  1819800/2098208 {'unbalanced': 1785136, 'untileable6': 32290, 'periodic': 2374} [472s]
  1820000/2098208 {'unbalanced': 1785333, 'untileable6': 32293, 'periodic': 2374} [472s]
  1820200/2098208 {'unbalanced': 1785533, 'untileable6': 32293, 'periodic': 2374} [472s]
  1820400/2098208 {'unbalanced': 1785730, 'untileable6': 32295, 'periodic': 2375} [472s]
  1820600/2098208 {'unbalanced': 1785930, 'untileable6': 32295, 'periodic': 2375} [472s]
  1820800/2098208 {'unbalanced': 1786129, 'untileable6': 32296, 'periodic': 2375} [472s]
  1821000/2098208 {'unbalanced': 1786328, 'untileable6': 32297, 'periodic': 2375} [472s]
  1821200/2098208 {'unbalanced': 1786526, 'untileable6': 32299, 'periodic': 2375} [472s]
  1821400/2098208 {'unbalanced': 1786724, 'untileable6': 32301, 'periodic': 2375} [472s]
  1821600/2098208 {'unbalanced': 1786917, 'untileable6': 32304, 'periodic': 2379} [472s]
  1821800/2098208 {'unbalanced': 1787106, 'untileable6': 32315, 'periodic': 2379} [472s]
  1822000/2098208 {'unbalanced': 1787302, 'untileable6': 32319, 'periodic': 2379} [472s]
  1822200/2098208 {'unbalanced': 1787486, 'untileable6': 32335, 'periodic': 2379} [472s]
  1822400/2098208 {'unbalanced': 1787676, 'untileable6': 32345, 'periodic': 2379} [472s]
  1822600/2098208 {'unbalanced': 1787875, 'untileable6': 32346, 'periodic': 2379} [472s]
  1822800/2098208 {'unbalanced': 1788066, 'untileable6': 32355, 'periodic': 2379} [472s]
  1823000/2098208 {'unbalanced': 1788256, 'untileable6': 32365, 'periodic': 2379} [472s]
  1823200/2098208 {'unbalanced': 1788449, 'untileable6': 32372, 'periodic': 2379} [472s]
  1823400/2098208 {'unbalanced': 1788635, 'untileable6': 32386, 'periodic': 2379} [472s]
  1823600/2098208 {'unbalanced': 1788826, 'untileable6': 32395, 'periodic': 2379} [472s]
  1823800/2098208 {'unbalanced': 1789016, 'untileable6': 32405, 'periodic': 2379} [472s]
  1824000/2098208 {'unbalanced': 1789194, 'untileable6': 32427, 'periodic': 2379} [472s]
  1824200/2098208 {'unbalanced': 1789385, 'untileable6': 32436, 'periodic': 2379} [472s]
  1824400/2098208 {'unbalanced': 1789571, 'untileable6': 32450, 'periodic': 2379} [472s]
  1824600/2098208 {'unbalanced': 1789752, 'untileable6': 32469, 'periodic': 2379} [472s]
  1824800/2098208 {'unbalanced': 1789950, 'untileable6': 32471, 'periodic': 2379} [472s]
  1825000/2098208 {'unbalanced': 1790149, 'untileable6': 32472, 'periodic': 2379} [472s]
  1825200/2098208 {'unbalanced': 1790347, 'untileable6': 32474, 'periodic': 2379} [472s]
  1825400/2098208 {'unbalanced': 1790546, 'untileable6': 32475, 'periodic': 2379} [472s]
  1825600/2098208 {'unbalanced': 1790745, 'untileable6': 32476, 'periodic': 2379} [472s]
  1825800/2098208 {'unbalanced': 1790942, 'untileable6': 32479, 'periodic': 2379} [472s]
  1826000/2098208 {'unbalanced': 1791131, 'untileable6': 32490, 'periodic': 2379} [472s]
  1826200/2098208 {'unbalanced': 1791320, 'untileable6': 32501, 'periodic': 2379} [472s]
  1826400/2098208 {'unbalanced': 1791513, 'untileable6': 32508, 'periodic': 2379} [472s]
  1826600/2098208 {'unbalanced': 1791709, 'untileable6': 32512, 'periodic': 2379} [472s]
  1826800/2098208 {'unbalanced': 1791903, 'untileable6': 32518, 'periodic': 2379} [472s]
  1827000/2098208 {'unbalanced': 1792100, 'untileable6': 32521, 'periodic': 2379} [472s]
  1827200/2098208 {'unbalanced': 1792289, 'untileable6': 32532, 'periodic': 2379} [472s]
  1827400/2098208 {'unbalanced': 1792476, 'untileable6': 32545, 'periodic': 2379} [472s]
  1827600/2098208 {'unbalanced': 1792671, 'untileable6': 32550, 'periodic': 2379} [472s]
  1827800/2098208 {'unbalanced': 1792866, 'untileable6': 32555, 'periodic': 2379} [472s]
  1828000/2098208 {'unbalanced': 1793060, 'untileable6': 32561, 'periodic': 2379} [472s]
  1828200/2098208 {'unbalanced': 1793254, 'untileable6': 32567, 'periodic': 2379} [472s]
  1828400/2098208 {'unbalanced': 1793435, 'untileable6': 32586, 'periodic': 2379} [472s]
  1828600/2098208 {'unbalanced': 1793621, 'untileable6': 32600, 'periodic': 2379} [472s]
  1828800/2098208 {'unbalanced': 1793817, 'untileable6': 32604, 'periodic': 2379} [472s]
  1829000/2098208 {'unbalanced': 1794008, 'untileable6': 32613, 'periodic': 2379} [472s]
  1829200/2098208 {'unbalanced': 1794207, 'untileable6': 32614, 'periodic': 2379} [472s]
  1829400/2098208 {'unbalanced': 1794406, 'untileable6': 32615, 'periodic': 2379} [472s]
  1829600/2098208 {'unbalanced': 1794605, 'untileable6': 32616, 'periodic': 2379} [472s]
  1829800/2098208 {'unbalanced': 1794803, 'untileable6': 32618, 'periodic': 2379} [472s]
  1830000/2098208 {'unbalanced': 1795001, 'untileable6': 32620, 'periodic': 2379} [472s]
  1830200/2098208 {'unbalanced': 1795193, 'untileable6': 32628, 'periodic': 2379} [472s]
  1830400/2098208 {'unbalanced': 1795387, 'untileable6': 32634, 'periodic': 2379} [472s]
  1830600/2098208 {'unbalanced': 1795583, 'untileable6': 32638, 'periodic': 2379} [472s]
  1830800/2098208 {'unbalanced': 1795772, 'untileable6': 32649, 'periodic': 2379} [473s]
  1831000/2098208 {'unbalanced': 1795962, 'untileable6': 32659, 'periodic': 2379} [473s]
  1831200/2098208 {'unbalanced': 1796159, 'untileable6': 32662, 'periodic': 2379} [473s]
  1831400/2098208 {'unbalanced': 1796351, 'untileable6': 32670, 'periodic': 2379} [473s]
  1831600/2098208 {'unbalanced': 1796545, 'untileable6': 32676, 'periodic': 2379} [473s]
  1831800/2098208 {'unbalanced': 1796741, 'untileable6': 32680, 'periodic': 2379} [473s]
  1832000/2098208 {'unbalanced': 1796929, 'untileable6': 32692, 'periodic': 2379} [473s]
  1832200/2098208 {'unbalanced': 1797119, 'untileable6': 32702, 'periodic': 2379} [473s]
  1832400/2098208 {'unbalanced': 1797317, 'untileable6': 32704, 'periodic': 2379} [473s]
  1832600/2098208 {'unbalanced': 1797502, 'untileable6': 32719, 'periodic': 2379} [473s]
  1832800/2098208 {'unbalanced': 1797692, 'untileable6': 32729, 'periodic': 2379} [473s]
  1833000/2098208 {'unbalanced': 1797889, 'untileable6': 32732, 'periodic': 2379} [473s]
  1833200/2098208 {'unbalanced': 1798071, 'untileable6': 32750, 'periodic': 2379} [473s]
  1833400/2098208 {'unbalanced': 1798264, 'untileable6': 32757, 'periodic': 2379} [473s]
  1833600/2098208 {'unbalanced': 1798464, 'untileable6': 32757, 'periodic': 2379} [473s]
  1833800/2098208 {'unbalanced': 1798662, 'untileable6': 32759, 'periodic': 2379} [473s]
  1834000/2098208 {'unbalanced': 1798862, 'untileable6': 32759, 'periodic': 2379} [473s]
  1834200/2098208 {'unbalanced': 1799060, 'untileable6': 32761, 'periodic': 2379} [473s]
  1834400/2098208 {'unbalanced': 1799259, 'untileable6': 32762, 'periodic': 2379} [473s]
  1834600/2098208 {'unbalanced': 1799453, 'untileable6': 32768, 'periodic': 2379} [473s]
  1834800/2098208 {'unbalanced': 1799643, 'untileable6': 32778, 'periodic': 2379} [473s]
  1835000/2098208 {'unbalanced': 1799835, 'untileable6': 32786, 'periodic': 2379} [473s]
  1835200/2098208 {'unbalanced': 1800031, 'untileable6': 32790, 'periodic': 2379} [473s]
  1835400/2098208 {'unbalanced': 1800228, 'untileable6': 32793, 'periodic': 2379} [473s]
  1835600/2098208 {'unbalanced': 1800426, 'untileable6': 32795, 'periodic': 2379} [473s]
  1835800/2098208 {'unbalanced': 1800616, 'untileable6': 32805, 'periodic': 2379} [473s]
  1836000/2098208 {'unbalanced': 1800807, 'untileable6': 32814, 'periodic': 2379} [473s]
  1836200/2098208 {'unbalanced': 1801002, 'untileable6': 32819, 'periodic': 2379} [473s]
  1836400/2098208 {'unbalanced': 1801198, 'untileable6': 32823, 'periodic': 2379} [473s]
  1836600/2098208 {'unbalanced': 1801392, 'untileable6': 32828, 'periodic': 2380} [473s]
  1836800/2098208 {'unbalanced': 1801592, 'untileable6': 32828, 'periodic': 2380} [473s]
  1837000/2098208 {'unbalanced': 1801777, 'untileable6': 32842, 'periodic': 2381} [473s]
  1837200/2098208 {'unbalanced': 1801966, 'untileable6': 32852, 'periodic': 2382} [473s]
  1837400/2098208 {'unbalanced': 1802164, 'untileable6': 32854, 'periodic': 2382} [473s]
  1837600/2098208 {'unbalanced': 1802358, 'untileable6': 32859, 'periodic': 2383} [473s]
  1837800/2098208 {'unbalanced': 1802556, 'untileable6': 32861, 'periodic': 2383} [473s]
  1838000/2098208 {'unbalanced': 1802756, 'untileable6': 32861, 'periodic': 2383} [473s]
  1838200/2098208 {'unbalanced': 1802956, 'untileable6': 32861, 'periodic': 2383} [473s]
  1838400/2098208 {'unbalanced': 1803156, 'untileable6': 32861, 'periodic': 2383} [473s]
  1838600/2098208 {'unbalanced': 1803356, 'untileable6': 32861, 'periodic': 2383} [473s]
  1838800/2098208 {'unbalanced': 1803556, 'untileable6': 32861, 'periodic': 2383} [473s]
  1839000/2098208 {'unbalanced': 1803754, 'untileable6': 32863, 'periodic': 2383} [473s]
  1839200/2098208 {'unbalanced': 1803954, 'untileable6': 32863, 'periodic': 2383} [473s]
  1839400/2098208 {'unbalanced': 1804154, 'untileable6': 32863, 'periodic': 2383} [473s]
  1839600/2098208 {'unbalanced': 1804354, 'untileable6': 32863, 'periodic': 2383} [473s]
  1839800/2098208 {'unbalanced': 1804552, 'untileable6': 32865, 'periodic': 2383} [473s]
  1840000/2098208 {'unbalanced': 1804752, 'untileable6': 32865, 'periodic': 2383} [473s]
  1840200/2098208 {'unbalanced': 1804950, 'untileable6': 32867, 'periodic': 2383} [473s]
  1840400/2098208 {'unbalanced': 1805147, 'untileable6': 32870, 'periodic': 2383} [473s]
  1840600/2098208 {'unbalanced': 1805338, 'untileable6': 32879, 'periodic': 2383} [473s]
  1840800/2098208 {'unbalanced': 1805538, 'untileable6': 32879, 'periodic': 2383} [473s]
  1841000/2098208 {'unbalanced': 1805738, 'untileable6': 32879, 'periodic': 2383} [473s]
  1841200/2098208 {'unbalanced': 1805936, 'untileable6': 32881, 'periodic': 2383} [473s]
  1841400/2098208 {'unbalanced': 1806136, 'untileable6': 32881, 'periodic': 2383} [473s]
  1841600/2098208 {'unbalanced': 1806334, 'untileable6': 32883, 'periodic': 2383} [473s]
  1841800/2098208 {'unbalanced': 1806532, 'untileable6': 32885, 'periodic': 2383} [473s]
  1842000/2098208 {'unbalanced': 1806722, 'untileable6': 32895, 'periodic': 2383} [473s]
  1842200/2098208 {'unbalanced': 1806922, 'untileable6': 32895, 'periodic': 2383} [473s]
  1842400/2098208 {'unbalanced': 1807120, 'untileable6': 32897, 'periodic': 2383} [473s]
  1842600/2098208 {'unbalanced': 1807318, 'untileable6': 32899, 'periodic': 2383} [473s]
  1842800/2098208 {'unbalanced': 1807513, 'untileable6': 32904, 'periodic': 2383} [473s]
  1843000/2098208 {'unbalanced': 1807713, 'untileable6': 32904, 'periodic': 2383} [473s]
  1843200/2098208 {'unbalanced': 1807905, 'untileable6': 32912, 'periodic': 2383} [473s]
  1843400/2098208 {'unbalanced': 1808088, 'untileable6': 32929, 'periodic': 2383} [473s]
  1843600/2098208 {'unbalanced': 1808288, 'untileable6': 32929, 'periodic': 2383} [473s]
  1843800/2098208 {'unbalanced': 1808488, 'untileable6': 32929, 'periodic': 2383} [473s]
  1844000/2098208 {'unbalanced': 1808686, 'untileable6': 32931, 'periodic': 2383} [473s]
  1844200/2098208 {'unbalanced': 1808886, 'untileable6': 32931, 'periodic': 2383} [473s]
  1844400/2098208 {'unbalanced': 1809085, 'untileable6': 32932, 'periodic': 2383} [473s]
  1844600/2098208 {'unbalanced': 1809284, 'untileable6': 32933, 'periodic': 2383} [473s]
  1844800/2098208 {'unbalanced': 1809480, 'untileable6': 32937, 'periodic': 2383} [473s]
  1845000/2098208 {'unbalanced': 1809680, 'untileable6': 32937, 'periodic': 2383} [473s]
  1845200/2098208 {'unbalanced': 1809878, 'untileable6': 32939, 'periodic': 2383} [473s]
  1845400/2098208 {'unbalanced': 1810075, 'untileable6': 32942, 'periodic': 2383} [473s]
  1845600/2098208 {'unbalanced': 1810266, 'untileable6': 32951, 'periodic': 2383} [473s]
  1845800/2098208 {'unbalanced': 1810465, 'untileable6': 32952, 'periodic': 2383} [473s]
  1846000/2098208 {'unbalanced': 1810657, 'untileable6': 32960, 'periodic': 2383} [473s]
  1846200/2098208 {'unbalanced': 1810844, 'untileable6': 32973, 'periodic': 2383} [473s]
  1846400/2098208 {'unbalanced': 1811038, 'untileable6': 32979, 'periodic': 2383} [473s]
  1846600/2098208 {'unbalanced': 1811238, 'untileable6': 32979, 'periodic': 2383} [473s]
  1846800/2098208 {'unbalanced': 1811435, 'untileable6': 32982, 'periodic': 2383} [473s]
  1847000/2098208 {'unbalanced': 1811627, 'untileable6': 32990, 'periodic': 2383} [473s]
  1847200/2098208 {'unbalanced': 1811824, 'untileable6': 32993, 'periodic': 2383} [473s]
  1847400/2098208 {'unbalanced': 1812018, 'untileable6': 32999, 'periodic': 2383} [473s]
  1847600/2098208 {'unbalanced': 1812211, 'untileable6': 33006, 'periodic': 2383} [473s]
  1847800/2098208 {'unbalanced': 1812396, 'untileable6': 33021, 'periodic': 2383} [474s]
  1848000/2098208 {'unbalanced': 1812594, 'untileable6': 33023, 'periodic': 2383} [474s]
  1848200/2098208 {'unbalanced': 1812787, 'untileable6': 33030, 'periodic': 2383} [474s]
  1848400/2098208 {'unbalanced': 1812980, 'untileable6': 33037, 'periodic': 2383} [474s]
  1848600/2098208 {'unbalanced': 1813164, 'untileable6': 33053, 'periodic': 2383} [474s]
  1848800/2098208 {'unbalanced': 1813364, 'untileable6': 33053, 'periodic': 2383} [474s]
  1849000/2098208 {'unbalanced': 1813556, 'untileable6': 33061, 'periodic': 2383} [474s]
  1849200/2098208 {'unbalanced': 1813744, 'untileable6': 33073, 'periodic': 2383} [474s]
  1849400/2098208 {'unbalanced': 1813944, 'untileable6': 33073, 'periodic': 2383} [474s]
  1849600/2098208 {'unbalanced': 1814143, 'untileable6': 33074, 'periodic': 2383} [474s]
  1849800/2098208 {'unbalanced': 1814343, 'untileable6': 33074, 'periodic': 2383} [474s]
  1850000/2098208 {'unbalanced': 1814542, 'untileable6': 33075, 'periodic': 2383} [474s]
  1850200/2098208 {'unbalanced': 1814739, 'untileable6': 33078, 'periodic': 2383} [474s]
  1850400/2098208 {'unbalanced': 1814936, 'untileable6': 33081, 'periodic': 2383} [474s]
  1850600/2098208 {'unbalanced': 1815136, 'untileable6': 33081, 'periodic': 2383} [474s]
  1850800/2098208 {'unbalanced': 1815334, 'untileable6': 33083, 'periodic': 2383} [474s]
  1851000/2098208 {'unbalanced': 1815532, 'untileable6': 33085, 'periodic': 2383} [474s]
  1851200/2098208 {'unbalanced': 1815729, 'untileable6': 33088, 'periodic': 2383} [474s]
  1851400/2098208 {'unbalanced': 1815927, 'untileable6': 33090, 'periodic': 2383} [474s]
  1851600/2098208 {'unbalanced': 1816117, 'untileable6': 33100, 'periodic': 2383} [474s]
  1851800/2098208 {'unbalanced': 1816303, 'untileable6': 33114, 'periodic': 2383} [474s]
  1852000/2098208 {'unbalanced': 1816494, 'untileable6': 33123, 'periodic': 2383} [474s]
  1852200/2098208 {'unbalanced': 1816694, 'untileable6': 33123, 'periodic': 2383} [474s]
  1852400/2098208 {'unbalanced': 1816893, 'untileable6': 33124, 'periodic': 2383} [474s]
  1852600/2098208 {'unbalanced': 1817091, 'untileable6': 33126, 'periodic': 2383} [474s]
  1852800/2098208 {'unbalanced': 1817288, 'untileable6': 33129, 'periodic': 2383} [474s]
  1853000/2098208 {'unbalanced': 1817484, 'untileable6': 33133, 'periodic': 2383} [474s]
  1853200/2098208 {'unbalanced': 1817672, 'untileable6': 33145, 'periodic': 2383} [474s]
  1853400/2098208 {'unbalanced': 1817859, 'untileable6': 33158, 'periodic': 2383} [474s]
  1853600/2098208 {'unbalanced': 1818053, 'untileable6': 33164, 'periodic': 2383} [474s]
  1853800/2098208 {'unbalanced': 1818251, 'untileable6': 33166, 'periodic': 2383} [474s]
  1854000/2098208 {'unbalanced': 1818446, 'untileable6': 33171, 'periodic': 2383} [474s]
  1854200/2098208 {'unbalanced': 1818641, 'untileable6': 33176, 'periodic': 2383} [474s]
  1854400/2098208 {'unbalanced': 1818836, 'untileable6': 33181, 'periodic': 2383} [474s]
  1854600/2098208 {'unbalanced': 1819025, 'untileable6': 33192, 'periodic': 2383} [474s]
  1854800/2098208 {'unbalanced': 1819206, 'untileable6': 33211, 'periodic': 2383} [474s]
  1855000/2098208 {'unbalanced': 1819401, 'untileable6': 33216, 'periodic': 2383} [474s]
  1855200/2098208 {'unbalanced': 1819601, 'untileable6': 33216, 'periodic': 2383} [474s]
  1855400/2098208 {'unbalanced': 1819798, 'untileable6': 33219, 'periodic': 2383} [474s]
  1855600/2098208 {'unbalanced': 1819996, 'untileable6': 33221, 'periodic': 2383} [474s]
  1855800/2098208 {'unbalanced': 1820193, 'untileable6': 33224, 'periodic': 2383} [474s]
  1856000/2098208 {'unbalanced': 1820389, 'untileable6': 33228, 'periodic': 2383} [474s]
  1856200/2098208 {'unbalanced': 1820585, 'untileable6': 33232, 'periodic': 2383} [474s]
  1856400/2098208 {'unbalanced': 1820784, 'untileable6': 33233, 'periodic': 2383} [474s]
  1856600/2098208 {'unbalanced': 1820978, 'untileable6': 33239, 'periodic': 2383} [474s]
  1856800/2098208 {'unbalanced': 1821165, 'untileable6': 33252, 'periodic': 2383} [474s]
  1857000/2098208 {'unbalanced': 1821353, 'untileable6': 33264, 'periodic': 2383} [474s]
  1857200/2098208 {'unbalanced': 1821544, 'untileable6': 33273, 'periodic': 2383} [474s]
  1857400/2098208 {'unbalanced': 1821730, 'untileable6': 33287, 'periodic': 2383} [474s]
  1857600/2098208 {'unbalanced': 1821916, 'untileable6': 33301, 'periodic': 2383} [474s]
  1857800/2098208 {'unbalanced': 1822109, 'untileable6': 33308, 'periodic': 2383} [474s]
  1858000/2098208 {'unbalanced': 1822307, 'untileable6': 33310, 'periodic': 2383} [474s]
  1858200/2098208 {'unbalanced': 1822495, 'untileable6': 33314, 'periodic': 2391} [474s]
  1858400/2098208 {'unbalanced': 1822681, 'untileable6': 33324, 'periodic': 2395} [474s]
  1858600/2098208 {'unbalanced': 1822872, 'untileable6': 33329, 'periodic': 2399} [474s]
  1858800/2098208 {'unbalanced': 1823063, 'untileable6': 33334, 'periodic': 2403} [474s]
  1859000/2098208 {'unbalanced': 1823246, 'untileable6': 33347, 'periodic': 2407} [474s]
  1859200/2098208 {'unbalanced': 1823432, 'untileable6': 33357, 'periodic': 2411} [474s]
  1859400/2098208 {'unbalanced': 1823625, 'untileable6': 33360, 'periodic': 2415} [474s]
  1859600/2098208 {'unbalanced': 1823816, 'untileable6': 33365, 'periodic': 2419} [474s]
  1859800/2098208 {'unbalanced': 1824000, 'untileable6': 33377, 'periodic': 2423} [474s]
  1860000/2098208 {'unbalanced': 1824185, 'untileable6': 33388, 'periodic': 2427} [475s]
  1860200/2098208 {'unbalanced': 1824375, 'untileable6': 33394, 'periodic': 2431} [475s]
  1860400/2098208 {'unbalanced': 1824562, 'untileable6': 33403, 'periodic': 2435} [475s]
  1860600/2098208 {'unbalanced': 1824747, 'untileable6': 33407, 'periodic': 2446} [475s]
  1860800/2098208 {'unbalanced': 1824947, 'untileable6': 33407, 'periodic': 2446} [475s]
  1861000/2098208 {'unbalanced': 1825145, 'untileable6': 33409, 'periodic': 2446} [475s]
  1861200/2098208 {'unbalanced': 1825341, 'untileable6': 33413, 'periodic': 2446} [475s]
  1861400/2098208 {'unbalanced': 1825540, 'untileable6': 33414, 'periodic': 2446} [475s]
  1861600/2098208 {'unbalanced': 1825734, 'untileable6': 33420, 'periodic': 2446} [475s]
  1861800/2098208 {'unbalanced': 1825934, 'untileable6': 33420, 'periodic': 2446} [475s]
  1862000/2098208 {'unbalanced': 1826130, 'untileable6': 33424, 'periodic': 2446} [475s]
  1862200/2098208 {'unbalanced': 1826326, 'untileable6': 33428, 'periodic': 2446} [475s]
  1862400/2098208 {'unbalanced': 1826516, 'untileable6': 33438, 'periodic': 2446} [475s]
  1862600/2098208 {'unbalanced': 1826712, 'untileable6': 33442, 'periodic': 2446} [475s]
  1862800/2098208 {'unbalanced': 1826902, 'untileable6': 33452, 'periodic': 2446} [475s]
  1863000/2098208 {'unbalanced': 1827098, 'untileable6': 33456, 'periodic': 2446} [475s]
  1863200/2098208 {'unbalanced': 1827292, 'untileable6': 33462, 'periodic': 2446} [475s]
  1863400/2098208 {'unbalanced': 1827491, 'untileable6': 33463, 'periodic': 2446} [475s]
  1863600/2098208 {'unbalanced': 1827688, 'untileable6': 33466, 'periodic': 2446} [475s]
  1863800/2098208 {'unbalanced': 1827886, 'untileable6': 33468, 'periodic': 2446} [475s]
  1864000/2098208 {'unbalanced': 1828080, 'untileable6': 33474, 'periodic': 2446} [475s]
  1864200/2098208 {'unbalanced': 1828273, 'untileable6': 33481, 'periodic': 2446} [475s]
  1864400/2098208 {'unbalanced': 1828471, 'untileable6': 33483, 'periodic': 2446} [475s]
  1864600/2098208 {'unbalanced': 1828663, 'untileable6': 33491, 'periodic': 2446} [475s]
  1864800/2098208 {'unbalanced': 1828861, 'untileable6': 33493, 'periodic': 2446} [475s]
  1865000/2098208 {'unbalanced': 1829054, 'untileable6': 33500, 'periodic': 2446} [475s]
  1865200/2098208 {'unbalanced': 1829248, 'untileable6': 33506, 'periodic': 2446} [475s]
  1865400/2098208 {'unbalanced': 1829436, 'untileable6': 33518, 'periodic': 2446} [475s]
  1865600/2098208 {'unbalanced': 1829621, 'untileable6': 33532, 'periodic': 2447} [475s]
  1865800/2098208 {'unbalanced': 1829805, 'untileable6': 33548, 'periodic': 2447} [475s]
  1866000/2098208 {'unbalanced': 1829997, 'untileable6': 33556, 'periodic': 2447} [475s]
  1866200/2098208 {'unbalanced': 1830197, 'untileable6': 33556, 'periodic': 2447} [475s]
  1866400/2098208 {'unbalanced': 1830395, 'untileable6': 33558, 'periodic': 2447} [475s]
  1866600/2098208 {'unbalanced': 1830590, 'untileable6': 33563, 'periodic': 2447} [475s]
  1866800/2098208 {'unbalanced': 1830783, 'untileable6': 33569, 'periodic': 2448} [475s]
  1867000/2098208 {'unbalanced': 1830981, 'untileable6': 33571, 'periodic': 2448} [475s]
  1867200/2098208 {'unbalanced': 1831171, 'untileable6': 33581, 'periodic': 2448} [475s]
  1867400/2098208 {'unbalanced': 1831370, 'untileable6': 33582, 'periodic': 2448} [475s]
  1867600/2098208 {'unbalanced': 1831565, 'untileable6': 33587, 'periodic': 2448} [475s]
  1867800/2098208 {'unbalanced': 1831760, 'untileable6': 33592, 'periodic': 2448} [475s]
  1868000/2098208 {'unbalanced': 1831947, 'untileable6': 33604, 'periodic': 2449} [475s]
  1868200/2098208 {'unbalanced': 1832134, 'untileable6': 33617, 'periodic': 2449} [475s]
  1868400/2098208 {'unbalanced': 1832314, 'untileable6': 33636, 'periodic': 2450} [475s]
  1868600/2098208 {'unbalanced': 1832507, 'untileable6': 33643, 'periodic': 2450} [475s]
  1868800/2098208 {'unbalanced': 1832698, 'untileable6': 33652, 'periodic': 2450} [475s]
  1869000/2098208 {'unbalanced': 1832894, 'untileable6': 33656, 'periodic': 2450} [475s]
  1869200/2098208 {'unbalanced': 1833094, 'untileable6': 33656, 'periodic': 2450} [475s]
  1869400/2098208 {'unbalanced': 1833286, 'untileable6': 33663, 'periodic': 2451} [475s]
  1869600/2098208 {'unbalanced': 1833484, 'untileable6': 33665, 'periodic': 2451} [475s]
  1869800/2098208 {'unbalanced': 1833672, 'untileable6': 33676, 'periodic': 2452} [475s]
  1870000/2098208 {'unbalanced': 1833870, 'untileable6': 33678, 'periodic': 2452} [475s]
  1870200/2098208 {'unbalanced': 1834064, 'untileable6': 33684, 'periodic': 2452} [475s]
  1870400/2098208 {'unbalanced': 1834258, 'untileable6': 33690, 'periodic': 2452} [475s]
  1870600/2098208 {'unbalanced': 1834449, 'untileable6': 33699, 'periodic': 2452} [475s]
  1870800/2098208 {'unbalanced': 1834640, 'untileable6': 33707, 'periodic': 2453} [475s]
  1871000/2098208 {'unbalanced': 1834827, 'untileable6': 33720, 'periodic': 2453} [475s]
  1871200/2098208 {'unbalanced': 1835015, 'untileable6': 33732, 'periodic': 2453} [475s]
  1871400/2098208 {'unbalanced': 1835197, 'untileable6': 33750, 'periodic': 2453} [475s]
  1871600/2098208 {'unbalanced': 1835397, 'untileable6': 33750, 'periodic': 2453} [475s]
  1871800/2098208 {'unbalanced': 1835595, 'untileable6': 33752, 'periodic': 2453} [475s]
  1872000/2098208 {'unbalanced': 1835788, 'untileable6': 33759, 'periodic': 2453} [476s]
  1872200/2098208 {'unbalanced': 1835981, 'untileable6': 33765, 'periodic': 2454} [476s]
  1872400/2098208 {'unbalanced': 1836175, 'untileable6': 33771, 'periodic': 2454} [476s]
  1872600/2098208 {'unbalanced': 1836370, 'untileable6': 33776, 'periodic': 2454} [476s]
  1872800/2098208 {'unbalanced': 1836566, 'untileable6': 33780, 'periodic': 2454} [476s]
  1873000/2098208 {'unbalanced': 1836762, 'untileable6': 33784, 'periodic': 2454} [476s]
  1873200/2098208 {'unbalanced': 1836952, 'untileable6': 33793, 'periodic': 2455} [476s]
  1873400/2098208 {'unbalanced': 1837146, 'untileable6': 33799, 'periodic': 2455} [476s]
  1873600/2098208 {'unbalanced': 1837338, 'untileable6': 33806, 'periodic': 2456} [476s]
  1873800/2098208 {'unbalanced': 1837531, 'untileable6': 33813, 'periodic': 2456} [476s]
  1874000/2098208 {'unbalanced': 1837726, 'untileable6': 33818, 'periodic': 2456} [476s]
  1874200/2098208 {'unbalanced': 1837923, 'untileable6': 33821, 'periodic': 2456} [476s]
  1874400/2098208 {'unbalanced': 1838119, 'untileable6': 33825, 'periodic': 2456} [476s]
  1874600/2098208 {'unbalanced': 1838305, 'untileable6': 33838, 'periodic': 2457} [476s]
  1874800/2098208 {'unbalanced': 1838494, 'untileable6': 33849, 'periodic': 2457} [476s]
  1875000/2098208 {'unbalanced': 1838675, 'untileable6': 33867, 'periodic': 2458} [476s]
  1875200/2098208 {'unbalanced': 1838862, 'untileable6': 33880, 'periodic': 2458} [476s]
  1875400/2098208 {'unbalanced': 1839054, 'untileable6': 33888, 'periodic': 2458} [476s]
  1875600/2098208 {'unbalanced': 1839245, 'untileable6': 33897, 'periodic': 2458} [476s]
  1875800/2098208 {'unbalanced': 1839433, 'untileable6': 33909, 'periodic': 2458} [476s]
  1876000/2098208 {'unbalanced': 1839627, 'untileable6': 33915, 'periodic': 2458} [476s]
  1876200/2098208 {'unbalanced': 1839811, 'untileable6': 33930, 'periodic': 2459} [476s]
  1876400/2098208 {'unbalanced': 1839999, 'untileable6': 33942, 'periodic': 2459} [476s]
  1876600/2098208 {'unbalanced': 1840186, 'untileable6': 33955, 'periodic': 2459} [476s]
  1876800/2098208 {'unbalanced': 1840374, 'untileable6': 33967, 'periodic': 2459} [476s]
  1877000/2098208 {'unbalanced': 1840573, 'untileable6': 33968, 'periodic': 2459} [476s]
  1877200/2098208 {'unbalanced': 1840766, 'untileable6': 33972, 'periodic': 2462} [476s]
  1877400/2098208 {'unbalanced': 1840951, 'untileable6': 33984, 'periodic': 2465} [476s]
  1877600/2098208 {'unbalanced': 1841133, 'untileable6': 34001, 'periodic': 2466} [476s]
  1877800/2098208 {'unbalanced': 1841322, 'untileable6': 34012, 'periodic': 2466} [476s]
  1878000/2098208 {'unbalanced': 1841513, 'untileable6': 34021, 'periodic': 2466} [476s]
  1878200/2098208 {'unbalanced': 1841704, 'untileable6': 34030, 'periodic': 2466} [476s]
  1878400/2098208 {'unbalanced': 1841891, 'untileable6': 34043, 'periodic': 2466} [476s]
  1878600/2098208 {'unbalanced': 1842085, 'untileable6': 34049, 'periodic': 2466} [476s]
  1878800/2098208 {'unbalanced': 1842271, 'untileable6': 34062, 'periodic': 2467} [476s]
  1879000/2098208 {'unbalanced': 1842457, 'untileable6': 34076, 'periodic': 2467} [476s]
  1879200/2098208 {'unbalanced': 1842647, 'untileable6': 34086, 'periodic': 2467} [476s]
  1879400/2098208 {'unbalanced': 1842829, 'untileable6': 34103, 'periodic': 2468} [476s]
  1879600/2098208 {'unbalanced': 1843019, 'untileable6': 34113, 'periodic': 2468} [476s]
  1879800/2098208 {'unbalanced': 1843214, 'untileable6': 34118, 'periodic': 2468} [476s]
  1880000/2098208 {'unbalanced': 1843406, 'untileable6': 34126, 'periodic': 2468} [476s]
  1880200/2098208 {'unbalanced': 1843596, 'untileable6': 34135, 'periodic': 2469} [476s]
  1880400/2098208 {'unbalanced': 1843784, 'untileable6': 34147, 'periodic': 2469} [476s]
  1880600/2098208 {'unbalanced': 1843972, 'untileable6': 34158, 'periodic': 2470} [477s]
  1880800/2098208 {'unbalanced': 1844157, 'untileable6': 34173, 'periodic': 2470} [477s]
  1881000/2098208 {'unbalanced': 1844351, 'untileable6': 34179, 'periodic': 2470} [477s]
  1881200/2098208 {'unbalanced': 1844544, 'untileable6': 34186, 'periodic': 2470} [477s]
  1881400/2098208 {'unbalanced': 1844735, 'untileable6': 34195, 'periodic': 2470} [477s]
  1881600/2098208 {'unbalanced': 1844931, 'untileable6': 34199, 'periodic': 2470} [477s]
  1881800/2098208 {'unbalanced': 1845116, 'untileable6': 34213, 'periodic': 2471} [477s]
  1882000/2098208 {'unbalanced': 1845309, 'untileable6': 34220, 'periodic': 2471} [477s]
  1882200/2098208 {'unbalanced': 1845499, 'untileable6': 34230, 'periodic': 2471} [477s]
  1882400/2098208 {'unbalanced': 1845695, 'untileable6': 34234, 'periodic': 2471} [477s]
  1882600/2098208 {'unbalanced': 1845894, 'untileable6': 34235, 'periodic': 2471} [477s]
  1882800/2098208 {'unbalanced': 1846092, 'untileable6': 34237, 'periodic': 2471} [477s]
  1883000/2098208 {'unbalanced': 1846288, 'untileable6': 34240, 'periodic': 2472} [477s]
  1883200/2098208 {'unbalanced': 1846488, 'untileable6': 34240, 'periodic': 2472} [477s]
  1883400/2098208 {'unbalanced': 1846688, 'untileable6': 34240, 'periodic': 2472} [477s]
  1883600/2098208 {'unbalanced': 1846883, 'untileable6': 34245, 'periodic': 2472} [477s]
  1883800/2098208 {'unbalanced': 1847074, 'untileable6': 34254, 'periodic': 2472} [477s]
  1884000/2098208 {'unbalanced': 1847270, 'untileable6': 34257, 'periodic': 2473} [477s]
  1884200/2098208 {'unbalanced': 1847464, 'untileable6': 34263, 'periodic': 2473} [477s]
  1884400/2098208 {'unbalanced': 1847659, 'untileable6': 34267, 'periodic': 2474} [477s]
  1884600/2098208 {'unbalanced': 1847854, 'untileable6': 34272, 'periodic': 2474} [477s]
  1884800/2098208 {'unbalanced': 1848054, 'untileable6': 34272, 'periodic': 2474} [477s]
  1885000/2098208 {'unbalanced': 1848254, 'untileable6': 34272, 'periodic': 2474} [477s]
  1885200/2098208 {'unbalanced': 1848450, 'untileable6': 34276, 'periodic': 2474} [477s]
  1885400/2098208 {'unbalanced': 1848647, 'untileable6': 34278, 'periodic': 2475} [477s]
  1885600/2098208 {'unbalanced': 1848845, 'untileable6': 34280, 'periodic': 2475} [477s]
  1885800/2098208 {'unbalanced': 1849038, 'untileable6': 34286, 'periodic': 2476} [477s]
  1886000/2098208 {'unbalanced': 1849236, 'untileable6': 34288, 'periodic': 2476} [477s]
  1886200/2098208 {'unbalanced': 1849436, 'untileable6': 34288, 'periodic': 2476} [477s]
  1886400/2098208 {'unbalanced': 1849633, 'untileable6': 34291, 'periodic': 2476} [477s]
  1886600/2098208 {'unbalanced': 1849817, 'untileable6': 34307, 'periodic': 2476} [477s]
  1886800/2098208 {'unbalanced': 1849997, 'untileable6': 34327, 'periodic': 2476} [477s]
  1887000/2098208 {'unbalanced': 1850189, 'untileable6': 34334, 'periodic': 2477} [477s]
  1887200/2098208 {'unbalanced': 1850379, 'untileable6': 34344, 'periodic': 2477} [477s]
  1887400/2098208 {'unbalanced': 1850573, 'untileable6': 34349, 'periodic': 2478} [477s]
  1887600/2098208 {'unbalanced': 1850768, 'untileable6': 34354, 'periodic': 2478} [477s]
  1887800/2098208 {'unbalanced': 1850968, 'untileable6': 34354, 'periodic': 2478} [477s]
  1888000/2098208 {'unbalanced': 1851166, 'untileable6': 34356, 'periodic': 2478} [477s]
  1888200/2098208 {'unbalanced': 1851364, 'untileable6': 34358, 'periodic': 2478} [477s]
  1888400/2098208 {'unbalanced': 1851556, 'untileable6': 34365, 'periodic': 2479} [477s]
  1888600/2098208 {'unbalanced': 1851754, 'untileable6': 34367, 'periodic': 2479} [477s]
  1888800/2098208 {'unbalanced': 1851954, 'untileable6': 34367, 'periodic': 2479} [477s]
  1889000/2098208 {'unbalanced': 1852152, 'untileable6': 34369, 'periodic': 2479} [477s]
  1889200/2098208 {'unbalanced': 1852339, 'untileable6': 34382, 'periodic': 2479} [477s]
  1889400/2098208 {'unbalanced': 1852519, 'untileable6': 34402, 'periodic': 2479} [477s]
  1889600/2098208 {'unbalanced': 1852711, 'untileable6': 34409, 'periodic': 2480} [477s]
  1889800/2098208 {'unbalanced': 1852901, 'untileable6': 34419, 'periodic': 2480} [477s]
  1890000/2098208 {'unbalanced': 1853095, 'untileable6': 34424, 'periodic': 2481} [477s]
  1890200/2098208 {'unbalanced': 1853285, 'untileable6': 34434, 'periodic': 2481} [477s]
  1890400/2098208 {'unbalanced': 1853485, 'untileable6': 34434, 'periodic': 2481} [477s]
  1890600/2098208 {'unbalanced': 1853685, 'untileable6': 34434, 'periodic': 2481} [477s]
  1890800/2098208 {'unbalanced': 1853877, 'untileable6': 34442, 'periodic': 2481} [477s]
  1891000/2098208 {'unbalanced': 1854075, 'untileable6': 34443, 'periodic': 2482} [477s]
  1891200/2098208 {'unbalanced': 1854273, 'untileable6': 34445, 'periodic': 2482} [477s]
  1891400/2098208 {'unbalanced': 1854469, 'untileable6': 34448, 'periodic': 2483} [477s]
  1891600/2098208 {'unbalanced': 1854665, 'untileable6': 34452, 'periodic': 2483} [477s]
  1891800/2098208 {'unbalanced': 1854865, 'untileable6': 34452, 'periodic': 2483} [477s]
  1892000/2098208 {'unbalanced': 1855061, 'untileable6': 34456, 'periodic': 2483} [477s]
  1892200/2098208 {'unbalanced': 1855252, 'untileable6': 34465, 'periodic': 2483} [477s]
  1892400/2098208 {'unbalanced': 1855434, 'untileable6': 34483, 'periodic': 2483} [477s]
  1892600/2098208 {'unbalanced': 1855628, 'untileable6': 34488, 'periodic': 2484} [477s]
  1892800/2098208 {'unbalanced': 1855824, 'untileable6': 34492, 'periodic': 2484} [477s]
  1893000/2098208 {'unbalanced': 1856016, 'untileable6': 34500, 'periodic': 2484} [477s]
  1893200/2098208 {'unbalanced': 1856216, 'untileable6': 34500, 'periodic': 2484} [477s]
  1893400/2098208 {'unbalanced': 1856415, 'untileable6': 34501, 'periodic': 2484} [477s]
  1893600/2098208 {'unbalanced': 1856610, 'untileable6': 34506, 'periodic': 2484} [477s]
  1893800/2098208 {'unbalanced': 1856804, 'untileable6': 34511, 'periodic': 2485} [477s]
  1894000/2098208 {'unbalanced': 1857004, 'untileable6': 34511, 'periodic': 2485} [477s]
  1894200/2098208 {'unbalanced': 1857204, 'untileable6': 34511, 'periodic': 2485} [477s]
  1894400/2098208 {'unbalanced': 1857401, 'untileable6': 34514, 'periodic': 2485} [477s]
  1894600/2098208 {'unbalanced': 1857593, 'untileable6': 34522, 'periodic': 2485} [478s]
  1894800/2098208 {'unbalanced': 1857787, 'untileable6': 34528, 'periodic': 2485} [478s]
  1895000/2098208 {'unbalanced': 1857982, 'untileable6': 34532, 'periodic': 2486} [478s]
  1895200/2098208 {'unbalanced': 1858180, 'untileable6': 34534, 'periodic': 2486} [478s]
  1895400/2098208 {'unbalanced': 1858374, 'untileable6': 34539, 'periodic': 2487} [478s]
  1895600/2098208 {'unbalanced': 1858572, 'untileable6': 34541, 'periodic': 2487} [478s]
  1895800/2098208 {'unbalanced': 1858772, 'untileable6': 34541, 'periodic': 2487} [478s]
  1896000/2098208 {'unbalanced': 1858960, 'untileable6': 34553, 'periodic': 2487} [478s]
  1896200/2098208 {'unbalanced': 1859143, 'untileable6': 34570, 'periodic': 2487} [478s]
  1896400/2098208 {'unbalanced': 1859333, 'untileable6': 34579, 'periodic': 2488} [478s]
  1896600/2098208 {'unbalanced': 1859524, 'untileable6': 34588, 'periodic': 2488} [478s]
  1896800/2098208 {'unbalanced': 1859715, 'untileable6': 34596, 'periodic': 2489} [478s]
  1897000/2098208 {'unbalanced': 1859914, 'untileable6': 34597, 'periodic': 2489} [478s]
  1897200/2098208 {'unbalanced': 1860114, 'untileable6': 34597, 'periodic': 2489} [478s]
  1897400/2098208 {'unbalanced': 1860304, 'untileable6': 34607, 'periodic': 2489} [478s]
  1897600/2098208 {'unbalanced': 1860486, 'untileable6': 34625, 'periodic': 2489} [478s]
  1897800/2098208 {'unbalanced': 1860680, 'untileable6': 34631, 'periodic': 2489} [478s]
  1898000/2098208 {'unbalanced': 1860873, 'untileable6': 34637, 'periodic': 2490} [478s]
  1898200/2098208 {'unbalanced': 1861069, 'untileable6': 34641, 'periodic': 2490} [478s]
  1898400/2098208 {'unbalanced': 1861262, 'untileable6': 34648, 'periodic': 2490} [478s]
  1898600/2098208 {'unbalanced': 1861458, 'untileable6': 34652, 'periodic': 2490} [478s]
  1898800/2098208 {'unbalanced': 1861644, 'untileable6': 34666, 'periodic': 2490} [478s]
  1899000/2098208 {'unbalanced': 1861835, 'untileable6': 34674, 'periodic': 2491} [478s]
  1899200/2098208 {'unbalanced': 1862026, 'untileable6': 34683, 'periodic': 2491} [478s]
  1899400/2098208 {'unbalanced': 1862217, 'untileable6': 34691, 'periodic': 2492} [478s]
  1899600/2098208 {'unbalanced': 1862416, 'untileable6': 34692, 'periodic': 2492} [478s]
  1899800/2098208 {'unbalanced': 1862616, 'untileable6': 34692, 'periodic': 2492} [478s]
  1900000/2098208 {'unbalanced': 1862809, 'untileable6': 34699, 'periodic': 2492} [478s]
  1900200/2098208 {'unbalanced': 1862993, 'untileable6': 34715, 'periodic': 2492} [478s]
  1900400/2098208 {'unbalanced': 1863184, 'untileable6': 34723, 'periodic': 2493} [478s]
  1900600/2098208 {'unbalanced': 1863377, 'untileable6': 34730, 'periodic': 2493} [478s]
  1900800/2098208 {'unbalanced': 1863573, 'untileable6': 34734, 'periodic': 2493} [478s]
  1901000/2098208 {'unbalanced': 1863765, 'untileable6': 34742, 'periodic': 2493} [478s]
  1901200/2098208 {'unbalanced': 1863961, 'untileable6': 34745, 'periodic': 2494} [478s]
  1901400/2098208 {'unbalanced': 1864157, 'untileable6': 34749, 'periodic': 2494} [478s]
  1901600/2098208 {'unbalanced': 1864345, 'untileable6': 34761, 'periodic': 2494} [478s]
  1901800/2098208 {'unbalanced': 1864536, 'untileable6': 34769, 'periodic': 2495} [478s]
  1902000/2098208 {'unbalanced': 1864730, 'untileable6': 34775, 'periodic': 2495} [478s]
  1902200/2098208 {'unbalanced': 1864925, 'untileable6': 34780, 'periodic': 2495} [478s]
  1902400/2098208 {'unbalanced': 1865118, 'untileable6': 34786, 'periodic': 2496} [478s]
  1902600/2098208 {'unbalanced': 1865317, 'untileable6': 34787, 'periodic': 2496} [478s]
  1902800/2098208 {'unbalanced': 1865517, 'untileable6': 34787, 'periodic': 2496} [478s]
  1903000/2098208 {'unbalanced': 1865702, 'untileable6': 34802, 'periodic': 2496} [478s]
  1903200/2098208 {'unbalanced': 1865895, 'untileable6': 34809, 'periodic': 2496} [478s]
  1903400/2098208 {'unbalanced': 1866091, 'untileable6': 34812, 'periodic': 2497} [478s]
  1903600/2098208 {'unbalanced': 1866287, 'untileable6': 34816, 'periodic': 2497} [478s]
  1903800/2098208 {'unbalanced': 1866485, 'untileable6': 34818, 'periodic': 2497} [478s]
  1904000/2098208 {'unbalanced': 1866681, 'untileable6': 34821, 'periodic': 2498} [478s]
  1904200/2098208 {'unbalanced': 1866881, 'untileable6': 34821, 'periodic': 2498} [478s]
  1904400/2098208 {'unbalanced': 1867077, 'untileable6': 34825, 'periodic': 2498} [478s]
  1904600/2098208 {'unbalanced': 1867272, 'untileable6': 34830, 'periodic': 2498} [478s]
  1904800/2098208 {'unbalanced': 1867466, 'untileable6': 34836, 'periodic': 2498} [478s]
  1905000/2098208 {'unbalanced': 1867662, 'untileable6': 34840, 'periodic': 2498} [478s]
  1905200/2098208 {'unbalanced': 1867862, 'untileable6': 34840, 'periodic': 2498} [478s]
  1905400/2098208 {'unbalanced': 1868058, 'untileable6': 34844, 'periodic': 2498} [478s]
  1905600/2098208 {'unbalanced': 1868254, 'untileable6': 34848, 'periodic': 2498} [478s]
  1905800/2098208 {'unbalanced': 1868450, 'untileable6': 34852, 'periodic': 2498} [478s]
  1906000/2098208 {'unbalanced': 1868646, 'untileable6': 34856, 'periodic': 2498} [478s]
  1906200/2098208 {'unbalanced': 1868836, 'untileable6': 34866, 'periodic': 2498} [478s]
  1906400/2098208 {'unbalanced': 1869030, 'untileable6': 34872, 'periodic': 2498} [478s]
  1906600/2098208 {'unbalanced': 1869230, 'untileable6': 34872, 'periodic': 2498} [478s]
  1906800/2098208 {'unbalanced': 1869427, 'untileable6': 34875, 'periodic': 2498} [478s]
  1907000/2098208 {'unbalanced': 1869625, 'untileable6': 34877, 'periodic': 2498} [478s]
  1907200/2098208 {'unbalanced': 1869821, 'untileable6': 34881, 'periodic': 2498} [478s]
  1907400/2098208 {'unbalanced': 1870015, 'untileable6': 34887, 'periodic': 2498} [478s]
  1907600/2098208 {'unbalanced': 1870203, 'untileable6': 34899, 'periodic': 2498} [479s]
  1907800/2098208 {'unbalanced': 1870387, 'untileable6': 34915, 'periodic': 2498} [479s]
  1908000/2098208 {'unbalanced': 1870587, 'untileable6': 34915, 'periodic': 2498} [479s]
  1908200/2098208 {'unbalanced': 1870787, 'untileable6': 34915, 'periodic': 2498} [479s]
  1908400/2098208 {'unbalanced': 1870978, 'untileable6': 34923, 'periodic': 2499} [479s]
  1908600/2098208 {'unbalanced': 1871170, 'untileable6': 34931, 'periodic': 2499} [479s]
  1908800/2098208 {'unbalanced': 1871364, 'untileable6': 34936, 'periodic': 2500} [479s]
  1909000/2098208 {'unbalanced': 1871554, 'untileable6': 34946, 'periodic': 2500} [479s]
  1909200/2098208 {'unbalanced': 1871741, 'untileable6': 34959, 'periodic': 2500} [479s]
  1909400/2098208 {'unbalanced': 1871941, 'untileable6': 34959, 'periodic': 2500} [479s]
  1909600/2098208 {'unbalanced': 1872139, 'untileable6': 34961, 'periodic': 2500} [479s]
  1909800/2098208 {'unbalanced': 1872333, 'untileable6': 34967, 'periodic': 2500} [479s]
  1910000/2098208 {'unbalanced': 1872527, 'untileable6': 34972, 'periodic': 2501} [479s]
  1910200/2098208 {'unbalanced': 1872716, 'untileable6': 34983, 'periodic': 2501} [479s]
  1910400/2098208 {'unbalanced': 1872902, 'untileable6': 34997, 'periodic': 2501} [479s]
  1910600/2098208 {'unbalanced': 1873102, 'untileable6': 34997, 'periodic': 2501} [479s]
  1910800/2098208 {'unbalanced': 1873302, 'untileable6': 34997, 'periodic': 2501} [479s]
  1911000/2098208 {'unbalanced': 1873491, 'untileable6': 35007, 'periodic': 2502} [479s]
  1911200/2098208 {'unbalanced': 1873685, 'untileable6': 35013, 'periodic': 2502} [479s]
  1911400/2098208 {'unbalanced': 1873875, 'untileable6': 35022, 'periodic': 2503} [479s]
  1911600/2098208 {'unbalanced': 1874069, 'untileable6': 35028, 'periodic': 2503} [479s]
  1911800/2098208 {'unbalanced': 1874247, 'untileable6': 35050, 'periodic': 2503} [479s]
  1912000/2098208 {'unbalanced': 1874445, 'untileable6': 35052, 'periodic': 2503} [479s]
  1912200/2098208 {'unbalanced': 1874645, 'untileable6': 35052, 'periodic': 2503} [479s]
  1912400/2098208 {'unbalanced': 1874836, 'untileable6': 35060, 'periodic': 2504} [479s]
  1912600/2098208 {'unbalanced': 1875030, 'untileable6': 35066, 'periodic': 2504} [479s]
  1912800/2098208 {'unbalanced': 1875221, 'untileable6': 35074, 'periodic': 2505} [479s]
  1913000/2098208 {'unbalanced': 1875413, 'untileable6': 35082, 'periodic': 2505} [479s]
  1913200/2098208 {'unbalanced': 1875599, 'untileable6': 35096, 'periodic': 2505} [479s]
  1913400/2098208 {'unbalanced': 1875789, 'untileable6': 35106, 'periodic': 2505} [479s]
  1913600/2098208 {'unbalanced': 1875989, 'untileable6': 35106, 'periodic': 2505} [479s]
  1913800/2098208 {'unbalanced': 1876189, 'untileable6': 35106, 'periodic': 2505} [479s]
  1914000/2098208 {'unbalanced': 1876379, 'untileable6': 35115, 'periodic': 2506} [479s]
  1914200/2098208 {'unbalanced': 1876575, 'untileable6': 35119, 'periodic': 2506} [479s]
  1914400/2098208 {'unbalanced': 1876769, 'untileable6': 35125, 'periodic': 2506} [479s]
  1914600/2098208 {'unbalanced': 1876956, 'untileable6': 35138, 'periodic': 2506} [479s]
  1914800/2098208 {'unbalanced': 1877155, 'untileable6': 35139, 'periodic': 2506} [479s]
  1915000/2098208 {'unbalanced': 1877351, 'untileable6': 35143, 'periodic': 2506} [479s]
  1915200/2098208 {'unbalanced': 1877548, 'untileable6': 35145, 'periodic': 2507} [479s]
  1915400/2098208 {'unbalanced': 1877738, 'untileable6': 35155, 'periodic': 2507} [479s]
  1915600/2098208 {'unbalanced': 1877932, 'untileable6': 35161, 'periodic': 2507} [479s]
  1915800/2098208 {'unbalanced': 1878132, 'untileable6': 35161, 'periodic': 2507} [479s]
  1916000/2098208 {'unbalanced': 1878332, 'untileable6': 35161, 'periodic': 2507} [479s]
  1916200/2098208 {'unbalanced': 1878530, 'untileable6': 35163, 'periodic': 2507} [479s]
  1916400/2098208 {'unbalanced': 1878728, 'untileable6': 35164, 'periodic': 2508} [479s]
  1916600/2098208 {'unbalanced': 1878926, 'untileable6': 35166, 'periodic': 2508} [479s]
  1916800/2098208 {'unbalanced': 1879124, 'untileable6': 35167, 'periodic': 2509} [479s]
  1917000/2098208 {'unbalanced': 1879318, 'untileable6': 35173, 'periodic': 2509} [479s]
  1917200/2098208 {'unbalanced': 1879518, 'untileable6': 35173, 'periodic': 2509} [479s]
  1917400/2098208 {'unbalanced': 1879718, 'untileable6': 35173, 'periodic': 2509} [479s]
  1917600/2098208 {'unbalanced': 1879911, 'untileable6': 35180, 'periodic': 2509} [479s]
  1917800/2098208 {'unbalanced': 1880101, 'untileable6': 35189, 'periodic': 2510} [479s]
  1918000/2098208 {'unbalanced': 1880291, 'untileable6': 35199, 'periodic': 2510} [479s]
  1918200/2098208 {'unbalanced': 1880485, 'untileable6': 35204, 'periodic': 2511} [479s]
  1918400/2098208 {'unbalanced': 1880664, 'untileable6': 35225, 'periodic': 2511} [479s]
  1918600/2098208 {'unbalanced': 1880854, 'untileable6': 35235, 'periodic': 2511} [479s]
  1918800/2098208 {'unbalanced': 1881054, 'untileable6': 35235, 'periodic': 2511} [479s]
  1919000/2098208 {'unbalanced': 1881254, 'untileable6': 35235, 'periodic': 2511} [479s]
  1919200/2098208 {'unbalanced': 1881451, 'untileable6': 35237, 'periodic': 2512} [479s]
  1919400/2098208 {'unbalanced': 1881648, 'untileable6': 35240, 'periodic': 2512} [479s]
  1919600/2098208 {'unbalanced': 1881847, 'untileable6': 35240, 'periodic': 2513} [479s]
  1919800/2098208 {'unbalanced': 1882041, 'untileable6': 35246, 'periodic': 2513} [479s]
  1920000/2098208 {'unbalanced': 1882239, 'untileable6': 35248, 'periodic': 2513} [479s]
  1920200/2098208 {'unbalanced': 1882435, 'untileable6': 35252, 'periodic': 2513} [480s]
  1920400/2098208 {'unbalanced': 1882626, 'untileable6': 35260, 'periodic': 2514} [480s]
  1920600/2098208 {'unbalanced': 1882815, 'untileable6': 35271, 'periodic': 2514} [480s]
  1920800/2098208 {'unbalanced': 1883009, 'untileable6': 35276, 'periodic': 2515} [480s]
  1921000/2098208 {'unbalanced': 1883189, 'untileable6': 35296, 'periodic': 2515} [480s]
  1921200/2098208 {'unbalanced': 1883380, 'untileable6': 35305, 'periodic': 2515} [480s]
  1921400/2098208 {'unbalanced': 1883580, 'untileable6': 35305, 'periodic': 2515} [480s]
  1921600/2098208 {'unbalanced': 1883780, 'untileable6': 35305, 'periodic': 2515} [480s]
  1921800/2098208 {'unbalanced': 1883977, 'untileable6': 35308, 'periodic': 2515} [480s]
  1922000/2098208 {'unbalanced': 1884174, 'untileable6': 35310, 'periodic': 2516} [480s]
  1922200/2098208 {'unbalanced': 1884372, 'untileable6': 35312, 'periodic': 2516} [480s]
  1922400/2098208 {'unbalanced': 1884569, 'untileable6': 35314, 'periodic': 2517} [480s]
  1922600/2098208 {'unbalanced': 1884760, 'untileable6': 35323, 'periodic': 2517} [480s]
  1922800/2098208 {'unbalanced': 1884960, 'untileable6': 35323, 'periodic': 2517} [480s]
  1923000/2098208 {'unbalanced': 1885160, 'untileable6': 35323, 'periodic': 2517} [480s]
  1923200/2098208 {'unbalanced': 1885352, 'untileable6': 35331, 'periodic': 2517} [480s]
  1923400/2098208 {'unbalanced': 1885546, 'untileable6': 35336, 'periodic': 2518} [480s]
  1923600/2098208 {'unbalanced': 1885736, 'untileable6': 35345, 'periodic': 2519} [480s]
  1923800/2098208 {'unbalanced': 1885932, 'untileable6': 35349, 'periodic': 2519} [480s]
  1924000/2098208 {'unbalanced': 1886116, 'untileable6': 35365, 'periodic': 2519} [480s]
  1924200/2098208 {'unbalanced': 1886312, 'untileable6': 35369, 'periodic': 2519} [480s]
  1924400/2098208 {'unbalanced': 1886512, 'untileable6': 35369, 'periodic': 2519} [480s]
  1924600/2098208 {'unbalanced': 1886712, 'untileable6': 35369, 'periodic': 2519} [480s]
  1924800/2098208 {'unbalanced': 1886909, 'untileable6': 35371, 'periodic': 2520} [480s]
  1925000/2098208 {'unbalanced': 1887108, 'untileable6': 35372, 'periodic': 2520} [480s]
  1925200/2098208 {'unbalanced': 1887304, 'untileable6': 35376, 'periodic': 2520} [480s]
  1925400/2098208 {'unbalanced': 1887502, 'untileable6': 35378, 'periodic': 2520} [480s]
  1925600/2098208 {'unbalanced': 1887697, 'untileable6': 35383, 'periodic': 2520} [480s]
  1925800/2098208 {'unbalanced': 1887887, 'untileable6': 35392, 'periodic': 2521} [480s]
  1926000/2098208 {'unbalanced': 1888085, 'untileable6': 35394, 'periodic': 2521} [480s]
  1926200/2098208 {'unbalanced': 1888280, 'untileable6': 35399, 'periodic': 2521} [480s]
  1926400/2098208 {'unbalanced': 1888474, 'untileable6': 35405, 'periodic': 2521} [480s]
  1926600/2098208 {'unbalanced': 1888670, 'untileable6': 35409, 'periodic': 2521} [480s]
  1926800/2098208 {'unbalanced': 1888865, 'untileable6': 35414, 'periodic': 2521} [480s]
  1927000/2098208 {'unbalanced': 1889056, 'untileable6': 35422, 'periodic': 2522} [480s]
  1927200/2098208 {'unbalanced': 1889248, 'untileable6': 35430, 'periodic': 2522} [480s]
  1927400/2098208 {'unbalanced': 1889440, 'untileable6': 35437, 'periodic': 2523} [480s]
  1927600/2098208 {'unbalanced': 1889632, 'untileable6': 35445, 'periodic': 2523} [480s]
  1927800/2098208 {'unbalanced': 1889828, 'untileable6': 35449, 'periodic': 2523} [480s]
  1928000/2098208 {'unbalanced': 1890026, 'untileable6': 35451, 'periodic': 2523} [480s]
  1928200/2098208 {'unbalanced': 1890219, 'untileable6': 35458, 'periodic': 2523} [480s]
  1928400/2098208 {'unbalanced': 1890405, 'untileable6': 35471, 'periodic': 2524} [480s]
  1928600/2098208 {'unbalanced': 1890589, 'untileable6': 35487, 'periodic': 2524} [480s]
  1928800/2098208 {'unbalanced': 1890770, 'untileable6': 35505, 'periodic': 2525} [480s]
  1929000/2098208 {'unbalanced': 1890962, 'untileable6': 35513, 'periodic': 2525} [480s]
  1929200/2098208 {'unbalanced': 1891153, 'untileable6': 35522, 'periodic': 2525} [480s]
  1929400/2098208 {'unbalanced': 1891342, 'untileable6': 35533, 'periodic': 2525} [480s]
  1929600/2098208 {'unbalanced': 1891534, 'untileable6': 35541, 'periodic': 2525} [480s]
  1929800/2098208 {'unbalanced': 1891726, 'untileable6': 35549, 'periodic': 2525} [480s]
  1930000/2098208 {'unbalanced': 1891908, 'untileable6': 35566, 'periodic': 2526} [480s]
  1930200/2098208 {'unbalanced': 1892099, 'untileable6': 35575, 'periodic': 2526} [480s]
  1930400/2098208 {'unbalanced': 1892283, 'untileable6': 35590, 'periodic': 2527} [480s]
  1930600/2098208 {'unbalanced': 1892475, 'untileable6': 35598, 'periodic': 2527} [480s]
  1930800/2098208 {'unbalanced': 1892674, 'untileable6': 35599, 'periodic': 2527} [480s]
  1931000/2098208 {'unbalanced': 1892864, 'untileable6': 35604, 'periodic': 2532} [480s]
  1931200/2098208 {'unbalanced': 1893048, 'untileable6': 35620, 'periodic': 2532} [480s]
  1931400/2098208 {'unbalanced': 1893229, 'untileable6': 35638, 'periodic': 2533} [481s]
  1931600/2098208 {'unbalanced': 1893421, 'untileable6': 35646, 'periodic': 2533} [481s]
  1931800/2098208 {'unbalanced': 1893612, 'untileable6': 35655, 'periodic': 2533} [481s]
  1932000/2098208 {'unbalanced': 1893804, 'untileable6': 35663, 'periodic': 2533} [481s]
  1932200/2098208 {'unbalanced': 1893994, 'untileable6': 35673, 'periodic': 2533} [481s]
  1932400/2098208 {'unbalanced': 1894183, 'untileable6': 35684, 'periodic': 2533} [481s]
  1932600/2098208 {'unbalanced': 1894366, 'untileable6': 35700, 'periodic': 2534} [481s]
  1932800/2098208 {'unbalanced': 1894558, 'untileable6': 35708, 'periodic': 2534} [481s]
  1933000/2098208 {'unbalanced': 1894738, 'untileable6': 35727, 'periodic': 2535} [481s]
  1933200/2098208 {'unbalanced': 1894929, 'untileable6': 35736, 'periodic': 2535} [481s]
  1933400/2098208 {'unbalanced': 1895122, 'untileable6': 35743, 'periodic': 2535} [481s]
  1933600/2098208 {'unbalanced': 1895314, 'untileable6': 35751, 'periodic': 2535} [481s]
  1933800/2098208 {'unbalanced': 1895505, 'untileable6': 35760, 'periodic': 2535} [481s]
  1934000/2098208 {'unbalanced': 1895691, 'untileable6': 35773, 'periodic': 2536} [481s]
  1934200/2098208 {'unbalanced': 1895879, 'untileable6': 35785, 'periodic': 2536} [481s]
  1934400/2098208 {'unbalanced': 1896063, 'untileable6': 35800, 'periodic': 2537} [481s]
  1934600/2098208 {'unbalanced': 1896257, 'untileable6': 35806, 'periodic': 2537} [481s]
  1934800/2098208 {'unbalanced': 1896451, 'untileable6': 35812, 'periodic': 2537} [481s]
  1935000/2098208 {'unbalanced': 1896641, 'untileable6': 35822, 'periodic': 2537} [481s]
  1935200/2098208 {'unbalanced': 1896837, 'untileable6': 35826, 'periodic': 2537} [481s]
  1935400/2098208 {'unbalanced': 1897026, 'untileable6': 35836, 'periodic': 2538} [481s]
  1935600/2098208 {'unbalanced': 1897217, 'untileable6': 35845, 'periodic': 2538} [481s]
  1935800/2098208 {'unbalanced': 1897411, 'untileable6': 35851, 'periodic': 2538} [481s]
  1936000/2098208 {'unbalanced': 1897597, 'untileable6': 35865, 'periodic': 2538} [481s]
  1936200/2098208 {'unbalanced': 1897797, 'untileable6': 35865, 'periodic': 2538} [481s]
  1936400/2098208 {'unbalanced': 1897987, 'untileable6': 35875, 'periodic': 2538} [481s]
  1936600/2098208 {'unbalanced': 1898181, 'untileable6': 35880, 'periodic': 2539} [481s]
  1936800/2098208 {'unbalanced': 1898379, 'untileable6': 35882, 'periodic': 2539} [481s]
  1937000/2098208 {'unbalanced': 1898575, 'untileable6': 35886, 'periodic': 2539} [481s]
  1937200/2098208 {'unbalanced': 1898772, 'untileable6': 35889, 'periodic': 2539} [481s]
  1937400/2098208 {'unbalanced': 1898969, 'untileable6': 35892, 'periodic': 2539} [481s]
  1937600/2098208 {'unbalanced': 1899168, 'untileable6': 35893, 'periodic': 2539} [481s]
  1937800/2098208 {'unbalanced': 1899363, 'untileable6': 35897, 'periodic': 2540} [481s]
  1938000/2098208 {'unbalanced': 1899563, 'untileable6': 35897, 'periodic': 2540} [481s]
  1938200/2098208 {'unbalanced': 1899757, 'untileable6': 35902, 'periodic': 2541} [481s]
  1938400/2098208 {'unbalanced': 1899957, 'untileable6': 35902, 'periodic': 2541} [481s]
  1938600/2098208 {'unbalanced': 1900155, 'untileable6': 35904, 'periodic': 2541} [481s]
  1938800/2098208 {'unbalanced': 1900348, 'untileable6': 35911, 'periodic': 2541} [481s]
  1939000/2098208 {'unbalanced': 1900535, 'untileable6': 35924, 'periodic': 2541} [481s]
  1939200/2098208 {'unbalanced': 1900718, 'untileable6': 35940, 'periodic': 2542} [481s]
  1939400/2098208 {'unbalanced': 1900898, 'untileable6': 35960, 'periodic': 2542} [481s]
  1939600/2098208 {'unbalanced': 1901088, 'untileable6': 35969, 'periodic': 2543} [481s]
  1939800/2098208 {'unbalanced': 1901280, 'untileable6': 35977, 'periodic': 2543} [481s]
  1940000/2098208 {'unbalanced': 1901475, 'untileable6': 35982, 'periodic': 2543} [481s]
  1940200/2098208 {'unbalanced': 1901671, 'untileable6': 35986, 'periodic': 2543} [481s]
  1940400/2098208 {'unbalanced': 1901868, 'untileable6': 35989, 'periodic': 2543} [481s]
  1940600/2098208 {'unbalanced': 1902067, 'untileable6': 35990, 'periodic': 2543} [481s]
  1940800/2098208 {'unbalanced': 1902258, 'untileable6': 35998, 'periodic': 2544} [481s]
  1941000/2098208 {'unbalanced': 1902458, 'untileable6': 35998, 'periodic': 2544} [481s]
  1941200/2098208 {'unbalanced': 1902654, 'untileable6': 36002, 'periodic': 2544} [481s]
  1941400/2098208 {'unbalanced': 1902849, 'untileable6': 36007, 'periodic': 2544} [481s]
  1941600/2098208 {'unbalanced': 1903039, 'untileable6': 36017, 'periodic': 2544} [482s]
  1941800/2098208 {'unbalanced': 1903224, 'untileable6': 36031, 'periodic': 2545} [482s]
  1942000/2098208 {'unbalanced': 1903404, 'untileable6': 36051, 'periodic': 2545} [482s]
  1942200/2098208 {'unbalanced': 1903595, 'untileable6': 36059, 'periodic': 2546} [482s]
  1942400/2098208 {'unbalanced': 1903788, 'untileable6': 36066, 'periodic': 2546} [482s]
  1942600/2098208 {'unbalanced': 1903984, 'untileable6': 36070, 'periodic': 2546} [482s]
  1942800/2098208 {'unbalanced': 1904180, 'untileable6': 36074, 'periodic': 2546} [482s]
  1943000/2098208 {'unbalanced': 1904377, 'untileable6': 36077, 'periodic': 2546} [482s]
  1943200/2098208 {'unbalanced': 1904576, 'untileable6': 36078, 'periodic': 2546} [482s]
  1943400/2098208 {'unbalanced': 1904767, 'untileable6': 36086, 'periodic': 2547} [482s]
  1943600/2098208 {'unbalanced': 1904967, 'untileable6': 36086, 'periodic': 2547} [482s]
  1943800/2098208 {'unbalanced': 1905160, 'untileable6': 36093, 'periodic': 2547} [482s]
  1944000/2098208 {'unbalanced': 1905356, 'untileable6': 36096, 'periodic': 2548} [482s]
  1944200/2098208 {'unbalanced': 1905550, 'untileable6': 36102, 'periodic': 2548} [482s]
  1944400/2098208 {'unbalanced': 1905745, 'untileable6': 36107, 'periodic': 2548} [482s]
  1944600/2098208 {'unbalanced': 1905932, 'untileable6': 36119, 'periodic': 2549} [482s]
  1944800/2098208 {'unbalanced': 1906124, 'untileable6': 36127, 'periodic': 2549} [482s]
  1945000/2098208 {'unbalanced': 1906308, 'untileable6': 36143, 'periodic': 2549} [482s]
  1945200/2098208 {'unbalanced': 1906502, 'untileable6': 36149, 'periodic': 2549} [482s]
  1945400/2098208 {'unbalanced': 1906696, 'untileable6': 36154, 'periodic': 2550} [482s]
  1945600/2098208 {'unbalanced': 1906894, 'untileable6': 36156, 'periodic': 2550} [482s]
  1945800/2098208 {'unbalanced': 1907090, 'untileable6': 36160, 'periodic': 2550} [482s]
  1946000/2098208 {'unbalanced': 1907290, 'untileable6': 36160, 'periodic': 2550} [482s]
  1946200/2098208 {'unbalanced': 1907486, 'untileable6': 36164, 'periodic': 2550} [482s]
  1946400/2098208 {'unbalanced': 1907684, 'untileable6': 36165, 'periodic': 2551} [482s]
  1946600/2098208 {'unbalanced': 1907882, 'untileable6': 36167, 'periodic': 2551} [482s]
  1946800/2098208 {'unbalanced': 1908080, 'untileable6': 36168, 'periodic': 2552} [482s]
  1947000/2098208 {'unbalanced': 1908276, 'untileable6': 36172, 'periodic': 2552} [482s]
  1947200/2098208 {'unbalanced': 1908472, 'untileable6': 36176, 'periodic': 2552} [482s]
  1947400/2098208 {'unbalanced': 1908671, 'untileable6': 36177, 'periodic': 2552} [482s]
  1947600/2098208 {'unbalanced': 1908867, 'untileable6': 36181, 'periodic': 2552} [482s]
  1947800/2098208 {'unbalanced': 1909061, 'untileable6': 36187, 'periodic': 2552} [482s]
  1948000/2098208 {'unbalanced': 1909258, 'untileable6': 36190, 'periodic': 2552} [482s]
  1948200/2098208 {'unbalanced': 1909453, 'untileable6': 36195, 'periodic': 2552} [482s]
  1948400/2098208 {'unbalanced': 1909649, 'untileable6': 36199, 'periodic': 2552} [482s]
  1948600/2098208 {'unbalanced': 1909841, 'untileable6': 36207, 'periodic': 2552} [482s]
  1948800/2098208 {'unbalanced': 1910027, 'untileable6': 36221, 'periodic': 2552} [482s]
  1949000/2098208 {'unbalanced': 1910213, 'untileable6': 36234, 'periodic': 2553} [482s]
  1949200/2098208 {'unbalanced': 1910404, 'untileable6': 36243, 'periodic': 2553} [482s]
  1949400/2098208 {'unbalanced': 1910595, 'untileable6': 36252, 'periodic': 2553} [482s]
  1949600/2098208 {'unbalanced': 1910779, 'untileable6': 36267, 'periodic': 2554} [482s]
  1949800/2098208 {'unbalanced': 1910962, 'untileable6': 36283, 'periodic': 2555} [482s]
  1950000/2098208 {'unbalanced': 1911152, 'untileable6': 36293, 'periodic': 2555} [482s]
  1950200/2098208 {'unbalanced': 1911349, 'untileable6': 36296, 'periodic': 2555} [482s]
  1950400/2098208 {'unbalanced': 1911544, 'untileable6': 36297, 'periodic': 2559} [482s]
  1950600/2098208 {'unbalanced': 1911726, 'untileable6': 36314, 'periodic': 2560} [482s]
  1950800/2098208 {'unbalanced': 1911918, 'untileable6': 36322, 'periodic': 2560} [482s]
  1951000/2098208 {'unbalanced': 1912109, 'untileable6': 36331, 'periodic': 2560} [482s]
  1951200/2098208 {'unbalanced': 1912296, 'untileable6': 36343, 'periodic': 2561} [482s]
  1951400/2098208 {'unbalanced': 1912482, 'untileable6': 36357, 'periodic': 2561} [482s]
  1951600/2098208 {'unbalanced': 1912666, 'untileable6': 36372, 'periodic': 2562} [482s]
  1951800/2098208 {'unbalanced': 1912856, 'untileable6': 36382, 'periodic': 2562} [482s]
  1952000/2098208 {'unbalanced': 1913050, 'untileable6': 36388, 'periodic': 2562} [482s]
  1952200/2098208 {'unbalanced': 1913240, 'untileable6': 36398, 'periodic': 2562} [483s]
  1952400/2098208 {'unbalanced': 1913424, 'untileable6': 36413, 'periodic': 2563} [483s]
  1952600/2098208 {'unbalanced': 1913609, 'untileable6': 36427, 'periodic': 2564} [483s]
  1952800/2098208 {'unbalanced': 1913801, 'untileable6': 36435, 'periodic': 2564} [483s]
  1953000/2098208 {'unbalanced': 1913993, 'untileable6': 36443, 'periodic': 2564} [483s]
  1953200/2098208 {'unbalanced': 1914179, 'untileable6': 36456, 'periodic': 2565} [483s]
  1953400/2098208 {'unbalanced': 1914362, 'untileable6': 36473, 'periodic': 2565} [483s]
  1953600/2098208 {'unbalanced': 1914556, 'untileable6': 36479, 'periodic': 2565} [483s]
  1953800/2098208 {'unbalanced': 1914754, 'untileable6': 36481, 'periodic': 2565} [483s]
  1954000/2098208 {'unbalanced': 1914950, 'untileable6': 36484, 'periodic': 2566} [483s]
  1954200/2098208 {'unbalanced': 1915145, 'untileable6': 36489, 'periodic': 2566} [483s]
  1954400/2098208 {'unbalanced': 1915344, 'untileable6': 36490, 'periodic': 2566} [483s]
  1954600/2098208 {'unbalanced': 1915541, 'untileable6': 36492, 'periodic': 2567} [483s]
  1954800/2098208 {'unbalanced': 1915738, 'untileable6': 36494, 'periodic': 2568} [483s]
  1955000/2098208 {'unbalanced': 1915938, 'untileable6': 36494, 'periodic': 2568} [483s]
  1955200/2098208 {'unbalanced': 1916136, 'untileable6': 36496, 'periodic': 2568} [483s]
  1955400/2098208 {'unbalanced': 1916328, 'untileable6': 36504, 'periodic': 2568} [483s]
  1955600/2098208 {'unbalanced': 1916512, 'untileable6': 36519, 'periodic': 2569} [483s]
  1955800/2098208 {'unbalanced': 1916695, 'untileable6': 36536, 'periodic': 2569} [483s]
  1956000/2098208 {'unbalanced': 1916882, 'untileable6': 36548, 'periodic': 2570} [483s]
  1956200/2098208 {'unbalanced': 1917076, 'untileable6': 36554, 'periodic': 2570} [483s]
  1956400/2098208 {'unbalanced': 1917273, 'untileable6': 36557, 'periodic': 2570} [483s]
  1956600/2098208 {'unbalanced': 1917465, 'untileable6': 36564, 'periodic': 2571} [483s]
  1956800/2098208 {'unbalanced': 1917660, 'untileable6': 36568, 'periodic': 2572} [483s]
  1957000/2098208 {'unbalanced': 1917857, 'untileable6': 36571, 'periodic': 2572} [483s]
  1957200/2098208 {'unbalanced': 1918047, 'untileable6': 36581, 'periodic': 2572} [483s]
  1957400/2098208 {'unbalanced': 1918232, 'untileable6': 36595, 'periodic': 2573} [483s]
  1957600/2098208 {'unbalanced': 1918414, 'untileable6': 36612, 'periodic': 2574} [483s]
  1957800/2098208 {'unbalanced': 1918604, 'untileable6': 36622, 'periodic': 2574} [483s]
  1958000/2098208 {'unbalanced': 1918800, 'untileable6': 36626, 'periodic': 2574} [483s]
  1958200/2098208 {'unbalanced': 1918992, 'untileable6': 36633, 'periodic': 2575} [483s]
  1958400/2098208 {'unbalanced': 1919189, 'untileable6': 36636, 'periodic': 2575} [483s]
  1958600/2098208 {'unbalanced': 1919385, 'untileable6': 36639, 'periodic': 2576} [483s]
  1958800/2098208 {'unbalanced': 1919581, 'untileable6': 36643, 'periodic': 2576} [483s]
  1959000/2098208 {'unbalanced': 1919774, 'untileable6': 36650, 'periodic': 2576} [483s]
  1959200/2098208 {'unbalanced': 1919960, 'untileable6': 36664, 'periodic': 2576} [483s]
  1959400/2098208 {'unbalanced': 1920145, 'untileable6': 36678, 'periodic': 2577} [483s]
  1959600/2098208 {'unbalanced': 1920334, 'untileable6': 36688, 'periodic': 2578} [483s]
  1959800/2098208 {'unbalanced': 1920528, 'untileable6': 36694, 'periodic': 2578} [483s]
  1960000/2098208 {'unbalanced': 1920725, 'untileable6': 36697, 'periodic': 2578} [483s]
  1960200/2098208 {'unbalanced': 1920919, 'untileable6': 36702, 'periodic': 2579} [483s]
  1960400/2098208 {'unbalanced': 1921113, 'untileable6': 36708, 'periodic': 2579} [483s]
  1960600/2098208 {'unbalanced': 1921313, 'untileable6': 36708, 'periodic': 2579} [483s]
  1960800/2098208 {'unbalanced': 1921509, 'untileable6': 36711, 'periodic': 2580} [483s]
  1961000/2098208 {'unbalanced': 1921709, 'untileable6': 36711, 'periodic': 2580} [483s]
  1961200/2098208 {'unbalanced': 1921906, 'untileable6': 36714, 'periodic': 2580} [483s]
  1961400/2098208 {'unbalanced': 1922100, 'untileable6': 36719, 'periodic': 2581} [483s]
  1961600/2098208 {'unbalanced': 1922297, 'untileable6': 36722, 'periodic': 2581} [483s]
  1961800/2098208 {'unbalanced': 1922493, 'untileable6': 36725, 'periodic': 2582} [483s]
  1962000/2098208 {'unbalanced': 1922693, 'untileable6': 36725, 'periodic': 2582} [483s]
  1962200/2098208 {'unbalanced': 1922882, 'untileable6': 36736, 'periodic': 2582} [483s]
  1962400/2098208 {'unbalanced': 1923072, 'untileable6': 36746, 'periodic': 2582} [484s]
  1962600/2098208 {'unbalanced': 1923262, 'untileable6': 36755, 'periodic': 2583} [484s]
  1962800/2098208 {'unbalanced': 1923453, 'untileable6': 36763, 'periodic': 2584} [484s]
  1963000/2098208 {'unbalanced': 1923653, 'untileable6': 36763, 'periodic': 2584} [484s]
  1963200/2098208 {'unbalanced': 1923835, 'untileable6': 36781, 'periodic': 2584} [484s]
  1963400/2098208 {'unbalanced': 1924024, 'untileable6': 36791, 'periodic': 2585} [484s]
  1963600/2098208 {'unbalanced': 1924216, 'untileable6': 36798, 'periodic': 2586} [484s]
  1963800/2098208 {'unbalanced': 1924414, 'untileable6': 36800, 'periodic': 2586} [484s]
  1964000/2098208 {'unbalanced': 1924606, 'untileable6': 36808, 'periodic': 2586} [484s]
  1964200/2098208 {'unbalanced': 1924799, 'untileable6': 36814, 'periodic': 2587} [484s]
  1964400/2098208 {'unbalanced': 1924990, 'untileable6': 36822, 'periodic': 2588} [484s]
  1964600/2098208 {'unbalanced': 1925188, 'untileable6': 36824, 'periodic': 2588} [484s]
  1964800/2098208 {'unbalanced': 1925376, 'untileable6': 36836, 'periodic': 2588} [484s]
  1965000/2098208 {'unbalanced': 1925563, 'untileable6': 36848, 'periodic': 2589} [484s]
  1965200/2098208 {'unbalanced': 1925756, 'untileable6': 36855, 'periodic': 2589} [484s]
  1965400/2098208 {'unbalanced': 1925946, 'untileable6': 36864, 'periodic': 2590} [484s]
  1965600/2098208 {'unbalanced': 1926146, 'untileable6': 36864, 'periodic': 2590} [484s]
  1965800/2098208 {'unbalanced': 1926339, 'untileable6': 36871, 'periodic': 2590} [484s]
  1966000/2098208 {'unbalanced': 1926525, 'untileable6': 36885, 'periodic': 2590} [484s]
  1966200/2098208 {'unbalanced': 1926718, 'untileable6': 36891, 'periodic': 2591} [484s]
  1966400/2098208 {'unbalanced': 1926910, 'untileable6': 36898, 'periodic': 2592} [484s]
  1966600/2098208 {'unbalanced': 1927110, 'untileable6': 36898, 'periodic': 2592} [484s]
  1966800/2098208 {'unbalanced': 1927296, 'untileable6': 36912, 'periodic': 2592} [484s]
  1967000/2098208 {'unbalanced': 1927486, 'untileable6': 36921, 'periodic': 2593} [484s]
  1967200/2098208 {'unbalanced': 1927678, 'untileable6': 36929, 'periodic': 2593} [484s]
  1967400/2098208 {'unbalanced': 1927878, 'untileable6': 36929, 'periodic': 2593} [484s]
  1967600/2098208 {'unbalanced': 1928078, 'untileable6': 36929, 'periodic': 2593} [484s]
  1967800/2098208 {'unbalanced': 1928273, 'untileable6': 36933, 'periodic': 2594} [484s]
  1968000/2098208 {'unbalanced': 1928473, 'untileable6': 36933, 'periodic': 2594} [484s]
  1968200/2098208 {'unbalanced': 1928670, 'untileable6': 36936, 'periodic': 2594} [484s]
  1968400/2098208 {'unbalanced': 1928868, 'untileable6': 36937, 'periodic': 2595} [484s]
  1968600/2098208 {'unbalanced': 1929067, 'untileable6': 36938, 'periodic': 2595} [484s]
  1968800/2098208 {'unbalanced': 1929266, 'untileable6': 36938, 'periodic': 2596} [484s]
  1969000/2098208 {'unbalanced': 1929466, 'untileable6': 36938, 'periodic': 2596} [484s]
  1969200/2098208 {'unbalanced': 1929648, 'untileable6': 36956, 'periodic': 2596} [484s]
  1969400/2098208 {'unbalanced': 1929839, 'untileable6': 36965, 'periodic': 2596} [484s]
  1969600/2098208 {'unbalanced': 1930029, 'untileable6': 36974, 'periodic': 2597} [484s]
  1969800/2098208 {'unbalanced': 1930224, 'untileable6': 36978, 'periodic': 2598} [484s]
  1970000/2098208 {'unbalanced': 1930424, 'untileable6': 36978, 'periodic': 2598} [484s]
  1970200/2098208 {'unbalanced': 1930617, 'untileable6': 36985, 'periodic': 2598} [484s]
  1970400/2098208 {'unbalanced': 1930813, 'untileable6': 36988, 'periodic': 2599} [484s]
  1970600/2098208 {'unbalanced': 1931010, 'untileable6': 36990, 'periodic': 2600} [484s]
  1970800/2098208 {'unbalanced': 1931205, 'untileable6': 36995, 'periodic': 2600} [484s]
  1971000/2098208 {'unbalanced': 1931391, 'untileable6': 37009, 'periodic': 2600} [484s]
  1971200/2098208 {'unbalanced': 1931585, 'untileable6': 37014, 'periodic': 2601} [484s]
  1971400/2098208 {'unbalanced': 1931774, 'untileable6': 37024, 'periodic': 2602} [484s]
  1971600/2098208 {'unbalanced': 1931974, 'untileable6': 37024, 'periodic': 2602} [484s]
  1971800/2098208 {'unbalanced': 1932167, 'untileable6': 37031, 'periodic': 2602} [484s]
  1972000/2098208 {'unbalanced': 1932364, 'untileable6': 37033, 'periodic': 2603} [484s]
  1972200/2098208 {'unbalanced': 1932561, 'untileable6': 37036, 'periodic': 2603} [484s]
  1972400/2098208 {'unbalanced': 1932759, 'untileable6': 37037, 'periodic': 2604} [484s]
  1972600/2098208 {'unbalanced': 1932959, 'untileable6': 37037, 'periodic': 2604} [484s]
  1972800/2098208 {'unbalanced': 1933143, 'untileable6': 37052, 'periodic': 2605} [484s]
  1973000/2098208 {'unbalanced': 1933335, 'untileable6': 37060, 'periodic': 2605} [484s]
  1973200/2098208 {'unbalanced': 1933527, 'untileable6': 37067, 'periodic': 2606} [484s]
  1973400/2098208 {'unbalanced': 1933725, 'untileable6': 37069, 'periodic': 2606} [484s]
  1973600/2098208 {'unbalanced': 1933925, 'untileable6': 37069, 'periodic': 2606} [484s]
  1973800/2098208 {'unbalanced': 1934119, 'untileable6': 37074, 'periodic': 2607} [484s]
  1974000/2098208 {'unbalanced': 1934317, 'untileable6': 37076, 'periodic': 2607} [484s]
  1974200/2098208 {'unbalanced': 1934515, 'untileable6': 37077, 'periodic': 2608} [484s]
  1974400/2098208 {'unbalanced': 1934715, 'untileable6': 37077, 'periodic': 2608} [484s]
  1974600/2098208 {'unbalanced': 1934914, 'untileable6': 37078, 'periodic': 2608} [484s]
  1974800/2098208 {'unbalanced': 1935112, 'untileable6': 37080, 'periodic': 2608} [484s]
  1975000/2098208 {'unbalanced': 1935308, 'untileable6': 37084, 'periodic': 2608} [484s]
  1975200/2098208 {'unbalanced': 1935508, 'untileable6': 37084, 'periodic': 2608} [484s]
  1975400/2098208 {'unbalanced': 1935707, 'untileable6': 37085, 'periodic': 2608} [484s]
  1975600/2098208 {'unbalanced': 1935901, 'untileable6': 37091, 'periodic': 2608} [484s]
  1975800/2098208 {'unbalanced': 1936100, 'untileable6': 37092, 'periodic': 2608} [485s]
  1976000/2098208 {'unbalanced': 1936294, 'untileable6': 37098, 'periodic': 2608} [485s]
  1976200/2098208 {'unbalanced': 1936486, 'untileable6': 37106, 'periodic': 2608} [485s]
  1976400/2098208 {'unbalanced': 1936671, 'untileable6': 37121, 'periodic': 2608} [485s]
  1976600/2098208 {'unbalanced': 1936871, 'untileable6': 37121, 'periodic': 2608} [485s]
  1976800/2098208 {'unbalanced': 1937068, 'untileable6': 37123, 'periodic': 2609} [485s]
  1977000/2098208 {'unbalanced': 1937268, 'untileable6': 37123, 'periodic': 2609} [485s]
  1977200/2098208 {'unbalanced': 1937464, 'untileable6': 37126, 'periodic': 2610} [485s]
  1977400/2098208 {'unbalanced': 1937660, 'untileable6': 37130, 'periodic': 2610} [485s]
  1977600/2098208 {'unbalanced': 1937856, 'untileable6': 37134, 'periodic': 2610} [485s]
  1977800/2098208 {'unbalanced': 1938056, 'untileable6': 37134, 'periodic': 2610} [485s]
  1978000/2098208 {'unbalanced': 1938253, 'untileable6': 37136, 'periodic': 2611} [485s]
  1978200/2098208 {'unbalanced': 1938445, 'untileable6': 37144, 'periodic': 2611} [485s]
  1978400/2098208 {'unbalanced': 1938639, 'untileable6': 37149, 'periodic': 2612} [485s]
  1978600/2098208 {'unbalanced': 1938828, 'untileable6': 37160, 'periodic': 2612} [485s]
  1978800/2098208 {'unbalanced': 1939018, 'untileable6': 37170, 'periodic': 2612} [485s]
  1979000/2098208 {'unbalanced': 1939216, 'untileable6': 37171, 'periodic': 2613} [485s]
  1979200/2098208 {'unbalanced': 1939414, 'untileable6': 37173, 'periodic': 2613} [485s]
  1979400/2098208 {'unbalanced': 1939612, 'untileable6': 37174, 'periodic': 2614} [485s]
  1979600/2098208 {'unbalanced': 1939806, 'untileable6': 37180, 'periodic': 2614} [485s]
  1979800/2098208 {'unbalanced': 1940004, 'untileable6': 37182, 'periodic': 2614} [485s]
  1980000/2098208 {'unbalanced': 1940204, 'untileable6': 37182, 'periodic': 2614} [485s]
  1980200/2098208 {'unbalanced': 1940400, 'untileable6': 37185, 'periodic': 2615} [485s]
  1980400/2098208 {'unbalanced': 1940592, 'untileable6': 37193, 'periodic': 2615} [485s]
  1980600/2098208 {'unbalanced': 1940786, 'untileable6': 37198, 'periodic': 2616} [485s]
  1980800/2098208 {'unbalanced': 1940975, 'untileable6': 37209, 'periodic': 2616} [485s]
  1981000/2098208 {'unbalanced': 1941158, 'untileable6': 37226, 'periodic': 2616} [485s]
  1981200/2098208 {'unbalanced': 1941358, 'untileable6': 37226, 'periodic': 2616} [485s]
  1981400/2098208 {'unbalanced': 1941558, 'untileable6': 37226, 'periodic': 2616} [485s]
  1981600/2098208 {'unbalanced': 1941757, 'untileable6': 37226, 'periodic': 2617} [485s]
  1981800/2098208 {'unbalanced': 1941957, 'untileable6': 37226, 'periodic': 2617} [485s]
  1982000/2098208 {'unbalanced': 1942156, 'untileable6': 37226, 'periodic': 2618} [485s]
  1982200/2098208 {'unbalanced': 1942356, 'untileable6': 37226, 'periodic': 2618} [485s]
  1982400/2098208 {'unbalanced': 1942554, 'untileable6': 37228, 'periodic': 2618} [485s]
  1982600/2098208 {'unbalanced': 1942754, 'untileable6': 37228, 'periodic': 2618} [485s]
  1982800/2098208 {'unbalanced': 1942954, 'untileable6': 37228, 'periodic': 2618} [485s]
  1983000/2098208 {'unbalanced': 1943151, 'untileable6': 37230, 'periodic': 2619} [485s]
  1983200/2098208 {'unbalanced': 1943350, 'untileable6': 37230, 'periodic': 2620} [485s]
  1983400/2098208 {'unbalanced': 1943542, 'untileable6': 37238, 'periodic': 2620} [485s]
  1983600/2098208 {'unbalanced': 1943742, 'untileable6': 37238, 'periodic': 2620} [485s]
  1983800/2098208 {'unbalanced': 1943939, 'untileable6': 37241, 'periodic': 2620} [485s]
  1984000/2098208 {'unbalanced': 1944133, 'untileable6': 37246, 'periodic': 2621} [485s]
  1984200/2098208 {'unbalanced': 1944315, 'untileable6': 37264, 'periodic': 2621} [485s]
  1984400/2098208 {'unbalanced': 1944512, 'untileable6': 37267, 'periodic': 2621} [485s]
  1984600/2098208 {'unbalanced': 1944712, 'untileable6': 37267, 'periodic': 2621} [485s]
  1984800/2098208 {'unbalanced': 1944902, 'untileable6': 37276, 'periodic': 2622} [485s]
  1985000/2098208 {'unbalanced': 1945096, 'untileable6': 37282, 'periodic': 2622} [485s]
  1985200/2098208 {'unbalanced': 1945285, 'untileable6': 37292, 'periodic': 2623} [485s]
  1985400/2098208 {'unbalanced': 1945475, 'untileable6': 37302, 'periodic': 2623} [485s]
  1985600/2098208 {'unbalanced': 1945654, 'untileable6': 37323, 'periodic': 2623} [485s]
  1985800/2098208 {'unbalanced': 1945852, 'untileable6': 37325, 'periodic': 2623} [485s]
  1986000/2098208 {'unbalanced': 1946051, 'untileable6': 37326, 'periodic': 2623} [485s]
  1986200/2098208 {'unbalanced': 1946242, 'untileable6': 37334, 'periodic': 2624} [485s]
  1986400/2098208 {'unbalanced': 1946438, 'untileable6': 37338, 'periodic': 2624} [485s]
  1986600/2098208 {'unbalanced': 1946630, 'untileable6': 37345, 'periodic': 2625} [485s]
  1986800/2098208 {'unbalanced': 1946820, 'untileable6': 37355, 'periodic': 2625} [485s]
  1987000/2098208 {'unbalanced': 1947008, 'untileable6': 37367, 'periodic': 2625} [485s]
  1987200/2098208 {'unbalanced': 1947208, 'untileable6': 37367, 'periodic': 2625} [485s]
  1987400/2098208 {'unbalanced': 1947403, 'untileable6': 37371, 'periodic': 2626} [485s]
  1987600/2098208 {'unbalanced': 1947597, 'untileable6': 37377, 'periodic': 2626} [485s]
  1987800/2098208 {'unbalanced': 1947790, 'untileable6': 37383, 'periodic': 2627} [485s]
  1988000/2098208 {'unbalanced': 1947973, 'untileable6': 37400, 'periodic': 2627} [485s]
  1988200/2098208 {'unbalanced': 1948173, 'untileable6': 37400, 'periodic': 2627} [485s]
  1988400/2098208 {'unbalanced': 1948366, 'untileable6': 37406, 'periodic': 2628} [485s]
  1988600/2098208 {'unbalanced': 1948560, 'untileable6': 37412, 'periodic': 2628} [485s]
  1988800/2098208 {'unbalanced': 1948750, 'untileable6': 37421, 'periodic': 2629} [485s]
  1989000/2098208 {'unbalanced': 1948939, 'untileable6': 37432, 'periodic': 2629} [486s]
  1989200/2098208 {'unbalanced': 1949132, 'untileable6': 37439, 'periodic': 2629} [486s]
  1989400/2098208 {'unbalanced': 1949332, 'untileable6': 37439, 'periodic': 2629} [486s]
  1989600/2098208 {'unbalanced': 1949526, 'untileable6': 37445, 'periodic': 2629} [486s]
  1989800/2098208 {'unbalanced': 1949720, 'untileable6': 37450, 'periodic': 2630} [486s]
  1990000/2098208 {'unbalanced': 1949913, 'untileable6': 37456, 'periodic': 2631} [486s]
  1990200/2098208 {'unbalanced': 1950099, 'untileable6': 37470, 'periodic': 2631} [486s]
  1990400/2098208 {'unbalanced': 1950290, 'untileable6': 37479, 'periodic': 2631} [486s]
  1990600/2098208 {'unbalanced': 1950490, 'untileable6': 37479, 'periodic': 2631} [486s]
  1990800/2098208 {'unbalanced': 1950689, 'untileable6': 37480, 'periodic': 2631} [486s]
  1991000/2098208 {'unbalanced': 1950887, 'untileable6': 37481, 'periodic': 2632} [486s]
  1991200/2098208 {'unbalanced': 1951086, 'untileable6': 37482, 'periodic': 2632} [486s]
  1991400/2098208 {'unbalanced': 1951284, 'untileable6': 37483, 'periodic': 2633} [486s]
  1991600/2098208 {'unbalanced': 1951482, 'untileable6': 37485, 'periodic': 2633} [486s]
  1991800/2098208 {'unbalanced': 1951678, 'untileable6': 37489, 'periodic': 2633} [486s]
  1992000/2098208 {'unbalanced': 1951878, 'untileable6': 37489, 'periodic': 2633} [486s]
  1992200/2098208 {'unbalanced': 1952078, 'untileable6': 37489, 'periodic': 2633} [486s]
  1992400/2098208 {'unbalanced': 1952275, 'untileable6': 37491, 'periodic': 2634} [486s]
  1992600/2098208 {'unbalanced': 1952473, 'untileable6': 37493, 'periodic': 2634} [486s]
  1992800/2098208 {'unbalanced': 1952669, 'untileable6': 37497, 'periodic': 2634} [486s]
  1993000/2098208 {'unbalanced': 1952869, 'untileable6': 37497, 'periodic': 2634} [486s]
  1993200/2098208 {'unbalanced': 1953063, 'untileable6': 37502, 'periodic': 2635} [486s]
  1993400/2098208 {'unbalanced': 1953260, 'untileable6': 37505, 'periodic': 2635} [486s]
  1993600/2098208 {'unbalanced': 1953457, 'untileable6': 37508, 'periodic': 2635} [486s]
  1993800/2098208 {'unbalanced': 1953652, 'untileable6': 37513, 'periodic': 2635} [486s]
  1994000/2098208 {'unbalanced': 1953845, 'untileable6': 37520, 'periodic': 2635} [486s]
  1994200/2098208 {'unbalanced': 1954028, 'untileable6': 37536, 'periodic': 2636} [486s]
  1994400/2098208 {'unbalanced': 1954219, 'untileable6': 37545, 'periodic': 2636} [486s]
  1994600/2098208 {'unbalanced': 1954398, 'untileable6': 37565, 'periodic': 2637} [486s]
  1994800/2098208 {'unbalanced': 1954591, 'untileable6': 37572, 'periodic': 2637} [486s]
  1995000/2098208 {'unbalanced': 1954782, 'untileable6': 37581, 'periodic': 2637} [486s]
  1995200/2098208 {'unbalanced': 1954979, 'untileable6': 37584, 'periodic': 2637} [486s]
  1995400/2098208 {'unbalanced': 1955175, 'untileable6': 37587, 'periodic': 2638} [486s]
  1995600/2098208 {'unbalanced': 1955373, 'untileable6': 37589, 'periodic': 2638} [486s]
  1995800/2098208 {'unbalanced': 1955565, 'untileable6': 37596, 'periodic': 2639} [486s]
  1996000/2098208 {'unbalanced': 1955765, 'untileable6': 37596, 'periodic': 2639} [486s]
  1996200/2098208 {'unbalanced': 1955961, 'untileable6': 37600, 'periodic': 2639} [486s]
  1996400/2098208 {'unbalanced': 1956155, 'untileable6': 37606, 'periodic': 2639} [486s]
  1996600/2098208 {'unbalanced': 1956347, 'untileable6': 37614, 'periodic': 2639} [486s]
  1996800/2098208 {'unbalanced': 1956535, 'untileable6': 37625, 'periodic': 2640} [486s]
  1997000/2098208 {'unbalanced': 1956723, 'untileable6': 37636, 'periodic': 2641} [486s]
  1997200/2098208 {'unbalanced': 1956908, 'untileable6': 37651, 'periodic': 2641} [486s]
  1997400/2098208 {'unbalanced': 1957103, 'untileable6': 37656, 'periodic': 2641} [486s]
  1997600/2098208 {'unbalanced': 1957299, 'untileable6': 37660, 'periodic': 2641} [486s]
  1997800/2098208 {'unbalanced': 1957497, 'untileable6': 37661, 'periodic': 2642} [486s]
  1998000/2098208 {'unbalanced': 1957689, 'untileable6': 37668, 'periodic': 2643} [486s]
  1998200/2098208 {'unbalanced': 1957889, 'untileable6': 37668, 'periodic': 2643} [486s]
  1998400/2098208 {'unbalanced': 1958085, 'untileable6': 37672, 'periodic': 2643} [486s]
  1998600/2098208 {'unbalanced': 1958277, 'untileable6': 37680, 'periodic': 2643} [486s]
  1998800/2098208 {'unbalanced': 1958469, 'untileable6': 37688, 'periodic': 2643} [486s]
  1999000/2098208 {'unbalanced': 1958656, 'untileable6': 37700, 'periodic': 2644} [486s]
  1999200/2098208 {'unbalanced': 1958845, 'untileable6': 37710, 'periodic': 2645} [486s]
  1999400/2098208 {'unbalanced': 1959030, 'untileable6': 37725, 'periodic': 2645} [486s]
  1999600/2098208 {'unbalanced': 1959222, 'untileable6': 37733, 'periodic': 2645} [486s]
  1999800/2098208 {'unbalanced': 1959420, 'untileable6': 37735, 'periodic': 2645} [486s]
  2000000/2098208 {'unbalanced': 1959619, 'untileable6': 37736, 'periodic': 2645} [486s]
  2000200/2098208 {'unbalanced': 1959819, 'untileable6': 37736, 'periodic': 2645} [486s]
  2000400/2098208 {'unbalanced': 1960017, 'untileable6': 37737, 'periodic': 2646} [486s]
  2000600/2098208 {'unbalanced': 1960215, 'untileable6': 37738, 'periodic': 2647} [486s]
  2000800/2098208 {'unbalanced': 1960415, 'untileable6': 37738, 'periodic': 2647} [486s]
  2001000/2098208 {'unbalanced': 1960614, 'untileable6': 37739, 'periodic': 2647} [486s]
  2001200/2098208 {'unbalanced': 1960813, 'untileable6': 37740, 'periodic': 2647} [486s]
  2001400/2098208 {'unbalanced': 1961011, 'untileable6': 37742, 'periodic': 2647} [486s]
  2001600/2098208 {'unbalanced': 1961209, 'untileable6': 37743, 'periodic': 2648} [486s]
  2001800/2098208 {'unbalanced': 1961405, 'untileable6': 37747, 'periodic': 2648} [486s]
  2002000/2098208 {'unbalanced': 1961598, 'untileable6': 37754, 'periodic': 2648} [486s]
  2002200/2098208 {'unbalanced': 1961795, 'untileable6': 37754, 'periodic': 2651} [486s]
  2002400/2098208 {'unbalanced': 1961983, 'untileable6': 37766, 'periodic': 2651} [487s]
  2002600/2098208 {'unbalanced': 1962165, 'untileable6': 37783, 'periodic': 2652} [487s]
  2002800/2098208 {'unbalanced': 1962357, 'untileable6': 37791, 'periodic': 2652} [487s]
  2003000/2098208 {'unbalanced': 1962547, 'untileable6': 37801, 'periodic': 2652} [487s]
  2003200/2098208 {'unbalanced': 1962737, 'untileable6': 37811, 'periodic': 2652} [487s]
  2003400/2098208 {'unbalanced': 1962923, 'untileable6': 37825, 'periodic': 2652} [487s]
  2003600/2098208 {'unbalanced': 1963107, 'untileable6': 37840, 'periodic': 2653} [487s]
  2003800/2098208 {'unbalanced': 1963290, 'untileable6': 37856, 'periodic': 2654} [487s]
  2004000/2098208 {'unbalanced': 1963477, 'untileable6': 37869, 'periodic': 2654} [487s]
  2004200/2098208 {'unbalanced': 1963668, 'untileable6': 37878, 'periodic': 2654} [487s]
  2004400/2098208 {'unbalanced': 1963864, 'untileable6': 37882, 'periodic': 2654} [487s]
  2004600/2098208 {'unbalanced': 1964056, 'untileable6': 37890, 'periodic': 2654} [487s]
  2004800/2098208 {'unbalanced': 1964242, 'untileable6': 37903, 'periodic': 2655} [487s]
  2005000/2098208 {'unbalanced': 1964429, 'untileable6': 37916, 'periodic': 2655} [487s]
  2005200/2098208 {'unbalanced': 1964615, 'untileable6': 37929, 'periodic': 2656} [487s]
  2005400/2098208 {'unbalanced': 1964809, 'untileable6': 37935, 'periodic': 2656} [487s]
  2005600/2098208 {'unbalanced': 1965003, 'untileable6': 37941, 'periodic': 2656} [487s]
  2005800/2098208 {'unbalanced': 1965195, 'untileable6': 37949, 'periodic': 2656} [487s]
  2006000/2098208 {'unbalanced': 1965391, 'untileable6': 37953, 'periodic': 2656} [487s]
  2006200/2098208 {'unbalanced': 1965575, 'untileable6': 37968, 'periodic': 2657} [487s]
  2006400/2098208 {'unbalanced': 1965767, 'untileable6': 37975, 'periodic': 2658} [487s]
  2006600/2098208 {'unbalanced': 1965952, 'untileable6': 37990, 'periodic': 2658} [487s]
  2006800/2098208 {'unbalanced': 1966146, 'untileable6': 37996, 'periodic': 2658} [487s]
  2007000/2098208 {'unbalanced': 1966333, 'untileable6': 38009, 'periodic': 2658} [487s]
  2007200/2098208 {'unbalanced': 1966519, 'untileable6': 38022, 'periodic': 2659} [487s]
  2007400/2098208 {'unbalanced': 1966705, 'untileable6': 38035, 'periodic': 2660} [487s]
  2007600/2098208 {'unbalanced': 1966901, 'untileable6': 38039, 'periodic': 2660} [487s]
  2007800/2098208 {'unbalanced': 1967095, 'untileable6': 38045, 'periodic': 2660} [487s]
  2008000/2098208 {'unbalanced': 1967285, 'untileable6': 38055, 'periodic': 2660} [487s]
  2008200/2098208 {'unbalanced': 1967477, 'untileable6': 38063, 'periodic': 2660} [487s]
  2008400/2098208 {'unbalanced': 1967667, 'untileable6': 38072, 'periodic': 2661} [487s]
  2008600/2098208 {'unbalanced': 1967854, 'untileable6': 38084, 'periodic': 2662} [487s]
  2008800/2098208 {'unbalanced': 1968043, 'untileable6': 38095, 'periodic': 2662} [487s]
  2009000/2098208 {'unbalanced': 1968237, 'untileable6': 38101, 'periodic': 2662} [487s]
  2009200/2098208 {'unbalanced': 1968436, 'untileable6': 38102, 'periodic': 2662} [487s]
  2009400/2098208 {'unbalanced': 1968634, 'untileable6': 38104, 'periodic': 2662} [487s]
  2009600/2098208 {'unbalanced': 1968830, 'untileable6': 38107, 'periodic': 2663} [487s]
  2009800/2098208 {'unbalanced': 1969026, 'untileable6': 38111, 'periodic': 2663} [487s]
  2010000/2098208 {'unbalanced': 1969223, 'untileable6': 38114, 'periodic': 2663} [487s]
  2010200/2098208 {'unbalanced': 1969422, 'untileable6': 38115, 'periodic': 2663} [487s]
  2010400/2098208 {'unbalanced': 1969620, 'untileable6': 38116, 'periodic': 2664} [487s]
  2010600/2098208 {'unbalanced': 1969818, 'untileable6': 38118, 'periodic': 2664} [487s]
  2010800/2098208 {'unbalanced': 1970017, 'untileable6': 38119, 'periodic': 2664} [487s]
  2011000/2098208 {'unbalanced': 1970214, 'untileable6': 38122, 'periodic': 2664} [487s]
  2011200/2098208 {'unbalanced': 1970412, 'untileable6': 38123, 'periodic': 2665} [487s]
  2011400/2098208 {'unbalanced': 1970608, 'untileable6': 38126, 'periodic': 2666} [488s]
  2011600/2098208 {'unbalanced': 1970807, 'untileable6': 38127, 'periodic': 2666} [488s]
  2011800/2098208 {'unbalanced': 1971001, 'untileable6': 38133, 'periodic': 2666} [488s]
  2012000/2098208 {'unbalanced': 1971200, 'untileable6': 38134, 'periodic': 2666} [488s]
  2012200/2098208 {'unbalanced': 1971394, 'untileable6': 38140, 'periodic': 2666} [488s]
  2012400/2098208 {'unbalanced': 1971590, 'untileable6': 38144, 'periodic': 2666} [488s]
  2012600/2098208 {'unbalanced': 1971785, 'untileable6': 38149, 'periodic': 2666} [488s]
  2012800/2098208 {'unbalanced': 1971973, 'untileable6': 38161, 'periodic': 2666} [488s]
  2013000/2098208 {'unbalanced': 1972159, 'untileable6': 38175, 'periodic': 2666} [488s]
  2013200/2098208 {'unbalanced': 1972341, 'untileable6': 38192, 'periodic': 2667} [488s]
  2013400/2098208 {'unbalanced': 1972528, 'untileable6': 38205, 'periodic': 2667} [488s]
  2013600/2098208 {'unbalanced': 1972717, 'untileable6': 38216, 'periodic': 2667} [488s]
  2013800/2098208 {'unbalanced': 1972915, 'untileable6': 38218, 'periodic': 2667} [488s]
  2014000/2098208 {'unbalanced': 1973112, 'untileable6': 38221, 'periodic': 2667} [488s]
  2014200/2098208 {'unbalanced': 1973306, 'untileable6': 38226, 'periodic': 2668} [488s]
  2014400/2098208 {'unbalanced': 1973502, 'untileable6': 38230, 'periodic': 2668} [488s]
  2014600/2098208 {'unbalanced': 1973698, 'untileable6': 38233, 'periodic': 2669} [488s]
  2014800/2098208 {'unbalanced': 1973896, 'untileable6': 38235, 'periodic': 2669} [488s]
  2015000/2098208 {'unbalanced': 1974090, 'untileable6': 38241, 'periodic': 2669} [488s]
  2015200/2098208 {'unbalanced': 1974284, 'untileable6': 38247, 'periodic': 2669} [488s]
  2015400/2098208 {'unbalanced': 1974476, 'untileable6': 38255, 'periodic': 2669} [488s]
  2015600/2098208 {'unbalanced': 1974666, 'untileable6': 38264, 'periodic': 2670} [488s]
  2015800/2098208 {'unbalanced': 1974852, 'untileable6': 38277, 'periodic': 2671} [488s]
  2016000/2098208 {'unbalanced': 1975037, 'untileable6': 38292, 'periodic': 2671} [488s]
  2016200/2098208 {'unbalanced': 1975231, 'untileable6': 38298, 'periodic': 2671} [488s]
  2016400/2098208 {'unbalanced': 1975429, 'untileable6': 38300, 'periodic': 2671} [488s]
  2016600/2098208 {'unbalanced': 1975625, 'untileable6': 38303, 'periodic': 2672} [488s]
  2016800/2098208 {'unbalanced': 1975817, 'untileable6': 38310, 'periodic': 2673} [488s]
  2017000/2098208 {'unbalanced': 1976017, 'untileable6': 38310, 'periodic': 2673} [488s]
  2017200/2098208 {'unbalanced': 1976211, 'untileable6': 38316, 'periodic': 2673} [488s]
  2017400/2098208 {'unbalanced': 1976407, 'untileable6': 38320, 'periodic': 2673} [488s]
  2017600/2098208 {'unbalanced': 1976599, 'untileable6': 38328, 'periodic': 2673} [488s]
  2017800/2098208 {'unbalanced': 1976791, 'untileable6': 38335, 'periodic': 2674} [488s]
  2018000/2098208 {'unbalanced': 1976975, 'untileable6': 38351, 'periodic': 2674} [488s]
  2018200/2098208 {'unbalanced': 1977165, 'untileable6': 38360, 'periodic': 2675} [488s]
  2018400/2098208 {'unbalanced': 1977350, 'untileable6': 38375, 'periodic': 2675} [488s]
  2018600/2098208 {'unbalanced': 1977543, 'untileable6': 38382, 'periodic': 2675} [488s]
  2018800/2098208 {'unbalanced': 1977743, 'untileable6': 38382, 'periodic': 2675} [488s]
  2019000/2098208 {'unbalanced': 1977942, 'untileable6': 38383, 'periodic': 2675} [488s]
  2019200/2098208 {'unbalanced': 1978140, 'untileable6': 38384, 'periodic': 2676} [488s]
  2019400/2098208 {'unbalanced': 1978340, 'untileable6': 38384, 'periodic': 2676} [488s]
  2019600/2098208 {'unbalanced': 1978538, 'untileable6': 38385, 'periodic': 2677} [488s]
  2019800/2098208 {'unbalanced': 1978738, 'untileable6': 38385, 'periodic': 2677} [488s]
  2020000/2098208 {'unbalanced': 1978936, 'untileable6': 38387, 'periodic': 2677} [488s]
  2020200/2098208 {'unbalanced': 1979135, 'untileable6': 38388, 'periodic': 2677} [488s]
  2020400/2098208 {'unbalanced': 1979333, 'untileable6': 38390, 'periodic': 2677} [488s]
  2020600/2098208 {'unbalanced': 1979531, 'untileable6': 38391, 'periodic': 2678} [488s]
  2020800/2098208 {'unbalanced': 1979726, 'untileable6': 38396, 'periodic': 2678} [488s]
  2021000/2098208 {'unbalanced': 1979920, 'untileable6': 38401, 'periodic': 2679} [488s]
  2021200/2098208 {'unbalanced': 1980118, 'untileable6': 38403, 'periodic': 2679} [488s]
  2021400/2098208 {'unbalanced': 1980307, 'untileable6': 38412, 'periodic': 2681} [488s]
  2021600/2098208 {'unbalanced': 1980490, 'untileable6': 38429, 'periodic': 2681} [488s]
  2021800/2098208 {'unbalanced': 1980680, 'untileable6': 38438, 'periodic': 2682} [488s]
  2022000/2098208 {'unbalanced': 1980870, 'untileable6': 38448, 'periodic': 2682} [488s]
  2022200/2098208 {'unbalanced': 1981059, 'untileable6': 38459, 'periodic': 2682} [488s]
  2022400/2098208 {'unbalanced': 1981252, 'untileable6': 38466, 'periodic': 2682} [488s]
  2022600/2098208 {'unbalanced': 1981436, 'untileable6': 38482, 'periodic': 2682} [488s]
  2022800/2098208 {'unbalanced': 1981623, 'untileable6': 38494, 'periodic': 2683} [488s]
  2023000/2098208 {'unbalanced': 1981805, 'untileable6': 38511, 'periodic': 2684} [489s]
  2023200/2098208 {'unbalanced': 1981993, 'untileable6': 38523, 'periodic': 2684} [489s]
  2023400/2098208 {'unbalanced': 1982183, 'untileable6': 38533, 'periodic': 2684} [489s]
  2023600/2098208 {'unbalanced': 1982379, 'untileable6': 38537, 'periodic': 2684} [489s]
  2023800/2098208 {'unbalanced': 1982571, 'untileable6': 38545, 'periodic': 2684} [489s]
  2024000/2098208 {'unbalanced': 1982758, 'untileable6': 38558, 'periodic': 2684} [489s]
  2024200/2098208 {'unbalanced': 1982945, 'untileable6': 38570, 'periodic': 2685} [489s]
  2024400/2098208 {'unbalanced': 1983132, 'untileable6': 38582, 'periodic': 2686} [489s]
  2024600/2098208 {'unbalanced': 1983323, 'untileable6': 38591, 'periodic': 2686} [489s]
  2024800/2098208 {'unbalanced': 1983516, 'untileable6': 38598, 'periodic': 2686} [489s]
  2025000/2098208 {'unbalanced': 1983709, 'untileable6': 38605, 'periodic': 2686} [489s]
  2025200/2098208 {'unbalanced': 1983904, 'untileable6': 38610, 'periodic': 2686} [489s]
  2025400/2098208 {'unbalanced': 1984091, 'untileable6': 38622, 'periodic': 2687} [489s]
  2025600/2098208 {'unbalanced': 1984282, 'untileable6': 38631, 'periodic': 2687} [489s]
  2025800/2098208 {'unbalanced': 1984468, 'untileable6': 38644, 'periodic': 2688} [489s]
  2026000/2098208 {'unbalanced': 1984659, 'untileable6': 38653, 'periodic': 2688} [489s]
  2026200/2098208 {'unbalanced': 1984852, 'untileable6': 38660, 'periodic': 2688} [489s]
  2026400/2098208 {'unbalanced': 1985037, 'untileable6': 38674, 'periodic': 2689} [489s]
  2026600/2098208 {'unbalanced': 1985227, 'untileable6': 38684, 'periodic': 2689} [489s]
  2026800/2098208 {'unbalanced': 1985413, 'untileable6': 38697, 'periodic': 2690} [489s]
  2027000/2098208 {'unbalanced': 1985607, 'untileable6': 38703, 'periodic': 2690} [489s]
  2027200/2098208 {'unbalanced': 1985801, 'untileable6': 38709, 'periodic': 2690} [489s]
  2027400/2098208 {'unbalanced': 1985993, 'untileable6': 38717, 'periodic': 2690} [489s]
  2027600/2098208 {'unbalanced': 1986187, 'untileable6': 38723, 'periodic': 2690} [489s]
  2027800/2098208 {'unbalanced': 1986371, 'untileable6': 38738, 'periodic': 2691} [489s]
  2028000/2098208 {'unbalanced': 1986566, 'untileable6': 38743, 'periodic': 2691} [489s]
  2028200/2098208 {'unbalanced': 1986748, 'untileable6': 38760, 'periodic': 2692} [489s]
  2028400/2098208 {'unbalanced': 1986941, 'untileable6': 38767, 'periodic': 2692} [489s]
  2028600/2098208 {'unbalanced': 1987139, 'untileable6': 38769, 'periodic': 2692} [489s]
  2028800/2098208 {'unbalanced': 1987337, 'untileable6': 38771, 'periodic': 2692} [489s]
  2029000/2098208 {'unbalanced': 1987535, 'untileable6': 38773, 'periodic': 2692} [489s]
  2029200/2098208 {'unbalanced': 1987731, 'untileable6': 38776, 'periodic': 2693} [489s]
  2029400/2098208 {'unbalanced': 1987929, 'untileable6': 38778, 'periodic': 2693} [489s]
  2029600/2098208 {'unbalanced': 1988125, 'untileable6': 38781, 'periodic': 2694} [489s]
  2029800/2098208 {'unbalanced': 1988323, 'untileable6': 38783, 'periodic': 2694} [489s]
  2030000/2098208 {'unbalanced': 1988521, 'untileable6': 38785, 'periodic': 2694} [489s]
  2030200/2098208 {'unbalanced': 1988719, 'untileable6': 38787, 'periodic': 2694} [489s]
  2030400/2098208 {'unbalanced': 1988918, 'untileable6': 38788, 'periodic': 2694} [489s]
  2030600/2098208 {'unbalanced': 1989114, 'untileable6': 38791, 'periodic': 2695} [489s]
  2030800/2098208 {'unbalanced': 1989312, 'untileable6': 38793, 'periodic': 2695} [489s]
  2031000/2098208 {'unbalanced': 1989506, 'untileable6': 38799, 'periodic': 2695} [489s]
  2031200/2098208 {'unbalanced': 1989706, 'untileable6': 38799, 'periodic': 2695} [489s]
  2031400/2098208 {'unbalanced': 1989899, 'untileable6': 38805, 'periodic': 2696} [489s]
  2031600/2098208 {'unbalanced': 1990099, 'untileable6': 38805, 'periodic': 2696} [489s]
  2031800/2098208 {'unbalanced': 1990299, 'untileable6': 38805, 'periodic': 2696} [489s]
  2032000/2098208 {'unbalanced': 1990490, 'untileable6': 38814, 'periodic': 2696} [489s]
  2032200/2098208 {'unbalanced': 1990670, 'untileable6': 38834, 'periodic': 2696} [489s]
  2032400/2098208 {'unbalanced': 1990861, 'untileable6': 38842, 'periodic': 2697} [489s]
  2032600/2098208 {'unbalanced': 1991051, 'untileable6': 38852, 'periodic': 2697} [489s]
  2032800/2098208 {'unbalanced': 1991245, 'untileable6': 38857, 'periodic': 2698} [489s]
  2033000/2098208 {'unbalanced': 1991435, 'untileable6': 38867, 'periodic': 2698} [489s]
  2033200/2098208 {'unbalanced': 1991635, 'untileable6': 38867, 'periodic': 2698} [489s]
  2033400/2098208 {'unbalanced': 1991835, 'untileable6': 38867, 'periodic': 2698} [489s]
  2033600/2098208 {'unbalanced': 1992029, 'untileable6': 38873, 'periodic': 2698} [489s]
  2033800/2098208 {'unbalanced': 1992227, 'untileable6': 38874, 'periodic': 2699} [490s]
  2034000/2098208 {'unbalanced': 1992426, 'untileable6': 38875, 'periodic': 2699} [490s]
  2034200/2098208 {'unbalanced': 1992620, 'untileable6': 38880, 'periodic': 2700} [490s]
  2034400/2098208 {'unbalanced': 1992820, 'untileable6': 38880, 'periodic': 2700} [490s]
  2034600/2098208 {'unbalanced': 1993020, 'untileable6': 38880, 'periodic': 2700} [490s]
  2034800/2098208 {'unbalanced': 1993212, 'untileable6': 38888, 'periodic': 2700} [490s]
  2035000/2098208 {'unbalanced': 1993396, 'untileable6': 38904, 'periodic': 2700} [490s]
  2035200/2098208 {'unbalanced': 1993590, 'untileable6': 38909, 'periodic': 2701} [490s]
  2035400/2098208 {'unbalanced': 1993784, 'untileable6': 38915, 'periodic': 2701} [490s]
  2035600/2098208 {'unbalanced': 1993976, 'untileable6': 38922, 'periodic': 2702} [490s]
  2035800/2098208 {'unbalanced': 1994176, 'untileable6': 38922, 'periodic': 2702} [490s]
  2036000/2098208 {'unbalanced': 1994372, 'untileable6': 38926, 'periodic': 2702} [490s]
  2036200/2098208 {'unbalanced': 1994570, 'untileable6': 38927, 'periodic': 2703} [490s]
  2036400/2098208 {'unbalanced': 1994768, 'untileable6': 38929, 'periodic': 2703} [490s]
  2036600/2098208 {'unbalanced': 1994964, 'untileable6': 38932, 'periodic': 2704} [490s]
  2036800/2098208 {'unbalanced': 1995164, 'untileable6': 38932, 'periodic': 2704} [490s]
  2037000/2098208 {'unbalanced': 1995360, 'untileable6': 38936, 'periodic': 2704} [490s]
  2037200/2098208 {'unbalanced': 1995549, 'untileable6': 38947, 'periodic': 2704} [490s]
  2037400/2098208 {'unbalanced': 1995738, 'untileable6': 38958, 'periodic': 2704} [490s]
  2037600/2098208 {'unbalanced': 1995931, 'untileable6': 38964, 'periodic': 2705} [490s]
  2037800/2098208 {'unbalanced': 1996125, 'untileable6': 38970, 'periodic': 2705} [490s]
  2038000/2098208 {'unbalanced': 1996318, 'untileable6': 38976, 'periodic': 2706} [490s]
  2038200/2098208 {'unbalanced': 1996518, 'untileable6': 38976, 'periodic': 2706} [490s]
  2038400/2098208 {'unbalanced': 1996718, 'untileable6': 38976, 'periodic': 2706} [490s]
  2038600/2098208 {'unbalanced': 1996916, 'untileable6': 38978, 'periodic': 2706} [490s]
  2038800/2098208 {'unbalanced': 1997116, 'untileable6': 38978, 'periodic': 2706} [490s]
  2039000/2098208 {'unbalanced': 1997315, 'untileable6': 38978, 'periodic': 2707} [490s]
  2039200/2098208 {'unbalanced': 1997515, 'untileable6': 38978, 'periodic': 2707} [490s]
  2039400/2098208 {'unbalanced': 1997713, 'untileable6': 38979, 'periodic': 2708} [490s]
  2039600/2098208 {'unbalanced': 1997913, 'untileable6': 38979, 'periodic': 2708} [490s]
  2039800/2098208 {'unbalanced': 1998113, 'untileable6': 38979, 'periodic': 2708} [490s]
  2040000/2098208 {'unbalanced': 1998309, 'untileable6': 38983, 'periodic': 2708} [490s]
  2040200/2098208 {'unbalanced': 1998507, 'untileable6': 38985, 'periodic': 2708} [490s]
  2040400/2098208 {'unbalanced': 1998704, 'untileable6': 38987, 'periodic': 2709} [490s]
  2040600/2098208 {'unbalanced': 1998902, 'untileable6': 38988, 'periodic': 2710} [490s]
  2040800/2098208 {'unbalanced': 1999098, 'untileable6': 38992, 'periodic': 2710} [490s]
  2041000/2098208 {'unbalanced': 1999290, 'untileable6': 38999, 'periodic': 2711} [490s]
  2041200/2098208 {'unbalanced': 1999483, 'untileable6': 39006, 'periodic': 2711} [490s]
  2041400/2098208 {'unbalanced': 1999674, 'untileable6': 39014, 'periodic': 2712} [490s]
  2041600/2098208 {'unbalanced': 1999874, 'untileable6': 39014, 'periodic': 2712} [490s]
  2041800/2098208 {'unbalanced': 2000071, 'untileable6': 39017, 'periodic': 2712} [490s]
  2042000/2098208 {'unbalanced': 2000253, 'untileable6': 39035, 'periodic': 2712} [490s]
  2042200/2098208 {'unbalanced': 2000443, 'untileable6': 39045, 'periodic': 2712} [490s]
  2042400/2098208 {'unbalanced': 2000635, 'untileable6': 39052, 'periodic': 2713} [490s]
  2042600/2098208 {'unbalanced': 2000830, 'untileable6': 39057, 'periodic': 2713} [490s]
  2042800/2098208 {'unbalanced': 2001021, 'untileable6': 39065, 'periodic': 2714} [490s]
  2043000/2098208 {'unbalanced': 2001220, 'untileable6': 39066, 'periodic': 2714} [490s]
  2043200/2098208 {'unbalanced': 2001419, 'untileable6': 39067, 'periodic': 2714} [490s]
  2043400/2098208 {'unbalanced': 2001603, 'untileable6': 39083, 'periodic': 2714} [490s]
  2043600/2098208 {'unbalanced': 2001794, 'untileable6': 39092, 'periodic': 2714} [490s]
  2043800/2098208 {'unbalanced': 2001988, 'untileable6': 39097, 'periodic': 2715} [490s]
  2044000/2098208 {'unbalanced': 2002182, 'untileable6': 39103, 'periodic': 2715} [490s]
  2044200/2098208 {'unbalanced': 2002376, 'untileable6': 39108, 'periodic': 2716} [490s]
  2044400/2098208 {'unbalanced': 2002576, 'untileable6': 39108, 'periodic': 2716} [490s]
  2044600/2098208 {'unbalanced': 2002776, 'untileable6': 39108, 'periodic': 2716} [490s]
  2044800/2098208 {'unbalanced': 2002960, 'untileable6': 39124, 'periodic': 2716} [490s]
  2045000/2098208 {'unbalanced': 2003154, 'untileable6': 39130, 'periodic': 2716} [490s]
  2045200/2098208 {'unbalanced': 2003348, 'untileable6': 39135, 'periodic': 2717} [490s]
  2045400/2098208 {'unbalanced': 2003546, 'untileable6': 39137, 'periodic': 2717} [490s]
  2045600/2098208 {'unbalanced': 2003739, 'untileable6': 39143, 'periodic': 2718} [490s]
  2045800/2098208 {'unbalanced': 2003928, 'untileable6': 39154, 'periodic': 2718} [490s]
  2046000/2098208 {'unbalanced': 2004118, 'untileable6': 39164, 'periodic': 2718} [490s]
  2046200/2098208 {'unbalanced': 2004310, 'untileable6': 39171, 'periodic': 2719} [490s]
  2046400/2098208 {'unbalanced': 2004503, 'untileable6': 39177, 'periodic': 2720} [490s]
  2046600/2098208 {'unbalanced': 2004702, 'untileable6': 39178, 'periodic': 2720} [490s]
  2046800/2098208 {'unbalanced': 2004902, 'untileable6': 39178, 'periodic': 2720} [490s]
  2047000/2098208 {'unbalanced': 2005088, 'untileable6': 39192, 'periodic': 2720} [490s]
  2047200/2098208 {'unbalanced': 2005280, 'untileable6': 39200, 'periodic': 2720} [490s]
  2047400/2098208 {'unbalanced': 2005475, 'untileable6': 39204, 'periodic': 2721} [490s]
  2047600/2098208 {'unbalanced': 2005672, 'untileable6': 39207, 'periodic': 2721} [490s]
  2047800/2098208 {'unbalanced': 2005866, 'untileable6': 39212, 'periodic': 2722} [490s]
  2048000/2098208 {'unbalanced': 2006064, 'untileable6': 39214, 'periodic': 2722} [490s]
  2048200/2098208 {'unbalanced': 2006262, 'untileable6': 39216, 'periodic': 2722} [490s]
  2048400/2098208 {'unbalanced': 2006459, 'untileable6': 39219, 'periodic': 2722} [490s]
  2048600/2098208 {'unbalanced': 2006658, 'untileable6': 39220, 'periodic': 2722} [490s]
  2048800/2098208 {'unbalanced': 2006856, 'untileable6': 39221, 'periodic': 2723} [490s]
  2049000/2098208 {'unbalanced': 2007054, 'untileable6': 39223, 'periodic': 2723} [490s]
  2049200/2098208 {'unbalanced': 2007252, 'untileable6': 39224, 'periodic': 2724} [490s]
  2049400/2098208 {'unbalanced': 2007452, 'untileable6': 39224, 'periodic': 2724} [490s]
  2049600/2098208 {'unbalanced': 2007652, 'untileable6': 39224, 'periodic': 2724} [490s]
  2049800/2098208 {'unbalanced': 2007848, 'untileable6': 39228, 'periodic': 2724} [490s]
  2050000/2098208 {'unbalanced': 2008046, 'untileable6': 39229, 'periodic': 2725} [490s]
  2050200/2098208 {'unbalanced': 2008245, 'untileable6': 39230, 'periodic': 2725} [490s]
  2050400/2098208 {'unbalanced': 2008444, 'untileable6': 39231, 'periodic': 2725} [490s]
  2050600/2098208 {'unbalanced': 2008642, 'untileable6': 39232, 'periodic': 2726} [490s]
  2050800/2098208 {'unbalanced': 2008840, 'untileable6': 39234, 'periodic': 2726} [490s]
  2051000/2098208 {'unbalanced': 2009033, 'untileable6': 39241, 'periodic': 2726} [491s]
  2051200/2098208 {'unbalanced': 2009226, 'untileable6': 39248, 'periodic': 2726} [491s]
  2051400/2098208 {'unbalanced': 2009414, 'untileable6': 39260, 'periodic': 2726} [491s]
  2051600/2098208 {'unbalanced': 2009602, 'untileable6': 39272, 'periodic': 2726} [491s]
  2051800/2098208 {'unbalanced': 2009802, 'untileable6': 39272, 'periodic': 2726} [491s]
  2052000/2098208 {'unbalanced': 2010000, 'untileable6': 39274, 'periodic': 2726} [491s]
  2052200/2098208 {'unbalanced': 2010190, 'untileable6': 39283, 'periodic': 2727} [491s]
  2052400/2098208 {'unbalanced': 2010383, 'untileable6': 39290, 'periodic': 2727} [491s]
  2052600/2098208 {'unbalanced': 2010571, 'untileable6': 39301, 'periodic': 2728} [491s]
  2052800/2098208 {'unbalanced': 2010760, 'untileable6': 39312, 'periodic': 2728} [491s]
  2053000/2098208 {'unbalanced': 2010943, 'untileable6': 39329, 'periodic': 2728} [491s]
  2053200/2098208 {'unbalanced': 2011139, 'untileable6': 39333, 'periodic': 2728} [491s]
  2053400/2098208 {'unbalanced': 2011337, 'untileable6': 39335, 'periodic': 2728} [491s]
  2053600/2098208 {'unbalanced': 2011529, 'untileable6': 39342, 'periodic': 2729} [491s]
  2053800/2098208 {'unbalanced': 2011723, 'untileable6': 39348, 'periodic': 2729} [491s]
  2054000/2098208 {'unbalanced': 2011912, 'untileable6': 39358, 'periodic': 2730} [491s]
  2054200/2098208 {'unbalanced': 2012101, 'untileable6': 39369, 'periodic': 2730} [491s]
  2054400/2098208 {'unbalanced': 2012286, 'untileable6': 39384, 'periodic': 2730} [491s]
  2054600/2098208 {'unbalanced': 2012482, 'untileable6': 39388, 'periodic': 2730} [491s]
  2054800/2098208 {'unbalanced': 2012682, 'untileable6': 39388, 'periodic': 2730} [491s]
  2055000/2098208 {'unbalanced': 2012882, 'untileable6': 39388, 'periodic': 2730} [491s]
  2055200/2098208 {'unbalanced': 2013071, 'untileable6': 39398, 'periodic': 2731} [491s]
  2055400/2098208 {'unbalanced': 2013267, 'untileable6': 39402, 'periodic': 2731} [491s]
  2055600/2098208 {'unbalanced': 2013460, 'untileable6': 39408, 'periodic': 2732} [491s]
  2055800/2098208 {'unbalanced': 2013647, 'untileable6': 39421, 'periodic': 2732} [491s]
  2056000/2098208 {'unbalanced': 2013842, 'untileable6': 39426, 'periodic': 2732} [491s]
  2056200/2098208 {'unbalanced': 2014035, 'untileable6': 39432, 'periodic': 2733} [491s]
  2056400/2098208 {'unbalanced': 2014228, 'untileable6': 39439, 'periodic': 2733} [491s]
  2056600/2098208 {'unbalanced': 2014417, 'untileable6': 39450, 'periodic': 2733} [491s]
  2056800/2098208 {'unbalanced': 2014606, 'untileable6': 39460, 'periodic': 2734} [491s]
  2057000/2098208 {'unbalanced': 2014793, 'untileable6': 39473, 'periodic': 2734} [491s]
  2057200/2098208 {'unbalanced': 2014984, 'untileable6': 39482, 'periodic': 2734} [491s]
  2057400/2098208 {'unbalanced': 2015184, 'untileable6': 39482, 'periodic': 2734} [491s]
  2057600/2098208 {'unbalanced': 2015384, 'untileable6': 39482, 'periodic': 2734} [491s]
  2057800/2098208 {'unbalanced': 2015574, 'untileable6': 39491, 'periodic': 2735} [491s]
  2058000/2098208 {'unbalanced': 2015770, 'untileable6': 39495, 'periodic': 2735} [491s]
  2058200/2098208 {'unbalanced': 2015962, 'untileable6': 39502, 'periodic': 2736} [491s]
  2058400/2098208 {'unbalanced': 2016153, 'untileable6': 39511, 'periodic': 2736} [491s]
  2058600/2098208 {'unbalanced': 2016340, 'untileable6': 39524, 'periodic': 2736} [491s]
  2058800/2098208 {'unbalanced': 2016538, 'untileable6': 39526, 'periodic': 2736} [491s]
  2059000/2098208 {'unbalanced': 2016738, 'untileable6': 39526, 'periodic': 2736} [491s]
  2059200/2098208 {'unbalanced': 2016935, 'untileable6': 39528, 'periodic': 2737} [491s]
  2059400/2098208 {'unbalanced': 2017133, 'untileable6': 39530, 'periodic': 2737} [491s]
  2059600/2098208 {'unbalanced': 2017330, 'untileable6': 39532, 'periodic': 2738} [491s]
  2059800/2098208 {'unbalanced': 2017526, 'untileable6': 39536, 'periodic': 2738} [491s]
  2060000/2098208 {'unbalanced': 2017723, 'untileable6': 39539, 'periodic': 2738} [491s]
  2060200/2098208 {'unbalanced': 2017921, 'untileable6': 39541, 'periodic': 2738} [491s]
  2060400/2098208 {'unbalanced': 2018121, 'untileable6': 39541, 'periodic': 2738} [491s]
  2060600/2098208 {'unbalanced': 2018321, 'untileable6': 39541, 'periodic': 2738} [491s]
  2060800/2098208 {'unbalanced': 2018518, 'untileable6': 39543, 'periodic': 2739} [491s]
  2061000/2098208 {'unbalanced': 2018717, 'untileable6': 39544, 'periodic': 2739} [491s]
  2061200/2098208 {'unbalanced': 2018917, 'untileable6': 39544, 'periodic': 2739} [491s]
  2061400/2098208 {'unbalanced': 2019109, 'untileable6': 39551, 'periodic': 2740} [491s]
  2061600/2098208 {'unbalanced': 2019305, 'untileable6': 39554, 'periodic': 2741} [491s]
  2061800/2098208 {'unbalanced': 2019492, 'untileable6': 39567, 'periodic': 2741} [491s]
  2062000/2098208 {'unbalanced': 2019686, 'untileable6': 39573, 'periodic': 2741} [491s]
  2062200/2098208 {'unbalanced': 2019874, 'untileable6': 39584, 'periodic': 2742} [491s]
  2062400/2098208 {'unbalanced': 2020060, 'untileable6': 39598, 'periodic': 2742} [491s]
  2062600/2098208 {'unbalanced': 2020251, 'untileable6': 39607, 'periodic': 2742} [492s]
  2062800/2098208 {'unbalanced': 2020451, 'untileable6': 39607, 'periodic': 2742} [492s]
  2063000/2098208 {'unbalanced': 2020651, 'untileable6': 39607, 'periodic': 2742} [492s]
  2063200/2098208 {'unbalanced': 2020845, 'untileable6': 39612, 'periodic': 2743} [492s]
  2063400/2098208 {'unbalanced': 2021045, 'untileable6': 39612, 'periodic': 2743} [492s]
  2063600/2098208 {'unbalanced': 2021239, 'untileable6': 39617, 'periodic': 2744} [492s]
  2063800/2098208 {'unbalanced': 2021438, 'untileable6': 39618, 'periodic': 2744} [492s]
  2064000/2098208 {'unbalanced': 2021629, 'untileable6': 39627, 'periodic': 2744} [492s]
  2064200/2098208 {'unbalanced': 2021829, 'untileable6': 39627, 'periodic': 2744} [492s]
  2064400/2098208 {'unbalanced': 2022029, 'untileable6': 39627, 'periodic': 2744} [492s]
  2064600/2098208 {'unbalanced': 2022219, 'untileable6': 39636, 'periodic': 2745} [492s]
  2064800/2098208 {'unbalanced': 2022410, 'untileable6': 39645, 'periodic': 2745} [492s]
  2065000/2098208 {'unbalanced': 2022604, 'untileable6': 39650, 'periodic': 2746} [492s]
  2065200/2098208 {'unbalanced': 2022794, 'untileable6': 39660, 'periodic': 2746} [492s]
  2065400/2098208 {'unbalanced': 2022984, 'untileable6': 39670, 'periodic': 2746} [492s]
  2065600/2098208 {'unbalanced': 2023180, 'untileable6': 39674, 'periodic': 2746} [492s]
  2065800/2098208 {'unbalanced': 2023380, 'untileable6': 39674, 'periodic': 2746} [492s]
  2066000/2098208 {'unbalanced': 2023580, 'untileable6': 39674, 'periodic': 2746} [492s]
  2066200/2098208 {'unbalanced': 2023777, 'untileable6': 39676, 'periodic': 2747} [492s]
  2066400/2098208 {'unbalanced': 2023976, 'untileable6': 39677, 'periodic': 2747} [492s]
  2066600/2098208 {'unbalanced': 2024175, 'untileable6': 39678, 'periodic': 2747} [492s]
  2066800/2098208 {'unbalanced': 2024368, 'untileable6': 39684, 'periodic': 2748} [492s]
  2067000/2098208 {'unbalanced': 2024568, 'untileable6': 39684, 'periodic': 2748} [492s]
  2067200/2098208 {'unbalanced': 2024762, 'untileable6': 39690, 'periodic': 2748} [492s]
  2067400/2098208 {'unbalanced': 2024951, 'untileable6': 39700, 'periodic': 2749} [492s]
  2067600/2098208 {'unbalanced': 2025146, 'untileable6': 39705, 'periodic': 2749} [492s]
  2067800/2098208 {'unbalanced': 2025340, 'untileable6': 39710, 'periodic': 2750} [492s]
  2068000/2098208 {'unbalanced': 2025526, 'untileable6': 39724, 'periodic': 2750} [492s]
  2068200/2098208 {'unbalanced': 2025720, 'untileable6': 39730, 'periodic': 2750} [492s]
  2068400/2098208 {'unbalanced': 2025920, 'untileable6': 39730, 'periodic': 2750} [492s]
  2068600/2098208 {'unbalanced': 2026120, 'untileable6': 39730, 'periodic': 2750} [492s]
  2068800/2098208 {'unbalanced': 2026318, 'untileable6': 39732, 'periodic': 2750} [492s]
  2069000/2098208 {'unbalanced': 2026516, 'untileable6': 39733, 'periodic': 2751} [492s]
  2069200/2098208 {'unbalanced': 2026716, 'untileable6': 39733, 'periodic': 2751} [492s]
  2069400/2098208 {'unbalanced': 2026912, 'untileable6': 39736, 'periodic': 2752} [492s]
  2069600/2098208 {'unbalanced': 2027106, 'untileable6': 39742, 'periodic': 2752} [492s]
  2069800/2098208 {'unbalanced': 2027306, 'untileable6': 39742, 'periodic': 2752} [492s]
  2070000/2098208 {'unbalanced': 2027506, 'untileable6': 39742, 'periodic': 2752} [492s]
  2070200/2098208 {'unbalanced': 2027704, 'untileable6': 39744, 'periodic': 2752} [492s]
  2070400/2098208 {'unbalanced': 2027903, 'untileable6': 39744, 'periodic': 2753} [492s]
  2070600/2098208 {'unbalanced': 2028100, 'untileable6': 39747, 'periodic': 2753} [492s]
  2070800/2098208 {'unbalanced': 2028299, 'untileable6': 39747, 'periodic': 2754} [492s]
  2071000/2098208 {'unbalanced': 2028495, 'untileable6': 39751, 'periodic': 2754} [492s]
  2071200/2098208 {'unbalanced': 2028693, 'untileable6': 39753, 'periodic': 2754} [492s]
  2071400/2098208 {'unbalanced': 2028893, 'untileable6': 39753, 'periodic': 2754} [492s]
  2071600/2098208 {'unbalanced': 2029093, 'untileable6': 39753, 'periodic': 2754} [492s]
  2071800/2098208 {'unbalanced': 2029292, 'untileable6': 39753, 'periodic': 2755} [492s]
  2072000/2098208 {'unbalanced': 2029492, 'untileable6': 39753, 'periodic': 2755} [492s]
  2072200/2098208 {'unbalanced': 2029692, 'untileable6': 39753, 'periodic': 2755} [492s]
  2072400/2098208 {'unbalanced': 2029889, 'untileable6': 39755, 'periodic': 2756} [492s]
  2072600/2098208 {'unbalanced': 2030080, 'untileable6': 39763, 'periodic': 2757} [492s]
  2072800/2098208 {'unbalanced': 2030262, 'untileable6': 39781, 'periodic': 2757} [492s]
  2073000/2098208 {'unbalanced': 2030446, 'untileable6': 39796, 'periodic': 2758} [492s]
  2073200/2098208 {'unbalanced': 2030637, 'untileable6': 39805, 'periodic': 2758} [492s]
  2073400/2098208 {'unbalanced': 2030828, 'untileable6': 39814, 'periodic': 2758} [492s]
  2073600/2098208 {'unbalanced': 2031021, 'untileable6': 39821, 'periodic': 2758} [492s]
  2073800/2098208 {'unbalanced': 2031212, 'untileable6': 39830, 'periodic': 2758} [492s]
  2074000/2098208 {'unbalanced': 2031400, 'untileable6': 39842, 'periodic': 2758} [492s]
  2074200/2098208 {'unbalanced': 2031584, 'untileable6': 39857, 'periodic': 2759} [492s]
  2074400/2098208 {'unbalanced': 2031768, 'untileable6': 39873, 'periodic': 2759} [492s]
  2074600/2098208 {'unbalanced': 2031952, 'untileable6': 39888, 'periodic': 2760} [492s]
  2074800/2098208 {'unbalanced': 2032143, 'untileable6': 39897, 'periodic': 2760} [492s]
  2075000/2098208 {'unbalanced': 2032338, 'untileable6': 39902, 'periodic': 2760} [492s]
  2075200/2098208 {'unbalanced': 2032532, 'untileable6': 39908, 'periodic': 2760} [492s]
  2075400/2098208 {'unbalanced': 2032723, 'untileable6': 39917, 'periodic': 2760} [492s]
  2075600/2098208 {'unbalanced': 2032905, 'untileable6': 39934, 'periodic': 2761} [492s]
  2075800/2098208 {'unbalanced': 2033094, 'untileable6': 39945, 'periodic': 2761} [492s]
  2076000/2098208 {'unbalanced': 2033280, 'untileable6': 39958, 'periodic': 2762} [493s]
  2076200/2098208 {'unbalanced': 2033474, 'untileable6': 39964, 'periodic': 2762} [493s]
  2076400/2098208 {'unbalanced': 2033668, 'untileable6': 39970, 'periodic': 2762} [493s]
  2076600/2098208 {'unbalanced': 2033860, 'untileable6': 39978, 'periodic': 2762} [493s]
  2076800/2098208 {'unbalanced': 2034054, 'untileable6': 39984, 'periodic': 2762} [493s]
  2077000/2098208 {'unbalanced': 2034247, 'untileable6': 39991, 'periodic': 2762} [493s]
  2077200/2098208 {'unbalanced': 2034435, 'untileable6': 40002, 'periodic': 2763} [493s]
  2077400/2098208 {'unbalanced': 2034629, 'untileable6': 40008, 'periodic': 2763} [493s]
  2077600/2098208 {'unbalanced': 2034813, 'untileable6': 40023, 'periodic': 2764} [493s]
  2077800/2098208 {'unbalanced': 2035006, 'untileable6': 40030, 'periodic': 2764} [493s]
  2078000/2098208 {'unbalanced': 2035200, 'untileable6': 40036, 'periodic': 2764} [493s]
  2078200/2098208 {'unbalanced': 2035380, 'untileable6': 40055, 'periodic': 2765} [493s]
  2078400/2098208 {'unbalanced': 2035572, 'untileable6': 40063, 'periodic': 2765} [493s]
  2078600/2098208 {'unbalanced': 2035754, 'untileable6': 40080, 'periodic': 2766} [493s]
  2078800/2098208 {'unbalanced': 2035950, 'untileable6': 40084, 'periodic': 2766} [493s]
  2079000/2098208 {'unbalanced': 2036144, 'untileable6': 40090, 'periodic': 2766} [493s]
  2079200/2098208 {'unbalanced': 2036338, 'untileable6': 40096, 'periodic': 2766} [493s]
  2079400/2098208 {'unbalanced': 2036530, 'untileable6': 40104, 'periodic': 2766} [493s]
  2079600/2098208 {'unbalanced': 2036728, 'untileable6': 40106, 'periodic': 2766} [493s]
  2079800/2098208 {'unbalanced': 2036911, 'untileable6': 40122, 'periodic': 2767} [493s]
  2080000/2098208 {'unbalanced': 2037105, 'untileable6': 40128, 'periodic': 2767} [493s]
  2080200/2098208 {'unbalanced': 2037291, 'untileable6': 40141, 'periodic': 2768} [493s]
  2080400/2098208 {'unbalanced': 2037481, 'untileable6': 40151, 'periodic': 2768} [493s]
  2080600/2098208 {'unbalanced': 2037677, 'untileable6': 40155, 'periodic': 2768} [493s]
  2080800/2098208 {'unbalanced': 2037876, 'untileable6': 40156, 'periodic': 2768} [493s]
  2081000/2098208 {'unbalanced': 2038072, 'untileable6': 40160, 'periodic': 2768} [493s]
  2081200/2098208 {'unbalanced': 2038268, 'untileable6': 40163, 'periodic': 2769} [493s]
  2081400/2098208 {'unbalanced': 2038465, 'untileable6': 40166, 'periodic': 2769} [493s]
  2081600/2098208 {'unbalanced': 2038661, 'untileable6': 40169, 'periodic': 2770} [493s]
  2081800/2098208 {'unbalanced': 2038859, 'untileable6': 40171, 'periodic': 2770} [493s]
  2082000/2098208 {'unbalanced': 2039057, 'untileable6': 40173, 'periodic': 2770} [493s]
  2082200/2098208 {'unbalanced': 2039254, 'untileable6': 40176, 'periodic': 2770} [493s]
  2082400/2098208 {'unbalanced': 2039454, 'untileable6': 40176, 'periodic': 2770} [493s]
  2082600/2098208 {'unbalanced': 2039653, 'untileable6': 40177, 'periodic': 2770} [493s]
  2082800/2098208 {'unbalanced': 2039849, 'untileable6': 40180, 'periodic': 2771} [493s]
  2083000/2098208 {'unbalanced': 2040047, 'untileable6': 40182, 'periodic': 2771} [493s]
  2083200/2098208 {'unbalanced': 2040244, 'untileable6': 40184, 'periodic': 2772} [493s]
  2083400/2098208 {'unbalanced': 2040439, 'untileable6': 40189, 'periodic': 2772} [493s]
  2083600/2098208 {'unbalanced': 2040627, 'untileable6': 40200, 'periodic': 2773} [493s]
  2083800/2098208 {'unbalanced': 2040807, 'untileable6': 40220, 'periodic': 2773} [493s]
  2084000/2098208 {'unbalanced': 2040998, 'untileable6': 40228, 'periodic': 2774} [493s]
  2084200/2098208 {'unbalanced': 2041192, 'untileable6': 40234, 'periodic': 2774} [493s]
  2084400/2098208 {'unbalanced': 2041388, 'untileable6': 40238, 'periodic': 2774} [493s]
  2084600/2098208 {'unbalanced': 2041585, 'untileable6': 40241, 'periodic': 2774} [493s]
  2084800/2098208 {'unbalanced': 2041780, 'untileable6': 40246, 'periodic': 2774} [493s]
  2085000/2098208 {'unbalanced': 2041979, 'untileable6': 40247, 'periodic': 2774} [493s]
  2085200/2098208 {'unbalanced': 2042170, 'untileable6': 40255, 'periodic': 2775} [493s]
  2085400/2098208 {'unbalanced': 2042370, 'untileable6': 40255, 'periodic': 2775} [493s]
  2085600/2098208 {'unbalanced': 2042562, 'untileable6': 40262, 'periodic': 2776} [493s]
  2085800/2098208 {'unbalanced': 2042760, 'untileable6': 40264, 'periodic': 2776} [493s]
  2086000/2098208 {'unbalanced': 2042958, 'untileable6': 40266, 'periodic': 2776} [493s]
  2086200/2098208 {'unbalanced': 2043151, 'untileable6': 40273, 'periodic': 2776} [493s]
  2086400/2098208 {'unbalanced': 2043341, 'untileable6': 40283, 'periodic': 2776} [493s]
  2086600/2098208 {'unbalanced': 2043527, 'untileable6': 40296, 'periodic': 2777} [493s]
  2086800/2098208 {'unbalanced': 2043712, 'untileable6': 40311, 'periodic': 2777} [493s]
  2087000/2098208 {'unbalanced': 2043905, 'untileable6': 40317, 'periodic': 2778} [493s]
  2087200/2098208 {'unbalanced': 2044100, 'untileable6': 40322, 'periodic': 2778} [494s]
  2087400/2098208 {'unbalanced': 2044297, 'untileable6': 40325, 'periodic': 2778} [494s]
  2087600/2098208 {'unbalanced': 2044494, 'untileable6': 40328, 'periodic': 2778} [494s]
  2087800/2098208 {'unbalanced': 2044692, 'untileable6': 40330, 'periodic': 2778} [494s]
  2088000/2098208 {'unbalanced': 2044892, 'untileable6': 40330, 'periodic': 2778} [494s]
  2088200/2098208 {'unbalanced': 2045086, 'untileable6': 40335, 'periodic': 2779} [494s]
  2088400/2098208 {'unbalanced': 2045286, 'untileable6': 40335, 'periodic': 2779} [494s]
  2088600/2098208 {'unbalanced': 2045481, 'untileable6': 40339, 'periodic': 2780} [494s]
  2088800/2098208 {'unbalanced': 2045679, 'untileable6': 40341, 'periodic': 2780} [494s]
  2089000/2098208 {'unbalanced': 2045871, 'untileable6': 40349, 'periodic': 2780} [494s]
  2089200/2098208 {'unbalanced': 2046057, 'untileable6': 40363, 'periodic': 2780} [494s]
  2089400/2098208 {'unbalanced': 2046239, 'untileable6': 40380, 'periodic': 2781} [494s]
  2089600/2098208 {'unbalanced': 2046433, 'untileable6': 40386, 'periodic': 2781} [494s]
  2089800/2098208 {'unbalanced': 2046628, 'untileable6': 40390, 'periodic': 2782} [494s]
  2090000/2098208 {'unbalanced': 2046825, 'untileable6': 40393, 'periodic': 2782} [494s]
  2090200/2098208 {'unbalanced': 2047023, 'untileable6': 40395, 'periodic': 2782} [494s]
  2090400/2098208 {'unbalanced': 2047219, 'untileable6': 40399, 'periodic': 2782} [494s]
  2090600/2098208 {'unbalanced': 2047419, 'untileable6': 40399, 'periodic': 2782} [494s]
  2090800/2098208 {'unbalanced': 2047615, 'untileable6': 40403, 'periodic': 2782} [494s]
  2091000/2098208 {'unbalanced': 2047813, 'untileable6': 40404, 'periodic': 2783} [494s]
  2091200/2098208 {'unbalanced': 2048011, 'untileable6': 40406, 'periodic': 2783} [494s]
  2091400/2098208 {'unbalanced': 2048207, 'untileable6': 40409, 'periodic': 2784} [494s]
  2091600/2098208 {'unbalanced': 2048405, 'untileable6': 40411, 'periodic': 2784} [494s]
  2091800/2098208 {'unbalanced': 2048603, 'untileable6': 40413, 'periodic': 2784} [494s]
  2092000/2098208 {'unbalanced': 2048802, 'untileable6': 40414, 'periodic': 2784} [494s]
  2092200/2098208 {'unbalanced': 2048999, 'untileable6': 40417, 'periodic': 2784} [494s]
  2092400/2098208 {'unbalanced': 2049196, 'untileable6': 40419, 'periodic': 2785} [494s]
  2092600/2098208 {'unbalanced': 2049391, 'untileable6': 40423, 'periodic': 2786} [494s]
  2092800/2098208 {'unbalanced': 2049591, 'untileable6': 40423, 'periodic': 2786} [494s]
  2093000/2098208 {'unbalanced': 2049789, 'untileable6': 40425, 'periodic': 2786} [494s]
  2093200/2098208 {'unbalanced': 2049988, 'untileable6': 40426, 'periodic': 2786} [494s]
  2093400/2098208 {'unbalanced': 2050188, 'untileable6': 40426, 'periodic': 2786} [494s]
  2093600/2098208 {'unbalanced': 2050388, 'untileable6': 40426, 'periodic': 2786} [494s]
  2093800/2098208 {'unbalanced': 2050586, 'untileable6': 40427, 'periodic': 2787} [494s]
  2094000/2098208 {'unbalanced': 2050786, 'untileable6': 40427, 'periodic': 2787} [494s]
  2094200/2098208 {'unbalanced': 2050986, 'untileable6': 40427, 'periodic': 2787} [494s]
  2094400/2098208 {'unbalanced': 2051181, 'untileable6': 40429, 'periodic': 2790} [494s]
  2094600/2098208 {'unbalanced': 2051371, 'untileable6': 40435, 'periodic': 2794} [494s]
  2094800/2098208 {'unbalanced': 2051556, 'untileable6': 40448, 'periodic': 2796} [494s]
  2095000/2098208 {'unbalanced': 2051739, 'untileable6': 40461, 'periodic': 2800} [494s]
  2095200/2098208 {'unbalanced': 2051933, 'untileable6': 40463, 'periodic': 2804} [494s]
  2095400/2098208 {'unbalanced': 2052124, 'untileable6': 40470, 'periodic': 2806} [494s]
  2095600/2098208 {'unbalanced': 2052312, 'untileable6': 40478, 'periodic': 2810} [494s]
  2095800/2098208 {'unbalanced': 2052501, 'untileable6': 40487, 'periodic': 2812} [494s]
  2096000/2098208 {'unbalanced': 2052685, 'untileable6': 40499, 'periodic': 2816} [494s]
  2096200/2098208 {'unbalanced': 2052877, 'untileable6': 40503, 'periodic': 2820} [494s]
  2096400/2098208 {'unbalanced': 2053072, 'untileable6': 40506, 'periodic': 2822} [494s]
  2096600/2098208 {'unbalanced': 2053261, 'untileable6': 40513, 'periodic': 2826} [494s]
  2096800/2098208 {'unbalanced': 2053447, 'untileable6': 40525, 'periodic': 2828} [494s]
  2097000/2098208 {'unbalanced': 2053631, 'untileable6': 40537, 'periodic': 2832} [494s]
  2097200/2098208 {'unbalanced': 2053824, 'untileable6': 40541, 'periodic': 2835} [494s]
  2097400/2098208 {'unbalanced': 2054016, 'untileable6': 40546, 'periodic': 2838} [494s]
  2097600/2098208 {'unbalanced': 2054202, 'untileable6': 40556, 'periodic': 2842} [494s]
  2097800/2098208 {'unbalanced': 2054391, 'untileable6': 40565, 'periodic': 2844} [494s]
  2098000/2098208 {'unbalanced': 2054577, 'untileable6': 40575, 'periodic': 2848} [494s]
  2098200/2098208 {'unbalanced': 2054769, 'untileable6': 40580, 'periodic': 2851} [494s]
{"K": 6, "reps": 2098208, "counts": {"unbalanced": 2054776, "untileable6": 40580, "periodic": 2852}, "indices": {"1": 532, "2": 1328, "4": 992}, "suspicious": [], "secs": 494.5}
