14225912853564154393395 3 3 3 0 /home/bepis/prog/verus-cad/monotile/empty_certs/5_14225912853564154393395.cnf
14391936083540985496371 3 3 3 0 /home/bepis/prog/verus-cad/monotile/empty_certs/31_14391936083540985496371.cnf
14225955919892721746739 3 3 3 0 /home/bepis/prog/verus-cad/monotile/empty_certs/35_14225955919892721746739.cnf
3867618379210102536340275 3 3 3 0 /home/bepis/prog/verus-cad/monotile/empty_certs/66_3867618379210102536340275.cnf
17708887874543624061747 3 3 3 0 /home/bepis/prog/verus-cad/monotile/empty_certs/93_17708887874543624061747.cnf
17708928407558746276659 3 3 3 0 /home/bepis/prog/verus-cad/monotile/empty_certs/121_17708928407558746276659.cnf
1218391305220228802151219 3 3 3 0 /home/bepis/prog/verus-cad/monotile/empty_certs/219_1218391305220228802151219.cnf
2422650098584209460298547 3 3 3 0 /home/bepis/prog/verus-cad/monotile/empty_certs/234_2422650098584209460298547.cnf
2422723885560504298505011 3 3 3 0 /home/bepis/prog/verus-cad/monotile/empty_certs/239_2422723885560504298505011.cnf
4703919791573349434163 3 3 3 0 /home/bepis/prog/verus-cad/monotile/empty_certs/267_4703919791573349434163.cnf
1133644657102597908333363 5 5 5 1 /home/bepis/prog/verus-cad/monotile/empty_certs/268_1133644657102597908333363.cnf
2417888532770183182287667 3 3 3 0 /home/bepis/prog/verus-cad/monotile/empty_certs/300_2417888532770183182287667.cnf
3626998819825549452510003 3 3 3 0 /home/bepis/prog/verus-cad/monotile/empty_certs/307_3626998819825549452510003.cnf
4547638923056245754561331 3 3 3 0 /home/bepis/prog/verus-cad/monotile/empty_certs/330_4547638923056245754561331.cnf
14391974082665257356339 3 3 3 0 /home/bepis/prog/verus-cad/monotile/empty_certs/352_14391974082665257356339.cnf
14225898498123714530355 3 3 3 0 /home/bepis/prog/verus-cad/monotile/empty_certs/404_14225898498123714530355.cnf
1218391305220231218072627 3 3 3 0 /home/bepis/prog/verus-cad/monotile/empty_certs/493_1218391305220231218072627.cnf
2422650098584211876219955 3 3 3 0 /home/bepis/prog/verus-cad/monotile/empty_certs/508_2422650098584211876219955.cnf
2422723885560506714426419 3 3 3 0 /home/bepis/prog/verus-cad/monotile/empty_certs/513_2422723885560506714426419.cnf
4703919791575765355571 3 3 3 0 /home/bepis/prog/verus-cad/monotile/empty_certs/541_4703919791575765355571.cnf
1133644657102600324254771 5 5 5 1 /home/bepis/prog/verus-cad/monotile/empty_certs/542_1133644657102600324254771.cnf
2417888532770185598209075 3 3 3 0 /home/bepis/prog/verus-cad/monotile/empty_certs/574_2417888532770185598209075.cnf
3626998819825551868431411 3 3 3 0 /home/bepis/prog/verus-cad/monotile/empty_certs/581_3626998819825551868431411.cnf
3867618149523019259710515 3 3 3 0 /home/bepis/prog/verus-cad/monotile/empty_certs/603_3867618149523019259710515.cnf
4547638923056248170482739 3 3 3 0 /home/bepis/prog/verus-cad/monotile/empty_certs/604_4547638923056248170482739.cnf
3027408742855369688088627 3 3 3 0 /home/bepis/prog/verus-cad/monotile/empty_certs/1000_3027408742855369688088627.cnf
1218391342339740550561843 3 3 3 0 /home/bepis/prog/verus-cad/monotile/empty_certs/1011_1218391342339740550561843.cnf
2724807767602286645215283 3 3 3 0 /home/bepis/prog/verus-cad/monotile/empty_certs/1015_2724807767602286645215283.cnf
2725250787823530987749427 3 3 3 0 /home/bepis/prog/verus-cad/monotile/empty_certs/1034_2725250787823530987749427.cnf
1218391325451241947922483 3 3 3 0 /home/bepis/prog/verus-cad/monotile/empty_certs/1041_1218391325451241947922483.cnf
604465217919715851108403 3 3 3 0 /home/bepis/prog/verus-cad/monotile/empty_certs/1062_604465217919715851108403.cnf
2578412405909193184247859 3 3 3 0 /home/bepis/prog/verus-cad/monotile/empty_certs/1102_2578412405909193184247859.cnf
2502854830413655012540467 3 3 3 0 /home/bepis/prog/verus-cad/monotile/empty_certs/1105_2502854830413655012540467.cnf
2427593843975176952217651 3 3 3 0 /home/bepis/prog/verus-cad/monotile/empty_certs/1111_2427593843975176952217651.cnf
2427888991880356305043507 3 3 3 0 /home/bepis/prog/verus-cad/monotile/empty_certs/1112_2427888991880356305043507.cnf
1219553468076085835989043 3 3 3 0 /home/bepis/prog/verus-cad/monotile/empty_certs/1113_1219553468076085835989043.cnf
1220734059696803247292467 3 3 3 0 /home/bepis/prog/verus-cad/monotile/empty_certs/1114_1220734059696803247292467.cnf
13871969575420328673331 3 3 3 0 /home/bepis/prog/verus-cad/monotile/empty_certs/1118_13871969575420328673331.cnf
2578412712153967845441587 3 3 3 0 /home/bepis/prog/verus-cad/monotile/empty_certs/1130_2578412712153967845441587.cnf
2427593861989575461699635 3 3 3 0 /home/bepis/prog/verus-cad/monotile/empty_certs/1135_2427593861989575461699635.cnf
2427889009894754814525491 3 3 3 0 /home/bepis/prog/verus-cad/monotile/empty_certs/1136_2427889009894754814525491.cnf
1219553486090484345471027 3 3 3 0 /home/bepis/prog/verus-cad/monotile/empty_certs/1137_1219553486090484345471027.cnf
13871987589818838155315 3 3 3 0 /home/bepis/prog/verus-cad/monotile/empty_certs/1141_13871987589818838155315.cnf
2427317124799672799461427 3 3 3 0 /home/bepis/prog/verus-cad/monotile/empty_certs/1171_2427317124799672799461427.cnf
2427335571543746509013043 3 3 3 0 /home/bepis/prog/verus-cad/monotile/empty_certs/1175_2427335571543746509013043.cnf
75560169586515773489203 3 3 3 0 /home/bepis/prog/verus-cad/monotile/empty_certs/1182_75560169586515773489203.cnf
2418128340407956229062707 3 3 3 0 /home/bepis/prog/verus-cad/monotile/empty_certs/1195_2418128340407956229062707.cnf
10035033314882045870131 3 3 3 0 /home/bepis/prog/verus-cad/monotile/empty_certs/1298_10035033314882045870131.cnf
1152640029680468019 3 3 3 0 /home/bepis/prog/verus-cad/monotile/empty_certs/1385_1152640029680468019.cnf
910236196994019414245427 3 3 3 0 /home/bepis/prog/verus-cad/monotile/empty_certs/1471_910236196994019414245427.cnf
605053211247172877549619 3 3 3 0 /home/bepis/prog/verus-cad/monotile/empty_certs/1481_605053211247172877549619.cnf
302821757469415490715699 3 3 3 0 /home/bepis/prog/verus-cad/monotile/empty_certs/1503_302821757469415490715699.cnf
3541842416146694799411 3 3 3 0 /home/bepis/prog/verus-cad/monotile/empty_certs/1526_3541842416146694799411.cnf
3763365474617794756659 3 3 3 0 /home/bepis/prog/verus-cad/monotile/empty_certs/1530_3763365474617794756659.cnf
738162496924211478579 3 3 3 0 /home/bepis/prog/verus-cad/monotile/empty_certs/1550_738162496924211478579.cnf
664663751005524983859 3 3 3 0 /home/bepis/prog/verus-cad/monotile/empty_certs/1552_664663751005524983859.cnf
3764054525360782442547 3 3 3 0 /home/bepis/prog/verus-cad/monotile/empty_certs/1573_3764054525360782442547.cnf
14391936084123222000579 3 3 3 0 /home/bepis/prog/verus-cad/monotile/empty_certs/1589_14391936084123222000579.cnf
16528296254447103968195 3 3 3 0 /home/bepis/prog/verus-cad/monotile/empty_certs/1640_16528296254447103968195.cnf
14170612309304273535939 3 3 3 0 /home/bepis/prog/verus-cad/monotile/empty_certs/1644_14170612309304273535939.cnf
17708928406942686905283 4 4 4 1 /home/bepis/prog/verus-cad/monotile/empty_certs/1668_17708928406942686905283.cnf
3640944612388677977113539 3 3 3 0 /home/bepis/prog/verus-cad/monotile/empty_certs/1673_3640944612388677977113539.cnf
3626781133847157430813635 3 3 3 0 /home/bepis/prog/verus-cad/monotile/empty_certs/1680_3626781133847157430813635.cnf
3626851462058938448479171 3 3 3 0 /home/bepis/prog/verus-cad/monotile/empty_certs/1697_3626851462058938448479171.cnf
14225898498123714528195 3 3 3 0 /home/bepis/prog/verus-cad/monotile/empty_certs/1704_14225898498123714528195.cnf
3627666361376719232828355 3 3 3 0 /home/bepis/prog/verus-cad/monotile/empty_certs/1716_3627666361376719232828355.cnf
3630322692523333408261059 3 3 3 0 /home/bepis/prog/verus-cad/monotile/empty_certs/1720_3630322692523333408261059.cnf
1824034806648263216726979 3 3 3 0 /home/bepis/prog/verus-cad/monotile/empty_certs/1834_1824034806648263216726979.cnf
1522983943365323334353859 3 3 3 0 /home/bepis/prog/verus-cad/monotile/empty_certs/1835_1522983943365323334353859.cnf
3027408156296705816396739 3 3 3 0 /home/bepis/prog/verus-cad/monotile/empty_certs/1848_3027408156296705816396739.cnf
2725250488369343360926659 3 3 3 0 /home/bepis/prog/verus-cad/monotile/empty_certs/1856_2725250488369343360926659.cnf
4703919791575765353411 3 3 3 0 /home/bepis/prog/verus-cad/monotile/empty_certs/1914_4703919791575765353411.cnf
1133644657102600324252611 4 4 4 1 /home/bepis/prog/verus-cad/monotile/empty_certs/1915_1133644657102600324252611.cnf
2417888532770185598206915 3 3 3 0 /home/bepis/prog/verus-cad/monotile/empty_certs/1948_2417888532770185598206915.cnf
3626998819825551868429251 3 3 3 0 /home/bepis/prog/verus-cad/monotile/empty_certs/1956_3626998819825551868429251.cnf
1137795174519184973366211 4 4 4 1 /home/bepis/prog/verus-cad/monotile/empty_certs/1987_1137795174519184973366211.cnf
10035028828877825770435 3 3 3 0 /home/bepis/prog/verus-cad/monotile/empty_certs/2003_10035028828877825770435.cnf
4547638923056248170480579 3 3 3 0 /home/bepis/prog/verus-cad/monotile/empty_certs/2032_4547638923056248170480579.cnf
1289206049876192973030339 3 3 3 0 /home/bepis/prog/verus-cad/monotile/empty_certs/2036_1289206049876192973030339.cnf
1364763913602107296449475 3 3 3 0 /home/bepis/prog/verus-cad/monotile/empty_certs/2037_1364763913602107296449475.cnf
2502854235973691792950211 3 3 3 0 /home/bepis/prog/verus-cad/monotile/empty_certs/2044_2502854235973691792950211.cnf
2578412099699606116369347 3 3 3 0 /home/bepis/prog/verus-cad/monotile/empty_certs/2045_2578412099699606116369347.cnf
17708887874336660127939 3 3 3 0 /home/bepis/prog/verus-cad/monotile/empty_certs/2104_17708887874336660127939.cnf
4741970951114802069699 3 3 3 0 /home/bepis/prog/verus-cad/monotile/empty_certs/2334_4741970951114802069699.cnf
4760422198788138991811 3 3 3 0 /home/bepis/prog/verus-cad/monotile/empty_certs/2340_4760422198788138991811.cnf
9593478153299296256195 3 3 3 0 /home/bepis/prog/verus-cad/monotile/empty_certs/2345_9593478153299296256195.cnf
9519709191402967531715 3 3 3 0 /home/bepis/prog/verus-cad/monotile/empty_certs/2349_9519709191402967531715.cnf
4760417976663488331971 3 3 3 0 /home/bepis/prog/verus-cad/monotile/empty_certs/2374_4760417976663488331971.cnf
9519691458479434760387 3 3 3 0 /home/bepis/prog/verus-cad/monotile/empty_certs/2379_9519691458479434760387.cnf
3027408742855369688088771 3 3 3 0 /home/bepis/prog/verus-cad/monotile/empty_certs/2406_3027408742855369688088771.cnf
2427335590684044925337795 3 3 3 0 /home/bepis/prog/verus-cad/monotile/empty_certs/2414_2427335590684044925337795.cnf
1218391342339740550561987 3 3 3 0 /home/bepis/prog/verus-cad/monotile/empty_certs/2417_1218391342339740550561987.cnf
2427317161954369725268163 3 3 3 0 /home/bepis/prog/verus-cad/monotile/empty_certs/2418_2427317161954369725268163.cnf
2724807767602286645215427 3 3 3 0 /home/bepis/prog/verus-cad/monotile/empty_certs/2421_2724807767602286645215427.cnf
906696671697473237942467 3 3 3 0 /home/bepis/prog/verus-cad/monotile/empty_certs/2434_906696671697473237942467.cnf
2725250787823530987749571 3 3 3 0 /home/bepis/prog/verus-cad/monotile/empty_certs/2440_2725250787823530987749571.cnf
1218391325451241947922627 3 3 3 0 /home/bepis/prog/verus-cad/monotile/empty_certs/2447_1218391325451241947922627.cnf
2427317145065871122628803 3 3 3 0 /home/bepis/prog/verus-cad/monotile/empty_certs/2448_2427317145065871122628803.cnf
2427335609824343341662403 3 3 3 0 /home/bepis/prog/verus-cad/monotile/empty_certs/2452_2427335609824343341662403.cnf
906696672823373144785091 3 3 3 0 /home/bepis/prog/verus-cad/monotile/empty_certs/2467_906696672823373144785091.cnf
2578412405909193184248003 3 3 3 0 /home/bepis/prog/verus-cad/monotile/empty_certs/2508_2578412405909193184248003.cnf
2502854830413655012540611 3 3 3 0 /home/bepis/prog/verus-cad/monotile/empty_certs/2511_2502854830413655012540611.cnf
2427593843975176952217795 3 3 3 0 /home/bepis/prog/verus-cad/monotile/empty_certs/2517_2427593843975176952217795.cnf
2427888991880356305043651 3 3 3 0 /home/bepis/prog/verus-cad/monotile/empty_certs/2518_2427888991880356305043651.cnf
1219553468076085835989187 3 3 3 0 /home/bepis/prog/verus-cad/monotile/empty_certs/2519_1219553468076085835989187.cnf
1220734059696803247292611 3 3 3 0 /home/bepis/prog/verus-cad/monotile/empty_certs/2520_1220734059696803247292611.cnf
13871969575420328673475 3 3 3 0 /home/bepis/prog/verus-cad/monotile/empty_certs/2524_13871969575420328673475.cnf
2578412712153967845441731 3 3 3 0 /home/bepis/prog/verus-cad/monotile/empty_certs/2536_2578412712153967845441731.cnf
2427593861989575461699779 3 3 3 0 /home/bepis/prog/verus-cad/monotile/empty_certs/2541_2427593861989575461699779.cnf
2427889009894754814525635 3 3 3 0 /home/bepis/prog/verus-cad/monotile/empty_certs/2542_2427889009894754814525635.cnf
1219553486090484345471171 3 3 3 0 /home/bepis/prog/verus-cad/monotile/empty_certs/2543_1219553486090484345471171.cnf
13871987589818838155459 3 3 3 0 /home/bepis/prog/verus-cad/monotile/empty_certs/2547_13871987589818838155459.cnf
75560169586515773489347 3 3 3 0 /home/bepis/prog/verus-cad/monotile/empty_certs/2588_75560169586515773489347.cnf
2418128340407956229062851 3 3 3 0 /home/bepis/prog/verus-cad/monotile/empty_certs/2601_2418128340407956229062851.cnf
9483937117154949726403 3 3 3 0 /home/bepis/prog/verus-cad/monotile/empty_certs/2666_9483937117154949726403.cnf
9465490654556216885443 3 3 3 0 /home/bepis/prog/verus-cad/monotile/empty_certs/2681_9465490654556216885443.cnf
9483941902229553807555 3 3 3 0 /home/bepis/prog/verus-cad/monotile/empty_certs/2684_9483941902229553807555.cnf
302233761344800883212483 3 3 3 0 /home/bepis/prog/verus-cad/monotile/empty_certs/2694_302233761344800883212483.cnf
604465216248458176889027 3 3 3 0 /home/bepis/prog/verus-cad/monotile/empty_certs/2696_604465216248458176889027.cnf
10035033314882045870275 3 3 3 0 /home/bepis/prog/verus-cad/monotile/empty_certs/2704_10035033314882045870275.cnf
1152640029680468163 3 3 3 0 /home/bepis/prog/verus-cad/monotile/empty_certs/2791_1152640029680468163.cnf
605643506494581629780163 3 3 3 0 /home/bepis/prog/verus-cad/monotile/empty_certs/2850_605643506494581629780163.cnf
304592643211641747407043 3 3 3 0 /home/bepis/prog/verus-cad/monotile/empty_certs/2851_304592643211641747407043.cnf
303412056094523963474115 3 3 3 0 /home/bepis/prog/verus-cad/monotile/empty_certs/2857_303412056094523963474115.cnf
606824102618898668454083 3 3 3 0 /home/bepis/prog/verus-cad/monotile/empty_certs/2858_606824102618898668454083.cnf
910236196994019414245571 3 3 3 0 /home/bepis/prog/verus-cad/monotile/empty_certs/2877_910236196994019414245571.cnf
605053211247172877549763 3 3 3 0 /home/bepis/prog/verus-cad/monotile/empty_certs/2887_605053211247172877549763.cnf
302821757469415490715843 3 3 3 0 /home/bepis/prog/verus-cad/monotile/empty_certs/2909_302821757469415490715843.cnf
3541842416146694799555 3 3 3 0 /home/bepis/prog/verus-cad/monotile/empty_certs/2932_3541842416146694799555.cnf
3763365474617794756803 3 3 3 0 /home/bepis/prog/verus-cad/monotile/empty_certs/2936_3763365474617794756803.cnf
738162496924211478723 3 3 3 0 /home/bepis/prog/verus-cad/monotile/empty_certs/2956_738162496924211478723.cnf
664663751005524984003 3 3 3 0 /home/bepis/prog/verus-cad/monotile/empty_certs/2958_664663751005524984003.cnf
3764054525360782442691 3 3 3 0 /home/bepis/prog/verus-cad/monotile/empty_certs/2979_3764054525360782442691.cnf
3640944571869266090066691 3 3 3 0 /home/bepis/prog/verus-cad/monotile/empty_certs/3013_3640944571869266090066691.cnf
14757408822543098512131 3 3 3 0 /home/bepis/prog/verus-cad/monotile/empty_certs/3120_14757408822543098512131.cnf
14757408822543115289347 3 3 3 0 /home/bepis/prog/verus-cad/monotile/empty_certs/3201_14757408822543115289347.cnf
14167113028741475009283 3 3 3 0 /home/bepis/prog/verus-cad/monotile/empty_certs/3209_14167113028741475009283.cnf
18594331589939092980483 3 3 3 0 /home/bepis/prog/verus-cad/monotile/empty_certs/3210_18594331589939092980483.cnf
1223092932626822140723971 3 3 3 0 /home/bepis/prog/verus-cad/monotile/empty_certs/3244_1223092932626822140723971.cnf
2432018752241451315430147 3 3 3 0 /home/bepis/prog/verus-cad/monotile/empty_certs/3246_2432018752241451315430147.cnf
3640944571856123439809283 3 3 3 0 /home/bepis/prog/verus-cad/monotile/empty_certs/3253_3640944571856123439809283.cnf
14170571793190871040771 3 3 3 0 /home/bepis/prog/verus-cad/monotile/empty_certs/3279_14170571793190871040771.cnf
18594331606367342887683 3 3 3 0 /home/bepis/prog/verus-cad/monotile/empty_certs/3282_18594331606367342887683.cnf
3641833474336123779220227 3 3 3 0 /home/bepis/prog/verus-cad/monotile/empty_certs/3328_3641833474336123779220227.cnf
3644489805482737954652931 3 3 3 0 /home/bepis/prog/verus-cad/monotile/empty_certs/3329_3644489805482737954652931.cnf
18594318079281994924803 3 3 3 0 /home/bepis/prog/verus-cad/monotile/empty_certs/3433_18594318079281994924803.cnf
18594318079900470215427 3 3 3 0 /home/bepis/prog/verus-cad/monotile/empty_certs/3460_18594318079900470215427.cnf
3626780917664476488008451 3 3 3 0 /home/bepis/prog/verus-cad/monotile/empty_certs/3473_3626780917664476488008451.cnf
3627054160061068310741763 3 3 3 0 /home/bepis/prog/verus-cad/monotile/empty_certs/3490_3627054160061068310741763.cnf
3627054160070963915391747 3 3 3 0 /home/bepis/prog/verus-cad/monotile/empty_certs/3517_3627054160070963915391747.cnf
1521821798488676411376387 3 3 3 0 /home/bepis/prog/verus-cad/monotile/empty_certs/3639_1521821798488676411376387.cnf
1825233845013051116356355 3 3 3 0 /home/bepis/prog/verus-cad/monotile/empty_certs/3640_1825233845013051116356355.cnf
2725471849298224654320387 3 3 3 0 /home/bepis/prog/verus-cad/monotile/empty_certs/3646_2725471849298224654320387.cnf
3027777091178176786203395 3 3 3 0 /home/bepis/prog/verus-cad/monotile/empty_certs/3654_3027777091178176786203395.cnf
3027777091182660698505987 3 3 3 0 /home/bepis/prog/verus-cad/monotile/empty_certs/3956_3027777091182660698505987.cnf
2725250488378222098514691 3 3 3 0 /home/bepis/prog/verus-cad/monotile/empty_certs/3957_2725250488378222098514691.cnf
2725471849302777286099715 3 3 3 0 /home/bepis/prog/verus-cad/monotile/empty_certs/3964_2725471849302777286099715.cnf
3027408156305653273461507 3 3 3 0 /home/bepis/prog/verus-cad/monotile/empty_certs/3965_3027408156305653273461507.cnf
1825233845014442652205827 3 3 3 0 /home/bepis/prog/verus-cad/monotile/empty_certs/3970_1825233845014442652205827.cnf
1521821798491167458853635 3 3 3 0 /home/bepis/prog/verus-cad/monotile/empty_certs/3971_1521821798491167458853635.cnf
1522983943366986526884611 3 3 3 0 /home/bepis/prog/verus-cad/monotile/empty_certs/3978_1522983943366986526884611.cnf
1824034806651025920885507 3 3 3 0 /home/bepis/prog/verus-cad/monotile/empty_certs/3979_1824034806651025920885507.cnf
906696670606774849504003 3 3 3 0 /home/bepis/prog/verus-cad/monotile/empty_certs/4028_906696670606774849504003.cnf
3626779764739690492592899 3 3 3 0 /home/bepis/prog/verus-cad/monotile/empty_certs/4031_3626779764739690492592899.cnf
3027408156301203687342851 3 3 3 0 /home/bepis/prog/verus-cad/monotile/empty_certs/4035_3027408156301203687342851.cnf
2725471849307123793003267 3 3 3 0 /home/bepis/prog/verus-cad/monotile/empty_certs/4036_2725471849307123793003267.cnf
2725250488373909951349507 3 3 3 0 /home/bepis/prog/verus-cad/monotile/empty_certs/4043_2725250488373909951349507.cnf
3027777091187144644363011 3 3 3 0 /home/bepis/prog/verus-cad/monotile/empty_certs/4044_3027777091187144644363011.cnf
1824034806649668711219971 3 3 3 0 /home/bepis/prog/verus-cad/monotile/empty_certs/4049_1824034806649668711219971.cnf
1522983943367828340474627 3 3 3 0 /home/bepis/prog/verus-cad/monotile/empty_certs/4050_1522983943367828340474627.cnf
1521821798490360005001987 3 3 3 0 /home/bepis/prog/verus-cad/monotile/empty_certs/4057_1521821798490360005001987.cnf
1825233845015834221609731 3 3 3 0 /home/bepis/prog/verus-cad/monotile/empty_certs/4058_1825233845015834221609731.cnf
906696670606792029373187 3 3 3 0 /home/bepis/prog/verus-cad/monotile/empty_certs/4107_906696670606792029373187.cnf
3626779764739707672462083 3 3 3 0 /home/bepis/prog/verus-cad/monotile/empty_certs/4110_3626779764739707672462083.cnf
2578412099704275786007299 3 3 3 0 /home/bepis/prog/verus-cad/monotile/empty_certs/4197_2578412099704275786007299.cnf
2502854235982759509099267 3 3 3 0 /home/bepis/prog/verus-cad/monotile/empty_certs/4200_2502854235982759509099267.cnf
3636222191862678267364099 3 3 3 0 /home/bepis/prog/verus-cad/monotile/empty_certs/4224_3636222191862678267364099.cnf
2502854235978636340495107 3 3 3 0 /home/bepis/prog/verus-cad/monotile/empty_certs/4234_2502854235978636340495107.cnf
2578412099708948710425347 3 3 3 0 /home/bepis/prog/verus-cad/monotile/empty_certs/4237_2578412099708948710425347.cnf
3636222191862953145271043 3 3 3 0 /home/bepis/prog/verus-cad/monotile/empty_certs/4260_3636222191862953145271043.cnf
1522983943369795452273411 3 3 3 0 /home/bepis/prog/verus-cad/monotile/empty_certs/4667_1522983943369795452273411.cnf
1521821798497618516509443 3 3 3 0 /home/bepis/prog/verus-cad/monotile/empty_certs/4675_1521821798497618516509443.cnf
3027777091180659260523267 3 3 3 0 /home/bepis/prog/verus-cad/monotile/empty_certs/4681_3027777091180659260523267.cnf
3027408156298360435770115 3 3 3 0 /home/bepis/prog/verus-cad/monotile/empty_certs/4686_3027408156298360435770115.cnf
1822835768292333670368003 3 3 3 0 /home/bepis/prog/verus-cad/monotile/empty_certs/4720_1822835768292333670368003.cnf
1219553450096940401296131 3 3 3 0 /home/bepis/prog/verus-cad/monotile/empty_certs/4724_1219553450096940401296131.cnf
1822835768288004343333635 3 3 3 0 /home/bepis/prog/verus-cad/monotile/empty_certs/4745_1822835768288004343333635.cnf
2724807766512945483219715 3 3 3 0 /home/bepis/prog/verus-cad/monotile/empty_certs/4767_2724807766512945483219715.cnf
1289206049880862659445507 3 3 3 0 /home/bepis/prog/verus-cad/monotile/empty_certs/4772_1289206049880862659445507.cnf
1364763913611175029375747 3 3 3 0 /home/bepis/prog/verus-cad/monotile/empty_certs/4774_1364763913611175029375747.cnf
2422871459513368030741251 3 3 3 0 /home/bepis/prog/verus-cad/monotile/empty_certs/4775_2422871459513368030741251.cnf
3631499825379808638927619 3 3 3 0 /home/bepis/prog/verus-cad/monotile/empty_certs/4790_3631499825379808638927619.cnf
2724807766514319872754435 3 3 3 0 /home/bepis/prog/verus-cad/monotile/empty_certs/4794_2724807766514319872754435.cnf
1364763913607051860771587 3 3 3 0 /home/bepis/prog/verus-cad/monotile/empty_certs/4797_1364763913607051860771587.cnf
1289206049885535583863555 3 3 3 0 /home/bepis/prog/verus-cad/monotile/empty_certs/4799_1289206049885535583863555.cnf
3631499825380083516834563 3 3 3 0 /home/bepis/prog/verus-cad/monotile/empty_certs/4814_3631499825380083516834563.cnf
2422723885561602988049155 3 3 3 0 /home/bepis/prog/verus-cad/monotile/empty_certs/4819_2422723885561602988049155.cnf
1218409751968699736130307 3 3 3 0 /home/bepis/prog/verus-cad/monotile/empty_certs/4854_1218409751968699736130307.cnf
70364449211139 3 3 3 0 /home/bepis/prog/verus-cad/monotile/empty_certs/5059_70364449211139.cnf
3626777458897759298913027 3 3 3 0 /home/bepis/prog/verus-cad/monotile/empty_certs/5063_3626777458897759298913027.cnf
1213648186150339802563331 3 3 3 0 /home/bepis/prog/verus-cad/monotile/empty_certs/5080_1213648186150339802563331.cnf
605643501480885866201859 3 3 3 0 /home/bepis/prog/verus-cad/monotile/empty_certs/5240_605643501480885866201859.cnf
302526602861896672477955 3 3 3 0 /home/bepis/prog/verus-cad/monotile/empty_certs/5261_302526602861896672477955.cnf
302379028910131629785859 3 3 3 0 /home/bepis/prog/verus-cad/monotile/empty_certs/5279_302379028910131629785859.cnf
604499803352645201036035 3 3 3 0 /home/bepis/prog/verus-cad/monotile/empty_certs/5292_604499803352645201036035.cnf
2724805460668570436371203 3 3 3 0 /home/bepis/prog/verus-cad/monotile/empty_certs/5309_2724805460668570436371203.cnf
1822833462440468200555267 3 3 3 0 /home/bepis/prog/verus-cad/monotile/empty_certs/5315_1822833462440468200555267.cnf
907579808479544195678979 3 3 3 0 /home/bepis/prog/verus-cad/monotile/empty_certs/5327_907579808479544195678979.cnf
227559034946933760197379 3 3 3 0 /home/bepis/prog/verus-cad/monotile/empty_certs/5335_227559034946933760197379.cnf
906749704999319642309379 3 3 3 0 /home/bepis/prog/verus-cad/monotile/empty_certs/5340_906749704999319642309379.cnf
226728931475986336187139 3 3 3 0 /home/bepis/prog/verus-cad/monotile/empty_certs/5346_226728931475986336187139.cnf
1289206049876241241080579 3 3 3 0 /home/bepis/prog/verus-cad/monotile/empty_certs/5356_1289206049876241241080579.cnf
1364763913602155564499715 3 3 3 0 /home/bepis/prog/verus-cad/monotile/empty_certs/5357_1364763913602155564499715.cnf
2724805460668613386044163 3 3 3 0 /home/bepis/prog/verus-cad/monotile/empty_certs/5358_2724805460668613386044163.cnf
3027036915572270679720707 3 3 3 0 /home/bepis/prog/verus-cad/monotile/empty_certs/5359_3027036915572270679720707.cnf
1520602007536853856551683 3 3 3 0 /home/bepis/prog/verus-cad/monotile/empty_certs/5363_1520602007536853856551683.cnf
1822833462440511150228227 3 3 3 0 /home/bepis/prog/verus-cad/monotile/empty_certs/5364_1822833462440511150228227.cnf
1133367955941542949028611 3 3 3 0 /home/bepis/prog/verus-cad/monotile/empty_certs/5368_1133367955941542949028611.cnf
152296319125408515621635 3 3 3 0 /home/bepis/prog/verus-cad/monotile/empty_certs/5380_152296319125408515621635.cnf
77919047020211603505923 3 3 3 0 /home/bepis/prog/verus-cad/monotile/empty_certs/5381_77919047020211603505923.cnf
76738455399562911679235 3 3 3 0 /home/bepis/prog/verus-cad/monotile/empty_certs/5392_76738455399562911679235.cnf
151189514482016734675715 3 3 3 0 /home/bepis/prog/verus-cad/monotile/empty_certs/5418_151189514482016734675715.cnf
75705437732397249463043 3 3 3 0 /home/bepis/prog/verus-cad/monotile/empty_certs/5419_75705437732397249463043.cnf
151263301459411084509955 3 3 3 0 /home/bepis/prog/verus-cad/monotile/empty_certs/5426_151263301459411084509955.cnf
76738455399511372071683 3 3 3 0 /home/bepis/prog/verus-cad/monotile/empty_certs/5471_76738455399511372071683.cnf
153476910746143106794243 3 3 3 0 /home/bepis/prog/verus-cad/monotile/empty_certs/5472_153476910746143106794243.cnf
152296319125494414967555 3 3 3 0 /home/bepis/prog/verus-cad/monotile/empty_certs/5483_152296319125494414967555.cnf
75631650756119591125763 3 3 3 0 /home/bepis/prog/verus-cad/monotile/empty_certs/5509_75631650756119591125763.cnf
151263301458328752751363 3 3 3 0 /home/bepis/prog/verus-cad/monotile/empty_certs/5510_151263301458328752751363.cnf
75705437733513940960003 3 3 3 0 /home/bepis/prog/verus-cad/monotile/empty_certs/5517_75705437733513940960003.cnf
4703919809095960363779 3 3 3 0 /home/bepis/prog/verus-cad/monotile/empty_certs/5556_4703919809095960363779.cnf
1133644657103627844846339 3 3 3 0 /home/bepis/prog/verus-cad/monotile/empty_certs/5559_1133644657103627844846339.cnf
3627054160058800517677827 3 3 3 0 /home/bepis/prog/verus-cad/monotile/empty_certs/5561_3627054160058800517677827.cnf
1133367955957984083837699 3 3 3 0 /home/bepis/prog/verus-cad/monotile/empty_certs/5864_1133367955957984083837699.cnf
18594372122271365139459 3 3 3 0 /home/bepis/prog/verus-cad/monotile/empty_certs/5976_18594372122271365139459.cnf
1223092973159210247457795 3 3 3 0 /home/bepis/prog/verus-cad/monotile/empty_certs/5984_1223092973159210247457795.cnf
2432018792773839422163971 3 3 3 0 /home/bepis/prog/verus-cad/monotile/empty_certs/5985_2432018792773839422163971.cnf
14168306466089941011459 3 3 3 0 /home/bepis/prog/verus-cad/monotile/empty_certs/5990_14168306466089941011459.cnf
14168306466094235978755 3 3 3 0 /home/bepis/prog/verus-cad/monotile/empty_certs/5997_14168306466094235978755.cnf
2432018792778237435120643 3 3 3 0 /home/bepis/prog/verus-cad/monotile/empty_certs/6010_2432018792778237435120643.cnf
2432018792782635481631747 3 3 3 0 /home/bepis/prog/verus-cad/monotile/empty_certs/6013_2432018792782635481631747.cnf
14167153561138121346051 3 3 3 0 /home/bepis/prog/verus-cad/monotile/empty_certs/6046_14167153561138121346051.cnf
17708928406746141232131 3 3 3 0 /home/bepis/prog/verus-cad/monotile/empty_certs/6050_17708928406746141232131.cnf
14757449354944023038979 3 3 3 0 /home/bepis/prog/verus-cad/monotile/empty_certs/6056_14757449354944023038979.cnf
15347745165315613592579 3 3 3 0 /home/bepis/prog/verus-cad/monotile/empty_certs/6070_15347745165315613592579.cnf
15052543217129761016835 3 3 3 0 /home/bepis/prog/verus-cad/monotile/empty_certs/6115_15052543217129761016835.cnf
15347691122309113842691 3 3 3 0 /home/bepis/prog/verus-cad/monotile/empty_certs/6119_15347691122309113842691.cnf
3626780917664476488010755 3 3 3 0 /home/bepis/prog/verus-cad/monotile/empty_certs/6126_3626780917664476488010755.cnf
3626832799132183796124675 3 3 3 0 /home/bepis/prog/verus-cad/monotile/empty_certs/6139_3626832799132183796124675.cnf
3626925032852552343882755 3 3 3 0 /home/bepis/prog/verus-cad/monotile/empty_certs/6144_3626925032852552343882755.cnf
1209222120494089742846979 3 3 3 0 /home/bepis/prog/verus-cad/monotile/empty_certs/6206_1209222120494089742846979.cnf
1209517268399269095672835 3 3 3 0 /home/bepis/prog/verus-cad/monotile/empty_certs/6210_1209517268399269095672835.cnf
2419033383824256976030723 3 3 3 0 /home/bepis/prog/verus-cad/monotile/empty_certs/6214_2419033383824256976030723.cnf
2420213975444974387334147 3 3 3 0 /home/bepis/prog/verus-cad/monotile/empty_certs/6218_2420213975444974387334147.cnf
1824034806648259995503619 3 3 3 0 /home/bepis/prog/verus-cad/monotile/empty_certs/6252_1824034806648259995503619.cnf
1522983943365320113130499 3 3 3 0 /home/bepis/prog/verus-cad/monotile/empty_certs/6253_1522983943365320113130499.cnf
1521821798488676411378691 3 3 3 0 /home/bepis/prog/verus-cad/monotile/empty_certs/6260_1521821798488676411378691.cnf
1825233845013051116358659 3 3 3 0 /home/bepis/prog/verus-cad/monotile/empty_certs/6261_1825233845013051116358659.cnf
3027408156296702595173379 3 3 3 0 /home/bepis/prog/verus-cad/monotile/empty_certs/6266_3027408156296702595173379.cnf
2725471849298224654322691 3 3 3 0 /home/bepis/prog/verus-cad/monotile/empty_certs/6267_2725471849298224654322691.cnf
2725250488369340139703299 3 3 3 0 /home/bepis/prog/verus-cad/monotile/empty_certs/6274_2725250488369340139703299.cnf
3027777091178176786205699 3 3 3 0 /home/bepis/prog/verus-cad/monotile/empty_certs/6275_3027777091178176786205699.cnf
3627054160057769775860739 3 3 3 0 /home/bepis/prog/verus-cad/monotile/empty_certs/6334_3627054160057769775860739.cnf
1137795174519181752142851 3 3 3 0 /home/bepis/prog/verus-cad/monotile/empty_certs/6404_1137795174519181752142851.cnf
4741966201297550969859 3 3 3 0 /home/bepis/prog/verus-cad/monotile/empty_certs/6481_4741966201297550969859.cnf
4760412945439979998211 3 3 3 0 /home/bepis/prog/verus-cad/monotile/empty_certs/6488_4760412945439979998211.cnf
9593459892889321475075 3 3 3 0 /home/bepis/prog/verus-cad/monotile/empty_certs/6494_9593459892889321475075.cnf
9519672916869361175555 3 3 3 0 /home/bepis/prog/verus-cad/monotile/empty_certs/6499_9519672916869361175555.cnf
4760412945375555488771 3 3 3 0 /home/bepis/prog/verus-cad/monotile/empty_certs/6530_4760412945375555488771.cnf
4741966201370565413891 3 3 3 0 /home/bepis/prog/verus-cad/monotile/empty_certs/6537_4741966201370565413891.cnf
9519672916598778235907 3 3 3 0 /home/bepis/prog/verus-cad/monotile/empty_certs/6543_9519672916598778235907.cnf
9593459893168494349315 3 3 3 0 /home/bepis/prog/verus-cad/monotile/empty_certs/6548_9593459893168494349315.cnf
3027777091182660698508291 3 3 3 0 /home/bepis/prog/verus-cad/monotile/empty_certs/6577_3027777091182660698508291.cnf
2725250488378222098516995 3 3 3 0 /home/bepis/prog/verus-cad/monotile/empty_certs/6578_2725250488378222098516995.cnf
2725471849302777286102019 6 6 6 1 /home/bepis/prog/verus-cad/monotile/empty_certs/6585_2725471849302777286102019.cnf
3027408156305653273463811 4 4 4 1 /home/bepis/prog/verus-cad/monotile/empty_certs/6586_3027408156305653273463811.cnf
1825233845014442652208131 3 3 3 0 /home/bepis/prog/verus-cad/monotile/empty_certs/6591_1825233845014442652208131.cnf
1522983943366986526886915 3 3 3 0 /home/bepis/prog/verus-cad/monotile/empty_certs/6599_1522983943366986526886915.cnf
1824034806651025920887811 4 4 4 1 /home/bepis/prog/verus-cad/monotile/empty_certs/6600_1824034806651025920887811.cnf
906696670606774849506307 3 3 3 0 /home/bepis/prog/verus-cad/monotile/empty_certs/6649_906696670606774849506307.cnf
3626779764739690492595203 3 3 3 0 /home/bepis/prog/verus-cad/monotile/empty_certs/6652_3626779764739690492595203.cnf
3027408156301203687345155 3 3 3 0 /home/bepis/prog/verus-cad/monotile/empty_certs/6656_3027408156301203687345155.cnf
2725471849307123793005571 3 3 3 0 /home/bepis/prog/verus-cad/monotile/empty_certs/6657_2725471849307123793005571.cnf
2725250488373909951351811 4 4 4 1 /home/bepis/prog/verus-cad/monotile/empty_certs/6664_2725250488373909951351811.cnf
1824034806649668711222275 3 3 3 0 /home/bepis/prog/verus-cad/monotile/empty_certs/6670_1824034806649668711222275.cnf
1522983943367828340476931 4 4 4 1 /home/bepis/prog/verus-cad/monotile/empty_certs/6671_1522983943367828340476931.cnf
1521821798490360005004291 3 3 3 0 /home/bepis/prog/verus-cad/monotile/empty_certs/6678_1521821798490360005004291.cnf
1825233845015834221612035 6 6 6 1 /home/bepis/prog/verus-cad/monotile/empty_certs/6679_1825233845015834221612035.cnf
906696670606792029375491 3 3 3 0 /home/bepis/prog/verus-cad/monotile/empty_certs/6728_906696670606792029375491.cnf
3626779764739707672464387 3 3 3 0 /home/bepis/prog/verus-cad/monotile/empty_certs/6731_3626779764739707672464387.cnf
1289206049877357949357059 3 3 3 0 /home/bepis/prog/verus-cad/monotile/empty_certs/6735_1289206049877357949357059.cnf
1364763913604371784403971 3 3 3 0 /home/bepis/prog/verus-cad/monotile/empty_certs/6738_1364763913604371784403971.cnf
3631499825379602463722499 3 3 3 0 /home/bepis/prog/verus-cad/monotile/empty_certs/6770_3631499825379602463722499.cnf
1364763913603340992252931 3 3 3 0 /home/bepis/prog/verus-cad/monotile/empty_certs/6774_1364763913603340992252931.cnf
1289206049878526180461571 3 3 3 0 /home/bepis/prog/verus-cad/monotile/empty_certs/6777_1289206049878526180461571.cnf
9149585113473951468547 3 3 3 0 /home/bepis/prog/verus-cad/monotile/empty_certs/6799_9149585113473951468547.cnf
3631499825379671183199235 3 3 3 0 /home/bepis/prog/verus-cad/monotile/empty_certs/6808_3631499825379671183199235.cnf
2578412099704275786009603 3 3 3 0 /home/bepis/prog/verus-cad/monotile/empty_certs/6818_2578412099704275786009603.cnf
2502854235982759509101571 3 3 3 0 /home/bepis/prog/verus-cad/monotile/empty_certs/6821_2502854235982759509101571.cnf
13871951596481035635715 3 3 3 0 /home/bepis/prog/verus-cad/monotile/empty_certs/6836_13871951596481035635715.cnf
3636222191862678267366403 3 3 3 0 /home/bepis/prog/verus-cad/monotile/empty_certs/6845_3636222191862678267366403.cnf
2502854235978636340497411 3 3 3 0 /home/bepis/prog/verus-cad/monotile/empty_certs/6855_2502854235978636340497411.cnf
2578412099708948710427651 3 3 3 0 /home/bepis/prog/verus-cad/monotile/empty_certs/6858_2578412099708948710427651.cnf
13871951596755913542659 3 3 3 0 /home/bepis/prog/verus-cad/monotile/empty_certs/6872_13871951596755913542659.cnf
3636222191862953145273347 3 3 3 0 /home/bepis/prog/verus-cad/monotile/empty_certs/6881_3636222191862953145273347.cnf
1223092919117114196888579 3 3 3 0 /home/bepis/prog/verus-cad/monotile/empty_certs/6906_1223092919117114196888579.cnf
1209202520830710416149507 3 3 3 0 /home/bepis/prog/verus-cad/monotile/empty_certs/6925_1209202520830710416149507.cnf
1223092919118213708516355 3 3 3 0 /home/bepis/prog/verus-cad/monotile/empty_certs/6932_1223092919118213708516355.cnf
2417852792207937577683971 3 3 3 0 /home/bepis/prog/verus-cad/monotile/empty_certs/6941_2417852792207937577683971.cnf
2418128340447538614111235 3 3 3 0 /home/bepis/prog/verus-cad/monotile/empty_certs/6950_2418128340447538614111235.cnf
2417852792212335624195075 3 3 3 0 /home/bepis/prog/verus-cad/monotile/empty_certs/6965_2417852792212335624195075.cnf
2418128340451936660622339 3 3 3 0 /home/bepis/prog/verus-cad/monotile/empty_certs/6974_2418128340451936660622339.cnf
1218409751964374704065539 3 3 3 0 /home/bepis/prog/verus-cad/monotile/empty_certs/7242_1218409751964374704065539.cnf
1824034806652799759158275 3 3 3 0 /home/bepis/prog/verus-cad/monotile/empty_certs/7247_1824034806652799759158275.cnf
2422650098584487811091459 3 3 3 0 /home/bepis/prog/verus-cad/monotile/empty_certs/7257_2422650098584487811091459.cnf
2725250488372093196962819 3 3 3 0 /home/bepis/prog/verus-cad/monotile/empty_certs/7258_2725250488372093196962819.cnf
14169405344399035993091 3 3 3 0 /home/bepis/prog/verus-cad/monotile/empty_certs/7265_14169405344399035993091.cnf
1218391305220305289481219 3 3 3 0 /home/bepis/prog/verus-cad/monotile/empty_certs/7291_1218391305220305289481219.cnf
1521821798497618516511747 3 3 3 0 /home/bepis/prog/verus-cad/monotile/empty_certs/7296_1521821798497618516511747.cnf
3027777091180659260525571 3 3 3 0 /home/bepis/prog/verus-cad/monotile/empty_certs/7302_3027777091180659260525571.cnf
2422650098584766983965699 3 3 3 0 /home/bepis/prog/verus-cad/monotile/empty_certs/7311_2422650098584766983965699.cnf
14169405344403330960387 3 3 3 0 /home/bepis/prog/verus-cad/monotile/empty_certs/7314_14169405344403330960387.cnf
2578412099700771109473283 3 3 3 0 /home/bepis/prog/verus-cad/monotile/empty_certs/7336_2578412099700771109473283.cnf
2502854235975956297681923 3 3 3 0 /home/bepis/prog/verus-cad/monotile/empty_certs/7338_2502854235975956297681923.cnf
1520604313384278330182659 3 3 3 0 /home/bepis/prog/verus-cad/monotile/empty_certs/7339_1520604313384278330182659.cnf
1822835768292333670370307 3 3 3 0 /home/bepis/prog/verus-cad/monotile/empty_certs/7341_1822835768292333670370307.cnf
1219553450096940401298435 3 3 3 0 /home/bepis/prog/verus-cad/monotile/empty_certs/7345_1219553450096940401298435.cnf
3636222191862472125713411 3 3 3 0 /home/bepis/prog/verus-cad/monotile/empty_certs/7360_3636222191862472125713411.cnf
2502854235974925505530883 3 3 3 0 /home/bepis/prog/verus-cad/monotile/empty_certs/7363_2502854235974925505530883.cnf
2578412099701939340577795 3 3 3 0 /home/bepis/prog/verus-cad/monotile/empty_certs/7365_2578412099701939340577795.cnf
13871951596343613459459 3 3 3 0 /home/bepis/prog/verus-cad/monotile/empty_certs/7377_13871951596343613459459.cnf
3636222191862540845190147 3 3 3 0 /home/bepis/prog/verus-cad/monotile/empty_certs/7386_3636222191862540845190147.cnf
2724807766512945483222019 3 3 3 0 /home/bepis/prog/verus-cad/monotile/empty_certs/7388_2724807766512945483222019.cnf
1289206049880862659447811 3 3 3 0 /home/bepis/prog/verus-cad/monotile/empty_certs/7393_1289206049880862659447811.cnf
1364763913611175029378051 3 3 3 0 /home/bepis/prog/verus-cad/monotile/empty_certs/7395_1364763913611175029378051.cnf
2422871459513368030743555 3 3 3 0 /home/bepis/prog/verus-cad/monotile/empty_certs/7396_2422871459513368030743555.cnf
9149585113611407199235 3 3 3 0 /home/bepis/prog/verus-cad/monotile/empty_certs/7402_9149585113611407199235.cnf
3631499825379808638929923 3 3 3 0 /home/bepis/prog/verus-cad/monotile/empty_certs/7411_3631499825379808638929923.cnf
3027039221416877654805507 3 3 3 0 /home/bepis/prog/verus-cad/monotile/empty_certs/7413_3027039221416877654805507.cnf
1364763913607051860773891 3 3 3 0 /home/bepis/prog/verus-cad/monotile/empty_certs/7418_1364763913607051860773891.cnf
1289206049885535583865859 3 3 3 0 /home/bepis/prog/verus-cad/monotile/empty_certs/7420_1289206049885535583865859.cnf
9149585113886285106179 3 3 3 0 /home/bepis/prog/verus-cad/monotile/empty_certs/7426_9149585113886285106179.cnf
3631499825380083516836867 3 3 3 0 /home/bepis/prog/verus-cad/monotile/empty_certs/7435_3631499825380083516836867.cnf
2422723885561602988051459 3 3 3 0 /home/bepis/prog/verus-cad/monotile/empty_certs/7440_2422723885561602988051459.cnf
2432018738731743388371971 3 3 3 0 /home/bepis/prog/verus-cad/monotile/empty_certs/7452_2432018738731743388371971.cnf
2418128340445339607632899 3 3 3 0 /home/bepis/prog/verus-cad/monotile/empty_certs/7463_2418128340445339607632899.cnf
2432018738732842899999747 3 3 3 0 /home/bepis/prog/verus-cad/monotile/empty_certs/7470_2432018738732842899999747.cnf
1218409751968699736132611 3 3 3 0 /home/bepis/prog/verus-cad/monotile/empty_certs/7475_1218409751968699736132611.cnf
1209202520832909456182275 3 3 3 0 /home/bepis/prog/verus-cad/monotile/empty_certs/7480_1209202520832909456182275.cnf
1223092919120412748549123 3 3 3 0 /home/bepis/prog/verus-cad/monotile/empty_certs/7487_1223092919120412748549123.cnf
1209202520837307502693379 3 3 3 0 /home/bepis/prog/verus-cad/monotile/empty_certs/7496_1209202520837307502693379.cnf
1223092919124810795060227 3 3 3 0 /home/bepis/prog/verus-cad/monotile/empty_certs/7503_1223092919124810795060227.cnf
70364449213443 3 3 3 0 /home/bepis/prog/verus-cad/monotile/empty_certs/7680_70364449213443.cnf
3626777458897759298915331 3 3 3 0 /home/bepis/prog/verus-cad/monotile/empty_certs/7684_3626777458897759298915331.cnf
3640944558345337442405379 3 3 3 0 /home/bepis/prog/verus-cad/monotile/empty_certs/7695_3640944558345337442405379.cnf
1289206049876254125984771 3 3 3 0 /home/bepis/prog/verus-cad/monotile/empty_certs/7697_1289206049876254125984771.cnf
906694364763812863675395 3 3 3 0 /home/bepis/prog/verus-cad/monotile/empty_certs/7712_906694364763812863675395.cnf
907579808480124016266243 3 3 3 0 /home/bepis/prog/verus-cad/monotile/empty_certs/7725_907579808480124016266243.cnf
906749705009176592256003 3 3 3 0 /home/bepis/prog/verus-cad/monotile/empty_certs/7736_906749705009176592256003.cnf
2724805460668574731340803 3 3 3 0 /home/bepis/prog/verus-cad/monotile/empty_certs/7748_2724805460668574731340803.cnf
1822833462440472495524867 3 3 3 0 /home/bepis/prog/verus-cad/monotile/empty_certs/7754_1822833462440472495524867.cnf
75853011683943248825347 3 3 3 0 /home/bepis/prog/verus-cad/monotile/empty_certs/7768_75853011683943248825347.cnf
303412046577224277560323 3 3 3 0 /home/bepis/prog/verus-cad/monotile/empty_certs/7770_303412046577224277560323.cnf
76148159589191321127939 3 3 3 0 /home/bepis/prog/verus-cad/monotile/empty_certs/7781_76148159589191321127939.cnf
75576310523868397702147 3 3 3 0 /home/bepis/prog/verus-cad/monotile/empty_certs/7806_75576310523868397702147.cnf
604610483813784628497411 3 3 3 0 /home/bepis/prog/verus-cad/monotile/empty_certs/7809_604610483813784628497411.cnf
75594757269041618881539 3 3 3 0 /home/bepis/prog/verus-cad/monotile/empty_certs/7815_75594757269041618881539.cnf
76148159589126896618499 3 3 3 0 /home/bepis/prog/verus-cad/monotile/empty_certs/7860_76148159589126896618499.cnf
605643501480885866204163 3 3 3 0 /home/bepis/prog/verus-cad/monotile/empty_certs/7861_605643501480885866204163.cnf
75853011684016263269379 3 3 3 0 /home/bepis/prog/verus-cad/monotile/empty_certs/7871_75853011684016263269379.cnf
75594757267946402221059 3 3 3 0 /home/bepis/prog/verus-cad/monotile/empty_certs/7898_75594757267946402221059.cnf
302379028910131629788163 3 3 3 0 /home/bepis/prog/verus-cad/monotile/empty_certs/7900_302379028910131629788163.cnf
75576310524972204297219 3 3 3 0 /home/bepis/prog/verus-cad/monotile/empty_certs/7905_75576310524972204297219.cnf
907579808479544195681283 3 3 3 0 /home/bepis/prog/verus-cad/monotile/empty_certs/7948_907579808479544195681283.cnf
227559034946933760199683 3 3 3 0 /home/bepis/prog/verus-cad/monotile/empty_certs/7956_227559034946933760199683.cnf
906749704999319642311683 3 3 3 0 /home/bepis/prog/verus-cad/monotile/empty_certs/7961_906749704999319642311683.cnf
226728931475986336189443 3 3 3 0 /home/bepis/prog/verus-cad/monotile/empty_certs/7967_226728931475986336189443.cnf
1364763913602155564502019 3 3 3 0 /home/bepis/prog/verus-cad/monotile/empty_certs/7978_1364763913602155564502019.cnf
2724805460668613386046467 3 3 3 0 /home/bepis/prog/verus-cad/monotile/empty_certs/7979_2724805460668613386046467.cnf
3027036915572270679723011 3 3 3 0 /home/bepis/prog/verus-cad/monotile/empty_certs/7980_3027036915572270679723011.cnf
1520602007536853856553987 3 3 3 0 /home/bepis/prog/verus-cad/monotile/empty_certs/7984_1520602007536853856553987.cnf
1822833462440511150230531 3 3 3 0 /home/bepis/prog/verus-cad/monotile/empty_certs/7985_1822833462440511150230531.cnf
1133367955941542949030915 3 3 3 0 /home/bepis/prog/verus-cad/monotile/empty_certs/7989_1133367955941542949030915.cnf
152296319125408515623939 3 3 3 0 /home/bepis/prog/verus-cad/monotile/empty_certs/8001_152296319125408515623939.cnf
76738455399562911681539 3 3 3 0 /home/bepis/prog/verus-cad/monotile/empty_certs/8013_76738455399562911681539.cnf
75705437732397249465347 3 3 3 0 /home/bepis/prog/verus-cad/monotile/empty_certs/8040_75705437732397249465347.cnf
151263301459411084512259 3 3 3 0 /home/bepis/prog/verus-cad/monotile/empty_certs/8047_151263301459411084512259.cnf
76738455399511372073987 3 3 3 0 /home/bepis/prog/verus-cad/monotile/empty_certs/8092_76738455399511372073987.cnf
152296319125494414969859 3 3 3 0 /home/bepis/prog/verus-cad/monotile/empty_certs/8104_152296319125494414969859.cnf
151263301458328752753667 3 3 3 0 /home/bepis/prog/verus-cad/monotile/empty_certs/8131_151263301458328752753667.cnf
75705437733513940962307 3 3 3 0 /home/bepis/prog/verus-cad/monotile/empty_certs/8138_75705437733513940962307.cnf
1133644657103627844848643 3 3 3 0 /home/bepis/prog/verus-cad/monotile/empty_certs/8180_1133644657103627844848643.cnf
3627054160058800517680131 3 3 3 0 /home/bepis/prog/verus-cad/monotile/empty_certs/8182_3627054160058800517680131.cnf
885443769345408764931 3 3 3 0 /home/bepis/prog/verus-cad/monotile/empty_certs/8185_885443769345408764931.cnf
1180591674524761590787 3 3 3 0 /home/bepis/prog/verus-cad/monotile/empty_certs/8188_1180591674524761590787.cnf
940784004040438582275 3 3 3 0 /home/bepis/prog/verus-cad/monotile/empty_certs/8196_940784004040438582275.cnf
1106804710599429196803 3 3 3 0 /home/bepis/prog/verus-cad/monotile/empty_certs/8200_1106804710599429196803.cnf
1328165628351388584963 3 3 3 0 /home/bepis/prog/verus-cad/monotile/empty_certs/8233_1328165628351388584963.cnf
1217485166108154530819 3 3 3 0 /home/bepis/prog/verus-cad/monotile/empty_certs/8236_1217485166108154530819.cnf
1199038426432491490307 3 3 3 0 /home/bepis/prog/verus-cad/monotile/empty_certs/8240_1199038426432491490307.cnf
1328165627320596433923 3 3 3 0 /home/bepis/prog/verus-cad/monotile/empty_certs/8292_1328165627320596433923.cnf
940784014554518522883 3 3 3 0 /home/bepis/prog/verus-cad/monotile/empty_certs/8351_940784014554518522883.cnf
442721911919976909827 3 3 3 0 /home/bepis/prog/verus-cad/monotile/empty_certs/8375_442721911919976909827.cnf
368934936724650331139 3 3 3 0 /home/bepis/prog/verus-cad/monotile/empty_certs/8377_368934936724650331139.cnf
55340301490361207811 3 3 3 0 /home/bepis/prog/verus-cad/monotile/empty_certs/8476_55340301490361207811.cnf
147574021858908965891 3 3 3 0 /home/bepis/prog/verus-cad/monotile/empty_certs/8481_147574021858908965891.cnf
1133367955957984083840003 3 3 3 0 /home/bepis/prog/verus-cad/monotile/empty_certs/8485_1133367955957984083840003.cnf
3027777385002868100038659 3 3 3 0 /home/bepis/prog/verus-cad/monotile/empty_certs/8841_3027777385002868100038659.cnf
1218409771069415750631427 3 3 3 0 /home/bepis/prog/verus-cad/monotile/empty_certs/8854_1218409771069415750631427.cnf
2725472432479192026710019 3 3 3 0 /home/bepis/prog/verus-cad/monotile/empty_certs/8877_2725472432479192026710019.cnf
1218409790209714166956035 3 3 3 0 /home/bepis/prog/verus-cad/monotile/empty_certs/8892_1218409790209714166956035.cnf
9739889913302320414723 3 3 3 0 /home/bepis/prog/verus-cad/monotile/empty_certs/9155_9739889913302320414723.cnf
9593478153578704011267 3 3 3 0 /home/bepis/prog/verus-cad/monotile/empty_certs/9455_9593478153578704011267.cnf
9519709191957253193731 3 3 3 0 /home/bepis/prog/verus-cad/monotile/empty_certs/9463_9519709191957253193731.cnf
1209222192799078426869763 3 3 3 0 /home/bepis/prog/verus-cad/monotile/empty_certs/9470_1209222192799078426869763.cnf
1209517412762951329251331 3 3 3 0 /home/bepis/prog/verus-cad/monotile/empty_certs/9474_1209517412762951329251331.cnf
2420214263926043720024067 3 3 3 0 /home/bepis/prog/verus-cad/monotile/empty_certs/9478_2420214263926043720024067.cnf
2419033960540100506943491 3 3 3 0 /home/bepis/prog/verus-cad/monotile/empty_certs/9482_2419033960540100506943491.cnf
3626778612064463873900547 3 3 3 0 /home/bepis/prog/verus-cad/monotile/empty_certs/9511_3626778612064463873900547.cnf
9519691458763137482755 3 3 3 0 /home/bepis/prog/verus-cad/monotile/empty_certs/9530_9519691458763137482755.cnf
9593496449731363078147 3 3 3 0 /home/bepis/prog/verus-cad/monotile/empty_certs/9535_9593496449731363078147.cnf
3027777385007352280776707 3 3 3 0 /home/bepis/prog/verus-cad/monotile/empty_certs/9563_3027777385007352280776707.cnf
3631649710769533964255235 3 3 3 0 /home/bepis/prog/verus-cad/monotile/empty_certs/9567_3631649710769533964255235.cnf
2725472147631068495740931 3 3 3 0 /home/bepis/prog/verus-cad/monotile/empty_certs/9571_2725472147631068495740931.cnf
3027408742864320634814467 4 4 4 1 /home/bepis/prog/verus-cad/monotile/empty_certs/9572_3027408742864320634814467.cnf
3631575928296907472896003 3 3 3 0 /home/bepis/prog/verus-cad/monotile/empty_certs/9575_3631575928296907472896003.cnf
1825233936177151002804227 3 3 3 0 /home/bepis/prog/verus-cad/monotile/empty_certs/9577_1825233936177151002804227.cnf
1521821961711469847379971 3 3 3 0 /home/bepis/prog/verus-cad/monotile/empty_certs/9578_1521821961711469847379971.cnf
3636261410298966392700931 3 3 3 0 /home/bepis/prog/verus-cad/monotile/empty_certs/9583_3636261410298966392700931.cnf
2427317161954936895832067 3 3 3 0 /home/bepis/prog/verus-cad/monotile/empty_certs/9592_2427317161954936895832067.cnf
1225456481349885254172675 3 3 3 0 /home/bepis/prog/verus-cad/monotile/empty_certs/9593_1225456481349885254172675.cnf
1224275961787861392424963 3 3 3 0 /home/bepis/prog/verus-cad/monotile/empty_certs/9597_1224275961787861392424963.cnf
2432611629709518960590851 3 3 3 0 /home/bepis/prog/verus-cad/monotile/empty_certs/9601_2432611629709518960590851.cnf
2432316770039113805987843 3 3 3 0 /home/bepis/prog/verus-cad/monotile/empty_certs/9605_2432316770039113805987843.cnf
906696671697490652692483 3 3 3 0 /home/bepis/prog/verus-cad/monotile/empty_certs/9634_906696671697490652692483.cnf
2725472432488091433828355 3 3 3 0 /home/bepis/prog/verus-cad/monotile/empty_certs/9642_2725472432488091433828355.cnf
3631575924919156212760579 3 3 3 0 /home/bepis/prog/verus-cad/monotile/empty_certs/9645_3631575924919156212760579.cnf
3027777678871711912558595 3 3 3 0 /home/bepis/prog/verus-cad/monotile/empty_certs/9650_3027777678871711912558595.cnf
3631649716399119397814275 3 3 3 0 /home/bepis/prog/verus-cad/monotile/empty_certs/9653_3631649716399119397814275.cnf
1522984107714030635843587 4 4 4 1 /home/bepis/prog/verus-cad/monotile/empty_certs/9656_1522984107714030635843587.cnf
3636242964680809769861123 3 3 3 0 /home/bepis/prog/verus-cad/monotile/empty_certs/9661_3636242964680809769861123.cnf
1521821908793366771924995 3 3 3 0 /home/bepis/prog/verus-cad/monotile/empty_certs/9663_1521821908793366771924995.cnf
1825234027376435026460675 3 3 3 0 /home/bepis/prog/verus-cad/monotile/empty_certs/9664_1825234027376435026460675.cnf
3636261429439556866801667 3 3 3 0 /home/bepis/prog/verus-cad/monotile/empty_certs/9669_3636261429439556866801667.cnf
1224275890855084929581059 3 3 3 0 /home/bepis/prog/verus-cad/monotile/empty_certs/9671_1224275890855084929581059.cnf
1225456554534495890440195 3 3 3 0 /home/bepis/prog/verus-cad/monotile/empty_certs/9675_1225456554534495890440195.cnf
2427594116447387049263107 3 3 3 0 /home/bepis/prog/verus-cad/monotile/empty_certs/9681_2427594116447387049263107.cnf
2432611919070210245525507 3 3 3 0 /home/bepis/prog/verus-cad/monotile/empty_certs/9683_2432611919070210245525507.cnf
906696672823407739404291 3 3 3 0 /home/bepis/prog/verus-cad/monotile/empty_certs/9712_906696672823407739404291.cnf
1289208432246376724692995 3 3 3 0 /home/bepis/prog/verus-cad/monotile/empty_certs/9719_1289208432246376724692995.cnf
1214831088082486263021571 3 3 3 0 /home/bepis/prog/verus-cad/monotile/empty_certs/9747_1214831088082486263021571.cnf
1216011679703203674324995 3 3 3 0 /home/bepis/prog/verus-cad/monotile/empty_certs/9748_1216011679703203674324995.cnf
1289208508808738621095939 3 3 3 0 /home/bepis/prog/verus-cad/monotile/empty_certs/9770_1289208508808738621095939.cnf
1214831092586154609868803 3 3 3 0 /home/bepis/prog/verus-cad/monotile/empty_certs/9793_1214831092586154609868803.cnf
1216011684206872021172227 3 3 3 0 /home/bepis/prog/verus-cad/monotile/empty_certs/9794_1216011684206872021172227.cnf
9149594085489102553091 3 3 3 0 /home/bepis/prog/verus-cad/monotile/empty_certs/9799_9149594085489102553091.cnf
2578412405913866343546883 3 3 3 0 /home/bepis/prog/verus-cad/monotile/empty_certs/9820_2578412405913866343546883.cnf
2502857136265735432044547 3 3 3 0 /home/bepis/prog/verus-cad/monotile/empty_certs/9822_2502857136265735432044547.cnf
2427593843975452065005571 3 3 3 0 /home/bepis/prog/verus-cad/monotile/empty_certs/9836_2427593843975452065005571.cnf
2427888991880631417831427 3 3 3 0 /home/bepis/prog/verus-cad/monotile/empty_certs/9837_2427888991880631417831427.cnf
13871969575695441461251 3 3 3 0 /home/bepis/prog/verus-cad/monotile/empty_certs/9844_13871969575695441461251.cnf
2502856866045634621210627 3 3 3 0 /home/bepis/prog/verus-cad/monotile/empty_certs/9863_2502856866045634621210627.cnf
2578412712163313929158659 3 3 3 0 /home/bepis/prog/verus-cad/monotile/empty_certs/9867_2578412712163313929158659.cnf
2427593861990125452394499 3 3 3 0 /home/bepis/prog/verus-cad/monotile/empty_certs/9880_2427593861990125452394499.cnf
2427889009895304805220355 3 3 3 0 /home/bepis/prog/verus-cad/monotile/empty_certs/9881_2427889009895304805220355.cnf
13871987590368828850179 3 3 3 0 /home/bepis/prog/verus-cad/monotile/empty_certs/9888_13871987590368828850179.cnf
1213724350993088892633091 3 3 3 0 /home/bepis/prog/verus-cad/monotile/empty_certs/9909_1213724350993088892633091.cnf
1213798137969383730839555 3 3 3 0 /home/bepis/prog/verus-cad/monotile/empty_certs/9910_1213798137969383730839555.cnf
1209147252619799710138371 3 3 3 0 /home/bepis/prog/verus-cad/monotile/empty_certs/9919_1209147252619799710138371.cnf
1213724423051782442188803 3 3 3 0 /home/bepis/prog/verus-cad/monotile/empty_certs/9936_1213724423051782442188803.cnf
1213798210028077280395267 3 3 3 0 /home/bepis/prog/verus-cad/monotile/empty_certs/9937_1213798210028077280395267.cnf
1209202664910714388348931 3 3 3 0 /home/bepis/prog/verus-cad/monotile/empty_certs/9942_1209202664910714388348931.cnf
2427317413034447232565251 3 3 3 0 /home/bepis/prog/verus-cad/monotile/empty_certs/9961_2427317413034447232565251.cnf
2427335859778520942116867 3 3 3 0 /home/bepis/prog/verus-cad/monotile/empty_certs/9962_2427335859778520942116867.cnf
2418128628642730662166531 3 3 3 0 /home/bepis/prog/verus-cad/monotile/empty_certs/9969_2418128628642730662166531.cnf
2427317701269221430788099 3 3 3 0 /home/bepis/prog/verus-cad/monotile/empty_certs/9988_2427317701269221430788099.cnf
2427336148013295140339715 3 3 3 0 /home/bepis/prog/verus-cad/monotile/empty_certs/9989_2427336148013295140339715.cnf
2418128916877504860389379 3 3 3 0 /home/bepis/prog/verus-cad/monotile/empty_certs/9996_2418128916877504860389379.cnf
2503465284335946063413251 3 3 3 0 /home/bepis/prog/verus-cad/monotile/empty_certs/10110_2503465284335946063413251.cnf
1824034806613075858292739 3 3 3 0 /home/bepis/prog/verus-cad/monotile/empty_certs/10111_1824034806613075858292739.cnf
2503188583174840420139011 3 3 3 0 /home/bepis/prog/verus-cad/monotile/empty_certs/10117_2503188583174840420139011.cnf
1290462734281027077799939 3 3 3 0 /home/bepis/prog/verus-cad/monotile/empty_certs/10127_1290462734281027077799939.cnf
2725250488334156002492419 3 3 3 0 /home/bepis/prog/verus-cad/monotile/empty_certs/10133_2725250488334156002492419.cnf
1291717112878039327309827 3 3 3 0 /home/bepis/prog/verus-cad/monotile/empty_certs/10136_1291717112878039327309827.cnf
3627054160022585638649859 3 3 3 0 /home/bepis/prog/verus-cad/monotile/empty_certs/10192_3627054160022585638649859.cnf
18594318043891699286019 3 3 3 0 /home/bepis/prog/verus-cad/monotile/empty_certs/10260_18594318043891699286019.cnf
1137795174483997614931971 3 3 3 0 /home/bepis/prog/verus-cad/monotile/empty_certs/10262_1137795174483997614931971.cnf
9593496449452458639363 3 3 3 0 /home/bepis/prog/verus-cad/monotile/empty_certs/10351_9593496449452458639363.cnf
9519691459033988857859 3 3 3 0 /home/bepis/prog/verus-cad/monotile/empty_certs/10356_9519691459033988857859.cnf
1366094468302114536816643 3 3 3 0 /home/bepis/prog/verus-cad/monotile/empty_certs/10383_1366094468302114536816643.cnf
2725250787832413483433987 3 3 3 0 /home/bepis/prog/verus-cad/monotile/empty_certs/10385_2725250787832413483433987.cnf
3631649716399033766903811 3 3 3 0 /home/bepis/prog/verus-cad/monotile/empty_certs/10388_3631649716399033766903811.cnf
1367201340499500728320003 3 3 3 0 /home/bepis/prog/verus-cad/monotile/empty_certs/10390_1367201340499500728320003.cnf
3631575924919208020803587 3 3 3 0 /home/bepis/prog/verus-cad/monotile/empty_certs/10396_3631575924919208020803587.cnf
1521821908794174494212099 3 3 3 0 /home/bepis/prog/verus-cad/monotile/empty_certs/10399_1521821908794174494212099.cnf
2579042209551973605179395 3 3 3 0 /home/bepis/prog/verus-cad/monotile/empty_certs/10400_2579042209551973605179395.cnf
1522984107713189090689027 3 3 3 0 /home/bepis/prog/verus-cad/monotile/empty_certs/10405_1522984107713189090689027.cnf
2578728308662618806026243 3 3 3 0 /home/bepis/prog/verus-cad/monotile/empty_certs/10408_2578728308662618806026243.cnf
3636242964681067736334339 3 3 3 0 /home/bepis/prog/verus-cad/monotile/empty_certs/10411_3636242964681067736334339.cnf
1225456554533379467378691 3 3 3 0 /home/bepis/prog/verus-cad/monotile/empty_certs/10413_1225456554533379467378691.cnf
1224275890856167529775107 3 3 3 0 /home/bepis/prog/verus-cad/monotile/empty_certs/10417_1224275890856167529775107.cnf
2432316482934637829554179 3 3 3 0 /home/bepis/prog/verus-cad/monotile/empty_certs/10424_2432316482934637829554179.cnf
3027039223631861528920067 3 3 3 0 /home/bepis/prog/verus-cad/monotile/empty_certs/10436_3027039223631861528920067.cnf
1822835770500101999427587 3 3 3 0 /home/bepis/prog/verus-cad/monotile/empty_certs/10444_1822835770500101999427587.cnf
906696672823390827970563 3 3 3 0 /home/bepis/prog/verus-cad/monotile/empty_certs/10453_906696672823390827970563.cnf
1367201271820654382940163 3 3 3 0 /home/bepis/prog/verus-cad/monotile/empty_certs/10459_1367201271820654382940163.cnf
3027408742859871317131267 3 3 3 0 /home/bepis/prog/verus-cad/monotile/empty_certs/10460_3027408742859871317131267.cnf
3631575928296856201723907 3 3 3 0 /home/bepis/prog/verus-cad/monotile/empty_certs/10464_3631575928296856201723907.cnf
1366094534729195428249603 3 3 3 0 /home/bepis/prog/verus-cad/monotile/empty_certs/10466_1366094534729195428249603.cnf
3027777385011836495069187 3 3 3 0 /home/bepis/prog/verus-cad/monotile/empty_certs/10469_3027777385011836495069187.cnf
3631649710769620132036611 3 3 3 0 /home/bepis/prog/verus-cad/monotile/empty_certs/10472_3631649710769620132036611.cnf
1824034987884369877663747 3 3 3 0 /home/bepis/prog/verus-cad/monotile/empty_certs/10474_1824034987884369877663747.cnf
2578728613776837815828483 3 3 3 0 /home/bepis/prog/verus-cad/monotile/empty_certs/10476_2578728613776837815828483.cnf
3636242981569308640935939 3 3 3 0 /home/bepis/prog/verus-cad/monotile/empty_certs/10480_3636242981569308640935939.cnf
2579041902185989141430275 3 3 3 0 /home/bepis/prog/verus-cad/monotile/empty_certs/10485_2579041902185989141430275.cnf
1224275961786779329101827 3 3 3 0 /home/bepis/prog/verus-cad/monotile/empty_certs/10489_1224275961786779329101827.cnf
1225456481351002214105091 3 3 3 0 /home/bepis/prog/verus-cad/monotile/empty_certs/10493_1225456481351002214105091.cnf
2432316770034733207781379 3 3 3 0 /home/bepis/prog/verus-cad/monotile/empty_certs/10497_2432316770034733207781379.cnf
2724807767602321508270083 3 3 3 0 /home/bepis/prog/verus-cad/monotile/empty_certs/10511_2724807767602321508270083.cnf
1520604314470561978777603 3 3 3 0 /home/bepis/prog/verus-cad/monotile/empty_certs/10519_1520604314470561978777603.cnf
906696671697508100997123 3 3 3 0 /home/bepis/prog/verus-cad/monotile/empty_certs/10529_906696671697508100997123.cnf
1289208508807570658426883 3 3 3 0 /home/bepis/prog/verus-cad/monotile/empty_certs/10536_1289208508807570658426883.cnf
2423166616390356627881987 3 3 3 0 /home/bepis/prog/verus-cad/monotile/empty_certs/10563_2423166616390356627881987.cnf
9149594085420651511811 3 3 3 0 /home/bepis/prog/verus-cad/monotile/empty_certs/10570_9149594085420651511811.cnf
1289208432247545224232963 3 3 3 0 /home/bepis/prog/verus-cad/monotile/empty_certs/10587_1289208432247545224232963.cnf
2724808347445274657947651 3 3 3 0 /home/bepis/prog/verus-cad/monotile/empty_certs/10591_2724808347445274657947651.cnf
2502856866049758058250243 3 3 3 0 /home/bepis/prog/verus-cad/monotile/empty_certs/10639_2502856866049758058250243.cnf
1220734077711477137997827 3 3 3 0 /home/bepis/prog/verus-cad/monotile/empty_certs/10656_1220734077711477137997827.cnf
13871987590094219378691 3 3 3 0 /home/bepis/prog/verus-cad/monotile/empty_certs/10661_13871987590094219378691.cnf
1822835858323026332352515 3 3 3 0 /home/bepis/prog/verus-cad/monotile/empty_certs/10677_1822835858323026332352515.cnf
2502857136261612531875843 3 3 3 0 /home/bepis/prog/verus-cad/monotile/empty_certs/10680_2502857136261612531875843.cnf
1219553468076636095119363 3 3 3 0 /home/bepis/prog/verus-cad/monotile/empty_certs/10699_1219553468076636095119363.cnf
13871969575970587803651 3 3 3 0 /home/bepis/prog/verus-cad/monotile/empty_certs/10705_13871969575970587803651.cnf
1208927116670014108729347 3 3 3 0 /home/bepis/prog/verus-cad/monotile/empty_certs/10723_1208927116670014108729347.cnf
1218409896045405425106947 3 3 3 0 /home/bepis/prog/verus-cad/monotile/empty_certs/10725_1218409896045405425106947.cnf
1209202664909615145156611 3 3 3 0 /home/bepis/prog/verus-cad/monotile/empty_certs/10732_1209202664909615145156611.cnf
1208927044613519582429187 3 3 3 0 /home/bepis/prog/verus-cad/monotile/empty_certs/10750_1208927044613519582429187.cnf
1209147252620899490201603 3 3 3 0 /home/bepis/prog/verus-cad/monotile/empty_certs/10763_1209147252620899490201603.cnf
2417853368633506045886467 3 3 3 0 /home/bepis/prog/verus-cad/monotile/empty_certs/10777_2417853368633506045886467.cnf
2422724461990469974360067 3 3 3 0 /home/bepis/prog/verus-cad/monotile/empty_certs/10781_2422724461990469974360067.cnf
2418128916873107082313731 3 3 3 0 /home/bepis/prog/verus-cad/monotile/empty_certs/10786_2418128916873107082313731.cnf
2417853080407527940685827 3 3 3 0 /home/bepis/prog/verus-cad/monotile/empty_certs/10804_2417853080407527940685827.cnf
2422650386788197030952963 3 3 3 0 /home/bepis/prog/verus-cad/monotile/empty_certs/10807_2422650386788197030952963.cnf
2418128628647128977113091 3 3 3 0 /home/bepis/prog/verus-cad/monotile/empty_certs/10813_2418128628647128977113091.cnf
1209222120458905874071555 3 3 3 0 /home/bepis/prog/verus-cad/monotile/empty_certs/10883_1209222120458905874071555.cnf
1209517268364085226897411 3 3 3 0 /home/bepis/prog/verus-cad/monotile/empty_certs/10887_1209517268364085226897411.cnf
2419033383789073107255299 3 3 3 0 /home/bepis/prog/verus-cad/monotile/empty_certs/10891_2419033383789073107255299.cnf
2420213975409790518558723 3 3 3 0 /home/bepis/prog/verus-cad/monotile/empty_certs/10895_2420213975409790518558723.cnf
3626778611782984870658051 3 3 3 0 /home/bepis/prog/verus-cad/monotile/empty_certs/10923_3626778611782984870658051.cnf
2503465284335946331848707 3 3 3 0 /home/bepis/prog/verus-cad/monotile/empty_certs/10927_2503465284335946331848707.cnf
2503188583174840688574467 3 3 3 0 /home/bepis/prog/verus-cad/monotile/empty_certs/10934_2503188583174840688574467.cnf
1825233844977867247583235 3 3 3 0 /home/bepis/prog/verus-cad/monotile/empty_certs/10937_1825233844977867247583235.cnf
2725471849263040785547267 3 3 3 0 /home/bepis/prog/verus-cad/monotile/empty_certs/10942_2725471849263040785547267.cnf
1290462734281027346235395 3 3 3 0 /home/bepis/prog/verus-cad/monotile/empty_certs/10943_1290462734281027346235395.cnf
1291717112878039595745283 3 3 3 0 /home/bepis/prog/verus-cad/monotile/empty_certs/10952_1291717112878039595745283.cnf
1133370261749316804673539 3 3 3 0 /home/bepis/prog/verus-cad/monotile/empty_certs/10993_1133370261749316804673539.cnf
3627054160022585907085315 3 3 3 0 /home/bepis/prog/verus-cad/monotile/empty_certs/11007_3627054160022585907085315.cnf
18594318043891967721475 3 3 3 0 /home/bepis/prog/verus-cad/monotile/empty_certs/11075_18594318043891967721475.cnf
1137795174483997883367427 3 3 3 0 /home/bepis/prog/verus-cad/monotile/empty_certs/11077_1137795174483997883367427.cnf
9483941902522651770883 3 3 3 0 /home/bepis/prog/verus-cad/monotile/empty_certs/11169_9483941902522651770883.cnf
9465490655124192755715 3 3 3 0 /home/bepis/prog/verus-cad/monotile/empty_certs/11176_9465490655124192755715.cnf
1211289597528701470244867 3 3 3 0 /home/bepis/prog/verus-cad/monotile/empty_certs/11182_1211289597528701470244867.cnf
1210109294139459722280963 3 3 3 0 /home/bepis/prog/verus-cad/monotile/empty_certs/11186_1210109294139459722280963.cnf
2418444385600364987023363 3 3 3 0 /home/bepis/prog/verus-cad/monotile/empty_certs/11189_2418444385600364987023363.cnf
2418149165641989642780675 3 3 3 0 /home/bepis/prog/verus-cad/monotile/empty_certs/11192_2418149165641989642780675.cnf
302233761344819103268867 3 3 3 0 /home/bepis/prog/verus-cad/monotile/empty_certs/11217_302233761344819103268867.cnf
604465216248476396945411 3 3 3 0 /home/bepis/prog/verus-cad/monotile/empty_certs/11219_604465216248476396945411.cnf
3626779765285049333710851 3 3 3 0 /home/bepis/prog/verus-cad/monotile/empty_certs/11221_3626779765285049333710851.cnf
9465494876991145377795 3 3 3 0 /home/bepis/prog/verus-cad/monotile/empty_certs/11240_9465494876991145377795.cnf
9483937117740105465859 3 3 3 0 /home/bepis/prog/verus-cad/monotile/empty_certs/11244_9483937117740105465859.cnf
906696670870675893780483 3 3 3 0 /home/bepis/prog/verus-cad/monotile/empty_certs/11267_906696670870675893780483.cnf
1289207509026046105092099 3 3 3 0 /home/bepis/prog/verus-cad/monotile/empty_certs/11270_1289207509026046105092099.cnf
1364765660983436091850755 3 3 3 0 /home/bepis/prog/verus-cad/monotile/empty_certs/11273_1364765660983436091850755.cnf
3027038230610186002759683 3 3 3 0 /home/bepis/prog/verus-cad/monotile/empty_certs/11276_3027038230610186002759683.cnf
3027039383531690609606659 3 3 3 0 /home/bepis/prog/verus-cad/monotile/empty_certs/11277_3027039383531690609606659.cnf
2724806703653332717666307 3 3 3 0 /home/bepis/prog/verus-cad/monotile/empty_certs/11279_2724806703653332717666307.cnf
2724807856574837324513283 3 3 3 0 /home/bepis/prog/verus-cad/monotile/empty_certs/11280_2724807856574837324513283.cnf
2422577482526294506733571 3 3 3 0 /home/bepis/prog/verus-cad/monotile/empty_certs/11285_2422577482526294506733571.cnf
1213944504973835471159299 3 3 3 0 /home/bepis/prog/verus-cad/monotile/empty_certs/11286_1213944504973835471159299.cnf
1214239652879014823985155 3 3 3 0 /home/bepis/prog/verus-cad/monotile/empty_certs/11287_1214239652879014823985155.cnf
2423755768304002704343043 3 3 3 0 /home/bepis/prog/verus-cad/monotile/empty_certs/11288_2423755768304002704343043.cnf
2424936359924720115646467 3 3 3 0 /home/bepis/prog/verus-cad/monotile/empty_certs/11289_2424936359924720115646467.cnf
3631500996297914467745795 3 3 3 0 /home/bepis/prog/verus-cad/monotile/empty_certs/11292_3631500996297914467745795.cnf
2422871477509969252712451 3 3 3 0 /home/bepis/prog/verus-cad/monotile/empty_certs/11294_2422871477509969252712451.cnf
2423166625415148605538307 3 3 3 0 /home/bepis/prog/verus-cad/monotile/empty_certs/11295_2423166625415148605538307.cnf
9149603110212629168131 3 3 3 0 /home/bepis/prog/verus-cad/monotile/empty_certs/11302_9149603110212629168131.cnf
1364765390766427657469955 3 3 3 0 /home/bepis/prog/verus-cad/monotile/empty_certs/11313_1364765390766427657469955.cnf
1289207815271988997390339 3 3 3 0 /home/bepis/prog/verus-cad/monotile/empty_certs/11316_1289207815271988997390339.cnf
2724806793720995938041859 3 3 3 0 /home/bepis/prog/verus-cad/monotile/empty_certs/11319_2724806793720995938041859.cnf
2724807946642500544888835 3 3 3 0 /home/bepis/prog/verus-cad/monotile/empty_certs/11320_2724807946642500544888835.cnf
3027038176571457240301571 3 3 3 0 /home/bepis/prog/verus-cad/monotile/empty_certs/11322_3027038176571457240301571.cnf
3027039329492961847148547 3 3 3 0 /home/bepis/prog/verus-cad/monotile/empty_certs/11323_3027039329492961847148547.cnf
2422577500540761735692291 3 3 3 0 /home/bepis/prog/verus-cad/monotile/empty_certs/11328_2422577500540761735692291.cnf
1213944522988302700118019 3 3 3 0 /home/bepis/prog/verus-cad/monotile/empty_certs/11329_1213944522988302700118019.cnf
1214239670893482052943875 3 3 3 0 /home/bepis/prog/verus-cad/monotile/empty_certs/11330_1214239670893482052943875.cnf
2423755786318469933301763 3 3 3 0 /home/bepis/prog/verus-cad/monotile/empty_certs/11331_2423755786318469933301763.cnf
2424936377939187344605187 3 3 3 0 /home/bepis/prog/verus-cad/monotile/empty_certs/11332_2424936377939187344605187.cnf
2422871495524436481671171 3 3 3 0 /home/bepis/prog/verus-cad/monotile/empty_certs/11336_2422871495524436481671171.cnf
2423166643429615834497027 3 3 3 0 /home/bepis/prog/verus-cad/monotile/empty_certs/11337_2423166643429615834497027.cnf
9149621124679858126851 3 3 3 0 /home/bepis/prog/verus-cad/monotile/empty_certs/11343_9149621124679858126851.cnf
1822834912583322917928963 3 3 3 0 /home/bepis/prog/verus-cad/monotile/empty_certs/11353_1822834912583322917928963.cnf
1822836065504827524775939 3 3 3 0 /home/bepis/prog/verus-cad/monotile/empty_certs/11354_1822836065504827524775939.cnf
1520603745911141287591939 3 3 3 0 /home/bepis/prog/verus-cad/monotile/empty_certs/11356_1520603745911141287591939.cnf
1520604898832645894438915 3 3 3 0 /home/bepis/prog/verus-cad/monotile/empty_certs/11357_1520604898832645894438915.cnf
2578413405730576611147779 3 3 3 0 /home/bepis/prog/verus-cad/monotile/empty_certs/11359_2578413405730576611147779.cnf
2502855469951466296311811 3 3 3 0 /home/bepis/prog/verus-cad/monotile/empty_certs/11362_2502855469951466296311811.cnf
1218666862449712020062211 3 3 3 0 /home/bepis/prog/verus-cad/monotile/empty_certs/11365_1218666862449712020062211.cnf
1218962010354891372888067 3 3 3 0 /home/bepis/prog/verus-cad/monotile/empty_certs/11366_1218962010354891372888067.cnf
2428478125779879253245955 3 3 3 0 /home/bepis/prog/verus-cad/monotile/empty_certs/11367_2428478125779879253245955.cnf
2429658717400596664549379 3 3 3 0 /home/bepis/prog/verus-cad/monotile/empty_certs/11368_2429658717400596664549379.cnf
1219553459086754685386755 3 3 3 0 /home/bepis/prog/verus-cad/monotile/empty_certs/11374_1219553459086754685386755.cnf
1220734050707472096690179 3 3 3 0 /home/bepis/prog/verus-cad/monotile/empty_certs/11375_1220734050707472096690179.cnf
13871960586089178071043 3 3 3 0 /home/bepis/prog/verus-cad/monotile/empty_certs/11379_13871960586089178071043.cnf
1520603453176340874788867 3 3 3 0 /home/bepis/prog/verus-cad/monotile/empty_certs/11389_1520603453176340874788867.cnf
1520604606097845481635843 3 3 3 0 /home/bepis/prog/verus-cad/monotile/empty_certs/11390_1520604606097845481635843.cnf
1822835196311473831804931 3 3 3 0 /home/bepis/prog/verus-cad/monotile/empty_certs/11392_1822835196311473831804931.cnf
1822836349232978438651907 3 3 3 0 /home/bepis/prog/verus-cad/monotile/empty_certs/11393_1822836349232978438651907.cnf
2502855537501337538265091 3 3 3 0 /home/bepis/prog/verus-cad/monotile/empty_certs/11395_2502855537501337538265091.cnf
2578413329174055870267395 3 3 3 0 /home/bepis/prog/verus-cad/monotile/empty_certs/11398_2578413329174055870267395.cnf
1218962005851566623424515 3 3 3 0 /home/bepis/prog/verus-cad/monotile/empty_certs/11402_1218962005851566623424515.cnf
2428478121276554503782403 3 3 3 0 /home/bepis/prog/verus-cad/monotile/empty_certs/11403_2428478121276554503782403.cnf
2429658712897271915085827 3 3 3 0 /home/bepis/prog/verus-cad/monotile/empty_certs/11404_2429658712897271915085827.cnf
1219553454583429935923203 3 3 3 0 /home/bepis/prog/verus-cad/monotile/empty_certs/11410_1219553454583429935923203.cnf
1220734046204147347226627 3 3 3 0 /home/bepis/prog/verus-cad/monotile/empty_certs/11411_1220734046204147347226627.cnf
12986512367226370129923 3 3 3 0 /home/bepis/prog/verus-cad/monotile/empty_certs/11419_12986512367226370129923.cnf
1218374299611543411621891 3 3 3 0 /home/bepis/prog/verus-cad/monotile/empty_certs/11427_1218374299611543411621891.cnf
1213668074029738262265859 3 3 3 0 /home/bepis/prog/verus-cad/monotile/empty_certs/11429_1213668074029738262265859.cnf
1213686520773811971817475 3 3 3 0 /home/bepis/prog/verus-cad/monotile/empty_certs/11430_1213686520773811971817475.cnf
1218445780744829036134403 3 3 3 0 /home/bepis/prog/verus-cad/monotile/empty_certs/11431_1218445780744829036134403.cnf
1218519567721123874340867 3 3 3 0 /home/bepis/prog/verus-cad/monotile/empty_certs/11432_1218519567721123874340867.cnf
1223094360251403843141635 3 3 3 0 /home/bepis/prog/verus-cad/monotile/empty_certs/11433_1223094360251403843141635.cnf
1218391593434112514326531 3 3 3 0 /home/bepis/prog/verus-cad/monotile/empty_certs/11437_1218391593434112514326531.cnf
1218410040178186223878147 3 3 3 0 /home/bepis/prog/verus-cad/monotile/empty_certs/11438_1218410040178186223878147.cnf
1209202809042395943927811 3 3 3 0 /home/bepis/prog/verus-cad/monotile/empty_certs/11445_1209202809042395943927811.cnf
1213668362261213925605379 3 3 3 0 /home/bepis/prog/verus-cad/monotile/empty_certs/11456_1213668362261213925605379.cnf
1213686809005287635156995 3 3 3 0 /home/bepis/prog/verus-cad/monotile/empty_certs/11457_1213686809005287635156995.cnf
1218446068976304699473923 3 3 3 0 /home/bepis/prog/verus-cad/monotile/empty_certs/11458_1218446068976304699473923.cnf
1218519855952599537680387 3 3 3 0 /home/bepis/prog/verus-cad/monotile/empty_certs/11459_1218519855952599537680387.cnf
1223094648482879506481155 3 3 3 0 /home/bepis/prog/verus-cad/monotile/empty_certs/11460_1223094648482879506481155.cnf
1218391881665588177666051 3 3 3 0 /home/bepis/prog/verus-cad/monotile/empty_certs/11464_1218391881665588177666051.cnf
1218410328409661887217667 3 3 3 0 /home/bepis/prog/verus-cad/monotile/empty_certs/11465_1218410328409661887217667.cnf
1209203097273871607267331 3 3 3 0 /home/bepis/prog/verus-cad/monotile/empty_certs/11472_1209203097273871607267331.cnf
2422593749532477895999491 3 3 3 0 /home/bepis/prog/verus-cad/monotile/empty_certs/11483_2422593749532477895999491.cnf
2422612196276551605551107 3 3 3 0 /home/bepis/prog/verus-cad/monotile/empty_certs/11484_2422612196276551605551107.cnf
2427371456247568669868035 3 3 3 0 /home/bepis/prog/verus-cad/monotile/empty_certs/11485_2427371456247568669868035.cnf
2427445243223863508074499 3 3 3 0 /home/bepis/prog/verus-cad/monotile/empty_certs/11486_2427445243223863508074499.cnf
2422650242686203631501315 3 3 3 0 /home/bepis/prog/verus-cad/monotile/empty_certs/11492_2422650242686203631501315.cnf
2422724029662498469707779 3 3 3 0 /home/bepis/prog/verus-cad/monotile/empty_certs/11493_2422724029662498469707779.cnf
2418128484545135577661443 3 3 3 0 /home/bepis/prog/verus-cad/monotile/empty_certs/11497_2418128484545135577661443.cnf
2422612124223355614134275 3 3 3 0 /home/bepis/prog/verus-cad/monotile/empty_certs/11508_2422612124223355614134275.cnf
2427371384194372678451203 3 3 3 0 /home/bepis/prog/verus-cad/monotile/empty_certs/11509_2427371384194372678451203.cnf
2427445171170667516657667 3 3 3 0 /home/bepis/prog/verus-cad/monotile/empty_certs/11510_2427445171170667516657667.cnf
2422650170633007640084483 3 3 3 0 /home/bepis/prog/verus-cad/monotile/empty_certs/11516_2422650170633007640084483.cnf
2422723957609302478290947 3 3 3 0 /home/bepis/prog/verus-cad/monotile/empty_certs/11517_2422723957609302478290947.cnf
2418073072259718457589763 3 3 3 0 /home/bepis/prog/verus-cad/monotile/empty_certs/11525_2418073072259718457589763.cnf
2724808919415484571451395 3 3 3 0 /home/bepis/prog/verus-cad/monotile/empty_certs/11540_2724808919415484571451395.cnf
3027040374319141865127939 3 3 3 0 /home/bepis/prog/verus-cad/monotile/empty_certs/11541_3027040374319141865127939.cnf
1520605466283725041958915 3 3 3 0 /home/bepis/prog/verus-cad/monotile/empty_certs/11548_1520605466283725041958915.cnf
1822836921187382335635459 3 3 3 0 /home/bepis/prog/verus-cad/monotile/empty_certs/11549_1822836921187382335635459.cnf
906697823510671164178435 3 3 3 0 /home/bepis/prog/verus-cad/monotile/empty_certs/11558_906697823510671164178435.cnf
1289520797429356275171331 3 3 3 0 /home/bepis/prog/verus-cad/monotile/empty_certs/11563_1289520797429356275171331.cnf
1365373809060449951416323 3 3 3 0 /home/bepis/prog/verus-cad/monotile/empty_certs/11564_1365373809060449951416323.cnf
2726005651937266478612483 3 3 3 0 /home/bepis/prog/verus-cad/monotile/empty_certs/11565_2726005651937266478612483.cnf
3029417698461641183592451 3 3 3 0 /home/bepis/prog/verus-cad/monotile/empty_certs/11566_3029417698461641183592451.cnf
3631519425027520948338691 3 3 3 0 /home/bepis/prog/verus-cad/monotile/empty_certs/11569_3631519425027520948338691.cnf
1365097107899344308142083 3 3 3 0 /home/bepis/prog/verus-cad/monotile/empty_certs/11571_1365097107899344308142083.cnf
1289834392078609337548803 3 3 3 0 /home/bepis/prog/verus-cad/monotile/empty_certs/11572_1289834392078609337548803.cnf
3028255553584997481840643 3 3 3 0 /home/bepis/prog/verus-cad/monotile/empty_certs/11573_3028255553584997481840643.cnf
2727204690302057599467523 3 3 3 0 /home/bepis/prog/verus-cad/monotile/empty_certs/11574_2727204690302057599467523.cnf
3631537871771594657890307 3 3 3 0 /home/bepis/prog/verus-cad/monotile/empty_certs/11577_3631537871771594657890307.cnf
1520972095322190019297283 3 3 3 0 /home/bepis/prog/verus-cad/monotile/empty_certs/11579_1520972095322190019297283.cnf
1823498698131026665799683 3 3 3 0 /home/bepis/prog/verus-cad/monotile/empty_certs/11580_1823498698131026665799683.cnf
2579667631200528605642755 3 3 3 0 /home/bepis/prog/verus-cad/monotile/empty_certs/11581_2579667631200528605642755.cnf
2505290359095331693527043 3 3 3 0 /home/bepis/prog/verus-cad/monotile/empty_certs/11582_2505290359095331693527043.cnf
3636297131742611722207235 3 3 3 0 /home/bepis/prog/verus-cad/monotile/empty_certs/11585_3636297131742611722207235.cnf
1823277337202142151180291 3 3 3 0 /home/bepis/prog/verus-cad/monotile/empty_certs/11587_1823277337202142151180291.cnf
1521341030203664210329603 3 3 3 0 /home/bepis/prog/verus-cad/monotile/empty_certs/11588_1521341030203664210329603.cnf
2504183554450909120430083 3 3 3 0 /home/bepis/prog/verus-cad/monotile/empty_certs/11589_2504183554450909120430083.cnf
2580922009797540855152643 3 3 3 0 /home/bepis/prog/verus-cad/monotile/empty_certs/11590_2580922009797540855152643.cnf
3636370918718906560413699 3 3 3 0 /home/bepis/prog/verus-cad/monotile/empty_certs/11593_3636370918718906560413699.cnf
1223389219925107532627971 3 3 3 0 /home/bepis/prog/verus-cad/monotile/empty_certs/11595_1223389219925107532627971.cnf
1223684367830286885453827 3 3 3 0 /home/bepis/prog/verus-cad/monotile/empty_certs/11599_1223684367830286885453827.cnf
2433200483255274765811715 3 3 3 0 /home/bepis/prog/verus-cad/monotile/empty_certs/11603_2433200483255274765811715.cnf
2434381074875992177115139 3 3 3 0 /home/bepis/prog/verus-cad/monotile/empty_certs/11607_2434381074875992177115139.cnf
1133369108845404920741891 3 3 3 0 /home/bepis/prog/verus-cad/monotile/empty_certs/11632_1133369108845404920741891.cnf
1521821798471085265518595 3 3 3 0 /home/bepis/prog/verus-cad/monotile/empty_certs/11650_1521821798471085265518595.cnf
1825233844995459970498563 3 3 3 0 /home/bepis/prog/verus-cad/monotile/empty_certs/11651_1825233844995459970498563.cnf
2725471849280633508462595 3 3 3 0 /home/bepis/prog/verus-cad/monotile/empty_certs/11656_2725471849280633508462595.cnf
3027777091160585640345603 3 3 3 0 /home/bepis/prog/verus-cad/monotile/empty_certs/11664_3027777091160585640345603.cnf
3627054160040178630000643 3 3 3 0 /home/bepis/prog/verus-cad/monotile/empty_certs/11720_3627054160040178630000643.cnf
18594318061484690636803 3 3 3 0 /home/bepis/prog/verus-cad/monotile/empty_certs/11788_18594318061484690636803.cnf
9483937117449121431555 3 3 3 0 /home/bepis/prog/verus-cad/monotile/empty_certs/11878_9483937117449121431555.cnf
9465494877249917157379 3 3 3 0 /home/bepis/prog/verus-cad/monotile/empty_certs/11882_9465494877249917157379.cnf
906696670870659787653123 3 3 3 0 /home/bepis/prog/verus-cad/monotile/empty_certs/11905_906696670870659787653123.cnf
1289207815270821840027651 3 3 3 0 /home/bepis/prog/verus-cad/monotile/empty_certs/11907_1289207815270821840027651.cnf
1364765390767459523362819 3 3 3 0 /home/bepis/prog/verus-cad/monotile/empty_certs/11910_1364765390767459523362819.cnf
3027038176566991548055555 3 3 3 0 /home/bepis/prog/verus-cad/monotile/empty_certs/11913_3027038176566991548055555.cnf
3027039329488496154902531 3 3 3 0 /home/bepis/prog/verus-cad/monotile/empty_certs/11914_3027039329488496154902531.cnf
2724806793725326338818051 3 3 3 0 /home/bepis/prog/verus-cad/monotile/empty_certs/11916_2724806793725326338818051.cnf
2724807946646830945665027 3 3 3 0 /home/bepis/prog/verus-cad/monotile/empty_certs/11917_2724807946646830945665027.cnf
1213944522988235054383107 3 3 3 0 /home/bepis/prog/verus-cad/monotile/empty_certs/11919_1213944522988235054383107.cnf
1214239670893414407208963 3 3 3 0 /home/bepis/prog/verus-cad/monotile/empty_certs/11920_1214239670893414407208963.cnf
2423755786318402287566851 3 3 3 0 /home/bepis/prog/verus-cad/monotile/empty_certs/11921_2423755786318402287566851.cnf
2424936377939119698870275 3 3 3 0 /home/bepis/prog/verus-cad/monotile/empty_certs/11922_2424936377939119698870275.cnf
3631501014312314050969603 3 3 3 0 /home/bepis/prog/verus-cad/monotile/empty_certs/11925_3631501014312314050969603.cnf
2422871495524368835936259 3 3 3 0 /home/bepis/prog/verus-cad/monotile/empty_certs/11927_2422871495524368835936259.cnf
2423166643429548188762115 3 3 3 0 /home/bepis/prog/verus-cad/monotile/empty_certs/11928_2423166643429548188762115.cnf
9149621124612212391939 3 3 3 0 /home/bepis/prog/verus-cad/monotile/empty_certs/11935_9149621124612212391939.cnf
1364765660982406373441539 3 3 3 0 /home/bepis/prog/verus-cad/monotile/empty_certs/11946_1364765660982406373441539.cnf
1289207509027215409938435 3 3 3 0 /home/bepis/prog/verus-cad/monotile/empty_certs/11949_1289207509027215409938435.cnf
2724806703649004464373763 3 3 3 0 /home/bepis/prog/verus-cad/monotile/empty_certs/11952_2724806703649004464373763.cnf
2724807856570509071220739 3 3 3 0 /home/bepis/prog/verus-cad/monotile/empty_certs/11953_2724807856570509071220739.cnf
3027038230614653842489347 3 3 3 0 /home/bepis/prog/verus-cad/monotile/empty_certs/11955_3027038230614653842489347.cnf
3027039383536158449336323 3 3 3 0 /home/bepis/prog/verus-cad/monotile/empty_certs/11956_3027039383536158449336323.cnf
1213944504973905264377859 3 3 3 0 /home/bepis/prog/verus-cad/monotile/empty_certs/11958_1213944504973905264377859.cnf
1214239652879084617203715 3 3 3 0 /home/bepis/prog/verus-cad/monotile/empty_certs/11959_1214239652879084617203715.cnf
2423755768304072497561603 3 3 3 0 /home/bepis/prog/verus-cad/monotile/empty_certs/11960_2423755768304072497561603.cnf
2424936359924789908865027 3 3 3 0 /home/bepis/prog/verus-cad/monotile/empty_certs/11961_2424936359924789908865027.cnf
2422871477510039045931011 3 3 3 0 /home/bepis/prog/verus-cad/monotile/empty_certs/11965_2422871477510039045931011.cnf
2423166625415218398756867 3 3 3 0 /home/bepis/prog/verus-cad/monotile/empty_certs/11966_2423166625415218398756867.cnf
9149603110282422386691 3 3 3 0 /home/bepis/prog/verus-cad/monotile/empty_certs/11972_9149603110282422386691.cnf
1822835196310100516012035 3 3 3 0 /home/bepis/prog/verus-cad/monotile/empty_certs/11982_1822835196310100516012035.cnf
1822836349231605122859011 3 3 3 0 /home/bepis/prog/verus-cad/monotile/empty_certs/11983_1822836349231605122859011.cnf
1520603453177166582251523 3 3 3 0 /home/bepis/prog/verus-cad/monotile/empty_certs/11985_1520603453177166582251523.cnf
1520604606098671189098499 3 3 3 0 /home/bepis/prog/verus-cad/monotile/empty_certs/11986_1520604606098671189098499.cnf
2578413329169384019591171 3 3 3 0 /home/bepis/prog/verus-cad/monotile/empty_certs/11988_2578413329169384019591171.cnf
2502855537505461780611075 3 3 3 0 /home/bepis/prog/verus-cad/monotile/empty_certs/11991_2502855537505461780611075.cnf
1218962005851292819259395 3 3 3 0 /home/bepis/prog/verus-cad/monotile/empty_certs/11995_1218962005851292819259395.cnf
2428478121276280699617283 3 3 3 0 /home/bepis/prog/verus-cad/monotile/empty_certs/11996_2428478121276280699617283.cnf
2429658712896998110920707 3 3 3 0 /home/bepis/prog/verus-cad/monotile/empty_certs/11997_2429658712896998110920707.cnf
1219553454583156131758083 3 3 3 0 /home/bepis/prog/verus-cad/monotile/empty_certs/12003_1219553454583156131758083.cnf
1220734046203873543061507 3 3 3 0 /home/bepis/prog/verus-cad/monotile/empty_certs/12004_1220734046203873543061507.cnf
12986512366952565964803 3 3 3 0 /home/bepis/prog/verus-cad/monotile/empty_certs/12012_12986512366952565964803.cnf
1520603745910317727612931 3 3 3 0 /home/bepis/prog/verus-cad/monotile/empty_certs/12018_1520603745910317727612931.cnf
1520604898831822334459907 3 3 3 0 /home/bepis/prog/verus-cad/monotile/empty_certs/12019_1520604898831822334459907.cnf
1822834912584698381205507 3 3 3 0 /home/bepis/prog/verus-cad/monotile/empty_certs/12021_1822834912584698381205507.cnf
1822836065506202988052483 3 3 3 0 /home/bepis/prog/verus-cad/monotile/empty_certs/12022_1822836065506202988052483.cnf
2502855469947344201449475 3 3 3 0 /home/bepis/prog/verus-cad/monotile/empty_certs/12024_2502855469947344201449475.cnf
2578413405735250609307651 3 3 3 0 /home/bepis/prog/verus-cad/monotile/empty_certs/12027_2578413405735250609307651.cnf
1218666862449987971710979 3 3 3 0 /home/bepis/prog/verus-cad/monotile/empty_certs/12030_1218666862449987971710979.cnf
1218962010355167324536835 3 3 3 0 /home/bepis/prog/verus-cad/monotile/empty_certs/12031_1218962010355167324536835.cnf
2428478125780155204894723 3 3 3 0 /home/bepis/prog/verus-cad/monotile/empty_certs/12032_2428478125780155204894723.cnf
2429658717400872616198147 3 3 3 0 /home/bepis/prog/verus-cad/monotile/empty_certs/12033_2429658717400872616198147.cnf
1219553459087030637035523 3 3 3 0 /home/bepis/prog/verus-cad/monotile/empty_certs/12039_1219553459087030637035523.cnf
1220734050707748048338947 3 3 3 0 /home/bepis/prog/verus-cad/monotile/empty_certs/12040_1220734050707748048338947.cnf
13871960586365129719811 3 3 3 0 /home/bepis/prog/verus-cad/monotile/empty_certs/12044_13871960586365129719811.cnf
1213668362260115487719427 3 3 3 0 /home/bepis/prog/verus-cad/monotile/empty_certs/12054_1213668362260115487719427.cnf
1213686809004189197271043 3 3 3 0 /home/bepis/prog/verus-cad/monotile/empty_certs/12055_1213686809004189197271043.cnf
1218446068975206261587971 3 3 3 0 /home/bepis/prog/verus-cad/monotile/empty_certs/12056_1218446068975206261587971.cnf
1218519855951501099794435 3 3 3 0 /home/bepis/prog/verus-cad/monotile/empty_certs/12057_1218519855951501099794435.cnf
1218391881664489739780099 3 3 3 0 /home/bepis/prog/verus-cad/monotile/empty_certs/12061_1218391881664489739780099.cnf
1218410328408563449331715 3 3 3 0 /home/bepis/prog/verus-cad/monotile/empty_certs/12062_1218410328408563449331715.cnf
1209203097272773169381379 3 3 3 0 /home/bepis/prog/verus-cad/monotile/empty_certs/12068_1209203097272773169381379.cnf
1218374299612643996991491 3 3 3 0 /home/bepis/prog/verus-cad/monotile/empty_certs/12080_1218374299612643996991491.cnf
1213668074030838847635459 3 3 3 0 /home/bepis/prog/verus-cad/monotile/empty_certs/12082_1213668074030838847635459.cnf
1213686520774912557187075 3 3 3 0 /home/bepis/prog/verus-cad/monotile/empty_certs/12083_1213686520774912557187075.cnf
1218445780745929621504003 3 3 3 0 /home/bepis/prog/verus-cad/monotile/empty_certs/12084_1218445780745929621504003.cnf
1218519567722224459710467 3 3 3 0 /home/bepis/prog/verus-cad/monotile/empty_certs/12085_1218519567722224459710467.cnf
1218391593435213099696131 3 3 3 0 /home/bepis/prog/verus-cad/monotile/empty_certs/12089_1218391593435213099696131.cnf
1218410040179286809247747 3 3 3 0 /home/bepis/prog/verus-cad/monotile/empty_certs/12090_1218410040179286809247747.cnf
1209202809043496529297411 3 3 3 0 /home/bepis/prog/verus-cad/monotile/empty_certs/12096_1209202809043496529297411.cnf
2422612124218958641364995 3 3 3 0 /home/bepis/prog/verus-cad/monotile/empty_certs/12107_2422612124218958641364995.cnf
2427371384189975705681923 3 3 3 0 /home/bepis/prog/verus-cad/monotile/empty_certs/12108_2427371384189975705681923.cnf
2427445171166270543888387 3 3 3 0 /home/bepis/prog/verus-cad/monotile/empty_certs/12109_2427445171166270543888387.cnf
2422650170628610667315203 3 3 3 0 /home/bepis/prog/verus-cad/monotile/empty_certs/12115_2422650170628610667315203.cnf
2422723957604905505521667 3 3 3 0 /home/bepis/prog/verus-cad/monotile/empty_certs/12116_2422723957604905505521667.cnf
2418073072255321484820483 3 3 3 0 /home/bepis/prog/verus-cad/monotile/empty_certs/12124_2418073072255321484820483.cnf
2422593749536877016252419 3 3 3 0 /home/bepis/prog/verus-cad/monotile/empty_certs/12130_2422593749536877016252419.cnf
2422612196280950725804035 3 3 3 0 /home/bepis/prog/verus-cad/monotile/empty_certs/12131_2422612196280950725804035.cnf
2427371456251967790120963 3 3 3 0 /home/bepis/prog/verus-cad/monotile/empty_certs/12132_2427371456251967790120963.cnf
2427445243228262628327427 3 3 3 0 /home/bepis/prog/verus-cad/monotile/empty_certs/12133_2427445243228262628327427.cnf
2422650242690602751754243 3 3 3 0 /home/bepis/prog/verus-cad/monotile/empty_certs/12139_2422650242690602751754243.cnf
2422724029666897589960707 3 3 3 0 /home/bepis/prog/verus-cad/monotile/empty_certs/12140_2422724029666897589960707.cnf
2418128484549534697914371 3 3 3 0 /home/bepis/prog/verus-cad/monotile/empty_certs/12144_2418128484549534697914371.cnf
2724808919415485645193219 3 3 3 0 /home/bepis/prog/verus-cad/monotile/empty_certs/12163_2724808919415485645193219.cnf
3027040374319142938869763 3 3 3 0 /home/bepis/prog/verus-cad/monotile/empty_certs/12164_3027040374319142938869763.cnf
1520605466283726115700739 3 3 3 0 /home/bepis/prog/verus-cad/monotile/empty_certs/12171_1520605466283726115700739.cnf
1822836921187383409377283 3 3 3 0 /home/bepis/prog/verus-cad/monotile/empty_certs/12172_1822836921187383409377283.cnf
906697823510672237920259 3 3 3 0 /home/bepis/prog/verus-cad/monotile/empty_certs/12181_906697823510672237920259.cnf
1289520797429357348913155 3 3 3 0 /home/bepis/prog/verus-cad/monotile/empty_certs/12186_1289520797429357348913155.cnf
1365373809060451025158147 3 3 3 0 /home/bepis/prog/verus-cad/monotile/empty_certs/12187_1365373809060451025158147.cnf
2726005651937267552354307 3 3 3 0 /home/bepis/prog/verus-cad/monotile/empty_certs/12188_2726005651937267552354307.cnf
3029417698461642257334275 3 3 3 0 /home/bepis/prog/verus-cad/monotile/empty_certs/12189_3029417698461642257334275.cnf
3631519425027522022080515 3 3 3 0 /home/bepis/prog/verus-cad/monotile/empty_certs/12192_3631519425027522022080515.cnf
1365097107899345381883907 3 3 3 0 /home/bepis/prog/verus-cad/monotile/empty_certs/12194_1365097107899345381883907.cnf
1289834392078610411290627 3 3 3 0 /home/bepis/prog/verus-cad/monotile/empty_certs/12195_1289834392078610411290627.cnf
3028255553584998555582467 3 3 3 0 /home/bepis/prog/verus-cad/monotile/empty_certs/12196_3028255553584998555582467.cnf
2727204690302058673209347 3 3 3 0 /home/bepis/prog/verus-cad/monotile/empty_certs/12197_2727204690302058673209347.cnf
3631537871771595731632131 3 3 3 0 /home/bepis/prog/verus-cad/monotile/empty_certs/12200_3631537871771595731632131.cnf
1520972095322191093039107 3 3 3 0 /home/bepis/prog/verus-cad/monotile/empty_certs/12202_1520972095322191093039107.cnf
1823498698131027739541507 3 3 3 0 /home/bepis/prog/verus-cad/monotile/empty_certs/12203_1823498698131027739541507.cnf
2579667631200529679384579 3 3 3 0 /home/bepis/prog/verus-cad/monotile/empty_certs/12204_2579667631200529679384579.cnf
2505290359095332767268867 3 3 3 0 /home/bepis/prog/verus-cad/monotile/empty_certs/12205_2505290359095332767268867.cnf
1823277337202143224922115 3 3 3 0 /home/bepis/prog/verus-cad/monotile/empty_certs/12209_1823277337202143224922115.cnf
1521341030203665284071427 3 3 3 0 /home/bepis/prog/verus-cad/monotile/empty_certs/12210_1521341030203665284071427.cnf
2504183554450910194171907 3 3 3 0 /home/bepis/prog/verus-cad/monotile/empty_certs/12211_2504183554450910194171907.cnf
2580922009797541928894467 3 3 3 0 /home/bepis/prog/verus-cad/monotile/empty_certs/12212_2580922009797541928894467.cnf
3636370918718907634155523 3 3 3 0 /home/bepis/prog/verus-cad/monotile/empty_certs/12215_3636370918718907634155523.cnf
1223389219925108606369795 3 3 3 0 /home/bepis/prog/verus-cad/monotile/empty_certs/12217_1223389219925108606369795.cnf
1223684367830287959195651 3 3 3 0 /home/bepis/prog/verus-cad/monotile/empty_certs/12221_1223684367830287959195651.cnf
2434381074875993250856963 3 3 3 0 /home/bepis/prog/verus-cad/monotile/empty_certs/12228_2434381074875993250856963.cnf
1133369108845405994483715 3 3 3 0 /home/bepis/prog/verus-cad/monotile/empty_certs/12253_1133369108845405994483715.cnf
1521821798471086339260419 3 3 3 0 /home/bepis/prog/verus-cad/monotile/empty_certs/12271_1521821798471086339260419.cnf
1825233844995461044240387 3 3 3 0 /home/bepis/prog/verus-cad/monotile/empty_certs/12272_1825233844995461044240387.cnf
2725471849280634582204419 3 3 3 0 /home/bepis/prog/verus-cad/monotile/empty_certs/12277_2725471849280634582204419.cnf
3027777091160586714087427 3 3 3 0 /home/bepis/prog/verus-cad/monotile/empty_certs/12285_3027777091160586714087427.cnf
3627054160040179703742467 3 3 3 0 /home/bepis/prog/verus-cad/monotile/empty_certs/12341_3627054160040179703742467.cnf
18594318061485764378627 3 3 3 0 /home/bepis/prog/verus-cad/monotile/empty_certs/12409_18594318061485764378627.cnf
1289209508589095211761667 3 3 3 0 /home/bepis/prog/verus-cad/monotile/empty_certs/12509_1289209508589095211761667.cnf
1364763916929294946795523 3 3 3 0 /home/bepis/prog/verus-cad/monotile/empty_certs/12531_1364763916929294946795523.cnf
3027038070732398157365251 3 3 3 0 /home/bepis/prog/verus-cad/monotile/empty_certs/12549_3027038070732398157365251.cnf
3027040374323607557373955 3 3 3 0 /home/bepis/prog/verus-cad/monotile/empty_certs/12550_3027040374323607557373955.cnf
3027036915805384341454851 3 3 3 0 /home/bepis/prog/verus-cad/monotile/empty_certs/12556_3027036915805384341454851.cnf
3027036918901609085272067 3 3 3 0 /home/bepis/prog/verus-cad/monotile/empty_certs/12558_3027036918901609085272067.cnf
2724807767611151424159747 3 3 3 0 /home/bepis/prog/verus-cad/monotile/empty_certs/12570_2724807767611151424159747.cnf
2724806614707239003357187 3 3 3 0 /home/bepis/prog/verus-cad/monotile/empty_certs/12578_2724806614707239003357187.cnf
2724806615833138910199811 3 3 3 0 /home/bepis/prog/verus-cad/monotile/empty_certs/12579_2724806615833138910199811.cnf
2724808919424348310208515 3 3 3 0 /home/bepis/prog/verus-cad/monotile/empty_certs/12580_2724808919424348310208515.cnf
2724805460906125094289411 3 3 3 0 /home/bepis/prog/verus-cad/monotile/empty_certs/12586_2724805460906125094289411.cnf
2724805464002349838106627 3 3 3 0 /home/bepis/prog/verus-cad/monotile/empty_certs/12588_2724805464002349838106627.cnf
1214831228819974349914115 3 3 3 0 /home/bepis/prog/verus-cad/monotile/empty_certs/12630_1214831228819974349914115.cnf
1216011821566591668060163 3 3 3 0 /home/bepis/prog/verus-cad/monotile/empty_certs/12637_1216011821566591668060163.cnf
2423755823473097065889795 3 3 3 0 /home/bepis/prog/verus-cad/monotile/empty_certs/12700_2423755823473097065889795.cnf
2424936487151408515121155 3 3 3 0 /home/bepis/prog/verus-cad/monotile/empty_certs/12701_2424936487151408515121155.cnf
1213944776315711946489859 3 3 3 0 /home/bepis/prog/verus-cad/monotile/empty_certs/12702_1213944776315711946489859.cnf
1214240212451267451027459 3 3 3 0 /home/bepis/prog/verus-cad/monotile/empty_certs/12703_1214240212451267451027459.cnf
2424936416219714384035843 3 3 3 0 /home/bepis/prog/verus-cad/monotile/empty_certs/12707_2424936416219714384035843.cnf
2423755896656591010660355 3 3 3 0 /home/bepis/prog/verus-cad/monotile/empty_certs/12708_2423755896656591010660355.cnf
1214239925346791206158339 3 3 3 0 /home/bepis/prog/verus-cad/monotile/empty_certs/12709_1214239925346791206158339.cnf
1213945065671988005044227 3 3 3 0 /home/bepis/prog/verus-cad/monotile/empty_certs/12710_1213945065671988005044227.cnf
4723451568973601046531 3 3 3 0 /home/bepis/prog/verus-cad/monotile/empty_certs/12753_4723451568973601046531.cnf
9149589282753324515331 3 3 3 0 /home/bepis/prog/verus-cad/monotile/empty_certs/12754_9149589282753324515331.cnf
4726906111362770927619 3 3 3 0 /home/bepis/prog/verus-cad/monotile/empty_certs/12816_4726906111362770927619.cnf
9150665924539242774531 3 3 3 0 /home/bepis/prog/verus-cad/monotile/empty_certs/12819_9150665924539242774531.cnf
1364763916928264154644483 3 3 3 0 /home/bepis/prog/verus-cad/monotile/empty_certs/12910_1364763916928264154644483.cnf
2724806615828809583165443 3 3 3 0 /home/bepis/prog/verus-cad/monotile/empty_certs/12928_2724806615828809583165443.cnf
2724808919420018983174147 3 3 3 0 /home/bepis/prog/verus-cad/monotile/empty_certs/12929_2724808919420018983174147.cnf
2724805460901795767255043 3 3 3 0 /home/bepis/prog/verus-cad/monotile/empty_certs/12935_2724805460901795767255043.cnf
2724805463998020511072259 3 3 3 0 /home/bepis/prog/verus-cad/monotile/empty_certs/12937_2724805463998020511072259.cnf
3027038069610965016510467 3 3 3 0 /home/bepis/prog/verus-cad/monotile/empty_certs/12957_3027038069610965016510467.cnf
3027038070736864923353091 3 3 3 0 /home/bepis/prog/verus-cad/monotile/empty_certs/12958_3027038070736864923353091.cnf
3027040374328074323361795 3 3 3 0 /home/bepis/prog/verus-cad/monotile/empty_certs/12959_3027040374328074323361795.cnf
3027036915809851107442691 3 3 3 0 /home/bepis/prog/verus-cad/monotile/empty_certs/12965_3027036915809851107442691.cnf
3027036918906075851259907 3 3 3 0 /home/bepis/prog/verus-cad/monotile/empty_certs/12967_3027036918906075851259907.cnf
1216011748383166442766339 3 3 3 0 /home/bepis/prog/verus-cad/monotile/empty_certs/13007_1216011748383166442766339.cnf
1214831157888348938305539 3 3 3 0 /home/bepis/prog/verus-cad/monotile/empty_certs/13014_1214831157888348938305539.cnf
2422871749960222168317955 3 3 3 0 /home/bepis/prog/verus-cad/monotile/empty_certs/13016_2422871749960222168317955.cnf
2423755823473165785366531 3 3 3 0 /home/bepis/prog/verus-cad/monotile/empty_certs/13077_2423755823473165785366531.cnf
2424936487151477234597891 3 3 3 0 /home/bepis/prog/verus-cad/monotile/empty_certs/13078_2424936487151477234597891.cnf
1213944776315780665966595 3 3 3 0 /home/bepis/prog/verus-cad/monotile/empty_certs/13079_1213944776315780665966595.cnf
1214240212451336170504195 3 3 3 0 /home/bepis/prog/verus-cad/monotile/empty_certs/13080_1214240212451336170504195.cnf
2424936416219783103512579 3 3 3 0 /home/bepis/prog/verus-cad/monotile/empty_certs/13084_2424936416219783103512579.cnf
2423755896656659730137091 3 3 3 0 /home/bepis/prog/verus-cad/monotile/empty_certs/13085_2423755896656659730137091.cnf
1214239925346859925635075 3 3 3 0 /home/bepis/prog/verus-cad/monotile/empty_certs/13086_1214239925346859925635075.cnf
1213945065672056724520963 3 3 3 0 /home/bepis/prog/verus-cad/monotile/empty_certs/13087_1213945065672056724520963.cnf
4723451569042320523267 3 3 3 0 /home/bepis/prog/verus-cad/monotile/empty_certs/13130_4723451569042320523267.cnf
9149589282822043992067 3 3 3 0 /home/bepis/prog/verus-cad/monotile/empty_certs/13131_9149589282822043992067.cnf
4726906111431490404355 3 3 3 0 /home/bepis/prog/verus-cad/monotile/empty_certs/13193_4726906111431490404355.cnf
9150665924607962251267 3 3 3 0 /home/bepis/prog/verus-cad/monotile/empty_certs/13196_9150665924607962251267.cnf
1213651644862150096191491 3 3 3 0 /home/bepis/prog/verus-cad/monotile/empty_certs/13243_1213651644862150096191491.cnf
2578413253734088113651715 3 3 3 0 /home/bepis/prog/verus-cad/monotile/empty_certs/13282_2578413253734088113651715.cnf
2578413254859988020494339 3 3 3 0 /home/bepis/prog/verus-cad/monotile/empty_certs/13283_2578413254859988020494339.cnf
2578415558416013048414211 3 3 3 0 /home/bepis/prog/verus-cad/monotile/empty_certs/13295_2578415558416013048414211.cnf
2427889263222508698468355 3 3 3 0 /home/bepis/prog/verus-cad/monotile/empty_certs/13360_2427889263222508698468355.cnf
2427594116443229252485123 3 3 3 0 /home/bepis/prog/verus-cad/monotile/empty_certs/13368_2427594116443229252485123.cnf
2428478189956172869533699 3 3 3 0 /home/bepis/prog/verus-cad/monotile/empty_certs/13432_2428478189956172869533699.cnf
2429658853634484318765059 3 3 3 0 /home/bepis/prog/verus-cad/monotile/empty_certs/13433_2429658853634484318765059.cnf
1218667142798787750133763 3 3 3 0 /home/bepis/prog/verus-cad/monotile/empty_certs/13434_1218667142798787750133763.cnf
1218962578934343254671363 3 3 3 0 /home/bepis/prog/verus-cad/monotile/empty_certs/13435_1218962578934343254671363.cnf
3636223345892490595008515 3 3 3 0 /home/bepis/prog/verus-cad/monotile/empty_certs/13438_3636223345892490595008515.cnf
2429658782702790187679747 3 3 3 0 /home/bepis/prog/verus-cad/monotile/empty_certs/13440_2429658782702790187679747.cnf
2428478263139666814304259 3 3 3 0 /home/bepis/prog/verus-cad/monotile/empty_certs/13441_2428478263139666814304259.cnf
1218962291829867009802243 3 3 3 0 /home/bepis/prog/verus-cad/monotile/empty_certs/13442_1218962291829867009802243.cnf
1218667432155063808688131 3 3 3 0 /home/bepis/prog/verus-cad/monotile/empty_certs/13443_1218667432155063808688131.cnf
3636223347018390501851139 3 3 3 0 /home/bepis/prog/verus-cad/monotile/empty_certs/13446_3636223347018390501851139.cnf
1218374011380341552447491 3 3 3 0 /home/bepis/prog/verus-cad/monotile/empty_certs/13461_1218374011380341552447491.cnf
9445818052049404690435 3 3 3 0 /home/bepis/prog/verus-cad/monotile/empty_certs/13489_9445818052049404690435.cnf
13871955765829128159235 3 3 3 0 /home/bepis/prog/verus-cad/monotile/empty_certs/13490_13871955765829128159235.cnf
1218370552862118336528387 3 3 3 0 /home/bepis/prog/verus-cad/monotile/empty_certs/13512_1218370552862118336528387.cnf
1218370555958343080345603 3 3 3 0 /home/bepis/prog/verus-cad/monotile/empty_certs/13532_1218370555958343080345603.cnf
9449272594438574571523 3 3 3 0 /home/bepis/prog/verus-cad/monotile/empty_certs/13559_9449272594438574571523.cnf
13873032407615046418435 3 3 3 0 /home/bepis/prog/verus-cad/monotile/empty_certs/13562_13873032407615046418435.cnf
2427594403547980375261187 3 3 3 0 /home/bepis/prog/verus-cad/monotile/empty_certs/13697_2427594403547980375261187.cnf
2427889552579059634929667 3 3 3 0 /home/bepis/prog/verus-cad/monotile/empty_certs/13705_2427889552579059634929667.cnf
2428478189956447747440643 3 3 3 0 /home/bepis/prog/verus-cad/monotile/empty_certs/13767_2428478189956447747440643.cnf
2429658853634759196672003 3 3 3 0 /home/bepis/prog/verus-cad/monotile/empty_certs/13768_2429658853634759196672003.cnf
1218667142799062628040707 3 3 3 0 /home/bepis/prog/verus-cad/monotile/empty_certs/13769_1218667142799062628040707.cnf
1218962578934618132578307 3 3 3 0 /home/bepis/prog/verus-cad/monotile/empty_certs/13770_1218962578934618132578307.cnf
3636223345892765472915459 3 3 3 0 /home/bepis/prog/verus-cad/monotile/empty_certs/13773_3636223345892765472915459.cnf
2429658782703065065586691 3 3 3 0 /home/bepis/prog/verus-cad/monotile/empty_certs/13775_2429658782703065065586691.cnf
2428478263139941692211203 3 3 3 0 /home/bepis/prog/verus-cad/monotile/empty_certs/13776_2428478263139941692211203.cnf
1218374011380616430354435 3 3 3 0 /home/bepis/prog/verus-cad/monotile/empty_certs/13796_1218374011380616430354435.cnf
9445818052324282597379 3 3 3 0 /home/bepis/prog/verus-cad/monotile/empty_certs/13824_9445818052324282597379.cnf
13871955766104006066179 3 3 3 0 /home/bepis/prog/verus-cad/monotile/empty_certs/13825_13871955766104006066179.cnf
1218370552862393214435331 3 3 3 0 /home/bepis/prog/verus-cad/monotile/empty_certs/13847_1218370552862393214435331.cnf
1218370555958617958252547 3 3 3 0 /home/bepis/prog/verus-cad/monotile/empty_certs/13867_1218370555958617958252547.cnf
9449272594713452478467 3 3 3 0 /home/bepis/prog/verus-cad/monotile/empty_certs/13894_9449272594713452478467.cnf
13873032407889924325379 3 3 3 0 /home/bepis/prog/verus-cad/monotile/empty_certs/13897_13873032407889924325379.cnf
2427299830960061232971779 3 3 3 0 /home/bepis/prog/verus-cad/monotile/empty_certs/13945_2427299830960061232971779.cnf
3626777530620006602113027 3 3 3 0 /home/bepis/prog/verus-cad/monotile/empty_certs/15265_3626777530620006602113027.cnf
14168184534644171997187 3 3 3 0 /home/bepis/prog/verus-cad/monotile/empty_certs/15270_14168184534644171997187.cnf
302231459125781961113603 3 3 3 0 /home/bepis/prog/verus-cad/monotile/empty_certs/15289_302231459125781961113603.cnf
604462914029439254790147 3 3 3 0 /home/bepis/prog/verus-cad/monotile/empty_certs/15291_604462914029439254790147.cnf
303412051309449325838339 3 3 3 0 /home/bepis/prog/verus-cad/monotile/empty_certs/15345_303412051309449325838339.cnf
606824097833824030818307 3 3 3 0 /home/bepis/prog/verus-cad/monotile/empty_certs/15346_606824097833824030818307.cnf
605643510716706246885379 3 3 3 0 /home/bepis/prog/verus-cad/monotile/empty_certs/15356_605643510716706246885379.cnf
304592647433766364512259 3 3 3 0 /home/bepis/prog/verus-cad/monotile/empty_certs/15357_304592647433766364512259.cnf
302305314219021163298819 3 3 3 0 /home/bepis/prog/verus-cad/monotile/empty_certs/15383_302305314219021163298819.cnf
604610556098973295181827 3 3 3 0 /home/bepis/prog/verus-cad/monotile/empty_certs/15384_604610556098973295181827.cnf
604536841180272494903299 3 3 3 0 /home/bepis/prog/verus-cad/monotile/empty_certs/15390_604536841180272494903299.cnf
302379173252910039433219 3 3 3 0 /home/bepis/prog/verus-cad/monotile/empty_certs/15391_302379173252910039433219.cnf
604536769404153433686019 3 3 3 0 /home/bepis/prog/verus-cad/monotile/empty_certs/15472_604536769404153433686019.cnf
302379101476790978215939 3 3 3 0 /home/bepis/prog/verus-cad/monotile/empty_certs/15473_302379101476790978215939.cnf
302305386558090177937411 3 3 3 0 /home/bepis/prog/verus-cad/monotile/empty_certs/15479_302305386558090177937411.cnf
604610628438042309820419 3 3 3 0 /home/bepis/prog/verus-cad/monotile/empty_certs/15480_604610628438042309820419.cnf
906916593708684588089347 3 3 3 0 /home/bepis/prog/verus-cad/monotile/empty_certs/15539_906916593708684588089347.cnf
1133644724603814921895939 3 3 3 0 /home/bepis/prog/verus-cad/monotile/empty_certs/15746_1133644724603814921895939.cnf
3627054227558987594727427 3 3 3 0 /home/bepis/prog/verus-cad/monotile/empty_certs/15748_3627054227558987594727427.cnf
590363364353132986371 3 3 3 0 /home/bepis/prog/verus-cad/monotile/empty_certs/15753_590363364353132986371.cnf
3597993296300716589059 3 3 3 0 /home/bepis/prog/verus-cad/monotile/empty_certs/15765_3597993296300716589059.cnf
627265859699806830595 3 3 3 0 /home/bepis/prog/verus-cad/monotile/empty_certs/15792_627265859699806830595.cnf
37974352058004799491 3 3 3 0 /home/bepis/prog/verus-cad/monotile/empty_certs/16044_37974352058004799491.cnf
222441792795100315651 3 3 3 0 /home/bepis/prog/verus-cad/monotile/empty_certs/16046_222441792795100315651.cnf
1133369036752625436983299 3 3 3 0 /home/bepis/prog/verus-cad/monotile/empty_certs/16051_1133369036752625436983299.cnf
17591917608963 3 3 3 0 /home/bepis/prog/verus-cad/monotile/empty_certs/16140_17591917608963.cnf
1137796255331414955786243 4 4 4 1 /home/bepis/prog/verus-cad/monotile/empty_certs/16141_1137796255331414955786243.cnf
3626777458844986767310851 3 3 3 0 /home/bepis/prog/verus-cad/monotile/empty_certs/16143_3626777458844986767310851.cnf
4705068156769366179843 3 3 3 0 /home/bepis/prog/verus-cad/monotile/empty_certs/16145_4705068156769366179843.cnf
3627054227559056028991491 3 3 3 0 /home/bepis/prog/verus-cad/monotile/empty_certs/16148_3627054227559056028991491.cnf
14167099448677386682371 3 3 3 0 /home/bepis/prog/verus-cad/monotile/empty_certs/16151_14167099448677386682371.cnf
1289206049823481594380291 3 3 3 0 /home/bepis/prog/verus-cad/monotile/empty_certs/16152_1289206049823481594380291.cnf
1364763913549395917799427 3 3 3 0 /home/bepis/prog/verus-cad/monotile/empty_certs/16153_1364763913549395917799427.cnf
2724805460615853739343875 3 3 3 0 /home/bepis/prog/verus-cad/monotile/empty_certs/16154_2724805460615853739343875.cnf
3027036915519511033020419 3 3 3 0 /home/bepis/prog/verus-cad/monotile/empty_certs/16155_3027036915519511033020419.cnf
2502854235920980414300163 3 3 3 0 /home/bepis/prog/verus-cad/monotile/empty_certs/16159_2502854235920980414300163.cnf
2578412099646894737719299 3 3 3 0 /home/bepis/prog/verus-cad/monotile/empty_certs/16160_2578412099646894737719299.cnf
1133645742136890532823043 6 6 6 1 /home/bepis/prog/verus-cad/monotile/empty_certs/16170_1133645742136890532823043.cnf
3626780917609436163342339 3 3 3 0 /home/bepis/prog/verus-cad/monotile/empty_certs/16182_3626780917609436163342339.cnf
1209222120442347953061891 3 3 3 0 /home/bepis/prog/verus-cad/monotile/empty_certs/16184_1209222120442347953061891.cnf
1209517268347527305887747 3 3 3 0 /home/bepis/prog/verus-cad/monotile/empty_certs/16185_1209517268347527305887747.cnf
2419033383772515186245635 3 3 3 0 /home/bepis/prog/verus-cad/monotile/empty_certs/16186_2419033383772515186245635.cnf
2420213975393232597549059 3 3 3 0 /home/bepis/prog/verus-cad/monotile/empty_certs/16187_2420213975393232597549059.cnf
2418149092978481734615043 3 3 3 0 /home/bepis/prog/verus-cad/monotile/empty_certs/16192_2418149092978481734615043.cnf
2418444240883661087440899 3 3 3 0 /home/bepis/prog/verus-cad/monotile/empty_certs/16193_2418444240883661087440899.cnf
1210108717079390618386435 3 3 3 0 /home/bepis/prog/verus-cad/monotile/empty_certs/16194_1210108717079390618386435.cnf
1211289308700108029689859 3 3 3 0 /home/bepis/prog/verus-cad/monotile/empty_certs/16195_1211289308700108029689859.cnf
1152640033656668163 3 3 3 0 /home/bepis/prog/verus-cad/monotile/empty_certs/16211_1152640033656668163.cnf
3626777530620010611867651 3 3 3 0 /home/bepis/prog/verus-cad/monotile/empty_certs/16213_3626777530620010611867651.cnf
4723451568908891324419 3 3 3 0 /home/bepis/prog/verus-cad/monotile/empty_certs/16216_4723451568908891324419.cnf
9445818051778536538115 3 3 3 0 /home/bepis/prog/verus-cad/monotile/empty_certs/16217_9445818051778536538115.cnf
14167103670737612832771 3 3 3 0 /home/bepis/prog/verus-cad/monotile/empty_certs/16219_14167103670737612832771.cnf
1289206054045541820530691 3 3 3 0 /home/bepis/prog/verus-cad/monotile/empty_certs/16220_1289206054045541820530691.cnf
1364763917771456143949827 5 5 5 1 /home/bepis/prog/verus-cad/monotile/empty_certs/16221_1364763917771456143949827.cnf
2724805464837913965494275 3 3 3 0 /home/bepis/prog/verus-cad/monotile/empty_certs/16222_2724805464837913965494275.cnf
3027036919741571259170819 3 3 3 0 /home/bepis/prog/verus-cad/monotile/empty_certs/16223_3027036919741571259170819.cnf
2502854240143040640450563 3 3 3 0 /home/bepis/prog/verus-cad/monotile/empty_certs/16227_2502854240143040640450563.cnf
2578412103868954963869699 5 5 5 1 /home/bepis/prog/verus-cad/monotile/empty_certs/16228_2578412103868954963869699.cnf
1520602011706154436001795 3 3 3 0 /home/bepis/prog/verus-cad/monotile/empty_certs/16229_1520602011706154436001795.cnf
1822833466609811729678339 3 3 3 0 /home/bepis/prog/verus-cad/monotile/empty_certs/16230_1822833466609811729678339.cnf
2301339413612855299 3 3 3 0 /home/bepis/prog/verus-cad/monotile/empty_certs/16245_2301339413612855299.cnf
3454260918219702275 3 3 3 0 /home/bepis/prog/verus-cad/monotile/empty_certs/16246_3454260918219702275.cnf
1209222187995311571468291 3 3 3 0 /home/bepis/prog/verus-cad/monotile/empty_certs/16248_1209222187995311571468291.cnf
1209517335900490924294147 3 3 3 0 /home/bepis/prog/verus-cad/monotile/empty_certs/16249_1209517335900490924294147.cnf
2419033451325478804652035 3 3 3 0 /home/bepis/prog/verus-cad/monotile/empty_certs/16250_2419033451325478804652035.cnf
2420214042946196215955459 3 3 3 0 /home/bepis/prog/verus-cad/monotile/empty_certs/16251_2420214042946196215955459.cnf
3626778679319390568054787 3 3 3 0 /home/bepis/prog/verus-cad/monotile/empty_certs/16253_3626778679319390568054787.cnf
2418149160531445353021443 3 3 3 0 /home/bepis/prog/verus-cad/monotile/empty_certs/16256_2418149160531445353021443.cnf
2418444308436624705847299 3 3 3 0 /home/bepis/prog/verus-cad/monotile/empty_certs/16257_2418444308436624705847299.cnf
1210108784632354236792835 3 3 3 0 /home/bepis/prog/verus-cad/monotile/empty_certs/16258_1210108784632354236792835.cnf
1211289376253071648096259 3 3 3 0 /home/bepis/prog/verus-cad/monotile/empty_certs/16259_1211289376253071648096259.cnf
3626779832240895174901763 3 3 3 0 /home/bepis/prog/verus-cad/monotile/empty_certs/16261_3626779832240895174901763.cnf
4743047012362557063171 3 3 3 0 /home/bepis/prog/verus-cad/monotile/empty_certs/16275_4743047012362557063171.cnf
4761493756436266614787 3 3 3 0 /home/bepis/prog/verus-cad/monotile/empty_certs/16276_4761493756436266614787.cnf
9520753727453330931715 3 3 3 0 /home/bepis/prog/verus-cad/monotile/empty_certs/16277_9520753727453330931715.cnf
9594540703748169138179 3 3 3 0 /home/bepis/prog/verus-cad/monotile/empty_certs/16278_9594540703748169138179.cnf
9466566416736809123843 3 3 3 0 /home/bepis/prog/verus-cad/monotile/empty_certs/16282_9466566416736809123843.cnf
9485013160810518675459 3 3 3 0 /home/bepis/prog/verus-cad/monotile/empty_certs/16283_9485013160810518675459.cnf
4799540166088292564995 3 3 3 0 /home/bepis/prog/verus-cad/monotile/empty_certs/16284_4799540166088292564995.cnf
4873327142383130771459 3 3 3 0 /home/bepis/prog/verus-cad/monotile/empty_certs/16285_4873327142383130771459.cnf
14170558213126782713859 3 3 3 0 /home/bepis/prog/verus-cad/monotile/empty_certs/16300_14170558213126782713859.cnf
1289209508587930990411779 3 3 3 0 /home/bepis/prog/verus-cad/monotile/empty_certs/16301_1289209508587930990411779.cnf
3027040374283960429051907 3 3 3 0 /home/bepis/prog/verus-cad/monotile/empty_certs/16304_3027040374283960429051907.cnf
1520605466248543605882883 3 3 3 0 /home/bepis/prog/verus-cad/monotile/empty_certs/16308_1520605466248543605882883.cnf
906697823475489728102403 3 3 3 0 /home/bepis/prog/verus-cad/monotile/empty_certs/16316_906697823475489728102403.cnf
1289520797394174839095299 3 3 3 0 /home/bepis/prog/verus-cad/monotile/empty_certs/16318_1289520797394174839095299.cnf
3029417698426459747516419 3 3 3 0 /home/bepis/prog/verus-cad/monotile/empty_certs/16321_3029417698426459747516419.cnf
1289834392043427901472771 3 3 3 0 /home/bepis/prog/verus-cad/monotile/empty_certs/16326_1289834392043427901472771.cnf
3028255553549816045764611 3 3 3 0 /home/bepis/prog/verus-cad/monotile/empty_certs/16327_3028255553549816045764611.cnf
1520972095287008583221251 3 3 3 0 /home/bepis/prog/verus-cad/monotile/empty_certs/16332_1520972095287008583221251.cnf
2505290359060150257451011 3 3 3 0 /home/bepis/prog/verus-cad/monotile/empty_certs/16335_2505290359060150257451011.cnf
1521341030168482774253571 3 3 3 0 /home/bepis/prog/verus-cad/monotile/empty_certs/16340_1521341030168482774253571.cnf
2504183554415727684354051 3 3 3 0 /home/bepis/prog/verus-cad/monotile/empty_certs/16341_2504183554415727684354051.cnf
2503465284318357618688003 3 3 3 0 /home/bepis/prog/verus-cad/monotile/empty_certs/16385_2503465284318357618688003.cnf
1824034806595487413567491 3 3 3 0 /home/bepis/prog/verus-cad/monotile/empty_certs/16386_1824034806595487413567491.cnf
1522983943312547531194371 3 3 3 0 /home/bepis/prog/verus-cad/monotile/empty_certs/16387_1522983943312547531194371.cnf
2503188583157251975413763 3 3 3 0 /home/bepis/prog/verus-cad/monotile/empty_certs/16391_2503188583157251975413763.cnf
1521821798435903829442563 3 3 3 0 /home/bepis/prog/verus-cad/monotile/empty_certs/16393_1521821798435903829442563.cnf
1825233844960278534422531 3 3 3 0 /home/bepis/prog/verus-cad/monotile/empty_certs/16394_1825233844960278534422531.cnf
3027408156243930013237251 3 3 3 0 /home/bepis/prog/verus-cad/monotile/empty_certs/16398_3027408156243930013237251.cnf
2725471849245452072386563 3 3 3 0 /home/bepis/prog/verus-cad/monotile/empty_certs/16399_2725471849245452072386563.cnf
1290462734263438633074691 3 3 3 0 /home/bepis/prog/verus-cad/monotile/empty_certs/16400_1290462734263438633074691.cnf
2725250488316567557767171 3 3 3 0 /home/bepis/prog/verus-cad/monotile/empty_certs/16405_2725250488316567557767171.cnf
3027777091125404204269571 3 3 3 0 /home/bepis/prog/verus-cad/monotile/empty_certs/16406_3027777091125404204269571.cnf
1291717112860450882584579 3 3 3 0 /home/bepis/prog/verus-cad/monotile/empty_certs/16408_1291717112860450882584579.cnf
18594318026303254560771 3 3 3 0 /home/bepis/prog/verus-cad/monotile/empty_certs/16523_18594318026303254560771.cnf
226894965620777246785539 3 3 3 0 /home/bepis/prog/verus-cad/monotile/empty_certs/16655_226894965620777246785539.cnf
906749758989739417927683 3 3 3 0 /home/bepis/prog/verus-cad/monotile/empty_certs/16656_906749758989739417927683.cnf
14167099451959815438339 3 3 3 0 /home/bepis/prog/verus-cad/monotile/empty_certs/16658_14167099451959815438339.cnf
906915739163901762207747 3 3 3 0 /home/bepis/prog/verus-cad/monotile/empty_certs/16661_906915739163901762207747.cnf
226728985466406111805443 3 3 3 0 /home/bepis/prog/verus-cad/monotile/empty_certs/16662_226728985466406111805443.cnf
14167099461855420088323 3 3 3 0 /home/bepis/prog/verus-cad/monotile/empty_certs/16664_14167099461855420088323.cnf
8264357517856337821699 3 3 3 0 /home/bepis/prog/verus-cad/monotile/empty_certs/16679_8264357517856337821699.cnf
12986724000725983035395 3 3 3 0 /home/bepis/prog/verus-cad/monotile/empty_certs/16680_12986724000725983035395.cnf
15053407855327794167811 3 3 3 0 /home/bepis/prog/verus-cad/monotile/empty_certs/16683_15053407855327794167811.cnf
1520602007484078103724035 3 3 3 0 /home/bepis/prog/verus-cad/monotile/empty_certs/16696_1520602007484078103724035.cnf
1822833462387735397400579 3 3 3 0 /home/bepis/prog/verus-cad/monotile/empty_certs/16697_1822833462387735397400579.cnf
940784795689615884291 3 3 3 0 /home/bepis/prog/verus-cad/monotile/empty_certs/16712_940784795689615884291.cnf
3763139172241967677443 3 3 3 0 /home/bepis/prog/verus-cad/monotile/empty_certs/16713_3763139172241967677443.cnf
3458768019319160835 3 3 3 0 /home/bepis/prog/verus-cad/monotile/empty_certs/16715_3458768019319160835.cnf
3626832799920740546641923 3 3 3 0 /home/bepis/prog/verus-cad/monotile/empty_certs/16721_3626832799920740546641923.cnf
3626998823150678723002371 3 3 3 0 /home/bepis/prog/verus-cad/monotile/empty_certs/16727_3626998823150678723002371.cnf
906698688166821120442371 3 3 3 0 /home/bepis/prog/verus-cad/monotile/empty_certs/16733_906698688166821120442371.cnf
3626832802454633812328451 3 3 3 0 /home/bepis/prog/verus-cad/monotile/empty_certs/16778_3626832802454633812328451.cnf
906698039649093254381571 3 3 3 0 /home/bepis/prog/verus-cad/monotile/empty_certs/16780_906698039649093254381571.cnf
227559049251804181168131 5 5 5 1 /home/bepis/prog/verus-cad/monotile/empty_certs/16818_227559049251804181168131.cnf
907579863317429738274819 3 3 3 0 /home/bepis/prog/verus-cad/monotile/empty_certs/16819_907579863317429738274819.cnf
15052544011871264440323 3 3 3 0 /home/bepis/prog/verus-cad/monotile/empty_certs/16822_15052544011871264440323.cnf
230215382931693146996739 3 3 3 0 /home/bepis/prog/verus-cad/monotile/empty_certs/16824_230215382931693146996739.cnf
910236196997318704103427 3 3 3 0 /home/bepis/prog/verus-cad/monotile/empty_certs/16825_910236196997318704103427.cnf
17708877691760230268931 3 3 3 0 /home/bepis/prog/verus-cad/monotile/empty_certs/16828_17708877691760230268931.cnf
906697877521980570206211 3 3 3 0 /home/bepis/prog/verus-cad/monotile/empty_certs/16833_906697877521980570206211.cnf
14170558216422096371715 3 3 3 0 /home/bepis/prog/verus-cad/monotile/empty_certs/16840_14170558216422096371715.cnf
4741966151747301801987 3 3 3 0 /home/bepis/prog/verus-cad/monotile/empty_certs/16842_4741966151747301801987.cnf
4760412895821011353603 3 3 3 0 /home/bepis/prog/verus-cad/monotile/empty_certs/16843_4760412895821011353603.cnf
9519672866838075670531 3 3 3 0 /home/bepis/prog/verus-cad/monotile/empty_certs/16844_9519672866838075670531.cnf
9593459843132913876995 3 3 3 0 /home/bepis/prog/verus-cad/monotile/empty_certs/16845_9593459843132913876995.cnf
9465485556121553862659 3 3 3 0 /home/bepis/prog/verus-cad/monotile/empty_certs/16850_9465485556121553862659.cnf
9483932300195263414275 3 3 3 0 /home/bepis/prog/verus-cad/monotile/empty_certs/16851_9483932300195263414275.cnf
4798459305473037303811 3 3 3 0 /home/bepis/prog/verus-cad/monotile/empty_certs/16852_4798459305473037303811.cnf
4872246281767875510275 3 3 3 0 /home/bepis/prog/verus-cad/monotile/empty_certs/16853_4872246281767875510275.cnf
276701164404983463939 3 3 3 0 /home/bepis/prog/verus-cad/monotile/empty_certs/16859_276701164404983463939.cnf
14167964984163126214659 3 3 3 0 /home/bepis/prog/verus-cad/monotile/empty_certs/16885_14167964984163126214659.cnf
14167967517437916610563 3 3 3 0 /home/bepis/prog/verus-cad/monotile/empty_certs/16930_14167967517437916610563.cnf
14169117061242802929667 3 3 3 0 /home/bepis/prog/verus-cad/monotile/empty_certs/17054_14169117061242802929667.cnf
14170269982747409776643 3 3 3 0 /home/bepis/prog/verus-cad/monotile/empty_certs/17062_14170269982747409776643.cnf
75576314974691735371779 3 3 3 0 /home/bepis/prog/verus-cad/monotile/empty_certs/17417_75576314974691735371779.cnf
151152629948279395713027 3 3 3 0 /home/bepis/prog/verus-cad/monotile/empty_certs/17418_151152629948279395713027.cnf
604610501775406848278531 3 3 3 0 /home/bepis/prog/verus-cad/monotile/empty_certs/17419_604610501775406848278531.cnf
302305277909853225877507 3 3 3 0 /home/bepis/prog/verus-cad/monotile/empty_certs/17420_302305277909853225877507.cnf
14167099449713010671619 3 3 3 0 /home/bepis/prog/verus-cad/monotile/empty_certs/17422_14167099449713010671619.cnf
151134178701705570418691 3 3 3 0 /home/bepis/prog/verus-cad/monotile/empty_certs/17425_151134178701705570418691.cnf
75594766223464583921667 3 3 3 0 /home/bepis/prog/verus-cad/monotile/empty_certs/17426_75594766223464583921667.cnf
302379046872849066229763 3 3 3 0 /home/bepis/prog/verus-cad/monotile/empty_certs/17427_302379046872849066229763.cnf
604536732814610031181827 3 3 3 0 /home/bepis/prog/verus-cad/monotile/empty_certs/17428_604536732814610031181827.cnf
14167099450812522299395 3 3 3 0 /home/bepis/prog/verus-cad/monotile/empty_certs/17430_14167099450812522299395.cnf
604481361059390534189059 3 3 3 0 /home/bepis/prog/verus-cad/monotile/empty_certs/17433_604481361059390534189059.cnf
302268357403406577434627 3 3 3 0 /home/bepis/prog/verus-cad/monotile/empty_certs/17434_302268357403406577434627.cnf
151263319423219442647043 3 3 3 0 /home/bepis/prog/verus-cad/monotile/empty_certs/17435_151263319423219442647043.cnf
75631686735408790503427 3 3 3 0 /home/bepis/prog/verus-cad/monotile/empty_certs/17436_75631686735408790503427.cnf
14167099453011545554947 3 3 3 0 /home/bepis/prog/verus-cad/monotile/empty_certs/17438_14167099453011545554947.cnf
302249906160131287023619 3 3 3 0 /home/bepis/prog/verus-cad/monotile/empty_certs/17441_302249906160131287023619.cnf
604499812311461917622275 3 3 3 0 /home/bepis/prog/verus-cad/monotile/empty_certs/17442_604499812311461917622275.cnf
75705455701703165739011 3 3 3 0 /home/bepis/prog/verus-cad/monotile/empty_certs/17443_75705455701703165739011.cnf
151189550465721160433667 3 3 3 0 /home/bepis/prog/verus-cad/monotile/empty_certs/17444_151189550465721160433667.cnf
14167099457409592066051 3 3 3 0 /home/bepis/prog/verus-cad/monotile/empty_certs/17446_14167099457409592066051.cnf
14462319411386889797635 3 3 3 0 /home/bepis/prog/verus-cad/monotile/empty_certs/17482_14462319411386889797635.cnf
14757539374160280551427 3 3 3 0 /home/bepis/prog/verus-cad/monotile/empty_certs/17486_14757539374160280551427.cnf
16528570920424473362435 3 3 3 0 /home/bepis/prog/verus-cad/monotile/empty_certs/17490_16528570920424473362435.cnf
15348267530083213770755 3 3 3 0 /home/bepis/prog/verus-cad/monotile/empty_certs/17494_15348267530083213770755.cnf
1520602007484030322212867 3 3 3 0 /home/bepis/prog/verus-cad/monotile/empty_certs/17507_1520602007484030322212867.cnf
1822833462387687615889411 3 3 3 0 /home/bepis/prog/verus-cad/monotile/empty_certs/17508_1822833462387687615889411.cnf
2379630271450543292419 3 3 3 0 /home/bepis/prog/verus-cad/monotile/empty_certs/17920_2379630271450543292419.cnf
1217485676281818251267 3 3 3 0 /home/bepis/prog/verus-cad/monotile/empty_certs/17921_1217485676281818251267.cnf
368937137741039140867 3 3 3 0 /home/bepis/prog/verus-cad/monotile/empty_certs/17923_368937137741039140867.cnf
3458768980854964227 3 3 3 0 /home/bepis/prog/verus-cad/monotile/empty_certs/17925_3458768980854964227.cnf
75561394548091169800195 3 3 3 0 /home/bepis/prog/verus-cad/monotile/empty_certs/17959_75561394548091169800195.cnf
151117024488590317453315 3 3 3 0 /home/bepis/prog/verus-cad/monotile/empty_certs/17964_151117024488590317453315.cnf
2398077015592972320771 3 3 3 0 /home/bepis/prog/verus-cad/monotile/empty_certs/18023_2398077015592972320771.cnf
1199038932276828176387 3 3 3 0 /home/bepis/prog/verus-cad/monotile/empty_certs/18024_1199038932276828176387.cnf
442724114104596824067 3 3 3 0 /home/bepis/prog/verus-cad/monotile/empty_certs/18026_442724114104596824067.cnf
3458769049574440963 3 3 3 0 /home/bepis/prog/verus-cad/monotile/empty_certs/18028_3458769049574440963.cnf
151116952431064999002115 3 3 3 0 /home/bepis/prog/verus-cad/monotile/empty_certs/18063_151116952431064999002115.cnf
75561466605753927204867 3 3 3 0 /home/bepis/prog/verus-cad/monotile/empty_certs/18066_75561466605753927204867.cnf
3626925033078227323584515 3 3 3 0 /home/bepis/prog/verus-cad/monotile/empty_certs/18114_3626925033078227323584515.cnf
1208999607154149112676355 3 3 3 0 /home/bepis/prog/verus-cad/monotile/empty_certs/18121_1208999607154149112676355.cnf
151117168603984551739395 3 3 3 0 /home/bepis/prog/verus-cad/monotile/empty_certs/18148_151117168603984551739395.cnf
75559593108446380032003 3 3 3 0 /home/bepis/prog/verus-cad/monotile/empty_certs/18151_75559593108446380032003.cnf
368935164598703620099 3 3 3 0 /home/bepis/prog/verus-cad/monotile/empty_certs/18186_368935164598703620099.cnf
737870327547871363075 3 3 3 0 /home/bepis/prog/verus-cad/monotile/empty_certs/18187_737870327547871363075.cnf
2379631113057974878211 3 3 3 0 /home/bepis/prog/verus-cad/monotile/empty_certs/18188_2379631113057974878211.cnf
3458766163356418051 3 3 3 0 /home/bepis/prog/verus-cad/monotile/empty_certs/18191_3458766163356418051.cnf
664083070877568073731 3 3 3 0 /home/bepis/prog/verus-cad/monotile/empty_certs/18194_664083070877568073731.cnf
442722423468030164995 3 3 3 0 /home/bepis/prog/verus-cad/monotile/empty_certs/18195_442722423468030164995.cnf
1199039493440075202563 3 3 3 0 /home/bepis/prog/verus-cad/monotile/empty_certs/18196_1199039493440075202563.cnf
3458767262868045827 3 3 3 0 /home/bepis/prog/verus-cad/monotile/empty_certs/18199_3458767262868045827.cnf
2434970504152708284419 3 3 3 0 /home/bepis/prog/verus-cad/monotile/empty_certs/18202_2434970504152708284419.cnf
1328166141205111898115 3 3 3 0 /home/bepis/prog/verus-cad/monotile/empty_certs/18203_1328166141205111898115.cnf
608743685280392806403 3 3 3 0 /home/bepis/prog/verus-cad/monotile/empty_certs/18204_608743685280392806403.cnf
332043650074656374787 3 3 3 0 /home/bepis/prog/verus-cad/monotile/empty_certs/18205_332043650074656374787.cnf
3458769461891301379 3 3 3 0 /home/bepis/prog/verus-cad/monotile/empty_certs/18207_3458769461891301379.cnf
3626851246102207363284995 3 3 3 0 /home/bepis/prog/verus-cad/monotile/empty_certs/18215_3626851246102207363284995.cnf
2417999213745348003495939 3 3 3 0 /home/bepis/prog/verus-cad/monotile/empty_certs/18224_2417999213745348003495939.cnf
75559304878345106227203 3 3 3 0 /home/bepis/prog/verus-cad/monotile/empty_certs/18248_75559304878345106227203.cnf
151117456834635581358083 3 3 3 0 /home/bepis/prog/verus-cad/monotile/empty_certs/18251_151117456834635581358083.cnf
75561326995127551393795 3 3 3 0 /home/bepis/prog/verus-cad/monotile/empty_certs/18317_75561326995127551393795.cnf
151116889381632288489475 3 3 3 0 /home/bepis/prog/verus-cad/monotile/empty_certs/18321_151116889381632288489475.cnf
151116884879132172746755 3 3 3 0 /home/bepis/prog/verus-cad/monotile/empty_certs/18396_151116884879132172746755.cnf
75559025656817476698115 3 3 3 0 /home/bepis/prog/verus-cad/monotile/empty_certs/18399_75559025656817476698115.cnf
606824097838222328987651 3 3 3 0 /home/bepis/prog/verus-cad/monotile/empty_certs/18440_606824097838222328987651.cnf
304592647438164662681603 3 3 3 0 /home/bepis/prog/verus-cad/monotile/empty_certs/18441_304592647438164662681603.cnf
153476928993535270584323 3 3 3 0 /home/bepis/prog/verus-cad/monotile/empty_certs/18442_153476928993535270584323.cnf
77919083282019456647171 3 3 3 0 /home/bepis/prog/verus-cad/monotile/empty_certs/18443_77919083282019456647171.cnf
16528282975917049905155 3 3 3 0 /home/bepis/prog/verus-cad/monotile/empty_certs/18446_16528282975917049905155.cnf
605643506498979894394883 3 3 3 0 /home/bepis/prog/verus-cad/monotile/empty_certs/18448_605643506498979894394883.cnf
303412056098922228088835 3 3 3 0 /home/bepis/prog/verus-cad/monotile/empty_certs/18449_303412056098922228088835.cnf
152296337654292835991555 3 3 3 0 /home/bepis/prog/verus-cad/monotile/empty_certs/18450_152296337654292835991555.cnf
76738491942777022054403 3 3 3 0 /home/bepis/prog/verus-cad/monotile/empty_certs/18451_76738491942777022054403.cnf
10625325153804970098691 3 3 3 0 /home/bepis/prog/verus-cad/monotile/empty_certs/18455_10625325153804970098691.cnf
151706042406884083761155 3 3 3 0 /home/bepis/prog/verus-cad/monotile/empty_certs/18458_151706042406884083761155.cnf
76148196695368269824003 3 3 3 0 /home/bepis/prog/verus-cad/monotile/empty_certs/18459_76148196695368269824003.cnf
604758064472291696181251 3 3 3 0 /home/bepis/prog/verus-cad/monotile/empty_certs/18464_604758064472291696181251.cnf
302526614072234029875203 3 3 3 0 /home/bepis/prog/verus-cad/monotile/empty_certs/18465_302526614072234029875203.cnf
151410895627604637777923 3 3 3 0 /home/bepis/prog/verus-cad/monotile/empty_certs/18466_151410895627604637777923.cnf
75853049916088823840771 3 3 3 0 /home/bepis/prog/verus-cad/monotile/empty_certs/18467_75853049916088823840771.cnf
14462249609986417098755 3 3 3 0 /home/bepis/prog/verus-cad/monotile/empty_certs/18470_14462249609986417098755.cnf
604466373079826350211075 3 3 3 0 /home/bepis/prog/verus-cad/monotile/empty_certs/18472_604466373079826350211075.cnf
302232616836759470211075 3 3 3 0 /home/bepis/prog/verus-cad/monotile/empty_certs/18476_302232616836759470211075.cnf
151116898392130078113795 3 3 3 0 /home/bepis/prog/verus-cad/monotile/empty_certs/18479_151116898392130078113795.cnf
75559052680614264176643 3 3 3 0 /home/bepis/prog/verus-cad/monotile/empty_certs/18482_75559052680614264176643.cnf
14170558217521071128579 3 3 3 0 /home/bepis/prog/verus-cad/monotile/empty_certs/18488_14170558217521071128579.cnf
4741966152846276558851 3 3 3 0 /home/bepis/prog/verus-cad/monotile/empty_certs/18490_4741966152846276558851.cnf
4760412896919986110467 3 3 3 0 /home/bepis/prog/verus-cad/monotile/empty_certs/18491_4760412896919986110467.cnf
9519672867937050427395 3 3 3 0 /home/bepis/prog/verus-cad/monotile/empty_certs/18492_9519672867937050427395.cnf
9593459844231888633859 3 3 3 0 /home/bepis/prog/verus-cad/monotile/empty_certs/18493_9593459844231888633859.cnf
14167171787678218715139 3 3 3 0 /home/bepis/prog/verus-cad/monotile/empty_certs/18550_14167171787678218715139.cnf
14167172069153195425795 3 3 3 0 /home/bepis/prog/verus-cad/monotile/empty_certs/18623_14167172069153195425795.cnf
14168324427707848851459 3 3 3 0 /home/bepis/prog/verus-cad/monotile/empty_certs/18970_14168324427707848851459.cnf
2724808919380299377278979 3 3 3 0 /home/bepis/prog/verus-cad/monotile/empty_certs/19074_2724808919380299377278979.cnf
1822836921152197141463043 3 3 3 0 /home/bepis/prog/verus-cad/monotile/empty_certs/19080_1822836921152197141463043.cnf
1365373809025264757243907 3 3 3 0 /home/bepis/prog/verus-cad/monotile/empty_certs/19090_1365373809025264757243907.cnf
2726005651902081284440067 3 3 3 0 /home/bepis/prog/verus-cad/monotile/empty_certs/19091_2726005651902081284440067.cnf
1365097107864159113969667 3 3 3 0 /home/bepis/prog/verus-cad/monotile/empty_certs/19096_1365097107864159113969667.cnf
2727204690266872405295107 3 3 3 0 /home/bepis/prog/verus-cad/monotile/empty_certs/19099_2727204690266872405295107.cnf
1823498698095841471627267 3 3 3 0 /home/bepis/prog/verus-cad/monotile/empty_certs/19104_1823498698095841471627267.cnf
2579667631165343411470339 3 3 3 0 /home/bepis/prog/verus-cad/monotile/empty_certs/19105_2579667631165343411470339.cnf
1823277337166956957007875 3 3 3 0 /home/bepis/prog/verus-cad/monotile/empty_certs/19110_1823277337166956957007875.cnf
2580922009762355660980227 3 3 3 0 /home/bepis/prog/verus-cad/monotile/empty_certs/19113_2580922009762355660980227.cnf
1133369108810219726569475 3 3 3 0 /home/bepis/prog/verus-cad/monotile/empty_certs/19146_1133369108810219726569475.cnf
75559160762676262469635 3 3 3 0 /home/bepis/prog/verus-cad/monotile/empty_certs/19733_75559160762676262469635.cnf
75561394548160157712387 3 3 3 0 /home/bepis/prog/verus-cad/monotile/empty_certs/19822_75561394548160157712387.cnf
3626925033078502469926915 3 3 3 0 /home/bepis/prog/verus-cad/monotile/empty_certs/19873_3626925033078502469926915.cnf
2417925426769053433724931 3 3 3 0 /home/bepis/prog/verus-cad/monotile/empty_certs/19882_2417925426769053433724931.cnf
75559593108721526374403 3 3 3 0 /home/bepis/prog/verus-cad/monotile/empty_certs/19908_75559593108721526374403.cnf
75559025655718233505795 3 3 3 0 /home/bepis/prog/verus-cad/monotile/empty_certs/19976_75559025655718233505795.cnf
75559021153218117763075 3 3 3 0 /home/bepis/prog/verus-cad/monotile/empty_certs/20049_75559021153218117763075.cnf
2418073001002777173819395 3 3 3 0 /home/bepis/prog/verus-cad/monotile/empty_certs/20966_2418073001002777173819395.cnf
1208981163224759403544579 3 3 3 0 /home/bepis/prog/verus-cad/monotile/empty_certs/20970_1208981163224759403544579.cnf
2417906982839388578250755 3 3 3 0 /home/bepis/prog/verus-cad/monotile/empty_certs/20971_2417906982839388578250755.cnf
906695733805467981316099 3 3 3 0 /home/bepis/prog/verus-cad/monotile/empty_certs/20972_906695733805467981316099.cnf
906696886726972588163075 3 3 3 0 /home/bepis/prog/verus-cad/monotile/empty_certs/20973_906696886726972588163075.cnf
226676761712090018742275 3 3 3 0 /home/bepis/prog/verus-cad/monotile/empty_certs/20977_226676761712090018742275.cnf
1364767372313844508524547 3 3 3 0 /home/bepis/prog/verus-cad/monotile/empty_certs/21211_1364767372313844508524547.cnf
2724808919380302330068995 3 3 3 0 /home/bepis/prog/verus-cad/monotile/empty_certs/21212_2724808919380302330068995.cnf
1822836921152200094253059 3 3 3 0 /home/bepis/prog/verus-cad/monotile/empty_certs/21218_1822836921152200094253059.cnf
1133371414653231893053443 3 3 3 0 /home/bepis/prog/verus-cad/monotile/empty_certs/21222_1133371414653231893053443.cnf
1365373809025267710033923 3 3 3 0 /home/bepis/prog/verus-cad/monotile/empty_certs/21228_1365373809025267710033923.cnf
2726005651902084237230083 3 3 3 0 /home/bepis/prog/verus-cad/monotile/empty_certs/21229_2726005651902084237230083.cnf
1365097107864162066759683 3 3 3 0 /home/bepis/prog/verus-cad/monotile/empty_certs/21234_1365097107864162066759683.cnf
2727204690266875358085123 3 3 3 0 /home/bepis/prog/verus-cad/monotile/empty_certs/21237_2727204690266875358085123.cnf
1823498698095844424417283 3 3 3 0 /home/bepis/prog/verus-cad/monotile/empty_certs/21242_1823498698095844424417283.cnf
2579667631165346364260355 3 3 3 0 /home/bepis/prog/verus-cad/monotile/empty_certs/21243_2579667631165346364260355.cnf
1823277337166959909797891 3 3 3 0 /home/bepis/prog/verus-cad/monotile/empty_certs/21248_1823277337166959909797891.cnf
2580922009762358613770243 3 3 3 0 /home/bepis/prog/verus-cad/monotile/empty_certs/21251_2580922009762358613770243.cnf
2578728000139091783974915 3 3 3 0 /home/bepis/prog/verus-cad/monotile/empty_certs/21293_2578728000139091783974915.cnf
2579041594788344846352387 3 3 3 0 /home/bepis/prog/verus-cad/monotile/empty_certs/21301_2579041594788344846352387.cnf
1367201189610069562490883 3 3 3 0 /home/bepis/prog/verus-cad/monotile/empty_certs/21310_1367201189610069562490883.cnf
1366094384965646989393923 3 3 3 0 /home/bepis/prog/verus-cad/monotile/empty_certs/21316_1366094384965646989393923.cnf
302249906152448395837443 3 3 3 0 /home/bepis/prog/verus-cad/monotile/empty_certs/21515_302249906152448395837443.cnf
604499812303779026436099 3 3 3 0 /home/bepis/prog/verus-cad/monotile/empty_certs/21516_604499812303779026436099.cnf
75705455694020274552835 3 3 3 0 /home/bepis/prog/verus-cad/monotile/empty_certs/21517_75705455694020274552835.cnf
151189550458038269247491 3 3 3 0 /home/bepis/prog/verus-cad/monotile/empty_certs/21518_151189550458038269247491.cnf
14167099449726700879875 3 3 3 0 /home/bepis/prog/verus-cad/monotile/empty_certs/21520_14167099449726700879875.cnf
604481361057205201141763 3 3 3 0 /home/bepis/prog/verus-cad/monotile/empty_certs/21523_604481361057205201141763.cnf
302268357401221244387331 3 3 3 0 /home/bepis/prog/verus-cad/monotile/empty_certs/21524_302268357401221244387331.cnf
151263319421034109599747 3 3 3 0 /home/bepis/prog/verus-cad/monotile/empty_certs/21525_151263319421034109599747.cnf
75631686733223457456131 3 3 3 0 /home/bepis/prog/verus-cad/monotile/empty_certs/21526_75631686733223457456131.cnf
14167099450826212507651 3 3 3 0 /home/bepis/prog/verus-cad/monotile/empty_certs/21528_14167099450826212507651.cnf
5017586445661289578499 3 3 3 0 /home/bepis/prog/verus-cad/monotile/empty_certs/21561_5017586445661289578499.cnf
9739952928530934792195 3 3 3 0 /home/bepis/prog/verus-cad/monotile/empty_certs/21562_9739952928530934792195.cnf
5312806408434680332291 3 3 3 0 /home/bepis/prog/verus-cad/monotile/empty_certs/21564_5312806408434680332291.cnf
10035172891304325545987 3 3 3 0 /home/bepis/prog/verus-cad/monotile/empty_certs/21565_10035172891304325545987.cnf
16528570920438163570691 3 3 3 0 /home/bepis/prog/verus-cad/monotile/empty_certs/21568_16528570920438163570691.cnf
15348267530096903979011 3 3 3 0 /home/bepis/prog/verus-cad/monotile/empty_certs/21572_15348267530096903979011.cnf
1520602007484044012421123 3 3 3 0 /home/bepis/prog/verus-cad/monotile/empty_certs/21585_1520602007484044012421123.cnf
1822833462387701306097667 3 3 3 0 /home/bepis/prog/verus-cad/monotile/empty_certs/21586_1822833462387701306097667.cnf
2434970501473453998083 3 3 3 0 /home/bepis/prog/verus-cad/monotile/empty_certs/21661_2434970501473453998083.cnf
1328166138525857611779 3 3 3 0 /home/bepis/prog/verus-cad/monotile/empty_certs/21662_1328166138525857611779.cnf
608743682601138520067 3 3 3 0 /home/bepis/prog/verus-cad/monotile/empty_certs/21663_608743682601138520067.cnf
332043647395402088451 3 3 3 0 /home/bepis/prog/verus-cad/monotile/empty_certs/21664_332043647395402088451.cnf
3458766782637015043 3 3 3 0 /home/bepis/prog/verus-cad/monotile/empty_certs/21666_3458766782637015043.cnf
3626851246101727132254211 3 3 3 0 /home/bepis/prog/verus-cad/monotile/empty_certs/21674_3626851246101727132254211.cnf
3626925033359496947171331 3 3 3 0 /home/bepis/prog/verus-cad/monotile/empty_certs/21682_3626925033359496947171331.cnf
75561610720874088890371 3 3 3 0 /home/bepis/prog/verus-cad/monotile/empty_certs/21704_75561610720874088890371.cnf
151119762677164564021251 3 3 3 0 /home/bepis/prog/verus-cad/monotile/empty_certs/21708_151119762677164564021251.cnf
3626925033078090689937411 3 3 3 0 /home/bepis/prog/verus-cad/monotile/empty_certs/21749_3626925033078090689937411.cnf
3626851246383270828441603 3 3 3 0 /home/bepis/prog/verus-cad/monotile/empty_certs/21757_3626851246383270828441603.cnf
75561898951318960078851 3 3 3 0 /home/bepis/prog/verus-cad/monotile/empty_certs/21782_75561898951318960078851.cnf
606824097836024111038467 3 3 3 0 /home/bepis/prog/verus-cad/monotile/empty_certs/21817_606824097836024111038467.cnf
304592647435966444732419 3 3 3 0 /home/bepis/prog/verus-cad/monotile/empty_certs/21818_304592647435966444732419.cnf
153476928991337052635139 3 3 3 0 /home/bepis/prog/verus-cad/monotile/empty_certs/21819_153476928991337052635139.cnf
77919083279821238697987 3 3 3 0 /home/bepis/prog/verus-cad/monotile/empty_certs/21820_77919083279821238697987.cnf
16528282973718831955971 3 3 3 0 /home/bepis/prog/verus-cad/monotile/empty_certs/21823_16528282973718831955971.cnf
605643506496781676445699 3 3 3 0 /home/bepis/prog/verus-cad/monotile/empty_certs/21825_605643506496781676445699.cnf
303412056096724010139651 3 3 3 0 /home/bepis/prog/verus-cad/monotile/empty_certs/21826_303412056096724010139651.cnf
152296337652094618042371 3 3 3 0 /home/bepis/prog/verus-cad/monotile/empty_certs/21827_152296337652094618042371.cnf
76738491940578804105219 3 3 3 0 /home/bepis/prog/verus-cad/monotile/empty_certs/21828_76738491940578804105219.cnf
15347691634476397363203 3 3 3 0 /home/bepis/prog/verus-cad/monotile/empty_certs/21831_15347691634476397363203.cnf
605053211249372924215299 3 3 3 0 /home/bepis/prog/verus-cad/monotile/empty_certs/21833_605053211249372924215299.cnf
302821760849315257909251 3 3 3 0 /home/bepis/prog/verus-cad/monotile/empty_certs/21834_302821760849315257909251.cnf
151706042404685865811971 3 3 3 0 /home/bepis/prog/verus-cad/monotile/empty_certs/21835_151706042404685865811971.cnf
76148196693170051874819 3 3 3 0 /home/bepis/prog/verus-cad/monotile/empty_certs/21836_76148196693170051874819.cnf
5312663421328354705411 3 3 3 0 /home/bepis/prog/verus-cad/monotile/empty_certs/21838_5312663421328354705411.cnf
10035029904197999919107 3 3 3 0 /home/bepis/prog/verus-cad/monotile/empty_certs/21839_10035029904197999919107.cnf
604758064470093478232067 3 3 3 0 /home/bepis/prog/verus-cad/monotile/empty_certs/21840_604758064470093478232067.cnf
302526614070035811926019 3 3 3 0 /home/bepis/prog/verus-cad/monotile/empty_certs/21841_302526614070035811926019.cnf
151410895625406419828739 3 3 3 0 /home/bepis/prog/verus-cad/monotile/empty_certs/21842_151410895625406419828739.cnf
75853049913890605891587 3 3 3 0 /home/bepis/prog/verus-cad/monotile/empty_certs/21843_75853049913890605891587.cnf
5017516642048908722179 3 3 3 0 /home/bepis/prog/verus-cad/monotile/empty_certs/21845_5017516642048908722179.cnf
9739883124918553935875 3 3 3 0 /home/bepis/prog/verus-cad/monotile/empty_certs/21846_9739883124918553935875.cnf
151119204232941073858563 3 3 3 0 /home/bepis/prog/verus-cad/monotile/empty_certs/21853_151119204232941073858563.cnf
75560205599920653074435 3 3 3 0 /home/bepis/prog/verus-cad/monotile/empty_certs/21858_75560205599920653074435.cnf
14170558215322853179395 3 3 3 0 /home/bepis/prog/verus-cad/monotile/empty_certs/21863_14170558215322853179395.cnf
4798459304373794111491 3 3 3 0 /home/bepis/prog/verus-cad/monotile/empty_certs/21875_4798459304373794111491.cnf
4872246280668632317955 3 3 3 0 /home/bepis/prog/verus-cad/monotile/empty_certs/21876_4872246280668632317955.cnf
14167387960461137805315 3 3 3 0 /home/bepis/prog/verus-cad/monotile/empty_certs/21929_14167387960461137805315.cnf
14167388241936114515971 3 3 3 0 /home/bepis/prog/verus-cad/monotile/empty_certs/21998_14167388241936114515971.cnf
14167388804886067937283 3 3 3 0 /home/bepis/prog/verus-cad/monotile/empty_certs/22067_14167388804886067937283.cnf
14167389930785974779907 3 3 3 0 /home/bepis/prog/verus-cad/monotile/empty_certs/22136_14167389930785974779907.cnf
14169693521995374788611 3 3 3 0 /home/bepis/prog/verus-cad/monotile/empty_certs/22379_14169693521995374788611.cnf
3626925033078023044202499 3 3 3 0 /home/bepis/prog/verus-cad/monotile/empty_certs/22760_3626925033078023044202499.cnf
1208999607153944833294339 3 3 3 0 /home/bepis/prog/verus-cad/monotile/empty_certs/22767_1208999607153944833294339.cnf
151119474446789486051331 3 3 3 0 /home/bepis/prog/verus-cad/monotile/empty_certs/22789_151119474446789486051331.cnf
1289520874254431640616963 3 3 3 0 /home/bepis/prog/verus-cad/monotile/empty_certs/23642_1289520874254431640616963.cnf
1365373957943119354789891 3 3 3 0 /home/bepis/prog/verus-cad/monotile/empty_certs/23643_1365373957943119354789891.cnf
3029417991459498662821891 3 3 3 0 /home/bepis/prog/verus-cad/monotile/empty_certs/23644_3029417991459498662821891.cnf
2726006233165500109553667 3 3 3 0 /home/bepis/prog/verus-cad/monotile/empty_certs/23645_2726006233165500109553667.cnf
1289834545464878368292867 3 3 3 0 /home/bepis/prog/verus-cad/monotile/empty_certs/23649_1289834545464878368292867.cnf
2727204987803514706067459 3 3 3 0 /home/bepis/prog/verus-cad/monotile/empty_certs/23650_2727204987803514706067459.cnf
3028256139316830740152323 3 3 3 0 /home/bepis/prog/verus-cad/monotile/empty_certs/23651_3028256139316830740152323.cnf
2580922316306197216493571 3 3 3 0 /home/bepis/prog/verus-cad/monotile/empty_certs/23655_2580922316306197216493571.cnf
2504184149189941633482755 3 3 3 0 /home/bepis/prog/verus-cad/monotile/empty_certs/23656_2504184149189941633482755.cnf
1218519297767928420630531 3 3 3 0 /home/bepis/prog/verus-cad/monotile/empty_certs/23658_1218519297767928420630531.cnf
2579668243953959628177411 3 3 3 0 /home/bepis/prog/verus-cad/monotile/empty_certs/23660_2579668243953959628177411.cnf
1218445528806032091906051 3 3 3 0 /home/bepis/prog/verus-cad/monotile/empty_certs/23662_1218445528806032091906051.cnf
1133369109109286620889091 3 3 3 0 /home/bepis/prog/verus-cad/monotile/empty_certs/23678_1133369109109286620889091.cnf
1365097257063488688226307 3 3 3 0 /home/bepis/prog/verus-cad/monotile/empty_certs/23683_1365097257063488688226307.cnf
3028255846864329937780739 3 3 3 0 /home/bepis/prog/verus-cad/monotile/empty_certs/23684_3028255846864329937780739.cnf
2727205271811766207119363 3 3 3 0 /home/bepis/prog/verus-cad/monotile/empty_certs/23685_2727205271811766207119363.cnf
2726005949720198561923075 3 3 3 0 /home/bepis/prog/verus-cad/monotile/empty_certs/23689_2726005949720198561923075.cnf
3029418284474949418614787 3 3 3 0 /home/bepis/prog/verus-cad/monotile/empty_certs/23690_3029418284474949418614787.cnf
1213667795350818530525187 3 3 3 0 /home/bepis/prog/verus-cad/monotile/empty_certs/23692_1213667795350818530525187.cnf
2579667937990659943694339 3 3 3 0 /home/bepis/prog/verus-cad/monotile/empty_certs/23694_2579667937990659943694339.cnf
2505290954115839183290371 3 3 3 0 /home/bepis/prog/verus-cad/monotile/empty_certs/23695_2505290954115839183290371.cnf
1218445511073108559134723 3 3 3 0 /home/bepis/prog/verus-cad/monotile/empty_certs/23697_1218445511073108559134723.cnf
2504183879255438967963651 3 3 3 0 /home/bepis/prog/verus-cad/monotile/empty_certs/23699_2504183879255438967963651.cnf
1218519316063801906823171 3 3 3 0 /home/bepis/prog/verus-cad/monotile/empty_certs/23701_1218519316063801906823171.cnf
1133369109390761597599747 3 3 3 0 /home/bepis/prog/verus-cad/monotile/empty_certs/23716_1133369109390761597599747.cnf
2725251070424407554916355 3 3 3 0 /home/bepis/prog/verus-cad/monotile/empty_certs/23722_2725251070424407554916355.cnf
2503189178775890854674435 3 3 3 0 /home/bepis/prog/verus-cad/monotile/empty_certs/23733_2503189178775890854674435.cnf
1522984052542426654441475 3 3 3 0 /home/bepis/prog/verus-cad/monotile/empty_certs/23737_1522984052542426654441475.cnf
2503465609721018855718915 3 3 3 0 /home/bepis/prog/verus-cad/monotile/empty_certs/23738_2503465609721018855718915.cnf
1133370262875216157868035 3 3 3 0 /home/bepis/prog/verus-cad/monotile/empty_certs/23769_1133370262875216157868035.cnf
2503465881062896404791299 3 3 3 0 /home/bepis/prog/verus-cad/monotile/empty_certs/23785_2503465881062896404791299.cnf
2503188909685813119287299 3 3 3 0 /home/bepis/prog/verus-cad/monotile/empty_certs/23789_2503188909685813119287299.cnf
1133370264001116064710659 3 3 3 0 /home/bepis/prog/verus-cad/monotile/empty_certs/23818_1133370264001116064710659.cnf
2579041671666194639224835 3 3 3 0 /home/bepis/prog/verus-cad/monotile/empty_certs/24123_2579041671666194639224835.cnf
2503188732092695000907779 3 3 3 0 /home/bepis/prog/verus-cad/monotile/empty_certs/24124_2503188732092695000907779.cnf
2427317134105939166625795 3 3 3 0 /home/bepis/prog/verus-cad/monotile/empty_certs/24128_2427317134105939166625795.cnf
1133370262048383413780483 3 3 3 0 /home/bepis/prog/verus-cad/monotile/empty_certs/24136_1133370262048383413780483.cnf
2578728077298416553558019 3 3 3 0 /home/bepis/prog/verus-cad/monotile/empty_certs/24141_2578728077298416553558019.cnf
2579041748508863281233923 3 3 3 0 /home/bepis/prog/verus-cad/monotile/empty_certs/24144_2579041748508863281233923.cnf
1133370262329858390491139 3 3 3 0 /home/bepis/prog/verus-cad/monotile/empty_certs/24153_1133370262329858390491139.cnf
1137795246242524204892163 3 3 3 0 /home/bepis/prog/verus-cad/monotile/empty_certs/24290_1137795246242524204892163.cnf
9519709191957253460241 3 3 3 0 /home/bepis/prog/verus-cad/monotile/empty_certs/24578_9519709191957253460241.cnf
9593478153578704539921 3 3 3 0 /home/bepis/prog/verus-cad/monotile/empty_certs/24582_9593478153578704539921.cnf
9593496449731363348753 3 3 3 0 /home/bepis/prog/verus-cad/monotile/empty_certs/24619_9593496449731363348753.cnf
9519691458763138015505 3 3 3 0 /home/bepis/prog/verus-cad/monotile/empty_certs/24623_9519691458763138015505.cnf
2725472432488091438104849 5 5 5 1 /home/bepis/prog/verus-cad/monotile/empty_certs/24647_2725472432488091438104849.cnf
2422723896784490223255825 3 3 3 0 /home/bepis/prog/verus-cad/monotile/empty_certs/24658_2422723896784490223255825.cnf
1218409790210298517668113 3 3 3 0 /home/bepis/prog/verus-cad/monotile/empty_certs/24664_1218409790210298517668113.cnf
1218391325451551420989713 3 3 3 0 /home/bepis/prog/verus-cad/monotile/empty_certs/24671_1218391325451551420989713.cnf
1219553524372215285432593 3 3 3 0 /home/bepis/prog/verus-cad/monotile/empty_certs/24674_1219553524372215285432593.cnf
1220734188051626247340305 3 3 3 0 /home/bepis/prog/verus-cad/monotile/empty_certs/24677_1220734188051626247340305.cnf
2422871749964517412454673 3 3 3 0 /home/bepis/prog/verus-cad/monotile/empty_certs/24682_2422871749964517412454673.cnf
3027039223631878440370449 3 3 3 0 /home/bepis/prog/verus-cad/monotile/empty_certs/24690_3027039223631878440370449.cnf
1520604315596461617201425 3 3 3 0 /home/bepis/prog/verus-cad/monotile/empty_certs/24696_1520604315596461617201425.cnf
1822835770500118910877969 3 3 3 0 /home/bepis/prog/verus-cad/monotile/empty_certs/24697_1822835770500118910877969.cnf
2422723891154904789647633 3 3 3 0 /home/bepis/prog/verus-cad/monotile/empty_certs/24715_2422723891154904789647633.cnf
2422650108682278298353937 3 3 3 0 /home/bepis/prog/verus-cad/monotile/empty_certs/24722_2422650108682278298353937.cnf
1218391342340307721421073 3 3 3 0 /home/bepis/prog/verus-cad/monotile/empty_certs/24728_1218391342340307721421073.cnf
1825233936177151004410129 5 5 5 1 /home/bepis/prog/verus-cad/monotile/empty_certs/24730_1825233936177151004410129.cnf
1219553595304991749341457 3 3 3 0 /home/bepis/prog/verus-cad/monotile/empty_certs/24741_1219553595304991749341457.cnf
2422872037073374519787793 3 3 3 0 /home/bepis/prog/verus-cad/monotile/empty_certs/24743_2422872037073374519787793.cnf
2423166896743779678585105 3 3 3 0 /home/bepis/prog/verus-cad/monotile/empty_certs/24746_2423166896743779678585105.cnf
2724807767602304059998481 3 3 3 0 /home/bepis/prog/verus-cad/monotile/empty_certs/24753_2724807767602304059998481.cnf
3027039222505961353675025 3 3 3 0 /home/bepis/prog/verus-cad/monotile/empty_certs/24754_3027039222505961353675025.cnf
1520604314470544530506001 3 3 3 0 /home/bepis/prog/verus-cad/monotile/empty_certs/24760_1520604314470544530506001.cnf
3027037208275477606760721 3 3 3 0 /home/bepis/prog/verus-cad/monotile/empty_certs/24784_3027037208275477606760721.cnf
3027039806856929361395985 3 3 3 0 /home/bepis/prog/verus-cad/monotile/empty_certs/24816_3027039806856929361395985.cnf
2724808063718497873690897 3 3 3 0 /home/bepis/prog/verus-cad/monotile/empty_certs/24819_2724808063718497873690897.cnf
2422871468485245726228753 3 3 3 0 /home/bepis/prog/verus-cad/monotile/empty_certs/24828_2422871468485245726228753.cnf
1520602115589658555711761 3 3 3 0 /home/bepis/prog/verus-cad/monotile/empty_certs/24847_1520602115589658555711761.cnf
1822835948395018613686545 3 3 3 0 /home/bepis/prog/verus-cad/monotile/empty_certs/24849_1822835948395018613686545.cnf
2578412712163313933615377 3 3 3 0 /home/bepis/prog/verus-cad/monotile/empty_certs/24853_2578412712163313933615377.cnf
2502854560202625416167697 3 3 3 0 /home/bepis/prog/verus-cad/monotile/empty_certs/24856_2502854560202625416167697.cnf
2427593861990125452656913 3 3 3 0 /home/bepis/prog/verus-cad/monotile/empty_certs/24864_2427593861990125452656913.cnf
2427889009895304805482769 3 3 3 0 /home/bepis/prog/verus-cad/monotile/empty_certs/24865_2427889009895304805482769.cnf
1219553486091034336428305 3 3 3 0 /home/bepis/prog/verus-cad/monotile/empty_certs/24866_1219553486091034336428305.cnf
1220734077711751747731729 3 3 3 0 /home/bepis/prog/verus-cad/monotile/empty_certs/24867_1220734077711751747731729.cnf
13871987590368829112593 3 3 3 0 /home/bepis/prog/verus-cad/monotile/empty_certs/24871_13871987590368829112593.cnf
1520604475476687932883217 3 3 3 0 /home/bepis/prog/verus-cad/monotile/empty_certs/24885_1520604475476687932883217.cnf
2502854830422726223069457 3 3 3 0 /home/bepis/prog/verus-cad/monotile/empty_certs/24889_2502854830422726223069457.cnf
2578412405913866352460049 3 3 3 0 /home/bepis/prog/verus-cad/monotile/empty_certs/24892_2578412405913866352460049.cnf
2427593843975452065530129 3 3 3 0 /home/bepis/prog/verus-cad/monotile/empty_certs/24900_2427593843975452065530129.cnf
2427888991880631418355985 3 3 3 0 /home/bepis/prog/verus-cad/monotile/empty_certs/24901_2427888991880631418355985.cnf
1219553468076360949301521 3 3 3 0 /home/bepis/prog/verus-cad/monotile/empty_certs/24902_1219553468076360949301521.cnf
13871969575695441985809 3 3 3 0 /home/bepis/prog/verus-cad/monotile/empty_certs/24907_13871969575695441985809.cnf
1208927044612419803414801 3 3 3 0 /home/bepis/prog/verus-cad/monotile/empty_certs/24923_1208927044612419803414801.cnf
1209147252619799711187217 3 3 3 0 /home/bepis/prog/verus-cad/monotile/empty_certs/24935_1209147252619799711187217.cnf
1208927116671113354019089 3 3 3 0 /home/bepis/prog/verus-cad/monotile/empty_certs/24947_1208927116671113354019089.cnf
1218391449302430960845073 3 3 3 0 /home/bepis/prog/verus-cad/monotile/empty_certs/24948_1218391449302430960845073.cnf
1209147324678493261791505 3 3 3 0 /home/bepis/prog/verus-cad/monotile/empty_certs/24959_1209147324678493261791505.cnf
2417853368637903828156689 3 3 3 0 /home/bepis/prog/verus-cad/monotile/empty_certs/24971_2417853368637903828156689.cnf
2427317701269221434982673 3 3 3 0 /home/bepis/prog/verus-cad/monotile/empty_certs/24972_2427317701269221434982673.cnf
2427336148013295144534289 3 3 3 0 /home/bepis/prog/verus-cad/monotile/empty_certs/24973_2427336148013295144534289.cnf
2422724461994867756630289 3 3 3 0 /home/bepis/prog/verus-cad/monotile/empty_certs/24975_2422724461994867756630289.cnf
2418128916877504864583953 3 3 3 0 /home/bepis/prog/verus-cad/monotile/empty_certs/24979_2418128916877504864583953.cnf
2417853080403129634128145 3 3 3 0 /home/bepis/prog/verus-cad/monotile/empty_certs/24995_2417853080403129634128145.cnf
2427317413034447240954129 3 3 3 0 /home/bepis/prog/verus-cad/monotile/empty_certs/24996_2427317413034447240954129.cnf
2427335859778520950505745 3 3 3 0 /home/bepis/prog/verus-cad/monotile/empty_certs/24997_2427335859778520950505745.cnf
2422650386783798724395281 3 3 3 0 /home/bepis/prog/verus-cad/monotile/empty_certs/24998_2422650386783798724395281.cnf
2422724173760093562601745 3 3 3 0 /home/bepis/prog/verus-cad/monotile/empty_certs/24999_2422724173760093562601745.cnf
2418128628642730670555409 3 3 3 0 /home/bepis/prog/verus-cad/monotile/empty_certs/25003_2418128628642730670555409.cnf
1209222120458905605636369 3 3 3 0 /home/bepis/prog/verus-cad/monotile/empty_certs/25045_1209222120458905605636369.cnf
1209517268364084958462225 3 3 3 0 /home/bepis/prog/verus-cad/monotile/empty_certs/25048_1209517268364084958462225.cnf
2419033383789072838820113 3 3 3 0 /home/bepis/prog/verus-cad/monotile/empty_certs/25051_2419033383789072838820113.cnf
2420213975409790250123537 3 3 3 0 /home/bepis/prog/verus-cad/monotile/empty_certs/25054_2420213975409790250123537.cnf
1824034806613075858293009 3 3 3 0 /home/bepis/prog/verus-cad/monotile/empty_certs/25081_1824034806613075858293009.cnf
1522983943330135975919889 3 3 3 0 /home/bepis/prog/verus-cad/monotile/empty_certs/25082_1522983943330135975919889.cnf
1521821798453492274168081 3 3 3 0 /home/bepis/prog/verus-cad/monotile/empty_certs/25088_1521821798453492274168081.cnf
3027408156261518457962769 3 3 3 0 /home/bepis/prog/verus-cad/monotile/empty_certs/25093_3027408156261518457962769.cnf
2725250488334156002492689 3 3 3 0 /home/bepis/prog/verus-cad/monotile/empty_certs/25100_2725250488334156002492689.cnf
3027777091142992648995089 3 3 3 0 /home/bepis/prog/verus-cad/monotile/empty_certs/25101_3027777091142992648995089.cnf
75560169586516008370449 3 3 3 0 /home/bepis/prog/verus-cad/monotile/empty_certs/25133_75560169586516008370449.cnf
1209202520793327289237777 3 3 3 0 /home/bepis/prog/verus-cad/monotile/empty_certs/25147_1209202520793327289237777.cnf
9149585078152408858897 3 3 3 0 /home/bepis/prog/verus-cad/monotile/empty_certs/25208_9149585078152408858897.cnf
1137795174483997614932241 3 3 3 0 /home/bepis/prog/verus-cad/monotile/empty_certs/25210_1137795174483997614932241.cnf
9483941902815783568401 3 3 3 0 /home/bepis/prog/verus-cad/monotile/empty_certs/25287_9483941902815783568401.cnf
9465490654867569001489 3 3 3 0 /home/bepis/prog/verus-cad/monotile/empty_certs/25293_9465490654867569001489.cnf
1210109294138378465330193 3 3 3 0 /home/bepis/prog/verus-cad/monotile/empty_certs/25298_1210109294138378465330193.cnf
1211289597529819237598225 3 3 3 0 /home/bepis/prog/verus-cad/monotile/empty_certs/25301_1211289597529819237598225.cnf
2418444385604781291357201 3 3 3 0 /home/bepis/prog/verus-cad/monotile/empty_certs/25304_2418444385604781291357201.cnf
2418149165637609858286609 3 3 3 0 /home/bepis/prog/verus-cad/monotile/empty_certs/25307_2418149165637609858286609.cnf
1364764237845954918679569 3 3 3 0 /home/bepis/prog/verus-cad/monotile/empty_certs/25360_1364764237845954918679569.cnf
2724806793725326343078929 3 3 3 0 /home/bepis/prog/verus-cad/monotile/empty_certs/25361_2724806793725326343078929.cnf
3027038176566991556510737 3 3 3 0 /home/bepis/prog/verus-cad/monotile/empty_certs/25364_3027038176566991556510737.cnf
2423755786318402287633425 3 3 3 0 /home/bepis/prog/verus-cad/monotile/empty_certs/25369_2423755786318402287633425.cnf
2424936377939119698936849 3 3 3 0 /home/bepis/prog/verus-cad/monotile/empty_certs/25370_2424936377939119698936849.cnf
2422871495524368836002833 3 3 3 0 /home/bepis/prog/verus-cad/monotile/empty_certs/25374_2422871495524368836002833.cnf
2423166643429548188828689 3 3 3 0 /home/bepis/prog/verus-cad/monotile/empty_certs/25375_2423166643429548188828689.cnf
9149621124612212458513 3 3 3 0 /home/bepis/prog/verus-cad/monotile/empty_certs/25381_9149621124612212458513.cnf
1364764508060901767775249 3 3 3 0 /home/bepis/prog/verus-cad/monotile/empty_certs/25393_1364764508060901767775249.cnf
3027038230614653846815761 3 3 3 0 /home/bepis/prog/verus-cad/monotile/empty_certs/25394_3027038230614653846815761.cnf
2724806703649004472894481 3 3 3 0 /home/bepis/prog/verus-cad/monotile/empty_certs/25397_2724806703649004472894481.cnf
2423755768304072497693713 3 3 3 0 /home/bepis/prog/verus-cad/monotile/empty_certs/25402_2423755768304072497693713.cnf
2424936359924789908997137 3 3 3 0 /home/bepis/prog/verus-cad/monotile/empty_certs/25403_2424936359924789908997137.cnf
2422871477510039046063121 3 3 3 0 /home/bepis/prog/verus-cad/monotile/empty_certs/25407_2422871477510039046063121.cnf
2423166625415218398888977 3 3 3 0 /home/bepis/prog/verus-cad/monotile/empty_certs/25408_2423166625415218398888977.cnf
9149603110282422518801 3 3 3 0 /home/bepis/prog/verus-cad/monotile/empty_certs/25414_9149603110282422518801.cnf
1520603745910317728924689 3 3 3 0 /home/bepis/prog/verus-cad/monotile/empty_certs/25424_1520603745910317728924689.cnf
1822834912584698383565841 3 3 3 0 /home/bepis/prog/verus-cad/monotile/empty_certs/25427_1822834912584698383565841.cnf
2578412252813746006918161 3 3 3 0 /home/bepis/prog/verus-cad/monotile/empty_certs/25432_2578412252813746006918161.cnf
1218666862449987971974161 3 3 3 0 /home/bepis/prog/verus-cad/monotile/empty_certs/25433_1218666862449987971974161.cnf
2428478125780155205157905 3 3 3 0 /home/bepis/prog/verus-cad/monotile/empty_certs/25435_2428478125780155205157905.cnf
2429658717400872616461329 3 3 3 0 /home/bepis/prog/verus-cad/monotile/empty_certs/25436_2429658717400872616461329.cnf
1219553459087030637298705 3 3 3 0 /home/bepis/prog/verus-cad/monotile/empty_certs/25442_1219553459087030637298705.cnf
1220734050707748048602129 3 3 3 0 /home/bepis/prog/verus-cad/monotile/empty_certs/25443_1220734050707748048602129.cnf
12986516870827071505425 3 3 3 0 /home/bepis/prog/verus-cad/monotile/empty_certs/25451_12986516870827071505425.cnf
1822835196310100517585937 3 3 3 0 /home/bepis/prog/verus-cad/monotile/empty_certs/25457_1822835196310100517585937.cnf
1520603453177166584874001 3 3 3 0 /home/bepis/prog/verus-cad/monotile/empty_certs/25460_1520603453177166584874001.cnf
2578412176247879421658129 3 3 3 0 /home/bepis/prog/verus-cad/monotile/empty_certs/25465_2578412176247879421658129.cnf
1218962005851292819784721 3 3 3 0 /home/bepis/prog/verus-cad/monotile/empty_certs/25467_1218962005851292819784721.cnf
2428478121276280700142609 3 3 3 0 /home/bepis/prog/verus-cad/monotile/empty_certs/25468_2428478121276280700142609.cnf
2429658712896998111446033 3 3 3 0 /home/bepis/prog/verus-cad/monotile/empty_certs/25469_2429658712896998111446033.cnf
1219553454583156132283409 3 3 3 0 /home/bepis/prog/verus-cad/monotile/empty_certs/25475_1219553454583156132283409.cnf
1220734046203873543586833 3 3 3 0 /home/bepis/prog/verus-cad/monotile/empty_certs/25476_1220734046203873543586833.cnf
12986512366952566490129 3 3 3 0 /home/bepis/prog/verus-cad/monotile/empty_certs/25484_12986512366952566490129.cnf
1218519855951501100844049 3 3 3 0 /home/bepis/prog/verus-cad/monotile/empty_certs/25493_1218519855951501100844049.cnf
1218391881664489740829713 3 3 3 0 /home/bepis/prog/verus-cad/monotile/empty_certs/25497_1218391881664489740829713.cnf
1218410328408563450381329 3 3 3 0 /home/bepis/prog/verus-cad/monotile/empty_certs/25498_1218410328408563450381329.cnf
1208981736343888655811601 3 3 3 0 /home/bepis/prog/verus-cad/monotile/empty_certs/25505_1208981736343888655811601.cnf
1218445780745929623602193 3 3 3 0 /home/bepis/prog/verus-cad/monotile/empty_certs/25516_1218445780745929623602193.cnf
1218391593435213101794321 3 3 3 0 /home/bepis/prog/verus-cad/monotile/empty_certs/25521_1218391593435213101794321.cnf
1218410040179286811345937 3 3 3 0 /home/bepis/prog/verus-cad/monotile/empty_certs/25522_1218410040179286811345937.cnf
1208981448114612016776209 3 3 3 0 /home/bepis/prog/verus-cad/monotile/empty_certs/25529_1208981448114612016776209.cnf
2422593749536877020447761 3 3 3 0 /home/bepis/prog/verus-cad/monotile/empty_certs/25538_2422593749536877020447761.cnf
2427371456251967794316305 3 3 3 0 /home/bepis/prog/verus-cad/monotile/empty_certs/25540_2427371456251967794316305.cnf
2427445243228262632522769 3 3 3 0 /home/bepis/prog/verus-cad/monotile/empty_certs/25541_2427445243228262632522769.cnf
2422650242690602755949585 3 3 3 0 /home/bepis/prog/verus-cad/monotile/empty_certs/25547_2422650242690602755949585.cnf
2422724029666897594156049 3 3 3 0 /home/bepis/prog/verus-cad/monotile/empty_certs/25548_2422724029666897594156049.cnf
2418073144317313573454865 3 3 3 0 /home/bepis/prog/verus-cad/monotile/empty_certs/25556_2418073144317313573454865.cnf
2422612124218958649754641 3 3 3 0 /home/bepis/prog/verus-cad/monotile/empty_certs/25563_2422612124218958649754641.cnf
2427371384189975714071569 3 3 3 0 /home/bepis/prog/verus-cad/monotile/empty_certs/25564_2427371384189975714071569.cnf
2427445171166270552278033 3 3 3 0 /home/bepis/prog/verus-cad/monotile/empty_certs/25565_2427445171166270552278033.cnf
2422650170628610675704849 3 3 3 0 /home/bepis/prog/verus-cad/monotile/empty_certs/25571_2422650170628610675704849.cnf
2422723957604905513911313 3 3 3 0 /home/bepis/prog/verus-cad/monotile/empty_certs/25572_2422723957604905513911313.cnf
2418073072255321493210129 3 3 3 0 /home/bepis/prog/verus-cad/monotile/empty_certs/25580_2418073072255321493210129.cnf
2726005651937267552355345 3 3 3 0 /home/bepis/prog/verus-cad/monotile/empty_certs/25590_2726005651937267552355345.cnf
3029417698461642257335313 3 3 3 0 /home/bepis/prog/verus-cad/monotile/empty_certs/25591_3029417698461642257335313.cnf
3028255553584998555583505 3 3 3 0 /home/bepis/prog/verus-cad/monotile/empty_certs/25597_3028255553584998555583505.cnf
2727204690302058673210385 3 3 3 0 /home/bepis/prog/verus-cad/monotile/empty_certs/25598_2727204690302058673210385.cnf
1520972095322191093040145 3 3 3 0 /home/bepis/prog/verus-cad/monotile/empty_certs/25602_1520972095322191093040145.cnf
1823498698131027739542545 3 3 3 0 /home/bepis/prog/verus-cad/monotile/empty_certs/25603_1823498698131027739542545.cnf
1823277337202143224923153 3 3 3 0 /home/bepis/prog/verus-cad/monotile/empty_certs/25609_1823277337202143224923153.cnf
1521341030203665284072465 3 3 3 0 /home/bepis/prog/verus-cad/monotile/empty_certs/25610_1521341030203665284072465.cnf
75559016682605466616849 3 3 3 0 /home/bepis/prog/verus-cad/monotile/empty_certs/25642_75559016682605466616849.cnf
1209202520810921354331153 3 3 3 0 /home/bepis/prog/verus-cad/monotile/empty_certs/25718_1209202520810921354331153.cnf
2418128340425550529037329 3 3 3 0 /home/bepis/prog/verus-cad/monotile/empty_certs/25719_2418128340425550529037329.cnf
13871951578616119165969 3 3 3 0 /home/bepis/prog/verus-cad/monotile/empty_certs/25780_13871951578616119165969.cnf
1137795174501591680025617 3 3 3 0 /home/bepis/prog/verus-cad/monotile/empty_certs/25781_1137795174501591680025617.cnf
1364763916929294948958225 3 3 3 0 /home/bepis/prog/verus-cad/monotile/empty_certs/25856_1364763916929294948958225.cnf
2724807767611151428419601 3 3 3 0 /home/bepis/prog/verus-cad/monotile/empty_certs/25862_2724807767611151428419601.cnf
2724805460906125098549265 3 3 3 0 /home/bepis/prog/verus-cad/monotile/empty_certs/25873_2724805460906125098549265.cnf
2724805464002349842366481 3 3 3 0 /home/bepis/prog/verus-cad/monotile/empty_certs/25875_2724805464002349842366481.cnf
3027039222510410679779345 3 3 3 0 /home/bepis/prog/verus-cad/monotile/empty_certs/25881_3027039222510410679779345.cnf
3027039223636310586621969 3 3 3 0 /home/bepis/prog/verus-cad/monotile/empty_certs/25882_3027039223636310586621969.cnf
3027036915805384349909009 3 3 3 0 /home/bepis/prog/verus-cad/monotile/empty_certs/25892_3027036915805384349909009.cnf
3027036918901609093726225 3 3 3 0 /home/bepis/prog/verus-cad/monotile/empty_certs/25894_3027036918901609093726225.cnf
2423166896739432894890001 3 3 3 0 /home/bepis/prog/verus-cad/monotile/empty_certs/25912_2423166896739432894890001.cnf
2422872037064629693775889 3 3 3 0 /home/bepis/prog/verus-cad/monotile/empty_certs/25913_2422872037064629693775889.cnf
2422871749960153448906769 3 3 3 0 /home/bepis/prog/verus-cad/monotile/empty_certs/25919_2422871749960153448906769.cnf
9149585078220859965457 3 3 3 0 /home/bepis/prog/verus-cad/monotile/empty_certs/25946_9149585078220859965457.cnf
2422576383647984354656273 3 3 3 0 /home/bepis/prog/verus-cad/monotile/empty_certs/25966_2422576383647984354656273.cnf
2422576455705578392584209 3 3 3 0 /home/bepis/prog/verus-cad/monotile/empty_certs/25968_2422576455705578392584209.cnf
1213648762593504231751697 3 3 3 0 /home/bepis/prog/verus-cad/monotile/empty_certs/25973_1213648762593504231751697.cnf
4723451568973601112081 3 3 3 0 /home/bepis/prog/verus-cad/monotile/empty_certs/25987_4723451568973601112081.cnf
9150665924539242840081 3 3 3 0 /home/bepis/prog/verus-cad/monotile/empty_certs/26029_9150665924539242840081.cnf
1364763916928264155824145 3 3 3 0 /home/bepis/prog/verus-cad/monotile/empty_certs/26068_1364763916928264155824145.cnf
3027039222514877441638417 3 3 3 0 /home/bepis/prog/verus-cad/monotile/empty_certs/26074_3027039222514877441638417.cnf
3027039223640777348481041 3 3 3 0 /home/bepis/prog/verus-cad/monotile/empty_certs/26075_3027039223640777348481041.cnf
3027036915809851111768081 3 3 3 0 /home/bepis/prog/verus-cad/monotile/empty_certs/26085_3027036915809851111768081.cnf
3027036918906075855585297 3 3 3 0 /home/bepis/prog/verus-cad/monotile/empty_certs/26087_3027036918906075855585297.cnf
2724807767606822105645073 3 3 3 0 /home/bepis/prog/verus-cad/monotile/empty_certs/26093_2724807767606822105645073.cnf
2724807768732722012487697 3 3 3 0 /home/bepis/prog/verus-cad/monotile/empty_certs/26094_2724807768732722012487697.cnf
2724805460901795775774737 3 3 3 0 /home/bepis/prog/verus-cad/monotile/empty_certs/26104_2724805460901795775774737.cnf
2724805463998020519591953 3 3 3 0 /home/bepis/prog/verus-cad/monotile/empty_certs/26106_2724805463998020519591953.cnf
2423166896739501614432273 3 3 3 0 /home/bepis/prog/verus-cad/monotile/empty_certs/26123_2423166896739501614432273.cnf
2422872037064698413318161 3 3 3 0 /home/bepis/prog/verus-cad/monotile/empty_certs/26124_2422872037064698413318161.cnf
2422871749960222168449041 3 3 3 0 /home/bepis/prog/verus-cad/monotile/empty_certs/26130_2422871749960222168449041.cnf
2423167186095777672986641 3 3 3 0 /home/bepis/prog/verus-cad/monotile/empty_certs/26131_2423167186095777672986641.cnf
9149585078289579507729 3 3 3 0 /home/bepis/prog/verus-cad/monotile/empty_certs/26157_9149585078289579507729.cnf
2422576383648053074198545 3 3 3 0 /home/bepis/prog/verus-cad/monotile/empty_certs/26177_2422576383648053074198545.cnf
2422576455705647112126481 3 3 3 0 /home/bepis/prog/verus-cad/monotile/empty_certs/26179_2422576455705647112126481.cnf
1213648474363196799582225 3 3 3 0 /home/bepis/prog/verus-cad/monotile/empty_certs/26182_1213648474363196799582225.cnf
4723451569042320654353 3 3 3 0 /home/bepis/prog/verus-cad/monotile/empty_certs/26198_4723451569042320654353.cnf
9150665924607962382353 3 3 3 0 /home/bepis/prog/verus-cad/monotile/empty_certs/26240_9150665924607962382353.cnf
1220734114866448405102609 3 3 3 0 /home/bepis/prog/verus-cad/monotile/empty_certs/26308_1220734114866448405102609.cnf
1219553595303325031727121 3 3 3 0 /home/bepis/prog/verus-cad/monotile/empty_certs/26309_1219553595303325031727121.cnf
1219553524371630900641809 3 3 3 0 /home/bepis/prog/verus-cad/monotile/empty_certs/26315_1219553524371630900641809.cnf
1220734188049942349873169 3 3 3 0 /home/bepis/prog/verus-cad/monotile/empty_certs/26316_1220734188049942349873169.cnf
2427298966286524964143121 3 3 3 0 /home/bepis/prog/verus-cad/monotile/empty_certs/26329_2427298966286524964143121.cnf
2427299254516901115854865 3 3 3 0 /home/bepis/prog/verus-cad/monotile/empty_certs/26332_2427299254516901115854865.cnf
9447039125957625774097 3 3 3 0 /home/bepis/prog/verus-cad/monotile/empty_certs/26354_9447039125957625774097.cnf
2427296444288325822709777 3 3 3 0 /home/bepis/prog/verus-cad/monotile/empty_certs/26365_2427296444288325822709777.cnf
1218373146689487975481361 3 3 3 0 /home/bepis/prog/verus-cad/monotile/empty_certs/26368_1218373146689487975481361.cnf
1218373434919864127193105 3 3 3 0 /home/bepis/prog/verus-cad/monotile/empty_certs/26370_1218373434919864127193105.cnf
13871951579163727757329 3 3 3 0 /home/bepis/prog/verus-cad/monotile/empty_certs/26375_13871951579163727757329.cnf
9445818052324282859537 3 3 3 0 /home/bepis/prog/verus-cad/monotile/empty_certs/26385_9445818052324282859537.cnf
1218370552862393214697489 3 3 3 0 /home/bepis/prog/verus-cad/monotile/empty_certs/26399_1218370552862393214697489.cnf
1218370555958617958514705 3 3 3 0 /home/bepis/prog/verus-cad/monotile/empty_certs/26411_1218370555958617958514705.cnf
13873032407889924587537 3 3 3 0 /home/bepis/prog/verus-cad/monotile/empty_certs/26427_13873032407889924587537.cnf
1219553595303050154082321 3 3 3 0 /home/bepis/prog/verus-cad/monotile/empty_certs/26476_1219553595303050154082321.cnf
1219553524371356022997009 3 3 3 0 /home/bepis/prog/verus-cad/monotile/empty_certs/26482_1219553524371356022997009.cnf
1220734188049667472228369 3 3 3 0 /home/bepis/prog/verus-cad/monotile/empty_certs/26483_1220734188049667472228369.cnf
2427298966286250086498321 3 3 3 0 /home/bepis/prog/verus-cad/monotile/empty_certs/26496_2427298966286250086498321.cnf
2427299254516626238210065 3 3 3 0 /home/bepis/prog/verus-cad/monotile/empty_certs/26499_2427299254516626238210065.cnf
9447039125682748129297 3 3 3 0 /home/bepis/prog/verus-cad/monotile/empty_certs/26521_9447039125682748129297.cnf
2427296516345644982992913 3 3 3 0 /home/bepis/prog/verus-cad/monotile/empty_certs/26534_2427296516345644982992913.cnf
1218373146689213097836561 3 3 3 0 /home/bepis/prog/verus-cad/monotile/empty_certs/26535_1218373146689213097836561.cnf
1218373434919589249548305 3 3 3 0 /home/bepis/prog/verus-cad/monotile/empty_certs/26537_1218373434919589249548305.cnf
13871951578888850112529 3 3 3 0 /home/bepis/prog/verus-cad/monotile/empty_certs/26542_13871951578888850112529.cnf
9445818052049405214737 3 3 3 0 /home/bepis/prog/verus-cad/monotile/empty_certs/26552_9445818052049405214737.cnf
1218370552862118337052689 3 3 3 0 /home/bepis/prog/verus-cad/monotile/empty_certs/26566_1218370552862118337052689.cnf
1218370555958343080869905 3 3 3 0 /home/bepis/prog/verus-cad/monotile/empty_certs/26578_1218370555958343080869905.cnf
13873032407615046942737 3 3 3 0 /home/bepis/prog/verus-cad/monotile/empty_certs/26594_13873032407615046942737.cnf
3027777385002868066484241 3 3 3 0 /home/bepis/prog/verus-cad/monotile/empty_certs/26665_3027777385002868066484241.cnf
1208925891390748252700689 3 3 3 0 /home/bepis/prog/verus-cad/monotile/empty_certs/27202_1208925891390748252700689.cnf
2417851711005377427406865 3 3 3 0 /home/bepis/prog/verus-cad/monotile/empty_certs/27203_2417851711005377427406865.cnf
302231459125781961113617 3 3 3 0 /home/bepis/prog/verus-cad/monotile/empty_certs/27218_302231459125781961113617.cnf
604462914029439254790161 3 3 3 0 /home/bepis/prog/verus-cad/monotile/empty_certs/27220_604462914029439254790161.cnf
303412051309449325838353 3 3 3 0 /home/bepis/prog/verus-cad/monotile/empty_certs/27257_303412051309449325838353.cnf
606824097833824030818321 3 3 3 0 /home/bepis/prog/verus-cad/monotile/empty_certs/27258_606824097833824030818321.cnf
605643510716706246885393 3 3 3 0 /home/bepis/prog/verus-cad/monotile/empty_certs/27266_605643510716706246885393.cnf
304592647433766364512273 3 3 3 0 /home/bepis/prog/verus-cad/monotile/empty_certs/27267_304592647433766364512273.cnf
605643506494581596225553 3 3 3 0 /home/bepis/prog/verus-cad/monotile/empty_certs/27307_605643506494581596225553.cnf
304592643211641713852433 3 3 3 0 /home/bepis/prog/verus-cad/monotile/empty_certs/27308_304592643211641713852433.cnf
303412056094523929919505 3 3 3 0 /home/bepis/prog/verus-cad/monotile/empty_certs/27316_303412056094523929919505.cnf
606824102618898634899473 3 3 3 0 /home/bepis/prog/verus-cad/monotile/empty_certs/27317_606824102618898634899473.cnf
152296324702045609132049 3 3 3 0 /home/bepis/prog/verus-cad/monotile/empty_certs/27387_152296324702045609132049.cnf
153476920826362647805969 3 3 3 0 /home/bepis/prog/verus-cad/monotile/empty_certs/27397_153476920826362647805969.cnf
153476917448662927278097 3 3 3 0 /home/bepis/prog/verus-cad/monotile/empty_certs/27438_153476917448662927278097.cnf
152296330331545143345169 3 3 3 0 /home/bepis/prog/verus-cad/monotile/empty_certs/27446_152296330331545143345169.cnf
1133644724603814921895953 3 3 3 0 /home/bepis/prog/verus-cad/monotile/empty_certs/27485_1133644724603814921895953.cnf
1209202588329729245315089 3 3 3 0 /home/bepis/prog/verus-cad/monotile/empty_certs/27486_1209202588329729245315089.cnf
2418128407944358420021265 3 3 3 0 /home/bepis/prog/verus-cad/monotile/empty_certs/27487_2418128407944358420021265.cnf
3597993296300716589073 3 3 3 0 /home/bepis/prog/verus-cad/monotile/empty_certs/27502_3597993296300716589073.cnf
2725250787832413491970337 3 3 3 0 /home/bepis/prog/verus-cad/monotile/empty_certs/27728_2725250787832413491970337.cnf
2427335609824635903033633 3 3 3 0 /home/bepis/prog/verus-cad/monotile/empty_certs/27735_2427335609824635903033633.cnf
1218391325451809387462945 3 3 3 0 /home/bepis/prog/verus-cad/monotile/empty_certs/27738_1218391325451809387462945.cnf
2427317145066438562169121 3 3 3 0 /home/bepis/prog/verus-cad/monotile/empty_certs/27739_2427317145066438562169121.cnf
3027039223631861528936737 3 3 3 0 /home/bepis/prog/verus-cad/monotile/empty_certs/27744_3027039223631861528936737.cnf
906696672823390827987233 3 3 3 0 /home/bepis/prog/verus-cad/monotile/empty_certs/27755_906696672823390827987233.cnf
3027408742859871321489697 3 3 3 0 /home/bepis/prog/verus-cad/monotile/empty_certs/27763_3027408742859871321489697.cnf
1218391342340050291818785 3 3 3 0 /home/bepis/prog/verus-cad/monotile/empty_certs/27770_1218391342340050291818785.cnf
2427317161954679466524961 3 3 3 0 /home/bepis/prog/verus-cad/monotile/empty_certs/27771_2427317161954679466524961.cnf
2427335590684629544763681 3 3 3 0 /home/bepis/prog/verus-cad/monotile/empty_certs/27775_2427335590684629544763681.cnf
2724807767602321508303137 3 3 3 0 /home/bepis/prog/verus-cad/monotile/empty_certs/27779_2724807767602321508303137.cnf
906696671697508101030177 3 3 3 0 /home/bepis/prog/verus-cad/monotile/empty_certs/27791_906696671697508101030177.cnf
2724806041602265448513825 3 3 3 0 /home/bepis/prog/verus-cad/monotile/empty_certs/27798_2724806041602265448513825.cnf
3027037208279944641184033 3 3 3 0 /home/bepis/prog/verus-cad/monotile/empty_certs/27801_3027037208279944641184033.cnf
2578412712158641277632801 3 3 3 0 /home/bepis/prog/verus-cad/monotile/empty_certs/27858_2578412712158641277632801.cnf
2427593861989850843185441 3 3 3 0 /home/bepis/prog/verus-cad/monotile/empty_certs/27866_2427593861989850843185441.cnf
2427889009895030196011297 3 3 3 0 /home/bepis/prog/verus-cad/monotile/empty_certs/27867_2427889009895030196011297.cnf
1219553486090759726956833 3 3 3 0 /home/bepis/prog/verus-cad/monotile/empty_certs/27868_1219553486090759726956833.cnf
1220734077711477138260257 3 3 3 0 /home/bepis/prog/verus-cad/monotile/empty_certs/27869_1220734077711477138260257.cnf
13871987590094219641121 3 3 3 0 /home/bepis/prog/verus-cad/monotile/empty_certs/27873_13871987590094219641121.cnf
2578412405918539545313569 3 3 3 0 /home/bepis/prog/verus-cad/monotile/empty_certs/27885_2578412405918539545313569.cnf
2427593843975727211872545 3 3 3 0 /home/bepis/prog/verus-cad/monotile/empty_certs/27893_2427593843975727211872545.cnf
2427888991880906564698401 3 3 3 0 /home/bepis/prog/verus-cad/monotile/empty_certs/27894_2427888991880906564698401.cnf
1219553468076636095643937 3 3 3 0 /home/bepis/prog/verus-cad/monotile/empty_certs/27895_1219553468076636095643937.cnf
1220734059697353506947361 3 3 3 0 /home/bepis/prog/verus-cad/monotile/empty_certs/27896_1220734059697353506947361.cnf
13871969575970588328225 3 3 3 0 /home/bepis/prog/verus-cad/monotile/empty_certs/27900_13871969575970588328225.cnf
1824034806613076126728481 3 3 3 0 /home/bepis/prog/verus-cad/monotile/empty_certs/27949_1824034806613076126728481.cnf
1522983943330136244355361 3 3 3 0 /home/bepis/prog/verus-cad/monotile/empty_certs/27950_1522983943330136244355361.cnf
75560169586516276805921 3 3 3 0 /home/bepis/prog/verus-cad/monotile/empty_certs/27976_75560169586516276805921.cnf
2418128340407956732379425 3 3 3 0 /home/bepis/prog/verus-cad/monotile/empty_certs/27989_2418128340407956732379425.cnf
3027408742864320643285537 5 5 5 1 /home/bepis/prog/verus-cad/monotile/empty_certs/28077_3027408742864320643285537.cnf
2427335590684337218273825 3 3 3 0 /home/bepis/prog/verus-cad/monotile/empty_certs/28089_2427335590684337218273825.cnf
1218391342340307721667105 3 3 3 0 /home/bepis/prog/verus-cad/monotile/empty_certs/28091_1218391342340307721667105.cnf
2427317161954936896373281 3 3 3 0 /home/bepis/prog/verus-cad/monotile/empty_certs/28092_2427317161954936896373281.cnf
2724807767602304059982369 3 3 3 0 /home/bepis/prog/verus-cad/monotile/empty_certs/28096_2724807767602304059982369.cnf
906696671697490652709409 3 3 3 0 /home/bepis/prog/verus-cad/monotile/empty_certs/28108_906696671697490652709409.cnf
2725250787828101072126497 5 5 5 1 /home/bepis/prog/verus-cad/monotile/empty_certs/28111_2725250787828101072126497.cnf
1218391325451551420744225 3 3 3 0 /home/bepis/prog/verus-cad/monotile/empty_certs/28122_1218391325451551420744225.cnf
2427317145066180595450401 3 3 3 0 /home/bepis/prog/verus-cad/monotile/empty_certs/28123_2427317145066180595450401.cnf
2427335609824927692653089 3 3 3 0 /home/bepis/prog/verus-cad/monotile/empty_certs/28127_2427335609824927692653089.cnf
3027039223631878440387105 3 3 3 0 /home/bepis/prog/verus-cad/monotile/empty_certs/28132_3027039223631878440387105.cnf
906696672823407739437601 3 3 3 0 /home/bepis/prog/verus-cad/monotile/empty_certs/28143_906696672823407739437601.cnf
3027037208275477602632225 3 3 3 0 /home/bepis/prog/verus-cad/monotile/empty_certs/28180_3027037208275477602632225.cnf
2724806041606594511372833 3 3 3 0 /home/bepis/prog/verus-cad/monotile/empty_certs/28183_2724806041606594511372833.cnf
2578412405913866348003873 3 3 3 0 /home/bepis/prog/verus-cad/monotile/empty_certs/28210_2578412405913866348003873.cnf
2427593843975452065268257 3 3 3 0 /home/bepis/prog/verus-cad/monotile/empty_certs/28218_2427593843975452065268257.cnf
2427888991880631418094113 3 3 3 0 /home/bepis/prog/verus-cad/monotile/empty_certs/28219_2427888991880631418094113.cnf
1219553468076360949039649 3 3 3 0 /home/bepis/prog/verus-cad/monotile/empty_certs/28220_1219553468076360949039649.cnf
1220734059697078360343073 3 3 3 0 /home/bepis/prog/verus-cad/monotile/empty_certs/28221_1220734059697078360343073.cnf
13871969575695441723937 3 3 3 0 /home/bepis/prog/verus-cad/monotile/empty_certs/28225_13871969575695441723937.cnf
2578412712163313938072097 3 3 3 0 /home/bepis/prog/verus-cad/monotile/empty_certs/28237_2578412712163313938072097.cnf
2427593861990125452919329 3 3 3 0 /home/bepis/prog/verus-cad/monotile/empty_certs/28245_2427593861990125452919329.cnf
2427889009895304805745185 3 3 3 0 /home/bepis/prog/verus-cad/monotile/empty_certs/28246_2427889009895304805745185.cnf
1219553486091034336690721 3 3 3 0 /home/bepis/prog/verus-cad/monotile/empty_certs/28247_1219553486091034336690721.cnf
1220734077711751747994145 3 3 3 0 /home/bepis/prog/verus-cad/monotile/empty_certs/28248_1220734077711751747994145.cnf
13871987590368829375009 3 3 3 0 /home/bepis/prog/verus-cad/monotile/empty_certs/28252_13871987590368829375009.cnf
1824034806613075858293281 3 3 3 0 /home/bepis/prog/verus-cad/monotile/empty_certs/28300_1824034806613075858293281.cnf
1522983943330135975920161 3 3 3 0 /home/bepis/prog/verus-cad/monotile/empty_certs/28301_1522983943330135975920161.cnf
75560169586516008370721 3 3 3 0 /home/bepis/prog/verus-cad/monotile/empty_certs/28327_75560169586516008370721.cnf
2418128340407956463944225 3 3 3 0 /home/bepis/prog/verus-cad/monotile/empty_certs/28340_2418128340407956463944225.cnf
2724807946642500549149729 3 3 3 0 /home/bepis/prog/verus-cad/monotile/empty_certs/28431_2724807946642500549149729.cnf
3027038176571457248756769 3 3 3 0 /home/bepis/prog/verus-cad/monotile/empty_certs/28433_3027038176571457248756769.cnf
3027039329492961855603745 3 3 3 0 /home/bepis/prog/verus-cad/monotile/empty_certs/28434_3027039329492961855603745.cnf
2423755786318469933368353 3 3 3 0 /home/bepis/prog/verus-cad/monotile/empty_certs/28438_2423755786318469933368353.cnf
2424936377939187344671777 3 3 3 0 /home/bepis/prog/verus-cad/monotile/empty_certs/28439_2424936377939187344671777.cnf
2422871495524436481737761 3 3 3 0 /home/bepis/prog/verus-cad/monotile/empty_certs/28443_2422871495524436481737761.cnf
2423166643429615834563617 3 3 3 0 /home/bepis/prog/verus-cad/monotile/empty_certs/28444_2423166643429615834563617.cnf
9149621124679858193441 3 3 3 0 /home/bepis/prog/verus-cad/monotile/empty_certs/28450_9149621124679858193441.cnf
1213648222161618740511777 3 3 3 0 /home/bepis/prog/verus-cad/monotile/empty_certs/28458_1213648222161618740511777.cnf
3027039383531690613933089 3 3 3 0 /home/bepis/prog/verus-cad/monotile/empty_certs/28461_3027039383531690613933089.cnf
2724806703653332726187041 3 3 3 0 /home/bepis/prog/verus-cad/monotile/empty_certs/28463_2724806703653332726187041.cnf
2724807856574837333034017 3 3 3 0 /home/bepis/prog/verus-cad/monotile/empty_certs/28464_2724807856574837333034017.cnf
2424936359924720115778593 3 3 3 0 /home/bepis/prog/verus-cad/monotile/empty_certs/28469_2424936359924720115778593.cnf
2422871477509969252844577 3 3 3 0 /home/bepis/prog/verus-cad/monotile/empty_certs/28473_2422871477509969252844577.cnf
2423166625415148605670433 3 3 3 0 /home/bepis/prog/verus-cad/monotile/empty_certs/28474_2423166625415148605670433.cnf
5607828248060395389985 3 3 3 0 /home/bepis/prog/verus-cad/monotile/empty_certs/28481_5607828248060395389985.cnf
1213648204147151511618593 3 3 3 0 /home/bepis/prog/verus-cad/monotile/empty_certs/28488_1213648204147151511618593.cnf
2428478125779879253509153 3 3 3 0 /home/bepis/prog/verus-cad/monotile/empty_certs/28492_2428478125779879253509153.cnf
2429658717400596664812577 3 3 3 0 /home/bepis/prog/verus-cad/monotile/empty_certs/28493_2429658717400596664812577.cnf
1219553459086754685649953 3 3 3 0 /home/bepis/prog/verus-cad/monotile/empty_certs/28499_1219553459086754685649953.cnf
1220734050707472096953377 3 3 3 0 /home/bepis/prog/verus-cad/monotile/empty_certs/28500_1220734050707472096953377.cnf
12986516870551119856673 3 3 3 0 /home/bepis/prog/verus-cad/monotile/empty_certs/28508_12986516870551119856673.cnf
1218962005851566623949857 3 3 3 0 /home/bepis/prog/verus-cad/monotile/empty_certs/28515_1218962005851566623949857.cnf
2428478121276554504307745 3 3 3 0 /home/bepis/prog/verus-cad/monotile/empty_certs/28516_2428478121276554504307745.cnf
2429658712897271915611169 3 3 3 0 /home/bepis/prog/verus-cad/monotile/empty_certs/28517_2429658712897271915611169.cnf
1219553454583429936448545 3 3 3 0 /home/bepis/prog/verus-cad/monotile/empty_certs/28523_1219553454583429936448545.cnf
1220734046204147347751969 3 3 3 0 /home/bepis/prog/verus-cad/monotile/empty_certs/28524_1220734046204147347751969.cnf
12986512367226370655265 3 3 3 0 /home/bepis/prog/verus-cad/monotile/empty_certs/28532_12986512367226370655265.cnf
3028255553584997481841697 3 3 3 0 /home/bepis/prog/verus-cad/monotile/empty_certs/28546_3028255553584997481841697.cnf
2727204690302057599468577 3 3 3 0 /home/bepis/prog/verus-cad/monotile/empty_certs/28547_2727204690302057599468577.cnf
1218445492513353372795937 3 3 3 0 /home/bepis/prog/verus-cad/monotile/empty_certs/28553_1218445492513353372795937.cnf
2427371312127982547502113 3 3 3 0 /home/bepis/prog/verus-cad/monotile/empty_certs/28554_2427371312127982547502113.cnf
1218519279489648211002401 3 3 3 0 /home/bepis/prog/verus-cad/monotile/empty_certs/28557_1218519279489648211002401.cnf
2427445099104277385708577 3 3 3 0 /home/bepis/prog/verus-cad/monotile/empty_certs/28558_2427445099104277385708577.cnf
75559016682604392875041 3 3 3 0 /home/bepis/prog/verus-cad/monotile/empty_certs/28568_75559016682604392875041.cnf
906695517667661950485537 3 3 3 0 /home/bepis/prog/verus-cad/monotile/empty_certs/28573_906695517667661950485537.cnf
1824034806630668849644577 3 3 3 0 /home/bepis/prog/verus-cad/monotile/empty_certs/28576_1824034806630668849644577.cnf
1522983943347728967271457 3 3 3 0 /home/bepis/prog/verus-cad/monotile/empty_certs/28577_1522983943347728967271457.cnf
1521821798471085265519649 3 3 3 0 /home/bepis/prog/verus-cad/monotile/empty_certs/28581_1521821798471085265519649.cnf
1825233844995459970499617 3 3 3 0 /home/bepis/prog/verus-cad/monotile/empty_certs/28582_1825233844995459970499617.cnf
906696670589166557332513 3 3 3 0 /home/bepis/prog/verus-cad/monotile/empty_certs/28607_906696670589166557332513.cnf
1209202520810920280589345 3 3 3 0 /home/bepis/prog/verus-cad/monotile/empty_certs/28614_1209202520810920280589345.cnf
2724806703649004468635681 3 3 3 0 /home/bepis/prog/verus-cad/monotile/empty_certs/28681_2724806703649004468635681.cnf
2724807856570509075482657 3 3 3 0 /home/bepis/prog/verus-cad/monotile/empty_certs/28682_2724807856570509075482657.cnf
3027039383536158457792545 3 3 3 0 /home/bepis/prog/verus-cad/monotile/empty_certs/28685_3027039383536158457792545.cnf
2423755768304072497629217 3 3 3 0 /home/bepis/prog/verus-cad/monotile/empty_certs/28689_2423755768304072497629217.cnf
2424936359924789908932641 3 3 3 0 /home/bepis/prog/verus-cad/monotile/empty_certs/28690_2424936359924789908932641.cnf
2422871477510039045998625 3 3 3 0 /home/bepis/prog/verus-cad/monotile/empty_certs/28694_2422871477510039045998625.cnf
2423166625415218398824481 3 3 3 0 /home/bepis/prog/verus-cad/monotile/empty_certs/28695_2423166625415218398824481.cnf
9149603110282422454305 3 3 3 0 /home/bepis/prog/verus-cad/monotile/empty_certs/28701_9149603110282422454305.cnf
1213648204147221304772641 3 3 3 0 /home/bepis/prog/verus-cad/monotile/empty_certs/28709_1213648204147221304772641.cnf
3027038176566991552383009 3 3 3 0 /home/bepis/prog/verus-cad/monotile/empty_certs/28711_3027038176566991552383009.cnf
3027039329488496159229985 3 3 3 0 /home/bepis/prog/verus-cad/monotile/empty_certs/28712_3027039329488496159229985.cnf
2724807946646830954186785 3 3 3 0 /home/bepis/prog/verus-cad/monotile/empty_certs/28715_2724807946646830954186785.cnf
2423755786318402287700001 3 3 3 0 /home/bepis/prog/verus-cad/monotile/empty_certs/28719_2423755786318402287700001.cnf
2422871495524368836069409 3 3 3 0 /home/bepis/prog/verus-cad/monotile/empty_certs/28724_2422871495524368836069409.cnf
2423166643429548188895265 3 3 3 0 /home/bepis/prog/verus-cad/monotile/empty_certs/28725_2423166643429548188895265.cnf
5607846262459978614817 3 3 3 0 /home/bepis/prog/verus-cad/monotile/empty_certs/28732_5607846262459978614817.cnf
1213648222161551094843425 3 3 3 0 /home/bepis/prog/verus-cad/monotile/empty_certs/28739_1213648222161551094843425.cnf
1218962005851292819523617 3 3 3 0 /home/bepis/prog/verus-cad/monotile/empty_certs/28742_1218962005851292819523617.cnf
2428478121276280699881505 3 3 3 0 /home/bepis/prog/verus-cad/monotile/empty_certs/28743_2428478121276280699881505.cnf
2429658712896998111184929 3 3 3 0 /home/bepis/prog/verus-cad/monotile/empty_certs/28744_2429658712896998111184929.cnf
1219553454583156132022305 3 3 3 0 /home/bepis/prog/verus-cad/monotile/empty_certs/28750_1219553454583156132022305.cnf
1220734046203873543325729 3 3 3 0 /home/bepis/prog/verus-cad/monotile/empty_certs/28751_1220734046203873543325729.cnf
12986512366952566229025 3 3 3 0 /home/bepis/prog/verus-cad/monotile/empty_certs/28759_12986512366952566229025.cnf
2428478125780155205421089 3 3 3 0 /home/bepis/prog/verus-cad/monotile/empty_certs/28767_2428478125780155205421089.cnf
2429658717400872616724513 3 3 3 0 /home/bepis/prog/verus-cad/monotile/empty_certs/28768_2429658717400872616724513.cnf
1219553459087030637561889 3 3 3 0 /home/bepis/prog/verus-cad/monotile/empty_certs/28774_1219553459087030637561889.cnf
1220734050707748048865313 3 3 3 0 /home/bepis/prog/verus-cad/monotile/empty_certs/28775_1220734050707748048865313.cnf
12986516870827071768609 3 3 3 0 /home/bepis/prog/verus-cad/monotile/empty_certs/28783_12986516870827071768609.cnf
3028255553584998555584545 3 3 3 0 /home/bepis/prog/verus-cad/monotile/empty_certs/28797_3028255553584998555584545.cnf
2727204690302058673211425 3 3 3 0 /home/bepis/prog/verus-cad/monotile/empty_certs/28798_2727204690302058673211425.cnf
1218445492513354446538785 3 3 3 0 /home/bepis/prog/verus-cad/monotile/empty_certs/28803_1218445492513354446538785.cnf
2427371312127983621244961 3 3 3 0 /home/bepis/prog/verus-cad/monotile/empty_certs/28804_2427371312127983621244961.cnf
1218519279489649284745249 3 3 3 0 /home/bepis/prog/verus-cad/monotile/empty_certs/28807_1218519279489649284745249.cnf
2427445099104278459451425 3 3 3 0 /home/bepis/prog/verus-cad/monotile/empty_certs/28808_2427445099104278459451425.cnf
75559016682605466617889 3 3 3 0 /home/bepis/prog/verus-cad/monotile/empty_certs/28818_75559016682605466617889.cnf
906695517667663024228385 3 3 3 0 /home/bepis/prog/verus-cad/monotile/empty_certs/28823_906695517667663024228385.cnf
1824034806630669923387425 3 3 3 0 /home/bepis/prog/verus-cad/monotile/empty_certs/28826_1824034806630669923387425.cnf
1522983943347730041014305 3 3 3 0 /home/bepis/prog/verus-cad/monotile/empty_certs/28827_1522983943347730041014305.cnf
1521821798471086339262497 3 3 3 0 /home/bepis/prog/verus-cad/monotile/empty_certs/28831_1521821798471086339262497.cnf
1825233844995461044242465 3 3 3 0 /home/bepis/prog/verus-cad/monotile/empty_certs/28832_1825233844995461044242465.cnf
906696670589167631075361 3 3 3 0 /home/bepis/prog/verus-cad/monotile/empty_certs/28857_906696670589167631075361.cnf
1209202520810921354332193 3 3 3 0 /home/bepis/prog/verus-cad/monotile/empty_certs/28864_1209202520810921354332193.cnf
2724807767606822101385249 3 3 3 0 /home/bepis/prog/verus-cad/monotile/empty_certs/28932_2724807767606822101385249.cnf
2724806614702909680582689 3 3 3 0 /home/bepis/prog/verus-cad/monotile/empty_certs/28938_2724806614702909680582689.cnf
2724806615828809587425313 3 3 3 0 /home/bepis/prog/verus-cad/monotile/empty_certs/28939_2724806615828809587425313.cnf
2724805460901795771514913 3 3 3 0 /home/bepis/prog/verus-cad/monotile/empty_certs/28945_2724805460901795771514913.cnf
3027039223640777352609825 3 3 3 0 /home/bepis/prog/verus-cad/monotile/empty_certs/28955_3027039223640777352609825.cnf
3027038069610965024964641 3 3 3 0 /home/bepis/prog/verus-cad/monotile/empty_certs/28960_3027038069610965024964641.cnf
3027038070736864931807265 3 3 3 0 /home/bepis/prog/verus-cad/monotile/empty_certs/28961_3027038070736864931807265.cnf
3027036915809851115896865 3 3 3 0 /home/bepis/prog/verus-cad/monotile/empty_certs/28967_3027036915809851115896865.cnf
2423755823473165785432097 3 3 3 0 /home/bepis/prog/verus-cad/monotile/empty_certs/29035_2423755823473165785432097.cnf
2424936416219783103578145 3 3 3 0 /home/bepis/prog/verus-cad/monotile/empty_certs/29042_2424936416219783103578145.cnf
1213648474363196799516705 3 3 3 0 /home/bepis/prog/verus-cad/monotile/empty_certs/29057_1213648474363196799516705.cnf
1213648762593572951228449 3 3 3 0 /home/bepis/prog/verus-cad/monotile/empty_certs/29060_1213648762593572951228449.cnf
4723451569042320588833 5 5 5 1 /home/bepis/prog/verus-cad/monotile/empty_certs/29085_4723451569042320588833.cnf
9149589282822044057633 5 5 5 1 /home/bepis/prog/verus-cad/monotile/empty_certs/29086_9149589282822044057633.cnf
1213648187223536182558753 3 3 3 0 /home/bepis/prog/verus-cad/monotile/empty_certs/29135_1213648187223536182558753.cnf
1213648188349436089401377 3 3 3 0 /home/bepis/prog/verus-cad/monotile/empty_certs/29146_1213648188349436089401377.cnf
4725753189926883622945 3 3 3 0 /home/bepis/prog/verus-cad/monotile/empty_certs/29149_4725753189926883622945.cnf
9150665924607962316833 3 3 3 0 /home/bepis/prog/verus-cad/monotile/empty_certs/29150_9150665924607962316833.cnf
4724384095640162992161 3 3 3 0 /home/bepis/prog/verus-cad/monotile/empty_certs/29171_4724384095640162992161.cnf
1213944486924320235388961 3 3 3 0 /home/bepis/prog/verus-cad/monotile/empty_certs/29190_1213944486924320235388961.cnf
1214239634829499588214817 3 3 3 0 /home/bepis/prog/verus-cad/monotile/empty_certs/29191_1214239634829499588214817.cnf
1214831083561362900713505 3 3 3 0 /home/bepis/prog/verus-cad/monotile/empty_certs/29199_1214831083561362900713505.cnf
1216011675182080312016929 3 3 3 0 /home/bepis/prog/verus-cad/monotile/empty_certs/29200_1216011675182080312016929.cnf
2578412099686683604418593 3 3 3 0 /home/bepis/prog/verus-cad/monotile/empty_certs/29223_2578412099686683604418593.cnf
9445886468060931686433 3 3 3 0 /home/bepis/prog/verus-cad/monotile/empty_certs/29234_9445886468060931686433.cnf
1219553595303050153820193 3 3 3 0 /home/bepis/prog/verus-cad/monotile/empty_certs/29238_1219553595303050153820193.cnf
2427889263222508698730529 3 3 3 0 /home/bepis/prog/verus-cad/monotile/empty_certs/29239_2427889263222508698730529.cnf
2427594403547705497616417 3 3 3 0 /home/bepis/prog/verus-cad/monotile/empty_certs/29240_2427594403547705497616417.cnf
1220734188049667471966241 3 3 3 0 /home/bepis/prog/verus-cad/monotile/empty_certs/29245_1220734188049667471966241.cnf
2427594116443229252747297 3 3 3 0 /home/bepis/prog/verus-cad/monotile/empty_certs/29246_2427594116443229252747297.cnf
2427889552578784757284897 3 3 3 0 /home/bepis/prog/verus-cad/monotile/empty_certs/29247_2427889552578784757284897.cnf
1218370624655829584052257 3 3 3 0 /home/bepis/prog/verus-cad/monotile/empty_certs/29253_1218370624655829584052257.cnf
9447039407157724577825 3 3 3 0 /home/bepis/prog/verus-cad/monotile/empty_certs/29287_9447039407157724577825.cnf
2428478189956172869795873 3 3 3 0 /home/bepis/prog/verus-cad/monotile/empty_certs/29290_2428478189956172869795873.cnf
2429658853634484319027233 3 3 3 0 /home/bepis/prog/verus-cad/monotile/empty_certs/29291_2429658853634484319027233.cnf
1218962578934343254933537 3 3 3 0 /home/bepis/prog/verus-cad/monotile/empty_certs/29293_1218962578934343254933537.cnf
2429658782702790187941921 3 3 3 0 /home/bepis/prog/verus-cad/monotile/empty_certs/29297_2429658782702790187941921.cnf
2428478263139666814566433 3 3 3 0 /home/bepis/prog/verus-cad/monotile/empty_certs/29298_2428478263139666814566433.cnf
1218962291829867010064417 3 3 3 0 /home/bepis/prog/verus-cad/monotile/empty_certs/29299_1218962291829867010064417.cnf
1218373146689213097574433 3 3 3 0 /home/bepis/prog/verus-cad/monotile/empty_certs/29311_1218373146689213097574433.cnf
1218373434919589249286177 3 3 3 0 /home/bepis/prog/verus-cad/monotile/empty_certs/29314_1218373434919589249286177.cnf
9445818052049404952609 3 3 3 0 /home/bepis/prog/verus-cad/monotile/empty_certs/29340_9445818052049404952609.cnf
13871955765829128421409 3 3 3 0 /home/bepis/prog/verus-cad/monotile/empty_certs/29341_13871955765829128421409.cnf
1218370552862118336790561 3 3 3 0 /home/bepis/prog/verus-cad/monotile/empty_certs/29361_1218370552862118336790561.cnf
9446966751429361139745 3 3 3 0 /home/bepis/prog/verus-cad/monotile/empty_certs/29403_9446966751429361139745.cnf
13873032407615046680609 3 3 3 0 /home/bepis/prog/verus-cad/monotile/empty_certs/29405_13873032407615046680609.cnf
9447903500151854202913 3 3 3 0 /home/bepis/prog/verus-cad/monotile/empty_certs/29427_9447903500151854202913.cnf
1218666853407327319752737 3 3 3 0 /home/bepis/prog/verus-cad/monotile/empty_certs/29445_1218666853407327319752737.cnf
1520604606096195140452385 3 3 3 0 /home/bepis/prog/verus-cad/monotile/empty_certs/29787_1520604606096195140452385.cnf
1822836349230228585840673 3 3 3 0 /home/bepis/prog/verus-cad/monotile/empty_certs/29789_1822836349230228585840673.cnf
1822836065503452061499425 3 3 3 0 /home/bepis/prog/verus-cad/monotile/empty_certs/29808_1822836065503452061499425.cnf
1520604898830170919534625 3 3 3 0 /home/bepis/prog/verus-cad/monotile/empty_certs/29810_1520604898830170919534625.cnf
1208925891390748252700705 5 5 5 1 /home/bepis/prog/verus-cad/monotile/empty_certs/29948_1208925891390748252700705.cnf
2417851711005377427406881 3 3 3 0 /home/bepis/prog/verus-cad/monotile/empty_certs/29949_2417851711005377427406881.cnf
303412051309449325838369 3 3 3 0 /home/bepis/prog/verus-cad/monotile/empty_certs/29999_303412051309449325838369.cnf
606824097833824030818337 3 3 3 0 /home/bepis/prog/verus-cad/monotile/empty_certs/30000_606824097833824030818337.cnf
605643510716706246885409 3 3 3 0 /home/bepis/prog/verus-cad/monotile/empty_certs/30008_605643510716706246885409.cnf
304592647433766364512289 3 3 3 0 /home/bepis/prog/verus-cad/monotile/empty_certs/30009_304592647433766364512289.cnf
906694364992446874517537 3 3 3 0 /home/bepis/prog/verus-cad/monotile/empty_certs/30037_906694364992446874517537.cnf
1133644724603814921895969 3 3 3 0 /home/bepis/prog/verus-cad/monotile/empty_certs/30217_1133644724603814921895969.cnf
1209202588329729245315105 3 3 3 0 /home/bepis/prog/verus-cad/monotile/empty_certs/30218_1209202588329729245315105.cnf
2418128407944358420021281 3 3 3 0 /home/bepis/prog/verus-cad/monotile/empty_certs/30219_2418128407944358420021281.cnf
3597993296300716589089 3 3 3 0 /home/bepis/prog/verus-cad/monotile/empty_certs/30234_3597993296300716589089.cnf
1213724285690355025789249 3 3 3 0 /home/bepis/prog/verus-cad/monotile/empty_certs/30434_1213724285690355025789249.cnf
2422650105304984200495425 3 3 3 0 /home/bepis/prog/verus-cad/monotile/empty_certs/30435_2422650105304984200495425.cnf
3027777678865228412109121 3 3 3 0 /home/bepis/prog/verus-cad/monotile/empty_certs/30436_3027777678865228412109121.cnf
1213798077169974613524801 3 3 3 0 /home/bepis/prog/verus-cad/monotile/empty_certs/30438_1213798077169974613524801.cnf
2427335609824491501535553 3 3 3 0 /home/bepis/prog/verus-cad/monotile/empty_certs/30444_2427335609824491501535553.cnf
1522984107715999629328705 3 3 3 0 /home/bepis/prog/verus-cad/monotile/empty_certs/30445_1522984107715999629328705.cnf
2427317145065950563287361 3 3 3 0 /home/bepis/prog/verus-cad/monotile/empty_certs/30448_2427317145065950563287361.cnf
2724807768728197272715585 3 3 3 0 /home/bepis/prog/verus-cad/monotile/empty_certs/30451_2724807768728197272715585.cnf
1822835770500095036899649 3 3 3 0 /home/bepis/prog/verus-cad/monotile/empty_certs/30457_1822835770500095036899649.cnf
1133370264001126835700033 3 3 3 0 /home/bepis/prog/verus-cad/monotile/empty_certs/30461_1133370264001126835700033.cnf
1213798071540745662202177 3 3 3 0 /home/bepis/prog/verus-cad/monotile/empty_certs/30468_1213798071540745662202177.cnf
1213724289067775573524801 3 3 3 0 /home/bepis/prog/verus-cad/monotile/empty_certs/30473_1213724289067775573524801.cnf
2427317161954513590190401 3 3 3 0 /home/bepis/prog/verus-cad/monotile/empty_certs/30479_2427317161954513590190401.cnf
2427335590684120071045441 3 3 3 0 /home/bepis/prog/verus-cad/monotile/empty_certs/30483_2427335590684120071045441.cnf
1216011748391831557144897 3 3 3 0 /home/bepis/prog/verus-cad/monotile/empty_certs/30484_1216011748391831557144897.cnf
1214831228824310138306881 3 3 3 0 /home/bepis/prog/verus-cad/monotile/empty_certs/30487_1214831228824310138306881.cnf
2427594403549636106158401 3 3 3 0 /home/bepis/prog/verus-cad/monotile/empty_certs/30491_2427594403549636106158401.cnf
2427889263223339799839041 3 3 3 0 /home/bepis/prog/verus-cad/monotile/empty_certs/30494_2427889263223339799839041.cnf
1214239639351105882751297 3 3 3 0 /home/bepis/prog/verus-cad/monotile/empty_certs/30517_1214239639351105882751297.cnf
2423755754776093763109185 3 3 3 0 /home/bepis/prog/verus-cad/monotile/empty_certs/30518_2423755754776093763109185.cnf
2424936346396811174412609 3 3 3 0 /home/bepis/prog/verus-cad/monotile/empty_certs/30519_2424936346396811174412609.cnf
2423166611887239664304449 3 3 3 0 /home/bepis/prog/verus-cad/monotile/empty_certs/30524_2423166611887239664304449.cnf
8264145866765629456705 3 3 3 0 /home/bepis/prog/verus-cad/monotile/empty_certs/30531_8264145866765629456705.cnf
3027038653928967019561281 4 4 4 1 /home/bepis/prog/verus-cad/monotile/empty_certs/30535_3027038653928967019561281.cnf
2724806910793834066739521 3 3 3 0 /home/bepis/prog/verus-cad/monotile/empty_certs/30538_2724806910793834066739521.cnf
2724808063715338673586497 3 3 3 0 /home/bepis/prog/verus-cad/monotile/empty_certs/30539_2724808063715338673586497.cnf
1213944495949251279454529 3 3 3 0 /home/bepis/prog/verus-cad/monotile/empty_certs/30541_1213944495949251279454529.cnf
2423755759279418512638273 3 3 3 0 /home/bepis/prog/verus-cad/monotile/empty_certs/30543_2423755759279418512638273.cnf
2424936350900135923941697 3 3 3 0 /home/bepis/prog/verus-cad/monotile/empty_certs/30544_2424936350900135923941697.cnf
2422871468485385061007681 3 3 3 0 /home/bepis/prog/verus-cad/monotile/empty_certs/30548_2422871468485385061007681.cnf
1214831092586293944779073 3 3 3 0 /home/bepis/prog/verus-cad/monotile/empty_certs/30550_1214831092586293944779073.cnf
1216011684207011356082497 3 3 3 0 /home/bepis/prog/verus-cad/monotile/empty_certs/30551_1216011684207011356082497.cnf
5607819223476203553089 3 3 3 0 /home/bepis/prog/verus-cad/monotile/empty_certs/30556_5607819223476203553089.cnf
8264150370090378985793 3 3 3 0 /home/bepis/prog/verus-cad/monotile/empty_certs/30559_8264150370090378985793.cnf
1520603268518449322918209 3 3 3 0 /home/bepis/prog/verus-cad/monotile/empty_certs/30565_1520603268518449322918209.cnf
1218666889453581250068801 3 3 3 0 /home/bepis/prog/verus-cad/monotile/empty_certs/30568_1218666889453581250068801.cnf
1218962037358760602894657 3 3 3 0 /home/bepis/prog/verus-cad/monotile/empty_certs/30569_1218962037358760602894657.cnf
2428478152783748483252545 3 3 3 0 /home/bepis/prog/verus-cad/monotile/empty_certs/30570_2428478152783748483252545.cnf
2429658744404465894555969 3 3 3 0 /home/bepis/prog/verus-cad/monotile/empty_certs/30571_2429658744404465894555969.cnf
2427593861989715031621953 3 3 3 0 /home/bepis/prog/verus-cad/monotile/empty_certs/30575_2427593861989715031621953.cnf
2427889009894894384447809 3 3 3 0 /home/bepis/prog/verus-cad/monotile/empty_certs/30576_2427889009894894384447809.cnf
1219553486090623915393345 3 3 3 0 /home/bepis/prog/verus-cad/monotile/empty_certs/30577_1219553486090623915393345.cnf
1220734077711341326696769 3 3 3 0 /home/bepis/prog/verus-cad/monotile/empty_certs/30578_1220734077711341326696769.cnf
13871987589958408077633 3 3 3 0 /home/bepis/prog/verus-cad/monotile/empty_certs/30582_13871987589958408077633.cnf
1822834705407639387898177 3 3 3 0 /home/bepis/prog/verus-cad/monotile/empty_certs/30592_1822834705407639387898177.cnf
1218666871439114021372225 3 3 3 0 /home/bepis/prog/verus-cad/monotile/empty_certs/30595_1218666871439114021372225.cnf
1218962019344293374198081 3 3 3 0 /home/bepis/prog/verus-cad/monotile/empty_certs/30596_1218962019344293374198081.cnf
2428478134769281254555969 3 3 3 0 /home/bepis/prog/verus-cad/monotile/empty_certs/30597_2428478134769281254555969.cnf
2429658726389998665859393 3 3 3 0 /home/bepis/prog/verus-cad/monotile/empty_certs/30598_2429658726389998665859393.cnf
2427593843975247802925377 3 3 3 0 /home/bepis/prog/verus-cad/monotile/empty_certs/30602_2427593843975247802925377.cnf
2427888991880427155751233 3 3 3 0 /home/bepis/prog/verus-cad/monotile/empty_certs/30603_2427888991880427155751233.cnf
1219553468076156686696769 3 3 3 0 /home/bepis/prog/verus-cad/monotile/empty_certs/30604_1219553468076156686696769.cnf
13871969575491179381057 3 3 3 0 /home/bepis/prog/verus-cad/monotile/empty_certs/30609_13871969575491179381057.cnf
1213686304591135344951617 3 3 3 0 /home/bepis/prog/verus-cad/monotile/empty_certs/30620_1213686304591135344951617.cnf
1218445564562152409268545 3 3 3 0 /home/bepis/prog/verus-cad/monotile/empty_certs/30621_1218445564562152409268545.cnf
1218519351538447247475009 3 3 3 0 /home/bepis/prog/verus-cad/monotile/empty_certs/30622_1218519351538447247475009.cnf
1213724351000787370901825 3 3 3 0 /home/bepis/prog/verus-cad/monotile/empty_certs/30628_1213724351000787370901825.cnf
1213798137977082209108289 3 3 3 0 /home/bepis/prog/verus-cad/monotile/empty_certs/30629_1213798137977082209108289.cnf
1209147252627498188407105 3 3 3 0 /home/bepis/prog/verus-cad/monotile/empty_certs/30637_1209147252627498188407105.cnf
1213667929900257627865409 3 3 3 0 /home/bepis/prog/verus-cad/monotile/empty_certs/30643_1213667929900257627865409.cnf
1213686376644331337417025 3 3 3 0 /home/bepis/prog/verus-cad/monotile/empty_certs/30644_1213686376644331337417025.cnf
1218445636615348401733953 3 3 3 0 /home/bepis/prog/verus-cad/monotile/empty_certs/30645_1218445636615348401733953.cnf
1218409896048705589477697 3 3 3 0 /home/bepis/prog/verus-cad/monotile/empty_certs/30651_1218409896048705589477697.cnf
1208981303984030794907969 3 3 3 0 /home/bepis/prog/verus-cad/monotile/empty_certs/30655_1208981303984030794907969.cnf
2422594181858252008980801 3 3 3 0 /home/bepis/prog/verus-cad/monotile/empty_certs/30662_2422594181858252008980801.cnf
2422612628602325718532417 3 3 3 0 /home/bepis/prog/verus-cad/monotile/empty_certs/30663_2422612628602325718532417.cnf
2427371888573342782849345 3 3 3 0 /home/bepis/prog/verus-cad/monotile/empty_certs/30664_2427371888573342782849345.cnf
2427445675549637621055809 3 3 3 0 /home/bepis/prog/verus-cad/monotile/empty_certs/30665_2427445675549637621055809.cnf
2427317701262626261041473 3 3 3 0 /home/bepis/prog/verus-cad/monotile/empty_certs/30669_2427317701262626261041473.cnf
2427336148006699970593089 3 3 3 0 /home/bepis/prog/verus-cad/monotile/empty_certs/30670_2427336148006699970593089.cnf
2422650675011977744482625 3 3 3 0 /home/bepis/prog/verus-cad/monotile/empty_certs/30671_2422650675011977744482625.cnf
2418128916870909690642753 3 3 3 0 /home/bepis/prog/verus-cad/monotile/empty_certs/30676_2418128916870909690642753.cnf
2422593893626776349835585 3 3 3 0 /home/bepis/prog/verus-cad/monotile/empty_certs/30686_2422593893626776349835585.cnf
2422612340370850059387201 3 3 3 0 /home/bepis/prog/verus-cad/monotile/empty_certs/30687_2422612340370850059387201.cnf
2427371600341867123704129 3 3 3 0 /home/bepis/prog/verus-cad/monotile/empty_certs/30688_2427371600341867123704129.cnf
2427445387318161961910593 3 3 3 0 /home/bepis/prog/verus-cad/monotile/empty_certs/30689_2427445387318161961910593.cnf
2427317413031150601896257 3 3 3 0 /home/bepis/prog/verus-cad/monotile/empty_certs/30693_2427317413031150601896257.cnf
2427335859775224311447873 3 3 3 0 /home/bepis/prog/verus-cad/monotile/empty_certs/30694_2427335859775224311447873.cnf
2422650386780502085337409 3 3 3 0 /home/bepis/prog/verus-cad/monotile/empty_certs/30695_2422650386780502085337409.cnf
2422724173756796923543873 3 3 3 0 /home/bepis/prog/verus-cad/monotile/empty_certs/30696_2422724173756796923543873.cnf
2418128628639434031497537 3 3 3 0 /home/bepis/prog/verus-cad/monotile/empty_certs/30700_2418128628639434031497537.cnf
2726005651919675383087425 3 3 3 0 /home/bepis/prog/verus-cad/monotile/empty_certs/30712_2726005651919675383087425.cnf
3029417698444050088067393 3 3 3 0 /home/bepis/prog/verus-cad/monotile/empty_certs/30713_3029417698444050088067393.cnf
3028255553567406386315585 3 3 3 0 /home/bepis/prog/verus-cad/monotile/empty_certs/30717_3028255553567406386315585.cnf
2727204690284466503942465 3 3 3 0 /home/bepis/prog/verus-cad/monotile/empty_certs/30718_2727204690284466503942465.cnf
1520972095304598923772225 3 3 3 0 /home/bepis/prog/verus-cad/monotile/empty_certs/30722_1520972095304598923772225.cnf
1823498698113435570274625 3 3 3 0 /home/bepis/prog/verus-cad/monotile/empty_certs/30723_1823498698113435570274625.cnf
1823277337184551055655233 3 3 3 0 /home/bepis/prog/verus-cad/monotile/empty_certs/30727_1823277337184551055655233.cnf
1521341030186073114804545 3 3 3 0 /home/bepis/prog/verus-cad/monotile/empty_certs/30728_1521341030186073114804545.cnf
151116880390927620768065 3 3 3 0 /home/bepis/prog/verus-cad/monotile/empty_certs/30757_151116880390927620768065.cnf
906695517650070854959425 3 3 3 0 /home/bepis/prog/verus-cad/monotile/empty_certs/30759_906695517650070854959425.cnf
1521821798453494169993537 3 3 3 0 /home/bepis/prog/verus-cad/monotile/empty_certs/30769_1521821798453494169993537.cnf
1825233844977868874973505 3 3 3 0 /home/bepis/prog/verus-cad/monotile/empty_certs/30770_1825233844977868874973505.cnf
2725471849263042412937537 3 3 3 0 /home/bepis/prog/verus-cad/monotile/empty_certs/30775_2725471849263042412937537.cnf
1209202520793329185063233 3 3 3 0 /home/bepis/prog/verus-cad/monotile/empty_certs/30820_1209202520793329185063233.cnf
9149585078154304684353 3 3 3 0 /home/bepis/prog/verus-cad/monotile/empty_certs/30881_9149585078154304684353.cnf
1213798071540474005570113 3 3 3 0 /home/bepis/prog/verus-cad/monotile/empty_certs/30941_1213798071540474005570113.cnf
2422723891155103180276289 3 3 3 0 /home/bepis/prog/verus-cad/monotile/empty_certs/30942_2422723891155103180276289.cnf
1218409771069562836763201 3 3 3 0 /home/bepis/prog/verus-cad/monotile/empty_certs/30945_1218409771069562836763201.cnf
2427335590684192011469377 3 3 3 0 /home/bepis/prog/verus-cad/monotile/empty_certs/30946_2427335590684192011469377.cnf
1824034987891835086062145 3 3 3 0 /home/bepis/prog/verus-cad/monotile/empty_certs/30947_1824034987891835086062145.cnf
2427317161954448092185153 4 4 4 1 /home/bepis/prog/verus-cad/monotile/empty_certs/30950_2427317161954448092185153.cnf
1214831228828711404978753 3 3 3 0 /home/bepis/prog/verus-cad/monotile/empty_certs/30951_1214831228828711404978753.cnf
2423166896741572883268161 3 3 3 0 /home/bepis/prog/verus-cad/monotile/empty_certs/30954_2423166896741572883268161.cnf
2427889263224442528481857 3 3 3 0 /home/bepis/prog/verus-cad/monotile/empty_certs/30955_2427889263224442528481857.cnf
2427594403548539819934273 3 3 3 0 /home/bepis/prog/verus-cad/monotile/empty_certs/30958_2427594403548539819934273.cnf
2724807767602296292131393 3 3 3 0 /home/bepis/prog/verus-cad/monotile/empty_certs/30962_2724807767602296292131393.cnf
3027039222505953585807937 3 3 3 0 /home/bepis/prog/verus-cad/monotile/empty_certs/30963_3027039222505953585807937.cnf
1520604314470536762638913 3 3 3 0 /home/bepis/prog/verus-cad/monotile/empty_certs/30967_1520604314470536762638913.cnf
2725472432480571776729665 3 3 3 0 /home/bepis/prog/verus-cad/monotile/empty_certs/30980_2725472432480571776729665.cnf
1213724285690074779255361 3 3 3 0 /home/bepis/prog/verus-cad/monotile/empty_certs/30982_1213724285690074779255361.cnf
1218409790209788238922305 3 3 3 0 /home/bepis/prog/verus-cad/monotile/empty_certs/30985_1218409790209788238922305.cnf
2427335609824417413628481 3 3 3 0 /home/bepis/prog/verus-cad/monotile/empty_certs/30986_2427335609824417413628481.cnf
1822835770500089668207169 3 3 3 0 /home/bepis/prog/verus-cad/monotile/empty_certs/30995_1822835770500089668207169.cnf
75560171838320939139649 3 3 3 0 /home/bepis/prog/verus-cad/monotile/empty_certs/30997_75560171838320939139649.cnf
906696672823378496750145 3 3 3 0 /home/bepis/prog/verus-cad/monotile/empty_certs/31002_906696672823378496750145.cnf
1214239639350829931168321 3 3 3 0 /home/bepis/prog/verus-cad/monotile/empty_certs/31005_1214239639350829931168321.cnf
2424936346396535222829633 3 3 3 0 /home/bepis/prog/verus-cad/monotile/empty_certs/31007_2424936346396535222829633.cnf
1218666871439181666845249 3 3 3 0 /home/bepis/prog/verus-cad/monotile/empty_certs/31023_1218666871439181666845249.cnf
1218962019344361019671105 3 3 3 0 /home/bepis/prog/verus-cad/monotile/empty_certs/31024_1218962019344361019671105.cnf
2428478134769348900028993 3 3 3 0 /home/bepis/prog/verus-cad/monotile/empty_certs/31025_2428478134769348900028993.cnf
2429658726390066311332417 3 3 3 0 /home/bepis/prog/verus-cad/monotile/empty_certs/31026_2429658726390066311332417.cnf
2427593843975315448398401 3 3 3 0 /home/bepis/prog/verus-cad/monotile/empty_certs/31030_2427593843975315448398401.cnf
2427888991880494801224257 3 3 3 0 /home/bepis/prog/verus-cad/monotile/empty_certs/31031_2427888991880494801224257.cnf
1219553468076224332169793 3 3 3 0 /home/bepis/prog/verus-cad/monotile/empty_certs/31032_1219553468076224332169793.cnf
1220734059696941743473217 3 3 3 0 /home/bepis/prog/verus-cad/monotile/empty_certs/31033_1220734059696941743473217.cnf
13871969575558824854081 3 3 3 0 /home/bepis/prog/verus-cad/monotile/empty_certs/31037_13871969575558824854081.cnf
1218666889453511457112641 3 3 3 0 /home/bepis/prog/verus-cad/monotile/empty_certs/31047_1218666889453511457112641.cnf
1218962037358690809938497 3 3 3 0 /home/bepis/prog/verus-cad/monotile/empty_certs/31048_1218962037358690809938497.cnf
2428478152783678690296385 3 3 3 0 /home/bepis/prog/verus-cad/monotile/empty_certs/31049_2428478152783678690296385.cnf
2429658744404396101599809 3 3 3 0 /home/bepis/prog/verus-cad/monotile/empty_certs/31050_2429658744404396101599809.cnf
2427593861989645238665793 3 3 3 0 /home/bepis/prog/verus-cad/monotile/empty_certs/31054_2427593861989645238665793.cnf
2427889009894824591491649 3 3 3 0 /home/bepis/prog/verus-cad/monotile/empty_certs/31055_2427889009894824591491649.cnf
1220734077711271533740609 3 3 3 0 /home/bepis/prog/verus-cad/monotile/empty_certs/31057_1220734077711271533740609.cnf
13871987589888615121473 3 3 3 0 /home/bepis/prog/verus-cad/monotile/empty_certs/31061_13871987589888615121473.cnf
1213667929904654599586369 3 3 3 0 /home/bepis/prog/verus-cad/monotile/empty_certs/31071_1213667929904654599586369.cnf
1213686376648728309137985 3 3 3 0 /home/bepis/prog/verus-cad/monotile/empty_certs/31072_1213686376648728309137985.cnf
1218445636619745373454913 3 3 3 0 /home/bepis/prog/verus-cad/monotile/empty_certs/31073_1218445636619745373454913.cnf
1218519423596040211661377 3 3 3 0 /home/bepis/prog/verus-cad/monotile/empty_certs/31074_1218519423596040211661377.cnf
1218409896053102561198657 3 3 3 0 /home/bepis/prog/verus-cad/monotile/empty_certs/31079_1218409896053102561198657.cnf
1209202664917312281248321 3 3 3 0 /home/bepis/prog/verus-cad/monotile/empty_certs/31082_1209202664917312281248321.cnf
2422593893627874783527489 3 3 3 0 /home/bepis/prog/verus-cad/monotile/empty_certs/31090_2422593893627874783527489.cnf
2422612340371948493079105 3 3 3 0 /home/bepis/prog/verus-cad/monotile/empty_certs/31091_2422612340371948493079105.cnf
2427371600342965557396033 3 3 3 0 /home/bepis/prog/verus-cad/monotile/empty_certs/31092_2427371600342965557396033.cnf
2427445387319260395602497 3 3 3 0 /home/bepis/prog/verus-cad/monotile/empty_certs/31093_2427445387319260395602497.cnf
2427317413032249035588161 3 3 3 0 /home/bepis/prog/verus-cad/monotile/empty_certs/31097_2427317413032249035588161.cnf
2427335859776322745139777 3 3 3 0 /home/bepis/prog/verus-cad/monotile/empty_certs/31098_2427335859776322745139777.cnf
2422650386781600519029313 3 3 3 0 /home/bepis/prog/verus-cad/monotile/empty_certs/31099_2422650386781600519029313.cnf
2422724173757895357235777 3 3 3 0 /home/bepis/prog/verus-cad/monotile/empty_certs/31100_2422724173757895357235777.cnf
2418128628640532465189441 3 3 3 0 /home/bepis/prog/verus-cad/monotile/empty_certs/31104_2418128628640532465189441.cnf
2422594181857151427805761 3 3 3 0 /home/bepis/prog/verus-cad/monotile/empty_certs/31114_2422594181857151427805761.cnf
2422612628601225137357377 3 3 3 0 /home/bepis/prog/verus-cad/monotile/empty_certs/31115_2422612628601225137357377.cnf
2427371888572242201674305 3 3 3 0 /home/bepis/prog/verus-cad/monotile/empty_certs/31116_2427371888572242201674305.cnf
2427445675548537039880769 3 3 3 0 /home/bepis/prog/verus-cad/monotile/empty_certs/31117_2427445675548537039880769.cnf
2427317701261525679866433 3 3 3 0 /home/bepis/prog/verus-cad/monotile/empty_certs/31121_2427317701261525679866433.cnf
2427336148005599389418049 3 3 3 0 /home/bepis/prog/verus-cad/monotile/empty_certs/31122_2427336148005599389418049.cnf
2422724461987172001514049 3 3 3 0 /home/bepis/prog/verus-cad/monotile/empty_certs/31124_2422724461987172001514049.cnf
2418128916869809109467713 3 3 3 0 /home/bepis/prog/verus-cad/monotile/empty_certs/31128_2418128916869809109467713.cnf
2726005651919674309345857 3 3 3 0 /home/bepis/prog/verus-cad/monotile/empty_certs/31140_2726005651919674309345857.cnf
3029417698444049014325825 3 3 3 0 /home/bepis/prog/verus-cad/monotile/empty_certs/31141_3029417698444049014325825.cnf
3028255553567405312574017 3 3 3 0 /home/bepis/prog/verus-cad/monotile/empty_certs/31145_3028255553567405312574017.cnf
2727204690284465430200897 3 3 3 0 /home/bepis/prog/verus-cad/monotile/empty_certs/31146_2727204690284465430200897.cnf
1520972095304597850030657 3 3 3 0 /home/bepis/prog/verus-cad/monotile/empty_certs/31150_1520972095304597850030657.cnf
1823498698113434496533057 3 3 3 0 /home/bepis/prog/verus-cad/monotile/empty_certs/31151_1823498698113434496533057.cnf
1823277337184549981913665 3 3 3 0 /home/bepis/prog/verus-cad/monotile/empty_certs/31155_1823277337184549981913665.cnf
1521341030186072041062977 3 3 3 0 /home/bepis/prog/verus-cad/monotile/empty_certs/31156_1521341030186072041062977.cnf
1213944486941776072933953 3 3 3 0 /home/bepis/prog/verus-cad/monotile/empty_certs/31160_1213944486941776072933953.cnf
151116880390926547026497 3 3 3 0 /home/bepis/prog/verus-cad/monotile/empty_certs/31185_151116880390926547026497.cnf
906695517650069781217857 3 3 3 0 /home/bepis/prog/verus-cad/monotile/empty_certs/31187_906695517650069781217857.cnf
1521821798453493096251969 3 3 3 0 /home/bepis/prog/verus-cad/monotile/empty_certs/31196_1521821798453493096251969.cnf
1825233844977867801231937 3 3 3 0 /home/bepis/prog/verus-cad/monotile/empty_certs/31197_1825233844977867801231937.cnf
3027777091142993471078977 3 3 3 0 /home/bepis/prog/verus-cad/monotile/empty_certs/31206_3027777091142993471078977.cnf
1216011675199536149561921 3 3 3 0 /home/bepis/prog/verus-cad/monotile/empty_certs/31219_1216011675199536149561921.cnf
9149585078153230942785 3 3 3 0 /home/bepis/prog/verus-cad/monotile/empty_certs/31307_9149585078153230942785.cnf
1218666862449574061278273 3 3 3 0 /home/bepis/prog/verus-cad/monotile/empty_certs/31365_1218666862449574061278273.cnf
1218962010354753414104129 3 3 3 0 /home/bepis/prog/verus-cad/monotile/empty_certs/31366_1218962010354753414104129.cnf
2428478125779741294462017 3 3 3 0 /home/bepis/prog/verus-cad/monotile/empty_certs/31367_2428478125779741294462017.cnf
2429658717400458705765441 3 3 3 0 /home/bepis/prog/verus-cad/monotile/empty_certs/31368_2429658717400458705765441.cnf
9447047851270140593217 3 3 3 0 /home/bepis/prog/verus-cad/monotile/empty_certs/31374_9447047851270140593217.cnf
13871960585951219287105 3 3 3 0 /home/bepis/prog/verus-cad/monotile/empty_certs/31376_13871960585951219287105.cnf
1218962005851085067519041 3 3 3 0 /home/bepis/prog/verus-cad/monotile/empty_certs/31385_1218962005851085067519041.cnf
2428478121276072947876929 3 3 3 0 /home/bepis/prog/verus-cad/monotile/empty_certs/31386_2428478121276072947876929.cnf
2429658712896790359180353 3 3 3 0 /home/bepis/prog/verus-cad/monotile/empty_certs/31387_2429658712896790359180353.cnf
1219553454582948380017729 3 3 3 0 /home/bepis/prog/verus-cad/monotile/empty_certs/31393_1219553454582948380017729.cnf
1220734046203665791321153 3 3 3 0 /home/bepis/prog/verus-cad/monotile/empty_certs/31394_1220734046203665791321153.cnf
12986512366744814224449 3 3 3 0 /home/bepis/prog/verus-cad/monotile/empty_certs/31402_12986512366744814224449.cnf
2422612196274352066397249 3 3 3 0 /home/bepis/prog/verus-cad/monotile/empty_certs/31409_2422612196274352066397249.cnf
2427371456245369130714177 3 3 3 0 /home/bepis/prog/verus-cad/monotile/empty_certs/31410_2427371456245369130714177.cnf
2427445243221663968920641 3 3 3 0 /home/bepis/prog/verus-cad/monotile/empty_certs/31411_2427445243221663968920641.cnf
2422650242684004092347457 3 3 3 0 /home/bepis/prog/verus-cad/monotile/empty_certs/31417_2422650242684004092347457.cnf
2422724029660298930553921 3 3 3 0 /home/bepis/prog/verus-cad/monotile/empty_certs/31418_2422724029660298930553921.cnf
2418073144310714909852737 3 3 3 0 /home/bepis/prog/verus-cad/monotile/empty_certs/31426_2418073144310714909852737.cnf
2422612124215658521035841 3 3 3 0 /home/bepis/prog/verus-cad/monotile/empty_certs/31433_2422612124215658521035841.cnf
2427445171162970423559233 3 3 3 0 /home/bepis/prog/verus-cad/monotile/empty_certs/31435_2427445171162970423559233.cnf
2417854017166146063565889 3 3 3 0 /home/bepis/prog/verus-cad/monotile/empty_certs/31442_2417854017166146063565889.cnf
1213667785798262078833729 3 3 3 0 /home/bepis/prog/verus-cad/monotile/empty_certs/31456_1213667785798262078833729.cnf
3028255553584996961748033 3 3 3 0 /home/bepis/prog/verus-cad/monotile/empty_certs/31458_3028255553584996961748033.cnf
1213686232542335788385345 3 3 3 0 /home/bepis/prog/verus-cad/monotile/empty_certs/31461_1213686232542335788385345.cnf
1520972095322189499204673 3 3 3 0 /home/bepis/prog/verus-cad/monotile/empty_certs/31463_1520972095322189499204673.cnf
1521341030203663690236993 3 3 3 0 /home/bepis/prog/verus-cad/monotile/empty_certs/31469_1521341030203663690236993.cnf
1213944486959367722107969 3 3 3 0 /home/bepis/prog/verus-cad/monotile/empty_certs/31473_1213944486959367722107969.cnf
1214239634864547074933825 3 3 3 0 /home/bepis/prog/verus-cad/monotile/empty_certs/31476_1214239634864547074933825.cnf
2424936341910252366595137 3 3 3 0 /home/bepis/prog/verus-cad/monotile/empty_certs/31482_2424936341910252366595137.cnf
75559016682603872781377 3 3 3 0 /home/bepis/prog/verus-cad/monotile/empty_certs/31495_75559016682603872781377.cnf
906695517667661430391873 3 3 3 0 /home/bepis/prog/verus-cad/monotile/empty_certs/31500_906695517667661430391873.cnf
1824034806630668329550913 3 3 3 0 /home/bepis/prog/verus-cad/monotile/empty_certs/31505_1824034806630668329550913.cnf
1825233844995459450405953 3 3 3 0 /home/bepis/prog/verus-cad/monotile/empty_certs/31509_1825233844995459450405953.cnf
3027408156279110929220673 3 3 3 0 /home/bepis/prog/verus-cad/monotile/empty_certs/31513_3027408156279110929220673.cnf
1213724278951987814335553 3 3 3 0 /home/bepis/prog/verus-cad/monotile/empty_certs/31515_1213724278951987814335553.cnf
3027777091160585120252993 3 3 3 0 /home/bepis/prog/verus-cad/monotile/empty_certs/31517_3027777091160585120252993.cnf
1213798065928282652542017 3 3 3 0 /home/bepis/prog/verus-cad/monotile/empty_certs/31519_1213798065928282652542017.cnf
1214831083596410387432513 3 3 3 0 /home/bepis/prog/verus-cad/monotile/empty_certs/31527_1214831083596410387432513.cnf
1216011675217127798735937 3 3 3 0 /home/bepis/prog/verus-cad/monotile/empty_certs/31530_1216011675217127798735937.cnf
2724807766493979444511809 3 3 3 0 /home/bepis/prog/verus-cad/monotile/empty_certs/31534_2724807766493979444511809.cnf
1520604313362219915019329 3 3 3 0 /home/bepis/prog/verus-cad/monotile/empty_certs/31539_1520604313362219915019329.cnf
75560169604108479628353 3 3 3 0 /home/bepis/prog/verus-cad/monotile/empty_certs/31543_75560169604108479628353.cnf
906696670589166037238849 3 3 3 0 /home/bepis/prog/verus-cad/monotile/empty_certs/31548_906696670589166037238849.cnf
4703919773980878177345 3 3 3 0 /home/bepis/prog/verus-cad/monotile/empty_certs/31555_4703919773980878177345.cnf
1133644657085005437076545 3 3 3 0 /home/bepis/prog/verus-cad/monotile/empty_certs/31556_1133644657085005437076545.cnf
1209202520810919760495681 3 3 3 0 /home/bepis/prog/verus-cad/monotile/empty_certs/31557_1209202520810919760495681.cnf
9149585095744880116801 3 3 3 0 /home/bepis/prog/verus-cad/monotile/empty_certs/31618_9149585095744880116801.cnf
1137795174501590086190145 3 3 3 0 /home/bepis/prog/verus-cad/monotile/empty_certs/31620_1137795174501590086190145.cnf
1218666862449505073629249 3 3 3 0 /home/bepis/prog/verus-cad/monotile/empty_certs/31676_1218666862449505073629249.cnf
1218962010354684426455105 3 3 3 0 /home/bepis/prog/verus-cad/monotile/empty_certs/31677_1218962010354684426455105.cnf
2428478125779672306812993 3 3 3 0 /home/bepis/prog/verus-cad/monotile/empty_certs/31678_2428478125779672306812993.cnf
9447047851201152944193 3 3 3 0 /home/bepis/prog/verus-cad/monotile/empty_certs/31685_9447047851201152944193.cnf
10330185723729997727809 3 3 3 0 /home/bepis/prog/verus-cad/monotile/empty_certs/31688_10330185723729997727809.cnf
2422612124216757760034881 3 3 3 0 /home/bepis/prog/verus-cad/monotile/empty_certs/31696_2422612124216757760034881.cnf
2427371384187774824351809 3 3 3 0 /home/bepis/prog/verus-cad/monotile/empty_certs/31697_2427371384187774824351809.cnf
2427445171164069662558273 3 3 3 0 /home/bepis/prog/verus-cad/monotile/empty_certs/31698_2427445171164069662558273.cnf
2417854017167245302564929 3 3 3 0 /home/bepis/prog/verus-cad/monotile/empty_certs/31705_2417854017167245302564929.cnf
2418073072253120603490369 3 3 3 0 /home/bepis/prog/verus-cad/monotile/empty_certs/31710_2418073072253120603490369.cnf
1213667785798261810399297 3 3 3 0 /home/bepis/prog/verus-cad/monotile/empty_certs/31718_1213667785798261810399297.cnf
3028255553584996693313601 3 3 3 0 /home/bepis/prog/verus-cad/monotile/empty_certs/31720_3028255553584996693313601.cnf
2727204690302056810940481 3 3 3 0 /home/bepis/prog/verus-cad/monotile/empty_certs/31721_2727204690302056810940481.cnf
1213686232542335519950913 3 3 3 0 /home/bepis/prog/verus-cad/monotile/empty_certs/31723_1213686232542335519950913.cnf
1823498698131025877272641 3 3 3 0 /home/bepis/prog/verus-cad/monotile/empty_certs/31725_1823498698131025877272641.cnf
1823277337202141362653249 3 3 3 0 /home/bepis/prog/verus-cad/monotile/empty_certs/31729_1823277337202141362653249.cnf
1521341030203663421802561 3 3 3 0 /home/bepis/prog/verus-cad/monotile/empty_certs/31730_1521341030203663421802561.cnf
1213944486959367453673537 3 3 3 0 /home/bepis/prog/verus-cad/monotile/empty_certs/31734_1213944486959367453673537.cnf
1214239634864546806499393 3 3 3 0 /home/bepis/prog/verus-cad/monotile/empty_certs/31737_1214239634864546806499393.cnf
2429658708393121743374401 3 3 3 0 /home/bepis/prog/verus-cad/monotile/empty_certs/31744_2429658708393121743374401.cnf
1133369108845404132214849 3 3 3 0 /home/bepis/prog/verus-cad/monotile/empty_certs/31758_1133369108845404132214849.cnf
1824034806630668061116481 3 3 3 0 /home/bepis/prog/verus-cad/monotile/empty_certs/31766_1824034806630668061116481.cnf
1825233844995459181971521 3 3 3 0 /home/bepis/prog/verus-cad/monotile/empty_certs/31770_1825233844995459181971521.cnf
3027408156279110660786241 3 3 3 0 /home/bepis/prog/verus-cad/monotile/empty_certs/31774_3027408156279110660786241.cnf
1213724278951987545901121 3 3 3 0 /home/bepis/prog/verus-cad/monotile/empty_certs/31776_1213724278951987545901121.cnf
3027777091160584851818561 3 3 3 0 /home/bepis/prog/verus-cad/monotile/empty_certs/31778_3027777091160584851818561.cnf
1213798065928282384107585 3 3 3 0 /home/bepis/prog/verus-cad/monotile/empty_certs/31780_1213798065928282384107585.cnf
1214831083596410118998081 3 3 3 0 /home/bepis/prog/verus-cad/monotile/empty_certs/31788_1214831083596410118998081.cnf
1216011675217127530301505 3 3 3 0 /home/bepis/prog/verus-cad/monotile/empty_certs/31791_1216011675217127530301505.cnf
2724807766493979176077377 3 3 3 0 /home/bepis/prog/verus-cad/monotile/empty_certs/31795_2724807766493979176077377.cnf
1520604313362219646584897 3 3 3 0 /home/bepis/prog/verus-cad/monotile/empty_certs/31800_1520604313362219646584897.cnf
75560169604108211193921 3 3 3 0 /home/bepis/prog/verus-cad/monotile/empty_certs/31804_75560169604108211193921.cnf
906696670589165768804417 3 3 3 0 /home/bepis/prog/verus-cad/monotile/empty_certs/31809_906696670589165768804417.cnf
4703919773980609742913 3 3 3 0 /home/bepis/prog/verus-cad/monotile/empty_certs/31816_4703919773980609742913.cnf
1133644657085005168642113 3 3 3 0 /home/bepis/prog/verus-cad/monotile/empty_certs/31817_1133644657085005168642113.cnf
1209202520810919492061249 3 3 3 0 /home/bepis/prog/verus-cad/monotile/empty_certs/31818_1209202520810919492061249.cnf
9149585095744611682369 3 3 3 0 /home/bepis/prog/verus-cad/monotile/empty_certs/31879_9149585095744611682369.cnf
13871951578614256896065 3 3 3 0 /home/bepis/prog/verus-cad/monotile/empty_certs/31880_13871951578614256896065.cnf
1137795174501589817755713 3 3 3 0 /home/bepis/prog/verus-cad/monotile/empty_certs/31881_1137795174501589817755713.cnf
3027777385002868083261505 3 3 3 0 /home/bepis/prog/verus-cad/monotile/empty_certs/31939_3027777385002868083261505.cnf
1133370262875216191422529 3 3 3 0 /home/bepis/prog/verus-cad/monotile/empty_certs/31980_1133370262875216191422529.cnf
75557867948039007633473 3 3 3 0 /home/bepis/prog/verus-cad/monotile/empty_certs/32482_75557867948039007633473.cnf
906694368933096565243969 3 3 3 0 /home/bepis/prog/verus-cad/monotile/empty_certs/32487_906694368933096565243969.cnf
910236153928347960737857 3 3 3 0 /home/bepis/prog/verus-cad/monotile/empty_certs/32493_910236153928347960737857.cnf
906915942657063473119297 3 3 3 0 /home/bepis/prog/verus-cad/monotile/empty_certs/32500_906915942657063473119297.cnf
151706028047261990125633 3 3 3 0 /home/bepis/prog/verus-cad/monotile/empty_certs/32515_151706028047261990125633.cnf
76148168824947294076993 3 3 3 0 /home/bepis/prog/verus-cad/monotile/empty_certs/32523_76148168824947294076993.cnf
76738473642505254469697 3 3 3 0 /home/bepis/prog/verus-cad/monotile/empty_certs/32531_76738473642505254469697.cnf
153476928989136989192257 3 3 3 0 /home/bepis/prog/verus-cad/monotile/empty_certs/32532_153476928989136989192257.cnf
152296355382818087370817 3 3 3 0 /home/bepis/prog/verus-cad/monotile/empty_certs/32538_152296355382818087370817.cnf
151152693279045114134593 3 3 3 0 /home/bepis/prog/verus-cad/monotile/empty_certs/32541_151152693279045114134593.cnf
75631939214060323602497 3 3 3 0 /home/bepis/prog/verus-cad/monotile/empty_certs/32549_75631939214060323602497.cnf
151263589916269485228097 3 3 3 0 /home/bepis/prog/verus-cad/monotile/empty_certs/32550_151263589916269485228097.cnf
151190091170350798733377 3 3 3 0 /home/bepis/prog/verus-cad/monotile/empty_certs/32552_151190091170350798733377.cnf
906916593708684604866625 3 3 3 0 /home/bepis/prog/verus-cad/monotile/empty_certs/32614_906916593708684604866625.cnf
302821760847115194466369 3 3 3 0 /home/bepis/prog/verus-cad/monotile/empty_certs/32630_302821760847115194466369.cnf
604499876478955984781377 3 3 3 0 /home/bepis/prog/verus-cad/monotile/empty_certs/32646_604499876478955984781377.cnf
302268493632892729032769 3 3 3 0 /home/bepis/prog/verus-cad/monotile/empty_certs/32648_302268493632892729032769.cnf
302268422701198597947457 3 3 3 0 /home/bepis/prog/verus-cad/monotile/empty_certs/32681_302268422701198597947457.cnf
590363364353149763649 3 3 3 0 /home/bepis/prog/verus-cad/monotile/empty_certs/32696_590363364353149763649.cnf
627265859699823607873 3 3 3 0 /home/bepis/prog/verus-cad/monotile/empty_certs/32713_627265859699823607873.cnf
664380024228983865409 3 3 3 0 /home/bepis/prog/verus-cad/monotile/empty_certs/32740_664380024228983865409.cnf
2398166801574822674497 3 3 3 0 /home/bepis/prog/verus-cad/monotile/empty_certs/32757_2398166801574822674497.cnf
1217647238451449299009 3 3 3 0 /home/bepis/prog/verus-cad/monotile/empty_certs/32759_1217647238451449299009.cnf
1217593195255920853057 3 3 3 0 /home/bepis/prog/verus-cad/monotile/empty_certs/32769_1217593195255920853057.cnf
37974352058021576769 3 3 3 0 /home/bepis/prog/verus-cad/monotile/empty_certs/32782_37974352058021576769.cnf
222441792795117092929 3 3 3 0 /home/bepis/prog/verus-cad/monotile/empty_certs/32784_222441792795117092929.cnf
1213798071540474005520769 3 3 3 0 /home/bepis/prog/verus-cad/monotile/empty_certs/32813_1213798071540474005520769.cnf
3027408742857028606787969 3 3 3 0 /home/bepis/prog/verus-cad/monotile/empty_certs/32815_3027408742857028606787969.cnf
1213724289068053672657281 3 3 3 0 /home/bepis/prog/verus-cad/monotile/empty_certs/32817_1213724289068053672657281.cnf
1218391342339818917233025 3 3 3 0 /home/bepis/prog/verus-cad/monotile/empty_certs/32821_1218391342339818917233025.cnf
2427317161954448091939201 3 3 3 0 /home/bepis/prog/verus-cad/monotile/empty_certs/32822_2427317161954448091939201.cnf
1218409771069562837041537 3 3 3 0 /home/bepis/prog/verus-cad/monotile/empty_certs/32824_1218409771069562837041537.cnf
2427335590684192011747713 3 3 3 0 /home/bepis/prog/verus-cad/monotile/empty_certs/32825_2427335590684192011747713.cnf
1822835769374194056331649 3 3 3 0 /home/bepis/prog/verus-cad/monotile/empty_certs/32832_1822835769374194056331649.cnf
1133370262875225855132033 3 3 3 0 /home/bepis/prog/verus-cad/monotile/empty_certs/32836_1133370262875225855132033.cnf
3027038361194990170866049 3 3 3 0 /home/bepis/prog/verus-cad/monotile/empty_certs/32841_3027038361194990170866049.cnf
1214239639350829931102593 3 3 3 0 /home/bepis/prog/verus-cad/monotile/empty_certs/32845_1214239639350829931102593.cnf
2423755754775817811460481 3 3 3 0 /home/bepis/prog/verus-cad/monotile/empty_certs/32846_2423755754775817811460481.cnf
2424936346396535222763905 3 3 3 0 /home/bepis/prog/verus-cad/monotile/empty_certs/32847_2424936346396535222763905.cnf
1214831088082693243601281 3 3 3 0 /home/bepis/prog/verus-cad/monotile/empty_certs/32853_1214831088082693243601281.cnf
1216011679703410654904705 3 3 3 0 /home/bepis/prog/verus-cad/monotile/empty_certs/32854_1216011679703410654904705.cnf
8264145866489677808001 3 3 3 0 /home/bepis/prog/verus-cad/monotile/empty_certs/32862_8264145866489677808001.cnf
1213944495949525083619713 3 3 3 0 /home/bepis/prog/verus-cad/monotile/empty_certs/32868_1213944495949525083619713.cnf
1214239643854704436445569 3 3 3 0 /home/bepis/prog/verus-cad/monotile/empty_certs/32869_1214239643854704436445569.cnf
2424936350900409728106881 3 3 3 0 /home/bepis/prog/verus-cad/monotile/empty_certs/32871_2424936350900409728106881.cnf
2423166616390838217998721 3 3 3 0 /home/bepis/prog/verus-cad/monotile/empty_certs/32876_2423166616390838217998721.cnf
5607819223750007718273 3 3 3 0 /home/bepis/prog/verus-cad/monotile/empty_certs/32880_5607819223750007718273.cnf
1822834795479630862352769 3 3 3 0 /home/bepis/prog/verus-cad/monotile/empty_certs/32887_1822834795479630862352769.cnf
1822835948401135469199745 3 3 3 0 /home/bepis/prog/verus-cad/monotile/empty_certs/32888_1822835948401135469199745.cnf
1218666889453511456850305 3 3 3 0 /home/bepis/prog/verus-cad/monotile/empty_certs/32890_1218666889453511456850305.cnf
1218962037358690809676161 3 3 3 0 /home/bepis/prog/verus-cad/monotile/empty_certs/32891_1218962037358690809676161.cnf
2428478152783678690034049 3 3 3 0 /home/bepis/prog/verus-cad/monotile/empty_certs/32892_2428478152783678690034049.cnf
2429658744404396101337473 3 3 3 0 /home/bepis/prog/verus-cad/monotile/empty_certs/32893_2429658744404396101337473.cnf
2427593861989645238403457 3 3 3 0 /home/bepis/prog/verus-cad/monotile/empty_certs/32897_2427593861989645238403457.cnf
2427889009894824591229313 3 3 3 0 /home/bepis/prog/verus-cad/monotile/empty_certs/32898_2427889009894824591229313.cnf
1219553486090554122174849 3 3 3 0 /home/bepis/prog/verus-cad/monotile/empty_certs/32899_1219553486090554122174849.cnf
1220734077711271533478273 3 3 3 0 /home/bepis/prog/verus-cad/monotile/empty_certs/32900_1220734077711271533478273.cnf
13871987589888614859137 3 3 3 0 /home/bepis/prog/verus-cad/monotile/empty_certs/32904_13871987589888614859137.cnf
1218666871439181667107201 3 3 3 0 /home/bepis/prog/verus-cad/monotile/empty_certs/32914_1218666871439181667107201.cnf
1218962019344361019933057 3 3 3 0 /home/bepis/prog/verus-cad/monotile/empty_certs/32915_1218962019344361019933057.cnf
2428478134769348900290945 3 3 3 0 /home/bepis/prog/verus-cad/monotile/empty_certs/32916_2428478134769348900290945.cnf
2429658726390066311594369 3 3 3 0 /home/bepis/prog/verus-cad/monotile/empty_certs/32917_2429658726390066311594369.cnf
2427593843975315448660353 3 3 3 0 /home/bepis/prog/verus-cad/monotile/empty_certs/32921_2427593843975315448660353.cnf
2427888991880494801486209 3 3 3 0 /home/bepis/prog/verus-cad/monotile/empty_certs/32922_2427888991880494801486209.cnf
1219553468076224332431745 3 3 3 0 /home/bepis/prog/verus-cad/monotile/empty_certs/32923_1219553468076224332431745.cnf
1220734059696941743735169 3 3 3 0 /home/bepis/prog/verus-cad/monotile/empty_certs/32924_1220734059696941743735169.cnf
13871969575558825116033 3 3 3 0 /home/bepis/prog/verus-cad/monotile/empty_certs/32928_13871969575558825116033.cnf
1213686304586736224698753 3 3 3 0 /home/bepis/prog/verus-cad/monotile/empty_certs/32939_1213686304586736224698753.cnf
1218445564557753289015681 3 3 3 0 /home/bepis/prog/verus-cad/monotile/empty_certs/32940_1218445564557753289015681.cnf
1218519351534048127222145 3 3 3 0 /home/bepis/prog/verus-cad/monotile/empty_certs/32941_1218519351534048127222145.cnf
1218409823991110476759425 3 3 3 0 /home/bepis/prog/verus-cad/monotile/empty_certs/32946_1218409823991110476759425.cnf
1209147252623099068154241 3 3 3 0 /home/bepis/prog/verus-cad/monotile/empty_certs/32953_1209147252623099068154241.cnf
1213667929904654600634753 3 3 3 0 /home/bepis/prog/verus-cad/monotile/empty_certs/32957_1213667929904654600634753.cnf
1218445636619745374503297 3 3 3 0 /home/bepis/prog/verus-cad/monotile/empty_certs/32959_1218445636619745374503297.cnf
1218519423596040212709761 3 3 3 0 /home/bepis/prog/verus-cad/monotile/empty_certs/32960_1218519423596040212709761.cnf
1218391449309028852695425 3 3 3 0 /home/bepis/prog/verus-cad/monotile/empty_certs/32964_1218391449309028852695425.cnf
1218409896053102562247041 3 3 3 0 /home/bepis/prog/verus-cad/monotile/empty_certs/32965_1218409896053102562247041.cnf
1213724423058380336136577 3 3 3 0 /home/bepis/prog/verus-cad/monotile/empty_certs/32966_1213724423058380336136577.cnf
1213798210034675174343041 3 3 3 0 /home/bepis/prog/verus-cad/monotile/empty_certs/32967_1213798210034675174343041.cnf
1208981303988427767677313 3 3 3 0 /home/bepis/prog/verus-cad/monotile/empty_certs/32972_1208981303988427767677313.cnf
1209147324685091153641857 3 3 3 0 /home/bepis/prog/verus-cad/monotile/empty_certs/32975_1209147324685091153641857.cnf
2422594181857151423611265 3 3 3 0 /home/bepis/prog/verus-cad/monotile/empty_certs/32981_2422594181857151423611265.cnf
2422612628601225133162881 3 3 3 0 /home/bepis/prog/verus-cad/monotile/empty_certs/32982_2422612628601225133162881.cnf
2427371888572242197479809 3 3 3 0 /home/bepis/prog/verus-cad/monotile/empty_certs/32983_2427371888572242197479809.cnf
2427445675548537035686273 3 3 3 0 /home/bepis/prog/verus-cad/monotile/empty_certs/32984_2427445675548537035686273.cnf
2427317701261525675671937 3 3 3 0 /home/bepis/prog/verus-cad/monotile/empty_certs/32988_2427317701261525675671937.cnf
2427336148005599385223553 3 3 3 0 /home/bepis/prog/verus-cad/monotile/empty_certs/32989_2427336148005599385223553.cnf
2422724461987171997319553 3 3 3 0 /home/bepis/prog/verus-cad/monotile/empty_certs/32991_2422724461987171997319553.cnf
2418128916869809105273217 3 3 3 0 /home/bepis/prog/verus-cad/monotile/empty_certs/32995_2418128916869809105273217.cnf
2422593893627874787721601 3 3 3 0 /home/bepis/prog/verus-cad/monotile/empty_certs/33005_2422593893627874787721601.cnf
2422612340371948497273217 3 3 3 0 /home/bepis/prog/verus-cad/monotile/empty_certs/33006_2422612340371948497273217.cnf
2427371600342965561590145 3 3 3 0 /home/bepis/prog/verus-cad/monotile/empty_certs/33007_2427371600342965561590145.cnf
2427445387319260399796609 3 3 3 0 /home/bepis/prog/verus-cad/monotile/empty_certs/33008_2427445387319260399796609.cnf
2427317413032249039782273 3 3 3 0 /home/bepis/prog/verus-cad/monotile/empty_certs/33012_2427317413032249039782273.cnf
2427335859776322749333889 3 3 3 0 /home/bepis/prog/verus-cad/monotile/empty_certs/33013_2427335859776322749333889.cnf
2422650386781600523223425 3 3 3 0 /home/bepis/prog/verus-cad/monotile/empty_certs/33014_2422650386781600523223425.cnf
2422724173757895361429889 3 3 3 0 /home/bepis/prog/verus-cad/monotile/empty_certs/33015_2422724173757895361429889.cnf
2418128628640532469383553 3 3 3 0 /home/bepis/prog/verus-cad/monotile/empty_certs/33019_2418128628640532469383553.cnf
3029417698444049014325633 3 3 3 0 /home/bepis/prog/verus-cad/monotile/empty_certs/33031_3029417698444049014325633.cnf
3028255553567405312573825 3 3 3 0 /home/bepis/prog/verus-cad/monotile/empty_certs/33035_3028255553567405312573825.cnf
1823498698113434496532865 3 3 3 0 /home/bepis/prog/verus-cad/monotile/empty_certs/33039_1823498698113434496532865.cnf
1823277337184549981913473 3 3 3 0 /home/bepis/prog/verus-cad/monotile/empty_certs/33043_1823277337184549981913473.cnf
151116880390926547026305 3 3 3 0 /home/bepis/prog/verus-cad/monotile/empty_certs/33070_151116880390926547026305.cnf
906695517650069781217665 3 3 3 0 /home/bepis/prog/verus-cad/monotile/empty_certs/33072_906695517650069781217665.cnf
1825233844977867801231745 3 3 3 0 /home/bepis/prog/verus-cad/monotile/empty_certs/33081_1825233844977867801231745.cnf
3027777091142993471078785 3 3 3 0 /home/bepis/prog/verus-cad/monotile/empty_certs/33089_3027777091142993471078785.cnf
1209202520793328111321473 3 3 3 0 /home/bepis/prog/verus-cad/monotile/empty_certs/33127_1209202520793328111321473.cnf
9149585078153230942593 3 3 3 0 /home/bepis/prog/verus-cad/monotile/empty_certs/33188_9149585078153230942593.cnf
1213724289067775573443201 3 3 3 0 /home/bepis/prog/verus-cad/monotile/empty_certs/33245_1213724289067775573443201.cnf
2422650108682404748149377 3 3 3 0 /home/bepis/prog/verus-cad/monotile/empty_certs/33246_2422650108682404748149377.cnf
1825233936184630439068289 3 3 3 0 /home/bepis/prog/verus-cad/monotile/empty_certs/33247_1825233936184630439068289.cnf
2427335590684120070767233 3 3 3 0 /home/bepis/prog/verus-cad/monotile/empty_certs/33250_2427335590684120070767233.cnf
75560170712422106022529 3 3 3 0 /home/bepis/prog/verus-cad/monotile/empty_certs/33259_75560170712422106022529.cnf
906696671697479663633025 3 3 3 0 /home/bepis/prog/verus-cad/monotile/empty_certs/33264_906696671697479663633025.cnf
1213944495949251279389313 3 3 3 0 /home/bepis/prog/verus-cad/monotile/empty_certs/33266_1213944495949251279389313.cnf
1214239643854430632215169 3 3 3 0 /home/bepis/prog/verus-cad/monotile/empty_certs/33267_1214239643854430632215169.cnf
2423755759279418512573057 3 3 3 0 /home/bepis/prog/verus-cad/monotile/empty_certs/33268_2423755759279418512573057.cnf
2424936350900135923876481 3 3 3 0 /home/bepis/prog/verus-cad/monotile/empty_certs/33269_2424936350900135923876481.cnf
2422871468485385060942465 3 3 3 0 /home/bepis/prog/verus-cad/monotile/empty_certs/33273_2422871468485385060942465.cnf
2423166616390564413768321 3 3 3 0 /home/bepis/prog/verus-cad/monotile/empty_certs/33274_2423166616390564413768321.cnf
9149594085628437398145 3 3 3 0 /home/bepis/prog/verus-cad/monotile/empty_certs/33277_9149594085628437398145.cnf
1218666871439114021110401 3 3 3 0 /home/bepis/prog/verus-cad/monotile/empty_certs/33285_1218666871439114021110401.cnf
1218962019344293373936257 3 3 3 0 /home/bepis/prog/verus-cad/monotile/empty_certs/33286_1218962019344293373936257.cnf
2428478134769281254294145 3 3 3 0 /home/bepis/prog/verus-cad/monotile/empty_certs/33287_2428478134769281254294145.cnf
2429658726389998665597569 3 3 3 0 /home/bepis/prog/verus-cad/monotile/empty_certs/33288_2429658726389998665597569.cnf
2427593843975247802663553 3 3 3 0 /home/bepis/prog/verus-cad/monotile/empty_certs/33292_2427593843975247802663553.cnf
2427888991880427155489409 3 3 3 0 /home/bepis/prog/verus-cad/monotile/empty_certs/33293_2427888991880427155489409.cnf
1219553468076156686434945 3 3 3 0 /home/bepis/prog/verus-cad/monotile/empty_certs/33294_1219553468076156686434945.cnf
13871969575491179119233 3 3 3 0 /home/bepis/prog/verus-cad/monotile/empty_certs/33299_13871969575491179119233.cnf
1218666889453581250331265 3 3 3 0 /home/bepis/prog/verus-cad/monotile/empty_certs/33309_1218666889453581250331265.cnf
1218962037358760603157121 3 3 3 0 /home/bepis/prog/verus-cad/monotile/empty_certs/33310_1218962037358760603157121.cnf
2428478152783748483515009 3 3 3 0 /home/bepis/prog/verus-cad/monotile/empty_certs/33311_2428478152783748483515009.cnf
2429658744404465894818433 3 3 3 0 /home/bepis/prog/verus-cad/monotile/empty_certs/33312_2429658744404465894818433.cnf
2427593861989715031884417 3 3 3 0 /home/bepis/prog/verus-cad/monotile/empty_certs/33316_2427593861989715031884417.cnf
2427889009894894384710273 3 3 3 0 /home/bepis/prog/verus-cad/monotile/empty_certs/33317_2427889009894894384710273.cnf
1219553486090623915655809 3 3 3 0 /home/bepis/prog/verus-cad/monotile/empty_certs/33318_1219553486090623915655809.cnf
1220734077711341326959233 3 3 3 0 /home/bepis/prog/verus-cad/monotile/empty_certs/33319_1220734077711341326959233.cnf
13871987589958408340097 3 3 3 0 /home/bepis/prog/verus-cad/monotile/empty_certs/33323_13871987589958408340097.cnf
1213686304591135346000513 3 3 3 0 /home/bepis/prog/verus-cad/monotile/empty_certs/33334_1213686304591135346000513.cnf
1218445564562152410317441 3 3 3 0 /home/bepis/prog/verus-cad/monotile/empty_certs/33335_1218445564562152410317441.cnf
2422593893626776345641601 3 3 3 0 /home/bepis/prog/verus-cad/monotile/empty_certs/33352_2422593893626776345641601.cnf
2422612340370850055193217 3 3 3 0 /home/bepis/prog/verus-cad/monotile/empty_certs/33353_2422612340370850055193217.cnf
2427371600341867119510145 3 3 3 0 /home/bepis/prog/verus-cad/monotile/empty_certs/33354_2427371600341867119510145.cnf
2427445387318161957716609 3 3 3 0 /home/bepis/prog/verus-cad/monotile/empty_certs/33355_2427445387318161957716609.cnf
2427317413031150597702273 3 3 3 0 /home/bepis/prog/verus-cad/monotile/empty_certs/33359_2427317413031150597702273.cnf
2427335859775224307253889 3 3 3 0 /home/bepis/prog/verus-cad/monotile/empty_certs/33360_2427335859775224307253889.cnf
2422650386780502081143425 3 3 3 0 /home/bepis/prog/verus-cad/monotile/empty_certs/33361_2422650386780502081143425.cnf
2422724173756796919349889 3 3 3 0 /home/bepis/prog/verus-cad/monotile/empty_certs/33362_2422724173756796919349889.cnf
2418128628639434027303553 3 3 3 0 /home/bepis/prog/verus-cad/monotile/empty_certs/33366_2418128628639434027303553.cnf
2422594181858252013175425 3 3 3 0 /home/bepis/prog/verus-cad/monotile/empty_certs/33376_2422594181858252013175425.cnf
2422612628602325722727041 3 3 3 0 /home/bepis/prog/verus-cad/monotile/empty_certs/33377_2422612628602325722727041.cnf
2427371888573342787043969 3 3 3 0 /home/bepis/prog/verus-cad/monotile/empty_certs/33378_2427371888573342787043969.cnf
2427445675549637625250433 3 3 3 0 /home/bepis/prog/verus-cad/monotile/empty_certs/33379_2427445675549637625250433.cnf
2427317701262626265236097 3 3 3 0 /home/bepis/prog/verus-cad/monotile/empty_certs/33383_2427317701262626265236097.cnf
2427336148006699974787713 3 3 3 0 /home/bepis/prog/verus-cad/monotile/empty_certs/33384_2427336148006699974787713.cnf
2422650675011977748677249 3 3 3 0 /home/bepis/prog/verus-cad/monotile/empty_certs/33385_2422650675011977748677249.cnf
2422724461988272586883713 3 3 3 0 /home/bepis/prog/verus-cad/monotile/empty_certs/33386_2422724461988272586883713.cnf
2418128916870909694837377 3 3 3 0 /home/bepis/prog/verus-cad/monotile/empty_certs/33390_2418128916870909694837377.cnf
3029417698444050088067713 3 3 3 0 /home/bepis/prog/verus-cad/monotile/empty_certs/33402_3029417698444050088067713.cnf
1213667785780671503401601 3 3 3 0 /home/bepis/prog/verus-cad/monotile/empty_certs/33404_1213667785780671503401601.cnf
3028255553567406386315905 3 3 3 0 /home/bepis/prog/verus-cad/monotile/empty_certs/33406_3028255553567406386315905.cnf
1823498698113435570274945 3 3 3 0 /home/bepis/prog/verus-cad/monotile/empty_certs/33410_1823498698113435570274945.cnf
1823277337184551055655553 3 3 3 0 /home/bepis/prog/verus-cad/monotile/empty_certs/33414_1823277337184551055655553.cnf
151116880390927620768385 3 3 3 0 /home/bepis/prog/verus-cad/monotile/empty_certs/33441_151116880390927620768385.cnf
906695517650070854959745 3 3 3 0 /home/bepis/prog/verus-cad/monotile/empty_certs/33443_906695517650070854959745.cnf
3027777091142994544820865 3 3 3 0 /home/bepis/prog/verus-cad/monotile/empty_certs/33458_3027777091142994544820865.cnf
1213798065910692077109889 3 3 3 0 /home/bepis/prog/verus-cad/monotile/empty_certs/33460_1213798065910692077109889.cnf
1214831083578819812000385 3 3 3 0 /home/bepis/prog/verus-cad/monotile/empty_certs/33468_1214831083578819812000385.cnf
1216011675199537223303809 3 3 3 0 /home/bepis/prog/verus-cad/monotile/empty_certs/33471_1216011675199537223303809.cnf
1209202520793329185063553 3 3 3 0 /home/bepis/prog/verus-cad/monotile/empty_certs/33496_1209202520793329185063553.cnf
1218962010354684426192001 3 3 3 0 /home/bepis/prog/verus-cad/monotile/empty_certs/33614_1218962010354684426192001.cnf
2428478125779672306549889 3 3 3 0 /home/bepis/prog/verus-cad/monotile/empty_certs/33615_2428478125779672306549889.cnf
2429658717400389717853313 3 3 3 0 /home/bepis/prog/verus-cad/monotile/empty_certs/33616_2429658717400389717853313.cnf
1219553459086547738690689 3 3 3 0 /home/bepis/prog/verus-cad/monotile/empty_certs/33622_1219553459086547738690689.cnf
1220734050707265149994113 3 3 3 0 /home/bepis/prog/verus-cad/monotile/empty_certs/33623_1220734050707265149994113.cnf
12986516870344172897409 3 3 3 0 /home/bepis/prog/verus-cad/monotile/empty_certs/33631_12986516870344172897409.cnf
1218962005851153518560385 3 3 3 0 /home/bepis/prog/verus-cad/monotile/empty_certs/33638_1218962005851153518560385.cnf
2428478121276141398918273 3 3 3 0 /home/bepis/prog/verus-cad/monotile/empty_certs/33639_2428478121276141398918273.cnf
2429658712896858810221697 3 3 3 0 /home/bepis/prog/verus-cad/monotile/empty_certs/33640_2429658712896858810221697.cnf
9447043347670245049473 3 3 3 0 /home/bepis/prog/verus-cad/monotile/empty_certs/33646_9447043347670245049473.cnf
12986512366813265265793 3 3 3 0 /home/bepis/prog/verus-cad/monotile/empty_certs/33652_12986512366813265265793.cnf
2422593749529178576782465 3 3 3 0 /home/bepis/prog/verus-cad/monotile/empty_certs/33656_2422593749529178576782465.cnf
2422612196273252286334081 3 3 3 0 /home/bepis/prog/verus-cad/monotile/empty_certs/33657_2422612196273252286334081.cnf
2427445243220564188857473 3 3 3 0 /home/bepis/prog/verus-cad/monotile/empty_certs/33659_2427445243220564188857473.cnf
2417854089223739828864129 3 3 3 0 /home/bepis/prog/verus-cad/monotile/empty_certs/33666_2417854089223739828864129.cnf
2417907123612951743825025 3 3 3 0 /home/bepis/prog/verus-cad/monotile/empty_certs/33668_2417907123612951743825025.cnf
2422612124216757764228225 3 3 3 0 /home/bepis/prog/verus-cad/monotile/empty_certs/33676_2422612124216757764228225.cnf
2427371384187774828545153 3 3 3 0 /home/bepis/prog/verus-cad/monotile/empty_certs/33677_2427371384187774828545153.cnf
2427445171164069666751617 3 3 3 0 /home/bepis/prog/verus-cad/monotile/empty_certs/33678_2427445171164069666751617.cnf
2422650170626409790178433 3 3 3 0 /home/bepis/prog/verus-cad/monotile/empty_certs/33684_2422650170626409790178433.cnf
2422723957602704628384897 3 3 3 0 /home/bepis/prog/verus-cad/monotile/empty_certs/33685_2422723957602704628384897.cnf
2418073072253120607683713 3 3 3 0 /home/bepis/prog/verus-cad/monotile/empty_certs/33693_2418073072253120607683713.cnf
3029417698461640395064449 3 3 3 0 /home/bepis/prog/verus-cad/monotile/empty_certs/33701_3029417698461640395064449.cnf
1213667785798261810398337 3 3 3 0 /home/bepis/prog/verus-cad/monotile/empty_certs/33703_1213667785798261810398337.cnf
3028255553584996693312641 3 3 3 0 /home/bepis/prog/verus-cad/monotile/empty_certs/33705_3028255553584996693312641.cnf
1213686232542335519949953 3 3 3 0 /home/bepis/prog/verus-cad/monotile/empty_certs/33707_1213686232542335519949953.cnf
1823498698131025877271681 3 3 3 0 /home/bepis/prog/verus-cad/monotile/empty_certs/33709_1823498698131025877271681.cnf
1218519279489647422473345 3 3 3 0 /home/bepis/prog/verus-cad/monotile/empty_certs/33715_1218519279489647422473345.cnf
1213944486959367453672577 3 3 3 0 /home/bepis/prog/verus-cad/monotile/empty_certs/33717_1213944486959367453672577.cnf
1214239634864546806498433 3 3 3 0 /home/bepis/prog/verus-cad/monotile/empty_certs/33720_1214239634864546806498433.cnf
1133369108845404132213889 3 3 3 0 /home/bepis/prog/verus-cad/monotile/empty_certs/33739_1133369108845404132213889.cnf
1218391305202636062459009 3 3 3 0 /home/bepis/prog/verus-cad/monotile/empty_certs/33748_1218391305202636062459009.cnf
1218409751946709772010625 3 3 3 0 /home/bepis/prog/verus-cad/monotile/empty_certs/33751_1218409751946709772010625.cnf
1213724278951987545900161 3 3 3 0 /home/bepis/prog/verus-cad/monotile/empty_certs/33754_1213724278951987545900161.cnf
1213798065928282384106625 3 3 3 0 /home/bepis/prog/verus-cad/monotile/empty_certs/33757_1213798065928282384106625.cnf
2422871459495501235225729 3 3 3 0 /home/bepis/prog/verus-cad/monotile/empty_certs/33759_2422871459495501235225729.cnf
2423166607400680588051585 3 3 3 0 /home/bepis/prog/verus-cad/monotile/empty_certs/33762_2423166607400680588051585.cnf
1214831083596410118997121 3 3 3 0 /home/bepis/prog/verus-cad/monotile/empty_certs/33765_1214831083596410118997121.cnf
1216011675217127530300545 3 3 3 0 /home/bepis/prog/verus-cad/monotile/empty_certs/33768_1216011675217127530300545.cnf
3027039221397636469752961 3 3 3 0 /home/bepis/prog/verus-cad/monotile/empty_certs/33772_3027039221397636469752961.cnf
1822835768265876940260481 3 3 3 0 /home/bepis/prog/verus-cad/monotile/empty_certs/33776_1822835768265876940260481.cnf
75560169604108211192961 3 3 3 0 /home/bepis/prog/verus-cad/monotile/empty_certs/33779_75560169604108211192961.cnf
906696670589165768803457 3 3 3 0 /home/bepis/prog/verus-cad/monotile/empty_certs/33784_906696670589165768803457.cnf
4703919773980609741953 3 3 3 0 /home/bepis/prog/verus-cad/monotile/empty_certs/33791_4703919773980609741953.cnf
1133644657085005168641153 3 3 3 0 /home/bepis/prog/verus-cad/monotile/empty_certs/33792_1133644657085005168641153.cnf
1209202520810919492060289 3 3 3 0 /home/bepis/prog/verus-cad/monotile/empty_certs/33793_1209202520810919492060289.cnf
2418128340425548666766465 3 3 3 0 /home/bepis/prog/verus-cad/monotile/empty_certs/33794_2418128340425548666766465.cnf
9149585095744611681409 3 3 3 0 /home/bepis/prog/verus-cad/monotile/empty_certs/33854_9149585095744611681409.cnf
1137795174501589817754753 3 3 3 0 /home/bepis/prog/verus-cad/monotile/empty_certs/33856_1137795174501589817754753.cnf
1218962005851085067257985 3 3 3 0 /home/bepis/prog/verus-cad/monotile/empty_certs/33911_1218962005851085067257985.cnf
2428478121276072947615873 3 3 3 0 /home/bepis/prog/verus-cad/monotile/empty_certs/33912_2428478121276072947615873.cnf
9447043347601793747073 3 3 3 0 /home/bepis/prog/verus-cad/monotile/empty_certs/33919_9447043347601793747073.cnf
2422593749530278361041025 3 3 3 0 /home/bepis/prog/verus-cad/monotile/empty_certs/33929_2422593749530278361041025.cnf
2422612196274352070592641 3 3 3 0 /home/bepis/prog/verus-cad/monotile/empty_certs/33930_2422612196274352070592641.cnf
2427371456245369134909569 3 3 3 0 /home/bepis/prog/verus-cad/monotile/empty_certs/33931_2427371456245369134909569.cnf
2427445243221663973116033 3 3 3 0 /home/bepis/prog/verus-cad/monotile/empty_certs/33932_2427445243221663973116033.cnf
2417854089224839613122689 3 3 3 0 /home/bepis/prog/verus-cad/monotile/empty_certs/33939_2417854089224839613122689.cnf
2418128484542936042702977 3 3 3 0 /home/bepis/prog/verus-cad/monotile/empty_certs/33940_2418128484542936042702977.cnf
3029417698461640663500929 3 3 3 0 /home/bepis/prog/verus-cad/monotile/empty_certs/33950_3029417698461640663500929.cnf
1213667785798262078834817 3 3 3 0 /home/bepis/prog/verus-cad/monotile/empty_certs/33952_1213667785798262078834817.cnf
1213686232542335788386433 3 3 3 0 /home/bepis/prog/verus-cad/monotile/empty_certs/33955_1213686232542335788386433.cnf
1218445492513352852703361 3 3 3 0 /home/bepis/prog/verus-cad/monotile/empty_certs/33958_1218445492513352852703361.cnf
1218519279489647690909825 3 3 3 0 /home/bepis/prog/verus-cad/monotile/empty_certs/33962_1218519279489647690909825.cnf
1213944486959367722109057 3 3 3 0 /home/bepis/prog/verus-cad/monotile/empty_certs/33964_1213944486959367722109057.cnf
1214239634864547074934913 3 3 3 0 /home/bepis/prog/verus-cad/monotile/empty_certs/33967_1214239634864547074934913.cnf
2423755750289534955292801 3 3 3 0 /home/bepis/prog/verus-cad/monotile/empty_certs/33970_2423755750289534955292801.cnf
2429658708393122011809921 3 3 3 0 /home/bepis/prog/verus-cad/monotile/empty_certs/33974_2429658708393122011809921.cnf
75559016682603872782465 3 3 3 0 /home/bepis/prog/verus-cad/monotile/empty_certs/33984_75559016682603872782465.cnf
906695517667661430392961 3 3 3 0 /home/bepis/prog/verus-cad/monotile/empty_certs/33989_906695517667661430392961.cnf
1218391305202636330895489 3 3 3 0 /home/bepis/prog/verus-cad/monotile/empty_certs/33995_1218391305202636330895489.cnf
1218409751946710040447105 3 3 3 0 /home/bepis/prog/verus-cad/monotile/empty_certs/33998_1218409751946710040447105.cnf
1213724278951987814336641 3 3 3 0 /home/bepis/prog/verus-cad/monotile/empty_certs/34001_1213724278951987814336641.cnf
2422650098566616989042817 3 3 3 0 /home/bepis/prog/verus-cad/monotile/empty_certs/34002_2422650098566616989042817.cnf
1213798065928282652543105 3 3 3 0 /home/bepis/prog/verus-cad/monotile/empty_certs/34004_1213798065928282652543105.cnf
2422723885542911827249281 3 3 3 0 /home/bepis/prog/verus-cad/monotile/empty_certs/34005_2422723885542911827249281.cnf
2422871459495501503662209 3 3 3 0 /home/bepis/prog/verus-cad/monotile/empty_certs/34006_2422871459495501503662209.cnf
2423166607400680856488065 3 3 3 0 /home/bepis/prog/verus-cad/monotile/empty_certs/34009_2423166607400680856488065.cnf
1214831083596410387433601 3 3 3 0 /home/bepis/prog/verus-cad/monotile/empty_certs/34012_1214831083596410387433601.cnf
1219553450079280032647297 3 3 3 0 /home/bepis/prog/verus-cad/monotile/empty_certs/34013_1219553450079280032647297.cnf
1216011675217127798737025 3 3 3 0 /home/bepis/prog/verus-cad/monotile/empty_certs/34015_1216011675217127798737025.cnf
1220734041699997443950721 3 3 3 0 /home/bepis/prog/verus-cad/monotile/empty_certs/34016_1220734041699997443950721.cnf
3027039221397636738189441 3 3 3 0 /home/bepis/prog/verus-cad/monotile/empty_certs/34019_3027039221397636738189441.cnf
1822835768265877208696961 3 3 3 0 /home/bepis/prog/verus-cad/monotile/empty_certs/34023_1822835768265877208696961.cnf
75560169604108479629441 3 3 3 0 /home/bepis/prog/verus-cad/monotile/empty_certs/34026_75560169604108479629441.cnf
906696670589166037239937 3 3 3 0 /home/bepis/prog/verus-cad/monotile/empty_certs/34031_906696670589166037239937.cnf
4703919773980878178433 3 3 3 0 /home/bepis/prog/verus-cad/monotile/empty_certs/34038_4703919773980878178433.cnf
1133644657085005437077633 3 3 3 0 /home/bepis/prog/verus-cad/monotile/empty_certs/34039_1133644657085005437077633.cnf
1209202520810919760496769 3 3 3 0 /home/bepis/prog/verus-cad/monotile/empty_certs/34040_1209202520810919760496769.cnf
9149585095744880117889 3 3 3 0 /home/bepis/prog/verus-cad/monotile/empty_certs/34101_9149585095744880117889.cnf
1137795174501590086191233 3 3 3 0 /home/bepis/prog/verus-cad/monotile/empty_certs/34103_1137795174501590086191233.cnf
12986507863076466854017 3 3 3 0 /home/bepis/prog/verus-cad/monotile/empty_certs/34124_12986507863076466854017.cnf
75557867948039007633537 3 3 3 0 /home/bepis/prog/verus-cad/monotile/empty_certs/34654_75557867948039007633537.cnf
906694368933096565244033 3 3 3 0 /home/bepis/prog/verus-cad/monotile/empty_certs/34659_906694368933096565244033.cnf
910236153928347960737921 3 3 3 0 /home/bepis/prog/verus-cad/monotile/empty_certs/34665_910236153928347960737921.cnf
906915942657063473119361 3 3 3 0 /home/bepis/prog/verus-cad/monotile/empty_certs/34672_906915942657063473119361.cnf
151706028047261990125697 3 3 3 0 /home/bepis/prog/verus-cad/monotile/empty_certs/34687_151706028047261990125697.cnf
76738473642505254469761 3 3 3 0 /home/bepis/prog/verus-cad/monotile/empty_certs/34703_76738473642505254469761.cnf
153476928989136989192321 3 3 3 0 /home/bepis/prog/verus-cad/monotile/empty_certs/34704_153476928989136989192321.cnf
152296355382818087370881 3 3 3 0 /home/bepis/prog/verus-cad/monotile/empty_certs/34710_152296355382818087370881.cnf
151152693279045114134657 3 3 3 0 /home/bepis/prog/verus-cad/monotile/empty_certs/34713_151152693279045114134657.cnf
75594901610724828643457 3 3 3 0 /home/bepis/prog/verus-cad/monotile/empty_certs/34717_75594901610724828643457.cnf
75631939214060323602561 3 3 3 0 /home/bepis/prog/verus-cad/monotile/empty_certs/34721_75631939214060323602561.cnf
151263589916269485228161 3 3 3 0 /home/bepis/prog/verus-cad/monotile/empty_certs/34722_151263589916269485228161.cnf
151190091170350798733441 3 3 3 0 /home/bepis/prog/verus-cad/monotile/empty_certs/34724_151190091170350798733441.cnf
906916593708684604866689 3 3 3 0 /home/bepis/prog/verus-cad/monotile/empty_certs/34786_906916593708684604866689.cnf
302821760847115194466433 3 3 3 0 /home/bepis/prog/verus-cad/monotile/empty_certs/34802_302821760847115194466433.cnf
302268493632892729032833 3 3 3 0 /home/bepis/prog/verus-cad/monotile/empty_certs/34820_302268493632892729032833.cnf
302268422701198597947521 3 3 3 0 /home/bepis/prog/verus-cad/monotile/empty_certs/34853_302268422701198597947521.cnf
590363364353149763713 3 3 3 0 /home/bepis/prog/verus-cad/monotile/empty_certs/34868_590363364353149763713.cnf
627265859699823607937 3 3 3 0 /home/bepis/prog/verus-cad/monotile/empty_certs/34885_627265859699823607937.cnf
664380024228983865473 3 3 3 0 /home/bepis/prog/verus-cad/monotile/empty_certs/34912_664380024228983865473.cnf
1217647238451449299073 3 3 3 0 /home/bepis/prog/verus-cad/monotile/empty_certs/34931_1217647238451449299073.cnf
1217593195255920853121 3 3 3 0 /home/bepis/prog/verus-cad/monotile/empty_certs/34941_1217593195255920853121.cnf
37974352058021576833 3 3 3 0 /home/bepis/prog/verus-cad/monotile/empty_certs/34954_37974352058021576833.cnf
222441792795117092993 3 3 3 0 /home/bepis/prog/verus-cad/monotile/empty_certs/34956_222441792795117092993.cnf
1216011679704251377975553 3 3 3 0 /home/bepis/prog/verus-cad/monotile/empty_certs/34997_1216011679704251377975553.cnf
1214831088084633478299905 3 3 3 0 /home/bepis/prog/verus-cad/monotile/empty_certs/34998_1214831088084633478299905.cnf
2423166611891102970609921 3 3 3 0 /home/bepis/prog/verus-cad/monotile/empty_certs/34999_2423166611891102970609921.cnf
2422871463990321664295169 3 3 3 0 /home/bepis/prog/verus-cad/monotile/empty_certs/35000_2422871463990321664295169.cnf
1214831088083551146541313 3 3 3 0 /home/bepis/prog/verus-cad/monotile/empty_certs/35004_1214831088083551146541313.cnf
1216011679705368069472513 3 3 3 0 /home/bepis/prog/verus-cad/monotile/empty_certs/35005_1216011679705368069472513.cnf
2422871463985940797653249 3 3 3 0 /home/bepis/prog/verus-cad/monotile/empty_certs/35006_2422871463985940797653249.cnf
9149589581751767859457 3 3 3 0 /home/bepis/prog/verus-cad/monotile/empty_certs/35037_9149589581751767859457.cnf
1214831088086819633430785 3 3 3 0 /home/bepis/prog/verus-cad/monotile/empty_certs/35049_1214831088086819633430785.cnf
1216011679711935091245313 3 3 3 0 /home/bepis/prog/verus-cad/monotile/empty_certs/35050_1216011679711935091245313.cnf
2423166611888895374196993 3 3 3 0 /home/bepis/prog/verus-cad/monotile/empty_certs/35055_2423166611888895374196993.cnf
1216011679707541339701505 3 3 3 0 /home/bepis/prog/verus-cad/monotile/empty_certs/35056_1216011679707541339701505.cnf
1214831088091221974909185 3 3 3 0 /home/bepis/prog/verus-cad/monotile/empty_certs/35057_1214831088091221974909185.cnf
2423755754776658551308545 3 3 3 0 /home/bepis/prog/verus-cad/monotile/empty_certs/35061_2423755754776658551308545.cnf
2424936346398475474239745 3 3 3 0 /home/bepis/prog/verus-cad/monotile/empty_certs/35062_2424936346398475474239745.cnf
1214239639359367252345089 3 3 3 0 /home/bepis/prog/verus-cad/monotile/empty_certs/35064_1214239639359367252345089.cnf
2424936346397393142481153 3 3 3 0 /home/bepis/prog/verus-cad/monotile/empty_certs/35068_2424936346397393142481153.cnf
2423755754777775242805505 3 3 3 0 /home/bepis/prog/verus-cad/monotile/empty_certs/35069_2423755754777775242805505.cnf
1214239639354986385703169 3 3 3 0 /home/bepis/prog/verus-cad/monotile/empty_certs/35070_1214239639354986385703169.cnf
2422576316077428566982913 3 3 3 0 /home/bepis/prog/verus-cad/monotile/empty_certs/35076_2422576316077428566982913.cnf
1213648190618755057910017 3 3 3 0 /home/bepis/prog/verus-cad/monotile/empty_certs/35114_1213648190618755057910017.cnf
1216011684207851005411585 3 3 3 0 /home/bepis/prog/verus-cad/monotile/empty_certs/35253_1216011684207851005411585.cnf
1214831092588233105735937 3 3 3 0 /home/bepis/prog/verus-cad/monotile/empty_certs/35254_1214831092588233105735937.cnf
2423166616394702598045953 3 3 3 0 /home/bepis/prog/verus-cad/monotile/empty_certs/35255_2423166616394702598045953.cnf
1214831092587150773977345 3 3 3 0 /home/bepis/prog/verus-cad/monotile/empty_certs/35260_1214831092587150773977345.cnf
1216011684208967696908545 3 3 3 0 /home/bepis/prog/verus-cad/monotile/empty_certs/35261_1216011684208967696908545.cnf
2423166616399117824426241 3 3 3 0 /home/bepis/prog/verus-cad/monotile/empty_certs/35263_2423166616399117824426241.cnf
9149594085351395295489 3 3 3 0 /home/bepis/prog/verus-cad/monotile/empty_certs/35293_9149594085351395295489.cnf
1214831092590419260866817 3 3 3 0 /home/bepis/prog/verus-cad/monotile/empty_certs/35304_1214831092590419260866817.cnf
1216011684215534718681345 3 3 3 0 /home/bepis/prog/verus-cad/monotile/empty_certs/35305_1216011684215534718681345.cnf
1216011684211140967137537 3 3 3 0 /home/bepis/prog/verus-cad/monotile/empty_certs/35311_1216011684211140967137537.cnf
1214831092594821602345217 3 3 3 0 /home/bepis/prog/verus-cad/monotile/empty_certs/35312_1214831092594821602345217.cnf
2423755759280258178744577 3 3 3 0 /home/bepis/prog/verus-cad/monotile/empty_certs/35316_2423755759280258178744577.cnf
2424936350902075101675777 3 3 3 0 /home/bepis/prog/verus-cad/monotile/empty_certs/35317_2424936350902075101675777.cnf
1214239643862966879781121 3 3 3 0 /home/bepis/prog/verus-cad/monotile/empty_certs/35318_1214239643862966879781121.cnf
2424936350900992769917185 3 3 3 0 /home/bepis/prog/verus-cad/monotile/empty_certs/35322_2424936350900992769917185.cnf
2423755759281374870241537 3 3 3 0 /home/bepis/prog/verus-cad/monotile/empty_certs/35323_2423755759281374870241537.cnf
1214239643858586013139201 3 3 3 0 /home/bepis/prog/verus-cad/monotile/empty_certs/35324_1214239643858586013139201.cnf
1213944495957804706824449 3 3 3 0 /home/bepis/prog/verus-cad/monotile/empty_certs/35325_1213944495957804706824449.cnf
9149594085351412072705 3 3 3 0 /home/bepis/prog/verus-cad/monotile/empty_certs/35355_9149594085351412072705.cnf
1213648195122354685346049 3 3 3 0 /home/bepis/prog/verus-cad/monotile/empty_certs/35368_1213648195122354685346049.cnf
1220734077712318414979329 3 3 3 0 /home/bepis/prog/verus-cad/monotile/empty_certs/35506_1220734077712318414979329.cnf
1219553486092700515303681 3 3 3 0 /home/bepis/prog/verus-cad/monotile/empty_certs/35507_1219553486092700515303681.cnf
2427593861998388701298945 3 3 3 0 /home/bepis/prog/verus-cad/monotile/empty_certs/35509_2427593861998388701298945.cnf
1219553486091618183545089 3 3 3 0 /home/bepis/prog/verus-cad/monotile/empty_certs/35513_1219553486091618183545089.cnf
1220734077713435106476289 3 3 3 0 /home/bepis/prog/verus-cad/monotile/empty_certs/35514_1220734077713435106476289.cnf
2427889009903585233993985 3 3 3 0 /home/bepis/prog/verus-cad/monotile/empty_certs/35516_2427889009903585233993985.cnf
2427889009895858604605697 3 3 3 0 /home/bepis/prog/verus-cad/monotile/empty_certs/35556_2427889009895858604605697.cnf
2427889009896962411200769 3 3 3 0 /home/bepis/prog/verus-cad/monotile/empty_certs/35562_2427889009896962411200769.cnf
1219553486099289011912961 3 3 3 0 /home/bepis/prog/verus-cad/monotile/empty_certs/35564_1219553486099289011912961.cnf
2428478152784725588312321 3 3 3 0 /home/bepis/prog/verus-cad/monotile/empty_certs/35568_2428478152784725588312321.cnf
2429658744406542511243521 3 3 3 0 /home/bepis/prog/verus-cad/monotile/empty_certs/35569_2429658744406542511243521.cnf
1218962037367434289348865 3 3 3 0 /home/bepis/prog/verus-cad/monotile/empty_certs/35570_1218962037367434289348865.cnf
2429658744405460179484929 3 3 3 0 /home/bepis/prog/verus-cad/monotile/empty_certs/35574_2429658744405460179484929.cnf
2428478152785842279809281 3 3 3 0 /home/bepis/prog/verus-cad/monotile/empty_certs/35575_2428478152785842279809281.cnf
1218666889462272116392193 3 3 3 0 /home/bepis/prog/verus-cad/monotile/empty_certs/35576_1218666889462272116392193.cnf
1218371741552660357316865 3 3 3 0 /home/bepis/prog/verus-cad/monotile/empty_certs/35586_1218371741552660357316865.cnf
9444769028685594624257 3 3 3 0 /home/bepis/prog/verus-cad/monotile/empty_certs/35616_9444769028685594624257.cnf
13871987589883212595457 3 3 3 0 /home/bepis/prog/verus-cad/monotile/empty_certs/35617_13871987589883212595457.cnf
2427296408241451269619969 3 3 3 0 /home/bepis/prog/verus-cad/monotile/empty_certs/35620_2427296408241451269619969.cnf
1218370588626809210011905 3 3 3 0 /home/bepis/prog/verus-cad/monotile/empty_certs/35655_1218370588626809210011905.cnf
9445921950125776961793 3 3 3 0 /home/bepis/prog/verus-cad/monotile/empty_certs/35679_9445921950125776961793.cnf
13871987606311462502657 3 3 3 0 /home/bepis/prog/verus-cad/monotile/empty_certs/35681_13871987606311462502657.cnf
9447074858436244275457 3 3 3 0 /home/bepis/prog/verus-cad/monotile/empty_certs/35684_9447074858436244275457.cnf
1219553468078302006083841 3 3 3 0 /home/bepis/prog/verus-cad/monotile/empty_certs/35757_1219553468078302006083841.cnf
2427888991884771498393857 3 3 3 0 /home/bepis/prog/verus-cad/monotile/empty_certs/35758_2427888991884771498393857.cnf
2427593843983990192079105 3 3 3 0 /home/bepis/prog/verus-cad/monotile/empty_certs/35759_2427593843983990192079105.cnf
1219553468077219674325249 3 3 3 0 /home/bepis/prog/verus-cad/monotile/empty_certs/35763_1219553468077219674325249.cnf
1220734059699036597256449 3 3 3 0 /home/bepis/prog/verus-cad/monotile/empty_certs/35764_1220734059699036597256449.cnf
2427888991889186724774145 3 3 3 0 /home/bepis/prog/verus-cad/monotile/empty_certs/35765_2427888991889186724774145.cnf
2427888991881460095385857 3 3 3 0 /home/bepis/prog/verus-cad/monotile/empty_certs/35805_2427888991881460095385857.cnf
2427888991882563901980929 3 3 3 0 /home/bepis/prog/verus-cad/monotile/empty_certs/35810_2427888991882563901980929.cnf
1219553468084890502693121 3 3 3 0 /home/bepis/prog/verus-cad/monotile/empty_certs/35812_1219553468084890502693121.cnf
2428478134770327079092481 3 3 3 0 /home/bepis/prog/verus-cad/monotile/empty_certs/35816_2428478134770327079092481.cnf
2429658726392144002023681 3 3 3 0 /home/bepis/prog/verus-cad/monotile/empty_certs/35817_2429658726392144002023681.cnf
1218962019353035780129025 3 3 3 0 /home/bepis/prog/verus-cad/monotile/empty_certs/35818_1218962019353035780129025.cnf
2429658726391061670265089 3 3 3 0 /home/bepis/prog/verus-cad/monotile/empty_certs/35822_2429658726391061670265089.cnf
2428478134771443770589441 3 3 3 0 /home/bepis/prog/verus-cad/monotile/empty_certs/35823_2428478134771443770589441.cnf
1218666871447873607172353 3 3 3 0 /home/bepis/prog/verus-cad/monotile/empty_certs/35824_1218666871447873607172353.cnf
1218371723538261848097025 3 3 3 0 /home/bepis/prog/verus-cad/monotile/empty_certs/35834_1218371723538261848097025.cnf
9444751014287085404417 3 3 3 0 /home/bepis/prog/verus-cad/monotile/empty_certs/35864_9444751014287085404417.cnf
13871969575484703375617 3 3 3 0 /home/bepis/prog/verus-cad/monotile/empty_certs/35865_13871969575484703375617.cnf
2427296390227052760400129 3 3 3 0 /home/bepis/prog/verus-cad/monotile/empty_certs/35868_2427296390227052760400129.cnf
1218370570612410700792065 3 3 3 0 /home/bepis/prog/verus-cad/monotile/empty_certs/35903_1218370570612410700792065.cnf
9445903935727267741953 3 3 3 0 /home/bepis/prog/verus-cad/monotile/empty_certs/35927_9445903935727267741953.cnf
9447056857231874588929 3 3 3 0 /home/bepis/prog/verus-cad/monotile/empty_certs/35928_9447056857231874588929.cnf
13871969591912953282817 3 3 3 0 /home/bepis/prog/verus-cad/monotile/empty_certs/35929_13871969591912953282817.cnf
1213798065910775812194561 3 3 3 0 /home/bepis/prog/verus-cad/monotile/empty_certs/36032_1213798065910775812194561.cnf
1213724278934549693464833 3 3 3 0 /home/bepis/prog/verus-cad/monotile/empty_certs/36035_1213724278934549693464833.cnf
1133370261749333447672065 3 3 3 0 /home/bepis/prog/verus-cad/monotile/empty_certs/36058_1133370261749333447672065.cnf
1213724278934498153857281 3 3 3 0 /home/bepis/prog/verus-cad/monotile/empty_certs/36066_1213724278934498153857281.cnf
1213798065910861711540481 3 3 3 0 /home/bepis/prog/verus-cad/monotile/empty_certs/36069_1213798065910861711540481.cnf
1133370261749350627541249 3 3 3 0 /home/bepis/prog/verus-cad/monotile/empty_certs/36092_1133370261749350627541249.cnf
1214831083578886367215873 3 3 3 0 /home/bepis/prog/verus-cad/monotile/empty_certs/36108_1214831083578886367215873.cnf
1216011675199603778519297 3 3 3 0 /home/bepis/prog/verus-cad/monotile/empty_certs/36109_1216011675199603778519297.cnf
1214831083578955086692609 3 3 3 0 /home/bepis/prog/verus-cad/monotile/empty_certs/36131_1214831083578955086692609.cnf
1216011675199672497996033 3 3 3 0 /home/bepis/prog/verus-cad/monotile/empty_certs/36132_1216011675199672497996033.cnf
1213724278935494586269953 3 3 3 0 /home/bepis/prog/verus-cad/monotile/empty_certs/36198_1213724278935494586269953.cnf
1213798065911789424476417 3 3 3 0 /home/bepis/prog/verus-cad/monotile/empty_certs/36199_1213798065911789424476417.cnf
1213724278936594097897729 3 3 3 0 /home/bepis/prog/verus-cad/monotile/empty_certs/36221_1213724278936594097897729.cnf
1213798065912888936104193 3 3 3 0 /home/bepis/prog/verus-cad/monotile/empty_certs/36222_1213798065912888936104193.cnf
151410875374677495120129 3 3 3 0 /home/bepis/prog/verus-cad/monotile/empty_certs/36874_151410875374677495120129.cnf
76148159553942524526849 3 3 3 0 /home/bepis/prog/verus-cad/monotile/empty_certs/36875_76148159553942524526849.cnf
75853011648831891177729 3 3 3 0 /home/bepis/prog/verus-cad/monotile/empty_certs/36885_75853011648831891177729.cnf
151706023279925567422721 3 3 3 0 /home/bepis/prog/verus-cad/monotile/empty_certs/36886_151706023279925567422721.cnf
151134174214602643996929 3 3 3 0 /home/bepis/prog/verus-cad/monotile/empty_certs/36908_151134174214602643996929.cnf
75594757232762030129409 3 3 3 0 /home/bepis/prog/verus-cad/monotile/empty_certs/36909_75594757232762030129409.cnf
75576310489787832205569 3 3 3 0 /home/bepis/prog/verus-cad/monotile/empty_certs/36915_75576310489787832205569.cnf
151152620959775865176321 3 3 3 0 /home/bepis/prog/verus-cad/monotile/empty_certs/36916_151152620959775865176321.cnf
1216011684207851005346305 3 3 3 0 /home/bepis/prog/verus-cad/monotile/empty_certs/37483_1216011684207851005346305.cnf
1214831092588233105670657 3 3 3 0 /home/bepis/prog/verus-cad/monotile/empty_certs/37484_1214831092588233105670657.cnf
2423166616394702597980673 3 3 3 0 /home/bepis/prog/verus-cad/monotile/empty_certs/37485_2423166616394702597980673.cnf
1214831092587150773912065 3 3 3 0 /home/bepis/prog/verus-cad/monotile/empty_certs/37489_1214831092587150773912065.cnf
1216011684208967696843265 3 3 3 0 /home/bepis/prog/verus-cad/monotile/empty_certs/37490_1216011684208967696843265.cnf
2423166616399117824360961 3 3 3 0 /home/bepis/prog/verus-cad/monotile/empty_certs/37491_2423166616399117824360961.cnf
9149594085351395230209 3 3 3 0 /home/bepis/prog/verus-cad/monotile/empty_certs/37520_9149594085351395230209.cnf
2423166616391391194972673 3 3 3 0 /home/bepis/prog/verus-cad/monotile/empty_certs/37530_2423166616391391194972673.cnf
1216011684215534718616065 3 3 3 0 /home/bepis/prog/verus-cad/monotile/empty_certs/37531_1216011684215534718616065.cnf
2423166616392495001567745 3 3 3 0 /home/bepis/prog/verus-cad/monotile/empty_certs/37535_2423166616392495001567745.cnf
1214831092594821602279937 3 3 3 0 /home/bepis/prog/verus-cad/monotile/empty_certs/37536_1214831092594821602279937.cnf
2423755759280258178679297 3 3 3 0 /home/bepis/prog/verus-cad/monotile/empty_certs/37540_2423755759280258178679297.cnf
2424936350902075101610497 3 3 3 0 /home/bepis/prog/verus-cad/monotile/empty_certs/37541_2424936350902075101610497.cnf
1214239643862966879715841 3 3 3 0 /home/bepis/prog/verus-cad/monotile/empty_certs/37542_1214239643862966879715841.cnf
2424936350900992769851905 3 3 3 0 /home/bepis/prog/verus-cad/monotile/empty_certs/37546_2424936350900992769851905.cnf
2423755759281374870176257 3 3 3 0 /home/bepis/prog/verus-cad/monotile/empty_certs/37547_2423755759281374870176257.cnf
1213944495957804706759169 3 3 3 0 /home/bepis/prog/verus-cad/monotile/empty_certs/37548_1213944495957804706759169.cnf
1213648195122354685280769 3 3 3 0 /home/bepis/prog/verus-cad/monotile/empty_certs/37587_1213648195122354685280769.cnf
2422574014736983859986945 3 3 3 0 /home/bepis/prog/verus-cad/monotile/empty_certs/37588_2422574014736983859986945.cnf
1216011679704251378041345 3 3 3 0 /home/bepis/prog/verus-cad/monotile/empty_certs/37718_1216011679704251378041345.cnf
1214831088084633478365697 3 3 3 0 /home/bepis/prog/verus-cad/monotile/empty_certs/37719_1214831088084633478365697.cnf
2423166611891102970675713 3 3 3 0 /home/bepis/prog/verus-cad/monotile/empty_certs/37720_2423166611891102970675713.cnf
1214831088083551146607105 3 3 3 0 /home/bepis/prog/verus-cad/monotile/empty_certs/37724_1214831088083551146607105.cnf
1216011679705368069538305 3 3 3 0 /home/bepis/prog/verus-cad/monotile/empty_certs/37725_1216011679705368069538305.cnf
2423166611895518197056001 3 3 3 0 /home/bepis/prog/verus-cad/monotile/empty_certs/37726_2423166611895518197056001.cnf
9149589581751767925249 3 3 3 0 /home/bepis/prog/verus-cad/monotile/empty_certs/37755_9149589581751767925249.cnf
1216011679711935091311105 3 3 3 0 /home/bepis/prog/verus-cad/monotile/empty_certs/37766_1216011679711935091311105.cnf
1214831088091221974974977 3 3 3 0 /home/bepis/prog/verus-cad/monotile/empty_certs/37770_1214831088091221974974977.cnf
2423755754776658551374337 3 3 3 0 /home/bepis/prog/verus-cad/monotile/empty_certs/37774_2423755754776658551374337.cnf
2424936346398475474305537 3 3 3 0 /home/bepis/prog/verus-cad/monotile/empty_certs/37775_2424936346398475474305537.cnf
1213649343540212453736961 3 3 3 0 /home/bepis/prog/verus-cad/monotile/empty_certs/37777_1213649343540212453736961.cnf
2424936346397393142546945 3 3 3 0 /home/bepis/prog/verus-cad/monotile/empty_certs/37779_2424936346397393142546945.cnf
2423755754777775242871297 3 3 3 0 /home/bepis/prog/verus-cad/monotile/empty_certs/37780_2423755754777775242871297.cnf
1213649343540229633606145 3 3 3 0 /home/bepis/prog/verus-cad/monotile/empty_certs/37783_1213649343540229633606145.cnf
2422576316078528078676481 3 3 3 0 /home/bepis/prog/verus-cad/monotile/empty_certs/37789_2422576316078528078676481.cnf
1213649343548991366889985 3 3 3 0 /home/bepis/prog/verus-cad/monotile/empty_certs/37791_1213649343548991366889985.cnf
1213648190618755057975809 3 3 3 0 /home/bepis/prog/verus-cad/monotile/empty_certs/37820_1213648190618755057975809.cnf
2422574010233384232681985 3 3 3 0 /home/bepis/prog/verus-cad/monotile/empty_certs/37821_2422574010233384232681985.cnf
9445903919243199775233 3 3 3 0 /home/bepis/prog/verus-cad/monotile/empty_certs/37947_9445903919243199775233.cnf
1220734059697919905497601 3 3 3 0 /home/bepis/prog/verus-cad/monotile/empty_certs/37950_1220734059697919905497601.cnf
1219553468078302005821953 3 3 3 0 /home/bepis/prog/verus-cad/monotile/empty_certs/37951_1219553468078302005821953.cnf
1219553468077219674063361 3 3 3 0 /home/bepis/prog/verus-cad/monotile/empty_certs/37956_1219553468077219674063361.cnf
1220734059699036596994561 3 3 3 0 /home/bepis/prog/verus-cad/monotile/empty_certs/37957_1220734059699036596994561.cnf
2427888991889186724512257 3 3 3 0 /home/bepis/prog/verus-cad/monotile/empty_certs/37958_2427888991889186724512257.cnf
1219553468084890502431233 3 3 3 0 /home/bepis/prog/verus-cad/monotile/empty_certs/38001_1219553468084890502431233.cnf
2428478134770327078830593 3 3 3 0 /home/bepis/prog/verus-cad/monotile/empty_certs/38005_2428478134770327078830593.cnf
2429658726392144001761793 3 3 3 0 /home/bepis/prog/verus-cad/monotile/empty_certs/38006_2429658726392144001761793.cnf
1218371723533880981193217 3 3 3 0 /home/bepis/prog/verus-cad/monotile/empty_certs/38008_1218371723533880981193217.cnf
2429658726391061670003201 3 3 3 0 /home/bepis/prog/verus-cad/monotile/empty_certs/38010_2429658726391061670003201.cnf
2428478134771443770327553 3 3 3 0 /home/bepis/prog/verus-cad/monotile/empty_certs/38011_2428478134771443770327553.cnf
1218371723533898161062401 3 3 3 0 /home/bepis/prog/verus-cad/monotile/empty_certs/38013_1218371723533898161062401.cnf
2427298696071097094504961 3 3 3 0 /home/bepis/prog/verus-cad/monotile/empty_certs/38016_2427298696071097094504961.cnf
2427298696072196606132737 3 3 3 0 /home/bepis/prog/verus-cad/monotile/empty_certs/38019_2427298696072196606132737.cnf
1218371723542659894346241 3 3 3 0 /home/bepis/prog/verus-cad/monotile/empty_certs/38021_1218371723542659894346241.cnf
9444751014287085142529 3 3 3 0 /home/bepis/prog/verus-cad/monotile/empty_certs/38047_9444751014287085142529.cnf
13871969575484703113729 3 3 3 0 /home/bepis/prog/verus-cad/monotile/empty_certs/38048_13871969575484703113729.cnf
1218370570612423585432065 3 3 3 0 /home/bepis/prog/verus-cad/monotile/empty_certs/38050_1218370570612423585432065.cnf
2427296390227052760138241 3 3 3 0 /home/bepis/prog/verus-cad/monotile/empty_certs/38051_2427296390227052760138241.cnf
9445903935727267480065 3 3 3 0 /home/bepis/prog/verus-cad/monotile/empty_certs/38110_9445903935727267480065.cnf
13871969591912953020929 3 3 3 0 /home/bepis/prog/verus-cad/monotile/empty_certs/38112_13871969591912953020929.cnf
9447056844037734793729 3 3 3 0 /home/bepis/prog/verus-cad/monotile/empty_certs/38115_9447056844037734793729.cnf
9445921933641709519361 3 3 3 0 /home/bepis/prog/verus-cad/monotile/empty_certs/38176_9445921933641709519361.cnf
1220734077712318415241729 3 3 3 0 /home/bepis/prog/verus-cad/monotile/empty_certs/38179_1220734077712318415241729.cnf
1219553486092700515566081 3 3 3 0 /home/bepis/prog/verus-cad/monotile/empty_certs/38180_1219553486092700515566081.cnf
1219553486091618183807489 3 3 3 0 /home/bepis/prog/verus-cad/monotile/empty_certs/38184_1219553486091618183807489.cnf
1220734077713435106738689 3 3 3 0 /home/bepis/prog/verus-cad/monotile/empty_certs/38185_1220734077713435106738689.cnf
2427889009903585234256385 3 3 3 0 /home/bepis/prog/verus-cad/monotile/empty_certs/38186_2427889009903585234256385.cnf
2427298714088794122355201 3 3 3 0 /home/bepis/prog/verus-cad/monotile/empty_certs/38197_2427298714088794122355201.cnf
2428478152784725588574721 3 3 3 0 /home/bepis/prog/verus-cad/monotile/empty_certs/38232_2428478152784725588574721.cnf
2429658744406542511505921 3 3 3 0 /home/bepis/prog/verus-cad/monotile/empty_certs/38233_2429658744406542511505921.cnf
1218371741548279490937345 3 3 3 0 /home/bepis/prog/verus-cad/monotile/empty_certs/38235_1218371741548279490937345.cnf
2429658744405460179747329 3 3 3 0 /home/bepis/prog/verus-cad/monotile/empty_certs/38237_2429658744405460179747329.cnf
2428478152785842280071681 3 3 3 0 /home/bepis/prog/verus-cad/monotile/empty_certs/38238_2428478152785842280071681.cnf
1218371741548296670806529 3 3 3 0 /home/bepis/prog/verus-cad/monotile/empty_certs/38240_1218371741548296670806529.cnf
2427298714085495604249089 3 3 3 0 /home/bepis/prog/verus-cad/monotile/empty_certs/38243_2427298714085495604249089.cnf
2427298714086595115876865 3 3 3 0 /home/bepis/prog/verus-cad/monotile/empty_certs/38246_2427298714086595115876865.cnf
1218371741557058404090369 3 3 3 0 /home/bepis/prog/verus-cad/monotile/empty_certs/38248_1218371741557058404090369.cnf
9444769028685594886657 3 3 3 0 /home/bepis/prog/verus-cad/monotile/empty_certs/38274_9444769028685594886657.cnf
13871987589883212857857 3 3 3 0 /home/bepis/prog/verus-cad/monotile/empty_certs/38275_13871987589883212857857.cnf
1218370588626822095176193 3 3 3 0 /home/bepis/prog/verus-cad/monotile/empty_certs/38277_1218370588626822095176193.cnf
2427296408241451269882369 3 3 3 0 /home/bepis/prog/verus-cad/monotile/empty_certs/38278_2427296408241451269882369.cnf
9445921950125777224193 3 3 3 0 /home/bepis/prog/verus-cad/monotile/empty_certs/38337_9445921950125777224193.cnf
9447074871630384071169 3 3 3 0 /home/bepis/prog/verus-cad/monotile/empty_certs/38338_9447074871630384071169.cnf
13871987606311462765057 3 3 3 0 /home/bepis/prog/verus-cad/monotile/empty_certs/38339_13871987606311462765057.cnf
1213798065910775812194817 3 3 3 0 /home/bepis/prog/verus-cad/monotile/empty_certs/38416_1213798065910775812194817.cnf
1213724278934549693465089 3 3 3 0 /home/bepis/prog/verus-cad/monotile/empty_certs/38419_1213724278934549693465089.cnf
1133370261749333447672321 3 3 3 0 /home/bepis/prog/verus-cad/monotile/empty_certs/38436_1133370261749333447672321.cnf
1213724278934498153857537 3 3 3 0 /home/bepis/prog/verus-cad/monotile/empty_certs/38444_1213724278934498153857537.cnf
1213798065910861711540737 3 3 3 0 /home/bepis/prog/verus-cad/monotile/empty_certs/38447_1213798065910861711540737.cnf
1133370261749350627541505 3 3 3 0 /home/bepis/prog/verus-cad/monotile/empty_certs/38464_1133370261749350627541505.cnf
1214831083578886367216129 3 3 3 0 /home/bepis/prog/verus-cad/monotile/empty_certs/38479_1214831083578886367216129.cnf
1216011675199603778519553 3 3 3 0 /home/bepis/prog/verus-cad/monotile/empty_certs/38480_1216011675199603778519553.cnf
1214831083578955086692865 3 3 3 0 /home/bepis/prog/verus-cad/monotile/empty_certs/38501_1214831083578955086692865.cnf
1216011675199672497996289 3 3 3 0 /home/bepis/prog/verus-cad/monotile/empty_certs/38502_1216011675199672497996289.cnf
1213724278935494586270209 3 3 3 0 /home/bepis/prog/verus-cad/monotile/empty_certs/38565_1213724278935494586270209.cnf
1213798065911789424476673 3 3 3 0 /home/bepis/prog/verus-cad/monotile/empty_certs/38566_1213798065911789424476673.cnf
1213724278936594097897985 3 3 3 0 /home/bepis/prog/verus-cad/monotile/empty_certs/38587_1213724278936594097897985.cnf
1213798065912888936104449 3 3 3 0 /home/bepis/prog/verus-cad/monotile/empty_certs/38588_1213798065912888936104449.cnf
2427335571548144521970177 3 3 3 0 /home/bepis/prog/verus-cad/monotile/empty_certs/38607_2427335571548144521970177.cnf
2427335571552542568481281 3 3 3 0 /home/bepis/prog/verus-cad/monotile/empty_certs/38627_2427335571552542568481281.cnf
302231454921313904230913 3 3 3 0 /home/bepis/prog/verus-cad/monotile/empty_certs/39070_302231454921313904230913.cnf
604462909824971197907457 3 3 3 0 /home/bepis/prog/verus-cad/monotile/empty_certs/39072_604462909824971197907457.cnf
75853011648758876733953 3 3 3 0 /home/bepis/prog/verus-cad/monotile/empty_certs/39113_75853011648758876733953.cnf
303412046542039905468929 3 3 3 0 /home/bepis/prog/verus-cad/monotile/empty_certs/39115_303412046542039905468929.cnf
76148159554006949036545 3 3 3 0 /home/bepis/prog/verus-cad/monotile/empty_certs/39125_76148159554006949036545.cnf
605643501445765918622209 3 3 3 0 /home/bepis/prog/verus-cad/monotile/empty_certs/39126_605643501445765918622209.cnf
604758057730365299098113 3 3 3 0 /home/bepis/prog/verus-cad/monotile/empty_certs/39134_604758057730365299098113.cnf
302526602826982883328513 3 3 3 0 /home/bepis/prog/verus-cad/monotile/empty_certs/39143_302526602826982883328513.cnf
75576310488684025610753 3 3 3 0 /home/bepis/prog/verus-cad/monotile/empty_certs/39147_75576310488684025610753.cnf
604610483778600256406017 3 3 3 0 /home/bepis/prog/verus-cad/monotile/empty_certs/39150_604610483778600256406017.cnf
75594757233857246790145 3 3 3 0 /home/bepis/prog/verus-cad/monotile/empty_certs/39155_75594757233857246790145.cnf
302379028876042474357249 3 3 3 0 /home/bepis/prog/verus-cad/monotile/empty_certs/39156_302379028876042474357249.cnf
604481356573382824428033 3 3 3 0 /home/bepis/prog/verus-cad/monotile/empty_certs/39160_604481356573382824428033.cnf
302268348413799240303105 3 3 3 0 /home/bepis/prog/verus-cad/monotile/empty_certs/39161_302268348413799240303105.cnf
2422576347619135796085761 3 3 3 0 /home/bepis/prog/verus-cad/monotile/empty_certs/39792_2422576347619135796085761.cnf
2422576347619152975954945 3 3 3 0 /home/bepis/prog/verus-cad/monotile/empty_certs/39797_2422576347619152975954945.cnf
1213649375084084346291201 3 3 3 0 /home/bepis/prog/verus-cad/monotile/empty_certs/39798_1213649375084084346291201.cnf
1213649375085183857918977 3 3 3 0 /home/bepis/prog/verus-cad/monotile/empty_certs/39801_1213649375085183857918977.cnf
1213944522988164187489281 3 3 3 0 /home/bepis/prog/verus-cad/monotile/empty_certs/39810_1213944522988164187489281.cnf
1214239670893343540315137 3 3 3 0 /home/bepis/prog/verus-cad/monotile/empty_certs/39811_1214239670893343540315137.cnf
1213650528004493753254913 3 3 3 0 /home/bepis/prog/verus-cad/monotile/empty_certs/39833_1213650528004493753254913.cnf
2422576347619122927961089 3 3 3 0 /home/bepis/prog/verus-cad/monotile/empty_certs/39834_2422576347619122927961089.cnf
1213650528004498048222209 3 3 3 0 /home/bepis/prog/verus-cad/monotile/empty_certs/39836_1213650528004498048222209.cnf
2422576347619127222928385 3 3 3 0 /home/bepis/prog/verus-cad/monotile/empty_certs/39837_2422576347619127222928385.cnf
2424936377941265051878401 3 3 3 0 /home/bepis/prog/verus-cad/monotile/empty_certs/39839_2424936377941265051878401.cnf
1213649375083002031309825 3 3 3 0 /home/bepis/prog/verus-cad/monotile/empty_certs/39841_1213649375083002031309825.cnf
2424936377940182720119809 3 3 3 0 /home/bepis/prog/verus-cad/monotile/empty_certs/39843_2424936377940182720119809.cnf
1213649375083019211179009 3 3 3 0 /home/bepis/prog/verus-cad/monotile/empty_certs/39846_1213649375083019211179009.cnf
2422576347620218144621569 3 3 3 0 /home/bepis/prog/verus-cad/monotile/empty_certs/39849_2422576347620218144621569.cnf
2422576347621317656249345 3 3 3 0 /home/bepis/prog/verus-cad/monotile/empty_certs/39852_2422576347621317656249345.cnf
1213944522988164204266497 3 3 3 0 /home/bepis/prog/verus-cad/monotile/empty_certs/39854_1213944522988164204266497.cnf
1214239670893343557092353 3 3 3 0 /home/bepis/prog/verus-cad/monotile/empty_certs/39855_1214239670893343557092353.cnf
2423755786318331437450241 3 3 3 0 /home/bepis/prog/verus-cad/monotile/empty_certs/39856_2423755786318331437450241.cnf
1214831119625206869591041 3 3 3 0 /home/bepis/prog/verus-cad/monotile/empty_certs/39861_1214831119625206869591041.cnf
1216011711245924280894465 3 3 3 0 /home/bepis/prog/verus-cad/monotile/empty_certs/39862_1216011711245924280894465.cnf
9149621124605753230337 3 3 3 0 /home/bepis/prog/verus-cad/monotile/empty_certs/39877_9149621124605753230337.cnf
1213648222161544635548673 3 3 3 0 /home/bepis/prog/verus-cad/monotile/empty_certs/39879_1213648222161544635548673.cnf
2422574041776173810254849 3 3 3 0 /home/bepis/prog/verus-cad/monotile/empty_certs/39880_2422574041776173810254849.cnf
4723555484848317596673 3 3 3 0 /home/bepis/prog/verus-cad/monotile/empty_certs/39939_4723555484848317596673.cnf
4724708406352924443649 3 3 3 0 /home/bepis/prog/verus-cad/monotile/empty_certs/39940_4724708406352924443649.cnf
9149621141034003137537 3 3 3 0 /home/bepis/prog/verus-cad/monotile/empty_certs/39941_9149621141034003137537.cnf
1218373434919331552035841 3 3 3 0 /home/bepis/prog/verus-cad/monotile/empty_certs/40005_1218373434919331552035841.cnf
1218373434919348731905025 3 3 3 0 /home/bepis/prog/verus-cad/monotile/empty_certs/40008_1218373434919348731905025.cnf
1218373434919589250073601 3 3 3 0 /home/bepis/prog/verus-cad/monotile/empty_certs/40011_1218373434919589250073601.cnf
1218373434919864127980545 3 3 3 0 /home/bepis/prog/verus-cad/monotile/empty_certs/40014_1218373434919864127980545.cnf
1218446068974104603526145 3 3 3 0 /home/bepis/prog/verus-cad/monotile/empty_certs/40016_1218446068974104603526145.cnf
1213649915514940120105985 3 3 3 0 /home/bepis/prog/verus-cad/monotile/empty_certs/40018_1213649915514940120105985.cnf
1209203097271671511319553 3 3 3 0 /home/bepis/prog/verus-cad/monotile/empty_certs/40023_1209203097271671511319553.cnf
1218446068974190519649281 3 3 3 0 /home/bepis/prog/verus-cad/monotile/empty_certs/40032_1218446068974190519649281.cnf
1218446068974276418995201 3 3 3 0 /home/bepis/prog/verus-cad/monotile/empty_certs/40035_1218446068974276418995201.cnf
1209203097271671528096769 3 3 3 0 /home/bepis/prog/verus-cad/monotile/empty_certs/40040_1209203097271671528096769.cnf
1208926396111661067928577 3 3 3 0 /home/bepis/prog/verus-cad/monotile/empty_certs/40048_1208926396111661067928577.cnf
1209147757039463250789377 3 3 3 0 /home/bepis/prog/verus-cad/monotile/empty_certs/40052_1209147757039463250789377.cnf
1208963289598717565338625 3 3 3 0 /home/bepis/prog/verus-cad/monotile/empty_certs/40058_1208963289598717565338625.cnf
1218373146688955401372673 3 3 3 0 /home/bepis/prog/verus-cad/monotile/empty_certs/40079_1218373146688955401372673.cnf
1218373146688972581241857 3 3 3 0 /home/bepis/prog/verus-cad/monotile/empty_certs/40082_1218373146688972581241857.cnf
1213649627284632688919553 3 3 3 0 /home/bepis/prog/verus-cad/monotile/empty_certs/40084_1213649627284632688919553.cnf
1213649627284701408396289 3 3 3 0 /home/bepis/prog/verus-cad/monotile/empty_certs/40087_1213649627284701408396289.cnf
1218373146689213099410433 3 3 3 0 /home/bepis/prog/verus-cad/monotile/empty_certs/40091_1218373146689213099410433.cnf
1218373146689487977317377 3 3 3 0 /home/bepis/prog/verus-cad/monotile/empty_certs/40094_1218373146689487977317377.cnf
1213668074028637678994433 3 3 3 0 /home/bepis/prog/verus-cad/monotile/empty_certs/40096_1213668074028637678994433.cnf
1213686520772711388546049 3 3 3 0 /home/bepis/prog/verus-cad/monotile/empty_certs/40097_1213686520772711388546049.cnf
1218519567720023291069441 3 3 3 0 /home/bepis/prog/verus-cad/monotile/empty_certs/40099_1218519567720023291069441.cnf
1209202809041295360656385 3 3 3 0 /home/bepis/prog/verus-cad/monotile/empty_certs/40108_1209202809041295360656385.cnf
1213650780206072888034305 3 3 3 0 /home/bepis/prog/verus-cad/monotile/empty_certs/40118_1213650780206072888034305.cnf
1218373146688942533248001 3 3 3 0 /home/bepis/prog/verus-cad/monotile/empty_certs/40119_1218373146688942533248001.cnf
1213650780206077183001601 3 3 3 0 /home/bepis/prog/verus-cad/monotile/empty_certs/40121_1213650780206077183001601.cnf
1218373146688946828215297 3 3 3 0 /home/bepis/prog/verus-cad/monotile/empty_certs/40122_1218373146688946828215297.cnf
1218519567720177926669313 3 3 3 0 /home/bepis/prog/verus-cad/monotile/empty_certs/40125_1218519567720177926669313.cnf
1213649627284581166089217 3 3 3 0 /home/bepis/prog/verus-cad/monotile/empty_certs/40126_1213649627284581166089217.cnf
1213649627284598345958401 3 3 3 0 /home/bepis/prog/verus-cad/monotile/empty_certs/40130_1213649627284598345958401.cnf
1218371993767467991172097 3 3 3 0 /home/bepis/prog/verus-cad/monotile/empty_certs/40131_1218371993767467991172097.cnf
1218371993767502350910465 3 3 3 0 /home/bepis/prog/verus-cad/monotile/empty_certs/40133_1218371993767502350910465.cnf
1218373146689006957757441 3 3 3 0 /home/bepis/prog/verus-cad/monotile/empty_certs/40134_1218373146689006957757441.cnf
1218373146689075677234177 3 3 3 0 /home/bepis/prog/verus-cad/monotile/empty_certs/40137_1218373146689075677234177.cnf
1213668074028637695771649 3 3 3 0 /home/bepis/prog/verus-cad/monotile/empty_certs/40139_1213668074028637695771649.cnf
1213686520772711405323265 3 3 3 0 /home/bepis/prog/verus-cad/monotile/empty_certs/40140_1213686520772711405323265.cnf
1218445780743728469640193 3 3 3 0 /home/bepis/prog/verus-cad/monotile/empty_certs/40141_1218445780743728469640193.cnf
1213724567182363431273473 3 3 3 0 /home/bepis/prog/verus-cad/monotile/empty_certs/40146_1213724567182363431273473.cnf
1213798354158658269479937 3 3 3 0 /home/bepis/prog/verus-cad/monotile/empty_certs/40147_1213798354158658269479937.cnf
1209202809041295377433601 3 3 3 0 /home/bepis/prog/verus-cad/monotile/empty_certs/40151_1209202809041295377433601.cnf
1208926107881284917265409 3 3 3 0 /home/bepis/prog/verus-cad/monotile/empty_certs/40161_1208926107881284917265409.cnf
1209202809041359768388609 3 3 3 0 /home/bepis/prog/verus-cad/monotile/empty_certs/40162_1209202809041359768388609.cnf
1213648474363123770328065 3 3 3 0 /home/bepis/prog/verus-cad/monotile/empty_certs/40163_1213648474363123770328065.cnf
1218370840845993415541761 3 3 3 0 /home/bepis/prog/verus-cad/monotile/empty_certs/40164_1218370840845993415541761.cnf
1208927260802725099602945 3 3 3 0 /home/bepis/prog/verus-cad/monotile/empty_certs/40224_1208927260802725099602945.cnf
1208928413724229706449921 3 3 3 0 /home/bepis/prog/verus-cad/monotile/empty_certs/40225_1208928413724229706449921.cnf
1209202809042326136030209 3 3 3 0 /home/bepis/prog/verus-cad/monotile/empty_certs/40226_1209202809042326136030209.cnf
1213944486959435887936513 3 3 3 0 /home/bepis/prog/verus-cad/monotile/empty_certs/40323_1213944486959435887936513.cnf
1214239634864615240762369 3 3 3 0 /home/bepis/prog/verus-cad/monotile/empty_certs/40324_1214239634864615240762369.cnf
1213944486959504607413249 3 3 3 0 /home/bepis/prog/verus-cad/monotile/empty_certs/40345_1213944486959504607413249.cnf
1214239634864683960239105 3 3 3 0 /home/bepis/prog/verus-cad/monotile/empty_certs/40346_1214239634864683960239105.cnf
1218666853442511691580417 3 3 3 0 /home/bepis/prog/verus-cad/monotile/empty_certs/40366_1218666853442511691580417.cnf
1213667785799361036813313 3 3 3 0 /home/bepis/prog/verus-cad/monotile/empty_certs/40408_1213667785799361036813313.cnf
1213686232543434746364929 3 3 3 0 /home/bepis/prog/verus-cad/monotile/empty_certs/40409_1213686232543434746364929.cnf
1213667785800460548441089 3 3 3 0 /home/bepis/prog/verus-cad/monotile/empty_certs/40430_1213667785800460548441089.cnf
1213686232544534257992705 3 3 3 0 /home/bepis/prog/verus-cad/monotile/empty_certs/40431_1213686232544534257992705.cnf
1218519279491846160516097 3 3 3 0 /home/bepis/prog/verus-cad/monotile/empty_certs/40433_1218519279491846160516097.cnf
2422593605417288746402817 3 3 3 0 /home/bepis/prog/verus-cad/monotile/empty_certs/40451_2422593605417288746402817.cnf
2422612052165760502465537 3 3 3 0 /home/bepis/prog/verus-cad/monotile/empty_certs/40473_2422612052165760502465537.cnf
1133369108845403847001089 3 3 3 0 /home/bepis/prog/verus-cad/monotile/empty_certs/40527_1133369108845403847001089.cnf
75560169604112237724673 3 3 3 0 /home/bepis/prog/verus-cad/monotile/empty_certs/40683_75560169604112237724673.cnf
906696670589169795335169 3 3 3 0 /home/bepis/prog/verus-cad/monotile/empty_certs/40688_906696670589169795335169.cnf
75560169604116532691969 3 3 3 0 /home/bepis/prog/verus-cad/monotile/empty_certs/40699_75560169604116532691969.cnf
906696670589174090302465 3 3 3 0 /home/bepis/prog/verus-cad/monotile/empty_certs/40704_906696670589174090302465.cnf
2429658708395337678062593 3 3 3 0 /home/bepis/prog/verus-cad/monotile/empty_certs/40709_2429658708395337678062593.cnf
1133369108845421043647489 3 3 3 0 /home/bepis/prog/verus-cad/monotile/empty_certs/40720_1133369108845421043647489.cnf
1133369108845438223516673 3 3 3 0 /home/bepis/prog/verus-cad/monotile/empty_certs/40735_1133369108845438223516673.cnf
1218666853442305549927425 3 3 3 0 /home/bepis/prog/verus-cad/monotile/empty_certs/40740_1218666853442305549927425.cnf
13871951578682707936257 3 3 3 0 /home/bepis/prog/verus-cad/monotile/empty_certs/40750_13871951578682707936257.cnf
2422593605415089739924481 3 3 3 0 /home/bepis/prog/verus-cad/monotile/empty_certs/40792_2422593605415089739924481.cnf
1137795174502684732425217 4 4 4 1 /home/bepis/prog/verus-cad/monotile/empty_certs/40995_1137795174502684732425217.cnf
4703919774044732261377 3 3 3 0 /home/bepis/prog/verus-cad/monotile/empty_certs/41004_4703919774044732261377.cnf
2418128340425612789285889 3 3 3 0 /home/bepis/prog/verus-cad/monotile/empty_certs/41006_2418128340425612789285889.cnf
13871951578678379414529 3 3 3 0 /home/bepis/prog/verus-cad/monotile/empty_certs/41009_13871951578678379414529.cnf
226728931448459890787329 3 3 3 0 /home/bepis/prog/verus-cad/monotile/empty_certs/41040_226728931448459890787329.cnf
226894952155018881401857 3 3 3 0 /home/bepis/prog/verus-cad/monotile/empty_certs/41046_226894952155018881401857.cnf
604536696820997115872257 3 3 3 0 /home/bepis/prog/verus-cad/monotile/empty_certs/41135_604536696820997115872257.cnf
302305241917344117163009 3 3 3 0 /home/bepis/prog/verus-cad/monotile/empty_certs/41263_302305241917344117163009.cnf
906915725688286446879745 3 3 3 0 /home/bepis/prog/verus-cad/monotile/empty_certs/41358_906915725688286446879745.cnf
75631650739609736840193 3 3 3 0 /home/bepis/prog/verus-cad/monotile/empty_certs/41447_75631650739609736840193.cnf
151189514465541240128513 3 3 3 0 /home/bepis/prog/verus-cad/monotile/empty_certs/41575_151189514465541240128513.cnf
1152974212445504513 3 3 3 0 /home/bepis/prog/verus-cad/monotile/empty_certs/41650_1152974212445504513.cnf
2305895717052351489 3 3 3 0 /home/bepis/prog/verus-cad/monotile/empty_certs/41651_2305895717052351489.cnf
1209222120477528298619905 3 3 3 0 /home/bepis/prog/verus-cad/monotile/empty_certs/41655_1209222120477528298619905.cnf
1209517268382707651445761 3 3 3 0 /home/bepis/prog/verus-cad/monotile/empty_certs/41656_1209517268382707651445761.cnf
2419033383807695531803649 3 3 3 0 /home/bepis/prog/verus-cad/monotile/empty_certs/41657_2419033383807695531803649.cnf
2420213975428412943107073 3 3 3 0 /home/bepis/prog/verus-cad/monotile/empty_certs/41658_2420213975428412943107073.cnf
1133369108846434622374913 3 3 3 0 /home/bepis/prog/verus-cad/monotile/empty_certs/41659_1133369108846434622374913.cnf
1211289308735288375247873 3 3 3 0 /home/bepis/prog/verus-cad/monotile/empty_certs/41663_1211289308735288375247873.cnf
1133370261767939229221889 3 3 3 0 /home/bepis/prog/verus-cad/monotile/empty_certs/41664_1133370261767939229221889.cnf
2417853945108482727347201 3 3 3 0 /home/bepis/prog/verus-cad/monotile/empty_certs/41666_2417853945108482727347201.cnf
3597115142958032618497 3 3 3 0 /home/bepis/prog/verus-cad/monotile/empty_certs/41689_3597115142958032618497.cnf
2508757230377102214145 3 3 3 0 /home/bepis/prog/verus-cad/monotile/empty_certs/41734_2508757230377102214145.cnf
2434970255181775635457 3 3 3 0 /home/bepis/prog/verus-cad/monotile/empty_certs/41740_2434970255181775635457.cnf
1254378634533083808769 3 3 3 0 /home/bepis/prog/verus-cad/monotile/empty_certs/41829_1254378634533083808769.cnf
2508757231545333318657 3 3 3 0 /home/bepis/prog/verus-cad/monotile/empty_certs/41830_2508757231545333318657.cnf
3597115133680903259137 3 3 3 0 /home/bepis/prog/verus-cad/monotile/empty_certs/41909_3597115133680903259137.cnf
3763135840239893873665 3 3 3 0 /home/bepis/prog/verus-cad/monotile/empty_certs/41915_3763135840239893873665.cnf
737869799782021596161 3 3 3 0 /home/bepis/prog/verus-cad/monotile/empty_certs/42048_737869799782021596161.cnf
664082824586695017473 3 3 3 0 /home/bepis/prog/verus-cad/monotile/empty_certs/42054_664082824586695017473.cnf
4741966200125008118785 3 3 3 0 /home/bepis/prog/verus-cad/monotile/empty_certs/42133_4741966200125008118785.cnf
4760412944198717670401 3 3 3 0 /home/bepis/prog/verus-cad/monotile/empty_certs/42134_4760412944198717670401.cnf
9593459891510620193793 3 3 3 0 /home/bepis/prog/verus-cad/monotile/empty_certs/42136_9593459891510620193793.cnf
1133369108861896504640513 3 3 3 0 /home/bepis/prog/verus-cad/monotile/empty_certs/42139_1133369108861896504640513.cnf
4872246330145581827073 3 3 3 0 /home/bepis/prog/verus-cad/monotile/empty_certs/42141_4872246330145581827073.cnf
9447038860425550627841 3 3 3 0 /home/bepis/prog/verus-cad/monotile/empty_certs/42143_9447038860425550627841.cnf
1133370261783401111487489 3 3 3 0 /home/bepis/prog/verus-cad/monotile/empty_certs/42144_1133370261783401111487489.cnf
13871951595106629321729 3 3 3 0 /home/bepis/prog/verus-cad/monotile/empty_certs/42154_13871951595106629321729.cnf
1137795174518082190181377 3 3 3 0 /home/bepis/prog/verus-cad/monotile/empty_certs/42155_1137795174518082190181377.cnf
9519672911917247104001 3 3 3 0 /home/bepis/prog/verus-cad/monotile/empty_certs/42322_9519672911917247104001.cnf
276701209484154897409 3 3 3 0 /home/bepis/prog/verus-cad/monotile/empty_certs/42336_276701209484154897409.cnf
2427298678073191225623553 3 3 3 0 /home/bepis/prog/verus-cad/monotile/empty_certs/42526_2427298678073191225623553.cnf
2422576329604737286604801 3 3 3 0 /home/bepis/prog/verus-cad/monotile/empty_certs/42658_2422576329604737286604801.cnf
2422575176692011592910849 3 3 3 0 /home/bepis/prog/verus-cad/monotile/empty_certs/42662_2422575176692011592910849.cnf
1213649357068586325182465 3 3 3 0 /home/bepis/prog/verus-cad/monotile/empty_certs/42667_1213649357068586325182465.cnf
2424936359926866542397441 3 3 3 0 /home/bepis/prog/verus-cad/monotile/empty_certs/42680_2424936359926866542397441.cnf
1213944486959435887937537 3 3 3 0 /home/bepis/prog/verus-cad/monotile/empty_certs/42738_1213944486959435887937537.cnf
1214239634864615240763393 3 3 3 0 /home/bepis/prog/verus-cad/monotile/empty_certs/42739_1214239634864615240763393.cnf
1218666853442511691581441 3 3 3 0 /home/bepis/prog/verus-cad/monotile/empty_certs/42758_1218666853442511691581441.cnf
1218666853442786569488385 3 3 3 0 /home/bepis/prog/verus-cad/monotile/empty_certs/42777_1218666853442786569488385.cnf
1218962001347965922314241 3 3 3 0 /home/bepis/prog/verus-cad/monotile/empty_certs/42778_1218962001347965922314241.cnf
1213667785800460548442113 3 3 3 0 /home/bepis/prog/verus-cad/monotile/empty_certs/42796_1213667785800460548442113.cnf
1213686232544534257993729 3 3 3 0 /home/bepis/prog/verus-cad/monotile/empty_certs/42797_1213686232544534257993729.cnf
1218519279491846160517121 3 3 3 0 /home/bepis/prog/verus-cad/monotile/empty_certs/42798_1218519279491846160517121.cnf
2422593605417288746403841 3 3 3 0 /home/bepis/prog/verus-cad/monotile/empty_certs/42816_2422593605417288746403841.cnf
2422612052161362455955457 3 3 3 0 /home/bepis/prog/verus-cad/monotile/empty_certs/42817_2422612052161362455955457.cnf
2427445099108674358478849 3 3 3 0 /home/bepis/prog/verus-cad/monotile/empty_certs/42818_2427445099108674358478849.cnf
2422593605421686792914945 3 3 3 0 /home/bepis/prog/verus-cad/monotile/empty_certs/42835_2422593605421686792914945.cnf
2422612052165760502466561 3 3 3 0 /home/bepis/prog/verus-cad/monotile/empty_certs/42836_2422612052165760502466561.cnf
2427445099113072404989953 3 3 3 0 /home/bepis/prog/verus-cad/monotile/empty_certs/42837_2427445099113072404989953.cnf
1133369108845403847002113 3 3 3 0 /home/bepis/prog/verus-cad/monotile/empty_certs/42882_1133369108845403847002113.cnf
1213650491975696734226433 3 3 3 0 /home/bepis/prog/verus-cad/monotile/empty_certs/43027_1213650491975696734226433.cnf
75560169604112237725697 3 3 3 0 /home/bepis/prog/verus-cad/monotile/empty_certs/43032_75560169604112237725697.cnf
906696670589169795336193 3 3 3 0 /home/bepis/prog/verus-cad/monotile/empty_certs/43037_906696670589169795336193.cnf
1213650491975701029193729 3 3 3 0 /home/bepis/prog/verus-cad/monotile/empty_certs/43043_1213650491975701029193729.cnf
75560169604116532692993 3 3 3 0 /home/bepis/prog/verus-cad/monotile/empty_certs/43048_75560169604116532692993.cnf
906696670589174090303489 3 3 3 0 /home/bepis/prog/verus-cad/monotile/empty_certs/43053_906696670589174090303489.cnf
1213649339054205012281345 3 3 3 0 /home/bepis/prog/verus-cad/monotile/empty_certs/43059_1213649339054205012281345.cnf
1218371705537074657495041 3 3 3 0 /home/bepis/prog/verus-cad/monotile/empty_certs/43062_1218371705537074657495041.cnf
1133369108845421043648513 3 3 3 0 /home/bepis/prog/verus-cad/monotile/empty_certs/43065_1133369108845421043648513.cnf
1133644657101561965578241 4 4 4 1 /home/bepis/prog/verus-cad/monotile/empty_certs/43275_1133644657101561965578241.cnf
4703919774044732262401 3 3 3 0 /home/bepis/prog/verus-cad/monotile/empty_certs/43280_4703919774044732262401.cnf
1209202520810983614580737 3 3 3 0 /home/bepis/prog/verus-cad/monotile/empty_certs/43281_1209202520810983614580737.cnf
2418128340425612789286913 3 3 3 0 /home/bepis/prog/verus-cad/monotile/empty_certs/43282_2418128340425612789286913.cnf
9149585095808734201857 3 3 3 0 /home/bepis/prog/verus-cad/monotile/empty_certs/43284_9149585095808734201857.cnf
13871951578678379415553 3 3 3 0 /home/bepis/prog/verus-cad/monotile/empty_certs/43285_13871951578678379415553.cnf
227559034928684444157953 3 3 3 0 /home/bepis/prog/verus-cad/monotile/empty_certs/43304_227559034928684444157953.cnf
230215366075917094881281 3 3 3 0 /home/bepis/prog/verus-cad/monotile/empty_certs/43312_230215366075917094881281.cnf
304592638180418222295041 3 3 3 0 /home/bepis/prog/verus-cad/monotile/empty_certs/43376_304592638180418222295041.cnf
606824093084079810938881 3 3 3 0 /home/bepis/prog/verus-cad/monotile/empty_certs/43504_606824093084079810938881.cnf
910236139609184660359169 3 3 3 0 /home/bepis/prog/verus-cad/monotile/empty_certs/43624_910236139609184660359169.cnf
153476910728602460358657 3 3 3 0 /home/bepis/prog/verus-cad/monotile/empty_certs/43688_153476910728602460358657.cnf
77919047002705316808705 3 3 3 0 /home/bepis/prog/verus-cad/monotile/empty_certs/43816_77919047002705316808705.cnf
1152974212445505537 3 3 3 0 /home/bepis/prog/verus-cad/monotile/empty_certs/43926_1152974212445505537.cnf
2305895717052352513 3 3 3 0 /home/bepis/prog/verus-cad/monotile/empty_certs/43927_2305895717052352513.cnf
1209222120477528298620929 3 3 3 0 /home/bepis/prog/verus-cad/monotile/empty_certs/43931_1209222120477528298620929.cnf
1209517268382707651446785 3 3 3 0 /home/bepis/prog/verus-cad/monotile/empty_certs/43932_1209517268382707651446785.cnf
1133369108846434622375937 3 3 3 0 /home/bepis/prog/verus-cad/monotile/empty_certs/43934_1133369108846434622375937.cnf
2417852792186978120501249 3 3 3 0 /home/bepis/prog/verus-cad/monotile/empty_certs/43936_2417852792186978120501249.cnf
1133370261767939229222913 3 3 3 0 /home/bepis/prog/verus-cad/monotile/empty_certs/43938_1133370261767939229222913.cnf
1208928125493853552642049 3 3 3 0 /home/bepis/prog/verus-cad/monotile/empty_certs/43939_1208928125493853552642049.cnf
2417853945108482727348225 3 3 3 0 /home/bepis/prog/verus-cad/monotile/empty_certs/43940_2417853945108482727348225.cnf
1254378633364852705281 3 3 3 0 /home/bepis/prog/verus-cad/monotile/empty_certs/44005_1254378633364852705281.cnf
2434970254150983485441 3 3 3 0 /home/bepis/prog/verus-cad/monotile/empty_certs/44092_2434970254150983485441.cnf
1254378634533083809793 3 3 3 0 /home/bepis/prog/verus-cad/monotile/empty_certs/44099_1254378634533083809793.cnf
2508757231545333319681 3 3 3 0 /home/bepis/prog/verus-cad/monotile/empty_certs/44100_2508757231545333319681.cnf
2398076769302099265537 3 3 3 0 /home/bepis/prog/verus-cad/monotile/empty_certs/44105_2398076769302099265537.cnf
2379630029626436225025 3 3 3 0 /home/bepis/prog/verus-cad/monotile/empty_certs/44111_2379630029626436225025.cnf
3597115133680903260161 3 3 3 0 /home/bepis/prog/verus-cad/monotile/empty_certs/44177_3597115133680903260161.cnf
1106804683730113792001 3 3 3 0 /home/bepis/prog/verus-cad/monotile/empty_certs/44178_1106804683730113792001.cnf
3763135840239893874689 3 3 3 0 /home/bepis/prog/verus-cad/monotile/empty_certs/44183_3763135840239893874689.cnf
2420213975428206784677889 3 3 3 0 /home/bepis/prog/verus-cad/monotile/empty_certs/44188_2420213975428206784677889.cnf
4427218613699298199553 3 3 3 0 /home/bepis/prog/verus-cad/monotile/empty_certs/44210_4427218613699298199553.cnf
4741966200125008119809 3 3 3 0 /home/bepis/prog/verus-cad/monotile/empty_certs/44395_4741966200125008119809.cnf
4760412944198717671425 3 3 3 0 /home/bepis/prog/verus-cad/monotile/empty_certs/44396_4760412944198717671425.cnf
9593459891510620194817 3 3 3 0 /home/bepis/prog/verus-cad/monotile/empty_certs/44397_9593459891510620194817.cnf
1133369108861896504641537 3 3 3 0 /home/bepis/prog/verus-cad/monotile/empty_certs/44400_1133369108861896504641537.cnf
4724672377555905415169 3 3 3 0 /home/bepis/prog/verus-cad/monotile/empty_certs/44402_4724672377555905415169.cnf
9447038860425550628865 3 3 3 0 /home/bepis/prog/verus-cad/monotile/empty_certs/44403_9447038860425550628865.cnf
1133370261783401111488513 3 3 3 0 /home/bepis/prog/verus-cad/monotile/empty_certs/44404_1133370261783401111488513.cnf
9149585112236984109057 3 3 3 0 /home/bepis/prog/verus-cad/monotile/empty_certs/44413_9149585112236984109057.cnf
13871951595106629322753 3 3 3 0 /home/bepis/prog/verus-cad/monotile/empty_certs/44414_13871951595106629322753.cnf
1137795174518082190182401 3 3 3 0 /home/bepis/prog/verus-cad/monotile/empty_certs/44415_1137795174518082190182401.cnf
2427298678073191225624577 3 3 3 0 /home/bepis/prog/verus-cad/monotile/empty_certs/44762_2427298678073191225624577.cnf
2427297525160482728837121 3 3 3 0 /home/bepis/prog/verus-cad/monotile/empty_certs/44908_2427297525160482728837121.cnf
2427296373329693656743937 3 3 3 0 /home/bepis/prog/verus-cad/monotile/empty_certs/44915_2427296373329693656743937.cnf
2427296374455593563586561 3 3 3 0 /home/bepis/prog/verus-cad/monotile/empty_certs/44916_2427296374455593563586561.cnf
9448119672659090079745 3 3 3 0 /home/bepis/prog/verus-cad/monotile/empty_certs/45023_9448119672659090079745.cnf
1218666853442237099147265 3 3 3 0 /home/bepis/prog/verus-cad/monotile/empty_certs/45080_1218666853442237099147265.cnf
13871951578614257156097 3 3 3 0 /home/bepis/prog/verus-cad/monotile/empty_certs/45086_13871951578614257156097.cnf
1218373002556162269511681 3 3 3 0 /home/bepis/prog/verus-cad/monotile/empty_certs/45107_1218373002556162269511681.cnf
9448119672663401824257 3 3 3 0 /home/bepis/prog/verus-cad/monotile/empty_certs/45110_9448119672663401824257.cnf
1218373002556166564478977 3 3 3 0 /home/bepis/prog/verus-cad/monotile/empty_certs/45118_1218373002556166564478977.cnf
1218372858458570674667521 3 3 3 0 /home/bepis/prog/verus-cad/monotile/empty_certs/45122_1218372858458570674667521.cnf
9448119672667696791553 3 3 3 0 /home/bepis/prog/verus-cad/monotile/empty_certs/45123_9448119672667696791553.cnf
9445818051774543822849 3 3 3 0 /home/bepis/prog/verus-cad/monotile/empty_certs/45157_9445818051774543822849.cnf
13871955765554267291649 3 3 3 0 /home/bepis/prog/verus-cad/monotile/empty_certs/45158_13871955765554267291649.cnf
1218370552861843475660801 3 3 3 0 /home/bepis/prog/verus-cad/monotile/empty_certs/45176_1218370552861843475660801.cnf
1218370555958068219478017 3 3 3 0 /home/bepis/prog/verus-cad/monotile/empty_certs/45192_1218370555958068219478017.cnf
9446966751154500009985 3 3 3 0 /home/bepis/prog/verus-cad/monotile/empty_certs/45213_9446966751154500009985.cnf
13873032407340185550849 3 3 3 0 /home/bepis/prog/verus-cad/monotile/empty_certs/45215_13873032407340185550849.cnf
9444732982300416147457 3 3 3 0 /home/bepis/prog/verus-cad/monotile/empty_certs/45266_9444732982300416147457.cnf
13873032407408603037697 3 3 3 0 /home/bepis/prog/verus-cad/monotile/empty_certs/45267_13873032407408603037697.cnf
9445885903740598484993 3 3 3 0 /home/bepis/prog/verus-cad/monotile/empty_certs/45270_9445885903740598484993.cnf
9447038825245205331969 3 3 3 0 /home/bepis/prog/verus-cad/monotile/empty_certs/45271_9447038825245205331969.cnf
9445818051778536800257 3 3 3 0 /home/bepis/prog/verus-cad/monotile/empty_certs/45273_9445818051778536800257.cnf
9446966751158492987393 3 3 3 0 /home/bepis/prog/verus-cad/monotile/empty_certs/45275_9446966751158492987393.cnf
9448119672663099834369 3 3 3 0 /home/bepis/prog/verus-cad/monotile/empty_certs/45276_9448119672663099834369.cnf
10330177529001619488769 3 3 3 0 /home/bepis/prog/verus-cad/monotile/empty_certs/45298_10330177529001619488769.cnf
12986511208890585317377 3 3 3 0 /home/bepis/prog/verus-cad/monotile/empty_certs/45299_12986511208890585317377.cnf
10625324876728040161281 3 3 3 0 /home/bepis/prog/verus-cad/monotile/empty_certs/45385_10625324876728040161281.cnf
9739882005614911815681 3 3 3 0 /home/bepis/prog/verus-cad/monotile/empty_certs/45387_9739882005614911815681.cnf
10035031036694171484161 3 3 3 0 /home/bepis/prog/verus-cad/monotile/empty_certs/45388_10035031036694171484161.cnf
11805916497445719900161 3 3 3 0 /home/bepis/prog/verus-cad/monotile/empty_certs/45481_11805916497445719900161.cnf
9739883131515087093761 3 3 3 0 /home/bepis/prog/verus-cad/monotile/empty_certs/45483_9739883131515087093761.cnf
12986508675618210840577 3 3 3 0 /home/bepis/prog/verus-cad/monotile/empty_certs/45534_12986508675618210840577.cnf
10625325721153775599617 3 3 3 0 /home/bepis/prog/verus-cad/monotile/empty_certs/45602_10625325721153775599617.cnf
11805918467771093745665 3 3 3 0 /home/bepis/prog/verus-cad/monotile/empty_certs/45603_11805918467771093745665.cnf
9444733017480761704449 3 3 3 0 /home/bepis/prog/verus-cad/monotile/empty_certs/45720_9444733017480761704449.cnf
9444737187928365858817 3 3 3 0 /home/bepis/prog/verus-cad/monotile/empty_certs/45725_9444737187928365858817.cnf
9444949986257754390529 3 3 3 0 /home/bepis/prog/verus-cad/monotile/empty_certs/45736_9444949986257754390529.cnf
9445601037878886137857 3 3 3 0 /home/bepis/prog/verus-cad/monotile/empty_certs/45737_9445601037878886137857.cnf
9445309716766958813185 3 3 3 0 /home/bepis/prog/verus-cad/monotile/empty_certs/45778_9445309716766958813185.cnf
9444879341527568220161 3 3 3 0 /home/bepis/prog/verus-cad/monotile/empty_certs/45781_9444879341527568220161.cnf
9445021486395102068737 3 3 3 0 /home/bepis/prog/verus-cad/monotile/empty_certs/45815_9445021486395102068737.cnf
9444878215631956344833 3 3 3 0 /home/bepis/prog/verus-cad/monotile/empty_certs/45817_9444878215631956344833.cnf
9445598504642750447617 3 3 3 0 /home/bepis/prog/verus-cad/monotile/empty_certs/45832_9445598504642750447617.cnf
9445310561204773847041 3 3 3 0 /home/bepis/prog/verus-cad/monotile/empty_certs/45863_9445310561204773847041.cnf
9445023456728528977921 3 3 3 0 /home/bepis/prog/verus-cad/monotile/empty_certs/45864_9445023456728528977921.cnf
9445311687121860558849 3 3 3 0 /home/bepis/prog/verus-cad/monotile/empty_certs/45889_9445311687121860558849.cnf
9445885925726804508673 3 3 3 0 /home/bepis/prog/verus-cad/monotile/empty_certs/45915_9445885925726804508673.cnf
9444737191162476232705 3 3 3 0 /home/bepis/prog/verus-cad/monotile/empty_certs/45917_9444737191162476232705.cnf
9444736352235104239617 3 3 3 0 /home/bepis/prog/verus-cad/monotile/empty_certs/45986_9444736352235104239617.cnf
2427297525160482729099265 3 3 3 0 /home/bepis/prog/verus-cad/monotile/empty_certs/46006_2427297525160482729099265.cnf
2427296373329693657006081 3 3 3 0 /home/bepis/prog/verus-cad/monotile/empty_certs/46013_2427296373329693657006081.cnf
2427296374455593563848705 3 3 3 0 /home/bepis/prog/verus-cad/monotile/empty_certs/46014_2427296374455593563848705.cnf
13871955765554250776577 3 3 3 0 /home/bepis/prog/verus-cad/monotile/empty_certs/46053_13871955765554250776577.cnf
9446966751154483494913 3 3 3 0 /home/bepis/prog/verus-cad/monotile/empty_certs/46115_9446966751154483494913.cnf
9448119672659090341889 3 3 3 0 /home/bepis/prog/verus-cad/monotile/empty_certs/46116_9448119672659090341889.cnf
13871951578614257418241 3 3 3 0 /home/bepis/prog/verus-cad/monotile/empty_certs/46175_13871951578614257418241.cnf
9448119672667697053697 3 3 3 0 /home/bepis/prog/verus-cad/monotile/empty_certs/46186_9448119672667697053697.cnf
9445818051774544084993 3 3 3 0 /home/bepis/prog/verus-cad/monotile/empty_certs/46219_9445818051774544084993.cnf
13871955765554267553793 3 3 3 0 /home/bepis/prog/verus-cad/monotile/empty_certs/46220_13871955765554267553793.cnf
1218370556802493149872129 3 3 3 0 /home/bepis/prog/verus-cad/monotile/empty_certs/46222_1218370556802493149872129.cnf
9446966751154500272129 3 3 3 0 /home/bepis/prog/verus-cad/monotile/empty_certs/46275_9446966751154500272129.cnf
13873032407340185812993 3 3 3 0 /home/bepis/prog/verus-cad/monotile/empty_certs/46277_13873032407340185812993.cnf
9444732982300416409601 3 3 3 0 /home/bepis/prog/verus-cad/monotile/empty_certs/46328_9444732982300416409601.cnf
13873032407408603299841 3 3 3 0 /home/bepis/prog/verus-cad/monotile/empty_certs/46329_13873032407408603299841.cnf
9445885903740598747137 3 3 3 0 /home/bepis/prog/verus-cad/monotile/empty_certs/46332_9445885903740598747137.cnf
9447038825245205594113 3 3 3 0 /home/bepis/prog/verus-cad/monotile/empty_certs/46333_9447038825245205594113.cnf
9445818051778537062401 3 3 3 0 /home/bepis/prog/verus-cad/monotile/empty_certs/46335_9445818051778537062401.cnf
9446966751158493249537 3 3 3 0 /home/bepis/prog/verus-cad/monotile/empty_certs/46337_9446966751158493249537.cnf
9448119672663100096513 3 3 3 0 /home/bepis/prog/verus-cad/monotile/empty_certs/46338_9448119672663100096513.cnf
10330177529001619750913 3 3 3 0 /home/bepis/prog/verus-cad/monotile/empty_certs/46360_10330177529001619750913.cnf
12986511208890585579521 3 3 3 0 /home/bepis/prog/verus-cad/monotile/empty_certs/46361_12986511208890585579521.cnf
11805916493047405215745 3 3 3 0 /home/bepis/prog/verus-cad/monotile/empty_certs/46440_11805916493047405215745.cnf
10625325153804970622977 3 3 3 0 /home/bepis/prog/verus-cad/monotile/empty_certs/46441_10625325153804970622977.cnf
10035029906396218392577 3 3 3 0 /home/bepis/prog/verus-cad/monotile/empty_certs/46442_10035029906396218392577.cnf
9739883127116772409345 3 3 3 0 /home/bepis/prog/verus-cad/monotile/empty_certs/46443_9739883127116772409345.cnf
9739882005614912077825 3 3 3 0 /home/bepis/prog/verus-cad/monotile/empty_certs/46449_9739882005614912077825.cnf
10035031036694171746305 3 3 3 0 /home/bepis/prog/verus-cad/monotile/empty_certs/46450_10035031036694171746305.cnf
10625324872330262347777 3 3 3 0 /home/bepis/prog/verus-cad/monotile/empty_certs/46537_10625324872330262347777.cnf
11805916774522650361857 3 3 3 0 /home/bepis/prog/verus-cad/monotile/empty_certs/46538_11805916774522650361857.cnf
9739882001217134002177 3 3 3 0 /home/bepis/prog/verus-cad/monotile/empty_certs/46539_9739882001217134002177.cnf
9739883131515087355905 3 3 3 0 /home/bepis/prog/verus-cad/monotile/empty_certs/46545_9739883131515087355905.cnf
12986508675618211102721 3 3 3 0 /home/bepis/prog/verus-cad/monotile/empty_certs/46596_12986508675618211102721.cnf
11805917337473140654081 3 3 3 0 /home/bepis/prog/verus-cad/monotile/empty_certs/46659_11805917337473140654081.cnf
10625326842655636193281 3 3 3 0 /home/bepis/prog/verus-cad/monotile/empty_certs/46660_10625326842655636193281.cnf
11805918467771094007809 3 3 3 0 /home/bepis/prog/verus-cad/monotile/empty_certs/46665_11805918467771094007809.cnf
11805917341872260907009 3 3 3 0 /home/bepis/prog/verus-cad/monotile/empty_certs/46741_11805917341872260907009.cnf
9444733017480761966593 3 3 3 0 /home/bepis/prog/verus-cad/monotile/empty_certs/46782_9444733017480761966593.cnf
9444737187928366120961 3 3 3 0 /home/bepis/prog/verus-cad/monotile/empty_certs/46787_9444737187928366120961.cnf
9444949986257754652673 3 3 3 0 /home/bepis/prog/verus-cad/monotile/empty_certs/46798_9444949986257754652673.cnf
9445601037878886400001 3 3 3 0 /home/bepis/prog/verus-cad/monotile/empty_certs/46799_9445601037878886400001.cnf
9445021481992760852481 3 3 3 0 /home/bepis/prog/verus-cad/monotile/empty_certs/46833_9445021481992760852481.cnf
9445309993843889274881 3 3 3 0 /home/bepis/prog/verus-cad/monotile/empty_certs/46834_9445309993843889274881.cnf
9444878211229615128577 3 3 3 0 /home/bepis/prog/verus-cad/monotile/empty_certs/46835_9444878211229615128577.cnf
9444807279535484043265 3 3 3 0 /home/bepis/prog/verus-cad/monotile/empty_certs/46836_9444807279535484043265.cnf
9444806158033623711745 3 3 3 0 /home/bepis/prog/verus-cad/monotile/empty_certs/46842_9444806158033623711745.cnf
9444879341527568482305 3 3 3 0 /home/bepis/prog/verus-cad/monotile/empty_certs/46843_9444879341527568482305.cnf
9445309712373207531521 3 3 3 0 /home/bepis/prog/verus-cad/monotile/empty_certs/46871_9445309712373207531521.cnf
9445021763472032530433 3 3 3 0 /home/bepis/prog/verus-cad/monotile/empty_certs/46872_9445021763472032530433.cnf
9445598504642750709761 3 3 3 0 /home/bepis/prog/verus-cad/monotile/empty_certs/46894_9445598504642750709761.cnf
9445022326430575886337 3 3 3 0 /home/bepis/prog/verus-cad/monotile/empty_certs/46920_9445022326430575886337.cnf
9445311682706634440705 3 3 3 0 /home/bepis/prog/verus-cad/monotile/empty_certs/46921_9445311682706634440705.cnf
9445310561204774109185 3 3 3 0 /home/bepis/prog/verus-cad/monotile/empty_certs/46925_9445310561204774109185.cnf
9445023456728529240065 3 3 3 0 /home/bepis/prog/verus-cad/monotile/empty_certs/46926_9445023456728529240065.cnf
9445310556823907467265 3 3 3 0 /home/bepis/prog/verus-cad/monotile/empty_certs/46947_9445310556823907467265.cnf
9445311687121860820993 3 3 3 0 /home/bepis/prog/verus-cad/monotile/empty_certs/46951_9445311687121860820993.cnf
9445885938920944304129 3 3 3 0 /home/bepis/prog/verus-cad/monotile/empty_certs/46964_9445885938920944304129.cnf
9444734108131872210945 3 3 3 0 /home/bepis/prog/verus-cad/monotile/empty_certs/46971_9444734108131872210945.cnf
9444735234031779053569 3 3 3 0 /home/bepis/prog/verus-cad/monotile/empty_certs/46972_9444735234031779053569.cnf
9444737191162476494849 3 3 3 0 /home/bepis/prog/verus-cad/monotile/empty_certs/46979_9444737191162476494849.cnf
9444737192261988122625 3 3 3 0 /home/bepis/prog/verus-cad/monotile/empty_certs/47031_9444737192261988122625.cnf
907579825315008558923777 3 3 3 0 /home/bepis/prog/verus-cad/monotile/empty_certs/47370_907579825315008558923777.cnf
4427286131684719722497 3 3 3 0 /home/bepis/prog/verus-cad/monotile/empty_certs/47488_4427286131684719722497.cnf
1107682846349927120897 3 3 3 0 /home/bepis/prog/verus-cad/monotile/empty_certs/47501_1107682846349927120897.cnf
332190012114491932673 3 3 3 0 /home/bepis/prog/verus-cad/monotile/empty_certs/47529_332190012114491932673.cnf
4703923978448079421441 4 4 4 1 /home/bepis/prog/verus-cad/monotile/empty_certs/48285_4703923978448079421441.cnf
1152939032099946497 3 3 3 0 /home/bepis/prog/verus-cad/monotile/empty_certs/48286_1152939032099946497.cnf
2305860536706793473 3 3 3 0 /home/bepis/prog/verus-cad/monotile/empty_certs/48287_2305860536706793473.cnf
1209202524998894287323137 3 3 3 0 /home/bepis/prog/verus-cad/monotile/empty_certs/48290_1209202524998894287323137.cnf
1133371342596669452582913 3 3 3 0 /home/bepis/prog/verus-cad/monotile/empty_certs/48293_1133371342596669452582913.cnf
1137795246259020905840641 5 5 5 1 /home/bepis/prog/verus-cad/monotile/empty_certs/48311_1137795246259020905840641.cnf
4723519420870953009153 3 3 3 0 /home/bepis/prog/verus-cad/monotile/empty_certs/48317_4723519420870953009153.cnf
4724672342375559856129 3 3 3 0 /home/bepis/prog/verus-cad/monotile/empty_certs/48320_4724672342375559856129.cnf
10330180072172014272513 3 3 3 0 /home/bepis/prog/verus-cad/monotile/empty_certs/48712_10330180072172014272513.cnf
906695531156470314827777 3 3 3 0 /home/bepis/prog/verus-cad/monotile/empty_certs/48713_906695531156470314827777.cnf
226675951077142657236993 3 3 3 0 /home/bepis/prog/verus-cad/monotile/empty_certs/48715_226675951077142657236993.cnf
151118037800636779593729 3 3 3 0 /home/bepis/prog/verus-cad/monotile/empty_certs/49825_151118037800636779593729.cnf
5902958670935324884993 3 3 3 0 /home/bepis/prog/verus-cad/monotile/empty_certs/49862_5902958670935324884993.cnf
2417925426487303579107329 3 3 3 0 /home/bepis/prog/verus-cad/monotile/empty_certs/50909_2417925426487303579107329.cnf
2418073003536670439505921 3 3 3 0 /home/bepis/prog/verus-cad/monotile/empty_certs/51748_2418073003536670439505921.cnf
226674960272857545834497 3 3 3 0 /home/bepis/prog/verus-cad/monotile/empty_certs/51749_226674960272857545834497.cnf
906695531146577126096897 3 3 3 0 /home/bepis/prog/verus-cad/monotile/empty_certs/51773_906695531146577126096897.cnf
12986511218788605624321 3 3 3 0 /home/bepis/prog/verus-cad/monotile/empty_certs/51799_12986511218788605624321.cnf
226674757623243819974657 3 3 3 0 /home/bepis/prog/verus-cad/monotile/empty_certs/51800_226674757623243819974657.cnf
75576314978003960463361 3 3 3 0 /home/bepis/prog/verus-cad/monotile/empty_certs/52094_75576314978003960463361.cnf
151152629951591620804609 3 3 3 0 /home/bepis/prog/verus-cad/monotile/empty_certs/52095_151152629951591620804609.cnf
604610501778719073370113 3 3 3 0 /home/bepis/prog/verus-cad/monotile/empty_certs/52096_604610501778719073370113.cnf
302305277913165450969089 3 3 3 0 /home/bepis/prog/verus-cad/monotile/empty_certs/52097_302305277913165450969089.cnf
151134178708316330393601 3 3 3 0 /home/bepis/prog/verus-cad/monotile/empty_certs/52100_151134178708316330393601.cnf
75594766230075343896577 3 3 3 0 /home/bepis/prog/verus-cad/monotile/empty_certs/52101_75594766230075343896577.cnf
302379046879459826204673 3 3 3 0 /home/bepis/prog/verus-cad/monotile/empty_certs/52102_302379046879459826204673.cnf
604536732821220791156737 3 3 3 0 /home/bepis/prog/verus-cad/monotile/empty_certs/52103_604536732821220791156737.cnf
75560187584422631964673 3 3 3 0 /home/bepis/prog/verus-cad/monotile/empty_certs/52544_75560187584422631964673.cnf
4705068174224381706241 3 3 3 0 /home/bepis/prog/verus-cad/monotile/empty_certs/54034_4705068174224381706241.cnf
2417851639511764118274049 3 3 3 0 /home/bepis/prog/verus-cad/monotile/empty_certs/54072_2417851639511764118274049.cnf
2417851642607988862091265 3 3 3 0 /home/bepis/prog/verus-cad/monotile/empty_certs/54091_2417851642607988862091265.cnf
1133644724604845697269761 3 3 3 0 /home/bepis/prog/verus-cad/monotile/empty_certs/54115_1133644724604845697269761.cnf
2233786445967917057 3 3 3 0 /home/bepis/prog/verus-cad/monotile/empty_certs/54127_2233786445967917057.cnf
2031136832242057217 3 3 3 0 /home/bepis/prog/verus-cad/monotile/empty_certs/54211_2031136832242057217.cnf
2417851643451589158502401 3 3 3 0 /home/bepis/prog/verus-cad/monotile/empty_certs/54248_2417851643451589158502401.cnf
226674757610252617646081 3 3 3 0 /home/bepis/prog/verus-cad/monotile/empty_certs/54313_226674757610252617646081.cnf
906695531143481528418305 3 3 3 0 /home/bepis/prog/verus-cad/monotile/empty_certs/54314_906695531143481528418305.cnf
1229483866503249921 3 3 3 0 /home/bepis/prog/verus-cad/monotile/empty_certs/54431_1229483866503249921.cnf
1306045060168548353 3 3 3 0 /home/bepis/prog/verus-cad/monotile/empty_certs/54437_1306045060168548353.cnf
2417851643451932755886081 3 3 3 0 /home/bepis/prog/verus-cad/monotile/empty_certs/56057_2417851643451932755886081.cnf
16777200 3 3 3 0 /home/bepis/prog/verus-cad/monotile/empty_certs/56935_16777200.cnf
1137796255346808388059120 4 4 4 1 /home/bepis/prog/verus-cad/monotile/empty_certs/56936_1137796255346808388059120.cnf
276768716130846048240 3 3 3 0 /home/bepis/prog/verus-cad/monotile/empty_certs/56938_276768716130846048240.cnf
276705383294719430640 3 3 3 0 /home/bepis/prog/verus-cad/monotile/empty_certs/56948_276705383294719430640.cnf
1180659175742614015984 4 4 4 1 /home/bepis/prog/verus-cad/monotile/empty_certs/56969_1180659175742614015984.cnf
148654832992919752688 4 4 4 1 /home/bepis/prog/verus-cad/monotile/empty_certs/56979_148654832992919752688.cnf
4703919738795935666160 3 3 3 0 /home/bepis/prog/verus-cad/monotile/empty_certs/56983_4703919738795935666160.cnf
1133644657049820494565360 3 3 3 0 /home/bepis/prog/verus-cad/monotile/empty_certs/56984_1133644657049820494565360.cnf
230528005926027504 3 3 3 0 /home/bepis/prog/verus-cad/monotile/empty_certs/57075_230528005926027504.cnf
879046352267378928 3 3 3 0 /home/bepis/prog/verus-cad/monotile/empty_certs/57076_879046352267378928.cnf
919578748913713392 3 3 3 0 /home/bepis/prog/verus-cad/monotile/empty_certs/57080_919578748913713392.cnf
303412051309449309061360 3 3 3 0 /home/bepis/prog/verus-cad/monotile/empty_certs/57095_303412051309449309061360.cnf
606824097833824014041328 3 3 3 0 /home/bepis/prog/verus-cad/monotile/empty_certs/57096_606824097833824014041328.cnf
605643510716706230108400 3 3 3 0 /home/bepis/prog/verus-cad/monotile/empty_certs/57102_605643510716706230108400.cnf
304592647433766347735280 3 3 3 0 /home/bepis/prog/verus-cad/monotile/empty_certs/57103_304592647433766347735280.cnf
233061280716423408 3 3 3 0 /home/bepis/prog/verus-cad/monotile/empty_certs/57146_233061280716423408.cnf
881579627057774832 3 3 3 0 /home/bepis/prog/verus-cad/monotile/empty_certs/57147_881579627057774832.cnf
922112023704109296 3 3 3 0 /home/bepis/prog/verus-cad/monotile/empty_certs/57150_922112023704109296.cnf
910236196994019363913968 3 3 3 0 /home/bepis/prog/verus-cad/monotile/empty_certs/57151_910236196994019363913968.cnf
605053211247172827218160 3 3 3 0 /home/bepis/prog/verus-cad/monotile/empty_certs/57161_605053211247172827218160.cnf
302821757469415440384240 3 3 3 0 /home/bepis/prog/verus-cad/monotile/empty_certs/57183_302821757469415440384240.cnf
1148417904979476720 3 3 3 0 /home/bepis/prog/verus-cad/monotile/empty_certs/57199_1148417904979476720.cnf
3541842416146644467952 3 3 3 0 /home/bepis/prog/verus-cad/monotile/empty_certs/57206_3541842416146644467952.cnf
3763365474617744425200 3 3 3 0 /home/bepis/prog/verus-cad/monotile/empty_certs/57210_3763365474617744425200.cnf
738162496924161147120 3 3 3 0 /home/bepis/prog/verus-cad/monotile/empty_certs/57230_738162496924161147120.cnf
664663751005474652400 3 3 3 0 /home/bepis/prog/verus-cad/monotile/empty_certs/57232_664663751005474652400.cnf
3764054525360732111088 3 3 3 0 /home/bepis/prog/verus-cad/monotile/empty_certs/57253_3764054525360732111088.cnf
3597993309700997788464 3 3 3 0 /home/bepis/prog/verus-cad/monotile/empty_certs/57280_3597993309700997788464.cnf
3764054539379505378096 3 3 3 0 /home/bepis/prog/verus-cad/monotile/empty_certs/57282_3764054539379505378096.cnf
906749758987213175046960 3 3 3 0 /home/bepis/prog/verus-cad/monotile/empty_certs/57300_906749758987213175046960.cnf
906915739150861448823600 3 3 3 0 /home/bepis/prog/verus-cad/monotile/empty_certs/57302_906915739150861448823600.cnf
226728985453984273711920 3 3 3 0 /home/bepis/prog/verus-cad/monotile/empty_certs/57303_226728985453984273711920.cnf
3763139168788012008240 3 3 3 0 /home/bepis/prog/verus-cad/monotile/empty_certs/57319_3763139168788012008240.cnf
276701161105646420784 3 3 3 0 /home/bepis/prog/verus-cad/monotile/empty_certs/57354_276701161105646420784.cnf
233064836949345072 3 3 3 0 /home/bepis/prog/verus-cad/monotile/empty_certs/57366_233064836949345072.cnf
906694368088723141165872 3 3 3 0 /home/bepis/prog/verus-cad/monotile/empty_certs/57374_906694368088723141165872.cnf
4427272621710454555440 3 3 3 0 /home/bepis/prog/verus-cad/monotile/empty_certs/57388_4427272621710454555440.cnf
221577104965163287344 3 3 3 0 /home/bepis/prog/verus-cad/monotile/empty_certs/57399_221577104965163287344.cnf
277565865428237943600 3 3 3 0 /home/bepis/prog/verus-cad/monotile/empty_certs/57404_277565865428237943600.cnf
885497758939745356848 3 3 3 0 /home/bepis/prog/verus-cad/monotile/empty_certs/57522_885497758939745356848.cnf
56204926648118676528 3 3 3 0 /home/bepis/prog/verus-cad/monotile/empty_certs/57530_56204926648118676528.cnf
75576314973656380870928 3 3 3 0 /home/bepis/prog/verus-cad/monotile/empty_certs/57841_75576314973656380870928.cnf
151152629947312760688912 3 3 3 0 /home/bepis/prog/verus-cad/monotile/empty_certs/57842_151152629947312760688912.cnf
604610501774577652207888 3 3 3 0 /home/bepis/prog/verus-cad/monotile/empty_certs/57843_604610501774577652207888.cnf
302305277909298907713808 3 3 3 0 /home/bepis/prog/verus-cad/monotile/empty_certs/57844_302305277909298907713808.cnf
151134178699570705338640 3 3 3 0 /home/bepis/prog/verus-cad/monotile/empty_certs/57846_151134178699570705338640.cnf
75594766221398438318352 3 3 3 0 /home/bepis/prog/verus-cad/monotile/empty_certs/57847_75594766221398438318352.cnf
302379046870920359579920 3 3 3 0 /home/bepis/prog/verus-cad/monotile/empty_certs/57848_302379046870920359579920.cnf
604536732812956202438928 3 3 3 0 /home/bepis/prog/verus-cad/monotile/empty_certs/57849_604536732812956202438928.cnf
302249906151399354274064 3 3 3 0 /home/bepis/prog/verus-cad/monotile/empty_certs/57851_302249906151399354274064.cnf
604499812302798704349456 3 3 3 0 /home/bepis/prog/verus-cad/monotile/empty_certs/57852_604499812302798704349456.cnf
75705455693177391419664 3 3 3 0 /home/bepis/prog/verus-cad/monotile/empty_certs/57853_75705455693177391419664.cnf
151189550457470264021264 3 3 3 0 /home/bepis/prog/verus-cad/monotile/empty_certs/57854_151189550457470264021264.cnf
604481361055056652144912 3 3 3 0 /home/bepis/prog/verus-cad/monotile/empty_certs/57856_604481361055056652144912.cnf
302268357399141414867216 3 3 3 0 /home/bepis/prog/verus-cad/monotile/empty_certs/57857_302268357399141414867216.cnf
151263319419091719033104 3 3 3 0 /home/bepis/prog/verus-cad/monotile/empty_certs/57858_151263319419091719033104.cnf
75631686731555944796432 3 3 3 0 /home/bepis/prog/verus-cad/monotile/empty_certs/57859_75631686731555944796432.cnf
608891175487861166352 3 3 3 0 /home/bepis/prog/verus-cad/monotile/empty_certs/57861_608891175487861166352.cnf
332122459357015183632 3 3 3 0 /home/bepis/prog/verus-cad/monotile/empty_certs/57865_332122459357015183632.cnf
442811931135966187792 3 3 3 0 /home/bepis/prog/verus-cad/monotile/empty_certs/57870_442811931135966187792.cnf
738031895008868569360 3 3 3 0 /home/bepis/prog/verus-cad/monotile/empty_certs/57871_738031895008868569360.cnf
369042969514515370256 3 3 3 0 /home/bepis/prog/verus-cad/monotile/empty_certs/57875_369042969514515370256.cnf
664262933387417751824 3 3 3 0 /home/bepis/prog/verus-cad/monotile/empty_certs/57876_664262933387417751824.cnf
627265860868021166352 3 3 3 0 /home/bepis/prog/verus-cad/monotile/empty_certs/57917_627265860868021166352.cnf
75631655205877509538064 3 3 3 0 /home/bepis/prog/verus-cad/monotile/empty_certs/57969_75631655205877509538064.cnf
151263310411755018010896 3 3 3 0 /home/bepis/prog/verus-cad/monotile/empty_certs/57970_151263310411755018010896.cnf
151189518931791834005776 3 3 3 0 /home/bepis/prog/verus-cad/monotile/empty_certs/57974_151189518931791834005776.cnf
75705446685840695640336 3 3 3 0 /home/bepis/prog/verus-cad/monotile/empty_certs/57975_75705446685840695640336.cnf
1254455159374145929488 3 3 3 0 /home/bepis/prog/verus-cad/monotile/empty_certs/57988_1254455159374145929488.cnf
2435118838785106788624 3 3 3 0 /home/bepis/prog/verus-cad/monotile/empty_certs/57989_2435118838785106788624.cnf
1328246639337330983184 3 3 3 0 /home/bepis/prog/verus-cad/monotile/empty_certs/57993_1328246639337330983184.cnf
2508910318748291842320 3 3 3 0 /home/bepis/prog/verus-cad/monotile/empty_certs/57994_2508910318748291842320.cnf
443019099879921172752 3 3 3 0 /home/bepis/prog/verus-cad/monotile/empty_certs/57995_443019099879921172752.cnf
609337038654199054608 3 3 3 0 /home/bepis/prog/verus-cad/monotile/empty_certs/58000_609337038654199054608.cnf
1217593196905154756880 3 3 3 0 /home/bepis/prog/verus-cad/monotile/empty_certs/58002_1217593196905154756880.cnf
151189523435460179820816 3 3 3 0 /home/bepis/prog/verus-cad/monotile/empty_certs/58045_151189523435460179820816.cnf
151263305908086672228624 3 3 3 0 /home/bepis/prog/verus-cad/monotile/empty_certs/58049_151263305908086672228624.cnf
75631659709545857450256 3 3 3 0 /home/bepis/prog/verus-cad/monotile/empty_certs/58050_75631659709545857450256.cnf
2508833756386395455760 3 3 3 0 /home/bepis/prog/verus-cad/monotile/empty_certs/58063_2508833756386395455760.cnf
1328314194362533708048 3 3 3 0 /home/bepis/prog/verus-cad/monotile/empty_certs/58064_1328314194362533708048.cnf
2435051283759904096528 3 3 3 0 /home/bepis/prog/verus-cad/monotile/empty_certs/58067_2435051283759904096528.cnf
1254531721736042348816 3 3 3 0 /home/bepis/prog/verus-cad/monotile/empty_certs/58068_1254531721736042348816.cnf
332635877548555796752 3 3 3 0 /home/bepis/prog/verus-cad/monotile/empty_certs/58074_332635877548555796752.cnf
627189861464669225232 3 3 3 0 /home/bepis/prog/verus-cad/monotile/empty_certs/58089_627189861464669225232.cnf
332041956285317447952 3 3 3 0 /home/bepis/prog/verus-cad/monotile/empty_certs/58093_332041956285317447952.cnf
2398077292540789326096 3 3 3 0 /home/bepis/prog/verus-cad/monotile/empty_certs/58097_2398077292540789326096.cnf
442722983686120210704 3 3 3 0 /home/bepis/prog/verus-cad/monotile/empty_certs/58098_442722983686120210704.cnf
604500092093194748100880 3 3 3 0 /home/bepis/prog/verus-cad/monotile/empty_certs/58107_604500092093194748100880.cnf
302268925424311652647184 3 3 3 0 /home/bepis/prog/verus-cad/monotile/empty_certs/58108_302268925424311652647184.cnf
75705510863114636165392 3 3 3 0 /home/bepis/prog/verus-cad/monotile/empty_certs/58110_75705510863114636165392.cnf
151263446647722509140240 3 3 3 0 /home/bepis/prog/verus-cad/monotile/empty_certs/58111_151263446647722509140240.cnf
302379606451712453312784 3 3 3 0 /home/bepis/prog/verus-cad/monotile/empty_certs/58113_302379606451712453312784.cnf
75631725012736884670736 3 3 3 0 /home/bepis/prog/verus-cad/monotile/empty_certs/58115_75631725012736884670736.cnf
151189660797344757645584 3 3 3 0 /home/bepis/prog/verus-cad/monotile/empty_certs/58116_151189660797344757645584.cnf
604536987270217797271824 3 3 3 0 /home/bepis/prog/verus-cad/monotile/empty_certs/58117_604536987270217797271824.cnf
608743117390959739152 3 3 3 0 /home/bepis/prog/verus-cad/monotile/empty_certs/58133_608743117390959739152.cnf
627189579985398661392 3 3 3 0 /home/bepis/prog/verus-cad/monotile/empty_certs/58137_627189579985398661392.cnf
313595212211607961872 3 3 3 0 /home/bepis/prog/verus-cad/monotile/empty_certs/58138_313595212211607961872.cnf
1217485390344106410256 3 3 3 0 /home/bepis/prog/verus-cad/monotile/empty_certs/58142_1217485390344106410256.cnf
2379630548467079840016 3 3 3 0 /home/bepis/prog/verus-cad/monotile/empty_certs/58143_2379630548467079840016.cnf
368936007391282069776 3 3 3 0 /home/bepis/prog/verus-cad/monotile/empty_certs/58144_368936007391282069776.cnf
737872014782559813904 3 3 3 0 /home/bepis/prog/verus-cad/monotile/empty_certs/58145_737872014782559813904.cnf
302250190445463744938256 3 3 3 0 /home/bepis/prog/verus-cad/monotile/empty_certs/58152_302250190445463744938256.cnf
604481933583895236837648 3 3 3 0 /home/bepis/prog/verus-cad/monotile/empty_certs/58153_604481933583895236837648.cnf
151189587612734121443600 3 3 3 0 /home/bepis/prog/verus-cad/monotile/empty_certs/58155_151189587612734121443600.cnf
75631795945513347580176 3 3 3 0 /home/bepis/prog/verus-cad/monotile/empty_certs/58156_75631795945513347580176.cnf
604537274379074908848400 3 3 3 0 /home/bepis/prog/verus-cad/monotile/empty_certs/58157_604537274379074908848400.cnf
151263375714946046361872 3 3 3 0 /home/bepis/prog/verus-cad/monotile/empty_certs/58159_151263375714946046361872.cnf
75705584047725272498448 3 3 3 0 /home/bepis/prog/verus-cad/monotile/empty_certs/58160_75705584047725272498448.cnf
302379319342855341867280 3 3 3 0 /home/bepis/prog/verus-cad/monotile/empty_certs/58161_302379319342855341867280.cnf
604611062481286833766672 3 3 3 0 /home/bepis/prog/verus-cad/monotile/empty_certs/58162_604611062481286833766672.cnf
302379101477899063263504 3 3 3 0 /home/bepis/prog/verus-cad/monotile/empty_certs/58179_302379101477899063263504.cnf
604610628440249906495760 3 3 3 0 /home/bepis/prog/verus-cad/monotile/empty_certs/58180_604610628440249906495760.cnf
604481501794692482990352 3 3 3 0 /home/bepis/prog/verus-cad/monotile/empty_certs/58184_604481501794692482990352.cnf
151134751791367839809808 3 3 3 0 /home/bepis/prog/verus-cad/monotile/empty_certs/58185_151134751791367839809808.cnf
302268422702332436021520 3 3 3 0 /home/bepis/prog/verus-cad/monotile/empty_certs/58187_302268422702332436021520.cnf
151153199661358636073232 3 3 3 0 /home/bepis/prog/verus-cad/monotile/empty_certs/58189_151153199661358636073232.cnf
664083349612088787216 3 3 3 0 /home/bepis/prog/verus-cad/monotile/empty_certs/58203_664083349612088787216.cnf
1199040616625295851792 3 3 3 0 /home/bepis/prog/verus-cad/monotile/empty_certs/58205_1199040616625295851792.cnf
737870044427656364304 3 3 3 0 /home/bepis/prog/verus-cad/monotile/empty_certs/58207_737870044427656364304.cnf
368935444432737009936 3 3 3 0 /home/bepis/prog/verus-cad/monotile/empty_certs/58208_368935444432737009936.cnf
1217486234781919740176 3 3 3 0 /home/bepis/prog/verus-cad/monotile/empty_certs/58209_1217486234781919740176.cnf
2379632237342708203792 3 3 3 0 /home/bepis/prog/verus-cad/monotile/empty_certs/58210_2379632237342708203792.cnf
2434970780688208888080 3 3 3 0 /home/bepis/prog/verus-cad/monotile/empty_certs/58212_2434970780688208888080.cnf
332042519243863359760 3 3 3 0 /home/bepis/prog/verus-cad/monotile/empty_certs/58213_332042519243863359760.cnf
608744806266593345808 3 3 3 0 /home/bepis/prog/verus-cad/monotile/empty_certs/58214_608744806266593345808.cnf
604536769405261518995728 3 3 3 0 /home/bepis/prog/verus-cad/monotile/empty_certs/58217_604536769405261518995728.cnf
302305386560297774874896 3 3 3 0 /home/bepis/prog/verus-cad/monotile/empty_certs/58218_302305386560297774874896.cnf
75595334809527226204432 3 3 3 0 /home/bepis/prog/verus-cad/monotile/empty_certs/58224_75595334809527226204432.cnf
302250048016952276287760 3 3 3 0 /home/bepis/prog/verus-cad/monotile/empty_certs/58227_302250048016952276287760.cnf
75576889191370603364624 3 3 3 0 /home/bepis/prog/verus-cad/monotile/empty_certs/58228_75576889191370603364624.cnf
605053224195305224798480 3 3 3 0 /home/bepis/prog/verus-cad/monotile/empty_certs/58243_605053224195305224798480.cnf
302821787306321318510864 3 3 3 0 /home/bepis/prog/verus-cad/monotile/empty_certs/58244_302821787306321318510864.cnf
153476920826517250900240 3 3 3 0 /home/bepis/prog/verus-cad/monotile/empty_certs/58246_153476920826517250900240.cnf
304592675300355978821904 3 3 3 0 /home/bepis/prog/verus-cad/monotile/empty_certs/58248_304592675300355978821904.cnf
152296330331716926308624 3 3 3 0 /home/bepis/prog/verus-cad/monotile/empty_certs/58250_152296330331716926308624.cnf
605643521694539560517904 3 3 3 0 /home/bepis/prog/verus-cad/monotile/empty_certs/58251_605643521694539560517904.cnf
302526621386468579344656 3 3 3 0 /home/bepis/prog/verus-cad/monotile/empty_certs/58267_302526621386468579344656.cnf
604758094304799260410128 3 3 3 0 /home/bepis/prog/verus-cad/monotile/empty_certs/58268_604758094304799260410128.cnf
152296324702131493798160 3 3 3 0 /home/bepis/prog/verus-cad/monotile/empty_certs/58270_152296324702131493798160.cnf
76738465479885517226256 3 3 3 0 /home/bepis/prog/verus-cad/monotile/empty_certs/58271_76738465479885517226256.cnf
303412065664965181178128 3 3 3 0 /home/bepis/prog/verus-cad/monotile/empty_certs/58272_303412065664965181178128.cnf
605643538583295862243600 3 3 3 0 /home/bepis/prog/verus-cad/monotile/empty_certs/58273_605643538583295862243600.cnf
153476917448765991813392 3 3 3 0 /home/bepis/prog/verus-cad/monotile/empty_certs/58275_153476917448765991813392.cnf
77919058226520015241488 3 3 3 0 /home/bepis/prog/verus-cad/monotile/empty_certs/58276_77919058226520015241488.cnf
304592658411599679193360 3 3 3 0 /home/bepis/prog/verus-cad/monotile/empty_certs/58277_304592658411599679193360.cnf
304592643211719010681104 3 3 3 0 /home/bepis/prog/verus-cad/monotile/empty_certs/58291_304592643211719010681104.cnf
606824102619044651204880 3 3 3 0 /home/bepis/prog/verus-cad/monotile/empty_certs/58292_606824102619044651204880.cnf
604758067845747724779792 3 3 3 0 /home/bepis/prog/verus-cad/monotile/empty_certs/58297_604758067845747724779792.cnf
75853030771684154540304 3 3 3 0 /home/bepis/prog/verus-cad/monotile/empty_certs/58298_75853030771684154540304.cnf
76148179802780594077968 3 3 3 0 /home/bepis/prog/verus-cad/monotile/empty_certs/58302_76148179802780594077968.cnf
77125320439759120 3 3 3 0 /home/bepis/prog/verus-cad/monotile/empty_certs/58321_77125320439759120.cnf
149184013989314832 3 3 3 0 /home/bepis/prog/verus-cad/monotile/empty_certs/58322_149184013989314832.cnf
581536175286649104 3 3 3 0 /home/bepis/prog/verus-cad/monotile/empty_certs/58323_581536175286649104.cnf
81628988786606352 3 3 3 0 /home/bepis/prog/verus-cad/monotile/empty_certs/58325_81628988786606352.cnf
153687682336162064 3 3 3 0 /home/bepis/prog/verus-cad/monotile/empty_certs/58326_153687682336162064.cnf
586039843633496336 3 3 3 0 /home/bepis/prog/verus-cad/monotile/empty_certs/58327_586039843633496336.cnf
90636325480300816 3 3 3 0 /home/bepis/prog/verus-cad/monotile/empty_certs/58329_90636325480300816.cnf
162695019029856528 3 3 3 0 /home/bepis/prog/verus-cad/monotile/empty_certs/58330_162695019029856528.cnf
595047180327190800 3 3 3 0 /home/bepis/prog/verus-cad/monotile/empty_certs/58331_595047180327190800.cnf
906694365273930424385808 3 3 3 0 /home/bepis/prog/verus-cad/monotile/empty_certs/58340_906694365273930424385808.cnf
582099133830005008 3 3 3 0 /home/bepis/prog/verus-cad/monotile/empty_certs/58344_582099133830005008.cnf
586602802176852240 3 3 3 0 /home/bepis/prog/verus-cad/monotile/empty_certs/58348_586602802176852240.cnf
163257977573212432 3 3 3 0 /home/bepis/prog/verus-cad/monotile/empty_certs/58351_163257977573212432.cnf
595610138870546704 3 3 3 0 /home/bepis/prog/verus-cad/monotile/empty_certs/58352_595610138870546704.cnf
587728719263564048 3 3 3 0 /home/bepis/prog/verus-cad/monotile/empty_certs/58369_587728719263564048.cnf
92325201110368528 3 3 3 0 /home/bepis/prog/verus-cad/monotile/empty_certs/58371_92325201110368528.cnf
164383894659924240 3 3 3 0 /home/bepis/prog/verus-cad/monotile/empty_certs/58372_164383894659924240.cnf
596736055957258512 3 3 3 0 /home/bepis/prog/verus-cad/monotile/empty_certs/58373_596736055957258512.cnf
313747772808624083472 3 3 3 0 /home/bepis/prog/verus-cad/monotile/empty_certs/58551_313747772808624083472.cnf
75631659709477136908816 3 3 3 0 /home/bepis/prog/verus-cad/monotile/empty_certs/58585_75631659709477136908816.cnf
151263305908155390640656 3 3 3 0 /home/bepis/prog/verus-cad/monotile/empty_certs/58586_151263305908155390640656.cnf
151189523435391461376528 3 3 3 0 /home/bepis/prog/verus-cad/monotile/empty_certs/58589_151189523435391461376528.cnf
1254531720567811228176 3 3 3 0 /home/bepis/prog/verus-cad/monotile/empty_certs/58594_1254531720567811228176.cnf
2435051284790696231440 3 3 3 0 /home/bepis/prog/verus-cad/monotile/empty_certs/58595_2435051284790696231440.cnf
1328314193331741540880 3 3 3 0 /home/bepis/prog/verus-cad/monotile/empty_certs/58598_1328314193331741540880.cnf
2508833757554626544144 3 3 3 0 /home/bepis/prog/verus-cad/monotile/empty_certs/58599_2508833757554626544144.cnf
738162505857693139472 3 3 3 0 /home/bepis/prog/verus-cad/monotile/empty_certs/58600_738162505857693139472.cnf
1199218510150605226512 3 3 3 0 /home/bepis/prog/verus-cad/monotile/empty_certs/58602_1199218510150605226512.cnf
151189518931860552450576 3 3 3 0 /home/bepis/prog/verus-cad/monotile/empty_certs/58629_151189518931860552450576.cnf
151263310411686299599376 3 3 3 0 /home/bepis/prog/verus-cad/monotile/empty_certs/58632_151263310411686299599376.cnf
2508910317580060754448 3 3 3 0 /home/bepis/prog/verus-cad/monotile/empty_certs/58638_2508910317580060754448.cnf
1328246640368123150864 3 3 3 0 /home/bepis/prog/verus-cad/monotile/empty_certs/58639_1328246640368123150864.cnf
2435118837754314654224 3 3 3 0 /home/bepis/prog/verus-cad/monotile/empty_certs/58641_2435118837754314654224.cnf
1254455160542377050640 3 3 3 0 /home/bepis/prog/verus-cad/monotile/empty_certs/58642_1254455160542377050640.cnf
302268636912460524225040 3 3 3 0 /home/bepis/prog/verus-cad/monotile/empty_certs/58663_302268636912460524225040.cnf
75705584046608580936208 3 3 3 0 /home/bepis/prog/verus-cad/monotile/empty_certs/58665_75705584046608580936208.cnf
151263375716028378055184 3 3 3 0 /home/bepis/prog/verus-cad/monotile/empty_certs/58666_151263375716028378055184.cnf
75631795944431015756304 3 3 3 0 /home/bepis/prog/verus-cad/monotile/empty_certs/58669_75631795944431015756304.cnf
151189587613850812875280 3 3 3 0 /home/bepis/prog/verus-cad/monotile/empty_certs/58670_151189587613850812875280.cnf
302305531245058643264016 3 3 3 0 /home/bepis/prog/verus-cad/monotile/empty_certs/58671_302305531245058643264016.cnf
151189660796228066214416 3 3 3 0 /home/bepis/prog/verus-cad/monotile/empty_certs/58690_151189660796228066214416.cnf
151263446646640177447440 3 3 3 0 /home/bepis/prog/verus-cad/monotile/empty_certs/58692_151263446646640177447440.cnf
604610773125010775212560 3 3 3 0 /home/bepis/prog/verus-cad/monotile/empty_certs/58693_604610773125010775212560.cnf
604536841181380580213264 3 3 3 0 /home/bepis/prog/verus-cad/monotile/empty_certs/58705_604536841181380580213264.cnf
302268422703414768042512 3 3 3 0 /home/bepis/prog/verus-cad/monotile/empty_certs/58708_302268422703414768042512.cnf
604481501793610151494160 3 3 3 0 /home/bepis/prog/verus-cad/monotile/empty_certs/58710_604481501793610151494160.cnf
153476917448817530372624 3 3 3 0 /home/bepis/prog/verus-cad/monotile/empty_certs/58723_153476917448817530372624.cnf
606824131329638301434384 3 3 3 0 /home/bepis/prog/verus-cad/monotile/empty_certs/58724_606824131329638301434384.cnf
152296324702217392095760 3 3 3 0 /home/bepis/prog/verus-cad/monotile/empty_certs/58726_152296324702217392095760.cnf
152296330331631028011536 3 3 3 0 /home/bepis/prog/verus-cad/monotile/empty_certs/58739_152296330331631028011536.cnf
303412084805263597502992 3 3 3 0 /home/bepis/prog/verus-cad/monotile/empty_certs/58740_303412084805263597502992.cnf
153476920826465712341520 3 3 3 0 /home/bepis/prog/verus-cad/monotile/empty_certs/58742_153476920826465712341520.cnf
75631686731074901132304 3 3 3 0 /home/bepis/prog/verus-cad/monotile/empty_certs/58925_75631686731074901132304.cnf
151263319418954272752656 3 3 3 0 /home/bepis/prog/verus-cad/monotile/empty_certs/58926_151263319418954272752656.cnf
151189550456989225600016 3 3 3 0 /home/bepis/prog/verus-cad/monotile/empty_certs/58928_151189550456989225600016.cnf
75705455693039950382096 3 3 3 0 /home/bepis/prog/verus-cad/monotile/empty_certs/58929_75705455693039950382096.cnf
2435294479170574238736 3 3 3 0 /home/bepis/prog/verus-cad/monotile/empty_certs/58931_2435294479170574238736.cnf
1328760049694851220496 3 3 3 0 /home/bepis/prog/verus-cad/monotile/empty_certs/58933_1328760049694851220496.cnf
1328489834748001158160 3 3 3 0 /home/bepis/prog/verus-cad/monotile/empty_certs/58950_1328489834748001158160.cnf
2434970780713976136720 3 3 3 0 /home/bepis/prog/verus-cad/monotile/empty_certs/58961_2434970780713976136720.cnf
1180591902209569981456 3 3 3 0 /home/bepis/prog/verus-cad/monotile/empty_certs/58992_1180591902209569981456.cnf
276701161105645372432 3 3 3 0 /home/bepis/prog/verus-cad/monotile/empty_certs/58997_276701161105645372432.cnf
302231455185149450257424 3 3 3 0 /home/bepis/prog/verus-cad/monotile/empty_certs/59005_302231455185149450257424.cnf
604462910088806743933968 3 3 3 0 /home/bepis/prog/verus-cad/monotile/empty_certs/59007_604462910088806743933968.cnf
906694365273956194190352 3 3 3 0 /home/bepis/prog/verus-cad/monotile/empty_certs/59012_906694365273956194190352.cnf
276989393680818242576 3 3 3 0 /home/bepis/prog/verus-cad/monotile/empty_certs/59042_276989393680818242576.cnf
906694365273939014322192 3 3 3 0 /home/bepis/prog/verus-cad/monotile/empty_certs/59146_906694365273939014322192.cnf
277277624056969955344 3 3 3 0 /home/bepis/prog/verus-cad/monotile/empty_certs/59159_277277624056969955344.cnf
151152629947244041212192 3 3 3 0 /home/bepis/prog/verus-cad/monotile/empty_certs/59426_151152629947244041212192.cnf
302305277909024029806880 3 3 3 0 /home/bepis/prog/verus-cad/monotile/empty_certs/59427_302305277909024029806880.cnf
604610501774852530114848 3 3 3 0 /home/bepis/prog/verus-cad/monotile/empty_certs/59428_604610501774852530114848.cnf
151134178699639424815392 3 3 3 0 /home/bepis/prog/verus-cad/monotile/empty_certs/59430_151134178699639424815392.cnf
604536732812681324532000 3 3 3 0 /home/bepis/prog/verus-cad/monotile/empty_certs/59431_604536732812681324532000.cnf
302379046871195237486880 3 3 3 0 /home/bepis/prog/verus-cad/monotile/empty_certs/59432_302379046871195237486880.cnf
604499812302729984872736 3 3 3 0 /home/bepis/prog/verus-cad/monotile/empty_certs/59434_604499812302729984872736.cnf
302249906151468073750816 3 3 3 0 /home/bepis/prog/verus-cad/monotile/empty_certs/59435_302249906151468073750816.cnf
151189550457195386114336 3 3 3 0 /home/bepis/prog/verus-cad/monotile/empty_certs/59436_151189550457195386114336.cnf
302268357399072695390496 3 3 3 0 /home/bepis/prog/verus-cad/monotile/empty_certs/59438_302268357399072695390496.cnf
604481361055125371621664 3 3 3 0 /home/bepis/prog/verus-cad/monotile/empty_certs/59439_604481361055125371621664.cnf
151263319419366596940064 3 3 3 0 /home/bepis/prog/verus-cad/monotile/empty_certs/59440_151263319419366596940064.cnf
664262932013028217120 3 3 3 0 /home/bepis/prog/verus-cad/monotile/empty_certs/59451_664262932013028217120.cnf
369042970339149091104 3 3 3 0 /home/bepis/prog/verus-cad/monotile/empty_certs/59452_369042970339149091104.cnf
738031894184234848544 3 3 3 0 /home/bepis/prog/verus-cad/monotile/empty_certs/59456_738031894184234848544.cnf
442811932510355722528 3 3 3 0 /home/bepis/prog/verus-cad/monotile/empty_certs/59457_442811932510355722528.cnf
151263310411686298534176 3 3 3 0 /home/bepis/prog/verus-cad/monotile/empty_certs/59540_151263310411686298534176.cnf
151189518931860553482528 3 3 3 0 /home/bepis/prog/verus-cad/monotile/empty_certs/59544_151189518931860553482528.cnf
2508910317580060737824 3 3 3 0 /home/bepis/prog/verus-cad/monotile/empty_certs/59555_2508910317580060737824.cnf
1328246640368123134240 3 3 3 0 /home/bepis/prog/verus-cad/monotile/empty_certs/59556_1328246640368123134240.cnf
2435118837754314637600 3 3 3 0 /home/bepis/prog/verus-cad/monotile/empty_certs/59560_2435118837754314637600.cnf
1254455160542377034016 3 3 3 0 /home/bepis/prog/verus-cad/monotile/empty_certs/59561_1254455160542377034016.cnf
664663755540960133408 3 3 3 0 /home/bepis/prog/verus-cad/monotile/empty_certs/59562_664663755540960133408.cnf
1217593197729788477728 3 3 3 0 /home/bepis/prog/verus-cad/monotile/empty_certs/59566_1217593197729788477728.cnf
332365661570913550624 3 3 3 0 /home/bepis/prog/verus-cad/monotile/empty_certs/59567_332365661570913550624.cnf
2379792116744384954656 3 3 3 0 /home/bepis/prog/verus-cad/monotile/empty_certs/59569_2379792116744384954656.cnf
151189523435391460344096 3 3 3 0 /home/bepis/prog/verus-cad/monotile/empty_certs/59607_151189523435391460344096.cnf
1254531720567811244320 3 3 3 0 /home/bepis/prog/verus-cad/monotile/empty_certs/59621_1254531720567811244320.cnf
2435051284790696247584 3 3 3 0 /home/bepis/prog/verus-cad/monotile/empty_certs/59622_2435051284790696247584.cnf
1328314193331741557024 3 3 3 0 /home/bepis/prog/verus-cad/monotile/empty_certs/59625_1328314193331741557024.cnf
2508833757554626560288 3 3 3 0 /home/bepis/prog/verus-cad/monotile/empty_certs/59626_2508833757554626560288.cnf
738162505857693155616 3 3 3 0 /home/bepis/prog/verus-cad/monotile/empty_certs/59628_738162505857693155616.cnf
1199218510150605242656 3 3 3 0 /home/bepis/prog/verus-cad/monotile/empty_certs/59630_1199218510150605242656.cnf
609066822676556841248 3 3 3 0 /home/bepis/prog/verus-cad/monotile/empty_certs/59632_609066822676556841248.cnf
627189861460374257952 3 3 3 0 /home/bepis/prog/verus-cad/monotile/empty_certs/59646_627189861460374257952.cnf
2398077292536494358816 3 3 3 0 /home/bepis/prog/verus-cad/monotile/empty_certs/59653_2398077292536494358816.cnf
664085038470541672736 3 3 3 0 /home/bepis/prog/verus-cad/monotile/empty_certs/59654_664085038470541672736.cnf
442722983703300079904 3 3 3 0 /home/bepis/prog/verus-cad/monotile/empty_certs/59655_442722983703300079904.cnf
302305820596919475437856 3 3 3 0 /home/bepis/prog/verus-cad/monotile/empty_certs/59661_302305820596919475437856.cnf
302379606447331586670880 3 3 3 0 /home/bepis/prog/verus-cad/monotile/empty_certs/59665_302379606447331586670880.cnf
604610773125010775146784 3 3 3 0 /home/bepis/prog/verus-cad/monotile/empty_certs/59666_604610773125010775146784.cnf
737872014765379944736 3 3 3 0 /home/bepis/prog/verus-cad/monotile/empty_certs/59686_737872014765379944736.cnf
302305531245058643329312 3 3 3 0 /home/bepis/prog/verus-cad/monotile/empty_certs/59696_302305531245058643329312.cnf
302268422703414767780128 3 3 3 0 /home/bepis/prog/verus-cad/monotile/empty_certs/59713_302268422703414767780128.cnf
604481501793610151231776 3 3 3 0 /home/bepis/prog/verus-cad/monotile/empty_certs/59715_604481501793610151231776.cnf
664083349607793819936 3 3 3 0 /home/bepis/prog/verus-cad/monotile/empty_certs/59729_664083349607793819936.cnf
1199040616608115982624 3 3 3 0 /home/bepis/prog/verus-cad/monotile/empty_certs/59730_1199040616608115982624.cnf
2398077855516509864224 3 3 3 0 /home/bepis/prog/verus-cad/monotile/empty_certs/59731_2398077855516509864224.cnf
2379632237325528334624 3 3 3 0 /home/bepis/prog/verus-cad/monotile/empty_certs/59733_2379632237325528334624.cnf
1217486234799099609376 3 3 3 0 /home/bepis/prog/verus-cad/monotile/empty_certs/59734_1217486234799099609376.cnf
608744806249413476640 3 3 3 0 /home/bepis/prog/verus-cad/monotile/empty_certs/59736_608744806249413476640.cnf
332042519261043228960 3 3 3 0 /home/bepis/prog/verus-cad/monotile/empty_certs/59737_332042519261043228960.cnf
302250048015835584790816 3 3 3 0 /home/bepis/prog/verus-cad/monotile/empty_certs/59740_302250048015835584790816.cnf
604499876481189334745376 3 3 3 0 /home/bepis/prog/verus-cad/monotile/empty_certs/59745_604499876481189334745376.cnf
303412084805263596454176 3 3 3 0 /home/bepis/prog/verus-cad/monotile/empty_certs/59760_303412084805263596454176.cnf
605643521694797258555680 3 3 3 0 /home/bepis/prog/verus-cad/monotile/empty_certs/59761_605643521694797258555680.cnf
606824112189631942885664 3 3 3 0 /home/bepis/prog/verus-cad/monotile/empty_certs/59765_606824112189631942885664.cnf
606824131329638302482720 3 3 3 0 /home/bepis/prog/verus-cad/monotile/empty_certs/59778_606824131329638302482720.cnf
304592658411857377231136 3 3 3 0 /home/bepis/prog/verus-cad/monotile/empty_certs/59779_304592658411857377231136.cnf
605643538583038164205856 3 3 3 0 /home/bepis/prog/verus-cad/monotile/empty_certs/59781_605643538583038164205856.cnf
302821757469570063401248 3 3 3 0 /home/bepis/prog/verus-cad/monotile/empty_certs/59794_302821757469570063401248.cnf
276701161105647468832 3 3 3 0 /home/bepis/prog/verus-cad/monotile/empty_certs/59806_276701161105647468832.cnf
294994726304612640 3 3 3 0 /home/bepis/prog/verus-cad/monotile/empty_certs/59822_294994726304612640.cnf
182397176477909280 3 3 3 0 /home/bepis/prog/verus-cad/monotile/empty_certs/59824_182397176477909280.cnf
110340681951609120 3 3 3 0 /home/bepis/prog/verus-cad/monotile/empty_certs/59825_110340681951609120.cnf
326520061135159584 3 3 3 0 /home/bepis/prog/verus-cad/monotile/empty_certs/59826_326520061135159584.cnf
298372374485532960 3 3 3 0 /home/bepis/prog/verus-cad/monotile/empty_certs/59838_298372374485532960.cnf
293868843577639200 3 3 3 0 /home/bepis/prog/verus-cad/monotile/empty_certs/59842_293868843577639200.cnf
181271293750935840 3 3 3 0 /home/bepis/prog/verus-cad/monotile/empty_certs/59844_181271293750935840.cnf
109214799224635680 3 3 3 0 /home/bepis/prog/verus-cad/monotile/empty_certs/59845_109214799224635680.cnf
325394178408186144 3 3 3 0 /home/bepis/prog/verus-cad/monotile/empty_certs/59846_325394178408186144.cnf
151189523435460180853280 3 3 3 0 /home/bepis/prog/verus-cad/monotile/empty_certs/60044_151189523435460180853280.cnf
2508833756386395439648 3 3 3 0 /home/bepis/prog/verus-cad/monotile/empty_certs/60050_2508833756386395439648.cnf
1328314194362533691936 3 3 3 0 /home/bepis/prog/verus-cad/monotile/empty_certs/60051_1328314194362533691936.cnf
2435051283759904080416 3 3 3 0 /home/bepis/prog/verus-cad/monotile/empty_certs/60054_2435051283759904080416.cnf
1254531721736042332704 3 3 3 0 /home/bepis/prog/verus-cad/monotile/empty_certs/60055_1254531721736042332704.cnf
2398166802949178671648 3 3 3 0 /home/bepis/prog/verus-cad/monotile/empty_certs/60058_2398166802949178671648.cnf
1254455159374145946144 3 3 3 0 /home/bepis/prog/verus-cad/monotile/empty_certs/60089_1254455159374145946144.cnf
2435118838785106805280 3 3 3 0 /home/bepis/prog/verus-cad/monotile/empty_certs/60090_2435118838785106805280.cnf
1328246639337330999840 3 3 3 0 /home/bepis/prog/verus-cad/monotile/empty_certs/60092_1328246639337330999840.cnf
2508910318748291858976 3 3 3 0 /home/bepis/prog/verus-cad/monotile/empty_certs/60093_2508910318748291858976.cnf
604611062481286833701408 3 3 3 0 /home/bepis/prog/verus-cad/monotile/empty_certs/60114_604611062481286833701408.cnf
302305820601334701883936 3 3 3 0 /home/bepis/prog/verus-cad/monotile/empty_certs/60137_302305820601334701883936.cnf
604481501794692483252768 3 3 3 0 /home/bepis/prog/verus-cad/monotile/empty_certs/60152_604481501794692483252768.cnf
302268422702332436283936 3 3 3 0 /home/bepis/prog/verus-cad/monotile/empty_certs/60154_302268422702332436283936.cnf
303412065664965180129824 3 3 3 0 /home/bepis/prog/verus-cad/monotile/empty_certs/60167_303412065664965180129824.cnf
304592658411599678145056 3 3 3 0 /home/bepis/prog/verus-cad/monotile/empty_certs/60169_304592658411599678145056.cnf
606824112189339886158368 3 3 3 0 /home/bepis/prog/verus-cad/monotile/empty_certs/60180_606824112189339886158368.cnf
590300314027052499488 3 3 3 0 /home/bepis/prog/verus-cad/monotile/empty_certs/60228_590300314027052499488.cnf
151263319418885553275936 3 3 3 0 /home/bepis/prog/verus-cad/monotile/empty_certs/60349_151263319418885553275936.cnf
151189550457057945076768 3 3 3 0 /home/bepis/prog/verus-cad/monotile/empty_certs/60351_151189550457057945076768.cnf
2509063439967391335456 3 3 3 0 /home/bepis/prog/verus-cad/monotile/empty_certs/60352_2509063439967391335456.cnf
1254991088898034123808 3 3 3 0 /home/bepis/prog/verus-cad/monotile/empty_certs/60356_1254991088898034123808.cnf
2435564695148216484896 3 3 3 0 /home/bepis/prog/verus-cad/monotile/empty_certs/60369_2435564695148216484896.cnf
2361183804401957995552 3 3 3 0 /home/bepis/prog/verus-cad/monotile/empty_certs/60400_2361183804401957995552.cnf
276701161105645372448 3 3 3 0 /home/bepis/prog/verus-cad/monotile/empty_certs/60403_276701161105645372448.cnf
4427236592157521347616 3 3 3 0 /home/bepis/prog/verus-cad/monotile/empty_certs/60417_4427236592157521347616.cnf
277277624056969954336 3 3 3 0 /home/bepis/prog/verus-cad/monotile/empty_certs/60441_277277624056969954336.cnf
276989393680818243616 3 3 3 0 /home/bepis/prog/verus-cad/monotile/empty_certs/60538_276989393680818243616.cnf
3764054528865425437632 3 3 3 0 /home/bepis/prog/verus-cad/monotile/empty_certs/60745_3764054528865425437632.cnf
906749758986594699756480 3 3 3 0 /home/bepis/prog/verus-cad/monotile/empty_certs/60761_906749758986594699756480.cnf
3763139168749357302720 3 3 3 0 /home/bepis/prog/verus-cad/monotile/empty_certs/60775_3763139168749357302720.cnf
276701161105646420928 3 3 3 0 /home/bepis/prog/verus-cad/monotile/empty_certs/60800_276701161105646420928.cnf
4427272621091979264960 3 3 3 0 /home/bepis/prog/verus-cad/monotile/empty_certs/60813_4427272621091979264960.cnf
3541788373775749743552 3 3 3 0 /home/bepis/prog/verus-cad/monotile/empty_certs/60824_3541788373775749743552.cnf
277565855532633293760 3 3 3 0 /home/bepis/prog/verus-cad/monotile/empty_certs/60829_277565855532633293760.cnf
221577114860767937472 3 3 3 0 /home/bepis/prog/verus-cad/monotile/empty_certs/60840_221577114860767937472.cnf
906694368088723141168320 3 3 3 0 /home/bepis/prog/verus-cad/monotile/empty_certs/60919_906694368088723141168320.cnf
604610501774371493777728 3 3 3 0 /home/bepis/prog/verus-cad/monotile/empty_certs/61141_604610501774371493777728.cnf
302305277908886590853440 3 3 3 0 /home/bepis/prog/verus-cad/monotile/empty_certs/61142_302305277908886590853440.cnf
302379046870714201149760 3 3 3 0 /home/bepis/prog/verus-cad/monotile/empty_certs/61144_302379046870714201149760.cnf
604536732812543885578560 3 3 3 0 /home/bepis/prog/verus-cad/monotile/empty_certs/61145_604536732812543885578560.cnf
604499812302936143302976 3 3 3 0 /home/bepis/prog/verus-cad/monotile/empty_certs/61147_604499812302936143302976.cnf
302249906151880390611264 3 3 3 0 /home/bepis/prog/verus-cad/monotile/empty_certs/61148_302249906151880390611264.cnf
302268357399278853820736 3 3 3 0 /home/bepis/prog/verus-cad/monotile/empty_certs/61150_302268357399278853820736.cnf
604481361055537688482112 3 3 3 0 /home/bepis/prog/verus-cad/monotile/empty_certs/61151_604481361055537688482112.cnf
738031897001733394752 3 3 3 0 /home/bepis/prog/verus-cad/monotile/empty_certs/61154_738031897001733394752.cnf
442811938626389152064 3 3 3 0 /home/bepis/prog/verus-cad/monotile/empty_certs/61155_442811938626389152064.cnf
664262935174124147008 3 3 3 0 /home/bepis/prog/verus-cad/monotile/empty_certs/61159_664262935174124147008.cnf
369042976798779904320 3 3 3 0 /home/bepis/prog/verus-cad/monotile/empty_certs/61160_369042976798779904320.cnf
2398373968532037701952 3 3 3 0 /home/bepis/prog/verus-cad/monotile/empty_certs/61162_2398373968532037701952.cnf
1218070579290289738048 3 3 3 0 /home/bepis/prog/verus-cad/monotile/empty_certs/61163_1218070579290289738048.cnf
332122467191035531584 3 3 3 0 /home/bepis/prog/verus-cad/monotile/empty_certs/61165_332122467191035531584.cnf
2379922721133578686784 3 3 3 0 /home/bepis/prog/verus-cad/monotile/empty_certs/61167_2379922721133578686784.cnf
1199619331891830722880 3 3 3 0 /home/bepis/prog/verus-cad/monotile/empty_certs/61168_1199619331891830722880.cnf
608891178167920759104 3 3 3 0 /home/bepis/prog/verus-cad/monotile/empty_certs/61169_608891178167920759104.cnf
369097015527542366528 3 3 3 0 /home/bepis/prog/verus-cad/monotile/empty_certs/61200_369097015527542366528.cnf
664172867510903775552 3 3 3 0 /home/bepis/prog/verus-cad/monotile/empty_certs/61201_664172867510903775552.cnf
442902006289609531712 3 3 3 0 /home/bepis/prog/verus-cad/monotile/empty_certs/61204_442902006289609531712.cnf
737977858272970940736 3 3 3 0 /home/bepis/prog/verus-cad/monotile/empty_certs/61205_737977858272970940736.cnf
302305246384101519278400 3 3 3 0 /home/bepis/prog/verus-cad/monotile/empty_certs/61246_302305246384101519278400.cnf
302379037863721111142720 3 3 3 0 /home/bepis/prog/verus-cad/monotile/empty_certs/61248_302379037863721111142720.cnf
604536701287758817149248 3 3 3 0 /home/bepis/prog/verus-cad/monotile/empty_certs/61249_604536701287758817149248.cnf
313900895195954692416 3 3 3 0 /home/bepis/prog/verus-cad/monotile/empty_certs/61250_313900895195954692416.cnf
332365653736893202752 3 3 3 0 /home/bepis/prog/verus-cad/monotile/empty_certs/61255_332365653736893202752.cnf
627801790391909368128 3 3 3 0 /home/bepis/prog/verus-cad/monotile/empty_certs/61256_627801790391909368128.cnf
2398256878102822011200 3 3 3 0 /home/bepis/prog/verus-cad/monotile/empty_certs/61257_2398256878102822011200.cnf
1217593204189419290944 3 3 3 0 /home/bepis/prog/verus-cad/monotile/empty_certs/61258_1217593204189419290944.cnf
443019096718825242944 3 3 3 0 /home/bepis/prog/verus-cad/monotile/empty_certs/61260_443019096718825242944.cnf
1328246647171351331136 3 3 3 0 /home/bepis/prog/verus-cad/monotile/empty_certs/61262_1328246647171351331136.cnf
664663753754253738304 3 3 3 0 /home/bepis/prog/verus-cad/monotile/empty_certs/61265_664663753754253738304.cnf
604536705791083562434880 3 3 3 0 /home/bepis/prog/verus-cad/monotile/empty_certs/61302_604536705791083562434880.cnf
302305250887426272952640 3 3 3 0 /home/bepis/prog/verus-cad/monotile/empty_certs/61304_302305250887426272952640.cnf
604610488264053655372096 3 3 3 0 /home/bepis/prog/verus-cad/monotile/empty_certs/61305_604610488264053655372096.cnf
627495544449017086272 3 3 3 0 /home/bepis/prog/verus-cad/monotile/empty_certs/61306_627495544449017086272.cnf
332635870745327599936 3 3 3 0 /home/bepis/prog/verus-cad/monotile/empty_certs/61307_332635870745327599936.cnf
2398166810439601652032 3 3 3 0 /home/bepis/prog/verus-cad/monotile/empty_certs/61308_2398166810439601652032.cnf
609066814842536493376 3 3 3 0 /home/bepis/prog/verus-cad/monotile/empty_certs/61310_609066814842536493376.cnf
1199218513311701172544 3 3 3 0 /home/bepis/prog/verus-cad/monotile/empty_certs/61312_1199218513311701172544.cnf
664380025603339878720 3 3 3 0 /home/bepis/prog/verus-cad/monotile/empty_certs/61315_664380025603339878720.cnf
369520351899650392384 3 3 3 0 /home/bepis/prog/verus-cad/monotile/empty_certs/61316_369520351899650392384.cnf
2435051291593924444480 3 3 3 0 /home/bepis/prog/verus-cad/monotile/empty_certs/61317_2435051291593924444480.cnf
738162498573428621632 3 3 3 0 /home/bepis/prog/verus-cad/monotile/empty_certs/61319_738162498573428621632.cnf
442722983673235308864 3 3 3 0 /home/bepis/prog/verus-cad/monotile/empty_certs/61335_442722983673235308864.cnf
664085038461951738176 3 3 3 0 /home/bepis/prog/verus-cad/monotile/empty_certs/61336_664085038461951738176.cnf
302305820594711862247744 3 3 3 0 /home/bepis/prog/verus-cad/monotile/empty_certs/61341_302305820594711862247744.cnf
368936007378397167936 3 3 3 0 /home/bepis/prog/verus-cad/monotile/empty_certs/61360_368936007378397167936.cnf
2398077855486445093184 3 3 3 0 /home/bepis/prog/verus-cad/monotile/empty_certs/61394_2398077855486445093184.cnf
1217486234769034838336 3 3 3 0 /home/bepis/prog/verus-cad/monotile/empty_certs/61396_1217486234769034838336.cnf
332042519230978457920 3 3 3 0 /home/bepis/prog/verus-cad/monotile/empty_certs/61398_332042519230978457920.cnf
605643521694307632283968 3 3 3 0 /home/bepis/prog/verus-cad/monotile/empty_certs/61413_605643521694307632283968.cnf
303412084805117567566144 3 3 3 0 /home/bepis/prog/verus-cad/monotile/empty_certs/61414_303412084805117567566144.cnf
4427227585164425036096 3 3 3 0 /home/bepis/prog/verus-cad/monotile/empty_certs/61484_4427227585164425036096.cnf
276845280691765641536 3 3 3 0 /home/bepis/prog/verus-cad/monotile/empty_certs/61516_276845280691765641536.cnf
442902010618936562240 3 3 3 0 /home/bepis/prog/verus-cad/monotile/empty_certs/61600_442902010618936562240.cnf
369097019994308350528 3 3 3 0 /home/bepis/prog/verus-cad/monotile/empty_certs/61603_369097019994308350528.cnf
604610488263778773254720 3 3 3 0 /home/bepis/prog/verus-cad/monotile/empty_certs/61630_604610488263778773254720.cnf
314207139970615886400 3 3 3 0 /home/bepis/prog/verus-cad/monotile/empty_certs/61631_314207139970615886400.cnf
609066815873328628288 3 3 3 0 /home/bepis/prog/verus-cad/monotile/empty_certs/61632_609066815873328628288.cnf
332635869714535432768 3 3 3 0 /home/bepis/prog/verus-cad/monotile/empty_certs/61635_332635869714535432768.cnf
1217647247384947737152 3 3 3 0 /home/bepis/prog/verus-cad/monotile/empty_certs/61637_1217647247384947737152.cnf
738162499398062326336 3 3 3 0 /home/bepis/prog/verus-cad/monotile/empty_certs/61640_738162499398062326336.cnf
604536701287483935064640 3 3 3 0 /home/bepis/prog/verus-cad/monotile/empty_certs/61666_604536701287483935064640.cnf
627801789223678280256 3 3 3 0 /home/bepis/prog/verus-cad/monotile/empty_certs/61667_627801789223678280256.cnf
332365654767685370432 3 3 3 0 /home/bepis/prog/verus-cad/monotile/empty_certs/61668_332365654767685370432.cnf
313900896364185813568 3 3 3 0 /home/bepis/prog/verus-cad/monotile/empty_certs/61671_313900896364185813568.cnf
604537274371369737454144 3 3 3 0 /home/bepis/prog/verus-cad/monotile/empty_certs/61686_604537274371369737454144.cnf
302305531238435803693632 3 3 3 0 /home/bepis/prog/verus-cad/monotile/empty_certs/61687_302305531238435803693632.cnf
302379606444007282049600 3 3 3 0 /home/bepis/prog/verus-cad/monotile/empty_certs/61703_302379606444007282049600.cnf
604610773118387935642176 3 3 3 0 /home/bepis/prog/verus-cad/monotile/empty_certs/61704_604610773118387935642176.cnf
604481361055056644817984 3 3 3 0 /home/bepis/prog/verus-cad/monotile/empty_certs/61864_604481361055056644817984.cnf
604499812302798702265408 3 3 3 0 /home/bepis/prog/verus-cad/monotile/empty_certs/61866_604499812302798702265408.cnf
608891175487861179456 3 3 3 0 /home/bepis/prog/verus-cad/monotile/empty_certs/61868_608891175487861179456.cnf
332122459357015196736 3 3 3 0 /home/bepis/prog/verus-cad/monotile/empty_certs/61870_332122459357015196736.cnf
332042519243860804672 3 3 3 0 /home/bepis/prog/verus-cad/monotile/empty_certs/61892_332042519243860804672.cnf
604481501794692482860096 3 3 3 0 /home/bepis/prog/verus-cad/monotile/empty_certs/61904_604481501794692482860096.cnf
604758067845747722683456 3 3 3 0 /home/bepis/prog/verus-cad/monotile/empty_certs/61915_604758067845747722683456.cnf
276701161105645372480 3 3 3 0 /home/bepis/prog/verus-cad/monotile/empty_certs/61920_276701161105645372480.cnf
149746972532671552 3 3 3 0 /home/bepis/prog/verus-cad/monotile/empty_certs/61925_149746972532671552.cnf
276845278492742386752 3 3 3 0 /home/bepis/prog/verus-cad/monotile/empty_certs/61962_276845278492742386752.cnf
604610501774440213254528 3 3 3 0 /home/bepis/prog/verus-cad/monotile/empty_certs/62219_604610501774440213254528.cnf
604536732812475166101888 3 3 3 0 /home/bepis/prog/verus-cad/monotile/empty_certs/62221_604536732812475166101888.cnf
604499812303211021209984 3 3 3 0 /home/bepis/prog/verus-cad/monotile/empty_certs/62223_604499812303211021209984.cnf
604481361055262810575232 3 3 3 0 /home/bepis/prog/verus-cad/monotile/empty_certs/62225_604481361055262810575232.cnf
369042972332013916544 3 3 3 0 /home/bepis/prog/verus-cad/monotile/empty_certs/62228_369042972332013916544.cnf
664262939503451181440 3 3 3 0 /home/bepis/prog/verus-cad/monotile/empty_certs/62229_664262939503451181440.cnf
442811934297062117760 3 3 3 0 /home/bepis/prog/verus-cad/monotile/empty_certs/62233_442811934297062117760.cnf
738031901468499382656 3 3 3 0 /home/bepis/prog/verus-cad/monotile/empty_certs/62234_738031901468499382656.cnf
1199619330517441188224 3 3 3 0 /home/bepis/prog/verus-cad/monotile/empty_certs/62236_1199619330517441188224.cnf
2379922721958212407680 3 3 3 0 /home/bepis/prog/verus-cad/monotile/empty_certs/62237_2379922721958212407680.cnf
608891182291089363328 3 3 3 0 /home/bepis/prog/verus-cad/monotile/empty_certs/62239_608891182291089363328.cnf
1218070578465656017280 3 3 3 0 /home/bepis/prog/verus-cad/monotile/empty_certs/62241_1218070578465656017280.cnf
2398373969906427236736 3 3 3 0 /home/bepis/prog/verus-cad/monotile/empty_certs/62242_2398373969906427236736.cnf
332122463067866927488 3 3 3 0 /home/bepis/prog/verus-cad/monotile/empty_certs/62243_332122463067866927488.cnf
737977853806204952960 3 3 3 0 /home/bepis/prog/verus-cad/monotile/empty_certs/62269_737977853806204952960.cnf
442902010618936566144 3 3 3 0 /home/bepis/prog/verus-cad/monotile/empty_certs/62270_442902010618936566144.cnf
664172863181576741248 3 3 3 0 /home/bepis/prog/verus-cad/monotile/empty_certs/62273_664172863181576741248.cnf
369097019994308354432 3 3 3 0 /home/bepis/prog/verus-cad/monotile/empty_certs/62274_369097019994308354432.cnf
604610492767653278531968 3 3 3 0 /home/bepis/prog/verus-cad/monotile/empty_certs/62307_604610492767653278531968.cnf
604536701287483939242368 3 3 3 0 /home/bepis/prog/verus-cad/monotile/empty_certs/62309_604536701287483939242368.cnf
627801789223678263680 3 3 3 0 /home/bepis/prog/verus-cad/monotile/empty_certs/62310_627801789223678263680.cnf
332365654767685353856 3 3 3 0 /home/bepis/prog/verus-cad/monotile/empty_certs/62311_332365654767685353856.cnf
1217593199722653303168 3 3 3 0 /home/bepis/prog/verus-cad/monotile/empty_certs/62312_1217593199722653303168.cnf
2398256882432149045632 3 3 3 0 /home/bepis/prog/verus-cad/monotile/empty_certs/62313_2398256882432149045632.cnf
609337030820178706816 3 3 3 0 /home/bepis/prog/verus-cad/monotile/empty_certs/62315_609337030820178706816.cnf
2379792124028649488768 3 3 3 0 /home/bepis/prog/verus-cad/monotile/empty_certs/62318_2379792124028649488768.cnf
664663752379864203648 3 3 3 0 /home/bepis/prog/verus-cad/monotile/empty_certs/62320_664663752379864203648.cnf
2435118845588334985600 3 3 3 0 /home/bepis/prog/verus-cad/monotile/empty_certs/62322_2435118845588334985600.cnf
738455232549207687552 3 3 3 0 /home/bepis/prog/verus-cad/monotile/empty_certs/62324_738455232549207687552.cnf
443019098093214777728 3 3 3 0 /home/bepis/prog/verus-cad/monotile/empty_certs/62325_443019098093214777728.cnf
314207139970615902592 3 3 3 0 /home/bepis/prog/verus-cad/monotile/empty_certs/62357_314207139970615902592.cnf
609066815873328644480 3 3 3 0 /home/bepis/prog/verus-cad/monotile/empty_certs/62358_609066815873328644480.cnf
1199218517641028206976 3 3 3 0 /home/bepis/prog/verus-cad/monotile/empty_certs/62359_1199218517641028206976.cnf
627495545617248190848 3 3 3 0 /home/bepis/prog/verus-cad/monotile/empty_certs/62362_627495545617248190848.cnf
2398166806110274617728 3 3 3 0 /home/bepis/prog/verus-cad/monotile/empty_certs/62363_2398166806110274617728.cnf
1217647247384947753344 3 3 3 0 /home/bepis/prog/verus-cad/monotile/empty_certs/62364_1217647247384947753344.cnf
738162499398062342528 3 3 3 0 /home/bepis/prog/verus-cad/monotile/empty_certs/62367_738162499398062342528.cnf
1328314201165761905024 3 3 3 0 /home/bepis/prog/verus-cad/monotile/empty_certs/62368_1328314201165761905024.cnf
604610773118387935576448 3 3 3 0 /home/bepis/prog/verus-cad/monotile/empty_certs/62383_604610773118387935576448.cnf
2398077855490740060544 3 3 3 0 /home/bepis/prog/verus-cad/monotile/empty_certs/62422_2398077855490740060544.cnf
1217486234773329805696 3 3 3 0 /home/bepis/prog/verus-cad/monotile/empty_certs/62424_1217486234773329805696.cnf
606824112189193856221568 3 3 3 0 /home/bepis/prog/verus-cad/monotile/empty_certs/62435_606824112189193856221568.cnf
4427227585439302943104 3 3 3 0 /home/bepis/prog/verus-cad/monotile/empty_certs/62503_4427227585439302943104.cnf
276845285089812152704 3 3 3 0 /home/bepis/prog/verus-cad/monotile/empty_certs/62535_276845285089812152704.cnf
664172867510903771776 3 3 3 0 /home/bepis/prog/verus-cad/monotile/empty_certs/62599_664172867510903771776.cnf
737977858272970936960 3 3 3 0 /home/bepis/prog/verus-cad/monotile/empty_certs/62602_737977858272970936960.cnf
627495544449017070208 3 3 3 0 /home/bepis/prog/verus-cad/monotile/empty_certs/62623_627495544449017070208.cnf
609066814842536477312 3 3 3 0 /home/bepis/prog/verus-cad/monotile/empty_certs/62627_609066814842536477312.cnf
314207141138846990976 3 3 3 0 /home/bepis/prog/verus-cad/monotile/empty_certs/62628_314207141138846990976.cnf
664380025603339862656 3 3 3 0 /home/bepis/prog/verus-cad/monotile/empty_certs/62631_664380025603339862656.cnf
313900895195954709120 3 3 3 0 /home/bepis/prog/verus-cad/monotile/empty_certs/62652_313900895195954709120.cnf
609337031850970874496 3 3 3 0 /home/bepis/prog/verus-cad/monotile/empty_certs/62653_609337031850970874496.cnf
332365653736893219456 3 3 3 0 /home/bepis/prog/verus-cad/monotile/empty_certs/62655_332365653736893219456.cnf
1217593204189419307648 3 3 3 0 /home/bepis/prog/verus-cad/monotile/empty_certs/62657_1217593204189419307648.cnf
443019096718825259648 3 3 3 0 /home/bepis/prog/verus-cad/monotile/empty_certs/62659_443019096718825259648.cnf
332122460387807347840 3 3 3 0 /home/bepis/prog/verus-cad/monotile/empty_certs/62817_332122460387807347840.cnf
608891174457069028480 3 3 3 0 /home/bepis/prog/verus-cad/monotile/empty_certs/62819_608891174457069028480.cnf
276701161105645372544 3 3 3 0 /home/bepis/prog/verus-cad/monotile/empty_certs/62855_276701161105645372544.cnf
4427227584958266606720 3 3 3 0 /home/bepis/prog/verus-cad/monotile/empty_certs/62866_4427227584958266606720.cnf
17591934385920 3 3 3 0 /home/bepis/prog/verus-cad/monotile/empty_certs/63086_17591934385920.cnf
4428299442425495092992 3 3 3 0 /home/bepis/prog/verus-cad/monotile/empty_certs/63117_4428299442425495092992.cnf
4427218577754717884160 3 3 3 0 /home/bepis/prog/verus-cad/monotile/empty_certs/63130_4427218577754717884160.cnf
885443716568850632448 3 3 3 0 /home/bepis/prog/verus-cad/monotile/empty_certs/63333_885443716568850632448.cnf
940783951263880449792 3 3 3 0 /home/bepis/prog/verus-cad/monotile/empty_certs/63340_940783951263880449792.cnf
1106804657822871064320 3 3 3 0 /home/bepis/prog/verus-cad/monotile/empty_certs/63344_1106804657822871064320.cnf
1328165575574830452480 3 3 3 0 /home/bepis/prog/verus-cad/monotile/empty_certs/63361_1328165575574830452480.cnf
1217485113331596398336 3 3 3 0 /home/bepis/prog/verus-cad/monotile/empty_certs/63364_1217485113331596398336.cnf
1199038373655933357824 3 3 3 0 /home/bepis/prog/verus-cad/monotile/empty_certs/63368_1199038373655933357824.cnf
1328165574544038301440 3 3 3 0 /home/bepis/prog/verus-cad/monotile/empty_certs/63385_1328165574544038301440.cnf
1199038369326606323456 3 3 3 0 /home/bepis/prog/verus-cad/monotile/empty_certs/63390_1199038369326606323456.cnf
1217485117798362386176 3 3 3 0 /home/bepis/prog/verus-cad/monotile/empty_certs/63394_1217485117798362386176.cnf
940783961777960390400 3 3 3 0 /home/bepis/prog/verus-cad/monotile/empty_certs/63410_940783961777960390400.cnf
442721859143418777344 3 3 3 0 /home/bepis/prog/verus-cad/monotile/empty_certs/63418_442721859143418777344.cnf
368934883948092198656 3 3 3 0 /home/bepis/prog/verus-cad/monotile/empty_certs/63420_368934883948092198656.cnf
737869765422283230976 3 3 3 0 /home/bepis/prog/verus-cad/monotile/empty_certs/63421_737869765422283230976.cnf
442721860517808312064 3 3 3 0 /home/bepis/prog/verus-cad/monotile/empty_certs/63437_442721860517808312064.cnf
55340248713803075328 3 3 3 0 /home/bepis/prog/verus-cad/monotile/empty_certs/63450_55340248713803075328.cnf
3597993296355460657920 3 3 3 0 /home/bepis/prog/verus-cad/monotile/empty_certs/63511_3597993296355460657920.cnf
3764054525415492956928 3 3 3 0 /home/bepis/prog/verus-cad/monotile/empty_certs/63513_3764054525415492956928.cnf
885659888526330704640 3 3 3 0 /home/bepis/prog/verus-cad/monotile/empty_certs/63519_885659888526330704640.cnf
3541991035140506174208 3 3 3 0 /home/bepis/prog/verus-cad/monotile/empty_certs/63588_3541991035140506174208.cnf
886308406735233139456 3 3 3 0 /home/bepis/prog/verus-cad/monotile/empty_certs/63595_886308406735233139456.cnf
55394276516168778496 3 3 3 0 /home/bepis/prog/verus-cad/monotile/empty_certs/63624_55394276516168778496.cnf
55394288610796684032 3 3 3 0 /home/bepis/prog/verus-cad/monotile/empty_certs/63629_55394288610796684032.cnf
18446744078007665408 3 3 3 0 /home/bepis/prog/verus-cad/monotile/empty_certs/63806_18446744078007665408.cnf
36893488151717217024 3 3 3 0 /home/bepis/prog/verus-cad/monotile/empty_certs/63807_36893488151717217024.cnf
18446744082302632704 3 3 3 0 /home/bepis/prog/verus-cad/monotile/empty_certs/63815_18446744082302632704.cnf
36893488156012184320 3 3 3 0 /home/bepis/prog/verus-cad/monotile/empty_certs/63816_36893488156012184320.cnf
18446744090892567296 3 3 3 0 /home/bepis/prog/verus-cad/monotile/empty_certs/63828_18446744090892567296.cnf
36893488164602118912 3 3 3 0 /home/bepis/prog/verus-cad/monotile/empty_certs/63829_36893488164602118912.cnf
18446744108072436480 3 3 3 0 /home/bepis/prog/verus-cad/monotile/empty_certs/63837_18446744108072436480.cnf
36893488181781988096 3 3 3 0 /home/bepis/prog/verus-cad/monotile/empty_certs/63838_36893488181781988096.cnf
221360929090676196096 3 3 3 0 /home/bepis/prog/verus-cad/monotile/empty_certs/63844_221360929090676196096.cnf
73786976569719259904 3 3 3 0 /home/bepis/prog/verus-cad/monotile/empty_certs/63858_73786976569719259904.cnf
147573952864557466368 3 3 3 0 /home/bepis/prog/verus-cad/monotile/empty_certs/63859_147573952864557466368.cnf
73786976844597166848 3 3 3 0 /home/bepis/prog/verus-cad/monotile/empty_certs/63863_73786976844597166848.cnf
147573953139435373312 3 3 3 0 /home/bepis/prog/verus-cad/monotile/empty_certs/63864_147573953139435373312.cnf
313671210455854485760 3 3 3 0 /home/bepis/prog/verus-cad/monotile/empty_certs/64249_313671210455854485760.cnf
2379922719493438050560 3 3 3 0 /home/bepis/prog/verus-cad/monotile/empty_certs/64250_2379922719493438050560.cnf
1199619329152178458880 3 3 3 0 /home/bepis/prog/verus-cad/monotile/empty_certs/64251_1199619329152178458880.cnf
627342420902582161664 3 3 3 0 /home/bepis/prog/verus-cad/monotile/empty_certs/64253_627342420902582161664.cnf
2398373967166774972672 3 3 3 0 /home/bepis/prog/verus-cad/monotile/empty_certs/64254_2398373967166774972672.cnf
1218070576825515380992 3 3 3 0 /home/bepis/prog/verus-cad/monotile/empty_certs/64255_1218070576825515380992.cnf
2509063438808287023360 3 3 3 0 /home/bepis/prog/verus-cad/monotile/empty_certs/64257_2509063438808287023360.cnf
1328760048467027431680 3 3 3 0 /home/bepis/prog/verus-cad/monotile/empty_certs/64258_1328760048467027431680.cnf
1254991086570698707200 3 3 3 0 /home/bepis/prog/verus-cad/monotile/empty_certs/64260_1254991086570698707200.cnf
313671210464981291264 3 3 3 0 /home/bepis/prog/verus-cad/monotile/empty_certs/64263_313671210464981291264.cnf
627342420911708967168 3 3 3 0 /home/bepis/prog/verus-cad/monotile/empty_certs/64267_627342420911708967168.cnf
442811929779830264064 3 3 3 0 /home/bepis/prog/verus-cad/monotile/empty_certs/64271_442811929779830264064.cnf
738031892553221017856 3 3 3 0 /home/bepis/prog/verus-cad/monotile/empty_certs/64272_738031892553221017856.cnf
369042967883501539584 3 3 3 0 /home/bepis/prog/verus-cad/monotile/empty_certs/64276_369042967883501539584.cnf
664262930656892293376 3 3 3 0 /home/bepis/prog/verus-cad/monotile/empty_certs/64277_664262930656892293376.cnf
313671210483234902272 3 3 3 0 /home/bepis/prog/verus-cad/monotile/empty_certs/64286_313671210483234902272.cnf
627342420929962578176 3 3 3 0 /home/bepis/prog/verus-cad/monotile/empty_certs/64290_627342420929962578176.cnf
442811929798083875072 3 3 3 0 /home/bepis/prog/verus-cad/monotile/empty_certs/64294_442811929798083875072.cnf
738031892571474628864 3 3 3 0 /home/bepis/prog/verus-cad/monotile/empty_certs/64295_738031892571474628864.cnf
369042967901755150592 3 3 3 0 /home/bepis/prog/verus-cad/monotile/empty_certs/64299_369042967901755150592.cnf
664262930675145904384 3 3 3 0 /home/bepis/prog/verus-cad/monotile/empty_certs/64300_664262930675145904384.cnf
18451250971871809792 3 3 3 0 /home/bepis/prog/verus-cad/monotile/empty_certs/64352_18451250971871809792.cnf
36902498645208731904 3 3 3 0 /home/bepis/prog/verus-cad/monotile/empty_certs/64353_36902498645208731904.cnf
295436135761662984448 3 3 3 0 /home/bepis/prog/verus-cad/monotile/empty_certs/64602_295436135761662984448.cnf
590872271317167522048 3 3 3 0 /home/bepis/prog/verus-cad/monotile/empty_certs/64603_590872271317167522048.cnf
73791483193000476928 3 3 3 0 /home/bepis/prog/verus-cad/monotile/empty_certs/64638_73791483193000476928.cnf
147582963087466053888 3 3 3 0 /home/bepis/prog/verus-cad/monotile/empty_certs/64639_147582963087466053888.cnf
36929520242972967168 3 3 3 0 /home/bepis/prog/verus-cad/monotile/empty_certs/64641_36929520242972967168.cnf
590584040941015826688 3 3 3 0 /home/bepis/prog/verus-cad/monotile/empty_certs/64751_590584040941015826688.cnf
73795986792627863808 3 3 3 0 /home/bepis/prog/verus-cad/monotile/empty_certs/64781_73795986792627863808.cnf
36911505844463501568 3 3 3 0 /home/bepis/prog/verus-cad/monotile/empty_certs/64782_36911505844463501568.cnf
18482776169263431936 3 3 3 0 /home/bepis/prog/verus-cad/monotile/empty_certs/64783_18482776169263431936.cnf
221360928936058421504 3 3 3 0 /home/bepis/prog/verus-cad/monotile/empty_certs/65234_221360928936058421504.cnf
590584040941015810560 3 3 3 0 /home/bepis/prog/verus-cad/monotile/empty_certs/65516_590584040941015810560.cnf
73795986792627847680 3 3 3 0 /home/bepis/prog/verus-cad/monotile/empty_certs/65535_73795986792627847680.cnf
36929520242972983808 3 3 3 0 /home/bepis/prog/verus-cad/monotile/empty_certs/65602_36929520242972983808.cnf
2509063438817413841920 3 3 3 0 /home/bepis/prog/verus-cad/monotile/empty_certs/66005_2509063438817413841920.cnf
1254991086579825525760 3 3 3 0 /home/bepis/prog/verus-cad/monotile/empty_certs/66007_1254991086579825525760.cnf
1181168081538434221056 3 3 3 0 /home/bepis/prog/verus-cad/monotile/empty_certs/66014_1181168081538434221056.cnf
2361471471948413289472 3 3 3 0 /home/bepis/prog/verus-cad/monotile/empty_certs/66018_2361471471948413289472.cnf
