c --- [ banner ] -------------------------------------------------------------
c 
c CaDiCaL SAT Solver
c Copyright (c) 2016-2024
c A. Biere, M. Fleury, N. Froleyks, K. Fazekas, F. Pollitt, T. Faller
c JKU Linz, University of Freiburg, TU Wien
c 
c Version 2.2.0
c g++ (GCC) 14.3.0 -Wall -Wextra -O3 -DNDEBUG
c Sun Apr 26 15:17:28 UTC 2026 Linux localhost 6.12.82 x86_64
c 
c --- [ proof tracing ] ------------------------------------------------------
c 
c opening file to write 'k2_static.lrat'
c writing binary proof trace to 'k2_static.lrat'
c 
c --- [ parsing input ] ------------------------------------------------------
c 
c reading DIMACS file from 'k2_static.cnf'
c opening file to read 'k2_static.cnf'
c found 'p cnf 3228 322284' header
c parsed 322284 clauses in 0.11 seconds process time
c 
c --- [ options ] ------------------------------------------------------------
c 
c   --lrat=true                    (different from default 'false')
c 
c --- [ solving ] ------------------------------------------------------------
c 
c time measured in process time since initialization
c 
c  seconds  reduction conflicts       size tier2       variables
c         MB    restarts   redundant    glue  trail         remaining
c          level     rate       size/glu tier1  irredundant
c 
c *  0.11 36  0 0   0  0    0    0 0.0 0 0 2 6  0% 322122 3215 100%
c (  0.11 36  0 0   0  0    0    0 0.0 0 0 2 6  0% 322122 3215 100%
c .  0.11 36  0 0   0  0    0    0 0.0 0 0 2 6  0% 321764 3215 100%
c c  0.22 50  0 0   0  0    0    0 0.0 0 0 2 6  0% 321647 3215 100%
c e  0.27 50  0 0   0  0    0    0 0.0 0 0 2 6  0% 317299 1912 59%
c P  0.30 53  0 0   0  0    0    0 0.0 0 0 2 6  0% 317299 1912 59%
c )  0.30 53  0 0   0  0    0    0 0.0 0 0 2 6  0% 317299 1912 59%
c {  0.30 53  0 0   0  0    0    0 0.0 0 0 2 6  0% 317299 1912 59%
c -  0.32 53 136 1  30 11  301  131 2.0 31 15 2 6 22% 317299 1912 59%
c -  0.39 65 59 2  34  5  952  393 2.4 29 12 2 6 21% 317299 1912 59%
c }  0.40 65 57 2  34  4 1001  439 2.4 29 12 2 6 21% 317299 1912 59%
c [  0.40 65  0 2  34  0 1001  439 0.0 0 0 2 6  0% 317299 1912 59%
c O  0.40 65 11 2  34 12 1002  439 0.0 0 0 2 6 11% 317299 1912 59%
c ]  0.45 65 44 2  34  3 1843 1213 4.1 58 14 2 6 39% 317299 1912 59%
c {  0.45 65 57 2  34  4 1843 1213 2.4 29 12 2 6 21% 317299 1912 59%
c -  0.49 65 55 3  36  4 2110  906 2.4 28 12 2 6 22% 317299 1912 59%
c O  0.55 65 48 3  36  3 3005 1741 2.6 27 10 2 6 14% 317299 1912 59%
c -  0.70 65 42 4  92  4 3836 1598 2.8 28 10 2 6 37% 317299 1912 59%
c }  0.76 65 39 4 138  3 5306 2912 2.9 27 10 7 11 39% 317299 1912 59%
c [  0.76 65 44 4 138  3 5306 2912 4.1 58 14 2 6 67% 317299 1912 59%
c 
c  seconds  reduction conflicts       size   tier2        variables
c         MB    restarts   redundant     glue    trail         remaining
c          level     rate       size/glue  tier1   irredundant
c 
c I  0.80 65 33 4 139  2 6006 3528 3.8 46 12 7 20 58% 317299 1912 59%
c -  0.83 65 34 5 139  3 6160 3308 3.6 45 12 8 18 55% 317299 1912 59%
c -  1.05 65 32 6 141  3 9105 5169 3.2 41 13 5 13 43% 317299 1912 59%
c B  1.08 65 34 6 142  3 10008 6018 3.1 42 14 5 13 43% 317299 1912 59%
c ]  1.08 65 34 6 142  3 10043 6046 3.1 42 14 5 13 43% 317299 1912 59%
c {  1.08 65 39 6 142  3 10043 6046 2.9 27 10 7 11 39% 317299 1912 59%
c -  1.23 65 36 7 248  3 12686 7162 2.9 27 9 7 11 38% 317299 1912 59%
c e  1.31 75 37 7 280  3 13295 7697 3.0 27 9 6 10 38% 317297 1910 59%
c ^  1.34 52 37 7 280  3 13295 7697 3.0 27 9 6 10 38% 317297 1910 59%
c #  1.47 55 35 7 326  3 15009 9215 3.0 26 9 6 10 37% 317297 1910 59%
c }  1.55 55 35 7 415  3 16825 10874 3.0 26 9 6 10 37% 317297 1910 59%
c [  1.55 55 34 7 415  3 16825 10874 3.1 42 14 5 13 43% 317297 1910 59%
c -  1.59 55 34 8 415  3 16915 9424 3.1 42 13 5 13 43% 317297 1910 59%
c W  1.91 59 36 8 417  3 21012 13268 2.8 40 14 5 13 40% 317297 1910 59%
c -  1.98 59 36 9 417  3 21796 11225 2.7 40 15 5 16 39% 317297 1910 59%
c ]  2.16 59 36 9 419  3 25225 14492 2.8 41 14 5 16 40% 317297 1910 59%
c {  2.16 59 35 9 419  3 25225 14492 3.0 26 9 6 10 37% 317297 1910 59%
c -  2.33 60 32 10 476  3 27336 13451 3.0 26 9 6 10 37% 317297 1910 59%
c B  2.39 60 31 10 515  3 28024 14032 3.0 26 9 6 10 37% 317297 1910 59%
c }  2.73 60 31 10 1271  4 33262 18741 2.8 26 9 6 10 36% 317297 1910 59%
c 
c  seconds  reductions   conflicts        size   tier2        variables
c         MB     restarts      redundant     glue    trail         remaining
c          level       rate         size/glue  tier1   irredundant
c 
c [  2.73 60 36 10 1271  3 33262 18741 2.8 41 14 5 16 40% 317297 1910 59%
c -  2.79 60 36 11 1271  3 33542 16498 2.8 41 14 5 16 40% 317297 1910 59%
c O  2.98 60 37 11 1272  3 36027 18855 2.9 42 14 5 16 41% 317297 1910 59%
c -  3.22 60 37 12 1276  3 40425 19414 2.9 43 15 5 15 40% 317297 1910 59%
c ^  3.54 70 37 12 1276  3 42801 21678 2.8 43 15 5 15 40% 317297 1910 59%
c B  3.68 70 36 12 1277  3 45028 23809 2.9 43 15 5 15 40% 317297 1910 59%
c ]  3.69 70 37 12 1277  3 45145 23921 2.9 43 15 5 15 41% 317297 1910 59%
c {  3.69 70 31 12 1277  4 45145 23921 2.8 26 9 6 10 36% 317297 1910 59%
c -  3.95 59 31 13 1709  4 47973 22192 2.8 26 9 6 10 36% 317297 1910 59%
c W  4.52 59 30 13 2184  4 55033 28313 2.8 26 9 6 10 36% 317297 1910 59%
c }  4.55 59 30 13 2236  4 55351 28611 2.8 26 9 6 10 36% 317297 1910 59%
c [  4.55 59 37 13 2236  3 55351 28611 2.9 43 15 5 15 41% 317297 1910 59%
c -  4.64 74 37 14 2236  3 56198 26561 2.9 42 15 5 15 41% 317297 1910 59%
c -  5.16 60 31 15 2239  3 65095 30221 2.9 39 13 5 15 40% 317297 1910 59%
c W  5.27 60 30 15 2239  3 66036 30939 2.9 39 13 5 15 40% 317297 1910 59%
c ]  5.55 60 29 15 2242  2 71191 35249 2.8 38 14 5 14 39% 317297 1910 59%
c {  5.55 60 30 15 2242  4 71191 35249 2.8 26 9 6 10 36% 317297 1910 59%
c -  5.90 76 30 16 2449  4 74671 32780 2.8 26 9 6 10 36% 317297 1910 59%
c F  6.23 76 30 16 2802  4 78037 35850 2.8 26 9 6 10 36% 317297 1910 59%
c }  6.83 76 30 16 3365  4 84578 41847 2.8 26 9 6 10 36% 317297 1910 59%
c 
c  seconds  reductions   conflicts        size   tier2        variables
c         MB     restarts      redundant     glue    trail         remaining
c          level       rate         size/glue  tier1   irredundant
c 
c [  6.83 76 29 16 3365  2 84578 41847 2.8 38 14 5 14 39% 317297 1910 59%
c -  6.90 61 29 17 3366  2 84930 36362 2.8 38 14 5 14 39% 317297 1910 59%
c u  7.09 61 29 17 3366  2 84930 36161 2.8 38 14 5 14 39% 317297 1910 59%
c v  7.13 61 29 17 3366  2 84930 36129 2.8 38 14 5 14 39% 317297 1910 59%
c w  7.14 61 29 17 3366  2 84930 36120 2.8 38 14 5 14 39% 317297 1910 59%
c x  7.18 61 29 17 3366  2 84930 36119 2.8 38 14 5 14 39% 317297 1910 59%
c e  7.44 73 30 17 3366  2 87058 37899 2.8 38 14 5 14 39% 317301 1908 59%
c ^  7.53 73 30 17 3366  2 87058 37899 2.8 38 14 5 14 39% 317301 1908 59%
c I  7.80 73 30 17 3369  3 91038 41492 2.7 39 14 5 14 39% 317301 1908 59%
c -  8.15 89 31 18 3372  3 95868 38772 2.7 39 14 5 14 38% 317301 1908 59%
c B  8.73 89 32 18 3374  3 105042 46802 2.5 39 16 5 14 37% 317301 1908 59%
c ]  8.78 89 32 18 3374  2 105737 47450 2.5 39 16 5 14 37% 317301 1908 59%
c {  8.78 89 30 18 3374  4 105737 47450 2.8 26 9 6 10 36% 317301 1908 59%
c -  9.00 75 30 19 3606  4 107491 41238 2.8 26 10 6 10 36% 317301 1908 59%
c - 10.00 93 29 20 4285  4 119797 47411 2.8 26 9 6 10 36% 317301 1908 59%
c B 10.04 93 29 20 4313  4 120044 47622 2.8 26 9 6 10 36% 317301 1908 59%
c } 10.25 93 29 20 4557  4 122374 49749 2.8 26 10 6 10 36% 317301 1908 59%
c [ 10.25 93 32 20 4557  2 122374 49749 2.5 39 16 5 14 37% 317301 1908 59%
c - 11.02 75 29 21 4558  2 132788 52104 2.5 37 15 5 14 38% 317301 1908 59%
c t 11.05 75 29 21 4558  2 132788 52103 2.5 37 15 5 14 38% 317301 1908 59%
c 
c  seconds  reductions   conflicts         size   tier2        variables
c         MB     restarts       redundant     glue    trail         remaining
c          level       rate          size/glue  tier1   irredundant
c 
c W 11.49 75 29 21 4558  2 136049 55036 2.6 38 15 5 14 39% 317301 1908 59%
c ] 12.10 75 28 21 4559  2 143652 61644 2.6 38 14 5 13 39% 317301 1908 59%
c { 12.10 75 29 21 4559  4 143652 61644 2.8 26 10 6 10 36% 317301 1908 59%
c e 12.56 78 29 21 4838  4 146081 63904 2.8 27 10 6 10 36% 317307 1906 59%
c s 12.71 78 29 21 4838  4 146081 63902 2.8 27 10 6 10 36% 317307 1906 59%
c - 12.85 96 29 22 4887  4 146467 55446 2.8 26 10 6 10 36% 317307 1906 59%
c u 12.97 96 29 22 4887  4 146467 55374 2.8 26 10 6 10 36% 317307 1906 59%
c v 13.01 96 29 22 4887  4 146467 55343 2.8 26 10 6 10 36% 317307 1906 59%
c w 13.02 96 29 22 4887  4 146467 55342 2.8 26 10 6 10 36% 317307 1906 59%
c W 13.77 96 29 22 5562  4 153051 61347 2.8 27 10 6 10 36% 317307 1906 59%
c - 14.63 78 29 23 6294  4 160835 60381 2.8 27 10 6 10 36% 317307 1906 59%
c } 14.87 78 29 23 6334  4 161111 60643 2.8 27 10 6 10 36% 317307 1906 59%
c [ 14.87 78 28 23 6334  2 161111 60643 2.6 38 14 5 13 39% 317307 1906 59%
c O 15.57 78 25 23 6340  2 171052 68390 2.6 36 14 5 13 39% 317307 1906 59%
c - 16.00 97 25 24 6343  2 175890 64266 2.6 36 14 5 13 39% 317307 1906 59%
c ] 16.88 97 23 24 6348  2 186981 72862 2.7 35 13 5 13 39% 317307 1906 59%
c { 16.88 97 29 24 6348  4 186981 72862 2.8 27 10 6 10 36% 317307 1906 59%
c # 17.20 97 29 24 6550  4 190054 75670 2.8 27 10 6 10 36% 317307 1906 59%
c - 17.44 78 30 25 6809  4 191631 68817 2.8 27 10 6 10 36% 317307 1906 59%
c u 17.55 78 30 25 6809  4 191631 68747 2.8 27 10 6 10 36% 317307 1906 59%
c 
c  seconds  reductions   conflicts         size   tier2        variables
c         MB     restarts       redundant     glue    trail         remaining
c          level       rate          size/glue  tier1   irredundant
c 
c v 17.59 78 30 25 6809  4 191631 68730 2.8 27 10 6 10 36% 317307 1906 59%
c w 17.60 78 30 25 6809  4 191631 68726 2.8 27 10 6 10 36% 317307 1906 59%
c - 19.38 89 29 26 8067  4 208061 57964 2.8 27 10 4 8 36% 317307 1906 59%
c } 19.54 89 29 26 8137  4 209462 59235 2.8 27 10 4 8 36% 317307 1906 59%
c [ 19.54 89 23 26 8137  2 209462 59235 2.7 35 13 5 13 39% 317307 1906 59%
c B 19.58 89 23 26 8137  2 210057 59803 2.7 35 13 5 13 39% 317307 1906 59%
c ^ 20.63 89 28 26 8140  2 219874 68762 2.8 38 14 5 13 42% 317307 1906 59%
c - 21.23 89 30 27 8144  2 225183 57344 2.7 39 14 5 13 42% 317307 1906 59%
c W 21.97 89 31 27 8147  2 231059 62820 2.7 40 15 5 13 42% 317307 1906 59%
c - 22.80 89 37 28 8152  2 242996 57019 2.6 44 17 5 13 43% 317307 1906 59%
c ] 23.45 89 39 28 8153  2 251770 64982 2.7 45 17 5 13 44% 317307 1906 59%
c { 23.45 89 29 28 8153  4 251770 64982 2.8 27 10 4 8 36% 317307 1906 59%
c B 23.63 89 29 28 8333  4 253060 66191 2.8 27 10 4 8 36% 317307 1906 59%
c - 24.55 89 30 29 8958  4 261498 61571 2.8 27 10 4 8 36% 317307 1906 59%
c u 24.77 89 30 29 8958  4 261498 61503 2.8 27 10 4 8 36% 317307 1906 59%
c v 24.80 89 30 29 8958  4 261498 61460 2.8 27 10 4 8 36% 317307 1906 59%
c w 24.82 89 30 29 8958  4 261498 61453 2.8 27 10 4 8 36% 317307 1906 59%
c W 26.77 89 29 29 10331  4 276061 74714 2.8 28 10 3 7 36% 317307 1906 59%
c } 26.82 89 29 29 10353  4 276477 75090 2.8 28 10 3 7 36% 317307 1906 59%
c [ 26.82 89 39 29 10353  2 276477 75090 2.7 45 17 5 13 44% 317307 1906 59%
c 
c  seconds  reductions    conflicts         size   tier2        variables
c         MB      restarts       redundant     glue    trail         remaining
c          level        rate          size/glue  tier1   irredundant
c 
c - 27.25 89 37 30 10353  2 280692 56170 2.7 45 17 5 13 44% 317307 1906 59%
c I 28.80 89 39 30 10354  2 300074 73351 2.6 46 18 5 13 43% 317307 1906 59%
c - 28.89 89 39 31 10354  2 300580 53430 2.6 46 18 5 13 43% 317307 1906 59%
c s 29.81 89 39 31 10354  2 308427 60077 2.5 46 18 5 13 42% 317304 1906 59%
c e 29.85 89 39 31 10354  2 308427 54887 2.5 46 18 5 13 42% 317646 1858 58%
c s 30.05 89 39 31 10354  2 308427 54847 2.5 46 18 5 13 42% 317646 1858 58%
c ] 30.69 89 38 31 10354  2 314313 59843 2.5 46 18 5 13 42% 317646 1858 58%
c { 30.69 89 29 31 10354  4 314313 59843 2.8 28 10 3 7 36% 317646 1858 58%
c - 31.41 89 29 32 10921  4 321159 49967 2.8 28 10 3 7 36% 317646 1858 58%
c u 31.55 89 29 32 10921  4 321159 49309 2.8 28 10 3 7 36% 317646 1858 58%
c v 31.59 89 29 32 10921  4 321159 49182 2.8 28 10 3 7 36% 317646 1858 58%
c w 31.61 89 29 32 10921  4 321159 49172 2.8 28 10 3 7 36% 317646 1858 58%
c F 31.90 89 29 32 11056  4 325077 52612 2.8 28 10 3 7 36% 317646 1858 58%
c - 33.77 89 29 33 12881  4 342438 54212 2.8 28 10 3 7 35% 317646 1858 58%
c } 34.40 89 30 33 13257  4 348972 60034 2.8 28 10 3 7 36% 317646 1858 58%
c [ 34.40 89 38 33 13257  2 348972 60034 2.5 46 18 5 13 42% 317646 1858 58%
c B 34.58 89 38 33 13257  2 351081 61840 2.5 45 18 5 13 42% 317646 1858 58%
c - 35.74 89 38 34 13261  2 364409 57842 2.5 46 19 5 13 41% 317646 1858 58%
c d 35.76 89 38 34 13261  2 364409 57838 2.5 46 19 5 13 41% 317646 1857 58%
c u 35.88 89 38 34 13261  2 364409 57426 2.5 46 19 5 13 41% 317646 1857 58%
c 
c  seconds  reductions    conflicts         size   tier2        variables
c         MB      restarts       redundant     glue    trail         remaining
c          level        rate          size/glue  tier1   irredundant
c 
c v 35.92 89 38 34 13261  2 364409 57333 2.5 46 19 5 13 41% 317646 1857 58%
c w 35.94 89 38 34 13261  2 364409 57309 2.5 46 19 5 13 41% 317646 1857 58%
c W 37.62 89 38 34 13270  2 378083 69640 2.5 47 19 5 13 40% 317646 1857 58%
c - 38.65 89 36 35 13272  2 387076 58088 2.5 46 18 5 13 40% 317646 1857 58%
c ] 39.00 89 36 35 13272  2 391036 61810 2.5 46 18 5 13 40% 317646 1857 58%
c { 39.01 89 30 35 13272  4 391036 61810 2.8 28 10 3 7 36% 317646 1857 58%
c B 40.77 89 30 35 14599  4 406085 75442 2.8 28 10 3 7 35% 317646 1857 58%
c - 41.64 89 30 36 15250  4 410435 62974 2.8 28 10 3 7 35% 317646 1857 58%
c p 41.67 89 30 36 15250  4 410435 63070 2.8 28 10 3 7 35% 317646 1857 58%
c u 41.93 89 30 36 15250  4 410435 62753 2.8 28 10 3 7 35% 317646 1857 58%
c v 41.97 89 30 36 15250  4 410435 62669 2.8 28 10 3 7 35% 317646 1857 58%
c w 41.99 89 30 36 15250  4 410435 62659 2.8 28 10 3 7 35% 317646 1857 58%
c s 42.89 89 30 36 15511  4 412273 64250 2.8 28 10 3 7 35% 317646 1857 58%
c } 44.28 89 29 36 16632  4 424431 75027 2.8 28 10 3 7 35% 317646 1857 58%
c [ 44.28 89 36 36 16632  2 424431 75027 2.5 46 18 5 13 40% 317646 1857 58%
c - 45.24 89 34 37 16639  2 434492 65683 2.6 44 17 5 13 39% 317646 1857 58%
c O 45.32 89 34 37 16639  2 435086 66189 2.6 44 17 5 13 39% 317646 1857 58%
c - 47.77 90 30 38 16648  2 459244 66318 2.6 42 16 5 13 38% 317646 1857 58%
c u 48.00 90 30 38 16648  2 459244 65692 2.6 42 16 5 13 38% 317646 1857 58%
c v 48.05 90 30 38 16648  2 459244 65557 2.6 42 16 5 13 38% 317646 1857 58%
c 
c  seconds  reductions    conflicts         size   tier2        variables
c         MB      restarts       redundant     glue    trail         remaining
c          level        rate          size/glue  tier1   irredundant
c 
c w 48.07 90 30 38 16648  2 459244 65528 2.6 42 16 5 13 38% 317646 1857 58%
c B 48.55 90 31 38 16648  2 465090 70892 2.6 43 16 4 10 38% 317646 1857 58%
c ] 48.96 90 31 38 16648  2 470002 75239 2.6 43 16 4 10 38% 317646 1857 58%
c { 48.96 90 29 38 16648  4 470002 75239 2.8 28 10 3 7 35% 317646 1857 58%
c - 51.10 106 29 39 18169  4 484690 67918 2.7 28 10 3 7 35% 317646 1857 58%
c W 53.03 106 28 39 18848  4 496092 78315 2.7 28 10 3 7 35% 317646 1857 58%
c } 54.57 106 28 39 19770  4 509604 90378 2.7 29 10 3 7 35% 317646 1857 58%
c [ 54.57 106 31 39 19770  2 509604 90378 2.6 43 16 4 10 38% 317646 1857 58%
c - 54.75 106 31 40 19770  2 510839 72903 2.6 43 16 4 10 38% 317646 1857 58%
c p 54.77 106 31 40 19770  2 510839 72973 2.6 43 16 4 10 38% 317646 1857 58%
c u 54.98 106 31 40 19770  2 510839 72149 2.6 43 16 4 10 38% 317646 1857 58%
c v 55.07 106 31 40 19770  2 510839 72036 2.6 43 16 4 10 38% 317646 1857 58%
c w 55.11 106 31 40 19770  2 510839 71995 2.6 43 16 4 10 38% 317646 1857 58%
c W 56.85 106 32 40 19778  2 528093 87697 2.6 44 17 4 10 37% 317646 1857 58%
c - 57.65 106 33 41 19784  2 537677 75546 2.7 45 17 4 10 38% 317646 1857 58%
c I 59.94 106 36 41 19792  2 561094 95662 2.6 45 18 4 10 39% 317646 1857 58%
c - 60.35 126 36 42 19795  2 565209 77188 2.6 45 18 4 10 39% 317646 1857 58%
c u 60.50 126 36 42 19795  2 565209 76759 2.6 45 18 4 10 39% 317646 1857 58%
c v 60.55 126 36 42 19795  2 565209 76665 2.6 45 18 4 10 39% 317646 1857 58%
c w 60.57 126 36 42 19795  2 565209 76652 2.6 45 18 4 10 39% 317646 1857 58%
c 
c  seconds   reductions    conflicts         size   tier2        variables
c          MB      restarts       redundant     glue    trail         remaining
c           level        rate          size/glue  tier1   irredundant
c 
c ] 60.94 126 35 42 19798  2 568458 79403 2.6 45 17 4 10 39% 317646 1857 58%
c { 60.94 126 28 42 19798  4 568458 79403 2.7 29 10 3 7 35% 317646 1857 58%
c - 64.30 106 27 43 21478  4 593438 82416 2.8 29 10 3 7 35% 317646 1857 58%
c # 64.65 106 28 43 21750  4 595095 83943 2.7 29 10 3 6 35% 317646 1857 58%
c s 66.87 106 27 43 22834  4 606935 94398 2.7 29 11 3 6 35% 317646 1857 58%
c s 67.27 106 27 43 22834  4 606935 94341 2.7 29 11 3 6 35% 317646 1857 58%
c ^ 67.29 106 27 43 22834  4 606935 94341 2.7 29 11 3 6 35% 317646 1857 58%
c } 67.48 106 27 43 22932  4 608281 95586 2.7 29 11 3 6 35% 317646 1857 58%
c [ 67.48 106 35 43 22932  2 608281 95586 2.6 45 17 4 10 39% 317646 1857 58%
c - 68.79 127 35 44 22935  2 622365 83936 2.6 45 17 4 10 39% 317646 1857 58%
c d 68.80 127 35 44 22935  2 622365 83926 2.6 45 17 4 10 39% 317646 1856 57%
c p 68.83 127 35 44 22935  2 622365 84008 2.6 45 17 4 10 39% 317646 1856 57%
c u 69.13 127 35 44 22935  2 622365 83488 2.6 45 17 4 10 39% 317646 1856 57%
c v 69.19 127 35 44 22935  2 622365 83322 2.6 45 17 4 10 39% 317646 1856 57%
c w 69.19 127 35 44 22935  2 622365 83322 2.6 45 17 4 10 39% 317646 1856 57%
c x 69.28 127 35 44 22935  2 622365 83322 2.6 45 17 4 10 39% 317646 1856 57%
c B 70.08 127 35 44 22935  2 630098 90366 2.6 46 17 4 10 38% 317646 1856 57%
c - 72.66 106 36 45 22936  2 651986 85730 2.7 48 18 4 10 40% 317646 1856 57%
c W 74.94 106 37 45 22936  2 666099 98801 2.8 49 18 4 9 40% 317646 1856 57%
c ] 75.36 106 37 45 22936  2 669679 101978 2.8 49 18 4 9 40% 317646 1856 57%
c 
c  seconds   reductions    conflicts          size   tier2       variables
c          MB      restarts       redundant      glue   trail         remaining
c           level        rate           size/glue  tier1  irredundant
c 
c { 75.36 106 27 45 22936  4 669679 101978 2.7 29 11 3 6 35% 317646 1856 57%
c - 77.69 128 27 46 23963  4 682304 89303 2.7 29 11 3 6 35% 317646 1856 57%
c d 77.71 128 27 46 23963  4 682304 89290 2.7 29 11 3 6 35% 317646 1855 57%
c u 77.93 128 27 46 23963  4 682304 88549 2.7 29 11 3 6 35% 317646 1855 57%
c v 78.01 128 27 46 23963  4 682304 88331 2.7 29 11 3 6 35% 317646 1855 57%
c B 81.31 128 26 46 25692  4 703101 107070 2.7 29 11 3 6 34% 317646 1855 57%
c } 82.83 128 26 46 26149  4 711172 113995 2.7 29 11 3 6 34% 317646 1855 57%
c [ 82.83 128 37 46 26149  2 711172 113995 2.8 49 18 4 9 40% 317646 1855 57%
c - 83.10 106 37 47 26149  2 713322 93223 2.8 49 18 4 9 39% 317646 1855 57%
c p 83.13 106 37 47 26149  2 713322 93292 2.8 49 18 4 9 39% 317646 1855 57%
c u 83.32 106 37 47 26149  2 713322 92809 2.8 49 18 4 9 39% 317646 1855 57%
c v 83.35 106 37 47 26149  2 713322 92735 2.8 49 18 4 9 39% 317646 1855 57%
c w 83.36 106 37 47 26149  2 713322 92730 2.8 49 18 4 9 39% 317646 1855 57%
c s 87.59 106 38 47 26150  3 740465 117623 2.8 51 18 4 8 40% 317646 1855 57%
c e 87.65 106 38 47 26150  3 740465 116882 2.8 51 18 4 8 40% 317697 1851 57%
c s 88.16 106 38 47 26150  3 740465 116841 2.8 51 18 4 8 40% 317697 1851 57%
c O 88.33 106 38 47 26150  2 741102 117426 2.8 52 18 4 8 40% 317697 1851 57%
c - 88.74 128 38 48 26150  3 745034 94891 2.8 51 18 4 8 40% 317697 1851 57%
c - 91.92 106 37 49 26150  3 777444 96472 2.8 51 18 4 8 38% 317697 1851 57%
c u 92.12 106 37 49 26150  3 777444 95440 2.8 51 18 4 8 38% 317697 1851 57%
c 
c  seconds   reductions    conflicts         size   tier2       variables
c          MB      restarts       redundant     glue   trail         remaining
c           level        rate          size/glue  tier1  irredundant
c 
c v 92.23 106 37 49 26150  3 777444 95246 2.8 51 18 4 8 38% 317697 1851 57%
c w 92.24 106 37 49 26150  3 777444 95245 2.8 51 18 4 8 38% 317697 1851 57%
c B 92.47 106 38 49 26151  3 780111 97713 2.8 51 18 4 8 38% 317697 1851 57%
c ] 92.48 106 38 49 26151  3 780172 97774 2.8 51 18 4 8 38% 317697 1851 57%
c { 92.48 106 26 49 26151  4 780172 97774 2.7 29 11 3 6 34% 317697 1851 57%
c - 97.85 128 25 50 28441  4 810555 97192 2.7 28 11 3 6 34% 317697 1851 57%
c p 97.89 128 25 50 28441  4 810555 97271 2.7 28 11 3 6 34% 317697 1851 57%
c u 98.07 128 25 50 28441  4 810555 96169 2.7 28 11 3 6 34% 317697 1851 57%
c v 98.15 128 25 50 28441  4 810555 96030 2.7 28 11 3 6 34% 317697 1851 57%
c w 98.16 128 25 50 28441  4 810555 96030 2.7 28 11 3 6 34% 317697 1851 57%
c W 100.80 128 25 50 29127  4 820113 104119 2.7 28 10 3 6 34% 317697 1851 57%
c } 101.46 128 25 50 29421  4 824810 108286 2.7 28 10 3 6 34% 317697 1851 57%
c [ 101.46 128 38 50 29421  3 824810 108286 2.8 51 18 4 8 38% 317697 1851 57%
c - 103.40 106 38 51 29433  3 844360 98904 2.6 50 19 4 8 37% 317697 1851 57%
c W 105.30 106 38 51 29438  3 861116 114033 2.6 50 19 4 8 37% 317697 1851 57%
c - 107.86 129 37 52 29449  3 878864 100573 2.6 50 19 4 8 37% 317697 1851 57%
c p 107.90 129 37 52 29449  3 878864 100641 2.6 50 19 4 8 37% 317697 1851 57%
c u 108.04 129 37 52 29449  3 878864 100046 2.6 50 19 4 8 37% 317697 1851 57%
c v 108.10 129 37 52 29449  3 878864 99848 2.6 50 19 4 8 37% 317697 1851 57%
c w 108.11 129 37 52 29449  3 878864 99846 2.6 50 19 4 8 37% 317697 1851 57%
c 
c  seconds    reductions    conflicts         size   tier2       variables
c           MB      restarts       redundant     glue   trail         remaining
c            level        rate          size/glue  tier1  irredundant
c 
c x 108.16 129 37 52 29449  3 878864 99846 2.6 50 19 4 8 37% 317697 1851 57%
c s 109.86 129 37 52 29450  3 888932 108502 2.6 50 19 4 8 37% 317697 1851 57%
c s 110.73 129 37 52 29450  3 888932 108461 2.6 50 19 4 8 37% 317697 1851 57%
c ] 111.18 129 37 52 29451  3 892587 111774 2.6 50 19 4 8 37% 317697 1851 57%
c { 111.18 129 25 52 29451  4 892587 111774 2.7 28 10 3 6 34% 317697 1851 57%
c F 113.34 129 25 52 30498  4 903119 121169 2.7 28 11 3 6 34% 317697 1851 57%
c - 115.48 106 25 53 31152  4 914066 104535 2.7 28 10 3 6 34% 317697 1851 57%
c u 115.87 106 25 53 31152  4 914066 104038 2.7 28 10 3 6 34% 317697 1851 57%
c v 115.94 106 25 53 31152  4 914066 103761 2.7 28 10 3 6 34% 317697 1851 57%
c w 115.94 106 25 53 31152  4 914066 103761 2.7 28 10 3 6 34% 317697 1851 57%
c } 120.49 106 25 53 33228  4 937538 124805 2.7 28 11 3 6 34% 317697 1851 57%
c [ 120.49 106 37 53 33228  3 937538 124805 2.6 50 19 4 8 37% 317697 1851 57%
c I 121.57 106 35 53 33228  2 946120 131316 2.6 49 19 4 8 37% 317697 1851 57%
c - 122.06 130 35 54 33228  2 949970 108426 2.6 48 19 4 8 37% 317697 1851 57%
c p 122.12 130 35 54 33228  2 949970 108449 2.6 48 19 4 8 37% 317697 1851 57%
c u 122.25 130 35 54 33228  2 949970 108131 2.6 48 19 4 8 37% 317697 1851 57%
c v 122.30 130 35 54 33228  2 949970 107966 2.6 48 19 4 8 37% 317697 1851 57%
c w 122.31 130 35 54 33228  2 949970 107960 2.6 48 19 4 8 37% 317697 1851 57%
c - 126.81 106 35 55 33244  2 986572 110897 2.6 48 18 4 8 36% 317697 1851 57%
c p 126.83 106 35 55 33244  2 986572 111009 2.6 48 18 4 8 36% 317697 1851 57%
c 
c  seconds    reductions    conflicts          size   tier2       variables
c           MB      restarts       redundant      glue   trail         remaining
c            level        rate           size/glue  tier1  irredundant
c 
c B 127.25 106 35 55 33246  2 990122 114100 2.6 48 19 4 8 36% 317697 1851 57%
c ] 129.60 106 33 55 33257  2 1006842 127447 2.6 46 18 4 8 37% 317697 1851 57%
c { 129.60 106 25 55 33257  4 1006842 127447 2.7 28 11 3 6 34% 317697 1851 57%
c - 133.16 130 26 56 34457  4 1023870 112588 2.7 29 11 3 6 34% 317697 1851 57%
c u 133.57 130 26 56 34457  4 1023870 111117 2.7 29 11 3 6 34% 317697 1851 57%
c v 133.75 130 26 56 34457  4 1023870 110592 2.7 29 11 3 6 34% 317697 1851 57%
c w 133.75 130 26 56 34457  4 1023870 110592 2.7 29 11 3 6 34% 317697 1851 57%
c B 137.53 130 26 56 35476  4 1035123 120614 2.7 29 11 3 6 34% 317697 1851 57%
c s 142.57 130 26 56 37006  4 1052243 135842 2.7 29 11 3 6 34% 317697 1851 57%
c s 143.14 130 26 56 37006  4 1052243 135753 2.7 29 11 3 6 34% 317697 1851 57%
c } 143.86 130 26 56 37294  4 1054953 138149 2.7 29 11 3 6 34% 317697 1851 57%
c [ 143.86 130 33 56 37294  2 1054953 138149 2.6 46 18 4 8 37% 317697 1851 57%
c - 144.89 106 32 57 37295  2 1061867 114651 2.6 45 17 4 8 37% 317697 1851 57%
c p 144.93 106 32 57 37295  2 1061867 114673 2.6 45 17 4 8 37% 317697 1851 57%
c u 145.24 106 32 57 37295  2 1061867 113514 2.6 45 17 4 8 37% 317697 1851 57%
c v 145.33 106 32 57 37295  2 1061867 113138 2.6 45 17 4 8 37% 317697 1851 57%
c W 149.05 106 34 57 37296  2 1081124 130844 2.8 48 17 4 8 39% 317697 1851 57%
c - 151.39 130 37 58 37297  2 1100560 116670 2.8 52 19 4 8 39% 317697 1851 57%
c O 155.69 130 36 58 37304  3 1128126 141312 2.7 51 19 3 6 38% 317697 1851 57%
c ] 156.62 130 36 58 37309  3 1135684 148191 2.7 51 19 3 6 38% 317697 1851 57%
c 
c  seconds    reductions     conflicts          size   tier2       variables
c           MB      restarts        redundant      glue   trail         remaining
c            level        rate            size/glue  tier1  irredundant
c 
c { 156.62 130 26 58 37309  4 1135684 148191 2.7 29 11 3 6 34% 317697 1851 57%
c - 157.78 106 26 59 37523  4 1139951 118706 2.7 29 11 3 6 34% 317697 1851 57%
c p 157.81 106 26 59 37523  4 1139951 118810 2.7 29 11 3 6 34% 317697 1851 57%
c u 158.02 106 26 59 37523  4 1139951 118155 2.7 29 11 3 6 34% 317697 1851 57%
c v 158.10 106 26 59 37523  4 1139951 117899 2.7 29 11 3 6 34% 317697 1851 57%
c W 166.69 106 26 59 40269  4 1176128 150238 2.7 29 11 3 6 34% 317697 1851 57%
c - 167.81 131 26 60 40746  4 1180048 124297 2.7 29 11 3 6 34% 317697 1851 57%
c p 167.87 131 26 60 40746  4 1180048 124319 2.7 29 11 3 6 34% 317697 1851 57%
c u 168.15 131 26 60 40746  4 1180048 123702 2.7 29 11 3 6 34% 317697 1851 57%
c v 168.26 131 26 60 40746  4 1180048 123355 2.7 29 11 3 6 34% 317697 1851 57%
c w 168.27 131 26 60 40746  4 1180048 123355 2.7 29 11 3 6 34% 317697 1851 57%
c } 170.10 131 26 60 41461  4 1187245 129791 2.7 29 11 3 6 34% 317697 1851 57%
c [ 170.10 131 36 60 41461  3 1187245 129791 2.7 51 19 3 6 38% 317697 1851 57%
c - 177.08 106 31 61 41476  2 1220838 124366 2.7 46 17 3 6 37% 317697 1851 57%
c p 177.23 106 31 61 41476  2 1220838 124468 2.7 46 17 3 6 37% 317697 1851 57%
c u 177.86 106 31 61 41476  2 1220838 123498 2.7 46 17 3 6 37% 317697 1851 57%
c v 178.09 106 31 61 41476  2 1220838 123376 2.7 46 17 3 6 37% 317697 1851 57%
c w 178.12 106 31 61 41476  2 1220838 123371 2.7 46 17 3 6 37% 317697 1851 57%
c B 179.24 106 32 61 41478  2 1225139 127403 2.7 47 17 3 6 37% 317697 1851 57%
c - 190.99 131 34 62 41487  2 1262326 125981 2.8 50 18 3 6 38% 317697 1851 57%
c 
c  seconds    reductions     conflicts          size   tier2       variables
c           MB      restarts        redundant      glue   trail         remaining
c            level        rate            size/glue  tier1  irredundant
c 
c u 191.71 131 34 62 41487  2 1262326 125245 2.8 50 18 3 6 38% 317697 1851 57%
c v 192.00 131 34 62 41487  2 1262326 125171 2.8 50 18 3 6 38% 317697 1851 57%
c w 192.03 131 34 62 41487  2 1262326 125171 2.8 50 18 3 6 38% 317697 1851 57%
c ] 192.24 131 34 62 41487  2 1262575 125384 2.8 50 18 3 6 38% 317697 1851 57%
c { 192.24 131 26 62 41487  4 1262575 125384 2.7 29 11 3 6 34% 317697 1851 57%
c # 202.52 131 25 62 42457  4 1275140 136555 2.7 29 11 3 6 34% 317697 1851 57%
c - 226.05 106 26 63 44819  4 1304515 130986 2.6 29 11 3 6 34% 317697 1851 57%
c p 226.22 106 26 63 44819  4 1304515 131008 2.6 29 11 3 6 34% 317697 1851 57%
c u 227.49 106 26 63 44819  4 1304515 130076 2.6 29 11 3 6 34% 317697 1851 57%
c v 227.77 106 26 63 44819  4 1304515 130012 2.6 29 11 3 6 34% 317697 1851 57%
c s 231.29 112 26 63 44834  4 1305565 130878 2.6 29 11 3 6 34% 317697 1851 57%
c s 234.09 112 26 63 44834  4 1305565 130824 2.6 29 11 3 6 34% 317697 1851 57%
c } 241.76 112 25 63 45659  4 1317373 140938 2.7 29 11 3 5 34% 317697 1851 57%
c [ 241.76 112 34 63 45659  2 1317373 140938 2.8 50 18 3 6 38% 317697 1851 57%
c W 249.21 112 34 63 45665  2 1326143 148293 2.8 50 18 3 6 39% 317697 1851 57%
c - 256.45 137 34 64 45673  3 1347401 129342 2.7 49 18 3 6 38% 317697 1851 57%
c p 256.59 137 34 64 45673  3 1347401 129442 2.7 49 18 3 6 38% 317697 1851 57%
c u 257.32 137 34 64 45673  3 1347401 128832 2.7 49 18 3 6 38% 317697 1851 57%
c v 257.66 137 34 64 45673  3 1347401 128680 2.7 49 18 3 6 38% 317697 1851 57%
c w 257.71 137 34 64 45673  3 1347401 128677 2.7 49 18 3 6 38% 317697 1851 57%
c 
c  seconds    reductions     conflicts          size   tier2       variables
c           MB      restarts        redundant      glue   trail         remaining
c            level        rate            size/glue  tier1  irredundant
c 
c I 267.59 137 35 64 45683  3 1378145 155797 2.7 49 18 3 6 38% 317697 1851 57%
c - 272.61 112 35 65 45684  2 1390987 130043 2.6 49 19 3 5 37% 317697 1851 57%
c p 272.75 112 35 65 45684  2 1390987 130065 2.6 49 19 3 5 37% 317697 1851 57%
c u 273.30 112 35 65 45684  2 1390987 129706 2.6 49 19 3 5 37% 317697 1851 57%
c v 273.56 112 35 65 45684  2 1390987 129573 2.6 49 19 3 5 37% 317697 1851 57%
c w 273.60 112 35 65 45684  2 1390987 129571 2.6 49 19 3 5 37% 317697 1851 57%
c ] 276.32 112 35 65 45684  2 1402120 138983 2.5 49 19 3 5 37% 317697 1851 57%
c { 276.32 112 25 65 45684  4 1402120 138983 2.7 29 11 3 5 34% 317697 1851 57%
c B 284.18 112 25 65 47470  4 1431149 163543 2.7 29 11 3 5 34% 317697 1851 57%
c - 285.49 138 25 66 47863  4 1435273 133710 2.7 29 11 3 5 34% 317697 1851 57%
c u 285.81 138 25 66 47863  4 1435273 132847 2.7 29 11 3 5 34% 317697 1851 57%
c v 285.91 138 25 66 47863  4 1435273 132650 2.7 29 11 3 5 34% 317697 1851 57%
c w 285.91 138 25 66 47863  4 1435273 132650 2.7 29 11 3 5 34% 317697 1851 57%
c } 292.07 138 25 66 50018  4 1461245 155545 2.7 29 11 3 5 34% 317697 1851 57%
c [ 292.07 138 35 66 50018  2 1461245 155545 2.5 49 19 3 5 37% 317697 1851 57%
c - 295.85 112 32 67 50018  2 1480258 137430 2.6 47 18 3 5 37% 317697 1851 57%
c p 295.92 112 32 67 50018  2 1480258 137551 2.6 47 18 3 5 37% 317697 1851 57%
c u 296.25 112 32 67 50018  2 1480258 136321 2.6 47 18 3 5 37% 317697 1851 57%
c v 296.41 112 32 67 50018  2 1480258 136152 2.6 47 18 3 5 37% 317697 1851 57%
c B 297.32 112 32 67 50019  2 1485151 140191 2.6 47 18 3 5 38% 317697 1851 57%
c 
c  seconds    reductions     conflicts          size   tier2       variables
c           MB      restarts        redundant      glue   trail         remaining
c            level        rate            size/glue  tier1  irredundant
c 
c s 300.04 113 30 67 50019  2 1498570 151131 2.7 46 17 3 5 38% 317697 1851 57%
c s 300.58 113 30 67 50019  2 1498570 150974 2.7 46 17 3 5 38% 317697 1851 57%
c - 305.83 139 27 68 50019  2 1525946 136053 2.8 44 16 3 5 38% 317697 1851 57%
c u 306.24 139 27 68 50019  2 1525946 135224 2.8 44 16 3 5 38% 317697 1851 57%
c v 306.36 139 27 68 50019  2 1525946 135107 2.8 44 16 3 5 38% 317697 1851 57%
c w 306.38 139 27 68 50019  2 1525946 135098 2.8 44 16 3 5 38% 317697 1851 57%
c ] 307.45 139 26 68 50019  2 1532386 140566 2.8 44 15 3 5 38% 317697 1851 57%
c { 307.45 139 25 68 50019  4 1532386 140566 2.7 29 11 3 5 34% 317697 1851 57%
c W 310.93 139 25 68 50732  4 1540153 147469 2.6 29 11 3 5 34% 317697 1851 57%
c - 319.64 113 25 69 53575  4 1572332 139573 2.6 29 11 3 5 34% 317697 1851 57%
c p 319.72 113 25 69 53575  4 1572332 139688 2.6 29 11 3 5 34% 317697 1851 57%
c u 320.03 113 25 69 53575  4 1572332 138917 2.6 29 11 3 5 34% 317697 1851 57%
c v 320.19 113 25 69 53575  4 1572332 138650 2.6 29 11 3 5 34% 317697 1851 57%
c w 320.19 113 25 69 53575  4 1572332 138650 2.6 29 11 3 5 34% 317697 1851 57%
c } 325.20 113 25 69 55203  4 1594957 158584 2.6 29 11 3 5 34% 317697 1851 57%
c [ 325.20 113 26 69 55203  2 1594957 158584 2.8 44 15 3 5 38% 317697 1851 57%
c W 326.01 113 26 69 55203  2 1596154 159487 2.8 44 15 3 5 38% 317697 1851 57%
c - 329.16 140 30 70 55204  2 1619421 143505 2.8 46 16 3 5 40% 317697 1851 57%
c u 329.44 140 30 70 55204  2 1619421 143097 2.8 46 16 3 5 40% 317697 1851 57%
c v 329.54 140 30 70 55204  2 1619421 142941 2.8 46 16 3 5 40% 317697 1851 57%
c 
c  seconds    reductions     conflicts          size   tier2       variables
c           MB      restarts        redundant      glue   trail         remaining
c            level        rate            size/glue  tier1  irredundant
c 
c w 329.56 140 30 70 55204  2 1619421 142941 2.8 46 16 3 5 40% 317697 1851 57%
c O 333.07 140 35 70 55204  2 1653158 173306 2.9 50 17 3 5 40% 317697 1851 57%
c - 334.97 113 35 71 55204  2 1667210 146204 2.9 51 18 3 5 40% 317697 1851 57%
c p 335.02 113 35 71 55204  2 1667210 146230 2.9 51 18 3 5 40% 317697 1851 57%
c u 335.19 113 35 71 55204  2 1667210 145819 2.9 51 18 3 5 40% 317697 1851 57%
c v 335.26 113 35 71 55204  2 1667210 145676 2.9 51 18 3 5 40% 317697 1851 57%
c w 335.28 113 35 71 55204  2 1667210 145674 2.9 51 18 3 5 40% 317697 1851 57%
c s 341.90 115 35 71 55204  2 1706420 180388 2.9 52 18 3 5 39% 317697 1851 57%
c s 342.79 115 35 71 55204  2 1706420 180364 2.9 52 18 3 5 39% 317697 1851 57%
c ] 342.99 115 35 71 55204  2 1707243 181092 2.9 52 18 3 5 39% 317697 1851 57%
c { 342.99 115 25 71 55204  4 1707243 181092 2.6 29 11 3 5 34% 317697 1851 57%
c F 344.43 115 25 71 55594  4 1711159 184596 2.6 29 11 2 3 34% 317697 1851 57%
c - 345.86 122 25 72 55946  4 1715695 112366 2.6 29 11 2 3 34% 317697 1851 57%
c p 345.92 122 25 72 55946  4 1715695 112449 2.6 29 11 2 3 34% 317697 1851 57%
c u 346.17 122 25 72 55946  4 1715695 111354 2.6 29 11 2 3 34% 317697 1851 57%
c v 346.29 122 25 72 55946  4 1715695 111125 2.6 29 11 2 3 34% 317697 1851 57%
c w 346.30 122 25 72 55946  4 1715695 111124 2.6 29 11 2 3 34% 317697 1851 57%
c - 356.49 122 25 73 59259  4 1764882 104664 2.7 30 11 2 3 34% 317697 1851 57%
c p 356.56 122 25 73 59259  4 1764882 104690 2.7 30 11 2 3 34% 317697 1851 57%
c u 356.84 122 25 73 59259  4 1764882 103338 2.7 30 11 2 3 34% 317697 1851 57%
c 
c  seconds    reductions     conflicts          size   tier2       variables
c           MB      restarts        redundant      glue   trail         remaining
c            level        rate            size/glue  tier1  irredundant
c 
c v 356.97 122 25 73 59259  4 1764882 102999 2.7 30 11 2 3 34% 317697 1851 57%
c B 357.85 122 25 73 59525  4 1770160 107628 2.6 29 11 2 3 34% 317697 1851 57%
c } 360.61 122 25 73 60584  4 1785331 120797 2.6 30 11 2 3 34% 317697 1851 57%
c [ 360.61 122 35 73 60584  2 1785331 120797 2.9 52 18 3 5 39% 317697 1851 57%
c - 364.16 122 37 74 60584  2 1814766 99608 2.9 54 19 3 5 39% 317697 1851 57%
c p 364.20 122 37 74 60584  2 1814766 99687 2.9 54 19 3 5 39% 317697 1851 57%
c u 364.67 122 37 74 60584  2 1814766 99419 2.9 54 19 3 5 39% 317697 1851 57%
c v 364.72 122 37 74 60584  2 1814766 99186 2.9 54 19 3 5 39% 317697 1851 57%
c w 364.73 122 37 74 60584  2 1814766 99182 2.9 54 19 3 5 39% 317697 1851 57%
c x 364.80 122 37 74 60584  2 1814766 99181 2.9 54 19 3 5 39% 317697 1851 57%
c B 366.49 122 39 74 60590  2 1830162 113276 2.9 54 19 3 5 41% 317697 1851 57%
c - 371.37 122 39 75 60606  2 1865350 97227 2.8 54 19 3 5 41% 317697 1851 57%
c p 371.41 122 39 75 60606  2 1865350 97253 2.8 54 19 3 5 41% 317697 1851 57%
c u 371.56 122 39 75 60606  2 1865350 96691 2.8 54 19 3 5 41% 317697 1851 57%
c v 371.62 122 39 75 60606  2 1865350 96607 2.8 54 19 3 5 41% 317697 1851 57%
c w 371.62 122 39 75 60606  2 1865350 96604 2.8 54 19 3 5 41% 317697 1851 57%
c W 377.26 122 39 75 60615  2 1891163 119240 2.7 53 19 3 5 41% 317697 1851 57%
c ] 379.92 122 38 75 60618  2 1910740 136411 2.7 52 19 3 5 40% 317697 1851 57%
c { 379.92 122 25 75 60618  4 1910740 136411 2.6 30 11 2 3 34% 317697 1851 57%
c - 381.17 122 25 76 60849  3 1916637 95231 2.7 30 11 2 3 34% 317697 1851 57%
c 
c  seconds    reductions     conflicts         size   tier2       variables
c           MB      restarts        redundant     glue   trail         remaining
c            level        rate           size/glue  tier1  irredundant
c 
c p 381.22 122 25 76 60849  3 1916637 95310 2.7 30 11 2 3 34% 317697 1851 57%
c u 381.42 122 25 76 60849  3 1916637 94254 2.7 30 11 2 3 34% 317697 1851 57%
c v 381.49 122 25 76 60849  3 1916637 94128 2.7 30 11 2 3 34% 317697 1851 57%
c w 381.49 122 25 76 60849  3 1916637 94128 2.7 30 11 2 3 34% 317697 1851 57%
c s 383.86 122 25 76 61691  3 1929117 105082 2.7 30 11 2 3 34% 317697 1851 57%
c s 384.38 122 25 76 61691  3 1929117 104987 2.7 30 11 2 3 34% 317690 1851 57%
c W 388.56 122 24 76 62925  3 1953168 125694 2.7 29 11 2 3 34% 317690 1851 57%
c - 391.57 122 25 77 63999  3 1968623 96347 2.7 29 11 2 3 34% 317690 1851 57%
c p 391.62 122 25 77 63999  3 1968623 96373 2.7 29 11 2 3 34% 317690 1851 57%
c u 391.79 122 25 77 63999  3 1968623 95531 2.7 29 11 2 3 34% 317690 1851 57%
c v 391.84 122 25 77 63999  3 1968623 95453 2.7 29 11 2 3 34% 317690 1851 57%
c w 391.84 122 25 77 63999  3 1968623 95453 2.7 29 11 2 3 34% 317690 1851 57%
c x 391.90 122 25 77 63999  3 1968623 95453 2.7 29 11 2 3 34% 317690 1851 57%
c } 399.20 122 24 77 66235  3 2011035 131957 2.7 29 11 2 3 34% 317690 1851 57%
c [ 399.20 122 38 77 66235  2 2011035 131957 2.7 52 19 3 5 40% 317690 1851 57%
c I 400.14 122 37 77 66239  2 2016169 135846 2.7 51 19 3 5 40% 317690 1851 57%
c - 401.06 122 37 78 66241  2 2021310 96942 2.7 51 19 3 5 39% 317690 1851 57%
c p 401.13 122 37 78 66241  2 2021310 97014 2.7 51 19 3 5 39% 317690 1851 57%
c u 401.42 122 37 78 66241  2 2021310 96487 2.7 51 19 3 5 39% 317690 1851 57%
c v 401.56 122 37 78 66241  2 2021310 96297 2.7 51 19 3 5 39% 317690 1851 57%
c 
c  seconds    reductions     conflicts         size   tier2       variables
c           MB      restarts        redundant     glue   trail         remaining
c            level        rate           size/glue  tier1  irredundant
c 
c w 401.57 122 37 78 66241  2 2021310 96297 2.7 51 19 3 5 39% 317690 1851 57%
c - 408.40 122 37 79 66263  2 2074696 96902 2.6 51 20 3 5 38% 317690 1851 57%
c p 408.44 122 37 79 66263  2 2074696 96928 2.6 51 20 3 5 38% 317690 1851 57%
c u 408.66 122 37 79 66263  2 2074696 96217 2.6 51 20 3 5 38% 317690 1851 57%
c v 408.75 122 37 79 66263  2 2074696 96080 2.6 51 20 3 5 38% 317690 1851 57%
c B 409.45 122 37 79 66263  3 2080170 100997 2.6 50 19 3 5 38% 317690 1851 57%
c - 415.33 122 37 80 66269  3 2128784 96018 2.7 52 20 3 5 38% 317690 1851 57%
c p 415.38 122 37 80 66269  3 2128784 96089 2.7 52 20 3 5 38% 317690 1851 57%
c u 415.60 122 37 80 66269  3 2128784 95230 2.7 52 20 3 5 38% 317690 1851 57%
c v 415.67 122 37 80 66269  3 2128784 95104 2.7 52 20 3 5 38% 317690 1851 57%
c W 418.90 122 37 80 66278  3 2145174 109802 2.7 53 20 3 5 38% 317690 1851 57%
c ] 419.85 122 37 80 66279  3 2152205 116103 2.6 52 20 3 5 38% 317690 1851 57%
c { 419.85 122 24 80 66279  3 2152205 116103 2.7 29 11 2 3 34% 317690 1851 57%
c s 424.35 122 24 80 67803  3 2166660 129073 2.7 29 11 2 3 34% 317690 1851 57%
c s 425.26 122 24 80 67803  3 2166660 129045 2.7 29 11 2 3 34% 317690 1851 57%
c - 429.72 122 24 81 68685  3 2183571 97567 2.7 29 11 2 3 34% 317690 1851 57%
c p 429.78 122 24 81 68685  3 2183571 97592 2.7 29 11 2 3 34% 317690 1851 57%
c u 429.96 122 24 81 68685  3 2183571 96675 2.7 29 11 2 3 34% 317690 1851 57%
c v 430.03 122 24 81 68685  3 2183571 96507 2.7 29 11 2 3 34% 317690 1851 57%
c w 430.04 122 24 81 68685  3 2183571 96507 2.7 29 11 2 3 34% 317690 1851 57%
c 
c  seconds    reductions     conflicts         size   tier2       variables
c           MB      restarts        redundant     glue   trail         remaining
c            level        rate           size/glue  tier1  irredundant
c 
c x 430.09 122 24 81 68685  3 2183571 96507 2.7 29 11 2 3 34% 317690 1851 57%
c # 435.63 122 24 81 70769  3 2211180 120034 2.8 29 11 2 3 34% 317690 1851 57%
c - 441.43 122 24 82 72773  3 2239058 100000 2.8 29 10 2 3 34% 317690 1851 57%
c p 441.50 122 24 82 72773  3 2239058 100092 2.8 29 10 2 3 34% 317690 1851 57%
c u 441.72 122 24 82 72773  3 2239058 99386 2.8 29 10 2 3 34% 317690 1851 57%
c v 441.84 122 24 82 72773  3 2239058 99122 2.8 29 10 2 3 34% 317690 1851 57%
c w 441.84 122 24 82 72773  3 2239058 99122 2.8 29 10 2 3 34% 317690 1851 57%
c } 443.53 122 25 82 73694  3 2248790 107865 2.8 29 11 2 3 34% 317690 1851 57%
c [ 443.53 122 37 82 73694  3 2248790 107865 2.6 52 20 3 5 38% 317690 1851 57%
c O 447.76 122 32 82 73709  2 2278182 132235 2.8 49 18 3 5 38% 317690 1851 57%
c - 450.63 122 30 83 73710  2 2295250 100561 2.8 47 17 3 5 38% 317690 1851 57%
c u 450.92 122 30 83 73710  2 2295250 99261 2.8 47 17 3 5 38% 317690 1851 57%
c v 451.02 122 30 83 73710  2 2295250 99018 2.8 47 17 3 5 38% 317690 1851 57%
c w 451.03 122 30 83 73710  2 2295250 99018 2.8 47 17 3 5 38% 317690 1851 57%
c B 457.85 122 34 83 73732  2 2346183 143902 2.7 50 18 3 5 39% 317690 1851 57%
c - 458.46 122 36 84 73735  2 2352138 99938 2.7 50 18 3 5 40% 317690 1851 57%
c p 458.51 122 36 84 73735  2 2352138 100031 2.7 50 18 3 5 40% 317690 1851 57%
c u 458.67 122 36 84 73735  2 2352138 99106 2.7 50 18 3 5 40% 317690 1851 57%
c v 458.75 122 36 84 73735  2 2352138 98980 2.7 50 18 3 5 40% 317690 1851 57%
c w 458.76 122 36 84 73735  2 2352138 98975 2.7 50 18 3 5 40% 317690 1851 57%
c 
c  seconds    reductions     conflicts          size   tier2       variables
c           MB      restarts        redundant      glue   trail         remaining
c            level        rate            size/glue  tier1  irredundant
c 
c ] 463.78 122 37 84 73742  2 2390987 132421 2.6 50 19 3 5 39% 317690 1851 57%
c { 463.78 122 25 84 73742  3 2390987 132421 2.8 29 11 2 3 34% 317690 1851 57%
c - 470.23 122 25 85 75519  3 2409726 100516 2.7 29 11 2 3 34% 317690 1851 57%
c d 470.25 122 25 85 75519  3 2409726 100505 2.7 29 11 2 3 34% 317690 1850 57%
c u 470.54 122 25 85 75519  3 2409726 99916 2.7 29 11 2 3 34% 317690 1850 57%
c v 470.66 122 25 85 75519  3 2409726 99665 2.7 29 11 2 3 34% 317690 1850 57%
c w 470.66 122 25 85 75519  3 2409726 99665 2.7 29 11 2 3 34% 317690 1850 57%
c B 471.48 122 25 85 75733  3 2415185 104539 2.7 29 11 2 3 34% 317690 1850 57%
c s 472.63 122 25 85 76020  3 2419053 107983 2.7 29 11 2 3 34% 317690 1850 57%
c s 473.33 122 25 85 76020  3 2419053 107980 2.7 29 11 2 3 34% 317690 1850 57%
c - 482.77 122 25 86 79944  4 2468015 104227 2.7 29 11 2 3 34% 317690 1850 57%
c p 482.84 122 25 86 79944  4 2468015 104316 2.7 29 11 2 3 34% 317690 1850 57%
c u 483.54 122 25 86 79944  4 2468015 103410 2.7 29 11 2 3 34% 317690 1850 57%
c v 483.66 122 25 86 79944  4 2468015 103199 2.7 29 11 2 3 34% 317690 1850 57%
c W 491.66 122 25 86 81337  4 2485186 118001 2.7 29 11 2 3 34% 317690 1850 57%
c } 492.54 122 25 86 81827  4 2489774 122176 2.7 29 11 2 3 34% 317690 1850 57%
c [ 492.54 122 37 86 81827  2 2489774 122176 2.6 50 19 3 5 39% 317690 1850 57%
c - 497.63 122 37 87 81828  2 2527005 106262 2.7 51 19 3 5 39% 317690 1850 57%
c p 497.71 122 37 87 81828  2 2527005 106351 2.7 51 19 3 5 39% 317690 1850 57%
c u 497.95 122 37 87 81828  2 2527005 105070 2.7 51 19 3 5 39% 317690 1850 57%
c 
c  seconds    reductions     conflicts          size   tier2       variables
c           MB      restarts        redundant      glue   trail         remaining
c            level        rate            size/glue  tier1  irredundant
c 
c v 498.06 122 37 87 81828  2 2527005 104630 2.7 51 19 3 5 39% 317690 1850 57%
c w 498.07 122 37 87 81828  2 2527005 104626 2.7 51 19 3 5 39% 317690 1850 57%
c W 502.14 122 36 87 81828  2 2556187 130560 2.7 51 19 3 5 38% 317690 1850 57%
c - 507.00 122 37 88 81830  2 2586696 105448 2.7 52 19 3 5 39% 317690 1850 57%
c u 507.26 122 37 88 81830  2 2586696 104945 2.7 52 19 3 5 39% 317690 1850 57%
c v 507.35 122 37 88 81830  2 2586696 104801 2.7 52 19 3 5 39% 317690 1850 57%
c w 507.36 122 37 88 81830  2 2586696 104801 2.7 52 19 3 5 39% 317690 1850 57%
c I 513.04 122 37 88 81850  2 2628188 141016 2.6 51 20 3 5 38% 317690 1850 57%
c ] 514.70 122 37 88 81857  2 2642463 153569 2.6 50 19 3 5 37% 317690 1850 57%
c { 514.70 122 25 88 81857  4 2642463 153569 2.7 29 11 2 3 34% 317690 1850 57%
c - 516.20 122 25 89 82181  4 2647089 105525 2.7 29 11 2 3 34% 317690 1850 57%
c p 516.26 122 25 89 82181  4 2647089 105614 2.7 29 11 2 3 34% 317690 1850 57%
c u 516.49 122 25 89 82181  4 2647089 104536 2.7 29 11 2 3 34% 317690 1850 57%
c v 516.57 122 25 89 82181  4 2647089 104436 2.7 29 11 2 3 34% 317690 1850 57%
c s 525.48 122 25 89 84983  4 2686317 138909 2.7 29 11 2 3 34% 317690 1850 57%
c s 525.95 122 25 89 84983  4 2686317 138899 2.7 29 11 2 3 34% 317690 1850 57%
c F 529.15 122 25 89 85775  3 2701189 151674 2.7 29 11 2 3 34% 317690 1850 57%
c - 530.67 122 25 90 86113  3 2708181 108176 2.7 29 11 2 3 34% 317690 1850 57%
c d 530.69 122 25 90 86113  3 2708181 108166 2.7 29 11 2 3 34% 317690 1849 57%
c p 530.77 122 25 90 86113  3 2708181 108253 2.7 29 11 2 3 34% 317690 1849 57%
c 
c  seconds    reductions     conflicts          size   tier2       variables
c           MB      restarts        redundant      glue   trail         remaining
c            level        rate            size/glue  tier1  irredundant
c 
c u 531.07 122 25 90 86113  3 2708181 107107 2.7 29 11 2 3 34% 317690 1849 57%
c v 531.21 122 25 90 86113  3 2708181 106911 2.7 29 11 2 3 34% 317690 1849 57%
c w 531.21 122 25 90 86113  3 2708181 106911 2.7 29 11 2 3 34% 317690 1849 57%
c } 541.07 122 25 90 89971  4 2751317 145249 2.7 29 11 2 3 34% 317690 1849 57%
c [ 541.07 122 37 90 89971  2 2751317 145249 2.6 50 19 3 5 37% 317690 1849 57%
c - 545.17 122 33 91 89973  2 2769976 110441 2.7 48 18 3 5 38% 317690 1849 57%
c d 545.19 122 33 91 89973  2 2769976 110420 2.7 48 18 3 5 38% 317690 1848 57%
c p 545.27 122 33 91 89973  2 2769976 110496 2.7 48 18 3 5 38% 317690 1848 57%
c u 545.60 122 33 91 89973  2 2769976 109615 2.7 48 18 3 5 38% 317690 1848 57%
c v 545.74 122 33 91 89973  2 2769976 109403 2.7 48 18 3 5 38% 317690 1848 57%
c w 545.76 122 33 91 89973  2 2769976 109400 2.7 48 18 3 5 38% 317690 1848 57%
c B 546.45 122 34 91 89973  2 2775190 114374 2.7 48 18 3 5 37% 317690 1848 57%
c - 555.15 122 34 92 90002  2 2832472 110196 2.5 48 19 3 5 36% 317690 1848 57%
c p 555.22 122 34 92 90002  2 2832472 110271 2.5 48 19 3 5 36% 317690 1848 57%
c u 555.39 122 34 92 90002  2 2832472 109547 2.5 48 19 3 5 36% 317690 1848 57%
c v 555.45 122 34 92 90002  2 2832472 109438 2.5 48 19 3 5 36% 317690 1848 57%
c w 555.45 122 34 92 90002  2 2832472 109438 2.5 48 19 3 5 36% 317690 1848 57%
c x 555.54 122 34 92 90002  2 2832472 109438 2.5 48 19 3 5 36% 317690 1848 57%
c W 560.88 122 34 92 90004  2 2850192 125063 2.5 47 19 3 5 37% 317690 1848 57%
c ] 566.71 122 35 92 90005  2 2892479 161991 2.5 50 20 3 5 36% 317690 1848 57%
c 
c  seconds    reductions     conflicts          size   tier2       variables
c           MB      restarts        redundant      glue   trail         remaining
c            level        rate            size/glue  tier1  irredundant
c 
c { 566.71 122 25 92 90005  4 2892479 161991 2.7 29 11 2 3 34% 317690 1848 57%
c - 567.97 122 25 93 90379  4 2895670 109586 2.7 29 11 2 3 34% 317690 1848 57%
c p 568.04 122 25 93 90379  4 2895670 109636 2.7 29 11 2 3 34% 317690 1848 57%
c u 568.36 122 25 93 90379  4 2895670 108686 2.7 29 11 2 3 34% 317690 1848 57%
c v 568.47 122 25 93 90379  4 2895670 108462 2.7 29 11 2 3 34% 317690 1848 57%
c B 574.30 122 24 93 92305  3 2926195 135146 2.7 29 11 2 3 34% 317690 1848 57%
c - 581.45 122 24 94 94659  3 2959570 112005 2.7 29 11 2 3 34% 317690 1848 57%
c d 581.48 122 24 94 94659  3 2959570 111978 2.7 29 11 2 3 34% 317690 1847 57%
c p 581.56 122 24 94 94659  3 2959570 112044 2.7 29 11 2 3 34% 317690 1847 57%
c u 581.87 122 24 94 94659  3 2959570 111142 2.7 29 11 2 3 34% 317690 1847 57%
c v 582.06 122 24 94 94659  3 2959570 110916 2.7 29 11 2 3 34% 317690 1847 57%
c w 582.06 122 24 94 94659  3 2959570 110915 2.7 29 11 2 3 34% 317690 1847 57%
c s 584.87 122 24 94 95436  3 2968430 118343 2.7 29 11 2 3 34% 317684 1847 57%
c s 585.89 122 24 94 95436  3 2968430 118316 2.7 29 11 2 3 34% 317684 1847 57%
c W 594.78 122 25 94 98130  4 3003197 149116 2.7 29 11 2 3 34% 317684 1847 57%
c } 595.54 122 25 94 98520  4 3006113 151724 2.7 29 11 2 3 34% 317684 1847 57%
c [ 595.54 122 35 94 98520  2 3006113 151724 2.5 50 20 3 5 36% 317684 1847 57%
c - 598.54 122 32 95 98531  2 3024169 114223 2.6 47 19 3 5 36% 317684 1847 57%
c d 598.56 122 32 95 98531  2 3024169 114203 2.6 47 19 3 5 36% 317684 1846 57%
c p 598.64 122 32 95 98531  2 3024169 114258 2.6 47 19 3 5 36% 317684 1846 57%
c 
c  seconds    reductions     conflicts          size   tier2       variables
c           MB      restarts        redundant      glue   trail         remaining
c            level        rate            size/glue  tier1  irredundant
c 
c u 598.96 122 32 95 98531  2 3024169 112657 2.6 47 19 3 5 36% 317684 1846 57%
c v 599.11 122 32 95 98531  2 3024169 112340 2.6 47 19 3 5 36% 317684 1846 57%
c w 599.12 122 32 95 98531  2 3024169 112334 2.6 47 19 3 5 36% 317684 1846 57%
c O 605.81 122 34 95 98551  2 3081199 163186 2.6 49 19 3 5 35% 317684 1846 57%
c - 606.82 122 35 96 98551  2 3089471 114384 2.6 50 19 3 5 36% 317684 1846 57%
c u 607.08 122 35 96 98551  2 3089471 114076 2.6 50 19 3 5 36% 317684 1846 57%
c v 607.17 122 35 96 98551  2 3089471 113896 2.6 50 19 3 5 36% 317684 1846 57%
c w 607.18 122 35 96 98551  2 3089471 113895 2.6 50 19 3 5 36% 317684 1846 57%
c - 616.41 122 35 97 98581  3 3155471 114559 2.5 47 19 3 5 35% 317684 1846 57%
c p 616.47 122 35 97 98581  3 3155471 114614 2.5 47 19 3 5 35% 317684 1846 57%
c u 616.78 122 35 97 98581  3 3155471 114205 2.5 47 19 3 5 35% 317684 1846 57%
c v 616.90 122 35 97 98581  3 3155471 114081 2.5 47 19 3 5 35% 317684 1846 57%
c B 617.51 122 34 97 98582  3 3160201 118130 2.5 47 19 3 5 35% 317684 1846 57%
c ] 622.52 122 36 97 98583  3 3193395 148638 2.7 50 19 3 5 37% 317684 1846 57%
c { 622.52 122 25 97 98583  4 3193395 148638 2.7 29 11 2 3 34% 317684 1846 57%
c - 631.98 122 25 98 100477  3 3222174 117137 2.7 29 11 2 3 34% 317684 1846 57%
c p 632.07 122 25 98 100477  3 3222174 117187 2.7 29 11 2 3 34% 317684 1846 57%
c u 632.38 122 25 98 100477  3 3222174 116063 2.7 29 11 2 3 34% 317684 1846 57%
c v 632.53 122 25 98 100477  3 3222174 115852 2.7 29 11 2 3 34% 317684 1846 57%
c w 632.54 122 25 98 100477  3 3222174 115852 2.7 29 11 2 3 34% 317684 1846 57%
c 
c  seconds    reductions      conflicts          size   tier2       variables
c           MB      restarts         redundant      glue   trail         remaining
c            level         rate            size/glue  tier1  irredundant
c 
c # 635.77 122 25 98 101582  3 3240205 131891 2.7 30 11 2 3 34% 317684 1846 57%
c s 642.70 122 25 98 103658  3 3265483 154186 2.7 30 11 2 3 34% 317684 1846 57%
c s 643.30 122 25 98 103658  3 3265483 154163 2.7 30 11 2 3 34% 317684 1846 57%
c - 650.34 122 26 99 106144  4 3289578 120165 2.7 30 11 2 3 34% 317684 1846 57%
c p 650.42 122 26 99 106144  4 3289578 120214 2.7 30 11 2 3 34% 317684 1846 57%
c = 651.19 122 26 99 106144  4 3289578 120164 2.7 30 11 2 3 34% 317684 1843 57%
c u 651.45 122 26 99 106144  4 3289578 118905 2.7 30 11 2 3 34% 317684 1843 57%
c v 651.56 122 26 99 106144  4 3289578 118458 2.7 30 11 2 3 34% 317684 1843 57%
c w 651.57 122 26 99 106144  4 3289578 118457 2.7 30 11 2 3 34% 317684 1843 57%
c x 651.67 122 26 99 106144  4 3289578 118457 2.7 30 11 2 3 34% 317684 1843 57%
c } 654.31 122 25 99 106947  3 3306408 133269 2.7 30 11 2 3 34% 317684 1843 57%
c [ 654.31 122 36 99 106947  3 3306408 133269 2.7 50 19 3 5 37% 317684 1843 57%
c W 659.01 122 33 99 106948  2 3321207 144324 2.7 48 18 3 5 37% 317684 1843 57%
c - 663.42 122 34 100 106948  3 3357683 120070 2.7 50 18 3 6 37% 317684 1843 57%
c p 663.50 122 34 100 106948  3 3357683 120116 2.7 50 18 3 6 37% 317684 1843 57%
c u 663.82 122 34 100 106948  3 3357683 119578 2.7 50 18 3 6 37% 317684 1843 57%
c v 663.97 122 34 100 106948  3 3357683 119280 2.7 50 18 3 6 37% 317684 1843 57%
c w 663.98 122 34 100 106948  3 3357683 119279 2.7 50 18 3 6 37% 317684 1843 57%
c I 670.28 122 34 100 106949  3 3403210 159340 2.6 50 19 3 6 36% 317684 1843 57%
c - 673.77 122 34 101 106949  3 3426487 119969 2.6 49 19 3 6 35% 317684 1843 57%
c 
c  seconds     reductions      conflicts          size   tier2       variables
c           MB       restarts         redundant      glue   trail         remaining
c            level          rate            size/glue  tier1  irredundant
c 
c p 673.84 122 34 101 106949  3 3426487 119975 2.6 49 19 3 6 35% 317684 1843 57%
c u 674.18 122 34 101 106949  3 3426487 119341 2.6 49 19 3 6 35% 317684 1843 57%
c v 674.33 122 34 101 106949  3 3426487 119242 2.6 49 19 3 6 35% 317684 1843 57%
c w 674.34 122 34 101 106949  3 3426487 119242 2.6 49 19 3 6 35% 317684 1843 57%
c ] 682.82 122 35 101 106949  3 3481023 166122 2.5 51 20 3 6 36% 317684 1843 57%
c { 682.82 122 25 101 106949  3 3481023 166122 2.7 30 11 2 3 34% 317684 1843 57%
c B 684.03 122 25 101 107048  3 3486211 170422 2.7 29 11 2 3 34% 317684 1843 57%
c - 688.53 126 25 102 108044  3 3495993 120923 2.7 30 11 2 3 34% 317684 1843 57%
c d 688.55 126 25 102 108044  3 3495993 120910 2.7 30 11 2 3 34% 317684 1842 57%
c p 688.62 126 25 102 108044  3 3495993 120951 2.7 30 11 2 3 34% 317684 1842 57%
c u 688.95 126 25 102 108044  3 3495993 119636 2.7 30 11 2 3 34% 317684 1842 57%
c v 689.11 126 25 102 108044  3 3495993 119479 2.7 30 11 2 3 34% 317684 1842 57%
c w 689.11 126 25 102 108044  3 3495993 119479 2.7 30 11 2 3 34% 317684 1842 57%
c - 705.73 126 25 103 113251  3 3566202 123903 2.7 30 11 2 3 34% 317684 1842 57%
c p 705.82 126 25 103 113251  3 3566202 123942 2.7 30 11 2 3 34% 317684 1842 57%
c u 706.33 126 25 103 113251  3 3566202 122870 2.7 30 11 2 3 34% 317684 1842 57%
c v 706.58 126 25 103 113251  3 3566202 122657 2.7 30 11 2 3 34% 317684 1842 57%
c w 706.58 126 25 103 113251  3 3566202 122657 2.7 30 11 2 3 34% 317684 1842 57%
c W 709.71 126 25 103 113675  3 3570215 126229 2.7 30 11 2 3 34% 317684 1842 57%
c s 711.67 126 25 103 114147  3 3577419 132476 2.7 30 11 2 3 34% 317684 1842 57%
c 
c  seconds     reductions      conflicts          size   tier2       variables
c           MB       restarts         redundant      glue   trail         remaining
c            level          rate            size/glue  tier1  irredundant
c 
c s 712.46 126 25 103 114147  3 3577419 132462 2.7 30 11 2 3 34% 317684 1842 57%
c } 717.57 126 24 103 115578  3 3601106 152325 2.7 30 11 2 3 34% 317684 1842 57%
c [ 717.57 126 35 103 115578  3 3601106 152325 2.5 51 20 3 6 36% 317684 1842 57%
c - 723.93 126 29 104 115578  2 3637112 125078 2.6 45 17 3 6 36% 317684 1842 57%
c p 724.02 126 29 104 115578  2 3637112 125113 2.6 45 17 3 6 36% 317684 1842 57%
c u 724.36 126 29 104 115578  2 3637112 123820 2.6 45 17 3 6 36% 317684 1842 57%
c v 724.52 126 29 104 115578  2 3637112 123627 2.6 45 17 3 6 36% 317684 1842 57%
c w 724.52 126 29 104 115578  2 3637112 123627 2.6 45 17 3 6 36% 317684 1842 57%
c B 727.19 126 28 104 115579  2 3655217 138791 2.7 45 16 3 6 36% 317684 1842 57%
c - 738.14 126 23 105 115579  2 3708724 123738 2.8 41 14 3 6 36% 317684 1842 57%
c p 738.22 126 23 105 115579  2 3708724 123777 2.8 41 14 3 6 36% 317684 1842 57%
c u 738.55 126 23 105 115579  2 3708724 122727 2.8 41 14 3 6 36% 317684 1842 57%
c v 738.70 126 23 105 115579  2 3708724 122443 2.8 41 14 3 6 36% 317684 1842 57%
c w 738.70 126 23 105 115579  2 3708724 122443 2.8 41 14 3 6 36% 317684 1842 57%
c W 745.65 126 21 105 115579  2 3741218 147911 2.9 39 14 3 6 36% 317684 1842 57%
c ] 746.75 126 21 105 115579  2 3747517 152988 2.9 39 14 3 6 36% 317684 1842 57%
c { 746.75 126 24 105 115579  3 3747517 152988 2.7 30 11 2 3 34% 317684 1842 57%
c - 755.30 126 24 106 118047  3 3781037 124749 2.7 30 11 2 3 34% 317684 1842 57%
c p 755.37 126 24 106 118047  3 3781037 124783 2.7 30 11 2 3 34% 317684 1842 57%
c u 756.24 126 24 106 118047  3 3781037 123860 2.7 30 11 2 3 34% 317684 1842 57%
c 
c  seconds     reductions      conflicts          size   tier2       variables
c           MB       restarts         redundant      glue   trail         remaining
c            level          rate            size/glue  tier1  irredundant
c 
c v 756.40 126 24 106 118047  3 3781037 123581 2.7 30 11 2 3 34% 317684 1842 57%
c w 756.40 126 24 106 118047  3 3781037 123580 2.7 30 11 2 3 34% 317684 1842 57%
c F 766.63 126 24 106 121436  3 3828224 164022 2.7 30 11 2 3 34% 317684 1842 57%
c - 773.58 126 24 107 123798  4 3854053 128992 2.7 30 11 2 3 35% 317684 1842 57%
c p 773.66 126 24 107 123798  4 3854053 129024 2.7 30 11 2 3 35% 317684 1842 57%
c u 774.05 126 24 107 123798  4 3854053 127886 2.7 30 11 2 3 35% 317684 1842 57%
c v 774.18 126 24 107 123798  4 3854053 127678 2.7 30 11 2 3 35% 317684 1842 57%
c } 778.52 126 24 107 125285  4 3874297 145715 2.7 30 11 2 3 35% 317684 1842 57%
c [ 778.52 126 21 107 125285  2 3874297 145715 2.9 39 14 3 6 36% 317684 1842 57%
c s 785.87 126 19 107 125285  1 3904348 166939 2.9 36 13 3 6 36% 317684 1842 57%
c s 786.77 126 19 107 125285  1 3904348 166918 2.9 36 13 3 6 36% 317684 1842 57%
c O 788.70 126 19 107 125285  2 3916227 176866 2.9 37 13 3 6 36% 317684 1842 57%
c - 790.94 126 19 108 125285  1 3927769 128763 2.9 37 13 3 6 36% 317684 1842 57%
c p 791.02 126 19 108 125285  1 3927769 128796 2.9 37 13 3 6 36% 317684 1842 57%
c u 791.38 126 19 108 125285  1 3927769 128158 2.9 37 13 3 6 36% 317684 1842 57%
c v 791.59 126 19 108 125285  1 3927769 127867 2.9 37 13 3 6 36% 317684 1842 57%
c w 791.59 126 19 108 125285  1 3927769 127867 2.9 37 13 3 6 36% 317684 1842 57%
c - 805.51 126 19 109 125285  1 4002188 126883 2.8 37 13 3 6 36% 317684 1842 57%
c p 805.60 126 19 109 125285  1 4002188 126916 2.8 37 13 3 6 36% 317684 1842 57%
c u 806.02 126 19 109 125285  1 4002188 125813 2.8 37 13 3 6 36% 317684 1842 57%
c 
c  seconds     reductions      conflicts          size   tier2       variables
c           MB       restarts         redundant      glue   trail         remaining
c            level          rate            size/glue  tier1  irredundant
c 
c v 806.24 126 19 109 125285  1 4002188 125586 2.8 37 13 3 6 36% 317684 1842 57%
c w 806.24 126 19 109 125285  1 4002188 125586 2.8 37 13 3 6 36% 317684 1842 57%
c B 806.92 126 19 109 125285  1 4005230 127969 2.8 37 13 3 6 36% 317684 1842 57%
c ] 811.29 126 26 109 125291  2 4038225 158080 2.9 43 15 3 6 38% 317684 1842 57%
c { 811.29 126 24 109 125291  4 4038225 158080 2.7 30 11 2 3 35% 317684 1842 57%
c - 822.36 127 25 110 128124  3 4077307 129506 2.7 30 11 2 3 35% 317684 1842 57%
c p 822.44 127 25 110 128124  3 4077307 129543 2.7 30 11 2 3 35% 317684 1842 57%
c u 822.78 127 25 110 128124  3 4077307 128365 2.7 30 11 2 3 35% 317684 1842 57%
c v 822.93 127 25 110 128124  3 4077307 127790 2.7 30 11 2 3 35% 317684 1842 57%
c B 826.42 127 25 110 128987  3 4095231 143654 2.7 30 11 2 3 35% 317684 1842 57%
c - 842.14 127 24 111 132999  3 4153127 133272 2.8 30 11 2 3 34% 317684 1842 57%
c p 842.23 127 24 111 132999  3 4153127 133306 2.8 30 11 2 3 34% 317684 1842 57%
c u 842.66 127 24 111 132999  3 4153127 132618 2.8 30 11 2 3 34% 317684 1842 57%
c v 842.86 127 24 111 132999  3 4153127 132311 2.8 30 11 2 3 34% 317684 1842 57%
c w 842.87 127 24 111 132999  3 4153127 132311 2.8 30 11 2 3 34% 317684 1842 57%
c } 847.97 127 24 111 134494  3 4172709 149408 2.8 30 11 2 3 34% 317684 1842 57%
c [ 847.97 127 26 111 134494  2 4172709 149408 2.9 43 15 3 6 38% 317684 1842 57%
c W 854.17 127 24 111 134501  2 4186233 159643 2.9 41 14 3 6 37% 317684 1842 57%
c - 860.45 127 29 112 134518  2 4229650 135425 2.7 45 16 3 6 36% 317684 1842 57%
c p 860.55 127 29 112 134518  2 4229650 135460 2.7 45 16 3 6 36% 317684 1842 57%
c 
c  seconds     reductions      conflicts          size   tier2       variables
c           MB       restarts         redundant      glue   trail         remaining
c            level          rate            size/glue  tier1  irredundant
c 
c u 860.91 127 29 112 134518  2 4229650 134460 2.7 45 16 3 6 36% 317684 1842 57%
c v 861.08 127 29 112 134518  2 4229650 134331 2.7 45 16 3 6 36% 317684 1842 57%
c w 861.10 127 29 112 134518  2 4229650 134326 2.7 45 16 3 6 36% 317684 1842 57%
c s 864.04 127 30 112 134519  2 4246137 148823 2.7 45 17 3 6 36% 317684 1842 57%
c s 864.93 127 30 112 134519  2 4246137 148804 2.7 45 17 3 6 36% 317684 1842 57%
c I 869.89 127 31 112 134534  2 4278235 177652 2.7 46 17 2 3 36% 317684 1842 57%
c - 874.32 127 33 113 134548  2 4306875 136660 2.7 48 18 2 3 36% 317684 1842 57%
c p 874.42 127 33 113 134548  2 4306875 136692 2.7 48 18 2 3 36% 317684 1842 57%
c u 874.72 127 33 113 134548  2 4306875 136409 2.7 48 18 2 3 36% 317684 1842 57%
c v 874.90 127 33 113 134548  2 4306875 136279 2.7 48 18 2 3 36% 317684 1842 57%
c w 874.91 127 33 113 134548  2 4306875 136279 2.7 48 18 2 3 36% 317684 1842 57%
c B 887.19 127 34 113 134556  3 4371236 191080 2.5 47 19 2 3 36% 317684 1842 57%
c ] 889.55 127 34 113 134562  3 4382394 200866 2.5 48 19 2 3 36% 317684 1842 57%
c { 889.55 127 24 113 134562  3 4382394 200866 2.8 30 11 2 3 34% 317684 1842 57%
c - 891.51 127 24 114 134710  3 4384801 137773 2.8 30 11 2 3 34% 317684 1842 57%
c p 891.65 127 24 114 134710  3 4384801 137807 2.8 30 11 2 3 34% 317684 1842 57%
c u 893.02 127 24 114 134710  3 4384801 136848 2.8 30 11 2 3 34% 317684 1842 57%
c v 893.35 127 24 114 134710  3 4384801 136648 2.8 30 11 2 3 34% 317684 1842 57%
c w 893.36 127 24 114 134710  3 4384801 136648 2.8 30 11 2 3 34% 317684 1842 57%
c - 922.64 150 24 115 140638  3 4463428 142241 2.8 30 11 2 3 34% 317684 1842 57%
c 
c  seconds     reductions      conflicts          size   tier2       variables
c           MB       restarts         redundant      glue   trail         remaining
c            level          rate            size/glue  tier1  irredundant
c 
c d 922.70 150 24 115 140638  3 4463428 142235 2.8 30 11 2 3 34% 317684 1841 57%
c p 923.05 150 24 115 140638  3 4463428 142263 2.8 30 11 2 3 34% 317684 1841 57%
c u 924.32 150 24 115 140638  3 4463428 141374 2.8 30 11 2 3 34% 317684 1841 57%
c v 924.69 150 24 115 140638  3 4463428 141137 2.8 30 11 2 3 34% 317684 1841 57%
c W 929.55 150 24 115 140867  3 4465238 142796 2.8 30 11 2 3 34% 317684 1841 57%
c } 969.26 150 24 115 145343  4 4515123 187186 2.7 31 11 2 3 34% 317684 1841 57%
c [ 969.26 150 34 115 145343  3 4515123 187186 2.5 48 19 2 3 36% 317684 1841 57%
c - 980.52 176 35 116 145354  3 4542759 145979 2.5 48 19 2 3 36% 317684 1841 57%
c p 980.81 176 35 116 145354  3 4542759 146005 2.5 48 19 2 3 36% 317684 1841 57%
c u 982.02 176 35 116 145354  3 4542759 145287 2.5 48 19 2 3 36% 317684 1841 57%
c v 982.53 176 35 116 145354  3 4542759 145079 2.5 48 19 2 3 36% 317684 1841 57%
c w 982.57 176 35 116 145354  3 4542759 145078 2.5 48 19 2 3 36% 317684 1841 57%
c W 991.54 176 35 116 145362  3 4560241 160668 2.5 49 19 2 3 36% 317684 1841 57%
c s 1011.96 176 36 116 145377  3 4602786 197638 2.4 49 20 2 3 35% 317684 1841 57%
c s 1015.67 176 36 116 145377  3 4602786 197607 2.4 49 20 2 3 35% 317684 1841 57%
c - 1024.58 176 37 117 145384  2 4622791 146520 2.4 49 20 2 3 35% 317684 1841 57%
c p 1024.82 176 37 117 145384  2 4622791 146546 2.4 49 20 2 3 35% 317684 1841 57%
c u 1025.91 176 37 117 145384  2 4622791 145360 2.4 49 20 2 3 35% 317684 1841 57%
c v 1026.41 176 37 117 145384  2 4622791 145151 2.4 49 20 2 3 35% 317684 1841 57%
c w 1026.46 176 37 117 145384  2 4622791 145149 2.4 49 20 2 3 35% 317684 1841 57%
c 
c   seconds     reductions      conflicts          size   tier2       variables
c            MB       restarts         redundant      glue   trail         remaining
c             level          rate            size/glue  tier1  irredundant
c 
c O 1036.35 176 36 117 145394  2 4656244 173888 2.4 49 20 2 3 34% 317684 1841 57%
c - 1044.05 176 35 118 145396  3 4703524 146627 2.5 50 19 2 3 34% 317684 1841 57%
c p 1044.17 176 35 118 145396  3 4703524 146654 2.5 50 19 2 3 34% 317684 1841 57%
c u 1044.58 176 35 118 145396  3 4703524 146288 2.5 50 19 2 3 34% 317684 1841 57%
c v 1044.73 176 35 118 145396  3 4703524 146126 2.5 50 19 2 3 34% 317684 1841 57%
c w 1044.74 176 35 118 145396  3 4703524 146126 2.5 50 19 2 3 34% 317684 1841 57%
c ] 1048.50 176 35 118 145396  3 4729256 169323 2.6 50 19 2 3 34% 317684 1841 57%
c { 1048.50 176 24 118 145396  4 4729256 169323 2.7 31 11 2 3 34% 317684 1841 57%
c # 1058.22 176 25 118 147458  4 4753251 190826 2.7 31 11 2 3 34% 317684 1841 57%
c - 1071.55 178 25 119 149825  4 4784961 150944 2.7 31 11 2 3 34% 317684 1841 57%
c p 1071.66 178 25 119 149825  4 4784961 150972 2.7 31 11 2 3 34% 317684 1841 57%
c u 1072.43 178 25 119 149825  4 4784961 149966 2.7 31 11 2 3 34% 317684 1841 57%
c v 1072.78 178 25 119 149825  4 4784961 149615 2.7 31 11 2 3 34% 317684 1841 57%
c B 1091.01 178 24 119 153709  3 4851252 207831 2.7 31 11 2 3 34% 317684 1841 57%
c } 1095.14 178 24 119 154523  3 4862496 217391 2.7 31 11 2 3 34% 317684 1841 57%
c [ 1095.14 178 35 119 154523  3 4862496 217391 2.6 50 19 2 3 34% 317684 1841 57%
c - 1096.56 178 34 120 154523  3 4867102 154121 2.6 49 19 2 3 34% 317684 1841 57%
c p 1096.66 178 34 120 154523  3 4867102 154149 2.6 49 19 2 3 34% 317684 1841 57%
c u 1097.41 178 34 120 154523  3 4867102 152801 2.6 49 19 2 3 34% 317684 1841 57%
c v 1097.82 178 34 120 154523  3 4867102 152463 2.6 49 19 2 3 34% 317684 1841 57%
c 
c   seconds     reductions      conflicts          size   tier2       variables
c            MB       restarts         redundant      glue   trail         remaining
c             level          rate            size/glue  tier1  irredundant
c 
c w 1097.83 178 34 120 154523  3 4867102 152462 2.6 49 19 2 3 34% 317684 1841 57%
c t 1097.85 178 34 120 154523  3 4867102 152461 2.6 49 19 2 3 34% 317684 1841 57%
c - 1114.06 178 36 121 154551  3 4949943 154799 2.6 53 20 2 3 36% 317684 1841 57%
c p 1114.16 178 36 121 154551  3 4949943 154827 2.6 53 20 2 3 36% 317684 1841 57%
c u 1114.63 178 36 121 154551  3 4949943 154271 2.6 53 20 2 3 36% 317684 1841 57%
c v 1114.86 178 36 121 154551  3 4949943 153611 2.6 53 20 2 3 36% 317684 1841 57%
c w 1114.87 178 36 121 154551  3 4949943 153611 2.6 53 20 2 3 36% 317684 1841 57%
c B 1114.98 178 36 121 154551  3 4950253 153875 2.6 53 20 2 3 36% 317684 1841 57%
c - 1132.37 178 36 122 154582  2 5033485 152320 2.3 50 21 2 3 35% 317684 1841 57%
c p 1132.47 178 36 122 154582  2 5033485 152350 2.3 50 21 2 3 35% 317684 1841 57%
c u 1132.99 178 36 122 154582  2 5033485 151436 2.3 50 21 2 3 35% 317684 1841 57%
c v 1133.18 178 36 122 154582  2 5033485 151205 2.3 50 21 2 3 35% 317684 1841 57%
c w 1133.20 178 36 122 154582  2 5033485 151205 2.3 50 21 2 3 35% 317684 1841 57%
c ] 1135.53 178 36 122 154584  2 5047134 163015 2.3 50 21 2 3 35% 317684 1841 57%
c { 1135.53 178 24 122 154584  3 5047134 163015 2.7 31 11 2 3 34% 317684 1841 57%
c W 1142.72 178 24 122 154851  3 5050256 165835 2.7 31 11 2 3 34% 317684 1841 57%
c s 1153.85 178 22 122 156625  3 5085043 194559 2.7 30 11 2 3 34% 317684 1841 57%
c s 1154.44 178 22 122 156625  3 5085043 194443 2.7 30 11 2 3 34% 317684 1841 57%
c - 1177.47 178 23 123 160148  3 5117728 156320 2.7 30 11 2 3 34% 317684 1841 57%
c p 1177.75 178 23 123 160148  3 5117728 156350 2.7 30 11 2 3 34% 317684 1841 57%
c 
c   seconds     reductions      conflicts          size   tier2       variables
c            MB       restarts         redundant      glue   trail         remaining
c             level          rate            size/glue  tier1  irredundant
c 
c u 1180.91 178 23 123 160148  3 5117728 155370 2.7 30 11 2 3 34% 317684 1841 57%
c v 1181.88 178 23 123 160148  3 5117728 155194 2.7 30 11 2 3 34% 317684 1841 57%
c w 1181.88 178 23 123 160148  3 5117728 155194 2.7 30 11 2 3 34% 317684 1841 57%
c F 1209.06 178 24 123 162317  3 5151257 185087 2.7 30 11 2 3 34% 317684 1841 57%
c } 1240.32 178 24 123 164268  3 5183730 213603 2.7 30 11 2 3 34% 317684 1841 57%
c [ 1240.32 178 36 123 164268  2 5183730 213603 2.3 50 21 2 3 35% 317684 1841 57%
c - 1250.97 104 32 124 164270  2 5202673 160887 2.4 46 19 2 3 34% 317684 1841 57%
c p 1251.28 104 32 124 164270  2 5202673 160918 2.4 46 19 2 3 34% 317684 1841 57%
c u 1253.11 104 32 124 164270  2 5202673 160040 2.4 46 19 2 3 34% 317684 1841 57%
c v 1254.03 104 32 124 164270  2 5202673 159901 2.4 46 19 2 3 34% 317684 1841 57%
c w 1254.04 104 32 124 164270  2 5202673 159901 2.4 46 19 2 3 34% 317684 1841 57%
c W 1277.71 104 37 124 164283  2 5253259 205460 2.6 52 20 2 3 38% 317684 1841 57%
c - 1284.46 138 38 125 164299  2 5288321 162277 2.7 54 20 2 3 38% 317684 1841 57%
c p 1284.56 138 38 125 164299  2 5288321 162306 2.7 54 20 2 3 38% 317684 1841 57%
c u 1284.94 138 38 125 164299  2 5288321 161747 2.7 54 20 2 3 38% 317684 1841 57%
c v 1285.12 138 38 125 164299  2 5288321 161632 2.7 54 20 2 3 38% 317684 1841 57%
c w 1285.13 138 38 125 164299  2 5288321 161631 2.7 54 20 2 3 38% 317684 1841 57%
c I 1295.41 138 39 125 164321  2 5356261 220379 2.6 53 20 2 3 38% 317684 1841 57%
c - 1299.99 138 38 126 164330  2 5374670 160634 2.6 53 21 2 3 38% 317684 1841 57%
c p 1300.09 138 38 126 164330  2 5374670 160666 2.6 53 21 2 3 38% 317684 1841 57%
c 
c   seconds     reductions      conflicts          size   tier2       variables
c            MB       restarts         redundant      glue   trail         remaining
c             level          rate            size/glue  tier1  irredundant
c 
c u 1300.40 138 38 126 164330  2 5374670 160000 2.6 53 21 2 3 38% 317684 1841 57%
c v 1300.54 138 38 126 164330  2 5374670 159949 2.6 53 21 2 3 38% 317684 1841 57%
c w 1300.54 138 38 126 164330  2 5374670 159949 2.6 53 21 2 3 38% 317684 1841 57%
c x 1300.72 138 38 126 164330  2 5374670 159949 2.6 53 21 2 3 38% 317683 1841 57%
c ] 1306.12 138 37 126 164333  3 5406584 187893 2.5 52 21 2 3 36% 317683 1841 57%
c { 1306.12 138 24 126 164333  3 5406584 187893 2.7 30 11 2 3 34% 317683 1841 57%
c B 1326.88 138 23 126 168065  3 5460262 234284 2.7 30 11 2 3 34% 317683 1841 57%
c - 1327.99 138 23 127 168189  3 5461726 163698 2.7 30 11 2 3 34% 317683 1841 57%
c p 1328.11 138 23 127 168189  3 5461726 163727 2.7 30 11 2 3 34% 317683 1841 57%
c u 1328.89 138 23 127 168189  3 5461726 162853 2.7 30 11 2 3 34% 317683 1841 57%
c v 1329.31 138 23 127 168189  3 5461726 162579 2.7 30 11 2 3 34% 317683 1841 57%
c s 1333.01 138 24 127 168861  3 5471454 171358 2.7 30 11 2 3 34% 317683 1841 57%
c s 1333.80 138 24 127 168861  3 5471454 171337 2.7 30 11 2 3 34% 317683 1841 57%
c } 1356.57 138 24 127 174581  3 5539620 231347 2.7 31 11 2 3 34% 317683 1841 57%
c [ 1356.57 138 37 127 174581  3 5539620 231347 2.5 52 21 2 3 36% 317683 1841 57%
c - 1359.35 138 35 128 174581  2 5549483 168439 2.6 50 20 2 3 37% 317683 1841 57%
c p 1359.45 138 35 128 174581  2 5549483 168466 2.6 50 20 2 3 37% 317683 1841 57%
c u 1360.15 138 35 128 174581  2 5549483 167298 2.6 50 20 2 3 37% 317683 1841 57%
c v 1360.50 138 35 128 174581  2 5549483 166971 2.6 50 20 2 3 37% 317683 1841 57%
c B 1362.83 138 35 128 174581  3 5565263 181309 2.6 50 20 2 3 36% 317683 1841 57%
c 
c   seconds     reductions      conflicts          size   tier2       variables
c            MB       restarts         redundant      glue   trail         remaining
c             level          rate            size/glue  tier1  irredundant
c 
c - 1377.18 139 36 129 174583  3 5637940 169725 2.6 53 20 2 3 36% 317683 1841 57%
c p 1377.28 139 36 129 174583  3 5637940 169757 2.6 53 20 2 3 36% 317683 1841 57%
c u 1377.87 139 36 129 174583  3 5637940 169207 2.6 53 20 2 3 36% 317683 1841 57%
c v 1378.13 139 36 129 174583  3 5637940 168995 2.6 53 20 2 3 36% 317683 1841 57%
c W 1388.42 139 36 129 174583  3 5671265 197877 2.6 53 21 2 3 36% 317683 1841 57%
c - 1398.24 132 36 130 174583  3 5727098 167476 2.6 54 21 2 3 35% 317683 1841 57%
c p 1398.34 132 36 130 174583  3 5727098 167510 2.6 54 21 2 3 35% 317683 1841 57%
c u 1398.77 132 36 130 174583  3 5727098 166981 2.6 54 21 2 3 35% 317683 1841 57%
c v 1398.99 132 36 130 174583  3 5727098 166860 2.6 54 21 2 3 35% 317683 1841 57%
c w 1399.00 132 36 130 174583  3 5727098 166860 2.6 54 21 2 3 35% 317683 1841 57%
c ] 1402.76 132 36 130 174583  3 5751769 187304 2.5 52 21 2 3 35% 317683 1841 57%
c { 1402.76 132 24 130 174583  3 5751769 187304 2.7 31 11 2 3 34% 317683 1841 57%
c W 1412.97 132 24 130 176318  3 5778267 210455 2.7 30 11 2 3 34% 317683 1841 57%
c - 1429.60 161 24 131 178933  3 5816960 170289 2.7 30 11 2 3 34% 317683 1841 57%
c p 1429.74 161 24 131 178933  3 5816960 170318 2.7 30 11 2 3 34% 317683 1841 57%
c u 1430.63 161 24 131 178933  3 5816960 169005 2.7 30 11 2 3 34% 317683 1841 57%
c v 1431.00 161 24 131 178933  3 5816960 168626 2.7 30 11 2 3 34% 317683 1841 57%
c w 1431.00 161 24 131 178933  3 5816960 168626 2.7 30 11 2 3 34% 317683 1841 57%
c s 1449.19 161 22 131 182303  3 5872726 215559 2.8 30 11 2 3 34% 317683 1841 57%
c s 1450.15 161 22 131 182303  3 5872726 215542 2.8 30 11 2 3 34% 317683 1841 57%
c 
c   seconds     reductions      conflicts          size   tier2       variables
c            MB       restarts         redundant      glue   trail         remaining
c             level          rate            size/glue  tier1  irredundant
c 
c # 1456.46 161 23 131 184178  3 5886269 227643 2.7 30 11 2 3 34% 317683 1841 57%
c } 1457.46 161 23 131 184420  3 5888973 230128 2.7 30 11 2 3 34% 317683 1841 57%
c [ 1457.46 161 36 131 184420  3 5888973 230128 2.5 52 21 2 3 35% 317683 1841 57%
c - 1461.83 189 33 132 184423  2 5907524 173619 2.6 50 19 2 3 35% 317683 1841 57%
c p 1461.95 189 33 132 184423  2 5907524 173648 2.6 50 19 2 3 35% 317683 1841 57%
c u 1462.91 189 33 132 184423  2 5907524 172686 2.6 50 19 2 3 35% 317683 1841 57%
c v 1463.27 189 33 132 184423  2 5907524 171967 2.6 50 19 2 3 35% 317683 1841 57%
c w 1463.28 189 33 132 184423  2 5907524 171964 2.6 50 19 2 3 35% 317683 1841 57%
c O 1485.73 189 27 132 184458  2 5995272 242925 2.9 45 16 2 3 38% 317683 1841 57%
c - 1486.96 161 26 133 184458  2 5998790 173565 2.9 45 16 2 3 38% 317683 1841 57%
c p 1487.07 161 26 133 184458  2 5998790 173592 2.9 45 16 2 3 38% 317683 1841 57%
c u 1488.67 161 26 133 184458  2 5998790 173146 2.9 45 16 2 3 38% 317683 1841 57%
c v 1488.93 161 26 133 184458  2 5998790 173038 2.9 45 16 2 3 38% 317683 1841 57%
c ] 1507.00 161 21 133 184482  2 6069134 230068 3.2 43 14 2 3 39% 317683 1841 57%
c { 1507.00 161 23 133 184482  3 6069134 230068 2.7 30 11 2 3 34% 317683 1841 57%
c - 1518.88 190 24 134 186401  3 6090761 174905 2.7 30 11 2 3 34% 317683 1841 57%
c p 1518.99 190 24 134 186401  3 6090761 174933 2.7 30 11 2 3 34% 317683 1841 57%
c u 1519.90 190 24 134 186401  3 6090761 173696 2.7 30 11 2 3 34% 317683 1841 57%
c v 1520.37 190 24 134 186401  3 6090761 173554 2.7 30 11 2 3 34% 317683 1841 57%
c B 1526.09 190 23 134 187332  3 6105273 186357 2.7 30 11 2 3 34% 317683 1841 57%
c 
c   seconds     reductions      conflicts          size   tier2       variables
c            MB       restarts         redundant      glue   trail         remaining
c             level          rate            size/glue  tier1  irredundant
c 
c - 1559.67 161 24 135 193638  3 6183436 179598 2.7 31 11 2 3 34% 317683 1841 57%
c p 1559.76 161 24 135 193638  3 6183436 179624 2.7 31 11 2 3 34% 317683 1841 57%
c u 1560.58 161 24 135 193638  3 6183436 178688 2.7 31 11 2 3 34% 317683 1841 57%
c v 1560.97 161 24 135 193638  3 6183436 178453 2.7 31 11 2 3 34% 317683 1841 57%
c w 1560.97 161 24 135 193638  3 6183436 178453 2.7 31 11 2 3 34% 317683 1841 57%
c } 1578.15 161 23 135 195358  3 6212944 204398 2.8 31 11 2 3 34% 317683 1841 57%
c [ 1578.15 161 21 135 195358  2 6212944 204398 3.2 43 14 2 3 39% 317683 1841 57%
c B 1579.53 161 21 135 195359  2 6216274 207030 3.2 43 13 2 3 39% 317683 1841 57%
c - 1608.11 190 22 136 195374  2 6276808 181621 3.1 43 14 2 3 38% 317683 1841 57%
c p 1608.31 190 22 136 195374  2 6276808 181651 3.1 43 14 2 3 38% 317683 1841 57%
c u 1609.89 190 22 136 195374  2 6276808 180431 3.1 43 14 2 3 38% 317683 1841 57%
c v 1610.73 190 22 136 195374  2 6276808 180219 3.1 43 14 2 3 38% 317683 1841 57%
c W 1648.27 190 20 136 195390  2 6328275 220982 3.2 42 13 2 3 39% 317683 1841 57%
c - 1678.83 161 19 137 195412  1 6370883 180836 3.3 42 13 2 3 39% 317683 1841 57%
c p 1679.03 161 19 137 195412  1 6370883 180864 3.3 42 13 2 3 39% 317683 1841 57%
c u 1680.09 161 19 137 195412  1 6370883 180583 3.3 42 13 2 3 39% 317683 1841 57%
c v 1680.72 161 19 137 195412  1 6370883 180361 3.3 42 13 2 3 39% 317683 1841 57%
c w 1680.74 161 19 137 195412  1 6370883 180360 3.3 42 13 2 3 39% 317683 1841 57%
c ] 1688.64 161 19 137 195420  1 6390454 196204 3.3 42 13 2 3 39% 317683 1841 57%
c { 1688.64 161 23 137 195420  3 6390454 196204 2.8 31 11 2 3 34% 317683 1841 57%
c 
c   seconds     reductions      conflicts          size   tier2       variables
c            MB       restarts         redundant      glue   trail         remaining
c             level          rate            size/glue  tier1  irredundant
c 
c W 1754.55 161 23 137 199321  3 6441278 240032 2.7 31 11 2 3 34% 317683 1841 57%
c - 1795.00 190 23 138 201009  3 6465661 184377 2.7 31 11 2 3 34% 317683 1841 57%
c p 1795.55 190 23 138 201009  3 6465661 184405 2.7 31 11 2 3 34% 317683 1841 57%
c u 1800.31 190 23 138 201009  3 6465661 183209 2.7 31 11 2 3 34% 317683 1841 57%
c v 1802.34 190 23 138 201009  3 6465661 182962 2.7 31 11 2 3 34% 317683 1841 57%
c } 1904.93 190 22 138 206055  3 6538545 245984 2.7 30 11 2 3 34% 317683 1841 57%
c [ 1904.93 190 19 138 206055  1 6538545 245984 3.3 42 13 2 3 39% 317683 1841 57%
c I 1922.40 190 19 138 206056  1 6555283 260005 3.3 40 12 2 3 39% 317683 1841 57%
c - 1927.51 161 20 139 206057  2 6561152 187902 3.2 41 13 2 3 38% 317683 1841 57%
c d 1927.59 161 20 139 206057  2 6561152 187878 3.2 41 13 2 3 38% 317683 1840 57%
c p 1928.03 161 20 139 206057  2 6561152 187904 3.2 41 13 2 3 38% 317683 1840 57%
c u 1931.10 161 20 139 206057  2 6561152 187152 3.2 41 13 2 3 38% 317683 1840 57%
c v 1932.56 161 20 139 206057  2 6561152 186601 3.2 41 13 2 3 38% 317683 1840 57%
c w 1932.64 161 20 139 206057  2 6561152 186601 3.2 41 13 2 3 38% 317683 1840 57%
c s 1934.07 161 20 139 206057  2 6561152 186424 3.2 41 13 2 3 38% 317683 1840 57%
c s 1938.88 161 20 139 206057  2 6561152 186379 3.2 41 13 2 3 38% 317683 1840 57%
c - 1995.47 191 29 140 206058  2 6657333 189753 2.8 50 18 2 3 37% 317683 1840 57%
c p 1995.79 191 29 140 206058  2 6657333 189776 2.8 50 18 2 3 37% 317683 1840 57%
c u 1997.84 191 29 140 206058  2 6657333 188889 2.8 50 18 2 3 37% 317683 1840 57%
c v 1998.92 191 29 140 206058  2 6657333 188489 2.8 50 18 2 3 37% 317683 1840 57%
c 
c   seconds     reductions      conflicts          size   tier2       variables
c            MB       restarts         redundant      glue   trail         remaining
c             level          rate            size/glue  tier1  irredundant
c 
c w 1999.00 191 29 140 206058  2 6657333 188487 2.8 50 18 2 3 37% 317683 1840 57%
c B 2003.97 191 31 140 206065  2 6670287 199881 2.7 50 19 2 3 37% 317683 1840 57%
c - 2050.07 161 37 141 206096  2 6754219 189315 2.7 52 19 2 3 39% 317683 1840 57%
c p 2050.42 161 37 141 206096  2 6754219 189339 2.7 52 19 2 3 39% 317683 1840 57%
c u 2052.04 161 37 141 206096  2 6754219 188794 2.7 52 19 2 3 39% 317683 1840 57%
c v 2052.90 161 37 141 206096  2 6754219 188705 2.7 52 19 2 3 39% 317683 1840 57%
c w 2052.96 161 37 141 206096  2 6754219 188702 2.7 52 19 2 3 39% 317683 1840 57%
c ] 2062.68 161 37 141 206104  2 6774529 206356 2.7 52 19 2 3 40% 317683 1840 57%
c { 2062.68 161 22 141 206104  3 6774529 206356 2.7 30 11 2 3 34% 317683 1840 57%
c F 2076.45 161 22 141 206699  3 6786288 216113 2.7 30 11 2 3 34% 317683 1840 57%
c - 2182.99 191 23 142 212259  3 6851809 193612 2.7 31 11 2 3 34% 317683 1840 57%
c p 2183.33 191 23 142 212259  3 6851809 193640 2.7 31 11 2 3 34% 317683 1840 57%
c u 2185.91 191 23 142 212259  3 6851809 192810 2.7 31 11 2 3 34% 317683 1840 57%
c v 2187.11 191 23 142 212259  3 6851809 192626 2.7 31 11 2 3 34% 317683 1840 57%
c w 2187.13 191 23 142 212259  3 6851809 192626 2.7 31 11 2 3 34% 317683 1840 57%
c B 2233.59 191 24 142 216105  3 6903293 237913 2.7 31 11 2 3 34% 317683 1840 57%
c } 2250.63 191 24 142 217005  3 6922449 254831 2.8 31 11 2 3 34% 317683 1840 57%
c [ 2250.63 191 37 142 217005  2 6922449 254831 2.7 52 19 2 3 40% 317683 1840 57%
c - 2263.23 161 37 143 217020  2 6950104 198698 2.8 53 19 2 3 41% 317683 1840 57%
c p 2263.51 161 37 143 217020  2 6950104 198720 2.8 53 19 2 3 41% 317683 1840 57%
c 
c   seconds     reductions      conflicts          size   tier2       variables
c            MB       restarts         redundant      glue   trail         remaining
c             level          rate            size/glue  tier1  irredundant
c 
c u 2265.89 161 37 143 217020  2 6950104 197955 2.8 53 19 2 3 41% 317683 1840 57%
c v 2267.11 161 37 143 217020  2 6950104 197820 2.8 53 19 2 3 41% 317683 1840 57%
c w 2267.15 161 37 143 217020  2 6950104 197820 2.8 53 19 2 3 41% 317683 1840 57%
c s 2286.63 161 40 143 217022  2 6992193 234933 2.8 56 20 2 3 40% 317683 1840 57%
c s 2289.50 161 40 143 217022  2 6992193 234915 2.8 56 20 2 3 40% 317683 1840 57%
c W 2324.14 161 39 143 217030  2 7021294 260801 2.8 56 20 2 3 39% 317683 1840 57%
c - 2342.39 192 39 144 217043  2 7049095 199708 2.8 56 20 2 3 40% 317683 1840 57%
c p 2342.86 192 39 144 217043  2 7049095 199730 2.8 56 20 2 3 40% 317683 1840 57%
c u 2346.05 192 39 144 217043  2 7049095 199317 2.8 56 20 2 3 40% 317683 1840 57%
c v 2346.88 192 39 144 217043  2 7049095 199183 2.8 56 20 2 3 40% 317683 1840 57%
c w 2346.93 192 39 144 217043  2 7049095 199183 2.8 56 20 2 3 40% 317683 1840 57%
c O 2398.00 192 38 144 217078  2 7140295 276977 2.5 53 21 2 3 38% 317683 1840 57%
c - 2403.85 161 38 145 217082  2 7148790 198103 2.5 54 21 2 3 38% 317683 1840 57%
c p 2404.23 161 38 145 217082  2 7148790 198125 2.5 54 21 2 3 38% 317683 1840 57%
c u 2406.37 161 38 145 217082  2 7148790 197333 2.5 54 21 2 3 38% 317683 1840 57%
c v 2407.48 161 38 145 217082  2 7148790 197140 2.5 54 21 2 3 38% 317683 1840 57%
c w 2407.53 161 38 145 217082  2 7148790 197138 2.5 54 21 2 3 38% 317683 1840 57%
c ] 2415.26 161 38 145 217084  2 7165142 211483 2.5 53 21 2 3 37% 317683 1840 57%
c { 2415.26 161 24 145 217084  3 7165142 211483 2.8 31 11 2 3 34% 317683 1840 57%
c - 2549.75 192 24 146 223653  3 7249190 202636 2.8 32 11 2 3 34% 317683 1840 57%
c 
c   seconds     reductions      conflicts          size   tier2       variables
c            MB       restarts         redundant      glue   trail         remaining
c             level          rate            size/glue  tier1  irredundant
c 
c p 2550.18 192 24 146 223653  3 7249190 202657 2.8 32 11 2 3 34% 317683 1840 57%
c u 2555.08 192 24 146 223653  3 7249190 201600 2.8 32 11 2 3 34% 317683 1840 57%
c v 2558.39 192 24 146 223653  3 7249190 201293 2.8 32 11 2 3 34% 317683 1840 57%
c w 2558.41 192 24 146 223653  3 7249190 201293 2.8 32 11 2 3 34% 317683 1840 57%
c W 2592.03 192 24 146 224620  3 7260298 211452 2.8 32 11 2 3 34% 317683 1840 57%
c } 2675.01 192 24 146 228615  3 7312014 257221 2.8 32 11 2 3 34% 317683 1840 57%
c [ 2675.01 192 38 146 228615  2 7312014 257221 2.5 53 21 2 3 37% 317683 1840 57%
c - 2715.75 161 31 147 228616  2 7350290 205894 2.7 48 18 2 3 37% 317683 1840 57%
c p 2716.13 161 31 147 228616  2 7350290 205914 2.7 48 18 2 3 37% 317683 1840 57%
c u 2719.11 161 31 147 228616  2 7350290 205370 2.7 48 18 2 3 37% 317683 1840 57%
c v 2720.73 161 31 147 228616  2 7350290 205074 2.7 48 18 2 3 37% 317683 1840 57%
c B 2728.53 161 36 147 228617  2 7381299 233231 2.9 54 19 2 3 40% 317683 1840 57%
c - 2764.28 193 39 148 228618  2 7452093 207816 3.1 59 19 2 3 41% 317683 1840 57%
c p 2764.63 193 39 148 228618  2 7452093 207837 3.1 59 19 2 3 41% 317683 1840 57%
c u 2765.85 193 39 148 228618  2 7452093 207164 3.1 59 19 2 3 41% 317683 1840 57%
c v 2766.45 193 39 148 228618  2 7452093 206880 3.1 59 19 2 3 41% 317683 1840 57%
c w 2766.49 193 39 148 228618  2 7452093 206880 3.1 59 19 2 3 41% 317683 1840 57%
c W 2791.39 193 38 148 228618  2 7503302 252164 2.9 57 20 2 3 39% 317683 1840 57%
c - 2819.23 161 37 149 228618  2 7554598 205887 2.8 55 20 2 3 37% 317683 1840 57%
c p 2819.68 161 37 149 228618  2 7554598 205905 2.8 55 20 2 3 37% 317683 1840 57%
c 
c   seconds     reductions      conflicts          size   tier2       variables
c            MB       restarts         redundant      glue   trail         remaining
c             level          rate            size/glue  tier1  irredundant
c 
c u 2821.38 161 37 149 228618  2 7554598 205345 2.8 55 20 2 3 37% 317683 1840 57%
c v 2822.17 161 37 149 228618  2 7554598 204890 2.8 55 20 2 3 37% 317683 1840 57%
c w 2822.24 161 37 149 228618  2 7554598 204890 2.8 55 20 2 3 37% 317683 1840 57%
c x 2822.54 161 37 149 228618  2 7554598 204890 2.8 55 20 2 3 37% 317683 1840 57%
c s 2825.60 161 37 149 228618  2 7554598 204871 2.8 55 20 2 3 37% 317683 1840 57%
c s 2828.88 161 37 149 228618  2 7554598 204850 2.8 55 20 2 3 37% 317683 1840 57%
c ] 2834.56 161 37 149 228619  3 7568630 217216 2.7 55 20 2 3 36% 317683 1840 57%
c { 2834.56 161 24 149 228619  3 7568630 217216 2.8 32 11 2 3 34% 317683 1840 57%
c # 2911.53 161 23 149 233027  3 7626304 268071 2.8 32 11 2 3 34% 317683 1840 57%
c - 2971.70 193 23 150 235371  3 7657806 210634 2.8 32 11 2 3 34% 317683 1840 57%
c p 2972.22 193 23 150 235371  3 7657806 210654 2.8 32 11 2 3 34% 317683 1840 57%
c u 2977.34 193 23 150 235371  3 7657806 210044 2.8 32 11 2 3 34% 317683 1840 57%
c v 2979.72 193 23 150 235371  3 7657806 209753 2.8 32 11 2 3 34% 317683 1840 57%
c } 3091.43 193 23 150 239681  3 7724516 268178 2.8 31 11 2 3 34% 317683 1840 57%
c [ 3091.43 193 37 150 239681  3 7724516 268178 2.7 55 20 2 3 36% 317683 1840 57%
c I 3114.48 193 36 150 239681  2 7750305 291616 2.8 51 18 2 3 36% 317683 1840 57%
c - 3121.19 161 36 151 239681  2 7761715 215830 2.8 51 18 2 3 36% 317683 1840 57%
c p 3121.66 161 36 151 239681  2 7761715 215854 2.8 51 18 2 3 36% 317683 1840 57%
c u 3125.69 161 36 151 239681  2 7761715 215200 2.8 51 18 2 3 36% 317683 1840 57%
c v 3127.97 161 36 151 239681  2 7761715 215091 2.8 51 18 2 3 36% 317683 1840 57%
c 
c   seconds     reductions      conflicts          size   tier2       variables
c            MB       restarts         redundant      glue   trail         remaining
c             level          rate            size/glue  tier1  irredundant
c 
c w 3128.04 161 36 151 239681  2 7761715 215091 2.8 51 18 2 3 36% 317683 1840 57%
c - 3209.79 193 35 152 239681  2 7866328 215518 2.5 50 20 2 3 35% 317683 1840 57%
c p 3210.18 193 35 152 239681  2 7866328 215541 2.5 50 20 2 3 35% 317683 1840 57%
c u 3213.17 193 35 152 239681  2 7866328 215010 2.5 50 20 2 3 35% 317683 1840 57%
c v 3214.54 193 35 152 239681  2 7866328 214864 2.5 50 20 2 3 35% 317683 1840 57%
c w 3214.60 193 35 152 239681  2 7866328 214864 2.5 50 20 2 3 35% 317683 1840 57%
c B 3219.53 193 35 152 239681  2 7875306 223031 2.5 50 20 2 3 35% 317683 1840 57%
c ] 3291.97 193 35 152 239681  3 7968886 305840 2.6 53 20 2 3 35% 317683 1840 57%
c { 3291.97 193 23 152 239681  3 7968886 305840 2.8 31 11 2 3 34% 317683 1840 57%
c - 3300.04 161 23 153 240062  3 7971643 215719 2.8 31 11 2 3 34% 317683 1840 57%
c p 3300.49 161 23 153 240062  3 7971643 215743 2.8 31 11 2 3 34% 317683 1840 57%
c u 3302.80 161 23 153 240062  3 7971643 215204 2.8 31 11 2 3 34% 317683 1840 57%
c v 3303.96 161 23 153 240062  3 7971643 215081 2.8 31 11 2 3 34% 317683 1840 57%
c B 3342.22 161 23 153 242199  3 8001307 241136 2.8 31 11 2 3 34% 317683 1840 57%
c s 3364.52 161 23 153 243659  3 8015367 253698 2.7 32 12 2 3 34% 317683 1840 57%
c s 3367.79 161 23 153 243659  3 8015367 253561 2.7 32 12 2 3 34% 317678 1840 57%
c - 3454.23 194 23 154 247542  3 8077663 222187 2.8 31 11 2 3 34% 317678 1840 57%
c p 3454.49 194 23 154 247542  3 8077663 222210 2.8 31 11 2 3 34% 317678 1840 57%
c u 3457.11 194 23 154 247542  3 8077663 221155 2.8 31 11 2 3 34% 317678 1840 57%
c v 3458.45 194 23 154 247542  3 8077663 220917 2.8 31 11 2 3 34% 317678 1840 57%
c 
c   seconds     reductions      conflicts          size   tier2       variables
c            MB       restarts         redundant      glue   trail         remaining
c             level          rate            size/glue  tier1  irredundant
c 
c } 3516.22 194 23 154 251666  3 8124175 261000 2.7 31 11 2 3 34% 317678 1840 57%
c [ 3516.22 194 35 154 251666  3 8124175 261000 2.6 53 20 2 3 35% 317678 1840 57%
c W 3535.17 194 35 154 251666  3 8128309 264908 2.7 53 20 2 3 35% 317678 1840 57%
c - 3568.54 161 36 155 251667  3 8184384 225491 2.6 51 20 2 3 36% 317678 1840 57%
c p 3568.89 161 36 155 251667  3 8184384 225510 2.6 51 20 2 3 36% 317678 1840 57%
c u 3572.15 161 36 155 251667  3 8184384 225108 2.6 51 20 2 3 36% 317678 1840 57%
c v 3573.86 161 36 155 251667  3 8184384 224841 2.6 51 20 2 3 36% 317678 1840 57%
c O 3613.26 161 37 155 251667  3 8256310 285282 2.5 51 20 2 3 36% 317678 1840 57%
c - 3668.37 194 30 156 251667  2 8291806 225252 2.7 46 17 2 3 37% 317678 1840 57%
c p 3668.71 194 30 156 251667  2 8291806 225272 2.7 46 17 2 3 37% 317678 1840 57%
c = 3671.13 194 30 156 251667  2 8291806 225163 2.7 46 17 2 3 37% 317678 1833 57%
c u 3673.93 194 30 156 251667  2 8291806 224071 2.7 46 17 2 3 37% 317678 1833 57%
c v 3675.21 194 30 156 251667  2 8291806 223879 2.7 46 17 2 3 37% 317678 1833 57%
c w 3675.24 194 30 156 251667  2 8291806 223877 2.7 46 17 2 3 37% 317678 1833 57%
c ] 3714.68 194 25 156 251667  2 8334973 257467 2.9 44 15 2 3 38% 317678 1833 57%
c { 3714.68 194 23 156 251667  3 8334973 257467 2.7 31 11 2 3 34% 317678 1833 57%
c W 3803.21 194 23 156 255563  3 8385311 301517 2.7 31 11 2 3 34% 317678 1833 57%
c - 3831.19 161 23 157 256979  4 8399934 226409 2.7 31 11 2 3 34% 317678 1833 57%
c p 3831.69 161 23 157 256979  4 8399934 226427 2.7 31 11 2 3 34% 317678 1833 57%
c u 3835.88 161 23 157 256979  4 8399934 225751 2.7 31 11 2 3 34% 317678 1833 57%
c 
c   seconds     reductions      conflicts          size   tier2       variables
c            MB       restarts         redundant      glue   trail         remaining
c             level          rate            size/glue  tier1  irredundant
c 
c v 3838.29 161 23 157 256979  4 8399934 225256 2.7 31 11 2 3 34% 317678 1833 57%
c w 3838.38 161 23 157 256979  4 8399934 225256 2.7 31 11 2 3 34% 317678 1833 57%
c } 3960.86 161 23 157 263611  3 8489010 303442 2.7 32 12 2 3 34% 317678 1833 57%
c [ 3960.86 161 25 157 263611  2 8489010 303442 2.9 44 15 2 3 38% 317678 1833 57%
c s 3965.77 161 25 157 263611  2 8490998 305124 2.9 44 15 2 3 38% 317678 1833 57%
c s 3968.76 161 25 157 263611  2 8490998 305112 2.9 44 15 2 3 38% 317678 1833 57%
c - 3978.35 195 28 158 263611  2 8508761 231413 2.9 47 16 2 3 39% 317678 1833 57%
c p 3978.75 195 28 158 263611  2 8508761 231431 2.9 47 16 2 3 39% 317678 1833 57%
c u 3982.62 195 28 158 263611  2 8508761 230541 2.9 47 16 2 3 39% 317678 1833 57%
c v 3984.43 195 28 158 263611  2 8508761 229995 2.9 47 16 2 3 39% 317678 1833 57%
c w 3984.50 195 28 158 263611  2 8508761 229992 2.9 47 16 2 3 39% 317678 1833 57%
c B 3987.49 195 29 158 263611  2 8515313 235760 2.9 47 16 2 3 39% 317678 1833 57%
c - 4052.56 161 34 159 263611  2 8618293 231591 2.7 53 19 2 3 37% 317678 1833 57%
c p 4053.00 161 34 159 263611  2 8618293 231608 2.7 53 19 2 3 37% 317678 1833 57%
c u 4055.75 161 34 159 263611  2 8618293 231159 2.7 53 19 2 3 37% 317678 1833 57%
c v 4057.23 161 34 159 263611  2 8618293 231118 2.7 53 19 2 3 37% 317678 1833 57%
c w 4057.35 161 34 159 263611  2 8618293 231118 2.7 53 19 2 3 37% 317678 1833 57%
c W 4083.54 161 34 159 263611  2 8646315 255915 2.7 53 20 2 3 37% 317678 1833 57%
c - 4133.66 195 37 160 263611  2 8728534 229253 2.7 56 21 2 3 37% 317678 1833 57%
c p 4133.89 195 37 160 263611  2 8728534 229272 2.7 56 21 2 3 37% 317678 1833 57%
c 
c   seconds     reductions      conflicts          size   tier2       variables
c            MB       restarts         redundant      glue   trail         remaining
c             level          rate            size/glue  tier1  irredundant
c 
c u 4135.16 195 37 160 263611  2 8728534 228889 2.7 56 21 2 3 37% 317678 1833 57%
c v 4135.79 195 37 160 263611  2 8728534 228809 2.7 56 21 2 3 37% 317678 1833 57%
c w 4135.82 195 37 160 263611  2 8728534 228809 2.7 56 21 2 3 37% 317678 1833 57%
c ] 4144.13 195 37 160 263611  2 8751134 248206 2.7 55 21 2 3 37% 317678 1833 57%
c { 4144.13 195 23 160 263611  3 8751134 248206 2.7 32 12 2 3 34% 317678 1833 57%
c F 4166.78 195 24 160 265415  3 8778316 272307 2.8 32 12 2 3 34% 317678 1833 57%
c - 4225.42 161 23 161 269248  3 8839470 234267 2.8 31 11 2 3 34% 317678 1833 57%
c p 4225.80 161 23 161 269248  3 8839470 234285 2.8 31 11 2 3 34% 317678 1833 57%
c u 4229.52 161 23 161 269248  3 8839470 233316 2.8 31 11 2 3 34% 317678 1833 57%
c v 4231.33 161 23 161 269248  3 8839470 233168 2.8 31 11 2 3 34% 317678 1833 57%
c w 4231.34 161 23 161 269248  3 8839470 233168 2.8 31 11 2 3 34% 317678 1833 57%
c B 4335.88 161 24 161 275781  4 8911323 296467 2.7 32 12 2 3 34% 317678 1833 57%
c } 4338.01 161 24 161 275858  4 8912665 297670 2.7 32 12 2 3 34% 317678 1833 57%
c [ 4338.01 161 37 161 275858  2 8912665 297670 2.7 55 21 2 3 37% 317678 1833 57%
c - 4364.75 196 36 162 275858  2 8951109 240095 2.7 54 20 2 3 36% 317678 1833 57%
c p 4365.19 196 36 162 275858  2 8951109 240112 2.7 54 20 2 3 36% 317678 1833 57%
c u 4369.99 196 36 162 275858  2 8951109 239828 2.7 54 20 2 3 36% 317678 1833 57%
c v 4371.07 196 36 162 275858  2 8951109 239699 2.7 54 20 2 3 36% 317678 1833 57%
c w 4371.10 196 36 162 275858  2 8951109 239699 2.7 54 20 2 3 36% 317678 1833 57%
c x 4371.45 196 36 162 275858  2 8951109 239699 2.7 54 20 2 3 36% 317678 1833 57%
c 
c   seconds     reductions      conflicts          size   tier2       variables
c            MB       restarts         redundant      glue   trail         remaining
c             level          rate            size/glue  tier1  irredundant
c 
c s 4386.02 196 36 162 275861  2 8981856 267691 2.7 54 20 2 3 36% 317678 1833 57%
c s 4388.78 196 36 162 275861  2 8981856 267673 2.7 54 20 2 3 36% 317678 1833 57%
c I 4431.76 196 36 162 275888  3 9045324 322746 2.6 53 21 2 3 34% 317678 1833 57%
c - 4443.47 161 36 163 275890  2 9063451 240785 2.5 53 21 2 3 34% 317678 1833 57%
c p 4443.98 161 36 163 275890  2 9063451 240804 2.5 53 21 2 3 34% 317678 1833 57%
c u 4446.97 161 36 163 275890  2 9063451 240180 2.5 53 21 2 3 34% 317678 1833 57%
c v 4448.56 161 36 163 275890  2 9063451 240018 2.5 53 21 2 3 34% 317678 1833 57%
c w 4448.70 161 36 163 275890  2 9063451 240015 2.5 53 21 2 3 34% 317678 1833 57%
c ] 4530.85 161 37 163 275921  2 9167647 328390 2.5 53 21 2 3 36% 317678 1833 57%
c { 4530.85 161 24 163 275921  4 9167647 328390 2.7 32 12 2 3 34% 317678 1833 57%
c - 4548.93 196 23 164 276223  3 9176499 238867 2.7 31 11 2 3 34% 317678 1833 57%
c p 4549.19 196 23 164 276223  3 9176499 238885 2.7 31 11 2 3 34% 317678 1833 57%
c u 4551.28 196 23 164 276223  3 9176499 238332 2.7 31 11 2 3 34% 317678 1833 57%
c v 4552.38 196 23 164 276223  3 9176499 238117 2.7 31 11 2 3 34% 317678 1833 57%
c w 4552.39 196 23 164 276223  3 9176499 238117 2.7 31 11 2 3 34% 317678 1833 57%
c W 4570.71 196 23 164 276452  3 9180325 241437 2.8 31 11 2 3 34% 317678 1833 57%
c - 4696.29 161 23 165 284673  3 9290246 244323 2.7 31 11 2 3 34% 317678 1833 57%
c p 4696.82 161 23 165 284673  3 9290246 244342 2.7 31 11 2 3 34% 317678 1833 57%
c u 4701.56 161 23 165 284673  3 9290246 243446 2.7 31 11 2 3 34% 317678 1833 57%
c v 4704.06 161 23 165 284673  3 9290246 242885 2.7 31 11 2 3 34% 317678 1833 57%
c 
c   seconds     reductions      conflicts          size   tier2       variables
c            MB       restarts         redundant      glue   trail         remaining
c             level          rate            size/glue  tier1  irredundant
c 
c # 4741.80 161 22 165 286365  3 9316326 265072 2.7 31 11 2 3 34% 317678 1833 57%
c } 4762.21 161 22 165 287365  3 9334592 280303 2.8 30 11 2 3 34% 317678 1833 57%
c [ 4762.21 161 37 165 287365  2 9334592 280303 2.5 53 21 2 3 36% 317678 1833 57%
c - 4845.07 196 27 166 287395  2 9404695 246248 2.7 45 17 2 3 37% 317678 1833 57%
c p 4845.30 196 27 166 287395  2 9404695 246271 2.7 45 17 2 3 37% 317678 1833 57%
c u 4847.46 196 27 166 287395  2 9404695 245701 2.7 45 17 2 3 37% 317678 1833 57%
c v 4848.56 196 27 166 287395  2 9404695 245307 2.7 45 17 2 3 37% 317678 1833 57%
c w 4848.60 196 27 166 287395  2 9404695 245307 2.7 45 17 2 3 37% 317678 1833 57%
c B 4881.90 196 23 166 287410  2 9453329 280443 2.8 42 15 2 3 38% 317678 1833 57%
c - 4913.76 161 28 167 287428  2 9519847 245282 2.7 47 18 2 3 37% 317678 1833 57%
c p 4914.19 161 28 167 287428  2 9519847 245302 2.7 47 18 2 3 37% 317678 1833 57%
c u 4917.71 161 28 167 287428  2 9519847 244596 2.7 47 18 2 3 37% 317678 1833 57%
c v 4919.11 161 28 167 287428  2 9519847 244467 2.7 47 18 2 3 37% 317678 1833 57%
c w 4919.16 161 28 167 287428  2 9519847 244459 2.7 47 18 2 3 37% 317678 1833 57%
c ] 4934.17 161 30 167 287429  2 9550520 270763 2.6 48 19 2 3 36% 317678 1833 57%
c { 4934.17 161 22 167 287429  3 9550520 270763 2.8 30 11 2 3 34% 317678 1833 57%
c B 5007.69 161 23 167 291506  3 9591330 307165 2.7 31 11 2 3 33% 317678 1833 57%
c - 5091.27 197 24 168 295252  4 9635704 250299 2.7 32 12 2 3 33% 317678 1833 57%
c p 5091.68 197 24 168 295252  4 9635704 250322 2.7 32 12 2 3 33% 317678 1833 57%
c u 5095.28 197 24 168 295252  4 9635704 249646 2.7 32 12 2 3 33% 317678 1833 57%
c 
c   seconds     reductions      conflicts          size   tier2       variables
c            MB       restarts         redundant      glue   trail         remaining
c             level          rate            size/glue  tier1  irredundant
c 
c v 5097.12 197 24 168 295252  4 9635704 249398 2.7 32 12 2 3 33% 317678 1833 57%
c w 5097.13 197 24 168 295252  4 9635704 249398 2.7 32 12 2 3 33% 317678 1833 57%
c } 5175.04 197 23 168 299884  3 9710976 314970 2.8 32 11 1 2 33% 317678 1833 57%
c [ 5175.04 197 30 168 299884  2 9710976 314970 2.6 48 19 2 3 36% 317678 1833 57%
c W 5206.14 197 28 168 299884  2 9730334 331281 2.7 47 17 2 3 36% 317678 1833 57%
c - 5217.16 161 31 169 299884  2 9752272 211116 2.8 50 18 2 3 38% 317678 1833 57%
c p 5217.50 161 31 169 299884  2 9752272 211138 2.8 50 18 2 3 38% 317678 1833 57%
c u 5223.89 161 31 169 299884  2 9752272 210406 2.8 50 18 2 3 38% 317678 1833 57%
c v 5223.90 161 31 169 299884  2 9752272 210406 2.8 50 18 2 3 38% 317678 1833 57%
c w 5223.96 161 31 169 299884  2 9752272 210406 2.8 50 18 2 3 38% 317678 1833 57%
c - 5286.99 169 35 170 299924  2 9869545 194783 2.6 52 20 2 3 37% 317678 1833 57%
c p 5287.33 169 35 170 299924  2 9869545 194804 2.6 52 20 2 3 37% 317678 1833 57%
c u 5289.50 169 35 170 299924  2 9869545 194283 2.6 52 20 2 3 37% 317678 1833 57%
c v 5289.59 169 35 170 299924  2 9869545 194265 2.6 52 20 2 3 37% 317678 1833 57%
c w 5289.64 169 35 170 299924  2 9869545 194258 2.6 52 20 2 3 37% 317678 1833 57%
c O 5290.11 169 36 170 299925  2 9870336 194933 2.6 52 20 2 3 37% 317678 1833 57%
c - 5347.90 169 35 171 299957  2 9987520 181450 2.7 54 20 2 3 36% 317678 1833 57%
c p 5348.21 169 35 171 299957  2 9987520 181473 2.7 54 20 2 3 36% 317678 1833 57%
c u 5350.60 169 35 171 299957  2 9987520 181025 2.7 54 20 2 3 36% 317678 1833 57%
c w 5350.65 169 35 171 299957  2 9987520 181024 2.7 54 20 2 3 36% 317678 1833 57%
c 
c   seconds     reductions      conflicts           size   tier2       variables
c            MB       restarts          redundant      glue   trail         remaining
c             level          rate             size/glue  tier1  irredundant
c 
c B 5359.01 169 35 171 299968  2 10011337 202040 2.6 54 20 2 3 36% 317678 1833 57%
c ] 5360.29 169 37 171 299970  2 10017620 207833 2.7 54 20 2 3 37% 317678 1833 57%
c { 5360.29 169 23 171 299970  3 10017620 207833 2.8 32 11 1 2 33% 317678 1833 57%
c s 5382.54 169 23 171 300939  3 10036775 223995 2.8 31 11 1 2 33% 317678 1833 57%
c s 5383.78 169 23 171 300939  3 10036775 223897 2.8 31 11 1 2 33% 317678 1833 57%
c - 5479.52 169 24 172 306387  3 10106188 180902 2.8 32 12 1 2 34% 317678 1833 57%
c p 5479.80 169 24 172 306387  3 10106188 180924 2.8 32 12 1 2 34% 317678 1833 57%
c u 5482.62 169 24 172 306387  3 10106188 180187 2.8 32 12 1 2 34% 317678 1833 57%
c w 5482.62 169 24 172 306387  3 10106188 180187 2.8 32 12 1 2 34% 317678 1833 57%
c W 5536.92 169 23 172 309479  3 10153338 221561 2.8 32 11 1 2 34% 317678 1833 57%
c } 5608.52 169 23 172 313550  3 10217521 276401 2.8 31 11 1 2 34% 317678 1833 57%
c [ 5608.52 169 37 172 313550  2 10217521 276401 2.7 54 20 2 3 37% 317678 1833 57%
c - 5616.31 193 36 173 313555  2 10225560 183704 2.7 53 20 2 3 37% 317678 1833 57%
c p 5616.56 193 36 173 313555  2 10225560 183728 2.7 53 20 2 3 37% 317678 1833 57%
c u 5619.65 193 36 173 313555  2 10225560 182977 2.7 53 20 2 3 37% 317678 1833 57%
c v 5620.01 193 36 173 313555  2 10225560 182374 2.7 53 20 2 3 37% 317678 1833 57%
c W 5656.14 193 37 173 313579  2 10296340 243365 2.6 53 21 2 3 38% 317678 1833 57%
c - 5682.25 193 36 174 313590  2 10345638 182322 2.6 53 21 2 3 37% 317678 1833 57%
c p 5682.54 193 36 174 313590  2 10345638 182345 2.6 53 21 2 3 37% 317678 1833 57%
c u 5684.81 193 36 174 313590  2 10345638 181809 2.6 53 21 2 3 37% 317678 1833 57%
c 
c   seconds     reductions      conflicts           size   tier2       variables
c            MB       restarts          redundant      glue   trail         remaining
c             level          rate             size/glue  tier1  irredundant
c 
c w 5684.86 193 36 174 313590  2 10345638 181809 2.6 53 21 2 3 37% 317678 1833 57%
c I 5723.48 193 35 174 313592  2 10440341 263940 2.5 53 21 2 3 35% 317678 1833 57%
c - 5735.08 193 37 175 313592  2 10466414 175081 2.6 55 21 2 3 36% 317678 1833 57%
c p 5735.41 193 37 175 313592  2 10466414 175105 2.6 55 21 2 3 36% 317678 1833 57%
c u 5737.31 193 37 175 313592  2 10466414 174486 2.6 55 21 2 3 36% 317678 1833 57%
c v 5737.35 193 37 175 313592  2 10466414 174477 2.6 55 21 2 3 36% 317678 1833 57%
c w 5737.40 193 37 175 313592  2 10466414 174474 2.6 55 21 2 3 36% 317678 1833 57%
c ] 5773.50 193 37 175 313592  2 10542962 240448 2.6 55 21 2 3 36% 317678 1833 57%
c { 5773.50 193 23 175 313592  3 10542962 240448 2.8 31 11 1 2 34% 317678 1833 57%
c F 5840.31 193 24 175 316898  3 10585345 277790 2.8 32 11 1 2 34% 317678 1833 57%
c - 5845.25 193 24 176 317142  3 10587893 173860 2.8 32 11 1 2 34% 317678 1833 57%
c p 5845.54 193 24 176 317142  3 10587893 173884 2.8 32 11 1 2 34% 317678 1833 57%
c u 5847.51 193 24 176 317142  3 10587893 173436 2.8 32 11 1 2 34% 317678 1833 57%
c - 5979.09 193 23 177 325984  3 10710076 178136 2.8 31 11 1 2 34% 317678 1833 57%
c p 5979.48 193 23 177 325984  3 10710076 178160 2.8 31 11 1 2 34% 317678 1833 57%
c u 5985.85 193 23 177 325984  3 10710076 177472 2.8 31 11 1 2 34% 317678 1833 57%
c v 5987.10 193 23 177 325984  3 10710076 176170 2.8 31 11 1 2 34% 317678 1833 57%
c w 5987.13 193 23 177 325984  3 10710076 176170 2.8 31 11 1 2 34% 317678 1833 57%
c B 6006.24 193 23 177 327265  3 10731347 195132 2.8 31 11 1 2 33% 317678 1833 57%
c } 6035.87 193 23 177 329659  3 10756148 217056 2.8 32 11 1 2 34% 317678 1833 57%
c 
c   seconds     reductions      conflicts           size   tier2       variables
c            MB       restarts          redundant      glue   trail         remaining
c             level          rate             size/glue  tier1  irredundant
c 
c [ 6035.87 193 37 177 329659  2 10756148 217056 2.6 55 21 2 3 36% 317678 1833 57%
c - 6110.23 193 26 178 329684  2 10832961 176199 2.7 43 16 2 3 36% 317678 1833 57%
c p 6110.55 193 26 178 329684  2 10832961 176223 2.7 43 16 2 3 36% 317678 1833 57%
c u 6113.68 193 26 178 329684  2 10832961 175402 2.7 43 16 2 3 36% 317678 1833 57%
c v 6113.69 193 26 178 329684  2 10832961 175402 2.7 43 16 2 3 36% 317678 1833 57%
c w 6113.71 193 26 178 329684  2 10832961 175402 2.7 43 16 2 3 36% 317678 1833 57%
c B 6131.02 193 30 178 329697  2 10878348 214098 2.6 46 18 2 3 37% 317678 1833 57%
c - 6177.22 193 34 179 329722  2 10956550 175506 2.4 50 21 2 3 36% 317678 1833 57%
c p 6177.54 193 34 179 329722  2 10956550 175529 2.4 50 21 2 3 36% 317678 1833 57%
c u 6180.00 193 34 179 329722  2 10956550 175106 2.4 50 21 2 3 36% 317678 1833 57%
c v 6180.01 193 34 179 329722  2 10956550 175105 2.4 50 21 2 3 36% 317678 1833 57%
c w 6180.06 193 34 179 329722  2 10956550 175104 2.4 50 21 2 3 36% 317678 1833 57%
c W 6225.49 193 38 179 329744  2 11026354 236061 2.5 54 22 2 3 36% 317678 1833 57%
c ] 6239.72 193 37 179 329753  2 11053003 258929 2.5 53 21 2 3 36% 317678 1833 57%
c { 6239.72 193 23 179 329753  3 11053003 258929 2.8 32 11 1 2 34% 317678 1833 57%
c - 6283.97 193 23 180 331775  3 11080840 174436 2.8 31 11 1 2 33% 317678 1833 57%
c p 6284.22 193 23 180 331775  3 11080840 174461 2.8 31 11 1 2 33% 317678 1833 57%
c u 6286.63 193 23 180 331775  3 11080840 173870 2.8 31 11 1 2 33% 317678 1833 57%
c W 6382.85 193 24 180 338157  3 11175357 258112 2.8 32 11 1 2 34% 317678 1833 57%
c - 6424.04 193 24 181 340414  3 11205833 180087 2.8 32 11 1 2 34% 317678 1833 57%
c 
c   seconds     reductions      conflicts           size   tier2       variables
c            MB       restarts          redundant      glue   trail         remaining
c             level          rate             size/glue  tier1  irredundant
c 
c p 6424.31 193 24 181 340414  3 11205833 180110 2.8 32 11 1 2 34% 317678 1833 57%
c u 6427.59 193 24 181 340414  3 11205833 179350 2.8 32 11 1 2 34% 317678 1833 57%
c v 6429.12 193 24 181 340414  3 11205833 178959 2.8 32 11 1 2 34% 317678 1833 57%
c w 6429.13 193 24 181 340414  3 11205833 178959 2.8 32 11 1 2 34% 317678 1833 57%
c } 6526.13 193 24 181 346063  3 11278681 242219 2.8 32 11 1 2 34% 317678 1833 57%
c [ 6526.13 193 37 181 346063  2 11278681 242219 2.5 53 21 2 3 36% 317678 1833 57%
c O 6563.10 193 37 181 346078  2 11325358 283054 2.6 52 20 2 3 38% 317678 1833 57%
c - 6568.51 193 37 182 346083  2 11331532 182325 2.6 52 20 2 3 38% 317678 1833 57%
c p 6568.96 193 37 182 346083  2 11331532 182347 2.6 52 20 2 3 38% 317678 1833 57%
c u 6572.01 193 37 182 346083  2 11331532 181880 2.6 52 20 2 3 38% 317678 1833 57%
c v 6573.58 193 37 182 346083  2 11331532 180892 2.6 52 20 2 3 38% 317678 1833 57%
c w 6573.64 193 37 182 346083  2 11331532 180892 2.6 52 20 2 3 38% 317678 1833 57%
c - 6640.91 193 36 183 346096  2 11457937 179399 2.4 52 21 2 3 35% 317678 1833 57%
c p 6641.17 193 36 183 346096  2 11457937 179420 2.4 52 21 2 3 35% 317678 1833 57%
c u 6643.43 193 36 183 346096  2 11457937 178924 2.4 52 21 2 3 35% 317678 1833 57%
c v 6643.43 193 36 183 346096  2 11457937 178924 2.4 52 21 2 3 35% 317678 1833 57%
c w 6643.47 193 36 183 346096  2 11457937 178924 2.4 52 21 2 3 35% 317678 1833 57%
c B 6651.29 193 35 183 346098  2 11476360 195036 2.5 52 21 2 3 35% 317678 1833 57%
c - 6710.84 193 35 184 346142  2 11585039 176611 2.6 53 20 2 3 37% 317678 1833 57%
c p 6711.06 193 35 184 346142  2 11585039 176635 2.6 53 20 2 3 37% 317678 1833 57%
c 
c   seconds     reductions      conflicts           size   tier2       variables
c            MB       restarts          redundant      glue   trail         remaining
c             level          rate             size/glue  tier1  irredundant
c 
c u 6713.08 193 35 184 346142  2 11585039 176180 2.6 53 20 2 3 37% 317678 1833 57%
c w 6713.12 193 35 184 346142  2 11585039 176179 2.6 53 20 2 3 37% 317678 1833 57%
c ] 6732.84 193 31 184 346156  2 11615772 200487 2.7 49 18 2 3 37% 317678 1833 57%
c { 6732.84 193 24 184 346156  3 11615772 200487 2.8 32 11 1 2 34% 317678 1833 57%
c # 6748.85 193 25 184 347554  4 11628361 211710 2.8 32 12 1 2 34% 317678 1833 57%
c - 6848.58 193 24 185 353724  3 11712846 181561 2.8 33 12 1 2 34% 317678 1833 57%
c p 6848.87 193 24 185 353724  3 11712846 181581 2.8 33 12 1 2 34% 317678 1833 57%
c u 6852.40 193 24 185 353724  3 11712846 180813 2.8 33 12 1 2 34% 317678 1833 57%
c v 6854.30 193 24 185 353724  3 11712846 180397 2.8 33 12 1 2 34% 317678 1833 57%
c w 6854.31 193 24 185 353724  3 11712846 180397 2.8 33 12 1 2 34% 317678 1833 57%
c B 6916.47 193 22 185 357305  3 11781363 240318 2.9 32 11 1 2 34% 317678 1833 57%
c - 6990.35 193 23 186 362361  3 11841357 185695 2.9 32 11 1 2 34% 317678 1833 57%
c p 6990.62 193 23 186 362361  3 11841357 185715 2.9 32 11 1 2 34% 317678 1833 57%
c u 6996.47 193 23 186 362361  3 11841357 184996 2.9 32 11 1 2 34% 317678 1833 57%
c v 6998.17 193 23 186 362361  3 11841357 184113 2.9 32 11 1 2 34% 317678 1833 57%
c w 6998.21 193 23 186 362361  3 11841357 184113 2.9 32 11 1 2 34% 317678 1833 57%
c } 7007.09 193 24 186 363194  3 11849054 191006 2.9 32 11 1 2 34% 317678 1833 57%
c [ 7007.09 193 31 186 363194  2 11849054 191006 2.7 49 18 2 3 37% 317678 1833 57%
c W 7085.88 193 23 186 363212  2 11935368 259609 2.8 42 15 2 3 36% 317678 1833 57%
c - 7094.00 193 30 187 363227  2 11970569 182526 2.9 49 17 2 3 38% 317678 1833 57%
c 
c   seconds     reductions      conflicts           size   tier2       variables
c            MB       restarts          redundant      glue   trail         remaining
c             level          rate             size/glue  tier1  irredundant
c 
c p 7094.14 193 30 187 363227  2 11970569 182549 2.9 49 17 2 3 38% 317678 1833 57%
c u 7095.40 193 30 187 363227  2 11970569 182111 2.9 49 17 2 3 38% 317678 1833 57%
c v 7095.42 193 30 187 363227  2 11970569 182099 2.9 49 17 2 3 38% 317678 1833 57%
c w 7095.44 193 30 187 363227  2 11970569 182099 2.9 49 17 2 3 38% 317678 1833 57%
c I 7122.01 193 35 187 363260  2 12090370 288140 2.8 54 19 2 3 38% 317678 1833 57%
c - 7125.11 193 35 188 363260  2 12100484 180127 2.7 53 19 2 3 37% 317678 1833 57%
c p 7125.25 193 35 188 363260  2 12100484 180148 2.7 53 19 2 3 37% 317678 1833 57%
c u 7126.32 193 35 188 363260  2 12100484 179690 2.7 53 19 2 3 37% 317678 1833 57%
c v 7126.32 193 35 188 363260  2 12100484 179690 2.7 53 19 2 3 37% 317678 1833 57%
c w 7126.32 193 35 188 363260  2 12100484 179690 2.7 53 19 2 3 37% 317678 1833 57%
c ] 7145.77 193 36 188 363262  2 12196673 263111 2.7 54 20 2 3 36% 317678 1833 57%
c { 7145.77 193 24 188 363262  3 12196673 263111 2.9 32 11 1 2 34% 317678 1833 57%
c - 7167.11 193 23 189 365200  3 12231104 180661 2.9 32 11 1 2 34% 317678 1833 57%
c d 7167.14 193 23 189 365200  3 12231104 180637 2.9 32 11 1 2 34% 317678 1832 57%
c p 7167.24 193 23 189 365200  3 12231104 180659 2.9 32 11 1 2 34% 317678 1832 57%
c u 7168.14 193 23 189 365200  3 12231104 180161 2.9 32 11 1 2 34% 317678 1832 57%
c s 7168.95 193 23 189 365200  3 12231104 180122 2.9 32 11 1 2 34% 317678 1832 57%
c s 7169.74 193 23 189 365200  3 12231104 180095 2.9 32 11 1 2 34% 317678 1832 57%
c W 7178.33 193 23 189 366302  3 12246372 193230 2.9 32 11 1 2 34% 317678 1832 57%
c - 7228.48 193 23 190 374793  3 12362426 187050 2.8 32 11 1 2 34% 317678 1832 57%
c 
c   seconds     reductions      conflicts           size   tier2       variables
c            MB       restarts          redundant      glue   trail         remaining
c             level          rate             size/glue  tier1  irredundant
c 
c p 7228.57 193 23 190 374793  3 12362426 187071 2.8 32 11 1 2 34% 317678 1832 57%
c u 7229.88 193 23 190 374793  3 12362426 186501 2.8 32 11 1 2 34% 317678 1832 57%
c v 7230.52 193 23 190 374793  3 12362426 186068 2.8 32 11 1 2 34% 317678 1832 57%
c F 7244.75 193 23 190 377698  3 12403373 222386 2.8 32 11 1 2 34% 317678 1832 57%
c } 7257.10 193 23 190 379931  3 12432225 247993 2.8 32 11 1 2 34% 317678 1832 57%
c [ 7257.10 193 36 190 379931  2 12432225 247993 2.7 54 20 2 3 36% 317678 1832 57%
c - 7275.53 193 26 191 379931  2 12494450 187235 2.8 44 16 2 3 36% 317678 1832 57%
c p 7275.65 193 26 191 379931  2 12494450 187257 2.8 44 16 2 3 36% 317678 1832 57%
c u 7276.49 193 26 191 379931  2 12494450 186873 2.8 44 16 2 3 36% 317678 1832 57%
c v 7276.98 193 26 191 379931  2 12494450 185538 2.8 44 16 2 3 36% 317678 1832 57%
c w 7276.99 193 26 191 379931  2 12494450 185538 2.8 44 16 2 3 36% 317678 1832 57%
c x 7277.12 193 26 191 379931  2 12494450 185538 2.8 44 16 2 3 36% 317678 1832 57%
c B 7297.66 193 21 191 379932  2 12561374 238949 3.1 43 14 2 3 37% 317678 1832 57%
c - 7312.95 193 29 192 379932  2 12627180 185317 2.9 50 17 2 3 37% 317678 1832 57%
c p 7313.05 193 29 192 379932  2 12627180 185339 2.9 50 17 2 3 37% 317678 1832 57%
c u 7314.28 193 29 192 379932  2 12627180 184930 2.9 50 17 2 3 37% 317678 1832 57%
c w 7314.29 193 29 192 379932  2 12627180 184930 2.9 50 17 2 3 37% 317678 1832 57%
c W 7341.02 193 33 192 379932  2 12720376 266711 2.7 53 19 2 3 36% 317678 1832 57%
c - 7350.48 193 34 193 379932  2 12760613 182008 2.7 55 20 2 3 36% 317678 1832 57%
c p 7350.57 193 34 193 379932  2 12760613 182031 2.7 55 20 2 3 36% 317678 1832 57%
c 
c   seconds     reductions      conflicts           size   tier2       variables
c            MB       restarts          redundant      glue   trail         remaining
c             level          rate             size/glue  tier1  irredundant
c 
c u 7351.30 193 34 193 379932  2 12760613 181663 2.7 55 20 2 3 36% 317678 1832 57%
c w 7351.31 193 34 193 379932  2 12760613 181663 2.7 55 20 2 3 36% 317678 1832 57%
c ] 7351.96 193 34 193 379932  2 12764095 184820 2.7 55 20 2 3 36% 317678 1832 57%
c { 7351.96 193 23 193 379932  3 12764095 184820 2.8 32 11 1 2 34% 317678 1832 57%
c s 7353.86 193 23 193 380203  3 12766641 187149 2.8 32 11 1 2 34% 317678 1832 57%
c s 7354.57 193 23 193 380203  3 12766641 187115 2.8 32 11 1 2 34% 317678 1832 57%
c B 7403.83 193 23 193 388752  3 12880377 286347 2.8 32 11 1 2 34% 317678 1832 57%
c - 7411.81 193 24 194 389992  3 12894748 186772 2.8 32 11 1 2 34% 317678 1832 57%
c p 7411.90 193 24 194 389992  3 12894748 186793 2.8 32 11 1 2 34% 317678 1832 57%
c u 7413.13 193 24 194 389992  3 12894748 186054 2.8 32 11 1 2 34% 317678 1832 57%
c v 7413.62 193 24 194 389992  3 12894748 184526 2.8 32 11 1 2 34% 317678 1832 57%
c w 7413.64 193 24 194 389992  3 12894748 184526 2.8 32 11 1 2 34% 317678 1832 57%
c } 7460.25 193 23 194 397959  3 13014825 290508 2.8 32 11 1 2 34% 317678 1832 57%
c [ 7460.25 193 34 194 397959  2 13014825 290508 2.7 55 20 2 3 36% 317678 1832 57%
c - 7464.27 193 32 195 397959  2 13029587 191858 2.8 53 19 2 3 36% 317678 1832 57%
c p 7464.38 193 32 195 397959  2 13029587 191881 2.8 53 19 2 3 36% 317678 1832 57%
c u 7465.57 193 32 195 397959  2 13029587 191275 2.8 53 19 2 3 36% 317678 1832 57%
c v 7466.15 193 32 195 397959  2 13029587 190941 2.8 53 19 2 3 36% 317678 1832 57%
c w 7466.17 193 32 195 397959  2 13029587 190940 2.8 53 19 2 3 36% 317678 1832 57%
c O 7467.72 193 34 195 397959  2 13041387 201914 2.9 54 19 2 3 37% 317678 1832 57%
c 
c   seconds     reductions      conflicts           size   tier2       variables
c            MB       restarts          redundant      glue   trail         remaining
c             level          rate             size/glue  tier1  irredundant
c 
c - 7494.97 194 37 196 398004  2 13165127 192258 2.7 55 20 2 3 37% 317678 1832 57%
c p 7495.08 194 37 196 398004  2 13165127 192279 2.7 55 20 2 3 37% 317678 1832 57%
c u 7497.13 194 37 196 398004  2 13165127 191945 2.7 55 20 2 3 37% 317678 1832 57%
c v 7497.53 194 37 196 398004  2 13165127 191679 2.7 55 20 2 3 37% 317678 1832 57%
c w 7497.55 194 37 196 398004  2 13165127 191679 2.7 55 20 2 3 37% 317678 1832 57%
c B 7505.35 194 37 196 398020  2 13203390 225163 2.7 55 20 2 3 37% 317678 1832 57%
c - 7531.68 194 36 197 398044  2 13301370 186934 2.7 56 21 2 3 37% 317678 1832 57%
c p 7531.79 194 36 197 398044  2 13301370 186954 2.7 56 21 2 3 37% 317678 1832 57%
c u 7532.72 194 36 197 398044  2 13301370 186462 2.7 56 21 2 3 37% 317678 1832 57%
c w 7532.74 194 36 197 398044  2 13301370 186462 2.7 56 21 2 3 37% 317678 1832 57%
c s 7536.85 194 36 197 398051  2 13317054 199765 2.7 55 21 2 3 36% 317678 1832 57%
c s 7537.77 194 36 197 398051  2 13317054 199722 2.7 55 21 2 3 36% 317678 1832 57%
c W 7556.09 194 36 197 398067  2 13366391 242688 2.6 55 21 2 3 35% 317678 1832 57%
c ] 7561.75 194 36 197 398080  2 13393720 266952 2.7 55 21 2 3 36% 317678 1832 57%
c { 7561.75 194 23 197 398080  3 13393720 266952 2.8 32 11 1 2 34% 317678 1832 57%
c - 7593.68 194 23 198 401579  3 13438316 189096 2.9 33 11 1 2 34% 317678 1832 57%
c p 7593.78 194 23 198 401579  3 13438316 189116 2.9 33 11 1 2 34% 317678 1832 57%
c u 7594.92 194 23 198 401579  3 13438316 188689 2.9 33 11 1 2 34% 317678 1832 57%
c v 7595.01 194 23 198 401579  3 13438316 188410 2.9 33 11 1 2 34% 317678 1832 57%
c w 7595.02 194 23 198 401579  3 13438316 188408 2.9 33 11 1 2 34% 317678 1832 57%
c 
c   seconds     reductions      conflicts           size   tier2       variables
c            MB       restarts          redundant      glue   trail         remaining
c             level          rate             size/glue  tier1  irredundant
c 
c W 7634.14 194 23 198 408011  3 13530393 269421 2.9 33 11 1 2 34% 317678 1832 57%
c - 7656.62 194 24 199 411706  3 13575968 195536 2.8 33 11 1 2 34% 317678 1832 57%
c p 7656.75 194 24 199 411706  3 13575968 195556 2.8 33 11 1 2 34% 317678 1832 57%
c u 7658.15 194 24 199 411706  3 13575968 194942 2.8 33 11 1 2 34% 317678 1832 57%
c v 7658.80 194 24 199 411706  3 13575968 194526 2.8 33 11 1 2 34% 317678 1832 57%
c } 7682.94 194 22 199 415813  3 13637488 247757 2.8 32 11 1 2 34% 317678 1832 57%
c [ 7682.94 194 36 199 415813  2 13637488 247757 2.7 55 21 2 3 36% 317678 1832 57%
c I 7698.71 194 27 199 415818  2 13695395 289551 2.7 44 17 2 3 36% 317678 1832 57%
c - 7703.14 194 28 200 415819  2 13714322 194776 2.6 45 17 2 3 36% 317678 1832 57%
c p 7703.23 194 28 200 415819  2 13714322 194797 2.6 45 17 2 3 36% 317678 1832 57%
c u 7704.33 194 28 200 415819  2 13714322 194410 2.6 45 17 2 3 36% 317678 1832 57%
c v 7704.53 194 28 200 415819  2 13714322 193586 2.6 45 17 2 3 36% 317678 1832 57%
c w 7704.55 194 28 200 415819  2 13714322 193585 2.6 45 17 2 3 36% 317678 1832 57%
c - 7737.31 194 33 201 415852  2 13853379 192137 2.3 46 20 2 3 34% 317678 1832 57%
c p 7737.42 194 33 201 415852  2 13853379 192158 2.3 46 20 2 3 34% 317678 1832 57%
c u 7738.32 194 33 201 415852  2 13853379 191758 2.3 46 20 2 3 34% 317678 1832 57%
c v 7738.32 194 33 201 415852  2 13853379 191756 2.3 46 20 2 3 34% 317678 1832 57%
c w 7738.33 194 33 201 415852  2 13853379 191756 2.3 46 20 2 3 34% 317678 1832 57%
c B 7739.71 194 33 201 415857  2 13861396 198718 2.3 46 20 2 3 34% 317678 1832 57%
c s 7744.53 194 34 201 415865  2 13882343 216786 2.4 48 20 2 3 35% 317678 1832 57%
c 
c   seconds     reductions      conflicts           size   tier2       variables
c            MB       restarts          redundant      glue   trail         remaining
c             level          rate             size/glue  tier1  irredundant
c 
c s 7745.37 194 34 201 415865  2 13882343 216779 2.4 48 20 2 3 35% 317678 1832 57%
c - 7774.13 194 35 202 415896  2 13993139 187933 2.3 50 21 2 3 36% 317678 1832 57%
c p 7774.24 194 35 202 415896  2 13993139 187955 2.3 50 21 2 3 36% 317678 1832 57%
c u 7775.34 194 35 202 415896  2 13993139 187662 2.3 50 21 2 3 36% 317678 1832 57%
c w 7775.36 194 35 202 415896  2 13993139 187662 2.3 50 21 2 3 36% 317678 1832 57%
c ] 7775.89 194 35 202 415897  2 13995168 189367 2.3 50 21 2 3 36% 317678 1832 57%
c { 7775.89 194 22 202 415897  3 13995168 189367 2.8 32 11 1 2 34% 317678 1832 57%
c # 7789.49 194 23 202 418405  3 14028397 218628 2.8 32 11 1 2 34% 317678 1832 57%
c - 7840.87 194 23 203 426740  3 14133604 195856 2.8 32 11 1 2 34% 317678 1832 57%
c p 7840.97 194 23 203 426740  3 14133604 195878 2.8 32 11 1 2 34% 317678 1832 57%
c u 7842.40 194 23 203 426740  3 14133604 195325 2.8 32 11 1 2 34% 317678 1832 57%
c v 7843.20 194 23 203 426740  3 14133604 194895 2.8 32 11 1 2 34% 317678 1832 57%
c w 7843.21 194 23 203 426740  3 14133604 194895 2.8 32 11 1 2 34% 317678 1832 57%
c B 7867.01 194 23 203 431249  3 14196398 250613 2.9 33 11 1 2 34% 317678 1832 57%
c } 7891.63 194 24 203 435478  3 14253507 301889 2.9 33 11 1 2 34% 317678 1832 57%
c [ 7891.63 194 35 203 435478  2 14253507 301889 2.3 50 21 2 3 36% 317678 1832 57%
c - 7896.72 194 36 204 435488  2 14274769 201818 2.4 51 21 2 3 36% 317678 1832 57%
c p 7896.82 194 36 204 435488  2 14274769 201837 2.4 51 21 2 3 36% 317678 1832 57%
c u 7898.04 194 36 204 435488  2 14274769 201347 2.4 51 21 2 3 36% 317678 1832 57%
c v 7898.66 194 36 204 435488  2 14274769 200955 2.4 51 21 2 3 36% 317678 1832 57%
c 
c   seconds     reductions      conflicts           size   tier2       variables
c            MB       restarts          redundant      glue   trail         remaining
c             level          rate             size/glue  tier1  irredundant
c 
c w 7898.67 194 36 204 435488  2 14274769 200952 2.4 51 21 2 3 36% 317678 1832 57%
c W 7928.82 194 37 204 435523  2 14365399 280324 2.5 54 21 2 3 36% 317678 1832 57%
c - 7945.97 194 39 205 435526  2 14416637 200935 2.4 53 22 2 3 36% 317678 1832 57%
c p 7946.06 194 39 205 435526  2 14416637 200957 2.4 53 22 2 3 36% 317678 1832 57%
c u 7946.96 194 39 205 435526  2 14416637 200636 2.4 53 22 2 3 36% 317678 1832 57%
c v 7947.45 194 39 205 435526  2 14416637 199521 2.4 53 22 2 3 36% 317678 1832 57%
c w 7947.46 194 39 205 435526  2 14416637 199521 2.4 53 22 2 3 36% 317678 1832 57%
c s 7957.21 194 37 205 435527  2 14462512 238510 2.4 52 22 2 3 35% 317678 1832 57%
c s 7957.97 194 37 205 435527  2 14462512 238497 2.4 52 22 2 3 35% 317678 1832 57%
c O 7974.98 194 36 205 435528  2 14535400 300345 2.5 54 22 2 3 35% 317678 1832 57%
c - 7980.21 194 36 206 435528  2 14559212 195434 2.6 55 21 2 3 35% 317678 1832 57%
c p 7980.32 194 36 206 435528  2 14559212 195455 2.6 55 21 2 3 35% 317678 1832 57%
c u 7981.31 194 36 206 435528  2 14559212 195200 2.6 55 21 2 3 35% 317678 1832 57%
c v 7981.31 194 36 206 435528  2 14559212 195199 2.6 55 21 2 3 35% 317678 1832 57%
c w 7981.33 194 36 206 435528  2 14559212 195198 2.6 55 21 2 3 35% 317678 1832 57%
c ] 7997.32 194 36 206 435535  2 14635937 261192 2.5 53 21 2 3 35% 317678 1832 57%
c { 7997.32 194 24 206 435535  3 14635937 261192 2.9 33 11 1 2 34% 317678 1832 57%
c - 8040.59 194 23 207 439714  3 14702489 199094 2.9 32 11 1 2 34% 317678 1832 57%
c p 8040.69 194 23 207 439714  3 14702489 199110 2.9 32 11 1 2 34% 317678 1832 57%
c u 8043.18 194 23 207 439714  3 14702489 198839 2.9 32 11 1 2 34% 317678 1832 57%
c 
c   seconds     reductions      conflicts           size   tier2       variables
c            MB       restarts          redundant      glue   trail         remaining
c             level          rate             size/glue  tier1  irredundant
c 
c v 8043.59 194 23 207 439714  3 14702489 197792 2.9 32 11 1 2 34% 317678 1832 57%
c w 8043.59 194 23 207 439714  3 14702489 197792 2.9 32 11 1 2 34% 317678 1832 57%
c W 8049.90 194 23 207 440165  3 14706404 201367 2.9 32 11 1 2 34% 317678 1832 57%
c - 8116.35 194 23 208 450906  3 14846467 205073 2.8 32 11 1 2 34% 317678 1832 57%
c p 8116.46 194 23 208 450906  3 14846467 205094 2.8 32 11 1 2 34% 317678 1832 57%
c u 8118.11 194 23 208 450906  3 14846467 204607 2.8 32 11 1 2 34% 317678 1832 57%
c v 8119.05 194 23 208 450906  3 14846467 204122 2.8 32 11 1 2 34% 317678 1832 57%
c w 8119.06 194 23 208 450906  3 14846467 204122 2.8 32 11 1 2 34% 317678 1832 57%
c F 8131.69 194 23 208 453386  3 14878405 232368 2.8 32 11 1 2 34% 317678 1832 57%
c } 8131.95 194 23 208 453457  3 14878825 232746 2.8 32 11 1 2 34% 317678 1832 57%
c [ 8131.95 194 36 208 453457  2 14878825 232746 2.5 53 21 2 3 35% 317678 1832 57%
c - 8172.31 194 22 209 453502  2 14991148 203679 2.8 39 14 2 3 35% 317678 1832 57%
c p 8172.42 194 22 209 453502  2 14991148 203699 2.8 39 14 2 3 35% 317678 1832 57%
c u 8173.84 194 22 209 453502  2 14991148 203206 2.8 39 14 2 3 35% 317678 1832 57%
c v 8173.85 194 22 209 453502  2 14991148 203206 2.8 39 14 2 3 35% 317678 1832 57%
c w 8173.86 194 22 209 453502  2 14991148 203200 2.8 39 14 2 3 35% 317678 1832 57%
c B 8186.98 194 28 209 453513  2 15051406 255979 2.6 45 17 2 3 35% 317678 1832 57%
c s 8189.14 194 29 209 453513  2 15057554 261404 2.7 46 17 2 3 35% 317678 1832 57%
c s 8190.07 194 29 209 453513  2 15057554 261364 2.7 46 17 2 3 35% 317678 1832 57%
c - 8210.04 194 32 210 453544  2 15136534 207057 2.6 50 19 2 3 34% 317678 1832 57%
c 
c   seconds     reductions      conflicts           size   tier2       variables
c            MB       restarts          redundant      glue   trail         remaining
c             level          rate             size/glue  tier1  irredundant
c 
c p 8210.15 194 32 210 453544  2 15136534 207075 2.6 50 19 2 3 34% 317678 1832 57%
c u 8211.23 194 32 210 453544  2 15136534 206790 2.6 50 19 2 3 34% 317678 1832 57%
c v 8211.74 194 32 210 453544  2 15136534 206518 2.6 50 19 2 3 34% 317678 1832 57%
c w 8211.75 194 32 210 453544  2 15136534 206518 2.6 50 19 2 3 34% 317678 1832 57%
c W 8239.75 194 34 210 453575  2 15225407 281618 2.4 50 21 2 3 34% 317678 1832 57%
c ] 8240.81 194 34 210 453575  2 15229169 284495 2.4 50 21 2 3 34% 317678 1832 57%
c { 8240.81 194 23 210 453575  3 15229169 284495 2.8 32 11 1 2 34% 317678 1832 57%
c - 8277.61 194 23 211 457564  3 15282623 207599 2.9 33 11 1 2 34% 317678 1832 57%
c p 8277.72 194 23 211 457564  3 15282623 207619 2.9 33 11 1 2 34% 317678 1832 57%
c u 8279.00 194 23 211 457564  3 15282623 207240 2.9 33 11 1 2 34% 317678 1832 57%
c v 8279.25 194 23 211 457564  3 15282623 206563 2.9 33 11 1 2 34% 317678 1832 57%
c w 8279.26 194 23 211 457564  3 15282623 206563 2.9 33 11 1 2 34% 317678 1832 57%
c B 8329.65 194 22 211 465136  3 15400412 309647 2.9 32 11 1 2 33% 317678 1832 57%
c - 8346.78 194 23 212 468033  3 15429418 212358 2.8 32 11 1 2 33% 317678 1832 57%
c p 8346.88 194 23 212 468033  3 15429418 212377 2.8 32 11 1 2 33% 317678 1832 57%
c u 8348.42 194 23 212 468033  3 15429418 211949 2.8 32 11 1 2 33% 317678 1832 57%
c v 8348.99 194 23 212 468033  3 15429418 210280 2.8 32 11 1 2 33% 317678 1832 57%
c } 8370.79 194 22 212 471975  3 15477931 252185 2.8 32 11 1 2 34% 317678 1832 57%
c [ 8370.79 194 34 212 471975  2 15477931 252185 2.4 50 21 2 3 34% 317678 1832 57%
c I 8408.47 194 22 212 471977  2 15576415 323039 2.6 38 15 2 3 35% 317678 1832 57%
c 
c   seconds     reductions      conflicts           size   tier2       variables
c            MB       restarts          redundant      glue   trail         remaining
c             level          rate             size/glue  tier1  irredundant
c 
c - 8408.75 194 22 213 471977  2 15576913 210694 2.6 38 15 2 3 35% 317678 1832 57%
c p 8408.86 194 22 213 471977  2 15576913 210713 2.6 38 15 2 3 35% 317678 1832 57%
c u 8410.66 194 22 213 471977  2 15576913 210295 2.6 38 15 2 3 35% 317678 1832 57%
c v 8410.67 194 22 213 471977  2 15576913 210290 2.6 38 15 2 3 35% 317678 1832 57%
c w 8410.69 194 22 213 471977  2 15576913 210289 2.6 38 15 2 3 35% 317678 1832 57%
c s 8432.62 194 30 213 472011  2 15667473 285738 2.3 44 19 2 3 34% 317678 1832 57%
c s 8433.52 194 30 213 472011  2 15667473 285732 2.3 44 19 2 3 34% 317678 1832 57%
c - 8452.37 194 32 214 472038  2 15725114 209755 2.4 47 19 2 3 35% 317678 1832 57%
c p 8452.49 194 32 214 472038  2 15725114 209775 2.4 47 19 2 3 35% 317678 1832 57%
c u 8453.72 194 32 214 472038  2 15725114 208494 2.4 47 19 2 3 35% 317678 1832 57%
c w 8453.74 194 32 214 472038  2 15725114 208491 2.4 47 19 2 3 35% 317678 1832 57%
c B 8461.35 194 29 214 472040  2 15753416 230920 2.5 45 18 2 3 36% 317678 1832 57%
c ] 8479.00 194 35 214 472065  2 15829543 297592 2.5 51 21 2 3 36% 317678 1832 57%
c { 8479.00 194 22 214 472065  3 15829543 297592 2.8 32 11 1 2 34% 317678 1832 57%
c - 8510.91 194 22 215 475096  3 15874017 209535 2.8 32 11 1 2 34% 317678 1832 57%
c p 8511.03 194 22 215 475096  3 15874017 209552 2.8 32 11 1 2 34% 317678 1832 57%
c u 8512.29 194 22 215 475096  3 15874017 207805 2.8 32 11 1 2 34% 317678 1832 57%
c v 8512.30 194 22 215 475096  3 15874017 207802 2.8 32 11 1 2 34% 317678 1832 57%
c W 8547.64 194 22 215 479379  3 15931419 258042 2.8 32 11 1 2 34% 317678 1832 57%
c - 8592.39 194 22 216 485463  3 16023622 214201 2.8 32 11 1 2 34% 317678 1832 57%
c 
c   seconds     reductions      conflicts           size   tier2       variables
c            MB       restarts          redundant      glue   trail         remaining
c             level          rate             size/glue  tier1  irredundant
c 
c p 8592.49 194 22 216 485463  3 16023622 214219 2.8 32 11 1 2 34% 317678 1832 57%
c u 8594.28 194 22 216 485463  3 16023622 211602 2.8 32 11 1 2 34% 317678 1832 57%
c v 8595.20 194 22 216 485463  3 16023622 209975 2.8 32 11 1 2 34% 317678 1832 57%
c w 8595.22 194 22 216 485463  3 16023622 209975 2.8 32 11 1 2 34% 317678 1832 57%
c } 8624.89 194 22 216 490264  3 16091949 269625 2.8 32 11 1 2 34% 317678 1832 57%
c [ 8624.90 194 35 216 490264  2 16091949 269625 2.5 51 21 2 3 36% 317678 1832 57%
c W 8633.53 194 33 216 490270  2 16110420 285229 2.5 49 19 2 3 36% 317678 1832 57%
c - 8648.42 194 36 217 490294  2 16173932 214846 2.7 53 20 2 3 38% 317678 1832 57%
c p 8648.55 194 36 217 490294  2 16173932 214866 2.7 53 20 2 3 38% 317678 1832 57%
c u 8649.92 194 36 217 490294  2 16173932 213169 2.7 53 20 2 3 38% 317678 1832 57%
c v 8650.61 194 36 217 490294  2 16173932 212423 2.7 53 20 2 3 38% 317678 1832 57%
c w 8650.62 194 36 217 490294  2 16173932 212423 2.7 53 20 2 3 38% 317678 1832 57%
c O 8679.22 194 36 217 490303  2 16290423 309006 2.5 53 21 2 3 36% 317678 1832 57%
c s 8680.43 194 36 217 490303  2 16292272 310757 2.5 54 21 2 3 36% 317678 1832 57%
c s 8681.39 194 36 217 490303  2 16292272 310740 2.5 54 21 2 3 36% 317678 1832 57%
c - 8689.56 194 36 218 490304  2 16324944 210543 2.6 55 21 2 3 36% 317678 1832 57%
c p 8689.66 194 36 218 490304  2 16324944 210563 2.6 55 21 2 3 36% 317678 1832 57%
c u 8690.80 194 36 218 490304  2 16324944 209062 2.6 55 21 2 3 36% 317678 1832 57%
c v 8690.81 194 36 218 490304  2 16324944 209062 2.6 55 21 2 3 36% 317678 1832 57%
c B 8726.54 194 36 218 490305  2 16471425 338421 2.8 58 21 2 3 36% 317678 1832 57%
c 
c   seconds     reductions      conflicts           size   tier2       variables
c            MB       restarts          redundant      glue   trail         remaining
c             level          rate             size/glue  tier1  irredundant
c 
c - 8727.35 194 37 219 490305  2 16476663 207538 2.8 59 21 2 3 37% 317678 1832 57%
c p 8727.47 194 37 219 490305  2 16476663 207558 2.8 59 21 2 3 37% 317678 1832 57%
c u 8730.72 194 37 219 490305  2 16476663 205757 2.8 59 21 2 3 37% 317678 1832 57%
c v 8730.75 194 37 219 490305  2 16476663 205738 2.8 59 21 2 3 37% 317678 1832 57%
c w 8730.78 194 37 219 490305  2 16476663 205728 2.8 59 21 2 3 37% 317678 1832 57%
c ] 8738.16 194 38 219 490305  2 16515441 240862 2.8 59 21 2 3 37% 317678 1832 57%
c { 8738.16 194 22 219 490305  3 16515441 240862 2.8 32 11 1 2 34% 317678 1832 57%
c - 8802.81 199 23 220 498585  3 16629084 212385 2.9 32 11 1 2 34% 317678 1832 57%
c p 8802.93 199 23 220 498585  3 16629084 212402 2.9 32 11 1 2 34% 317678 1832 57%
c u 8804.70 199 23 220 498585  3 16629084 209641 2.9 32 11 1 2 34% 317678 1832 57%
c v 8805.61 199 23 220 498585  3 16629084 209228 2.9 32 11 1 2 34% 317678 1832 57%
c w 8805.62 199 23 220 498585  3 16629084 209227 2.9 32 11 1 2 34% 317678 1832 57%
c # 8815.81 199 22 220 499988  3 16653428 229666 2.9 32 11 1 2 34% 317678 1832 57%
c } 8881.28 199 22 220 509755  3 16780655 341020 2.9 32 11 1 2 34% 317678 1832 57%
c [ 8881.28 199 38 220 509755  2 16780655 341020 2.8 59 21 2 3 37% 317678 1832 57%
c - 8882.01 199 38 221 509755  2 16782205 215778 2.8 58 21 2 3 37% 317678 1832 57%
c p 8882.13 199 38 221 509755  2 16782205 215797 2.8 58 21 2 3 37% 317678 1832 57%
c u 8883.81 199 38 221 509755  2 16782205 213662 2.8 58 21 2 3 37% 317678 1832 57%
c v 8884.82 199 38 221 509755  2 16782205 212198 2.8 58 21 2 3 37% 317678 1832 57%
c w 8884.83 199 38 221 509755  2 16782205 212197 2.8 58 21 2 3 37% 317678 1832 57%
c 
c   seconds     reductions      conflicts           size   tier2       variables
c            MB       restarts          redundant      glue   trail         remaining
c             level          rate             size/glue  tier1  irredundant
c 
c W 8905.63 199 38 221 509755  2 16836430 261447 2.8 58 21 2 3 36% 317678 1832 57%
c s 8927.86 199 37 221 509755  2 16931941 346606 2.8 58 21 2 3 35% 317678 1832 57%
c s 8928.51 199 37 221 509755  2 16931941 346529 2.8 58 21 2 3 35% 317675 1832 57%
c - 8929.71 199 37 222 509755  2 16936039 213375 2.8 58 21 2 3 35% 317675 1832 57%
c p 8929.82 199 37 222 509755  2 16936039 213395 2.8 58 21 2 3 35% 317675 1832 57%
c u 8930.88 199 37 222 509755  2 16936039 212311 2.8 58 21 2 3 35% 317675 1832 57%
c v 8931.40 199 37 222 509755  2 16936039 211797 2.8 58 21 2 3 35% 317675 1832 57%
c w 8931.41 199 37 222 509755  2 16936039 211797 2.8 58 21 2 3 35% 317675 1832 57%
c I 8947.21 199 37 222 509756  2 17020431 285401 2.7 53 20 2 3 35% 317675 1832 57%
c - 8966.26 135 38 223 509756  2 17090567 204737 2.4 52 22 2 3 35% 317675 1832 57%
c p 8966.37 135 38 223 509756  2 17090567 204756 2.4 52 22 2 3 35% 317675 1832 57%
c u 8967.31 138 38 223 509756  2 17090567 203190 2.4 52 22 2 3 35% 317675 1832 57%
c v 8967.32 138 38 223 509756  2 17090567 203178 2.4 52 22 2 3 35% 317675 1832 57%
c w 8967.35 138 38 223 509756  2 17090567 203176 2.4 52 22 2 3 35% 317675 1832 57%
c B 8994.99 138 35 223 509756  2 17205436 303492 2.6 53 21 2 3 34% 317675 1832 57%
c ] 9002.52 138 37 223 509756  2 17240434 334728 2.7 56 20 2 3 37% 317675 1832 57%
c { 9002.52 138 22 223 509756  3 17240434 334728 2.9 32 11 1 2 34% 317675 1832 57%
c - 9009.05 176 23 224 510516  3 17245799 205337 2.8 32 11 1 2 34% 317675 1832 57%
c p 9009.16 176 23 224 510516  3 17245799 205356 2.8 32 11 1 2 34% 317675 1832 57%
c u 9009.97 176 23 224 510516  3 17245799 204391 2.8 32 11 1 2 34% 317675 1832 57%
c 
c   seconds     reductions      conflicts           size   tier2       variables
c            MB       restarts          redundant      glue   trail         remaining
c             level          rate             size/glue  tier1  irredundant
c 
c v 9010.05 176 23 224 510516  3 17245799 204328 2.8 32 11 1 2 34% 317675 1832 57%
c w 9010.06 176 23 224 510516  3 17245799 204328 2.8 32 11 1 2 34% 317675 1832 57%
c x 9010.16 176 23 224 510516  3 17245799 204328 2.8 32 11 1 2 34% 317675 1832 57%
c B 9077.10 176 23 224 521290  3 17391437 331928 2.9 33 11 1 2 34% 317675 1832 57%
c - 9082.77 176 23 225 522014  3 17401735 212446 2.9 33 11 1 2 34% 317675 1832 57%
c p 9082.88 176 23 225 522014  3 17401735 212465 2.9 33 11 1 2 34% 317675 1832 57%
c u 9084.60 176 23 225 522014  3 17401735 209085 2.9 33 11 1 2 34% 317675 1832 57%
c v 9085.64 176 23 225 522014  3 17401735 208622 2.9 33 11 1 2 34% 317675 1832 57%
c w 9085.65 176 23 225 522014  3 17401735 208622 2.9 33 11 1 2 34% 317675 1832 57%
c } 9142.58 176 23 225 531477  3 17527700 319218 2.9 33 11 1 2 34% 317675 1832 57%
c [ 9142.58 176 37 225 531477  2 17527700 319218 2.7 56 20 2 3 37% 317675 1832 57%
c - 9151.98 179 38 226 531477  2 17558373 216397 2.7 54 20 2 3 37% 317675 1832 57%
c p 9152.09 179 38 226 531477  2 17558373 216416 2.7 54 20 2 3 37% 317675 1832 57%
c u 9153.71 179 38 226 531477  2 17558373 214320 2.7 54 20 2 3 37% 317675 1832 57%
c v 9154.58 179 38 226 531477  2 17558373 213762 2.7 54 20 2 3 37% 317675 1832 57%
c w 9154.60 179 38 226 531477  2 17558373 213761 2.7 54 20 2 3 37% 317675 1832 57%
c W 9170.55 179 35 226 531477  2 17578443 230351 2.7 51 19 2 3 37% 317675 1832 57%
c s 9172.99 179 35 226 531477  2 17586485 237757 2.8 52 19 2 3 37% 317675 1832 57%
c s 9174.03 179 35 226 531477  2 17586485 237712 2.8 52 19 2 3 37% 317675 1832 57%
c - 9207.43 199 36 227 531477  2 17715715 214260 2.6 56 21 2 3 36% 317675 1832 57%
c 
c   seconds     reductions      conflicts           size   tier2       variables
c            MB       restarts          redundant      glue   trail         remaining
c             level          rate             size/glue  tier1  irredundant
c 
c p 9207.54 199 36 227 531477  2 17715715 214279 2.6 56 21 2 3 36% 317675 1832 57%
c u 9209.06 199 36 227 531477  2 17715715 212795 2.6 56 21 2 3 36% 317675 1832 57%
c v 9209.81 199 36 227 531477  2 17715715 211548 2.6 56 21 2 3 36% 317675 1832 57%
c w 9209.84 199 36 227 531477  2 17715715 211548 2.6 56 21 2 3 36% 317675 1832 57%
c O 9221.17 199 36 227 531477  2 17766445 256558 2.7 57 21 2 3 35% 317675 1832 57%
c - 9251.06 199 35 228 531478  2 17873761 209749 2.8 59 21 2 3 35% 317675 1832 57%
c p 9251.20 199 35 228 531478  2 17873761 209769 2.8 59 21 2 3 35% 317675 1832 57%
c u 9252.60 199 35 228 531478  2 17873761 208166 2.8 59 21 2 3 35% 317675 1832 57%
c v 9252.61 199 35 228 531478  2 17873761 208158 2.8 59 21 2 3 35% 317675 1832 57%
c w 9252.63 199 35 228 531478  2 17873761 208158 2.8 59 21 2 3 35% 317675 1832 57%
c B 9268.07 199 37 228 531478  3 17955447 282226 3.0 62 21 2 3 36% 317675 1832 57%
c ] 9269.86 199 38 228 531478  3 17965518 291428 3.0 62 21 2 3 37% 317675 1832 57%
c { 9269.86 199 23 228 531478  3 17965518 291428 2.9 33 11 1 2 34% 317675 1832 57%
c - 9322.17 199 23 229 536885  3 18032513 212923 2.8 32 11 1 2 33% 317675 1832 57%
c p 9322.29 199 23 229 536885  3 18032513 212943 2.8 32 11 1 2 33% 317675 1832 57%
c u 9323.79 199 23 229 536885  3 18032513 211022 2.8 32 11 1 2 33% 317675 1832 57%
c v 9324.60 199 23 229 536885  3 18032513 210626 2.8 32 11 1 2 33% 317675 1832 57%
c w 9324.61 199 23 229 536885  3 18032513 210626 2.8 32 11 1 2 33% 317675 1832 57%
c W 9383.60 199 22 229 545224  3 18145448 307280 2.8 32 11 1 2 34% 317675 1832 57%
c - 9409.93 199 23 230 549112  4 18191965 216815 2.8 32 11 1 2 34% 317675 1832 57%
c 
c   seconds     reductions      conflicts           size   tier2       variables
c            MB       restarts          redundant      glue   trail         remaining
c             level          rate             size/glue  tier1  irredundant
c 
c p 9410.04 199 23 230 549112  4 18191965 216833 2.8 32 11 1 2 34% 317675 1832 57%
c u 9411.87 199 23 230 549112  4 18191965 213895 2.8 32 11 1 2 34% 317675 1832 57%
c v 9412.93 199 23 230 549112  4 18191965 211798 2.8 32 11 1 2 34% 317675 1832 57%
c w 9412.94 199 23 230 549112  4 18191965 211798 2.8 32 11 1 2 34% 317675 1832 57%
c } 9433.43 199 23 230 552552  3 18245868 258309 2.8 32 11 1 2 34% 317675 1832 57%
c [ 9433.43 199 38 230 552552  3 18245868 258309 3.0 62 21 2 3 37% 317675 1832 57%
c s 9436.35 199 38 230 552552  3 18255906 266530 2.9 61 21 2 3 36% 317675 1832 57%
c s 9437.27 199 38 230 552552  3 18255906 266516 2.9 61 21 2 3 36% 317675 1832 57%
c W 9457.14 199 38 230 552552  2 18336450 340260 3.0 61 20 2 3 37% 317675 1832 57%
c - 9461.25 199 38 231 552552  3 18352121 218216 3.0 61 21 2 3 37% 317675 1832 57%
c p 9461.37 199 38 231 552552  3 18352121 218236 3.0 61 21 2 3 37% 317675 1832 57%
c u 9462.56 199 38 231 552552  3 18352121 216904 3.0 61 21 2 3 37% 317675 1832 57%
c v 9463.40 199 38 231 552552  3 18352121 216030 3.0 61 21 2 3 37% 317675 1832 57%
c w 9463.42 199 38 231 552552  3 18352121 216029 3.0 61 21 2 3 37% 317675 1832 57%
c - 9499.93 199 35 232 552552  3 18512983 216417 2.9 57 20 2 3 35% 317675 1832 57%
c p 9500.04 199 35 232 552552  3 18512983 216437 2.9 57 20 2 3 35% 317675 1832 57%
c u 9501.64 199 35 232 552552  3 18512983 215016 2.9 57 20 2 3 35% 317675 1832 57%
c v 9502.19 199 35 232 552552  3 18512983 214746 2.9 57 20 2 3 35% 317675 1832 57%
c w 9502.21 199 35 232 552552  3 18512983 214743 2.9 57 20 2 3 35% 317675 1832 57%
c I 9505.14 199 35 232 552552  3 18528452 228997 2.9 57 20 2 3 34% 317675 1832 57%
c 
c   seconds     reductions      conflicts           size   tier2       variables
c            MB       restarts          redundant      glue   trail         remaining
c             level          rate             size/glue  tier1  irredundant
c 
c - 9540.72 199 35 233 552552  2 18674547 209176 2.3 49 21 2 3 33% 317675 1832 57%
c p 9540.83 199 35 233 552552  2 18674547 209195 2.3 49 21 2 3 33% 317675 1832 57%
c u 9542.32 199 35 233 552552  2 18674547 207601 2.3 49 21 2 3 33% 317675 1832 57%
c v 9542.32 199 35 233 552552  2 18674547 207600 2.3 49 21 2 3 33% 317675 1832 57%
c w 9542.35 199 35 233 552552  2 18674547 207600 2.3 49 21 2 3 33% 317675 1832 57%
c B 9551.02 199 37 233 552552  2 18721453 249239 2.4 52 22 2 3 34% 317675 1832 57%
c ] 9552.30 199 39 233 552552  2 18733129 260033 2.5 55 22 2 3 35% 317675 1832 57%
c { 9552.30 199 23 233 552552  3 18733129 260033 2.8 32 11 1 2 34% 317675 1832 57%
c - 9614.64 199 23 234 559526  3 18836814 213972 3.0 32 11 1 2 34% 317675 1832 57%
c p 9614.75 199 23 234 559526  3 18836814 213991 3.0 32 11 1 2 34% 317675 1832 57%
c u 9616.50 199 23 234 559526  3 18836814 211550 3.0 32 11 1 2 34% 317675 1832 57%
c v 9617.34 199 23 234 559526  3 18836814 211175 3.0 32 11 1 2 34% 317675 1832 57%
c w 9617.35 199 23 234 559526  3 18836814 211175 3.0 32 11 1 2 34% 317675 1832 57%
c F 9654.90 199 24 234 566182  3 18915454 279853 2.9 33 11 1 2 34% 317675 1832 57%
c s 9668.72 199 23 234 568104  3 18940201 301332 2.9 33 11 1 2 34% 317675 1832 57%
c s 9668.95 199 23 234 568104  3 18940201 301332 2.9 33 11 1 2 34% 317675 1832 57%
c - 9703.82 199 22 235 572639  3 18999784 219100 2.9 32 11 1 2 35% 317675 1832 57%
c p 9703.93 199 22 235 572639  3 18999784 219122 2.9 32 11 1 2 35% 317675 1832 57%
c u 9705.91 199 22 235 572639  3 18999784 216256 2.9 32 11 1 2 35% 317675 1832 57%
c v 9706.91 199 22 235 572639  3 18999784 215025 2.9 32 11 1 2 35% 317675 1832 57%
c 
c   seconds     reductions      conflicts           size   tier2       variables
c            MB       restarts          redundant      glue   trail         remaining
c             level          rate             size/glue  tier1  irredundant
c 
c } 9715.12 199 23 235 574462  4 19016404 229921 2.9 33 11 1 2 34% 317675 1832 57%
c [ 9715.12 199 39 235 574462  2 19016404 229921 2.5 55 22 2 3 35% 317675 1832 57%
c W 9766.31 199 23 235 574462  2 19110455 297665 2.8 41 15 2 3 39% 317675 1832 57%
c - 9784.30 199 21 236 574462  1 19163456 214333 2.9 41 14 2 3 38% 317675 1832 57%
c p 9784.44 199 21 236 574462  1 19163456 214354 2.9 41 14 2 3 38% 317675 1832 57%
c u 9786.39 199 21 236 574462  1 19163456 212171 2.9 41 14 2 3 38% 317675 1832 57%
c v 9786.53 199 21 236 574462  1 19163456 211777 2.9 41 14 2 3 38% 317675 1832 57%
c w 9786.55 199 21 236 574462  1 19163456 211774 2.9 41 14 2 3 38% 317675 1832 57%
c O 9815.87 199 34 236 574462  2 19306457 334474 2.6 54 21 2 3 36% 317675 1832 57%
c - 9820.06 199 35 237 574462  2 19327833 210394 2.6 54 21 2 3 36% 317675 1832 57%
c p 9820.19 199 35 237 574462  2 19327833 210414 2.6 54 21 2 3 36% 317675 1832 57%
c u 9821.23 199 35 237 574462  2 19327833 209438 2.6 54 21 2 3 36% 317675 1832 57%
c v 9821.24 199 35 237 574462  2 19327833 209436 2.6 54 21 2 3 36% 317675 1832 57%
c w 9821.25 199 35 237 574462  2 19327833 209436 2.6 54 21 2 3 36% 317675 1832 57%
c ] 9850.97 199 37 237 574487  2 19470022 334029 2.6 55 21 2 3 35% 317675 1832 57%
c { 9850.97 199 23 237 574487  4 19470022 334029 2.9 33 11 1 2 34% 317675 1832 57%
c - 9871.45 214 23 238 576154  4 19492912 208220 2.9 33 11 1 2 34% 317675 1832 57%
c p 9871.57 214 23 238 576154  4 19492912 208240 2.9 33 11 1 2 34% 317675 1832 57%
c u 9872.97 214 23 238 576154  4 19492912 206472 2.9 33 11 1 2 34% 317675 1832 57%
c v 9872.97 214 23 238 576154  4 19492912 206471 2.9 33 11 1 2 34% 317675 1832 57%
c 
c   seconds     reductions      conflicts           size   tier2       variables
c            MB       restarts          redundant      glue   trail         remaining
c             level          rate             size/glue  tier1  irredundant
c 
c w 9872.98 214 23 238 576154  4 19492912 206470 2.9 33 11 1 2 34% 317675 1832 57%
c B 9876.64 214 23 238 576832  4 19503458 215852 2.9 33 11 1 2 34% 317675 1832 57%
c s 9943.97 214 23 238 587138  3 19639372 334794 2.9 33 11 1 2 34% 317675 1832 57%
c s 9944.85 214 23 238 587138  3 19639372 334667 2.9 33 11 1 2 34% 317671 1832 57%
c - 9955.51 214 23 239 588293  3 19658695 216461 2.9 33 11 1 2 34% 317671 1832 57%
c p 9955.65 214 23 239 588293  3 19658695 216482 2.9 33 11 1 2 34% 317671 1832 57%
c u 9957.54 214 23 239 588293  3 19658695 213017 2.9 33 11 1 2 34% 317671 1832 57%
c v 9958.55 214 23 239 588293  3 19658695 212551 2.9 33 11 1 2 34% 317671 1832 57%
c w 9958.56 214 23 239 588293  3 19658695 212551 2.9 33 11 1 2 34% 317671 1832 57%
c W 9984.27 214 23 239 591449  3 19701459 249929 2.9 33 11 1 2 34% 317671 1832 57%
c } 10020.71 214 22 239 597168  3 19783097 319580 2.9 32 11 1 2 34% 317671 1832 57%
c [ 10020.71 214 37 239 597168  2 19783097 319580 2.6 55 21 2 3 35% 317671 1832 57%
c - 10033.74 214 29 240 597180  2 19825188 217749 2.6 46 18 2 3 36% 317671 1832 57%
c p 10033.85 214 29 240 597180  2 19825188 217769 2.6 46 18 2 3 36% 317671 1832 57%
c u 10035.57 214 29 240 597180  2 19825188 216132 2.6 46 18 2 3 36% 317671 1832 57%
c v 10036.46 214 29 240 597180  2 19825188 214541 2.6 46 18 2 3 36% 317671 1832 57%
c w 10036.46 214 29 240 597180  2 19825188 214541 2.6 46 18 2 3 36% 317671 1832 57%
c B 10057.47 214 23 240 597205  2 19900460 273908 2.9 43 15 2 3 37% 317671 1832 57%
c - 10083.20 214 28 241 597236  2 19992379 215512 2.9 49 17 2 3 38% 317671 1832 57%
c p 10083.31 214 28 241 597236  2 19992379 215533 2.9 49 17 2 3 38% 317671 1832 57%
c 
c   seconds      reductions      conflicts           size   tier2       variables
c             MB       restarts          redundant      glue   trail         remaining
c              level          rate             size/glue  tier1  irredundant
c 
c u 10084.57 214 28 241 597236  2 19992379 213927 2.9 49 17 2 3 38% 317671 1832 57%
c v 10085.26 214 28 241 597236  2 19992379 212291 2.9 49 17 2 3 38% 317671 1832 57%
c w 10085.28 214 28 241 597236  2 19992379 212290 2.9 49 17 2 3 38% 317671 1832 57%
c W 10114.10 214 36 241 597269  2 20100461 307366 2.8 56 20 2 3 37% 317671 1832 57%
c - 10130.03 214 37 242 597270  2 20160276 212655 2.8 58 20 2 3 38% 317671 1832 57%
c p 10130.14 214 37 242 597270  2 20160276 212676 2.8 58 20 2 3 38% 317671 1832 57%
c u 10131.09 214 37 242 597270  2 20160276 211950 2.8 58 20 2 3 38% 317671 1832 57%
c v 10131.10 214 37 242 597270  2 20160276 211944 2.8 58 20 2 3 38% 317671 1832 57%
c w 10131.13 214 37 242 597270  2 20160276 211942 2.8 58 20 2 3 38% 317671 1832 57%
c x 10131.25 214 37 242 597270  2 20160276 211941 2.8 58 20 2 3 38% 317671 1832 57%
c ] 10155.02 214 36 242 597300  2 20265296 298819 2.5 53 21 2 3 37% 317671 1832 57%
c { 10155.02 214 22 242 597300  3 20265296 298819 2.9 32 11 1 2 34% 317671 1832 57%
c # 10181.46 214 22 242 600500  3 20301463 330295 2.8 32 11 1 2 34% 317671 1832 57%
c - 10202.34 214 22 243 602622  3 20328876 214063 2.8 32 11 1 2 34% 317671 1832 57%
c p 10202.46 214 22 243 602622  3 20328876 214083 2.8 32 11 1 2 34% 317671 1832 57%
c u 10204.25 214 22 243 602622  3 20328876 211323 2.8 32 11 1 2 34% 317671 1832 57%
c s 10216.07 214 23 243 604960  4 20353419 232909 2.8 32 11 1 2 34% 317671 1832 57%
c s 10216.97 214 23 243 604960  4 20353419 232902 2.8 32 11 1 2 34% 317671 1832 57%
c - 10291.33 214 23 244 615942  3 20498175 221516 2.9 32 11 1 2 34% 317671 1832 57%
c p 10291.45 214 23 244 615942  3 20498175 221535 2.9 32 11 1 2 34% 317671 1832 57%
c 
c   seconds      reductions      conflicts           size   tier2       variables
c             MB       restarts          redundant      glue   trail         remaining
c              level          rate             size/glue  tier1  irredundant
c 
c u 10293.52 214 23 244 615942  3 20498175 218914 2.9 32 11 1 2 34% 317671 1832 57%
c v 10294.58 214 23 244 615942  3 20498175 218427 2.9 32 11 1 2 34% 317671 1832 57%
c w 10294.58 214 23 244 615942  3 20498175 218427 2.9 32 11 1 2 34% 317671 1832 57%
c B 10296.25 214 22 244 616067  3 20503464 222646 2.9 32 11 1 2 34% 317671 1832 57%
c } 10325.96 214 23 244 621353  3 20569742 281377 2.9 33 11 1 2 34% 317671 1832 57%
c [ 10325.96 214 36 244 621353  2 20569742 281377 2.5 53 21 2 3 37% 317671 1832 57%
c - 10364.47 214 25 245 621385  2 20668183 220427 2.7 42 16 2 3 38% 317671 1832 57%
c p 10364.58 214 25 245 621385  2 20668183 220448 2.7 42 16 2 3 38% 317671 1832 57%
c u 10366.39 214 25 245 621385  2 20668183 217895 2.7 42 16 2 3 38% 317671 1832 57%
c v 10367.23 214 25 245 621385  2 20668183 215259 2.7 42 16 2 3 38% 317671 1832 57%
c w 10367.24 214 25 245 621385  2 20668183 215258 2.7 42 16 2 3 38% 317671 1832 57%
c I 10377.23 214 24 245 621389  2 20706467 247655 2.7 42 15 2 3 37% 317671 1832 57%
c - 10409.42 214 33 246 621445  2 20838893 216185 2.4 47 20 2 3 36% 317671 1832 57%
c p 10409.55 214 33 246 621445  2 20838893 216206 2.4 47 20 2 3 36% 317671 1832 57%
c u 10412.60 214 33 246 621445  2 20838893 214981 2.4 47 20 2 3 36% 317671 1832 57%
c w 10412.61 214 33 246 621445  2 20838893 214981 2.4 47 20 2 3 36% 317671 1832 57%
c B 10426.73 214 34 246 621450  2 20910469 275734 2.4 49 20 2 3 35% 317671 1832 57%
c - 10448.96 214 39 247 621451  2 21010304 212741 3.0 62 21 2 3 38% 317671 1832 57%
c p 10449.10 214 39 247 621451  2 21010304 212760 3.0 62 21 2 3 38% 317671 1832 57%
c u 10450.33 214 39 247 621451  2 21010304 211511 3.0 62 21 2 3 38% 317671 1832 57%
c 
c   seconds      reductions      conflicts           size   tier2       variables
c             MB       restarts          redundant      glue   trail         remaining
c              level          rate             size/glue  tier1  irredundant
c 
c v 10450.33 214 39 247 621451  2 21010304 211511 3.0 62 21 2 3 38% 317671 1832 57%
c w 10450.34 214 39 247 621451  2 21010304 211511 3.0 62 21 2 3 38% 317671 1832 57%
c ] 10462.23 214 39 247 621451  2 21075657 270618 3.1 62 20 2 3 39% 317671 1832 57%
c { 10462.23 214 23 247 621451  3 21075657 270618 2.9 33 11 1 2 34% 317671 1832 57%
c W 10500.69 214 23 247 624128  3 21115479 305949 2.9 33 11 1 2 34% 317671 1832 57%
c - 10545.34 214 23 248 628660  3 21182421 218842 2.9 33 11 1 2 34% 317671 1832 57%
c p 10545.47 214 23 248 628660  3 21182421 218861 2.9 33 11 1 2 34% 317671 1832 57%
c u 10547.23 214 23 248 628660  3 21182421 215564 2.9 33 11 1 2 34% 317671 1832 57%
c v 10548.06 214 23 248 628660  3 21182421 215212 2.9 33 11 1 2 34% 317671 1832 57%
c F 10613.38 214 23 248 639449  3 21321481 337388 2.9 33 11 1 2 34% 317671 1832 57%
c s 10618.04 214 23 248 640106  3 21327347 342592 2.9 33 11 1 2 34% 317671 1832 57%
c s 10619.09 214 23 248 640106  3 21327347 342560 2.9 33 11 1 2 34% 317671 1832 57%
c - 10636.91 214 23 249 642364  3 21355238 225106 2.9 33 11 1 2 34% 317671 1832 57%
c p 10637.02 214 23 249 642364  3 21355238 225128 2.9 33 11 1 2 34% 317671 1832 57%
c u 10638.84 214 23 249 642364  3 21355238 222572 2.9 33 11 1 2 34% 317671 1832 57%
c v 10639.92 214 23 249 642364  3 21355238 222043 2.9 33 11 1 2 34% 317671 1832 57%
c w 10639.93 214 23 249 642364  3 21355238 222043 2.9 33 11 1 2 34% 317671 1832 57%
c } 10656.11 214 23 249 644841  3 21397381 259133 2.9 33 11 1 2 34% 317671 1832 57%
c [ 10656.11 214 39 249 644841  2 21397381 259133 3.1 62 20 2 3 39% 317671 1832 57%
c W 10697.68 214 35 249 644885  2 21528482 369267 2.7 53 20 2 3 35% 317671 1832 57%
c 
c   seconds      reductions      conflicts           size   tier2       variables
c             MB       restarts          redundant      glue   trail         remaining
c              level          rate             size/glue  tier1  irredundant
c 
c - 10697.92 214 35 250 644885  2 21528762 225074 2.7 53 20 2 3 35% 317671 1832 57%
c p 10698.04 214 35 250 644885  2 21528762 225094 2.7 53 20 2 3 35% 317671 1832 57%
c u 10699.34 214 35 250 644885  2 21528762 223517 2.7 53 20 2 3 35% 317671 1832 57%
c v 10700.02 214 35 250 644885  2 21528762 222446 2.7 53 20 2 3 35% 317671 1832 57%
c w 10700.03 214 35 250 644885  2 21528762 222446 2.7 53 20 2 3 35% 317671 1832 57%
c - 10742.69 138 36 251 644935  2 21702986 219417 2.5 54 22 2 3 35% 317671 1832 57%
c p 10742.80 138 36 251 644935  2 21702986 219439 2.5 54 22 2 3 35% 317671 1832 57%
c u 10743.99 140 36 251 644935  2 21702986 217891 2.5 54 22 2 3 35% 317671 1832 57%
c v 10744.17 140 36 251 644935  2 21702986 217346 2.5 54 22 2 3 35% 317671 1832 57%
c w 10744.19 140 36 251 644935  2 21702986 217344 2.5 54 22 2 3 35% 317671 1832 57%
c O 10751.29 140 37 251 644950  2 21736483 244440 2.4 53 22 2 3 35% 317671 1832 57%
c - 10786.79 176 36 252 644968  2 21877915 216030 2.6 54 21 2 3 35% 317671 1832 57%
c p 10786.89 176 36 252 644968  2 21877915 216051 2.6 54 21 2 3 35% 317671 1832 57%
c u 10788.17 176 36 252 644968  2 21877915 214685 2.6 54 21 2 3 35% 317671 1832 57%
c w 10788.19 176 36 252 644968  2 21877915 214685 2.6 54 21 2 3 35% 317671 1832 57%
c ] 10797.97 176 35 252 644986  2 21927775 255716 2.5 52 21 2 3 34% 317671 1832 57%
c { 10797.97 176 23 252 644986  3 21927775 255716 2.9 33 11 1 2 34% 317671 1832 57%
c B 10807.28 176 23 252 646264  3 21945484 271287 2.9 33 11 1 2 34% 317671 1832 57%
c - 10877.70 208 23 253 654015  3 22053550 222725 2.9 33 11 1 2 34% 317671 1832 57%
c p 10877.81 144 23 253 654015  3 22053550 222743 2.9 33 11 1 2 34% 317671 1832 57%
c 
c   seconds      reductions      conflicts           size   tier2       variables
c             MB       restarts          redundant      glue   trail         remaining
c              level          rate             size/glue  tier1  irredundant
c 
c u 10879.64 144 23 253 654015  3 22053550 219491 2.9 33 11 1 2 34% 317671 1832 57%
c v 10880.51 144 23 253 654015  3 22053550 219077 2.9 33 11 1 2 34% 317671 1832 57%
c w 10880.51 144 23 253 654015  3 22053550 219077 2.9 33 11 1 2 34% 317671 1832 57%
c s 10910.95 167 23 253 658485  3 22122881 280625 3.0 33 11 1 2 34% 317671 1832 57%
c s 10911.56 167 23 253 658485  3 22122881 280511 3.0 33 11 1 2 34% 317671 1832 57%
c W 10936.39 167 23 253 660840  3 22155488 308397 2.9 32 11 1 2 34% 317671 1832 57%
c - 10984.49 168 23 254 667372  3 22229886 229427 2.9 33 11 1 2 34% 317671 1832 57%
c p 10984.60 168 23 254 667372  3 22229886 229448 2.9 33 11 1 2 34% 317671 1832 57%
c u 10986.97 168 23 254 667372  3 22229886 227615 2.9 33 11 1 2 34% 317671 1832 57%
c v 10988.16 168 23 254 667372  3 22229886 226893 2.9 33 11 1 2 34% 317671 1832 57%
c } 10995.41 168 22 254 668304  3 22249368 243298 3.0 33 11 1 2 34% 317671 1832 57%
c [ 10995.41 168 35 254 668304  2 22249368 243298 2.5 52 21 2 3 34% 317671 1832 57%
c B 11031.10 168 30 254 668348  2 22366490 333536 2.6 47 18 2 3 36% 317671 1832 57%
c - 11040.30 146 34 255 668349  2 22406925 226684 2.7 50 19 2 3 37% 317671 1832 57%
c p 11040.41 146 34 255 668349  2 22406925 226706 2.7 50 19 2 3 37% 317671 1832 57%
c u 11041.87 146 34 255 668349  2 22406925 225221 2.7 50 19 2 3 37% 317671 1832 57%
c v 11042.71 146 34 255 668349  2 22406925 223956 2.7 50 19 2 3 37% 317671 1832 57%
c w 11042.74 146 34 255 668349  2 22406925 223955 2.7 50 19 2 3 37% 317671 1832 57%
c W 11094.24 146 37 255 668412  2 22578493 369749 2.6 53 20 2 3 37% 317671 1832 57%
c - 11096.50 181 37 256 668412  2 22584667 222980 2.6 53 20 2 3 37% 317671 1832 57%
c 
c   seconds      reductions      conflicts           size   tier2       variables
c             MB       restarts          redundant      glue   trail         remaining
c              level          rate             size/glue  tier1  irredundant
c 
c p 11096.63 181 37 256 668412  2 22584667 223003 2.6 53 20 2 3 37% 317671 1832 57%
c u 11097.93 181 37 256 668412  2 22584667 221768 2.6 53 20 2 3 37% 317671 1832 57%
c w 11097.96 181 37 256 668412  2 22584667 221768 2.6 53 20 2 3 37% 317671 1832 57%
c - 11140.88 149 37 257 668414  2 22763113 220496 2.5 55 22 2 3 34% 317671 1832 57%
c p 11141.00 149 37 257 668414  2 22763113 220519 2.5 55 22 2 3 34% 317671 1832 57%
c u 11142.51 149 37 257 668414  2 22763113 218810 2.5 55 22 2 3 34% 317671 1832 57%
c v 11142.53 149 37 257 668414  2 22763113 218807 2.5 55 22 2 3 34% 317671 1832 57%
c w 11142.54 149 37 257 668414  2 22763113 218807 2.5 55 22 2 3 34% 317671 1832 57%
c ] 11143.76 149 38 257 668414  2 22769451 224185 2.4 55 22 2 3 34% 317671 1832 57%
c { 11143.76 149 22 257 668414  3 22769451 224185 3.0 33 11 1 2 34% 317671 1832 57%
c # 11153.74 149 23 257 670428  3 22791498 243840 2.9 33 11 1 2 34% 317671 1832 57%
c - 11240.77 182 23 258 681991  3 22942264 229173 2.9 33 11 1 2 34% 317671 1832 57%
c p 11240.88 182 23 258 681991  3 22942264 229197 2.9 33 11 1 2 34% 317671 1832 57%
c u 11243.08 182 23 258 681991  3 22942264 226036 2.9 33 11 1 2 34% 317671 1832 57%
c v 11244.26 182 23 258 681991  3 22942264 225583 2.9 33 11 1 2 34% 317671 1832 57%
c B 11273.21 182 23 258 686419  3 23005500 280723 2.9 33 11 1 2 34% 317671 1832 57%
c } 11329.05 182 23 258 693920  3 23108752 372981 3.0 34 11 1 2 34% 317671 1832 57%
c [ 11329.05 182 38 258 693920  2 23108752 372981 2.4 55 22 2 3 34% 317671 1832 57%
c - 11333.70 149 38 259 693920  2 23122119 235783 2.5 54 21 2 3 34% 317671 1832 57%
c p 11333.82 149 38 259 693920  2 23122119 235805 2.5 54 21 2 3 34% 317671 1832 57%
c 
c   seconds      reductions      conflicts           size   tier2       variables
c             MB       restarts          redundant      glue   trail         remaining
c              level          rate             size/glue  tier1  irredundant
c 
c u 11335.91 149 38 259 693920  2 23122119 233942 2.5 54 21 2 3 34% 317671 1832 57%
c v 11337.08 149 38 259 693920  2 23122119 233466 2.5 54 21 2 3 34% 317671 1832 57%
c w 11337.09 149 38 259 693920  2 23122119 233466 2.5 54 21 2 3 34% 317671 1832 57%
c I 11360.17 149 38 259 693921  2 23220506 322335 2.8 59 21 2 3 35% 317671 1832 57%
c - 11387.50 185 36 260 693921  2 23302677 234882 2.7 56 21 2 3 35% 317671 1832 57%
c p 11387.63 185 36 260 693921  2 23302677 234903 2.7 56 21 2 3 35% 317671 1832 57%
c u 11389.12 185 36 260 693921  2 23302677 233578 2.7 56 21 2 3 35% 317671 1832 57%
c v 11389.94 185 36 260 693921  2 23302677 232431 2.7 56 21 2 3 35% 317671 1832 57%
c B 11418.96 185 39 260 693934  2 23436510 347870 2.7 57 21 2 3 37% 317671 1832 57%
c - 11440.39 152 32 261 693952  2 23483938 223984 2.7 50 18 2 3 37% 317671 1832 57%
c p 11440.51 152 32 261 693952  2 23483938 224004 2.7 50 18 2 3 37% 317671 1832 57%
c u 11443.66 152 32 261 693952  2 23483938 223299 2.7 50 18 2 3 37% 317671 1832 57%
c v 11443.67 152 32 261 693952  2 23483938 223297 2.7 50 18 2 3 37% 317671 1832 57%
c w 11443.68 152 32 261 693952  2 23483938 223297 2.7 50 18 2 3 37% 317671 1832 57%
c x 11443.86 152 32 261 693952  2 23483938 223297 2.7 50 18 2 3 37% 317671 1832 57%
c s 11444.65 162 32 261 693952  2 23483938 223232 2.7 50 18 2 3 37% 317671 1832 57%
c s 11445.65 162 32 261 693952  2 23483938 223196 2.7 50 18 2 3 37% 317671 1832 57%
c ] 11482.59 162 38 261 693999  2 23643917 358462 2.5 54 22 2 3 36% 317671 1832 57%
c { 11482.59 162 23 261 693999  3 23643917 358462 3.0 34 11 1 2 34% 317671 1832 57%
c W 11509.80 162 24 261 695244  3 23653511 367230 3.0 34 11 1 2 34% 317671 1832 57%
c 
c   seconds      reductions      conflicts           size   tier2       variables
c             MB       restarts          redundant      glue   trail         remaining
c              level          rate             size/glue  tier1  irredundant
c 
c - 11520.11 195 23 262 696038  3 23665902 224998 3.0 34 11 1 2 34% 317671 1832 57%
c p 11520.22 195 23 262 696038  3 23665902 225019 3.0 34 11 1 2 34% 317671 1832 57%
c u 11521.85 195 23 262 696038  3 23665902 222727 3.0 34 11 1 2 34% 317671 1832 57%
c v 11521.85 195 23 262 696038  3 23665902 222726 3.0 34 11 1 2 34% 317671 1832 57%
c w 11521.86 195 23 262 696038  3 23665902 222726 3.0 34 11 1 2 34% 317671 1832 57%
c - 11622.65 163 23 263 709567  3 23848571 234281 2.9 33 11 1 2 34% 317671 1832 57%
c p 11622.78 163 23 263 709567  3 23848571 234303 2.9 33 11 1 2 34% 317671 1832 57%
c u 11624.96 163 23 263 709567  3 23848571 231449 2.9 33 11 1 2 34% 317671 1832 57%
c v 11626.02 163 23 263 709567  3 23848571 231018 2.9 33 11 1 2 34% 317671 1832 57%
c w 11626.03 163 23 263 709567  3 23848571 231017 2.9 33 11 1 2 34% 317671 1832 57%
c F 11637.00 163 23 263 711677  3 23871512 251834 2.9 34 12 1 2 34% 317671 1832 57%
c } 11694.62 163 23 263 719500  3 23986476 352941 2.9 33 11 1 2 34% 317671 1832 57%
c [ 11694.62 163 38 263 719500  2 23986476 352941 2.5 54 22 2 3 36% 317671 1832 57%
c - 11710.30 196 31 264 719516  2 24031945 239180 2.6 49 19 2 3 37% 317671 1832 57%
c p 11710.42 196 31 264 719516  2 24031945 239203 2.6 49 19 2 3 37% 317671 1832 57%
c u 11712.64 196 31 264 719516  2 24031945 237318 2.6 49 19 2 3 37% 317671 1832 57%
c v 11713.68 196 31 264 719516  2 24031945 236876 2.6 49 19 2 3 37% 317671 1832 57%
c w 11713.70 196 31 264 719516  2 24031945 236876 2.6 49 19 2 3 37% 317671 1832 57%
c W 11737.70 196 25 264 719541  2 24090513 284612 2.8 46 16 2 3 37% 317671 1832 57%
c - 11787.95 163 19 265 719549  1 24216019 233843 3.2 43 13 2 3 38% 317671 1832 57%
c 
c   seconds      reductions      conflicts           size   tier2       variables
c             MB       restarts          redundant      glue   trail         remaining
c              level          rate             size/glue  tier1  irredundant
c 
c p 11788.08 163 19 265 719549  1 24216019 233864 3.2 43 13 2 3 38% 317671 1832 57%
c u 11790.14 163 19 265 719549  1 24216019 231718 3.2 43 13 2 3 38% 317671 1832 57%
c v 11790.91 163 19 265 719549  1 24216019 229445 3.2 43 13 2 3 38% 317671 1832 57%
c w 11790.95 163 19 265 719549  1 24216019 229445 3.2 43 13 2 3 38% 317671 1832 57%
c s 11803.98 163 19 265 719565  1 24257489 261543 3.1 42 14 2 3 38% 317671 1832 57%
c s 11805.06 163 19 265 719565  1 24257489 261511 3.1 42 14 2 3 38% 317671 1832 57%
c O 11820.00 163 23 265 719583  2 24310515 305165 3.1 45 14 2 3 39% 317671 1832 57%
c - 11845.68 196 31 266 719612  2 24400799 228375 2.6 51 19 2 3 37% 317671 1832 57%
c p 11845.80 196 31 266 719612  2 24400799 228398 2.6 51 19 2 3 37% 317671 1832 57%
c u 11847.48 196 31 266 719612  2 24400799 226880 2.6 51 19 2 3 37% 317671 1832 57%
c w 11847.50 196 31 266 719612  2 24400799 226879 2.6 51 19 2 3 37% 317671 1832 57%
c ] 11862.46 196 33 266 719634  2 24466496 283098 2.6 52 20 2 3 36% 317671 1832 57%
c { 11862.46 196 23 266 719634  3 24466496 283098 2.9 33 11 1 2 34% 317671 1832 57%
c B 11904.61 196 22 266 723628  3 24531516 340036 3.0 33 11 1 2 34% 317671 1832 57%
c - 11947.79 163 22 267 727978  3 24586281 235642 3.0 34 11 1 2 34% 317671 1832 57%
c p 11947.91 163 22 267 727978  3 24586281 235665 3.0 34 11 1 2 34% 317671 1832 57%
c u 11950.11 163 22 267 727978  3 24586281 232372 3.0 34 11 1 2 34% 317671 1832 57%
c v 11951.28 163 22 267 727978  3 24586281 231940 3.0 34 11 1 2 34% 317671 1832 57%
c w 11951.30 163 22 267 727978  3 24586281 231939 3.0 34 11 1 2 34% 317671 1832 57%
c W 12053.62 163 22 267 740203  3 24753518 377277 2.9 33 11 1 2 34% 317671 1832 57%
c 
c   seconds      reductions      conflicts           size   tier2       variables
c             MB       restarts          redundant      glue   trail         remaining
c              level          rate             size/glue  tier1  irredundant
c 
c - 12067.03 197 22 268 741788  3 24772469 242272 2.9 33 11 1 2 34% 317671 1832 57%
c p 12067.15 197 22 268 741788  3 24772469 242293 2.9 33 11 1 2 34% 317671 1832 57%
c u 12069.59 197 22 268 741788  3 24772469 240446 2.9 33 11 1 2 34% 317671 1832 57%
c v 12070.95 197 22 268 741788  3 24772469 239528 2.9 33 11 1 2 34% 317671 1832 57%
c w 12070.97 197 22 268 741788  3 24772469 239528 2.9 33 11 1 2 34% 317671 1832 57%
c } 12084.23 197 22 268 743656  3 24804849 268633 3.0 34 11 1 2 34% 317671 1832 57%
c [ 12084.23 197 33 268 743656  2 24804849 268633 2.6 52 20 2 3 36% 317671 1832 57%
c - 12151.29 163 20 269 743697  1 24959359 240293 2.9 41 14 2 3 37% 317671 1832 57%
c p 12151.40 163 20 269 743697  1 24959359 240315 2.9 41 14 2 3 37% 317671 1832 57%
c u 12153.79 163 20 269 743697  1 24959359 238020 2.9 41 14 2 3 37% 317671 1832 57%
c v 12155.08 163 20 269 743697  1 24959359 236149 2.9 41 14 2 3 37% 317671 1832 57%
c w 12155.10 163 20 269 743697  1 24959359 236149 2.9 41 14 2 3 37% 317671 1832 57%
c B 12159.68 163 21 269 743698  1 24976520 250428 3.0 41 14 2 3 37% 317671 1832 57%
c s 12175.96 163 29 269 743699  2 25045915 311647 2.9 52 18 2 3 37% 317671 1832 57%
c s 12176.56 163 29 269 743699  2 25045915 311556 2.9 52 18 2 3 37% 317671 1832 57%
c - 12203.18 196 33 270 743699  2 25146953 236589 2.7 55 20 2 3 35% 317671 1832 57%
c p 12203.31 196 33 270 743699  2 25146953 236609 2.7 55 20 2 3 35% 317671 1832 57%
c u 12204.83 196 33 270 743699  2 25146953 235564 2.7 55 20 2 3 35% 317671 1832 57%
c v 12205.21 196 33 270 743699  2 25146953 234723 2.7 55 20 2 3 35% 317671 1832 57%
c w 12205.24 196 33 270 743699  2 25146953 234722 2.7 55 20 2 3 35% 317671 1832 57%
c 
c   seconds      reductions      conflicts           size   tier2       variables
c             MB       restarts          redundant      glue   trail         remaining
c              level          rate             size/glue  tier1  irredundant
c 
c W 12226.24 196 29 270 743720  2 25200524 279379 2.8 50 18 2 3 36% 317671 1832 57%
c ] 12254.43 196 31 270 743759  2 25299613 365076 2.9 52 18 2 3 37% 317671 1832 57%
c { 12254.43 196 22 270 743759  3 25299613 365076 3.0 34 11 1 2 34% 317671 1832 57%
c - 12284.92 163 22 271 746160  3 25335250 237536 2.9 33 11 1 2 34% 317671 1832 57%
c p 12285.04 163 22 271 746160  3 25335250 237559 2.9 33 11 1 2 34% 317671 1832 57%
c u 12287.01 163 22 271 746160  3 25335250 234855 2.9 33 11 1 2 34% 317671 1832 57%
c v 12287.15 163 22 271 746160  3 25335250 234438 2.9 33 11 1 2 34% 317671 1832 57%
c w 12287.17 163 22 271 746160  3 25335250 234438 2.9 33 11 1 2 34% 317671 1832 57%
c # 12335.17 163 23 271 753571  3 25425527 314699 3.0 34 11 1 2 34% 317671 1832 57%
c - 12398.93 197 23 272 761629  3 25524251 246392 2.9 33 11 1 2 34% 317671 1832 57%
c p 12399.04 197 23 272 761629  3 25524251 246413 2.9 33 11 1 2 34% 317671 1832 57%
c u 12401.45 197 23 272 761629  3 25524251 243592 2.9 33 11 1 2 34% 317671 1832 57%
c v 12402.75 197 23 272 761629  3 25524251 243138 2.9 33 11 1 2 34% 317671 1832 57%
c } 12467.22 197 23 272 770332  3 25650505 354169 3.0 34 11 1 2 34% 317671 1832 57%
c [ 12467.22 197 31 272 770332  2 25650505 354169 2.9 52 18 2 3 37% 317671 1832 57%
c I 12467.60 197 31 272 770332  2 25651531 354851 2.9 52 18 2 3 37% 317671 1832 57%
c - 12485.48 163 33 273 770338  2 25713956 251598 2.9 55 19 2 3 36% 317671 1832 57%
c p 12485.61 163 33 273 770338  2 25713956 251622 2.9 55 19 2 3 36% 317671 1832 57%
c u 12488.08 163 33 273 770338  2 25713956 250021 2.9 55 19 2 3 36% 317671 1832 57%
c v 12489.25 163 33 273 770338  2 25713956 249592 2.9 55 19 2 3 36% 317671 1832 57%
c 
c   seconds      reductions      conflicts           size   tier2       variables
c             MB       restarts          redundant      glue   trail         remaining
c              level          rate             size/glue  tier1  irredundant
c 
c B 12534.34 163 34 273 770398  2 25878535 390718 2.8 54 19 2 3 36% 317671 1832 57%
c - 12542.86 197 35 274 770398  2 25904364 249280 2.7 55 20 2 3 36% 317671 1832 57%
c p 12543.00 197 35 274 770398  2 25904364 249303 2.7 55 20 2 3 36% 317671 1832 57%
c u 12544.65 197 35 274 770398  2 25904364 248056 2.7 55 20 2 3 36% 317671 1832 57%
c v 12545.49 197 35 274 770398  2 25904364 246971 2.7 55 20 2 3 36% 317671 1832 57%
c w 12545.52 197 35 274 770398  2 25904364 246971 2.7 55 20 2 3 36% 317671 1832 57%
c - 12599.43 163 40 275 770448  2 26095475 242140 2.6 58 23 2 3 36% 317671 1832 57%
c p 12599.57 163 40 275 770448  2 26095475 242160 2.6 58 23 2 3 36% 317671 1832 57%
c u 12601.35 163 40 275 770448  2 26095475 240585 2.6 58 23 2 3 36% 317671 1832 57%
c v 12601.37 163 40 275 770448  2 26095475 240577 2.6 58 23 2 3 36% 317671 1832 57%
c w 12601.38 163 40 275 770448  2 26095475 240577 2.6 58 23 2 3 36% 317671 1832 57%
c W 12618.40 163 40 275 770454  2 26106536 250259 2.5 58 23 2 3 36% 317671 1832 57%
c ] 12650.95 163 37 275 770492  2 26239576 363717 2.5 54 21 2 3 36% 317671 1832 57%
c { 12650.95 163 23 275 770492  3 26239576 363717 3.0 34 11 1 2 34% 317671 1832 57%
c - 12696.49 203 23 276 774019  3 26287294 241953 3.0 34 11 1 2 34% 317671 1832 57%
c p 12696.60 203 23 276 774019  3 26287294 241976 3.0 34 11 1 2 34% 317671 1832 57%
c u 12698.38 203 23 276 774019  3 26287294 239494 3.0 34 11 1 2 34% 317671 1832 57%
c w 12698.39 203 23 276 774019  3 26287294 239493 3.0 34 11 1 2 34% 317671 1832 57%
c B 12720.66 203 23 276 777726  3 26335538 282197 3.0 34 11 1 2 34% 317671 1832 57%
c - 12808.99 170 21 277 787680  3 26479812 249891 3.0 33 11 1 2 35% 317671 1832 57%
c 
c   seconds      reductions      conflicts           size   tier2       variables
c             MB       restarts          redundant      glue   trail         remaining
c              level          rate             size/glue  tier1  irredundant
c 
c p 12809.12 170 21 277 787680  3 26479812 249914 3.0 33 11 1 2 35% 317671 1832 57%
c u 12814.75 170 21 277 787680  3 26479812 246429 3.0 33 11 1 2 35% 317671 1832 57%
c v 12816.10 170 21 277 787680  3 26479812 245718 3.0 33 11 1 2 35% 317671 1832 57%
c w 12816.10 170 21 277 787680  3 26479812 245718 3.0 33 11 1 2 35% 317671 1832 57%
c W 12870.79 170 22 277 795015  3 26565539 320563 2.9 33 11 1 2 34% 317671 1832 57%
c } 12881.68 170 22 277 796322  3 26584290 336511 2.9 33 11 1 2 34% 317671 1832 57%
c [ 12881.68 170 37 277 796322  2 26584290 336511 2.5 54 21 2 3 36% 317671 1832 57%
c - 12916.33 204 25 278 796354  2 26673035 251930 2.7 45 16 2 3 37% 317671 1832 57%
c p 12916.46 204 25 278 796354  2 26673035 251955 2.7 45 16 2 3 37% 317671 1832 57%
c u 12918.48 204 25 278 796354  2 26673035 249253 2.7 45 16 2 3 37% 317671 1832 57%
c v 12920.26 204 25 278 796354  2 26673035 246983 2.7 45 16 2 3 37% 317671 1832 57%
c O 12964.84 204 20 278 796357  1 26796540 344634 3.1 42 14 2 3 38% 317671 1832 57%
c - 12993.04 170 20 279 796357  1 26866961 245254 3.0 41 14 2 3 37% 317671 1832 57%
c p 12993.15 170 20 279 796357  1 26866961 245277 3.0 41 14 2 3 37% 317671 1832 57%
c u 12994.92 170 20 279 796357  1 26866961 244804 3.0 41 14 2 3 37% 317671 1832 57%
c ] 13061.14 170 17 279 796358  1 27025724 374725 3.4 42 12 2 3 37% 317671 1832 57%
c { 13061.14 170 22 279 796358  3 27025724 374725 2.9 33 11 1 2 34% 317671 1832 57%
c F 13063.76 170 22 279 796621  3 27028541 377191 2.9 33 11 1 2 34% 317671 1832 57%
c - 13088.21 204 22 280 798870  3 27061591 243021 2.9 33 11 1 2 34% 317671 1832 57%
c p 13088.32 204 22 280 798870  3 27061591 243043 2.9 33 11 1 2 34% 317671 1832 57%
c 
c   seconds      reductions      conflicts           size   tier2       variables
c             MB       restarts          redundant      glue   trail         remaining
c              level          rate             size/glue  tier1  irredundant
c 
c u 13089.89 204 22 280 798870  3 27061591 242947 2.9 33 11 1 2 34% 317671 1832 57%
c v 13089.90 204 22 280 798870  3 27061591 242945 2.9 33 11 1 2 34% 317671 1832 57%
c w 13089.91 204 22 280 798870  3 27061591 242945 2.9 33 11 1 2 34% 317671 1832 57%
c s 13107.75 204 22 280 801684  3 27098805 275560 2.9 33 11 1 2 34% 317671 1832 57%
c s 13108.72 204 22 280 801684  3 27098805 275537 2.9 33 11 1 2 34% 317671 1832 57%
c - 13206.02 170 22 281 813829  3 27256925 255929 2.9 33 11 1 2 34% 317671 1832 57%
c p 13206.13 170 22 281 813829  3 27256925 255954 2.9 33 11 1 2 34% 317671 1832 57%
c u 13207.87 170 22 281 813829  3 27256925 255588 2.9 33 11 1 2 34% 317671 1832 57%
c v 13208.72 170 22 281 813829  3 27256925 255266 2.9 33 11 1 2 34% 317671 1832 57%
c w 13208.73 170 22 281 813829  3 27256925 255265 2.9 33 11 1 2 34% 317671 1832 57%
c B 13211.16 170 22 281 814315  3 27261547 259486 2.9 33 11 1 2 34% 317671 1832 57%
c } 13281.58 170 22 281 823242  3 27387464 369136 2.9 34 11 1 2 34% 317671 1832 57%
c [ 13281.58 170 17 281 823242  1 27387464 369136 3.4 42 12 2 3 37% 317671 1832 57%
c - 13309.12 206 19 282 823242  1 27452965 262735 3.2 42 13 2 3 37% 317671 1832 57%
c p 13309.27 206 19 282 823242  1 27452965 262756 3.2 42 13 2 3 37% 317671 1832 57%
c u 13311.49 206 19 282 823242  1 27452965 262409 3.2 42 13 2 3 37% 317671 1832 57%
c v 13313.16 206 19 282 823242  1 27452965 261788 3.2 42 13 2 3 37% 317671 1832 57%
c w 13313.17 206 19 282 823242  1 27452965 261787 3.2 42 13 2 3 37% 317671 1832 57%
c B 13325.55 206 19 282 823242  1 27495548 297854 3.2 42 13 2 3 37% 317671 1832 57%
c - 13369.87 170 33 283 823243  2 27649708 259009 2.9 55 19 2 3 37% 317671 1832 57%
c 
c   seconds      reductions      conflicts           size   tier2       variables
c             MB       restarts          redundant      glue   trail         remaining
c              level          rate             size/glue  tier1  irredundant
c 
c p 13370.00 170 33 283 823243  2 27649708 259032 2.9 55 19 2 3 37% 317671 1832 57%
c u 13371.87 170 33 283 823243  2 27649708 258208 2.9 55 19 2 3 37% 317671 1832 57%
c v 13372.92 170 33 283 823243  2 27649708 256157 2.9 55 19 2 3 37% 317671 1832 57%
c w 13372.98 170 33 283 823243  2 27649708 256156 2.9 55 19 2 3 37% 317671 1832 57%
c W 13411.15 170 34 283 823243  2 27730553 326586 2.7 54 20 2 3 36% 317671 1832 57%
c - 13442.29 204 36 284 823243  2 27847153 246763 2.5 54 21 2 3 35% 317671 1832 57%
c p 13442.41 204 36 284 823243  2 27847153 246787 2.5 54 21 2 3 35% 317671 1832 57%
c u 13443.96 204 36 284 823243  2 27847153 245621 2.5 54 21 2 3 35% 317671 1832 57%
c v 13444.00 204 36 284 823243  2 27847153 245603 2.5 54 21 2 3 35% 317671 1832 57%
c w 13444.04 204 36 284 823243  2 27847153 245591 2.5 54 21 2 3 35% 317671 1832 57%
c I 13475.49 204 35 284 823243  2 27966554 348896 2.6 56 21 2 3 34% 317671 1832 57%
c ] 13476.33 204 35 284 823243  2 27970040 351803 2.6 56 21 2 3 34% 317671 1832 57%
c { 13476.33 204 22 284 823243  3 27970040 351803 2.9 34 11 1 2 34% 317671 1832 57%
c - 13549.60 205 22 285 828700  3 28045302 250627 2.9 34 11 1 2 34% 317671 1832 57%
c p 13549.73 205 22 285 828700  3 28045302 250647 2.9 34 11 1 2 34% 317671 1832 57%
c u 13552.22 205 22 285 828700  3 28045302 248468 2.9 34 11 1 2 34% 317671 1832 57%
c v 13553.41 205 22 285 828700  3 28045302 247977 2.9 34 11 1 2 34% 317671 1832 57%
c w 13553.42 205 22 285 828700  3 28045302 247977 2.9 34 11 1 2 34% 317671 1832 57%
c W 13650.50 205 23 285 840685  3 28203565 387538 2.9 34 12 1 2 34% 317671 1832 57%
c - 13679.80 206 23 286 843837  3 28244154 261704 2.9 34 12 1 2 34% 317671 1832 57%
c 
c   seconds      reductions      conflicts           size   tier2       variables
c             MB       restarts          redundant      glue   trail         remaining
c              level          rate             size/glue  tier1  irredundant
c 
c p 13679.94 206 23 286 843837  3 28244154 261728 2.9 34 12 1 2 34% 317671 1832 57%
c u 13682.93 206 23 286 843837  3 28244154 259351 2.9 34 12 1 2 34% 317671 1832 57%
c v 13684.24 206 23 286 843837  3 28244154 258304 2.9 34 12 1 2 34% 317671 1832 57%
c w 13684.25 206 23 286 843837  3 28244154 258304 2.9 34 12 1 2 34% 317671 1832 57%
c } 13726.41 206 23 286 849370  3 28327019 330585 3.0 34 11 1 2 34% 317671 1832 57%
c [ 13726.41 206 35 286 849370  2 28327019 330585 2.6 56 21 2 3 34% 317671 1832 57%
c B 13766.23 206 32 286 849376  2 28441571 429205 2.9 52 18 2 3 37% 317671 1832 57%
c - 13767.25 171 32 287 849377  2 28443711 264516 2.9 52 18 2 3 36% 317671 1832 57%
c p 13767.39 171 32 287 849377  2 28443711 264539 2.9 52 18 2 3 36% 317671 1832 57%
c u 13770.15 171 32 287 849377  2 28443711 262861 2.9 52 18 2 3 36% 317671 1832 57%
c v 13771.27 171 32 287 849377  2 28443711 262507 2.9 52 18 2 3 36% 317671 1832 57%
c w 13771.30 171 32 287 849377  2 28443711 262507 2.9 52 18 2 3 36% 317671 1832 57%
c - 13858.66 206 19 288 849440  1 28643971 257405 3.1 41 13 2 3 37% 317671 1832 57%
c p 13858.78 206 19 288 849440  1 28643971 257429 3.1 41 13 2 3 37% 317671 1832 57%
c u 13861.17 206 19 288 849440  1 28643971 255027 3.1 41 13 2 3 37% 317671 1832 57%
c v 13861.40 206 19 288 849440  1 28643971 254452 3.1 41 13 2 3 37% 317671 1832 57%
c w 13861.43 206 19 288 849440  1 28643971 254450 3.1 41 13 2 3 37% 317671 1832 57%
c W 13882.15 206 19 288 849457  1 28680572 283591 3.1 41 13 2 3 37% 317671 1832 57%
c ] 13920.65 206 33 288 849496  2 28819635 408192 2.9 56 20 2 3 35% 317671 1832 57%
c { 13920.65 206 23 288 849496  3 28819635 408192 3.0 34 11 1 2 34% 317671 1832 57%
c 
c   seconds      reductions      conflicts           size   tier2       variables
c             MB       restarts          redundant      glue   trail         remaining
c              level          rate             size/glue  tier1  irredundant
c 
c s 13946.48 206 23 288 851404  3 28840326 426548 3.0 34 12 1 2 34% 317671 1832 57%
c s 13947.47 206 23 288 851404  3 28840326 426519 3.0 34 12 1 2 34% 317671 1832 57%
c - 13952.81 171 23 289 851737  3 28844936 259128 3.0 35 12 1 2 34% 317671 1832 57%
c p 13952.95 171 23 289 851737  3 28844936 259150 3.0 35 12 1 2 34% 317671 1832 57%
c u 13955.07 171 23 289 851737  3 28844936 257624 3.0 35 12 1 2 34% 317671 1832 57%
c v 13956.10 171 23 289 851737  3 28844936 257325 3.0 35 12 1 2 34% 317671 1832 57%
c # 13994.63 171 23 289 856801  3 28920574 323818 3.0 34 12 1 2 34% 317671 1832 57%
c - 14071.66 207 23 290 865251  3 29046606 269064 3.0 34 11 1 2 34% 317671 1832 57%
c p 14071.81 207 23 290 865251  3 29046606 269087 3.0 34 11 1 2 34% 317671 1832 57%
c u 14074.64 207 23 290 865251  3 29046606 265970 3.0 34 11 1 2 34% 317671 1832 57%
c v 14076.18 207 23 290 865251  3 29046606 265285 3.0 34 11 1 2 34% 317671 1832 57%
c w 14076.18 207 23 290 865251  3 29046606 265285 3.0 34 11 1 2 34% 317671 1832 57%
c B 14137.83 207 24 290 873459  3 29161575 367031 3.0 34 11 1 2 34% 317671 1832 57%
c } 14159.18 207 23 290 875879  3 29194514 396395 3.0 34 11 1 2 34% 317671 1832 57%
c [ 14159.18 207 33 290 875879  2 29194514 396395 2.9 56 20 2 3 35% 317671 1832 57%
c - 14179.59 172 27 291 875880  2 29248977 272221 2.9 49 17 2 3 35% 317671 1832 57%
c p 14179.70 172 27 291 875880  2 29248977 272248 2.9 49 17 2 3 35% 317671 1832 57%
c u 14182.04 172 27 291 875880  2 29248977 270332 2.9 49 17 2 3 35% 317671 1832 57%
c v 14183.15 172 27 291 875880  2 29248977 269734 2.9 49 17 2 3 35% 317671 1832 57%
c O 14222.96 172 35 291 875934  2 29403576 401614 2.5 54 22 2 3 34% 317671 1832 57%
c 
c   seconds      reductions      conflicts           size   tier2       variables
c             MB       restarts          redundant      glue   trail         remaining
c              level          rate             size/glue  tier1  irredundant
c 
c - 14239.56 208 35 292 875943  2 29452052 269463 2.5 54 21 2 3 34% 317671 1832 57%
c p 14239.69 208 35 292 875943  2 29452052 269491 2.5 54 21 2 3 34% 317671 1832 57%
c u 14241.64 208 35 292 875943  2 29452052 268334 2.5 54 21 2 3 34% 317671 1832 57%
c v 14242.65 208 35 292 875943  2 29452052 266953 2.5 54 21 2 3 34% 317671 1832 57%
c w 14242.69 208 35 292 875943  2 29452052 266953 2.5 54 21 2 3 34% 317671 1832 57%
c B 14298.84 208 38 292 876006  2 29646577 435738 2.5 58 23 2 3 33% 317671 1832 57%
c - 14303.43 172 37 293 876006  2 29655831 264842 2.6 57 22 2 3 34% 317671 1832 57%
c p 14303.56 172 37 293 876006  2 29655831 264868 2.6 57 22 2 3 34% 317671 1832 57%
c u 14305.42 172 37 293 876006  2 29655831 262948 2.6 57 22 2 3 34% 317671 1832 57%
c v 14305.43 172 37 293 876006  2 29655831 262948 2.6 57 22 2 3 34% 317671 1832 57%
c w 14305.44 172 37 293 876006  2 29655831 262947 2.6 57 22 2 3 34% 317671 1832 57%
c s 14312.14 179 34 293 876007  2 29673380 276562 2.6 54 21 2 3 34% 317671 1832 57%
c s 14312.75 179 34 293 876007  2 29673380 276434 2.6 54 21 2 3 34% 317671 1832 57%
c ] 14342.79 179 25 293 876008  2 29759126 345587 2.8 47 17 2 3 36% 317671 1832 57%
c { 14342.79 179 23 293 876008  3 29759126 345587 3.0 34 11 1 2 34% 317671 1832 57%
c - 14417.36 215 23 294 883475  3 29860313 268522 2.9 34 11 1 2 34% 317671 1832 57%
c p 14417.48 215 23 294 883475  3 29860313 268549 2.9 34 11 1 2 34% 317671 1832 57%
c u 14423.45 215 23 294 883475  3 29860313 266150 2.9 34 11 1 2 34% 317671 1832 57%
c v 14424.32 215 23 294 883475  3 29860313 264611 2.9 34 11 1 2 34% 317671 1832 57%
c w 14424.34 215 23 294 883475  3 29860313 264610 2.9 34 11 1 2 34% 317671 1832 57%
c 
c   seconds      reductions      conflicts           size   tier2       variables
c             MB       restarts          redundant      glue   trail         remaining
c              level          rate             size/glue  tier1  irredundant
c 
c W 14460.65 215 24 294 885473  3 29890581 291501 3.0 34 11 1 2 34% 317671 1832 57%
c - 14573.88 179 23 295 898885  3 30065500 277084 3.0 34 11 1 2 34% 317671 1832 57%
c p 14574.01 179 23 295 898885  3 30065500 277111 3.0 34 11 1 2 34% 317671 1832 57%
c u 14576.87 179 23 295 898885  3 30065500 274817 3.0 34 11 1 2 34% 317671 1832 57%
c v 14578.37 179 23 295 898885  3 30065500 274326 3.0 34 11 1 2 34% 317671 1832 57%
c } 14615.89 179 23 295 904214  3 30132295 333300 3.0 34 11 1 2 34% 317671 1832 57%
c [ 14615.89 179 25 295 904214  2 30132295 333300 2.8 47 17 2 3 36% 317671 1832 57%
c W 14621.29 179 25 295 904214  2 30135588 336074 2.8 46 17 2 3 36% 317671 1832 57%
c - 14659.08 216 31 296 904229  2 30271393 279550 3.0 56 19 2 3 36% 317671 1832 57%
c p 14659.21 216 31 296 904229  2 30271393 279575 3.0 56 19 2 3 36% 317671 1832 57%
c u 14661.15 216 31 296 904229  2 30271393 278225 3.0 56 19 2 3 36% 317671 1832 57%
c v 14662.18 216 31 296 904229  2 30271393 277864 3.0 56 19 2 3 36% 317671 1832 57%
c w 14662.19 216 31 296 904229  2 30271393 277864 3.0 56 19 2 3 36% 317671 1832 57%
c I 14702.39 216 23 296 904273  2 30381594 364038 3.0 46 15 2 3 37% 317671 1832 57%
c - 14730.07 179 30 297 904293  2 30477987 271479 2.5 48 19 2 3 34% 317671 1832 57%
c p 14730.19 179 30 297 904293  2 30477987 271502 2.5 48 19 2 3 34% 317671 1832 57%
c u 14732.14 179 30 297 904293  2 30477987 269741 2.5 48 19 2 3 34% 317671 1832 57%
c v 14732.16 179 30 297 904293  2 30477987 269733 2.5 48 19 2 3 34% 317671 1832 57%
c w 14732.19 179 30 297 904293  2 30477987 269732 2.5 48 19 2 3 34% 317671 1832 57%
c B 14778.26 179 29 297 904340  2 30628598 397840 2.8 49 18 2 3 36% 317671 1832 57%
c 
c   seconds      reductions      conflicts           size   tier2       variables
c             MB       restarts          redundant      glue   trail         remaining
c              level          rate             size/glue  tier1  irredundant
c 
c - 14795.27 216 34 298 904341  2 30685288 273403 2.9 55 19 2 3 37% 317671 1832 57%
c p 14795.42 216 34 298 904341  2 30685288 273428 2.9 55 19 2 3 37% 317671 1832 57%
c u 14797.37 216 34 298 904341  2 30685288 272163 2.9 55 19 2 3 37% 317671 1832 57%
c v 14798.53 216 34 298 904341  2 30685288 271875 2.9 55 19 2 3 37% 317671 1832 57%
c w 14798.55 216 34 298 904341  2 30685288 271873 2.9 55 19 2 3 37% 317671 1832 57%
c ] 14811.47 216 37 298 904356  2 30738366 317639 2.7 57 21 2 3 36% 317671 1832 57%
c { 14811.47 216 23 298 904356  3 30738366 317639 3.0 34 11 1 2 34% 317671 1832 57%
c F 14924.41 216 23 298 914874  3 30876599 439340 3.0 34 12 1 2 34% 317671 1832 57%
c s 14932.86 216 23 298 915641  3 30883288 445225 3.0 34 12 1 2 34% 317671 1832 57%
c s 14934.05 216 23 298 915641  3 30883288 445198 3.0 34 12 1 2 34% 317671 1832 57%
c - 14942.57 179 23 299 916074  3 30893289 282661 3.0 35 12 1 2 34% 317671 1832 57%
c p 14942.71 179 23 299 916074  3 30893289 282688 3.0 35 12 1 2 34% 317671 1832 57%
c u 14945.94 179 23 299 916074  3 30893289 279492 3.0 35 12 1 2 34% 317671 1832 57%
c v 14947.63 179 23 299 916074  3 30893289 278835 3.0 35 12 1 2 34% 317671 1832 57%
c } 15078.07 179 23 299 930652  3 31091567 451733 3.0 34 12 1 2 34% 317671 1832 57%
c [ 15078.07 179 37 299 930652  2 31091567 451733 2.7 57 21 2 3 36% 317671 1832 57%
c - 15084.78 217 35 300 930657  2 31101994 288953 2.7 54 20 2 3 36% 317671 1832 57%
c p 15084.92 217 35 300 930657  2 31101994 288979 2.7 54 20 2 3 36% 317671 1832 57%
c u 15088.45 217 35 300 930657  2 31101994 286821 2.7 54 20 2 3 36% 317671 1832 57%
c v 15090.20 217 35 300 930657  2 31101994 286015 2.7 54 20 2 3 36% 317671 1832 57%
c 
c   seconds      reductions      conflicts           size   tier2       variables
c             MB       restarts          redundant      glue   trail         remaining
c              level          rate             size/glue  tier1  irredundant
c 
c w 15090.23 217 35 300 930657  2 31101994 286015 2.7 54 20 2 3 36% 317671 1832 57%
c W 15114.25 217 34 300 930667  2 31125602 307026 2.9 54 19 2 3 38% 317671 1832 57%
c - 15194.95 179 23 301 930725  1 31311402 281864 2.7 42 15 2 3 37% 317671 1832 57%
c p 15195.09 179 23 301 930725  1 31311402 281890 2.7 42 15 2 3 37% 317671 1832 57%
c u 15197.95 179 23 301 930725  1 31311402 280210 2.7 42 15 2 3 37% 317671 1832 57%
c v 15198.65 179 23 301 930725  1 31311402 278703 2.7 42 15 2 3 37% 317671 1832 57%
c w 15198.66 179 23 301 930725  1 31311402 278703 2.7 42 15 2 3 37% 317671 1832 57%
c O 15218.88 179 21 301 930746  1 31375603 330066 2.8 41 15 2 3 37% 317671 1832 57%
c - 15282.52 215 19 302 930764  1 31521516 267145 3.0 41 14 2 3 37% 317671 1832 57%
c p 15282.64 215 19 302 930764  1 31521516 267171 3.0 41 14 2 3 37% 317671 1832 57%
c u 15284.39 215 19 302 930764  1 31521516 265868 3.0 41 14 2 3 37% 317671 1832 57%
c v 15284.41 215 19 302 930764  1 31521516 265866 3.0 41 14 2 3 37% 317671 1832 57%
c w 15284.44 215 19 302 930764  1 31521516 265864 3.0 41 14 2 3 37% 317671 1832 57%
c ] 15304.10 215 20 302 930765  1 31584561 316417 2.9 41 14 2 3 36% 317671 1832 57%
c { 15304.10 215 23 302 930765  3 31584561 316417 3.0 34 12 1 2 34% 317671 1832 57%
c B 15331.33 215 23 302 934083  3 31626609 353418 2.9 34 12 1 2 34% 317671 1832 57%
c - 15404.38 179 22 303 940338  3 31732335 275573 3.0 34 11 1 2 34% 317671 1832 57%
c p 15404.52 179 22 303 940338  3 31732335 275594 3.0 34 11 1 2 34% 317671 1832 57%
c u 15407.54 179 22 303 940338  3 31732335 272549 3.0 34 11 1 2 34% 317671 1832 57%
c v 15409.12 179 22 303 940338  3 31732335 272098 3.0 34 11 1 2 34% 317671 1832 57%
c 
c   seconds      reductions      conflicts           size   tier2       variables
c             MB       restarts          redundant      glue   trail         remaining
c              level          rate             size/glue  tier1  irredundant
c 
c s 15417.65 186 22 303 941602  3 31746094 284266 3.0 34 11 1 2 34% 317671 1832 57%
c s 15418.60 186 22 303 941602  3 31746094 284250 3.0 34 11 1 2 34% 317671 1832 57%
c W 15515.31 186 23 303 951941  3 31878611 402403 3.0 34 12 1 2 34% 317671 1832 57%
c - 15562.07 223 22 304 955608  3 31943855 285269 3.0 34 11 1 2 34% 317671 1832 57%
c p 15562.19 223 22 304 955608  3 31943855 285293 3.0 34 11 1 2 34% 317671 1832 57%
c u 15566.01 223 22 304 955608  3 31943855 282926 3.0 34 11 1 2 34% 317671 1832 57%
c v 15567.90 223 22 304 955608  3 31943855 282241 3.0 34 11 1 2 34% 317671 1832 57%
c w 15567.91 223 22 304 955608  3 31943855 282241 3.0 34 11 1 2 34% 317671 1832 57%
c } 15586.88 223 22 304 958160  3 31976986 311022 3.0 33 11 1 2 34% 317671 1832 57%
c [ 15586.88 223 20 304 958160  1 31976986 311022 2.9 41 14 2 3 36% 317671 1832 57%
c B 15661.72 223 16 304 958161  1 32131612 413423 2.8 34 12 2 3 38% 317671 1832 57%
c - 15672.35 186 17 305 958161  1 32156080 276629 2.7 34 13 2 3 38% 317671 1832 57%
c p 15672.47 186 17 305 958161  1 32156080 276654 2.7 34 13 2 3 38% 317671 1832 57%
c u 15675.26 186 17 305 958161  1 32156080 273789 2.7 34 13 2 3 38% 317671 1832 57%
c v 15675.44 186 17 305 958161  1 32156080 273244 2.7 34 13 2 3 38% 317671 1832 57%
c w 15675.46 186 17 305 958161  1 32156080 273243 2.7 34 13 2 3 38% 317671 1832 57%
c - 15756.55 221 19 306 958188  1 32369007 267277 2.6 37 14 1 2 36% 317671 1832 57%
c p 15756.68 221 19 306 958188  1 32369007 267302 2.6 37 14 1 2 36% 317671 1832 57%
c u 15759.30 221 19 306 958188  1 32369007 265768 2.6 37 14 1 2 36% 317671 1832 57%
c v 15759.31 221 19 306 958188  1 32369007 265768 2.6 37 14 1 2 36% 317671 1832 57%
c 
c   seconds      reductions      conflicts           size   tier2       variables
c             MB       restarts          redundant      glue   trail         remaining
c              level          rate             size/glue  tier1  irredundant
c 
c w 15759.33 221 19 306 958188  1 32369007 265765 2.6 37 14 1 2 36% 317671 1832 57%
c W 15774.62 221 19 306 958192  1 32385613 279120 2.7 38 14 1 2 36% 317671 1832 57%
c ] 15799.21 221 32 306 958224  2 32492771 373347 2.8 54 19 1 2 38% 317671 1832 57%
c { 15799.21 221 22 306 958224  3 32492771 373347 3.0 33 11 1 2 34% 317671 1832 57%
c - 15878.01 187 22 307 964602  3 32582639 273996 3.0 33 11 1 2 34% 317671 1832 57%
c p 15878.13 187 22 307 964602  3 32582639 274022 3.0 33 11 1 2 34% 317671 1832 57%
c u 15880.92 187 22 307 964602  3 32582639 271855 3.0 33 11 1 2 34% 317671 1832 57%
c v 15882.27 187 22 307 964602  3 32582639 271482 3.0 33 11 1 2 34% 317671 1832 57%
c w 15882.27 187 22 307 964602  3 32582639 271482 3.0 33 11 1 2 34% 317671 1832 57%
c s 15906.24 192 22 307 968117  3 32623775 307386 3.0 34 11 1 2 34% 317671 1832 57%
c s 15907.13 192 22 307 968117  3 32623775 307362 3.0 34 11 1 2 34% 317671 1832 57%
c # 15915.52 192 22 307 968942  3 32640615 321357 3.0 33 11 1 2 34% 317671 1832 57%
c - 16022.55 228 23 308 980999  3 32796976 284979 3.0 34 11 1 2 35% 317671 1832 57%
c p 16022.69 169 23 308 980999  3 32796976 285004 3.0 34 11 1 2 35% 317671 1832 57%
c u 16026.20 169 23 308 980999  3 32796976 281875 3.0 34 11 1 2 35% 317671 1832 57%
c v 16027.97 169 23 308 980999  3 32796976 281327 3.0 34 11 1 2 35% 317671 1832 57%
c w 16027.98 169 23 308 980999  3 32796976 281327 3.0 34 11 1 2 35% 317671 1832 57%
c } 16075.34 169 23 308 987698  3 32885312 358115 3.0 34 11 1 2 35% 317671 1832 57%
c [ 16075.34 169 32 308 987698  2 32885312 358115 2.8 54 19 1 2 38% 317671 1832 57%
c I 16077.07 169 33 308 987698  2 32896617 368643 2.8 54 19 1 2 37% 317671 1832 57%
c 
c   seconds      reductions      conflicts           size   tier2       variables
c             MB       restarts          redundant      glue   trail         remaining
c              level          rate             size/glue  tier1  irredundant
c 
c - 16107.09 170 34 309 987742  2 33012015 288614 2.6 53 20 1 2 34% 317671 1832 57%
c p 16107.23 170 34 309 987742  2 33012015 288638 2.6 53 20 1 2 34% 317671 1832 57%
c u 16109.80 170 34 309 987742  2 33012015 287302 2.6 53 20 1 2 34% 317671 1832 57%
c v 16110.87 170 34 309 987742  2 33012015 286415 2.6 53 20 1 2 34% 317671 1832 57%
c w 16110.88 170 34 309 987742  2 33012015 286415 2.6 53 20 1 2 34% 317671 1832 57%
c B 16165.41 170 23 309 987762  2 33153618 400910 2.9 44 15 1 2 36% 317671 1832 57%
c - 16186.76 169 31 310 987790  2 33227769 283378 2.6 51 20 1 2 35% 317671 1832 57%
c p 16186.89 169 31 310 987790  2 33227769 283404 2.6 51 20 1 2 35% 317671 1832 57%
c u 16189.06 169 31 310 987790  2 33227769 281639 2.6 51 20 1 2 35% 317671 1832 57%
c v 16190.13 169 31 310 987790  2 33227769 280132 2.6 51 20 1 2 35% 317671 1832 57%
c w 16190.15 169 31 310 987790  2 33227769 280132 2.6 51 20 1 2 35% 317671 1832 57%
c W 16254.36 169 35 310 987843  2 33411620 431021 2.3 51 22 1 2 33% 317671 1832 57%
c - 16268.01 169 36 311 987856  2 33444215 275449 2.3 52 23 1 2 33% 317671 1832 57%
c p 16268.13 169 36 311 987856  2 33444215 275470 2.3 52 23 1 2 33% 317671 1832 57%
c u 16270.09 169 36 311 987856  2 33444215 274253 2.3 52 23 1 2 33% 317671 1832 57%
c w 16270.12 169 36 311 987856  2 33444215 274253 2.3 52 23 1 2 33% 317671 1832 57%
c ] 16292.56 169 37 311 987887  2 33534321 351732 2.5 55 22 1 2 35% 317671 1832 57%
c { 16292.56 169 23 311 987887  3 33534321 351732 3.0 34 11 1 2 35% 317671 1832 57%
c s 16352.41 194 22 311 992686  3 33603033 412002 3.0 34 11 1 2 34% 317671 1832 57%
c s 16353.29 194 22 311 992686  3 33603033 411926 3.0 34 11 1 2 34% 317671 1832 57%
c 
c   seconds      reductions      conflicts           size   tier2       variables
c             MB       restarts          redundant      glue   trail         remaining
c              level          rate             size/glue  tier1  irredundant
c 
c - 16413.22 195 22 312 997859  3 33661366 283631 2.9 34 11 1 2 35% 317671 1832 57%
c p 16413.35 195 22 312 997859  3 33661366 283654 2.9 34 11 1 2 35% 317671 1832 57%
c u 16420.66 195 22 312 997859  3 33661366 280414 2.9 34 11 1 2 35% 317671 1832 57%
c v 16422.52 195 22 312 997859  3 33661366 279925 2.9 34 11 1 2 35% 317671 1832 57%
c w 16422.52 195 22 312 997859  3 33661366 279925 2.9 34 11 1 2 35% 317671 1832 57%
c B 16427.37 195 22 312 998669  3 33670625 288084 2.9 34 12 1 2 35% 317671 1832 57%
c - 16566.72 196 22 313 1013146  3 33879222 294243 3.0 34 11 1 2 35% 317671 1832 57%
c p 16566.86 196 22 313 1013146  3 33879222 294267 3.0 34 11 1 2 35% 317671 1832 57%
c u 16570.67 196 22 313 1013146  3 33879222 291751 3.0 34 11 1 2 35% 317671 1832 57%
c v 16572.74 196 22 313 1013146  3 33879222 291236 3.0 34 11 1 2 35% 317671 1832 57%
c w 16572.75 196 22 313 1013146  3 33879222 291236 3.0 34 11 1 2 35% 317671 1832 57%
c } 16592.87 196 22 313 1015639  3 33914708 322025 3.0 34 11 1 2 34% 317671 1832 57%
c [ 16592.87 196 37 313 1015639  2 33914708 322025 2.5 55 22 1 2 35% 317671 1832 57%
c O 16596.66 196 35 313 1015640  2 33930628 335083 2.5 51 21 1 2 34% 317671 1832 57%
c - 16668.64 195 23 314 1015642  1 34097780 290458 2.6 41 16 1 2 34% 317671 1832 57%
c p 16668.79 195 23 314 1015642  1 34097780 290483 2.6 41 16 1 2 34% 317671 1832 57%
c u 16671.62 195 23 314 1015642  1 34097780 288456 2.6 41 16 1 2 34% 317671 1832 57%
c v 16673.13 195 23 314 1015642  1 34097780 286209 2.6 41 16 1 2 34% 317671 1832 57%
c w 16673.16 195 23 314 1015642  1 34097780 286207 2.6 41 16 1 2 34% 317671 1832 57%
c B 16704.08 195 21 314 1015661  1 34191631 360988 2.8 40 14 1 2 34% 317671 1832 57%
c 
c   seconds      reductions       conflicts           size   tier2       variables
c             MB        restarts          redundant      glue   trail         remaining
c              level           rate             size/glue  tier1  irredundant
c 
c - 16738.91 195 35 315 1015704  2 34317044 283280 2.8 52 18 1 2 39% 317671 1832 57%
c p 16739.05 195 35 315 1015704  2 34317044 283306 2.8 52 18 1 2 39% 317671 1832 57%
c u 16741.08 195 35 315 1015704  2 34317044 282073 2.8 52 18 1 2 39% 317671 1832 57%
c v 16741.19 195 35 315 1015704  2 34317044 282033 2.8 52 18 1 2 39% 317671 1832 57%
c w 16741.24 195 35 315 1015704  2 34317044 282030 2.8 52 18 1 2 39% 317671 1832 57%
c W 16794.04 195 37 315 1015747  2 34453634 404333 3.0 58 19 1 2 38% 317671 1832 57%
c s 16813.81 206 37 315 1015767  2 34510471 449960 2.6 55 21 1 2 37% 317671 1832 57%
c s 16814.89 206 37 315 1015767  2 34510471 449932 2.6 55 21 1 2 37% 317671 1832 57%
c - 16824.25 206 38 316 1015768  2 34537010 284701 2.5 54 22 1 2 36% 317671 1832 57%
c p 16824.40 206 38 316 1015768  2 34537010 284726 2.5 54 22 1 2 36% 317671 1832 57%
c u 16826.62 206 38 316 1015768  2 34537010 282973 2.5 54 22 1 2 36% 317671 1832 57%
c v 16826.75 206 38 316 1015768  2 34537010 282927 2.5 54 22 1 2 36% 317671 1832 57%
c w 16826.77 206 38 316 1015768  2 34537010 282927 2.5 54 22 1 2 36% 317671 1832 57%
c ] 16829.32 206 38 316 1015768  2 34547952 292095 2.4 53 22 1 2 35% 317671 1832 57%
c { 16829.32 206 22 316 1015768  3 34547952 292095 3.0 34 11 1 2 34% 317671 1832 57%
c W 16946.52 206 22 316 1028418  3 34716641 440078 3.0 33 11 1 2 34% 317671 1832 57%
c - 16982.44 207 22 317 1031863  3 34757680 295615 2.9 33 11 1 2 34% 317671 1832 57%
c p 16982.57 207 22 317 1031863  3 34757680 295640 2.9 33 11 1 2 34% 317671 1832 57%
c u 16986.21 207 22 317 1031863  3 34757680 292468 2.9 33 11 1 2 34% 317671 1832 57%
c v 16988.43 207 22 317 1031863  3 34757680 291882 2.9 33 11 1 2 34% 317671 1832 57%
c 
c   seconds      reductions       conflicts           size   tier2       variables
c             MB        restarts          redundant      glue   trail         remaining
c              level           rate             size/glue  tier1  irredundant
c 
c } 17113.75 207 23 317 1046596  3 34951015 462447 3.0 34 12 1 2 34% 317671 1832 57%
c [ 17113.75 207 38 317 1046596  2 34951015 462447 2.4 53 22 1 2 35% 317671 1832 57%
c - 17126.67 207 33 318 1046597  2 34979054 302510 2.4 48 20 1 2 35% 317671 1832 57%
c p 17126.81 207 33 318 1046597  2 34979054 302534 2.4 48 20 1 2 35% 317671 1832 57%
c u 17130.81 207 33 318 1046597  2 34979054 300211 2.4 48 20 1 2 35% 317671 1832 57%
c v 17132.69 207 33 318 1046597  2 34979054 299150 2.4 48 20 1 2 35% 317671 1832 57%
c w 17132.70 207 33 318 1046597  2 34979054 299150 2.4 48 20 1 2 35% 317671 1832 57%
c I 17133.21 207 33 318 1046597  2 34980642 300489 2.4 48 20 1 2 35% 317671 1832 57%
c - 17208.69 207 31 319 1046660  2 35201132 298730 2.5 48 19 1 2 36% 317671 1832 57%
c p 17208.83 207 31 319 1046660  2 35201132 298751 2.5 48 19 1 2 36% 317671 1832 57%
c u 17211.38 207 31 319 1046660  2 35201132 297295 2.5 48 19 1 2 36% 317671 1832 57%
c v 17212.65 207 31 319 1046660  2 35201132 294777 2.5 48 19 1 2 36% 317671 1832 57%
c w 17212.68 207 31 319 1046660  2 35201132 294777 2.5 48 19 1 2 36% 317671 1832 57%
c B 17223.63 207 32 319 1046674  2 35245645 330413 2.4 48 20 1 2 36% 317671 1832 57%
c - 17272.74 207 37 320 1046724  2 35423914 291182 2.4 52 21 1 2 36% 317671 1832 57%
c p 17272.86 207 37 320 1046724  2 35423914 291206 2.4 52 21 1 2 36% 317671 1832 57%
c u 17274.61 207 37 320 1046724  2 35423914 289955 2.4 52 21 1 2 36% 317671 1832 57%
c w 17274.64 207 37 320 1046724  2 35423914 289953 2.4 52 21 1 2 36% 317671 1832 57%
c s 17277.40 207 37 320 1046724  2 35432780 297585 2.4 52 21 1 2 36% 317671 1832 57%
c s 17278.37 207 37 320 1046724  2 35432780 297554 2.4 52 21 1 2 36% 317671 1832 57%
c 
c   seconds      reductions       conflicts           size   tier2       variables
c             MB        restarts          redundant      glue   trail         remaining
c              level           rate             size/glue  tier1  irredundant
c 
c W 17311.31 207 39 320 1046725  2 35511646 366229 2.5 56 22 1 2 36% 317671 1832 57%
c ] 17351.14 207 43 320 1046726  2 35623129 461997 2.3 56 24 1 2 35% 317671 1832 57%
c { 17351.14 207 23 320 1046726  3 35623129 461997 3.0 34 12 1 2 34% 317671 1832 57%
c - 17379.98 208 22 321 1048269  3 35647402 291515 3.0 34 11 1 2 34% 317671 1832 57%
c p 17380.12 208 22 321 1048269  3 35647402 291540 3.0 34 11 1 2 34% 317671 1832 57%
c u 17382.71 208 22 321 1048269  3 35647402 289854 3.0 34 11 1 2 34% 317671 1832 57%
c w 17382.71 208 22 321 1048269  3 35647402 289853 3.0 34 11 1 2 34% 317671 1832 57%
c F 17462.42 208 22 321 1057810  3 35778647 402804 3.0 34 11 1 2 34% 317671 1832 57%
c - 17535.83 209 22 322 1064552  3 35871592 301497 3.0 34 11 1 2 34% 317671 1832 57%
c p 17535.97 209 22 322 1064552  3 35871592 301519 3.0 34 11 1 2 34% 317671 1832 57%
c u 17539.69 209 22 322 1064552  3 35871592 298296 3.0 34 11 1 2 34% 317671 1832 57%
c v 17542.05 209 22 322 1064552  3 35871592 297392 3.0 34 11 1 2 34% 317671 1832 57%
c w 17542.07 209 22 322 1064552  3 35871592 297391 3.0 34 11 1 2 34% 317671 1832 57%
c } 17648.24 209 21 322 1076378  3 36036615 441002 3.0 34 11 1 2 35% 317671 1832 57%
c [ 17648.24 209 43 322 1076378  2 36036615 441002 2.3 56 24 1 2 35% 317671 1832 57%
c O 17653.08 209 41 322 1076378  2 36046651 449382 2.4 55 23 1 2 35% 317671 1832 57%
c - 17664.13 209 38 323 1076378  2 36096486 309718 2.7 57 21 1 2 34% 317671 1832 57%
c p 17664.27 209 38 323 1076378  2 36096486 309741 2.7 57 21 1 2 34% 317671 1832 57%
c u 17667.31 209 38 323 1076378  2 36096486 307966 2.7 57 21 1 2 34% 317671 1832 57%
c v 17669.01 209 38 323 1076378  2 36096486 306011 2.7 57 21 1 2 34% 317671 1832 57%
c 
c   seconds      reductions       conflicts           size   tier2       variables
c             MB        restarts          redundant      glue   trail         remaining
c              level           rate             size/glue  tier1  irredundant
c 
c w 17669.06 209 38 323 1076378  2 36096486 306011 2.7 57 21 1 2 34% 317671 1832 57%
c B 17734.78 209 38 323 1076379  2 36315655 492864 2.3 55 24 1 2 33% 317671 1832 57%
c - 17736.15 209 40 324 1076379  2 36322084 305057 2.4 56 23 1 2 34% 317671 1832 57%
c p 17736.29 209 40 324 1076379  2 36322084 305082 2.4 56 23 1 2 34% 317671 1832 57%
c u 17737.81 209 40 324 1076379  2 36322084 304305 2.4 56 23 1 2 34% 317671 1832 57%
c v 17738.65 209 40 324 1076379  2 36322084 303736 2.4 56 23 1 2 34% 317671 1832 57%
c w 17738.70 209 40 324 1076379  2 36322084 303734 2.4 56 23 1 2 34% 317671 1832 57%
c - 17808.28 208 36 325 1076379  2 36548386 292071 2.1 49 23 1 2 34% 317671 1832 57%
c p 17808.42 208 36 325 1076379  2 36548386 292092 2.1 49 23 1 2 34% 317671 1832 57%
c u 17810.99 208 36 325 1076379  2 36548386 290127 2.1 49 23 1 2 34% 317671 1832 57%
c w 17811.04 208 36 325 1076379  2 36548386 290126 2.1 49 23 1 2 34% 317671 1832 57%
c W 17838.69 208 36 325 1076379  2 36585661 320981 2.2 49 23 1 2 34% 317671 1832 57%
c ] 17882.86 208 39 325 1076379  2 36741403 455443 2.5 57 22 1 2 36% 317671 1832 57%
c { 17882.86 208 21 325 1076379  3 36741403 455443 3.0 34 11 1 2 35% 317671 1832 57%
c - 17929.20 208 22 326 1079637  3 36775395 293875 3.0 34 12 1 2 34% 317671 1832 57%
c p 17929.33 208 22 326 1079637  3 36775395 293899 3.0 34 12 1 2 34% 317671 1832 57%
c u 17931.61 208 22 326 1079637  3 36775395 292216 3.0 34 12 1 2 34% 317671 1832 57%
c v 17932.48 208 22 326 1079637  3 36775395 291576 3.0 34 12 1 2 34% 317671 1832 57%
c w 17932.49 208 22 326 1079637  3 36775395 291576 3.0 34 12 1 2 34% 317671 1832 57%
c B 17976.64 208 21 326 1084629  3 36856662 361314 3.0 33 11 1 2 34% 317671 1832 57%
c 
c   seconds      reductions       conflicts           size   tier2       variables
c             MB        restarts          redundant      glue   trail         remaining
c              level           rate             size/glue  tier1  irredundant
c 
c - 18091.00 209 22 327 1097127  3 37003105 306201 2.9 34 12 1 2 34% 317671 1832 57%
c p 18091.14 209 22 327 1097127  3 37003105 306226 2.9 34 12 1 2 34% 317671 1832 57%
c u 18095.13 209 22 327 1097127  3 37003105 302980 2.9 34 12 1 2 34% 317671 1832 57%
c v 18097.35 209 22 327 1097127  3 37003105 302338 2.9 34 12 1 2 34% 317671 1832 57%
c s 18101.85 209 23 327 1097467  3 37009673 308094 2.9 34 12 1 2 34% 317671 1832 57%
c s 18102.06 209 23 327 1097467  3 37009673 308094 2.9 34 12 1 2 34% 317671 1832 57%
c W 18186.31 209 22 327 1105711  3 37128663 411290 3.0 34 11 1 2 34% 317671 1832 57%
c } 18199.75 209 22 327 1107120  3 37147675 428265 3.0 34 11 1 2 34% 317671 1832 57%
c [ 18199.75 209 39 327 1107120  2 37147675 428265 2.5 57 22 1 2 36% 317671 1832 57%
c - 18221.34 210 38 328 1107120  2 37231521 312938 2.6 56 21 1 2 35% 317671 1832 57%
c p 18221.48 210 38 328 1107120  2 37231521 312962 2.6 56 21 1 2 35% 317671 1832 57%
c u 18224.34 210 38 328 1107120  2 37231521 311432 2.6 56 21 1 2 35% 317671 1832 57%
c v 18225.75 210 38 328 1107120  2 37231521 310960 2.6 56 21 1 2 35% 317671 1832 57%
c w 18225.79 210 38 328 1107120  2 37231521 310957 2.6 56 21 1 2 35% 317671 1832 57%
c I 18268.66 210 39 328 1107121  2 37401665 457619 2.5 56 22 1 2 34% 317671 1832 57%
c - 18292.02 209 38 329 1107121  2 37460638 310509 2.4 54 22 1 2 33% 317671 1832 57%
c p 18292.18 209 38 329 1107121  2 37460638 310529 2.4 54 22 1 2 33% 317671 1832 57%
c u 18294.55 209 38 329 1107121  2 37460638 309279 2.4 54 22 1 2 33% 317671 1832 57%
c v 18295.77 209 38 329 1107121  2 37460638 308690 2.4 54 22 1 2 33% 317671 1832 57%
c w 18295.81 209 38 329 1107121  2 37460638 308689 2.4 54 22 1 2 33% 317671 1832 57%
c 
c   seconds      reductions       conflicts           size   tier2       variables
c             MB        restarts          redundant      glue   trail         remaining
c              level           rate             size/glue  tier1  irredundant
c 
c B 18362.59 209 38 329 1107121  2 37675666 488809 2.4 51 21 1 2 34% 317671 1832 57%
c - 18365.91 209 39 330 1107121  2 37690461 302533 2.5 53 21 1 2 36% 317671 1832 57%
c p 18366.06 209 39 330 1107121  2 37690461 302555 2.5 53 21 1 2 36% 317671 1832 57%
c u 18368.33 209 39 330 1107121  2 37690461 301096 2.5 53 21 1 2 36% 317671 1832 57%
c v 18368.33 209 39 330 1107121  2 37690461 301094 2.5 53 21 1 2 36% 317671 1832 57%
c w 18368.36 209 39 330 1107121  2 37690461 301093 2.5 53 21 1 2 36% 317671 1832 57%
c ] 18428.51 209 38 330 1107121  2 37894679 482827 2.8 63 23 1 2 34% 317671 1832 57%
c { 18428.51 209 22 330 1107121  3 37894679 482827 3.0 34 11 1 2 34% 317671 1832 57%
c - 18464.99 210 22 331 1108912  3 37920987 305564 3.0 34 11 1 2 34% 317671 1832 57%
c p 18465.17 210 22 331 1108912  3 37920987 305586 3.0 34 11 1 2 34% 317671 1832 57%
c u 18471.45 210 22 331 1108912  3 37920987 303532 3.0 34 11 1 2 34% 317671 1832 57%
c v 18472.91 210 22 331 1108912  3 37920987 303184 3.0 34 11 1 2 34% 317671 1832 57%
c # 18490.60 210 23 331 1111464  3 37950667 329473 3.0 35 11 1 2 34% 317671 1832 57%
c - 18638.03 211 21 332 1125671  3 38152217 316640 3.0 34 11 1 2 34% 317671 1832 57%
c p 18638.17 211 21 332 1125671  3 38152217 316664 3.0 34 11 1 2 34% 317671 1832 57%
c u 18641.96 211 21 332 1125671  3 38152217 313106 3.0 34 11 1 2 34% 317671 1832 57%
c v 18643.95 211 21 332 1125671  3 38152217 312331 3.0 34 11 1 2 34% 317671 1832 57%
c B 18687.80 211 22 332 1131119  3 38226671 377204 3.1 34 11 1 2 34% 317671 1832 57%
c } 18747.92 211 22 332 1137961  3 38303767 443411 3.0 34 11 1 2 34% 317671 1832 57%
c [ 18747.92 211 38 332 1137961  2 38303767 443411 2.8 63 23 1 2 34% 317671 1832 57%
c 
c   seconds      reductions       conflicts           size   tier2       variables
c             MB        restarts          redundant      glue   trail         remaining
c              level           rate             size/glue  tier1  irredundant
c 
c - 18784.64 211 36 333 1137961  2 38384149 322885 2.9 49 17 1 2 34% 317671 1832 57%
c p 18784.79 211 36 333 1137961  2 38384149 322907 2.9 49 17 1 2 34% 317671 1832 57%
c u 18789.00 211 36 333 1137961  2 38384149 321042 2.9 49 17 1 2 34% 317671 1832 57%
c v 18790.91 211 36 333 1137961  2 38384149 320443 2.9 49 17 1 2 34% 317671 1832 57%
c w 18790.92 211 36 333 1137961  2 38384149 320443 2.9 49 17 1 2 34% 317671 1832 57%
c W 18846.71 211 37 333 1137961  2 38503677 427131 2.9 59 20 1 2 36% 317671 1832 57%
c - 18883.32 211 37 334 1137961  2 38616785 320387 2.8 59 21 1 2 37% 317671 1832 57%
c p 18883.47 211 37 334 1137961  2 38616785 320410 2.8 59 21 1 2 37% 317671 1832 57%
c u 18886.00 211 37 334 1137961  2 38616785 318964 2.8 59 21 1 2 37% 317671 1832 57%
c v 18887.18 211 37 334 1137961  2 38616785 317857 2.8 59 21 1 2 37% 317671 1832 57%
c w 18887.20 211 37 334 1137961  2 38616785 317857 2.8 59 21 1 2 37% 317671 1832 57%
c O 18930.29 211 37 334 1137962  2 38781682 459171 2.8 58 21 1 2 36% 317671 1832 57%
c - 18958.90 211 33 335 1137962  2 38850129 312182 3.1 56 18 1 2 38% 317671 1832 57%
c p 18959.03 211 33 335 1137962  2 38850129 312203 3.1 56 18 1 2 38% 317671 1832 57%
c u 18961.15 211 33 335 1137962  2 38850129 310910 3.1 56 18 1 2 38% 317671 1832 57%
c v 18961.17 211 33 335 1137962  2 38850129 310909 3.1 56 18 1 2 38% 317671 1832 57%
c w 18961.19 211 33 335 1137962  2 38850129 310909 3.1 56 18 1 2 38% 317671 1832 57%
c ] 19007.55 211 34 335 1137962  2 39025155 465897 3.0 59 20 1 2 35% 317671 1832 57%
c { 19007.55 211 22 335 1137962  3 39025155 465897 3.0 34 11 1 2 34% 317671 1832 57%
c W 19057.24 211 21 335 1140351  3 39060686 495734 3.0 34 11 1 2 35% 317671 1832 57%
c 
c   seconds      reductions       conflicts           size   tier2       variables
c             MB        restarts          redundant      glue   trail         remaining
c              level           rate             size/glue  tier1  irredundant
c 
c - 19090.86 212 22 336 1142323  3 39084175 317757 3.0 34 11 1 2 34% 317671 1832 57%
c p 19091.00 212 22 336 1142323  3 39084175 317780 3.0 34 11 1 2 34% 317671 1832 57%
c u 19094.33 212 22 336 1142323  3 39084175 315412 3.0 34 11 1 2 34% 317671 1832 57%
c v 19095.84 212 22 336 1142323  3 39084175 315139 3.0 34 11 1 2 34% 317671 1832 57%
c w 19095.84 212 22 336 1142323  3 39084175 315139 3.0 34 11 1 2 34% 317671 1832 57%
c s 19100.65 214 22 336 1142984  3 39090602 320704 3.0 34 11 1 2 34% 317671 1832 57%
c s 19101.44 214 22 336 1142984  3 39090602 320622 3.0 34 11 1 2 34% 317671 1832 57%
c - 19269.93 215 22 337 1159765  3 39318930 328502 3.1 35 11 1 2 34% 317671 1832 57%
c p 19270.10 215 22 337 1159765  3 39318930 328526 3.1 35 11 1 2 34% 317671 1832 57%
c u 19274.49 215 22 337 1159765  3 39318930 325332 3.1 35 11 1 2 34% 317671 1832 57%
c v 19276.52 215 22 337 1159765  3 39318930 324414 3.1 35 11 1 2 34% 317671 1832 57%
c F 19290.99 215 22 337 1161704  3 39340688 343764 3.0 35 11 1 2 34% 317671 1832 57%
c } 19356.57 215 22 337 1168780  3 39430811 421981 3.0 35 12 1 2 34% 317671 1832 57%
c [ 19356.57 215 34 337 1168780  2 39430811 421981 3.0 59 20 1 2 35% 317671 1832 57%
c - 19412.47 215 23 338 1168780  2 39554384 332321 3.2 47 15 1 2 36% 317671 1832 57%
c p 19412.61 215 23 338 1168780  2 39554384 332344 3.2 47 15 1 2 36% 317671 1832 57%
c u 19416.61 215 23 338 1168780  2 39554384 330492 3.2 47 15 1 2 36% 317671 1832 57%
c v 19418.34 215 23 338 1168780  2 39554384 329988 3.2 47 15 1 2 36% 317671 1832 57%
c w 19418.36 215 23 338 1168780  2 39554384 329988 3.2 47 15 1 2 36% 317671 1832 57%
c B 19435.02 215 30 338 1168780  2 39621689 390465 3.0 54 18 1 2 36% 317671 1832 57%
c 
c   seconds      reductions       conflicts           size   tier2       variables
c             MB        restarts          redundant      glue   trail         remaining
c              level           rate             size/glue  tier1  irredundant
c 
c - 19487.91 215 35 339 1168780  2 39790543 332650 3.0 62 20 1 2 37% 317671 1832 57%
c p 19488.09 215 35 339 1168780  2 39790543 332672 3.0 62 20 1 2 37% 317671 1832 57%
c u 19490.79 215 35 339 1168780  2 39790543 331522 3.0 62 20 1 2 37% 317671 1832 57%
c v 19492.10 215 35 339 1168780  2 39790543 330900 3.0 62 20 1 2 37% 317671 1832 57%
c w 19492.13 215 35 339 1168780  2 39790543 330900 3.0 62 20 1 2 37% 317671 1832 57%
c W 19531.66 215 39 339 1168780  2 39903694 431595 3.3 64 19 1 2 39% 317671 1832 57%
c - 19578.01 214 38 340 1168780  2 40027405 324158 2.7 56 21 1 2 36% 317671 1832 57%
c p 19578.18 214 38 340 1168780  2 40027405 324178 2.7 56 21 1 2 36% 317671 1832 57%
c u 19580.54 214 38 340 1168780  2 40027405 322978 2.7 56 21 1 2 36% 317671 1832 57%
c w 19580.56 214 38 340 1168780  2 40027405 322978 2.7 56 21 1 2 36% 317671 1832 57%
c s 19587.22 215 39 340 1168780  2 40057539 350162 3.0 58 20 1 2 39% 317671 1832 57%
c s 19588.22 215 39 340 1168780  2 40057539 350125 3.0 58 20 1 2 39% 317671 1832 57%
c ] 19625.61 215 40 340 1168780  2 40177020 455514 2.6 58 22 1 2 35% 317671 1832 57%
c { 19625.61 215 22 340 1168780  3 40177020 455514 3.0 35 12 1 2 34% 317671 1832 57%
c B 19636.13 215 23 340 1169484  3 40186695 464231 3.0 35 12 1 2 34% 317671 1832 57%
c - 19718.83 215 22 341 1174190  3 40264980 328440 3.1 35 11 1 2 34% 317671 1832 57%
c p 19718.98 215 22 341 1174190  3 40264980 328464 3.1 35 11 1 2 34% 317671 1832 57%
c u 19722.38 215 22 341 1174190  3 40264980 325681 3.1 35 11 1 2 34% 317671 1832 57%
c v 19722.63 215 22 341 1174190  3 40264980 325171 3.1 35 11 1 2 34% 317671 1832 57%
c W 19885.87 215 22 341 1190369  3 40470696 504969 3.0 34 11 1 2 35% 317671 1832 57%
c 
c   seconds      reductions       conflicts           size   tier2       variables
c             MB        restarts          redundant      glue   trail         remaining
c              level           rate             size/glue  tier1  irredundant
c 
c - 19916.88 216 22 342 1192975  3 40503247 340486 3.0 35 11 1 2 35% 317671 1832 57%
c p 19917.04 216 22 342 1192975  3 40503247 340509 3.0 35 11 1 2 35% 317671 1832 57%
c u 19921.99 216 22 342 1192975  3 40503247 337738 3.0 35 11 1 2 35% 317671 1832 57%
c v 19924.18 216 22 342 1192975  3 40503247 337233 3.0 35 11 1 2 35% 317671 1832 57%
c w 19924.19 216 22 342 1192975  3 40503247 337233 3.0 35 11 1 2 35% 317671 1832 57%
c } 19973.87 216 21 342 1197931  3 40583451 405820 3.0 34 11 1 2 34% 317671 1832 57%
c [ 19973.87 216 40 342 1197931  2 40583451 405820 2.6 58 22 1 2 35% 317671 1832 57%
c - 20062.41 216 23 343 1197931  1 40742219 341180 2.9 44 15 1 2 36% 317671 1832 57%
c p 20062.54 216 23 343 1197931  1 40742219 341203 2.9 44 15 1 2 36% 317671 1832 57%
c u 20066.21 216 23 343 1197931  1 40742219 339343 2.9 44 15 1 2 36% 317671 1832 57%
c v 20068.00 216 23 343 1197931  1 40742219 336769 2.9 44 15 1 2 36% 317671 1832 57%
c w 20068.04 216 23 343 1197931  1 40742219 336765 2.9 44 15 1 2 36% 317671 1832 57%
c I 20072.40 216 23 343 1197931  1 40755700 347964 2.9 43 15 1 2 36% 317671 1832 57%
c - 20138.42 215 38 344 1197931  2 40981902 332826 2.3 53 24 1 2 33% 317671 1832 57%
c p 20138.56 215 38 344 1197931  2 40981902 332850 2.3 53 24 1 2 33% 317671 1832 57%
c u 20141.23 215 38 344 1197931  2 40981902 331818 2.3 53 24 1 2 33% 317671 1832 57%
c w 20141.27 215 38 344 1197931  2 40981902 331817 2.3 53 24 1 2 33% 317671 1832 57%
c s 20157.27 215 39 344 1197931  2 41039352 379555 2.2 53 23 1 2 33% 317671 1832 57%
c s 20158.21 215 39 344 1197931  2 41039352 379526 2.2 53 23 1 2 33% 317671 1832 57%
c B 20159.01 215 39 344 1197931  2 41041702 381595 2.2 53 23 1 2 33% 317671 1832 57%
c 
c   seconds      reductions       conflicts           size   tier2       variables
c             MB        restarts          redundant      glue   trail         remaining
c              level           rate             size/glue  tier1  irredundant
c 
c - 20205.38 214 41 345 1197931  2 41222281 326882 3.0 64 21 1 2 41% 317671 1832 57%
c p 20205.53 214 41 345 1197931  2 41222281 326904 3.0 64 21 1 2 41% 317671 1832 57%
c u 20207.82 214 41 345 1197931  2 41222281 325623 3.0 64 21 1 2 41% 317671 1832 57%
c v 20207.84 214 41 345 1197931  2 41222281 325621 3.0 64 21 1 2 41% 317671 1832 57%
c w 20207.88 214 41 345 1197931  2 41222281 325620 3.0 64 21 1 2 41% 317671 1832 57%
c ] 20232.89 214 39 345 1197931  2 41319282 406537 2.6 57 22 1 2 36% 317671 1832 57%
c { 20232.89 214 21 345 1197931  3 41319282 406537 3.0 34 11 1 2 34% 317671 1832 57%
c # 20240.95 214 21 345 1198557  3 41328705 415025 3.0 34 11 1 2 34% 317671 1832 57%
c - 20387.51 215 22 346 1209232  3 41463376 334475 3.0 35 12 1 2 34% 317671 1832 57%
c p 20387.65 215 22 346 1209232  3 41463376 334497 3.0 35 12 1 2 34% 317671 1832 57%
c u 20390.95 215 22 346 1209232  3 41463376 330987 3.0 35 12 1 2 34% 317671 1832 57%
c v 20393.21 215 22 346 1209232  3 41463376 330271 3.0 35 12 1 2 34% 317671 1832 57%
c w 20393.22 215 22 346 1209232  3 41463376 330271 3.0 35 12 1 2 34% 317671 1832 57%
c B 20502.64 215 21 346 1220277  3 41616707 459545 3.0 33 11 1 2 34% 317671 1832 57%
c - 20584.71 216 21 347 1227162  3 41705165 344078 3.0 33 11 1 2 34% 317671 1832 57%
c p 20584.87 216 21 347 1227162  3 41705165 344103 3.0 33 11 1 2 34% 317671 1832 57%
c u 20588.15 216 21 347 1227162  3 41705165 342388 3.0 33 11 1 2 34% 317671 1832 57%
c v 20589.89 216 21 347 1227162  3 41705165 340984 3.0 33 11 1 2 34% 317671 1832 57%
c w 20589.90 216 21 347 1227162  3 41705165 340984 3.0 33 11 1 2 34% 317671 1832 57%
c x 20590.15 216 21 347 1227162  3 41705165 340984 3.0 33 11 1 2 34% 317671 1832 57%
c 
c   seconds      reductions       conflicts           size   tier2       variables
c             MB        restarts          redundant      glue   trail         remaining
c              level           rate             size/glue  tier1  irredundant
c 
c } 20591.58 216 21 347 1227173  3 41708425 343655 3.0 33 11 1 2 35% 317671 1832 57%
c [ 20591.58 216 39 347 1227173  2 41708425 343655 2.6 57 22 1 2 36% 317671 1832 57%
c W 20734.14 216 22 347 1227173  1 41905709 497004 2.9 42 14 1 2 36% 317671 1832 57%
c - 20745.85 216 28 348 1227173  2 41947658 342981 3.0 48 16 1 2 37% 317671 1832 57%
c p 20746.02 216 28 348 1227173  2 41947658 343006 3.0 48 16 1 2 37% 317671 1832 57%
c u 20749.55 216 28 348 1227173  2 41947658 339805 3.0 48 16 1 2 37% 317671 1832 57%
c v 20751.42 216 28 348 1227173  2 41947658 336731 3.0 48 16 1 2 37% 317671 1832 57%
c w 20751.44 216 28 348 1227173  2 41947658 336731 3.0 48 16 1 2 37% 317671 1832 57%
c s 20773.03 216 34 348 1227173  2 42036040 413486 2.8 54 19 1 2 36% 317671 1832 57%
c s 20774.33 216 34 348 1227173  2 42036040 413457 2.8 54 19 1 2 36% 317671 1832 57%
c - 20835.71 216 36 349 1227234  2 42190855 338671 2.6 55 21 1 2 35% 317671 1832 57%
c p 20835.88 216 36 349 1227234  2 42190855 338695 2.6 55 21 1 2 35% 317671 1832 57%
c u 20838.65 216 36 349 1227234  2 42190855 336276 2.6 55 21 1 2 35% 317671 1832 57%
c v 20838.66 216 36 349 1227234  2 42190855 336273 2.6 55 21 1 2 35% 317671 1832 57%
c w 20838.70 216 36 349 1227234  2 42190855 336273 2.6 55 21 1 2 35% 317671 1832 57%
c O 20839.79 216 36 349 1227235  2 42195710 340653 2.7 55 21 1 2 35% 317671 1832 57%
c ] 20893.05 216 36 349 1227289  2 42368878 490107 2.8 59 21 1 2 35% 317671 1832 57%
c { 20893.05 216 21 349 1227289  3 42368878 490107 3.0 33 11 1 2 35% 317671 1832 57%
c - 20984.92 221 22 350 1232992  3 42434756 344765 3.0 34 12 1 2 35% 317671 1832 57%
c p 20985.07 221 22 350 1232992  3 42434756 344788 3.0 34 12 1 2 35% 317671 1832 57%
c 
c   seconds      reductions       conflicts           size   tier2       variables
c             MB        restarts          redundant      glue   trail         remaining
c              level           rate             size/glue  tier1  irredundant
c 
c u 20987.32 221 22 350 1232992  3 42434756 344312 3.0 34 12 1 2 35% 317671 1832 57%
c v 20990.14 221 22 350 1232992  3 42434756 343676 3.0 34 12 1 2 35% 317671 1832 57%
c W 21031.84 221 21 350 1235813  3 42486711 388556 3.0 34 11 1 2 34% 317671 1832 57%
c - 21192.38 221 21 351 1250562  3 42679359 356272 3.0 34 11 1 2 34% 317671 1832 57%
c p 21192.53 221 21 351 1250562  3 42679359 356296 3.0 34 11 1 2 34% 317671 1832 57%
c u 21200.29 221 21 351 1250562  3 42679359 356038 3.0 34 11 1 2 34% 317671 1832 57%
c v 21204.51 221 21 351 1250562  3 42679359 354307 3.0 34 11 1 2 34% 317671 1832 57%
c w 21204.52 221 21 351 1250562  3 42679359 354307 3.0 34 11 1 2 34% 317671 1832 57%
c } 21271.96 221 21 351 1257337  3 42768549 431699 3.0 34 11 1 2 34% 317671 1832 57%
c [ 21271.96 221 36 351 1257337  2 42768549 431699 2.8 59 21 1 2 35% 317671 1832 57%
c B 21276.51 221 34 351 1257343  2 42778714 440388 2.8 57 20 1 2 35% 317671 1832 57%
c - 21360.44 222 23 352 1257358  2 42924666 365896 3.7 50 14 1 2 37% 317671 1832 57%
c p 21360.61 222 23 352 1257358  2 42924666 365920 3.7 50 14 1 2 37% 317671 1832 57%
c u 21363.28 222 23 352 1257358  2 42924666 365770 3.7 50 14 1 2 37% 317671 1832 57%
c v 21367.10 222 23 352 1257358  2 42924666 364503 3.7 50 14 1 2 37% 317671 1832 57%
c w 21367.13 222 23 352 1257358  2 42924666 364502 3.7 50 14 1 2 37% 317671 1832 57%
c s 21437.65 222 20 352 1257408  1 43047604 460270 3.2 43 13 1 2 36% 317671 1832 57%
c s 21438.45 222 20 352 1257408  1 43047604 460162 3.2 43 13 1 2 36% 317671 1832 57%
c W 21467.33 222 20 352 1257410  1 43071715 479269 3.2 43 13 1 2 37% 317671 1832 57%
c - 21501.16 222 33 353 1257441  2 43170677 360375 2.9 54 18 1 2 38% 317671 1832 57%
c 
c   seconds      reductions       conflicts           size   tier2       variables
c             MB        restarts          redundant      glue   trail         remaining
c              level           rate             size/glue  tier1  irredundant
c 
c p 21501.31 222 33 353 1257441  2 43170677 360396 2.9 54 18 1 2 38% 317671 1832 57%
c u 21503.68 222 33 353 1257441  2 43170677 360326 2.9 54 18 1 2 38% 317671 1832 57%
c v 21505.16 222 33 353 1257441  2 43170677 357837 2.9 54 18 1 2 38% 317671 1832 57%
c w 21505.21 222 33 353 1257441  2 43170677 357835 2.9 54 18 1 2 38% 317671 1832 57%
c I 21563.95 222 37 353 1257475  2 43365718 520292 2.6 54 21 1 2 36% 317671 1832 57%
c ] 21574.63 222 37 353 1257476  2 43394374 544016 2.5 53 21 1 2 36% 317671 1832 57%
c { 21574.63 222 21 353 1257476  3 43394374 544016 3.0 34 11 1 2 34% 317671 1832 57%
c - 21605.84 222 21 354 1259121  3 43417392 358515 3.0 34 11 1 2 34% 317671 1832 57%
c p 21606.00 222 21 354 1259121  3 43417392 358537 3.0 34 11 1 2 34% 317671 1832 57%
c u 21608.19 222 21 354 1259121  3 43417392 358528 3.0 34 11 1 2 34% 317671 1832 57%
c w 21608.20 222 21 354 1259121  3 43417392 358527 3.0 34 11 1 2 34% 317671 1832 57%
c F 21815.39 222 22 354 1277660  3 43660719 568810 3.0 35 12 1 2 34% 317671 1832 57%
c - 21819.60 223 21 355 1277888  3 43664812 372735 3.0 35 12 1 2 34% 317671 1832 57%
c p 21819.77 223 21 355 1277888  3 43664812 372757 3.0 35 12 1 2 34% 317671 1832 57%
c u 21822.84 223 21 355 1277888  3 43664812 372365 3.0 35 12 1 2 34% 317671 1832 57%
c v 21827.18 223 21 355 1277888  3 43664812 371165 3.0 35 12 1 2 34% 317671 1832 57%
c } 21940.30 223 21 355 1287905  3 43805747 492598 3.0 34 11 1 2 34% 317671 1832 57%
c [ 21940.30 223 37 355 1287905  2 43805747 492598 2.5 53 21 1 2 36% 317671 1832 57%
c - 22002.30 223 26 356 1287905  2 43912935 381267 2.9 45 15 1 2 36% 317671 1832 57%
c p 22002.49 223 26 356 1287905  2 43912935 381289 2.9 45 15 1 2 36% 317671 1832 57%
c 
c   seconds      reductions       conflicts           size   tier2       variables
c             MB        restarts          redundant      glue   trail         remaining
c              level           rate             size/glue  tier1  irredundant
c 
c u 22006.21 223 26 356 1287905  2 43912935 380849 2.9 45 15 1 2 36% 317671 1832 57%
c v 22009.56 223 26 356 1287905  2 43912935 377567 2.9 45 15 1 2 36% 317671 1832 57%
c w 22009.57 223 26 356 1287905  2 43912935 377567 2.9 45 15 1 2 36% 317671 1832 57%
c B 22028.16 223 25 356 1287924  2 43956724 414316 3.0 45 15 1 2 37% 317671 1832 57%
c s 22076.67 223 30 356 1287967  2 44074045 511492 2.7 46 17 1 2 37% 317671 1832 57%
c s 22077.77 223 30 356 1287967  2 44074045 511478 2.7 46 17 1 2 37% 317671 1832 57%
c - 22138.69 224 25 357 1287990  2 44161765 380401 2.6 42 16 1 2 35% 317671 1832 57%
c p 22138.88 224 25 357 1287990  2 44161765 380424 2.6 42 16 1 2 35% 317671 1832 57%
c u 22142.78 224 25 357 1287990  2 44161765 380108 2.6 42 16 1 2 35% 317671 1832 57%
c v 22143.29 224 25 357 1287990  2 44161765 379390 2.6 42 16 1 2 35% 317671 1832 57%
c w 22143.36 224 25 357 1287990  2 44161765 379388 2.6 42 16 1 2 35% 317671 1832 57%
c W 22193.83 224 34 357 1288026  2 44253727 458224 2.7 53 20 1 2 36% 317671 1832 57%
c - 22256.81 224 36 358 1288047  2 44411296 379992 2.6 53 20 1 2 36% 317671 1832 57%
c p 22257.00 224 36 358 1288047  2 44411296 380015 2.6 53 20 1 2 36% 317671 1832 57%
c u 22259.95 224 36 358 1288047  2 44411296 379802 2.6 53 20 1 2 36% 317671 1832 57%
c ] 22274.89 224 38 358 1288065  2 44470294 431189 2.7 55 20 1 2 37% 317671 1832 57%
c { 22274.89 224 21 358 1288065  3 44470294 431189 3.0 34 11 1 2 34% 317671 1832 57%
c B 22359.16 224 21 358 1294486  3 44551729 501146 3.0 34 11 1 2 35% 317671 1832 57%
c - 22484.04 224 21 359 1302811  3 44661531 388312 2.9 34 11 1 2 34% 317671 1832 57%
c p 22484.21 224 21 359 1302811  3 44661531 388332 2.9 34 11 1 2 34% 317671 1832 57%
c 
c   seconds      reductions       conflicts           size   tier2       variables
c             MB        restarts          redundant      glue   trail         remaining
c              level           rate             size/glue  tier1  irredundant
c 
c u 22488.57 224 21 359 1302811  3 44661531 388001 2.9 34 11 1 2 34% 317671 1832 57%
c v 22489.53 224 21 359 1302811  3 44661531 386508 2.9 34 11 1 2 34% 317671 1832 57%
c w 22489.53 224 21 359 1302811  3 44661531 386508 2.9 34 11 1 2 34% 317671 1832 57%
c W 22664.45 224 20 359 1315502  3 44850730 547595 3.0 33 11 1 2 35% 317671 1832 57%
c } 22673.86 224 20 359 1316602  3 44857999 554041 3.0 33 11 1 2 35% 317671 1832 57%
c [ 22673.86 224 38 359 1316602  2 44857999 554041 2.7 55 20 1 2 37% 317671 1832 57%
c - 22694.46 225 37 360 1316629  2 44912470 397967 2.5 53 21 1 2 36% 317671 1832 57%
c p 22694.66 225 37 360 1316629  2 44912470 397991 2.5 53 21 1 2 36% 317671 1832 57%
c u 22699.85 225 37 360 1316629  2 44912470 397782 2.5 53 21 1 2 36% 317671 1832 57%
c v 22702.89 225 37 360 1316629  2 44912470 397001 2.5 53 21 1 2 36% 317671 1832 57%
c w 22702.93 225 37 360 1316629  2 44912470 397001 2.5 53 21 1 2 36% 317671 1832 57%
c s 22789.08 225 38 360 1316693  2 45115361 560607 2.1 48 22 1 2 32% 317671 1832 57%
c s 22790.35 225 38 360 1316693  2 45115361 560597 2.1 48 22 1 2 32% 317671 1832 57%
c O 22808.60 225 38 360 1316695  2 45150731 589039 2.1 47 22 1 2 32% 317671 1832 57%
c - 22814.54 225 38 361 1316695  2 45164112 395475 2.1 48 22 1 2 32% 317671 1832 57%
c p 22814.72 225 38 361 1316695  2 45164112 395498 2.1 48 22 1 2 32% 317671 1832 57%
c u 22818.36 225 38 361 1316695  2 45164112 395237 2.1 48 22 1 2 32% 317671 1832 57%
c w 22818.39 225 38 361 1316695  2 45164112 395236 2.1 48 22 1 2 32% 317671 1832 57%
c - 22913.65 224 36 362 1316698  2 45416462 388131 2.1 44 21 1 2 30% 317671 1832 57%
c p 22913.81 224 36 362 1316698  2 45416462 388152 2.1 44 21 1 2 30% 317671 1832 57%
c 
c   seconds      reductions       conflicts           size   tier2       variables
c             MB        restarts          redundant      glue   trail         remaining
c              level           rate             size/glue  tier1  irredundant
c 
c u 22916.84 224 36 362 1316698  2 45416462 387467 2.1 44 21 1 2 30% 317671 1832 57%
c w 22916.85 224 36 362 1316698  2 45416462 387466 2.1 44 21 1 2 30% 317671 1832 57%
c B 22929.21 224 37 362 1316698  2 45451732 417149 2.2 46 21 1 2 31% 317671 1832 57%
c ] 22978.69 224 43 362 1316705  2 45647592 589892 3.1 59 19 1 2 42% 317671 1832 57%
c { 22978.69 224 20 362 1316705  3 45647592 589892 3.0 33 11 1 2 35% 317671 1832 57%
c - 23016.29 229 21 363 1318708  3 45669513 389972 3.0 33 11 1 2 35% 317671 1832 57%
c p 23016.46 229 21 363 1318708  3 45669513 389995 3.0 33 11 1 2 35% 317671 1832 57%
c u 23019.28 229 21 363 1318708  3 45669513 389019 3.0 33 11 1 2 35% 317671 1832 57%
c v 23019.28 229 21 363 1318708  3 45669513 389018 3.0 33 11 1 2 35% 317671 1832 57%
c w 23019.30 229 21 363 1318708  3 45669513 389018 3.0 33 11 1 2 35% 317671 1832 57%
c # 23085.44 229 20 363 1324744  3 45753735 459201 3.0 33 11 1 2 35% 317671 1832 57%
c - 23256.66 230 21 364 1338040  3 45923270 402686 3.0 34 11 1 2 34% 317671 1832 57%
c p 23256.86 230 21 364 1338040  3 45923270 402708 3.0 34 11 1 2 34% 317671 1832 57%
c u 23261.79 230 21 364 1338040  3 45923270 399639 3.0 34 11 1 2 34% 317671 1832 57%
c v 23266.12 230 21 364 1338040  3 45923270 397377 3.0 34 11 1 2 34% 317671 1832 57%
c } 23375.12 230 21 364 1347895  3 46053327 508623 3.0 34 11 1 2 34% 317671 1832 57%
c [ 23375.12 230 43 364 1347895  2 46053327 508623 3.1 59 19 1 2 42% 317671 1832 57%
c W 23400.50 230 42 364 1347895  2 46056737 511420 3.1 58 19 1 2 42% 317671 1832 57%
c s 23447.78 231 39 364 1347941  2 46171558 607451 2.6 54 21 1 2 37% 317671 1832 57%
c s 23448.93 231 39 364 1347941  2 46171558 607432 2.6 54 21 1 2 37% 317671 1832 57%
c 
c   seconds      reductions       conflicts           size   tier2       variables
c             MB        restarts          redundant      glue   trail         remaining
c              level           rate             size/glue  tier1  irredundant
c 
c - 23452.12 232 39 365 1347945  2 46177729 408516 2.6 54 21 1 2 36% 317671 1832 57%
c p 23452.32 232 39 365 1347945  2 46177729 408536 2.6 54 21 1 2 36% 317671 1832 57%
c u 23456.71 232 39 365 1347945  2 46177729 407040 2.6 54 21 1 2 36% 317671 1832 57%
c v 23458.76 232 39 365 1347945  2 46177729 405713 2.6 54 21 1 2 36% 317671 1832 57%
c w 23458.78 232 39 365 1347945  2 46177729 405713 2.6 54 21 1 2 36% 317671 1832 57%
c I 23548.19 232 36 365 1347998  2 46360738 555654 2.3 49 21 1 2 34% 317671 1832 57%
c - 23579.90 232 37 366 1348014  3 46432892 407258 2.5 50 20 1 2 35% 317671 1832 57%
c p 23580.05 232 37 366 1348014  3 46432892 407278 2.5 50 20 1 2 35% 317671 1832 57%
c u 23583.35 232 37 366 1348014  3 46432892 405705 2.5 50 20 1 2 35% 317671 1832 57%
c v 23584.95 232 37 366 1348014  3 46432892 404899 2.5 50 20 1 2 35% 317671 1832 57%
c w 23585.01 232 37 366 1348014  3 46432892 404895 2.5 50 20 1 2 35% 317671 1832 57%
c B 23669.12 232 37 366 1348077  2 46665740 593022 2.0 43 22 1 2 28% 317671 1832 57%
c - 23674.28 231 39 367 1348078  2 46688759 402161 2.2 47 21 1 2 32% 317671 1832 57%
c p 23674.44 231 39 367 1348078  2 46688759 402182 2.2 47 21 1 2 32% 317671 1832 57%
c u 23677.46 231 39 367 1348078  2 46688759 400910 2.2 47 21 1 2 32% 317671 1832 57%
c v 23677.48 231 39 367 1348078  2 46688759 400908 2.2 47 21 1 2 32% 317671 1832 57%
c w 23677.53 231 39 367 1348078  2 46688759 400907 2.2 47 21 1 2 32% 317671 1832 57%
c ] 23716.66 231 38 367 1348120  2 46810086 499050 2.3 47 21 1 2 33% 317671 1832 57%
c { 23716.66 231 21 367 1348120  3 46810086 499050 3.0 34 11 1 2 34% 317671 1832 57%
c - 23883.59 232 21 368 1358092  3 46945332 408656 2.9 33 11 1 2 34% 317671 1832 57%
c 
c   seconds      reductions       conflicts           size   tier2       variables
c             MB        restarts          redundant      glue   trail         remaining
c              level           rate             size/glue  tier1  irredundant
c 
c p 23883.76 232 21 368 1358092  3 46945332 408675 2.9 33 11 1 2 34% 317671 1832 57%
c u 23888.26 232 21 368 1358092  3 46945332 405014 2.9 33 11 1 2 34% 317671 1832 57%
c v 23888.79 232 21 368 1358092  3 46945332 404382 2.9 33 11 1 2 34% 317671 1832 57%
c w 23888.80 232 21 368 1358092  3 46945332 404382 2.9 33 11 1 2 34% 317671 1832 57%
c B 23909.02 232 21 368 1359769  3 46971741 427096 3.0 34 11 1 2 34% 317671 1832 57%
c } 24128.58 232 20 368 1375721  3 47200209 621819 3.0 34 11 1 2 34% 317671 1832 57%
c [ 24128.58 232 38 368 1375721  2 47200209 621819 2.3 47 21 1 2 33% 317671 1832 57%
c - 24130.63 232 37 369 1375723  2 47202611 418909 2.3 46 20 1 2 33% 317671 1832 57%
c p 24130.84 232 37 369 1375723  2 47202611 418930 2.3 46 20 1 2 33% 317671 1832 57%
c u 24136.62 232 37 369 1375723  2 47202611 416186 2.3 46 20 1 2 33% 317671 1832 57%
c v 24139.65 232 37 369 1375723  2 47202611 415520 2.3 46 20 1 2 33% 317671 1832 57%
c W 24189.27 232 38 369 1375742  2 47278742 478742 2.2 47 21 1 2 32% 317671 1832 57%
c - 24263.18 232 37 370 1375744  2 47460590 416128 2.2 46 21 1 2 32% 317671 1832 57%
c p 24263.39 232 37 370 1375744  2 47460590 416150 2.2 46 21 1 2 32% 317671 1832 57%
c u 24266.50 232 37 370 1375744  2 47460590 415254 2.2 46 21 1 2 32% 317671 1832 57%
c v 24267.31 232 37 370 1375744  2 47460590 414057 2.2 46 21 1 2 32% 317671 1832 57%
c w 24267.33 232 37 370 1375744  2 47460590 414057 2.2 46 21 1 2 32% 317671 1832 57%
c O 24312.06 232 39 370 1375778  2 47586743 513682 2.0 43 22 1 2 29% 317671 1832 57%
c - 24349.45 231 41 371 1375820  2 47719274 405333 2.2 48 22 1 2 32% 317671 1832 57%
c p 24349.63 231 41 371 1375820  2 47719274 405354 2.2 48 22 1 2 32% 317671 1832 57%
c 
c   seconds      reductions       conflicts           size   tier2       variables
c             MB        restarts          redundant      glue   trail         remaining
c              level           rate             size/glue  tier1  irredundant
c 
c u 24351.25 231 41 371 1375820  2 47719274 404818 2.2 48 22 1 2 32% 317671 1832 57%
c w 24351.26 231 41 371 1375820  2 47719274 404818 2.2 48 22 1 2 32% 317671 1832 57%
c B 24398.04 231 43 371 1375870  2 47895746 558569 2.7 56 21 1 2 38% 317671 1832 57%
c - 24424.00 231 43 372 1375878  2 47978662 405700 2.6 55 21 1 2 35% 317671 1832 57%
c p 24424.19 231 43 372 1375878  2 47978662 405722 2.6 55 21 1 2 35% 317671 1832 57%
c u 24429.26 231 43 372 1375878  2 47978662 404816 2.6 55 21 1 2 35% 317671 1832 57%
c v 24429.28 231 43 372 1375878  2 47978662 404813 2.6 55 21 1 2 35% 317671 1832 57%
c w 24429.31 231 43 372 1375878  2 47978662 404813 2.6 55 21 1 2 35% 317671 1832 57%
c ] 24483.57 231 29 372 1375909  2 48060097 469504 2.9 47 16 1 2 36% 317671 1832 57%
c { 24483.57 231 20 372 1375909  3 48060097 469504 3.0 34 11 1 2 34% 317671 1832 57%
c W 24647.05 231 20 372 1386571  3 48205754 592108 3.0 33 11 1 2 35% 317671 1832 57%
c - 24685.47 232 20 373 1389608  3 48238753 416395 3.0 33 11 1 2 34% 317671 1832 57%
c p 24685.64 232 20 373 1389608  3 48238753 416417 3.0 33 11 1 2 34% 317671 1832 57%
c u 24690.33 232 20 373 1389608  3 48238753 412798 3.0 33 11 1 2 34% 317671 1832 57%
c v 24694.17 232 20 373 1389608  3 48238753 411541 3.0 33 11 1 2 34% 317671 1832 57%
c } 24909.34 232 21 373 1406571  3 48468668 604163 2.9 32 11 1 2 34% 317671 1832 57%
c [ 24909.34 232 29 373 1406571  2 48468668 604163 2.9 47 16 1 2 36% 317671 1832 57%
c - 24930.99 232 26 374 1406585  2 48499548 425592 2.9 44 15 1 2 34% 317671 1832 57%
c p 24931.15 232 26 374 1406585  2 48499548 425611 2.9 44 15 1 2 34% 317671 1832 57%
c u 24937.17 232 26 374 1406585  2 48499548 422680 2.9 44 15 1 2 34% 317671 1832 57%
c 
c   seconds      reductions       conflicts           size   tier2       variables
c             MB        restarts          redundant      glue   trail         remaining
c              level           rate             size/glue  tier1  irredundant
c 
c v 24940.33 232 26 374 1406585  2 48499548 421000 2.9 44 15 1 2 34% 317671 1832 57%
c w 24940.36 232 26 374 1406585  2 48499548 421000 2.9 44 15 1 2 34% 317671 1832 57%
c W 24952.81 232 29 374 1406593  2 48516756 436388 3.0 46 16 1 2 35% 317671 1832 57%
c - 25039.36 233 41 375 1406659  2 48761048 426773 2.4 51 21 1 2 35% 317671 1832 57%
c p 25039.54 233 41 375 1406659  2 48761048 426795 2.4 51 21 1 2 35% 317671 1832 57%
c u 25042.29 233 41 375 1406659  2 48761048 426002 2.4 51 21 1 2 35% 317671 1832 57%
c v 25043.62 233 41 375 1406659  2 48761048 425380 2.4 51 21 1 2 35% 317671 1832 57%
c w 25043.67 233 41 375 1406659  2 48761048 425376 2.4 51 21 1 2 35% 317671 1832 57%
c I 25064.25 233 40 375 1406660  2 48828758 480975 2.3 48 21 1 2 32% 317671 1832 57%
c - 25116.28 232 43 376 1406662  2 49023251 421311 2.8 54 19 1 2 40% 317671 1832 57%
c p 25116.45 232 43 376 1406662  2 49023251 421333 2.8 54 19 1 2 40% 317671 1832 57%
c u 25118.86 232 43 376 1406662  2 49023251 420626 2.8 54 19 1 2 40% 317671 1832 57%
c v 25118.88 232 43 376 1406662  2 49023251 420622 2.8 54 19 1 2 40% 317671 1832 57%
c w 25118.92 232 43 376 1406662  2 49023251 420621 2.8 54 19 1 2 40% 317671 1832 57%
c B 25147.05 232 42 376 1406662  3 49141760 528284 3.3 62 19 1 2 41% 317671 1832 57%
c - 25262.81 233 24 377 1406663  2 49286158 427769 3.6 49 14 1 2 37% 317671 1832 57%
c p 25263.00 233 24 377 1406663  2 49286158 427791 3.6 49 14 1 2 37% 317671 1832 57%
c u 25266.98 233 24 377 1406663  2 49286158 426017 3.6 49 14 1 2 37% 317671 1832 57%
c v 25268.97 233 24 377 1406663  2 49286158 425668 3.6 49 14 1 2 37% 317671 1832 57%
c w 25268.99 233 24 377 1406663  2 49286158 425668 3.6 49 14 1 2 37% 317671 1832 57%
c 
c   seconds      reductions       conflicts           size   tier2       variables
c             MB        restarts          redundant      glue   trail         remaining
c              level           rate             size/glue  tier1  irredundant
c 
c ] 25272.91 233 24 377 1406663  2 49295322 433353 3.5 48 14 1 2 37% 317671 1832 57%
c { 25272.91 233 21 377 1406663  3 49295322 433353 2.9 32 11 1 2 34% 317671 1832 57%
c F 25418.26 233 20 377 1418053  3 49455762 565767 2.9 32 11 1 2 34% 317671 1832 57%
c - 25526.90 234 20 378 1425794  3 49549771 435805 2.9 33 11 1 2 34% 317671 1832 57%
c p 25527.08 234 20 378 1425794  3 49549771 435829 2.9 33 11 1 2 34% 317671 1832 57%
c u 25533.23 234 20 378 1425794  3 49549771 432095 2.9 33 11 1 2 34% 317671 1832 57%
c v 25534.89 234 20 378 1425794  3 49549771 430101 2.9 33 11 1 2 34% 317671 1832 57%
c } 25692.99 234 20 378 1437848  3 49714238 564719 2.9 32 11 1 2 34% 317671 1832 57%
c [ 25692.99 234 24 378 1437848  2 49714238 564719 3.5 48 14 1 2 37% 317671 1832 57%
c W 25748.39 234 23 378 1437848  2 49770763 609091 3.3 44 13 1 2 36% 317671 1832 57%
c - 25759.21 234 29 379 1437848  2 49814087 440949 3.6 52 15 1 2 39% 317671 1832 57%
c p 25759.36 234 29 379 1437848  2 49814087 440970 3.6 52 15 1 2 39% 317671 1832 57%
c u 25764.64 234 29 379 1437848  2 49814087 439239 3.6 52 15 1 2 39% 317671 1832 57%
c v 25767.26 234 29 379 1437848  2 49814087 437151 3.6 52 15 1 2 39% 317671 1832 57%
c w 25767.28 234 29 379 1437848  2 49814087 437151 3.6 52 15 1 2 39% 317671 1832 57%
c - 25829.66 234 43 380 1437848  2 50079107 441905 3.5 64 18 1 2 46% 317671 1832 57%
c p 25829.84 234 43 380 1437848  2 50079107 441922 3.5 64 18 1 2 46% 317671 1832 57%
c u 25831.93 234 43 380 1437848  2 50079107 441379 3.5 64 18 1 2 46% 317671 1832 57%
c v 25831.96 234 43 380 1437848  2 50079107 441377 3.5 64 18 1 2 46% 317671 1832 57%
c w 25832.02 234 43 380 1437848  2 50079107 441377 3.5 64 18 1 2 46% 317671 1832 57%
c 
c   seconds      reductions       conflicts           size   tier2       variables
c             MB        restarts          redundant      glue   trail         remaining
c              level           rate             size/glue  tier1  irredundant
c 
c O 25834.34 234 43 380 1437848  2 50086767 447947 3.4 63 18 1 2 45% 317671 1832 57%
c - 25933.80 233 38 381 1437909  2 50344831 432113 1.9 42 22 1 2 28% 317671 1832 57%
c p 25933.99 233 38 381 1437909  2 50344831 432134 1.9 42 22 1 2 28% 317671 1832 57%
c u 25937.32 233 38 381 1437909  2 50344831 430974 1.9 42 22 1 2 28% 317671 1832 57%
c v 25937.32 233 38 381 1437909  2 50344831 430974 1.9 42 22 1 2 28% 317671 1832 57%
c w 25937.34 233 38 381 1437909  2 50344831 430973 1.9 42 22 1 2 28% 317671 1832 57%
c B 25951.19 233 37 381 1437916  2 50403768 475890 1.8 39 21 1 2 25% 317671 1832 57%
c - 26022.13 233 38 382 1437975  2 50611260 428743 2.0 43 22 1 2 29% 317671 1832 57%
c p 26022.33 233 38 382 1437975  2 50611260 428766 2.0 43 22 1 2 29% 317671 1832 57%
c u 26024.91 233 38 382 1437975  2 50611260 427709 2.0 43 22 1 2 29% 317671 1832 57%
c v 26024.94 233 38 382 1437975  2 50611260 427707 2.0 43 22 1 2 29% 317671 1832 57%
c w 26025.01 233 38 382 1437975  2 50611260 427705 2.0 43 22 1 2 29% 317671 1832 57%
c W 26067.55 233 40 382 1438004  2 50721772 520963 2.2 46 21 1 2 30% 317671 1832 57%
c ] 26068.60 233 40 382 1438005  2 50725052 523967 2.2 47 21 1 2 31% 317671 1832 57%
c { 26068.60 233 20 382 1438005  3 50725052 523967 2.9 32 11 1 2 34% 317671 1832 57%
c - 26261.93 236 20 383 1449915  3 50878391 436146 2.9 32 11 1 2 33% 317671 1832 57%
c p 26262.11 236 20 383 1449915  3 50878391 436171 2.9 32 11 1 2 33% 317671 1832 57%
c u 26267.23 236 20 383 1449915  3 50878391 432282 2.9 32 11 1 2 33% 317671 1832 57%
c v 26267.91 236 20 383 1449915  3 50878391 431420 2.9 32 11 1 2 33% 317671 1832 57%
c B 26414.57 236 20 383 1461545  3 51040773 565800 2.9 32 11 1 2 33% 317671 1832 57%
c 
c   seconds      reductions       conflicts           size   tier2       variables
c             MB        restarts          redundant      glue   trail         remaining
c              level           rate             size/glue  tier1  irredundant
c 
c s 26488.37 241 20 383 1466578  3 51110825 623275 2.9 32 11 1 2 33% 317671 1832 57%
c s 26489.05 241 20 383 1466578  3 51110825 623270 2.9 32 11 1 2 33% 317671 1832 57%
c } 26513.46 241 20 383 1468283  3 51131399 640395 2.9 32 11 1 2 34% 317671 1832 57%
c [ 26513.46 241 40 383 1468283  2 51131399 640395 2.2 47 21 1 2 31% 317671 1832 57%
c - 26521.50 242 38 384 1468284  2 51146227 446399 2.4 47 20 1 2 32% 317671 1832 57%
c p 26521.67 242 38 384 1468284  2 51146227 446422 2.4 47 20 1 2 32% 317671 1832 57%
c u 26527.81 242 38 384 1468284  2 51146227 443534 2.4 47 20 1 2 32% 317671 1832 57%
c v 26530.75 242 38 384 1468284  2 51146227 442759 2.4 47 20 1 2 32% 317671 1832 57%
c w 26530.77 242 38 384 1468284  2 51146227 442759 2.4 47 20 1 2 32% 317671 1832 57%
c I 26601.05 242 40 384 1468351  2 51360778 620449 2.3 49 22 1 2 34% 317671 1832 57%
c - 26618.21 242 41 385 1468377  3 51414774 448566 2.4 51 21 1 2 36% 317671 1832 57%
c p 26618.39 242 41 385 1468377  3 51414774 448585 2.4 51 21 1 2 36% 317671 1832 57%
c u 26620.94 242 41 385 1468377  3 51414774 447771 2.4 51 21 1 2 36% 317671 1832 57%
c v 26622.23 242 41 385 1468377  3 51414774 447383 2.4 51 21 1 2 36% 317671 1832 57%
c w 26622.31 242 41 385 1468377  3 51414774 447383 2.4 51 21 1 2 36% 317671 1832 57%
c B 26701.62 242 41 385 1468387  2 51681781 669342 2.4 49 21 1 2 34% 317671 1832 57%
c - 26702.93 242 41 386 1468388  2 51684019 442418 2.4 50 21 1 2 34% 317671 1832 57%
c p 26703.12 242 41 386 1468388  2 51684019 442440 2.4 50 21 1 2 34% 317671 1832 57%
c u 26705.61 242 41 386 1468388  2 51684019 441658 2.4 50 21 1 2 34% 317671 1832 57%
c v 26705.66 242 41 386 1468388  2 51684019 441649 2.4 50 21 1 2 34% 317671 1832 57%
c 
c   seconds      reductions       conflicts           size   tier2       variables
c             MB        restarts          redundant      glue   trail         remaining
c              level           rate             size/glue  tier1  irredundant
c 
c w 26705.69 242 41 386 1468388  2 51684019 441647 2.4 50 21 1 2 34% 317671 1832 57%
c - 26803.10 242 38 387 1468475  2 51953966 440848 2.2 46 21 1 2 31% 317671 1832 57%
c p 26803.26 242 38 387 1468475  2 51953966 440871 2.2 46 21 1 2 31% 317671 1832 57%
c u 26806.00 242 38 387 1468475  2 51953966 439772 2.2 46 21 1 2 31% 317671 1832 57%
c w 26806.01 242 38 387 1468475  2 51953966 439772 2.2 46 21 1 2 31% 317671 1832 57%
c W 26844.39 242 39 387 1468497  2 52003783 480536 2.2 45 21 1 2 30% 317671 1832 57%
c ] 26893.88 242 36 387 1468522  2 52163963 600960 1.8 38 21 1 2 24% 317671 1832 57%
c { 26893.88 242 20 387 1468522  3 52163963 600960 2.9 32 11 1 2 34% 317671 1832 57%
c - 26971.09 241 20 388 1472829  3 52224620 437180 2.9 32 11 1 2 33% 317671 1832 57%
c p 26971.28 241 20 388 1472829  3 52224620 437205 2.9 32 11 1 2 33% 317671 1832 57%
c u 26975.05 241 20 388 1472829  3 52224620 435431 2.9 32 11 1 2 33% 317671 1832 57%
c s 26979.38 241 20 388 1473310  3 52227691 438087 2.9 32 11 1 2 33% 317671 1832 57%
c s 26980.20 241 20 388 1473310  3 52227691 437953 2.9 32 11 1 2 33% 317671 1832 57%
c W 27070.26 241 19 388 1480155  3 52326784 519385 2.9 32 11 1 2 33% 317671 1832 57%
c - 27243.40 242 19 389 1492412  3 52495977 448245 2.9 32 11 1 2 33% 317671 1832 57%
c p 27243.55 242 19 389 1492412  3 52495977 448269 2.9 32 11 1 2 33% 317671 1832 57%
c u 27248.57 242 19 389 1492412  3 52495977 444877 2.9 32 11 1 2 33% 317671 1832 57%
c v 27251.59 242 19 389 1492412  3 52495977 442247 2.9 32 11 1 2 33% 317671 1832 57%
c w 27251.60 242 19 389 1492412  3 52495977 442247 2.9 32 11 1 2 33% 317671 1832 57%
c } 27347.62 242 19 389 1500308  3 52608016 532620 2.9 31 11 1 2 33% 317671 1832 57%
c 
c   seconds      reductions       conflicts           size   tier2       variables
c             MB        restarts          redundant      glue   trail         remaining
c              level           rate             size/glue  tier1  irredundant
c 
c [ 27347.62 242 36 389 1500308  2 52608016 532620 1.8 38 21 1 2 24% 317671 1832 57%
c O 27372.78 242 28 389 1500324  2 52650785 562744 2.0 35 17 1 2 27% 317671 1832 57%
c - 27451.99 242 21 390 1500357  2 52768038 449792 2.3 32 14 1 2 29% 317671 1832 57%
c p 27452.17 242 21 390 1500357  2 52768038 449814 2.3 32 14 1 2 29% 317671 1832 57%
c u 27457.54 242 21 390 1500357  2 52768038 447616 2.3 32 14 1 2 29% 317671 1832 57%
c v 27458.74 242 21 390 1500357  2 52768038 446573 2.3 32 14 1 2 29% 317671 1832 57%
c w 27458.77 242 21 390 1500357  2 52768038 446573 2.3 32 14 1 2 29% 317671 1832 57%
c B 27539.58 242 33 390 1500420  2 52975786 606167 1.9 38 20 1 2 26% 317671 1832 57%
c - 27558.86 242 38 391 1500421  2 53040807 445555 2.3 47 20 1 2 32% 317671 1832 57%
c p 27559.05 242 38 391 1500421  2 53040807 445576 2.3 47 20 1 2 32% 317671 1832 57%
c u 27562.08 242 38 391 1500421  2 53040807 444627 2.3 47 20 1 2 32% 317671 1832 57%
c w 27562.11 242 38 391 1500421  2 53040807 444627 2.3 47 20 1 2 32% 317671 1832 57%
c W 27677.39 242 37 391 1500423  2 53301788 657744 2.2 45 20 1 2 32% 317671 1832 57%
c - 27681.54 241 37 392 1500423  2 53314277 441629 2.2 44 20 1 2 30% 317671 1832 57%
c p 27681.71 241 37 392 1500423  2 53314277 441651 2.2 44 20 1 2 30% 317671 1832 57%
c u 27685.04 241 37 392 1500423  2 53314277 440488 2.2 44 20 1 2 30% 317671 1832 57%
c v 27685.05 241 37 392 1500423  2 53314277 440487 2.2 44 20 1 2 30% 317671 1832 57%
c w 27685.06 241 37 392 1500423  2 53314277 440487 2.2 44 20 1 2 30% 317671 1832 57%
c s 27688.81 241 36 392 1500423  2 53328511 451812 2.1 43 20 1 2 29% 317671 1832 57%
c s 27689.83 241 36 392 1500423  2 53328511 451787 2.1 43 20 1 2 29% 317671 1832 57%
c 
c   seconds      reductions       conflicts           size   tier2       variables
c             MB        restarts          redundant      glue   trail         remaining
c              level           rate             size/glue  tier1  irredundant
c 
c ] 27738.34 241 35 392 1500436  2 53471211 559955 1.9 39 21 1 2 25% 317671 1832 57%
c { 27738.34 241 19 392 1500436  3 53471211 559955 2.9 31 11 1 2 33% 317671 1832 57%
c - 27878.26 242 20 393 1509824  3 53588449 446466 2.8 31 11 1 2 33% 317671 1832 57%
c p 27878.45 242 20 393 1509824  3 53588449 446488 2.8 31 11 1 2 33% 317671 1832 57%
c u 27882.59 242 20 393 1509824  3 53588449 443836 2.8 31 11 1 2 33% 317671 1832 57%
c v 27883.27 242 20 393 1509824  3 53588449 443099 2.8 31 11 1 2 33% 317671 1832 57%
c # 27912.70 242 19 393 1512177  3 53628791 475740 2.8 31 11 1 2 32% 317671 1832 57%
c - 28130.59 243 19 394 1528286  3 53863325 458034 2.9 31 11 1 2 33% 317671 1832 57%
c p 28130.78 243 19 394 1528286  3 53863325 458056 2.9 31 11 1 2 33% 317671 1832 57%
c u 28142.86 243 19 394 1528286  3 53863325 454673 2.9 31 11 1 2 33% 317671 1832 57%
c v 28146.54 243 19 394 1528286  3 53863325 453806 2.9 31 11 1 2 33% 317671 1832 57%
c w 28146.55 243 19 394 1528286  3 53863325 453806 2.9 31 11 1 2 33% 317671 1832 57%
c } 28204.29 243 19 394 1533374  3 53928849 506993 2.8 31 11 1 2 32% 317671 1832 57%
c [ 28204.29 243 35 394 1533374  2 53928849 506993 1.9 39 21 1 2 25% 317671 1832 57%
c I 28218.91 243 32 394 1533385  2 53956793 530594 2.1 39 19 1 2 27% 317671 1832 57%
c - 28282.15 243 34 395 1533439  2 54138909 460211 1.9 38 20 1 2 25% 317671 1832 57%
c p 28282.32 243 34 395 1533439  2 54138909 460232 1.9 38 20 1 2 25% 317671 1832 57%
c u 28286.31 243 34 395 1533439  2 54138909 459051 1.9 38 20 1 2 25% 317671 1832 57%
c v 28288.27 243 34 395 1533439  2 54138909 458347 1.9 38 20 1 2 25% 317671 1832 57%
c w 28288.30 243 34 395 1533439  2 54138909 458346 1.9 38 20 1 2 25% 317671 1832 57%
c 
c   seconds      reductions       conflicts           size   tier2       variables
c             MB        restarts          redundant      glue   trail         remaining
c              level           rate             size/glue  tier1  irredundant
c 
c B 28348.79 243 36 395 1533487  2 54285794 573503 1.9 40 21 1 2 28% 317671 1832 57%
c - 28390.61 243 40 396 1533508  2 54415193 457407 2.5 51 21 1 2 36% 317671 1832 57%
c p 28390.79 243 40 396 1533508  2 54415193 457428 2.5 51 21 1 2 36% 317671 1832 57%
c u 28393.00 243 40 396 1533508  2 54415193 456749 2.5 51 21 1 2 36% 317671 1832 57%
c v 28393.71 243 40 396 1533508  2 54415193 456033 2.5 51 21 1 2 36% 317671 1832 57%
c w 28393.77 243 40 396 1533508  2 54415193 456032 2.5 51 21 1 2 36% 317671 1832 57%
c W 28479.09 243 40 396 1533572  2 54615795 622809 2.5 51 21 1 2 36% 317671 1832 57%
c - 28505.07 242 39 397 1533597  2 54692184 451688 2.2 45 20 1 2 31% 317671 1832 57%
c p 28505.24 242 39 397 1533597  2 54692184 451706 2.2 45 20 1 2 31% 317671 1832 57%
c u 28508.02 242 39 397 1533597  2 54692184 450649 2.2 45 20 1 2 31% 317671 1832 57%
c v 28508.02 242 39 397 1533597  2 54692184 450648 2.2 45 20 1 2 31% 317671 1832 57%
c w 28508.04 242 39 397 1533597  2 54692184 450647 2.2 45 20 1 2 31% 317671 1832 57%
c ] 28601.34 242 37 397 1533616  2 54903218 616127 2.0 43 21 1 2 28% 317671 1832 57%
c { 28601.34 242 19 397 1533616  3 54903218 616127 2.8 31 11 1 2 32% 317671 1832 57%
c B 28662.88 242 20 397 1538184  3 54946796 652443 2.8 31 11 1 2 32% 317671 1832 57%
c - 28694.96 242 20 398 1540037  3 54969877 452873 2.8 31 11 1 2 32% 317671 1832 57%
c p 28695.14 242 20 398 1540037  3 54969877 452895 2.8 31 11 1 2 32% 317671 1832 57%
c u 28699.83 242 20 398 1540037  3 54969877 450121 2.8 31 11 1 2 32% 317671 1832 57%
c v 28699.84 242 20 398 1540037  3 54969877 450117 2.8 31 11 1 2 32% 317671 1832 57%
c w 28699.85 242 20 398 1540037  3 54969877 450117 2.8 31 11 1 2 32% 317671 1832 57%
c 
c   seconds      reductions       conflicts           size   tier2       variables
c             MB        restarts          redundant      glue   trail         remaining
c              level           rate             size/glue  tier1  irredundant
c 
c - 28972.27 243 20 399 1559839  3 55248275 464103 2.9 32 11 1 2 33% 317671 1832 57%
c p 28972.44 243 20 399 1559839  3 55248275 464119 2.9 32 11 1 2 33% 317671 1832 57%
c u 28978.84 243 20 399 1559839  3 55248275 460735 2.9 32 11 1 2 33% 317671 1832 57%
c v 28982.16 243 20 399 1559839  3 55248275 459581 2.9 32 11 1 2 33% 317671 1832 57%
c w 28982.17 243 20 399 1559839  3 55248275 459581 2.9 32 11 1 2 33% 317671 1832 57%
c W 29022.37 243 19 399 1561724  3 55278797 483871 2.9 32 11 1 2 33% 317671 1832 57%
c } 29096.71 243 20 399 1567902  3 55359777 549737 2.8 31 11 1 2 32% 317671 1832 57%
c [ 29096.71 243 37 399 1567902  2 55359777 549737 2.0 43 21 1 2 28% 317671 1832 57%
c s 29127.97 243 27 399 1567902  2 55415647 586835 2.2 36 16 1 2 30% 317671 1832 57%
c s 29129.12 243 27 399 1567902  2 55415647 586803 2.2 36 16 1 2 30% 317671 1832 57%
c - 29164.18 243 36 400 1567940  2 55527378 469248 2.2 44 20 1 2 31% 317671 1832 57%
c p 29164.35 243 36 400 1567940  2 55527378 469263 2.2 44 20 1 2 31% 317671 1832 57%
c u 29168.55 243 36 400 1567940  2 55527378 467930 2.2 44 20 1 2 31% 317671 1832 57%
c v 29170.75 243 36 400 1567940  2 55527378 466377 2.2 44 20 1 2 31% 317671 1832 57%
c w 29170.78 243 36 400 1567940  2 55527378 466376 2.2 44 20 1 2 31% 317671 1832 57%
c O 29190.64 243 40 400 1567965  2 55611798 537317 2.4 47 20 1 2 35% 317671 1832 57%
c - 29265.21 244 38 401 1568028  2 55807182 470395 2.2 45 20 1 2 31% 317671 1832 57%
c p 29265.40 244 38 401 1568028  2 55807182 470410 2.2 45 20 1 2 31% 317671 1832 57%
c u 29268.49 244 38 401 1568028  2 55807182 469396 2.2 45 20 1 2 31% 317671 1832 57%
c v 29269.86 244 38 401 1568028  2 55807182 469099 2.2 45 20 1 2 31% 317671 1832 57%
c 
c   seconds      reductions       conflicts           size   tier2       variables
c             MB        restarts          redundant      glue   trail         remaining
c              level           rate             size/glue  tier1  irredundant
c 
c w 29269.88 244 38 401 1568028  2 55807182 469099 2.2 45 20 1 2 31% 317671 1832 57%
c B 29304.93 244 40 401 1568051  2 55945800 583798 2.3 48 20 1 2 31% 317671 1832 57%
c - 29346.78 243 38 402 1568092  2 56087692 461439 2.1 44 21 1 2 28% 317671 1832 57%
c p 29346.97 243 38 402 1568092  2 56087692 461453 2.1 44 21 1 2 28% 317671 1832 57%
c u 29349.57 243 38 402 1568092  2 56087692 460450 2.1 44 21 1 2 28% 317671 1832 57%
c v 29349.61 243 38 402 1568092  2 56087692 460446 2.1 44 21 1 2 28% 317671 1832 57%
c w 29349.66 243 38 402 1568092  2 56087692 460444 2.1 44 21 1 2 28% 317671 1832 57%
c W 29414.71 243 35 402 1568155  2 56280803 605586 1.7 37 21 1 2 22% 317671 1832 57%
c - 29444.22 241 35 403 1568157  2 56368905 446218 1.8 37 21 1 2 23% 317671 1832 57%
c p 29444.38 241 35 403 1568157  2 56368905 446233 1.8 37 21 1 2 23% 317671 1832 57%
c u 29446.84 241 35 403 1568157  2 56368905 444858 1.8 37 21 1 2 23% 317671 1832 57%
c v 29446.85 241 35 403 1568157  2 56368905 444857 1.8 37 21 1 2 23% 317671 1832 57%
c w 29446.87 241 35 403 1568157  2 56368905 444856 1.8 37 21 1 2 23% 317671 1832 57%
c ] 29485.73 241 37 403 1568157  2 56489580 545541 2.2 43 20 1 2 30% 317671 1832 57%
c { 29485.73 241 20 403 1568157  3 56489580 545541 2.8 31 11 1 2 32% 317671 1832 57%
c F 29630.90 241 20 403 1577328  3 56616806 649761 2.8 32 11 1 2 32% 317671 1832 57%
c - 29672.09 242 20 404 1579301  3 56650823 458095 2.8 31 11 1 2 32% 317671 1832 57%
c p 29672.27 242 20 404 1579301  3 56650823 458109 2.8 31 11 1 2 32% 317671 1832 57%
c u 29677.43 242 20 404 1579301  3 56650823 454154 2.8 31 11 1 2 32% 317671 1832 57%
c v 29680.52 242 20 404 1579301  3 56650823 453574 2.8 31 11 1 2 32% 317671 1832 57%
c 
c   seconds      reductions       conflicts           size   tier2       variables
c             MB        restarts          redundant      glue   trail         remaining
c              level           rate             size/glue  tier1  irredundant
c 
c w 29680.53 242 20 404 1579301  3 56650823 453573 2.8 31 11 1 2 32% 317671 1832 57%
c - 29949.07 243 20 405 1599838  3 56933446 471954 2.8 31 11 1 2 32% 317671 1832 57%
c p 29949.27 243 20 405 1599838  3 56933446 471968 2.8 31 11 1 2 32% 317671 1832 57%
c u 29955.69 243 20 405 1599838  3 56933446 468974 2.8 31 11 1 2 32% 317671 1832 57%
c v 29959.12 243 20 405 1599838  3 56933446 468197 2.8 31 11 1 2 32% 317671 1832 57%
c B 29974.22 243 19 405 1600891  3 56953807 484232 2.8 31 11 1 2 33% 317671 1832 57%
c } 29983.47 243 20 405 1601854  3 56964187 492888 2.8 31 11 1 2 32% 317671 1832 57%
c [ 29983.47 243 37 405 1601854  2 56964187 492888 2.2 43 20 1 2 30% 317671 1832 57%
c - 30105.35 243 36 406 1601855  2 57216771 471517 3.0 50 17 1 2 38% 317671 1832 57%
c p 30105.53 243 36 406 1601855  2 57216771 471528 3.0 50 17 1 2 38% 317671 1832 57%
c u 30109.35 243 36 406 1601855  2 57216771 470246 3.0 50 17 1 2 38% 317671 1832 57%
c v 30111.15 243 36 406 1601855  2 57216771 469377 3.0 50 17 1 2 38% 317671 1832 57%
c w 30111.24 243 36 406 1601855  2 57216771 469375 3.0 50 17 1 2 38% 317671 1832 57%
c I 30128.43 243 40 406 1601856  2 57291808 537978 3.3 59 18 1 2 41% 317671 1832 57%
c - 30217.87 243 34 407 1601856  2 57500801 472241 2.4 48 20 1 2 34% 317671 1832 57%
c p 30218.08 243 34 407 1601856  2 57500801 472254 2.4 48 20 1 2 34% 317671 1832 57%
c u 30222.00 243 34 407 1601856  2 57500801 470834 2.4 48 20 1 2 34% 317671 1832 57%
c v 30223.85 243 34 407 1601856  2 57500801 470356 2.4 48 20 1 2 34% 317671 1832 57%
c w 30223.88 243 34 407 1601856  2 57500801 470356 2.4 48 20 1 2 34% 317671 1832 57%
c B 30271.61 243 38 407 1601856  2 57630810 576046 2.2 47 22 1 2 32% 317671 1832 57%
c 
c   seconds      reductions       conflicts           size   tier2       variables
c             MB        restarts          redundant      glue   trail         remaining
c              level           rate             size/glue  tier1  irredundant
c 
c - 30327.45 243 41 408 1601857  2 57785537 470889 2.5 52 21 1 2 36% 317671 1832 57%
c p 30327.64 243 41 408 1601857  2 57785537 470903 2.5 52 21 1 2 36% 317671 1832 57%
c u 30330.94 243 41 408 1601857  2 57785537 469575 2.5 52 21 1 2 36% 317671 1832 57%
c v 30332.50 243 41 408 1601857  2 57785537 468031 2.5 52 21 1 2 36% 317671 1832 57%
c w 30332.54 243 41 408 1601857  2 57785537 468031 2.5 52 21 1 2 36% 317671 1832 57%
c ] 30363.29 243 44 408 1601857  2 57924970 590827 3.2 62 19 1 2 44% 317671 1832 57%
c { 30363.29 243 20 408 1601857  3 57924970 590827 2.8 31 11 1 2 32% 317671 1832 57%
c W 30452.00 243 20 408 1605242  3 57970812 627989 2.8 31 11 1 2 32% 317671 1832 57%
c - 30581.41 254 19 409 1612281  3 58070976 478997 2.8 31 11 1 2 32% 317671 1832 57%
c p 30581.64 254 19 409 1612281  3 58070976 479011 2.8 31 11 1 2 32% 317671 1832 57%
c u 30586.34 254 19 409 1612281  3 58070976 475473 2.8 31 11 1 2 32% 317671 1832 57%
c v 30589.20 254 19 409 1612281  3 58070976 474867 2.8 31 11 1 2 32% 317671 1832 57%
c # 30814.36 254 20 409 1629984  3 58311814 668606 2.7 31 11 1 2 32% 317671 1832 57%
c - 30864.62 254 20 410 1632711  3 58357119 488329 2.8 31 11 1 2 32% 317671 1832 57%
c p 30864.82 254 20 410 1632711  3 58357119 488343 2.8 31 11 1 2 32% 317671 1832 57%
c u 30871.83 254 20 410 1632711  3 58357119 485737 2.8 31 11 1 2 32% 317671 1832 57%
c v 30875.14 254 20 410 1632711  3 58357119 484394 2.8 31 11 1 2 32% 317671 1832 57%
c w 30875.16 254 20 410 1632711  3 58357119 484394 2.8 31 11 1 2 32% 317671 1832 57%
c } 30910.66 254 19 410 1635559  3 58402308 520113 2.8 31 11 1 2 32% 317671 1832 57%
c [ 30910.66 254 44 410 1635559  2 58402308 520113 3.2 62 19 1 2 44% 317671 1832 57%
c 
c   seconds      reductions       conflicts           size   tier2       variables
c             MB        restarts          redundant      glue   trail         remaining
c              level           rate             size/glue  tier1  irredundant
c 
c - 31082.88 255 25 411 1635559  2 58643968 489942 2.8 39 14 1 2 34% 317671 1832 57%
c p 31083.08 255 25 411 1635559  2 58643968 489955 2.8 39 14 1 2 34% 317671 1832 57%
c u 31088.31 255 25 411 1635559  2 58643968 487868 2.8 39 14 1 2 34% 317671 1832 57%
c v 31091.07 255 25 411 1635559  2 58643968 486402 2.8 39 14 1 2 34% 317671 1832 57%
c w 31091.17 255 25 411 1635559  2 58643968 486401 2.8 39 14 1 2 34% 317671 1832 57%
c W 31110.71 255 28 411 1635559  2 58653816 495482 3.0 42 14 1 2 36% 317671 1832 57%
c - 31219.88 255 36 412 1635559  3 58931518 492627 3.1 60 19 1 2 36% 317671 1832 57%
c p 31220.11 255 36 412 1635559  3 58931518 492640 3.1 60 19 1 2 36% 317671 1832 57%
c u 31224.11 255 36 412 1635559  3 58931518 491245 3.1 60 19 1 2 36% 317671 1832 57%
c v 31225.91 255 36 412 1635559  3 58931518 490445 3.1 60 19 1 2 36% 317671 1832 57%
c w 31225.96 255 36 412 1635559  3 58931518 490445 3.1 60 19 1 2 36% 317671 1832 57%
c O 31244.98 255 38 412 1635559  3 58996820 545515 2.8 55 20 1 2 36% 317671 1832 57%
c - 31326.37 254 40 413 1635559  2 59219773 484709 2.0 44 22 1 2 31% 317671 1832 57%
c p 31326.55 254 40 413 1635559  2 59219773 484723 2.0 44 22 1 2 31% 317671 1832 57%
c u 31329.86 254 40 413 1635559  2 59219773 483651 2.0 44 22 1 2 31% 317671 1832 57%
c v 31329.89 254 40 413 1635559  2 59219773 483649 2.0 44 22 1 2 31% 317671 1832 57%
c w 31329.95 254 40 413 1635559  2 59219773 483648 2.0 44 22 1 2 31% 317671 1832 57%
c ] 31333.50 254 39 413 1635559  2 59225659 488244 2.0 43 21 1 2 31% 317671 1832 57%
c { 31333.50 254 19 413 1635559  3 59225659 488244 2.8 31 11 1 2 32% 317671 1832 57%
c s 31372.47 256 19 413 1638700  3 59271535 525098 2.8 31 11 1 2 32% 317671 1832 57%
c 
c   seconds      reductions       conflicts           size   tier2       variables
c             MB        restarts          redundant      glue   trail         remaining
c              level           rate             size/glue  tier1  irredundant
c 
c s 31373.60 256 19 413 1638700  3 59271535 525069 2.8 31 11 1 2 32% 317671 1832 57%
c B 31438.81 256 20 413 1643923  3 59340821 580588 2.8 31 11 1 2 32% 317671 1832 57%
c - 31617.95 256 19 414 1656611  3 59508730 496663 2.7 31 11 1 2 32% 317671 1832 57%
c p 31618.16 256 19 414 1656611  3 59508730 496676 2.7 31 11 1 2 32% 317671 1832 57%
c u 31623.47 256 19 414 1656611  3 59508730 492877 2.7 31 11 1 2 32% 317671 1832 57%
c v 31627.95 256 19 414 1656611  3 59508730 490631 2.7 31 11 1 2 32% 317671 1832 57%
c w 31627.97 256 19 414 1656611  3 59508730 490631 2.7 31 11 1 2 32% 317671 1832 57%
c W 31809.87 256 19 414 1668852  3 59685822 633818 2.8 30 11 1 2 32% 317671 1832 57%
c } 31866.83 256 20 414 1672759  3 59741102 678583 2.8 31 11 1 2 32% 317671 1832 57%
c [ 31866.83 256 39 414 1672759  2 59741102 678583 2.0 43 21 1 2 31% 317671 1832 57%
c - 31906.26 257 27 415 1672759  2 59798394 501719 2.2 36 16 1 2 32% 317671 1832 57%
c p 31906.49 257 27 415 1672759  2 59798394 501731 2.2 36 16 1 2 32% 317671 1832 57%
c u 31913.24 257 27 415 1672759  2 59798394 499485 2.2 36 16 1 2 32% 317671 1832 57%
c v 31916.43 257 27 415 1672759  2 59798394 497586 2.2 36 16 1 2 32% 317671 1832 57%
c w 31916.46 257 27 415 1672759  2 59798394 497586 2.2 36 16 1 2 32% 317671 1832 57%
c B 31982.41 257 39 415 1672822  2 60031823 691706 2.2 45 21 1 2 31% 317671 1832 57%
c - 32002.40 257 37 416 1672850  2 60088762 501512 2.1 42 20 1 2 29% 317671 1832 57%
c p 32002.58 257 37 416 1672850  2 60088762 501525 2.1 42 20 1 2 29% 317671 1832 57%
c u 32005.10 257 37 416 1672850  2 60088762 500712 2.1 42 20 1 2 29% 317671 1832 57%
c v 32006.21 257 37 416 1672850  2 60088762 500495 2.1 42 20 1 2 29% 317671 1832 57%
c 
c   seconds      reductions       conflicts           size   tier2       variables
c             MB        restarts          redundant      glue   trail         remaining
c              level           rate             size/glue  tier1  irredundant
c 
c w 32006.23 257 37 416 1672850  2 60088762 500495 2.1 42 20 1 2 29% 317671 1832 57%
c W 32141.77 257 34 416 1672917  2 60378827 722527 1.8 38 21 1 2 27% 317671 1832 57%
c - 32142.60 255 34 417 1672917  2 60379833 484632 1.8 38 21 1 2 27% 317671 1832 57%
c p 32142.78 255 34 417 1672917  2 60379833 484646 1.8 38 21 1 2 27% 317671 1832 57%
c u 32147.41 255 34 417 1672917  2 60379833 483043 1.8 38 21 1 2 27% 317671 1832 57%
c v 32147.41 255 34 417 1672917  2 60379833 483043 1.8 38 21 1 2 27% 317671 1832 57%
c w 32147.43 255 34 417 1672917  2 60379833 483043 1.8 38 21 1 2 27% 317671 1832 57%
c - 32274.84 254 35 418 1673012  2 60671608 474241 1.8 38 21 1 2 26% 317671 1832 57%
c p 32275.01 254 35 418 1673012  2 60671608 474254 1.8 38 21 1 2 26% 317671 1832 57%
c u 32278.75 254 35 418 1673012  2 60671608 472514 1.8 38 21 1 2 26% 317671 1832 57%
c v 32278.75 254 35 418 1673012  2 60671608 472514 1.8 38 21 1 2 26% 317671 1832 57%
c w 32278.77 254 35 418 1673012  2 60671608 472514 1.8 38 21 1 2 26% 317671 1832 57%
c I 32290.22 254 35 418 1673013  2 60726829 515716 1.8 37 20 1 2 25% 317671 1832 57%
c ] 32294.84 254 39 418 1673013  2 60743108 530408 2.0 41 21 1 2 28% 317671 1832 57%
c { 32294.84 254 20 418 1673013  3 60743108 530408 2.8 31 11 1 2 32% 317671 1832 57%
c - 32519.34 255 20 419 1689188  3 60964089 487362 2.7 30 11 1 2 32% 317671 1832 57%
c p 32519.55 255 20 419 1689188  3 60964089 487376 2.7 30 11 1 2 32% 317671 1832 57%
c u 32524.70 255 20 419 1689188  3 60964089 483974 2.7 30 11 1 2 32% 317671 1832 57%
c v 32527.69 255 20 419 1689188  3 60964089 483334 2.7 30 11 1 2 32% 317671 1832 57%
c w 32527.70 255 20 419 1689188  3 60964089 483334 2.7 30 11 1 2 32% 317671 1832 57%
c 
c   seconds      reductions       conflicts           size   tier2       variables
c             MB        restarts          redundant      glue   trail         remaining
c              level           rate             size/glue  tier1  irredundant
c 
c F 32624.42 255 20 419 1697536  3 61075839 574738 2.8 31 11 1 2 32% 317671 1832 57%
c - 32806.77 256 20 420 1710876  3 61257273 501445 2.7 31 11 1 2 32% 317671 1832 57%
c p 32806.97 256 20 420 1710876  3 61257273 501457 2.7 31 11 1 2 32% 317671 1832 57%
c u 32813.64 256 20 420 1710876  3 61257273 498310 2.7 31 11 1 2 32% 317671 1832 57%
c v 32817.59 256 20 420 1710876  3 61257273 497566 2.7 31 11 1 2 32% 317671 1832 57%
c w 32817.61 256 20 420 1710876  3 61257273 497566 2.7 31 11 1 2 32% 317671 1832 57%
c } 32821.30 256 20 420 1711243  3 61261522 500878 2.7 31 11 1 2 31% 317671 1832 57%
c [ 32821.30 256 39 420 1711243  2 61261522 500878 2.0 41 21 1 2 28% 317671 1832 57%
c B 32882.99 256 28 420 1711249  2 61425846 631146 2.8 42 15 1 2 35% 317671 1832 57%
c - 32929.12 256 35 421 1711299  2 61551160 502435 2.3 45 19 1 2 34% 317671 1832 57%
c p 32929.32 256 35 421 1711299  2 61551160 502446 2.3 45 19 1 2 34% 317671 1832 57%
c u 32932.71 256 35 421 1711299  2 61551160 501489 2.3 45 19 1 2 34% 317671 1832 57%
c v 32934.47 256 35 421 1711299  2 61551160 501051 2.3 45 19 1 2 34% 317671 1832 57%
c w 32934.52 256 35 421 1711299  2 61551160 501050 2.3 45 19 1 2 34% 317671 1832 57%
c W 33029.06 256 39 421 1711369  2 61776847 688479 2.2 45 20 1 2 32% 317671 1832 57%
c - 33050.33 256 38 422 1711371  2 61845751 494409 2.2 44 20 1 2 30% 317671 1832 57%
c p 33050.48 256 38 422 1711371  2 61845751 494420 2.2 44 20 1 2 30% 317671 1832 57%
c u 33052.22 256 38 422 1711371  2 61845751 493932 2.2 44 20 1 2 30% 317671 1832 57%
c v 33053.04 256 38 422 1711371  2 61845751 493189 2.2 44 20 1 2 30% 317671 1832 57%
c w 33053.07 256 38 422 1711371  2 61845751 493189 2.2 44 20 1 2 30% 317671 1832 57%
c 
c   seconds      reductions       conflicts           size   tier2       variables
c             MB        restarts          redundant      glue   trail         remaining
c              level           rate             size/glue  tier1  irredundant
c 
c O 33169.69 256 38 422 1711455  2 62128849 715555 2.1 44 21 1 2 33% 317671 1832 57%
c - 33175.65 255 38 423 1711462  2 62141048 490818 2.1 44 21 1 2 33% 317671 1832 57%
c p 33175.86 255 38 423 1711462  2 62141048 490829 2.1 44 21 1 2 33% 317671 1832 57%
c u 33179.95 255 38 423 1711462  2 62141048 489299 2.1 44 21 1 2 33% 317671 1832 57%
c v 33179.95 255 38 423 1711462  2 62141048 489299 2.1 44 21 1 2 33% 317671 1832 57%
c w 33180.00 255 38 423 1711462  2 62141048 489299 2.1 44 21 1 2 33% 317671 1832 57%
c ] 33250.11 255 36 423 1711498  2 62341619 650740 2.1 42 20 1 2 29% 317671 1832 57%
c { 33250.11 255 20 423 1711498  3 62341619 650740 2.7 31 11 1 2 31% 317671 1832 57%
c - 33359.96 256 20 424 1717824  3 62437047 498282 2.7 30 11 1 2 31% 317671 1832 57%
c p 33360.15 256 20 424 1717824  3 62437047 498293 2.7 30 11 1 2 31% 317671 1832 57%
c u 33364.85 256 20 424 1717824  3 62437047 496108 2.7 30 11 1 2 31% 317671 1832 57%
c v 33367.35 256 20 424 1717824  3 62437047 495635 2.7 30 11 1 2 31% 317671 1832 57%
c w 33367.35 256 20 424 1717824  3 62437047 495635 2.7 30 11 1 2 31% 317671 1832 57%
c B 33403.51 256 20 424 1721031  3 62481855 532326 2.7 31 11 1 2 31% 317671 1832 57%
c - 33634.54 257 20 425 1738311  3 62733753 510610 2.8 31 11 1 2 32% 317671 1832 57%
c p 33634.74 257 20 425 1738311  3 62733753 510621 2.8 31 11 1 2 32% 317671 1832 57%
c u 33641.02 257 20 425 1738311  3 62733753 507408 2.8 31 11 1 2 32% 317671 1832 57%
c v 33645.54 257 20 425 1738311  3 62733753 506337 2.8 31 11 1 2 32% 317671 1832 57%
c w 33645.56 257 20 425 1738311  3 62733753 506337 2.8 31 11 1 2 32% 317671 1832 57%
c s 33709.53 265 20 425 1743545  3 62810458 567891 2.7 30 11 1 2 32% 317671 1832 57%
c 
c   seconds      reductions       conflicts           size   tier2       variables
c             MB        restarts          redundant      glue   trail         remaining
c              level           rate             size/glue  tier1  irredundant
c 
c s 33710.70 265 20 425 1743545  3 62810458 567867 2.7 30 11 1 2 32% 317671 1832 57%
c W 33756.72 265 20 425 1745749  3 62835858 588327 2.7 30 11 1 2 32% 317671 1832 57%
c } 33799.06 265 19 425 1748217  3 62888786 629516 2.8 30 11 1 2 32% 317671 1832 57%
c [ 33799.06 265 36 425 1748217  2 62888786 629516 2.1 42 20 1 2 29% 317671 1832 57%
c - 33836.93 265 41 426 1748218  2 63031165 519063 2.8 55 20 1 2 39% 317671 1832 57%
c p 33837.15 265 41 426 1748218  2 63031165 519075 2.8 55 20 1 2 39% 317671 1832 57%
c u 33841.83 265 41 426 1748218  2 63031165 517749 2.8 55 20 1 2 39% 317671 1832 57%
c v 33843.93 265 41 426 1748218  2 63031165 517234 2.8 55 20 1 2 39% 317671 1832 57%
c w 33843.98 265 41 426 1748218  2 63031165 517233 2.8 55 20 1 2 39% 317671 1832 57%
c B 33879.94 265 44 426 1748219  2 63190861 654249 2.7 56 21 1 2 39% 317671 1832 57%
c - 33928.56 265 40 427 1748234  2 63329279 516161 2.4 50 20 1 2 35% 317671 1832 57%
c p 33928.80 265 40 427 1748234  2 63329279 516173 2.4 50 20 1 2 35% 317671 1832 57%
c u 33931.56 265 40 427 1748234  2 63329279 515401 2.4 50 20 1 2 35% 317671 1832 57%
c v 33932.83 265 40 427 1748234  2 63329279 514935 2.4 50 20 1 2 35% 317671 1832 57%
c w 33932.88 265 40 427 1748234  2 63329279 514935 2.4 50 20 1 2 35% 317671 1832 57%
c W 33996.73 265 44 427 1748304  2 63546862 698426 2.7 55 20 1 2 39% 317671 1832 57%
c - 34033.48 265 41 428 1748335  2 63628099 509130 2.6 52 20 1 2 38% 317671 1832 57%
c p 34033.71 265 41 428 1748335  2 63628099 509142 2.6 52 20 1 2 38% 317671 1832 57%
c u 34036.74 265 41 428 1748335  2 63628099 507841 2.6 52 20 1 2 38% 317671 1832 57%
c w 34036.77 265 41 428 1748335  2 63628099 507840 2.6 52 20 1 2 38% 317671 1832 57%
c 
c   seconds      reductions       conflicts           size   tier2       variables
c             MB        restarts          redundant      glue   trail         remaining
c              level           rate             size/glue  tier1  irredundant
c 
c I 34137.07 265 37 428 1748404  2 63903863 724517 2.2 45 20 1 2 34% 317671 1832 57%
c - 34141.55 264 40 429 1748408  2 63927620 505352 2.4 48 20 1 2 37% 317671 1832 57%
c p 34141.76 264 40 429 1748408  2 63927620 505363 2.4 48 20 1 2 37% 317671 1832 57%
c u 34145.12 264 40 429 1748408  2 63927620 504163 2.4 48 20 1 2 37% 317671 1832 57%
c v 34145.15 264 40 429 1748408  2 63927620 504156 2.4 48 20 1 2 37% 317671 1832 57%
c w 34145.20 264 40 429 1748408  2 63927620 504153 2.4 48 20 1 2 37% 317671 1832 57%
c ] 34210.21 264 41 429 1748472  2 64153173 693692 2.8 54 19 1 2 39% 317671 1832 57%
c { 34210.21 264 19 429 1748472  3 64153173 693692 2.8 30 11 1 2 32% 317671 1832 57%
c - 34312.17 265 18 430 1753729  3 64227847 513639 2.8 30 11 1 2 32% 317671 1832 57%
c p 34312.36 265 18 430 1753729  3 64227847 513651 2.8 30 11 1 2 32% 317671 1832 57%
c u 34316.18 265 18 430 1753729  3 64227847 511606 2.8 30 11 1 2 32% 317671 1832 57%
c v 34318.06 265 18 430 1753729  3 64227847 511229 2.8 30 11 1 2 32% 317671 1832 57%
c # 34349.53 265 19 430 1757058  3 64261865 539123 2.7 30 11 1 2 32% 317671 1832 57%
c s 34452.86 265 19 430 1765430  3 64377483 631674 2.7 30 11 1 2 32% 317665 1832 57%
c s 34453.57 265 19 430 1765430  3 64377483 631560 2.7 30 11 1 2 32% 317665 1832 57%
c - 34604.19 266 19 431 1776406  3 64528775 524680 2.7 30 11 1 2 31% 317665 1832 57%
c p 34604.38 266 19 431 1776406  3 64528775 524691 2.7 30 11 1 2 31% 317665 1832 57%
c u 34609.80 266 19 431 1776406  3 64528775 521142 2.7 30 11 1 2 31% 317665 1832 57%
c v 34613.92 266 19 431 1776406  3 64528775 520101 2.7 30 11 1 2 31% 317665 1832 57%
c w 34613.93 266 19 431 1776406  3 64528775 520101 2.7 30 11 1 2 31% 317665 1832 57%
c 
c   seconds      reductions       conflicts           size   tier2       variables
c             MB        restarts          redundant      glue   trail         remaining
c              level           rate             size/glue  tier1  irredundant
c 
c B 34695.03 266 19 431 1782542  3 64620871 593652 2.7 30 11 1 2 31% 317665 1832 57%
c } 34754.76 266 20 431 1787363  3 64685262 645747 2.7 31 11 1 2 32% 317665 1832 57%
c [ 34754.76 266 41 431 1787363  2 64685262 645747 2.8 54 19 1 2 39% 317665 1832 57%
c - 34807.50 266 36 432 1787365  2 64830406 528083 2.2 44 19 1 2 32% 317665 1832 57%
c p 34807.71 266 36 432 1787365  2 64830406 528093 2.2 44 19 1 2 32% 317665 1832 57%
c u 34813.04 266 36 432 1787365  2 64830406 526614 2.2 44 19 1 2 32% 317665 1832 57%
c v 34815.57 266 36 432 1787365  2 64830406 525807 2.2 44 19 1 2 32% 317665 1832 57%
c w 34815.60 266 36 432 1787365  2 64830406 525806 2.2 44 19 1 2 32% 317665 1832 57%
c B 34855.89 266 39 432 1787396  2 64980872 650775 2.3 46 20 1 2 32% 317665 1832 57%
c - 34911.54 266 39 433 1787443  2 65132743 525199 2.1 43 21 1 2 31% 317665 1832 57%
c p 34911.74 266 39 433 1787443  2 65132743 525210 2.1 43 21 1 2 31% 317665 1832 57%
c u 34914.88 266 39 433 1787443  2 65132743 524227 2.1 43 21 1 2 31% 317665 1832 57%
c v 34916.24 266 39 433 1787443  2 65132743 523332 2.1 43 21 1 2 31% 317665 1832 57%
c w 34916.25 266 39 433 1787443  2 65132743 523332 2.1 43 21 1 2 31% 317665 1832 57%
c W 35004.51 266 34 433 1787492  2 65341874 683445 1.8 35 20 1 2 25% 317665 1832 57%
c - 35032.66 264 36 434 1787522  2 65435785 508717 1.8 38 20 1 2 27% 317665 1832 57%
c p 35032.82 264 36 434 1787522  2 65435785 508729 1.8 38 20 1 2 27% 317665 1832 57%
c u 35035.21 264 36 434 1787522  2 65435785 507661 1.8 38 20 1 2 27% 317665 1832 57%
c v 35035.23 264 36 434 1787522  2 65435785 507659 1.8 38 20 1 2 27% 317665 1832 57%
c w 35035.24 264 36 434 1787522  2 65435785 507659 1.8 38 20 1 2 27% 317665 1832 57%
c 
c   seconds      reductions       conflicts           size   tier2       variables
c             MB        restarts          redundant      glue   trail         remaining
c              level           rate             size/glue  tier1  irredundant
c 
c O 35132.18 264 36 434 1787612  2 65703876 714618 2.0 40 20 1 2 30% 317665 1832 57%
c - 35148.40 264 31 435 1787618  2 65739529 505131 2.2 39 18 1 2 31% 317665 1832 57%
c p 35148.59 264 31 435 1787618  2 65739529 505143 2.2 39 18 1 2 31% 317665 1832 57%
c u 35152.14 264 31 435 1787618  2 65739529 503625 2.2 39 18 1 2 31% 317665 1832 57%
c v 35152.18 264 31 435 1787618  2 65739529 503622 2.2 39 18 1 2 31% 317665 1832 57%
c w 35152.21 264 31 435 1787618  2 65739529 503621 2.2 39 18 1 2 31% 317665 1832 57%
c ] 35212.28 264 23 435 1787620  2 65862677 595454 2.5 35 14 1 2 32% 317665 1832 57%
c { 35212.28 264 20 435 1787620  3 65862677 595454 2.7 31 11 1 2 32% 317665 1832 57%
c - 35391.95 265 19 436 1801037  3 66043976 514391 2.7 30 11 1 2 31% 317665 1832 57%
c p 35392.18 265 19 436 1801037  3 66043976 514399 2.7 30 11 1 2 31% 317665 1832 57%
c u 35397.56 265 19 436 1801037  3 66043976 510467 2.7 30 11 1 2 31% 317665 1832 57%
c v 35401.01 265 19 436 1801037  3 66043976 509719 2.7 30 11 1 2 31% 317665 1832 57%
c w 35401.03 265 19 436 1801037  3 66043976 509718 2.7 30 11 1 2 31% 317665 1832 57%
c W 35432.37 265 19 436 1802580  3 66066878 528538 2.7 30 11 1 2 31% 317665 1832 57%
c - 35693.28 266 20 437 1823898  3 66349131 526934 2.6 30 11 1 2 31% 317665 1832 57%
c p 35693.48 266 20 437 1823898  3 66349131 526944 2.6 30 11 1 2 31% 317665 1832 57%
c u 35699.80 266 20 437 1823898  3 66349131 524362 2.6 30 11 1 2 31% 317665 1832 57%
c v 35703.09 266 20 437 1823898  3 66349131 523172 2.6 30 11 1 2 31% 317665 1832 57%
c F 35767.19 266 20 437 1829125  3 66430880 589613 2.7 30 11 1 2 31% 317665 1832 57%
c } 35777.54 266 20 437 1829846  3 66442232 599129 2.8 31 11 1 2 32% 317665 1832 57%
c 
c   seconds      reductions       conflicts           size   tier2       variables
c             MB        restarts          redundant      glue   trail         remaining
c              level           rate             size/glue  tier1  irredundant
c 
c [ 35777.54 266 23 437 1829846  2 66442232 599129 2.5 35 14 1 2 32% 317665 1832 57%
c - 35910.76 266 20 438 1829847  2 66654988 530683 2.8 36 13 1 2 33% 317665 1832 57%
c p 35910.97 266 20 438 1829847  2 66654988 530693 2.8 36 13 1 2 33% 317665 1832 57%
c u 35916.37 266 20 438 1829847  2 66654988 528855 2.8 36 13 1 2 33% 317665 1832 57%
c v 35918.94 266 20 438 1829847  2 66654988 528312 2.8 36 13 1 2 33% 317665 1832 57%
c w 35918.97 266 20 438 1829847  2 66654988 528312 2.8 36 13 1 2 33% 317665 1832 57%
c B 35955.81 266 40 438 1829847  2 66795886 650628 2.9 55 19 1 2 40% 317665 1832 57%
c - 36017.12 266 41 439 1829848  2 66961548 533146 2.6 52 20 1 2 38% 317665 1832 57%
c p 36017.35 266 41 439 1829848  2 66961548 533156 2.6 52 20 1 2 38% 317665 1832 57%
c u 36020.56 266 41 439 1829848  2 66961548 532366 2.6 52 20 1 2 38% 317665 1832 57%
c v 36022.12 266 41 439 1829848  2 66961548 531987 2.6 52 20 1 2 38% 317665 1832 57%
c w 36022.19 266 41 439 1829848  2 66961548 531986 2.6 52 20 1 2 38% 317665 1832 57%
c W 36091.52 266 38 439 1829848  2 67161890 696891 2.5 47 19 1 2 35% 317665 1832 57%
c - 36135.36 265 37 440 1829848  2 67268813 519662 2.0 42 21 1 2 29% 317665 1832 57%
c p 36135.55 265 37 440 1829848  2 67268813 519672 2.0 42 21 1 2 29% 317665 1832 57%
c u 36138.68 265 37 440 1829848  2 67268813 518549 2.0 42 21 1 2 29% 317665 1832 57%
c v 36138.71 265 37 440 1829848  2 67268813 518546 2.0 42 21 1 2 29% 317665 1832 57%
c w 36138.75 265 37 440 1829848  2 67268813 518544 2.0 42 21 1 2 29% 317665 1832 57%
c ] 36237.97 265 36 440 1829911  2 67528575 718562 1.8 38 21 1 2 27% 317665 1832 57%
c { 36237.97 265 20 440 1829911  3 67528575 718562 2.8 31 11 1 2 32% 317665 1832 57%
c 
c   seconds      reductions       conflicts           size   tier2       variables
c             MB        restarts          redundant      glue   trail         remaining
c              level           rate             size/glue  tier1  irredundant
c 
c B 36238.23 265 20 440 1829989  3 67528893 718831 2.8 31 11 1 2 32% 317665 1832 57%
c - 36295.00 265 19 441 1833599  3 67576782 516389 2.7 30 11 1 2 31% 317665 1832 57%
c p 36295.18 265 19 441 1833599  3 67576782 516401 2.7 30 11 1 2 31% 317665 1832 57%
c u 36304.86 265 19 441 1833599  3 67576782 514071 2.7 30 11 1 2 31% 317665 1832 57%
c w 36304.87 265 19 441 1833599  3 67576782 514071 2.7 30 11 1 2 31% 317665 1832 57%
c - 36580.01 266 19 442 1854636  3 67885463 529537 2.7 30 11 1 2 32% 317665 1832 57%
c p 36580.18 266 19 442 1854636  3 67885463 529546 2.7 30 11 1 2 32% 317665 1832 57%
c u 36585.88 266 19 442 1854636  3 67885463 525752 2.7 30 11 1 2 32% 317665 1832 57%
c v 36589.07 266 19 442 1854636  3 67885463 525037 2.7 30 11 1 2 32% 317665 1832 57%
c W 36614.55 266 19 442 1855614  3 67896895 534424 2.7 30 11 1 2 31% 317665 1832 57%
c } 36814.28 266 19 442 1871158  3 68119952 710685 2.7 30 11 1 2 31% 317665 1832 57%
c [ 36814.28 266 36 442 1871158  2 68119952 710685 1.8 38 21 1 2 27% 317665 1832 57%
c - 36842.88 266 37 443 1871186  2 68194840 541247 2.6 48 19 1 2 36% 317665 1832 57%
c p 36843.08 266 37 443 1871186  2 68194840 541256 2.6 48 19 1 2 36% 317665 1832 57%
c u 36849.28 266 37 443 1871186  2 68194840 539233 2.6 48 19 1 2 36% 317665 1832 57%
c v 36852.39 266 37 443 1871186  2 68194840 538581 2.6 48 19 1 2 36% 317665 1832 57%
c w 36852.47 266 37 443 1871186  2 68194840 538580 2.6 48 19 1 2 36% 317665 1832 57%
c I 36872.05 266 37 443 1871210  2 68265898 597322 2.4 45 19 1 2 34% 317665 1832 57%
c - 36948.40 267 39 444 1871261  2 68504921 541592 2.4 48 20 1 2 35% 317665 1832 57%
c p 36948.58 267 39 444 1871261  2 68504921 541601 2.4 48 20 1 2 35% 317665 1832 57%
c 
c   seconds      reductions       conflicts           size   tier2       variables
c             MB        restarts          redundant      glue   trail         remaining
c              level           rate             size/glue  tier1  irredundant
c 
c u 36951.33 267 39 444 1871261  2 68504921 540849 2.4 48 20 1 2 35% 317665 1832 57%
c v 36952.73 267 39 444 1871261  2 68504921 540374 2.4 48 20 1 2 35% 317665 1832 57%
c w 36952.79 267 39 444 1871261  2 68504921 540374 2.4 48 20 1 2 35% 317665 1832 57%
c B 37005.12 267 35 444 1871300  2 68635899 641184 2.0 40 20 1 2 29% 317665 1832 57%
c - 37099.30 266 33 445 1871349  2 68815709 533049 2.8 47 17 1 2 37% 317665 1832 57%
c p 37099.53 266 33 445 1871349  2 68815709 533058 2.8 47 17 1 2 37% 317665 1832 57%
c u 37104.16 266 33 445 1871349  2 68815709 531140 2.8 47 17 1 2 37% 317665 1832 57%
c v 37105.13 266 33 445 1871349  2 68815709 530454 2.8 47 17 1 2 37% 317665 1832 57%
c w 37105.20 266 33 445 1871349  2 68815709 530451 2.8 47 17 1 2 37% 317665 1832 57%
c W 37182.73 266 38 445 1871350  2 69006901 691772 2.5 48 19 1 2 35% 317665 1832 57%
c - 37223.95 266 39 446 1871398  2 69127202 531528 2.3 46 20 1 2 34% 317665 1832 57%
c p 37224.14 266 39 446 1871398  2 69127202 531537 2.3 46 20 1 2 34% 317665 1832 57%
c u 37227.27 266 39 446 1871398  2 69127202 530556 2.3 46 20 1 2 34% 317665 1832 57%
c w 37227.29 266 39 446 1871398  2 69127202 530556 2.3 46 20 1 2 34% 317665 1832 57%
c ] 37284.40 266 39 446 1871461  2 69327422 694058 2.2 44 20 1 2 31% 317665 1832 57%
c { 37284.40 266 19 446 1871461  3 69327422 694058 2.7 30 11 1 2 31% 317665 1832 57%
c # 37339.73 266 19 446 1874365  3 69378902 732927 2.7 29 11 1 2 31% 317665 1832 57%
c - 37422.27 266 19 447 1879340  3 69439396 533891 2.6 29 11 1 2 31% 317665 1832 57%
c p 37422.49 266 19 447 1879340  3 69439396 533900 2.6 29 11 1 2 31% 317665 1832 57%
c u 37427.32 266 19 447 1879340  3 69439396 530885 2.6 29 11 1 2 31% 317665 1832 57%
c 
c   seconds      reductions       conflicts           size   tier2       variables
c             MB        restarts          redundant      glue   trail         remaining
c              level           rate             size/glue  tier1  irredundant
c 
c B 37718.54 266 20 447 1901467  3 69751903 777733 2.7 30 11 1 2 32% 317665 1832 57%
c - 37719.54 267 20 448 1901522  3 69752293 545063 2.7 30 11 1 2 32% 317665 1832 57%
c p 37719.76 267 20 448 1901522  3 69752293 545071 2.7 30 11 1 2 32% 317665 1832 57%
c u 37726.22 267 20 448 1901522  3 69752293 541824 2.7 30 11 1 2 32% 317665 1832 57%
c v 37730.47 267 20 448 1901522  3 69752293 540903 2.7 30 11 1 2 32% 317665 1832 57%
c w 37730.48 267 20 448 1901522  3 69752293 540902 2.7 30 11 1 2 32% 317665 1832 57%
c } 37865.94 267 20 448 1913625  3 69915501 670533 2.7 30 11 1 2 31% 317665 1832 57%
c [ 37865.94 267 39 448 1913625  2 69915501 670533 2.2 44 20 1 2 31% 317665 1832 57%
c s 37922.60 269 27 448 1913641  2 70008720 737243 2.3 36 16 1 2 29% 317665 1832 57%
c s 37923.75 269 27 448 1913641  2 70008720 737203 2.3 36 16 1 2 29% 317665 1832 57%
c - 37945.71 270 31 449 1913644  2 70065896 550423 2.2 40 18 1 2 30% 317665 1832 57%
c p 37945.93 270 31 449 1913644  2 70065896 550432 2.2 40 18 1 2 30% 317665 1832 57%
c u 37950.01 270 31 449 1913644  2 70065896 549484 2.2 40 18 1 2 30% 317665 1832 57%
c v 37952.15 270 31 449 1913644  2 70065896 548981 2.2 40 18 1 2 30% 317665 1832 57%
c w 37952.18 270 31 449 1913644  2 70065896 548981 2.2 40 18 1 2 30% 317665 1832 57%
c O 37963.60 270 32 449 1913671  2 70125904 595626 2.0 37 19 1 2 27% 317665 1832 57%
c - 38044.91 270 38 450 1913751  2 70380204 548721 2.3 46 20 1 2 33% 317665 1832 57%
c p 38045.14 270 38 450 1913751  2 70380204 548730 2.3 46 20 1 2 33% 317665 1832 57%
c u 38048.37 270 38 450 1913751  2 70380204 547583 2.3 46 20 1 2 33% 317665 1832 57%
c v 38049.98 270 38 450 1913751  2 70380204 546551 2.3 46 20 1 2 33% 317665 1832 57%
c 
c   seconds      reductions       conflicts           size   tier2       variables
c             MB        restarts          redundant      glue   trail         remaining
c              level           rate             size/glue  tier1  irredundant
c 
c w 38050.02 270 38 450 1913751  2 70380204 546549 2.3 46 20 1 2 33% 317665 1832 57%
c B 38090.01 270 38 450 1913768  2 70500905 642167 2.0 42 21 1 2 29% 317665 1832 57%
c - 38182.34 268 35 451 1913770  2 70695215 532770 2.0 40 20 1 2 30% 317665 1832 57%
c p 38182.54 268 35 451 1913770  2 70695215 532779 2.0 40 20 1 2 30% 317665 1832 57%
c u 38186.94 268 35 451 1913770  2 70695215 530966 2.0 40 20 1 2 30% 317665 1832 57%
c v 38186.95 268 35 451 1913770  2 70695215 530966 2.0 40 20 1 2 30% 317665 1832 57%
c w 38186.96 268 35 451 1913770  2 70695215 530966 2.0 40 20 1 2 30% 317665 1832 57%
c W 38284.79 268 37 451 1913770  2 70876906 678785 2.2 43 20 1 2 32% 317665 1832 57%
c - 38339.35 268 38 452 1913801  2 71010930 529436 2.2 44 20 1 2 33% 317665 1832 57%
c p 38339.56 268 38 452 1913801  2 71010930 529446 2.2 44 20 1 2 33% 317665 1832 57%
c u 38343.13 268 38 452 1913801  2 71010930 527677 2.2 44 20 1 2 33% 317665 1832 57%
c v 38343.14 268 38 452 1913801  2 71010930 527677 2.2 44 20 1 2 33% 317665 1832 57%
c w 38343.16 268 38 452 1913801  2 71010930 527677 2.2 44 20 1 2 33% 317665 1832 57%
c ] 38349.79 268 40 452 1913816  2 71038749 551707 2.4 48 20 1 2 35% 317665 1832 57%
c { 38349.79 268 20 452 1913816  3 71038749 551707 2.7 30 11 1 2 31% 317665 1832 57%
c W 38558.56 268 19 452 1928568  3 71253907 722249 2.7 29 11 1 2 31% 317665 1832 57%
c - 38636.04 269 19 453 1933747  3 71327348 544329 2.6 29 11 1 2 31% 317665 1832 57%
c p 38636.22 269 19 453 1933747  3 71327348 544339 2.6 29 11 1 2 31% 317665 1832 57%
c u 38641.27 269 19 453 1933747  3 71327348 541080 2.6 29 11 1 2 31% 317665 1832 57%
c v 38646.04 269 19 453 1933747  3 71327348 540237 2.6 29 11 1 2 31% 317665 1832 57%
c 
c   seconds      reductions       conflicts           size   tier2       variables
c             MB        restarts          redundant      glue   trail         remaining
c              level           rate             size/glue  tier1  irredundant
c 
c w 38646.06 269 19 453 1933747  3 71327348 540237 2.6 29 11 1 2 31% 317665 1832 57%
c F 38924.06 269 19 453 1955637  3 71631908 780542 2.7 29 11 1 2 31% 317665 1832 57%
c - 38938.25 270 19 454 1956833  3 71644475 555513 2.6 29 11 1 2 31% 317665 1832 57%
c p 38938.49 270 19 454 1956833  3 71644475 555521 2.6 29 11 1 2 31% 317665 1832 57%
c u 38942.68 270 19 454 1956833  3 71644475 553185 2.6 29 11 1 2 31% 317665 1832 57%
c v 38949.46 270 19 454 1956833  3 71644475 551096 2.6 29 11 1 2 31% 317665 1832 57%
c w 38949.48 270 19 454 1956833  3 71644475 551093 2.6 29 11 1 2 31% 317665 1832 57%
c } 38954.22 270 19 454 1957453  3 71649543 555332 2.6 29 11 1 2 31% 317665 1832 57%
c [ 38954.22 270 40 454 1957453  2 71649543 555332 2.4 48 20 1 2 35% 317665 1832 57%
c - 39150.80 269 19 455 1957534  2 71962302 551176 2.7 34 13 1 2 34% 317665 1832 57%
c p 39150.99 269 19 455 1957534  2 71962302 551183 2.7 34 13 1 2 34% 317665 1832 57%
c u 39154.22 269 19 455 1957534  2 71962302 549539 2.7 34 13 1 2 34% 317665 1832 57%
c v 39158.36 269 19 455 1957534  2 71962302 547779 2.7 34 13 1 2 34% 317665 1832 57%
c w 39158.39 269 19 455 1957534  2 71962302 547777 2.7 34 13 1 2 34% 317665 1832 57%
c I 39183.33 269 18 455 1957539  2 72010909 582414 2.7 33 12 1 2 33% 317665 1832 57%
c - 39269.38 270 38 456 1957628  3 72280834 551518 2.2 44 20 1 2 34% 317665 1832 57%
c p 39269.63 270 38 456 1957628  3 72280834 551526 2.2 44 20 1 2 34% 317665 1832 57%
c u 39273.15 270 38 456 1957628  3 72280834 550495 2.2 44 20 1 2 34% 317665 1832 57%
c v 39274.84 270 38 456 1957628  3 72280834 550214 2.2 44 20 1 2 34% 317665 1832 57%
c w 39274.87 270 38 456 1957628  3 72280834 550214 2.2 44 20 1 2 34% 317665 1832 57%
c 
c   seconds      reductions       conflicts           size   tier2       variables
c             MB        restarts          redundant      glue   trail         remaining
c              level           rate             size/glue  tier1  irredundant
c 
c B 39297.73 270 43 456 1957660  2 72390910 642818 2.4 49 21 1 2 37% 317665 1832 57%
c - 39353.58 270 41 457 1957662  2 72600070 555385 2.7 53 20 1 2 38% 317665 1832 57%
c p 39353.80 270 41 457 1957662  2 72600070 555393 2.7 53 20 1 2 38% 317665 1832 57%
c u 39356.51 270 41 457 1957662  2 72600070 555171 2.7 53 20 1 2 38% 317665 1832 57%
c v 39357.94 270 41 457 1957662  2 72600070 554910 2.7 53 20 1 2 38% 317665 1832 57%
c w 39358.09 270 41 457 1957662  2 72600070 554908 2.7 53 20 1 2 38% 317665 1832 57%
c W 39439.19 270 39 457 1957724  2 72771911 694027 2.3 46 20 1 2 33% 317665 1832 57%
c ] 39448.04 270 40 457 1957725  2 72799890 717682 2.3 48 21 1 2 34% 317665 1832 57%
c { 39448.04 270 19 457 1957725  3 72799890 717682 2.6 29 11 1 2 31% 317665 1832 57%
c - 39595.56 273 19 458 1966086  3 72920012 559077 2.6 29 11 1 2 30% 317665 1832 57%
c p 39595.79 273 19 458 1966086  3 72920012 559085 2.6 29 11 1 2 30% 317665 1832 57%
c u 39599.02 273 19 458 1966086  3 72920012 558999 2.6 29 11 1 2 30% 317665 1832 57%
c v 39601.42 273 19 458 1966086  3 72920012 557988 2.6 29 11 1 2 30% 317665 1832 57%
c B 39809.65 273 19 458 1981484  3 73153912 740699 2.6 29 11 1 2 31% 317665 1832 57%
c - 39904.07 273 19 459 1988017  3 73240656 569837 2.6 29 11 1 2 31% 317665 1832 57%
c p 39904.31 273 19 459 1988017  3 73240656 569844 2.6 29 11 1 2 31% 317665 1832 57%
c u 39907.49 273 19 459 1988017  3 73240656 569827 2.6 29 11 1 2 31% 317665 1832 57%
c v 39909.74 273 19 459 1988017  3 73240656 568816 2.6 29 11 1 2 31% 317665 1832 57%
c } 40057.90 273 19 459 1999669  3 73403466 696818 2.6 29 11 1 2 31% 317665 1832 57%
c [ 40057.90 273 40 459 1999669  2 73403466 696818 2.3 48 21 1 2 34% 317665 1832 57%
c 
c   seconds      reductions       conflicts           size   tier2       variables
c             MB        restarts          redundant      glue   trail         remaining
c              level           rate             size/glue  tier1  irredundant
c 
c O 40114.58 273 36 459 1999722  2 73536913 799721 2.0 41 20 1 2 30% 317665 1832 57%
c - 40125.65 274 36 460 1999731  2 73562004 576376 2.0 41 21 1 2 30% 317665 1832 57%
c p 40125.87 274 36 460 1999731  2 73562004 576383 2.0 41 21 1 2 30% 317665 1832 57%
c u 40129.66 274 36 460 1999731  2 73562004 576025 2.0 41 21 1 2 30% 317665 1832 57%
c v 40131.90 274 36 460 1999731  2 73562004 574749 2.0 41 21 1 2 30% 317665 1832 57%
c w 40131.98 274 36 460 1999731  2 73562004 574749 2.0 41 21 1 2 30% 317665 1832 57%
c - 40260.06 273 35 461 1999802  2 73884057 568684 1.8 37 20 1 2 28% 317665 1832 57%
c p 40260.26 273 35 461 1999802  2 73884057 568691 1.8 37 20 1 2 28% 317665 1832 57%
c u 40264.81 273 35 461 1999802  2 73884057 568378 1.8 37 20 1 2 28% 317665 1832 57%
c v 40264.81 273 35 461 1999802  2 73884057 568378 1.8 37 20 1 2 28% 317665 1832 57%
c w 40264.84 273 35 461 1999802  2 73884057 568378 1.8 37 20 1 2 28% 317665 1832 57%
c B 40285.21 273 36 461 1999818  2 73920916 597599 1.9 39 21 1 2 29% 317665 1832 57%
c - 40386.19 273 40 462 1999861  2 74206813 564795 2.5 51 21 1 2 39% 317665 1832 57%
c p 40386.43 273 40 462 1999861  2 74206813 564802 2.5 51 21 1 2 39% 317665 1832 57%
c u 40390.74 273 40 462 1999861  2 74206813 564508 2.5 51 21 1 2 39% 317665 1832 57%
c v 40390.80 273 40 462 1999861  2 74206813 564500 2.5 51 21 1 2 39% 317665 1832 57%
c w 40390.90 273 40 462 1999861  2 74206813 564500 2.5 51 21 1 2 39% 317665 1832 57%
c W 40456.99 273 37 462 1999862  3 74305921 650199 2.4 50 21 1 2 34% 317665 1832 57%
c ] 40538.91 273 36 462 1999862  2 74528270 826642 2.3 45 20 1 2 33% 317665 1832 57%
c { 40538.91 273 19 462 1999862  3 74528270 826642 2.6 29 11 1 2 31% 317665 1832 57%
c 
c   seconds      reductions       conflicts           size   tier2       variables
c             MB        restarts          redundant      glue   trail         remaining
c              level           rate             size/glue  tier1  irredundant
c 
c - 40543.85 273 19 463 2000321  3 74530278 566638 2.6 29 11 1 2 31% 317665 1832 57%
c p 40544.04 273 19 463 2000321  3 74530278 566645 2.6 29 11 1 2 31% 317665 1832 57%
c u 40547.71 273 19 463 2000321  3 74530278 566362 2.6 29 11 1 2 31% 317665 1832 57%
c v 40547.88 273 19 463 2000321  3 74530278 566324 2.6 29 11 1 2 31% 317665 1832 57%
c W 40693.44 273 20 463 2012095  3 74691928 693778 2.6 30 11 1 2 31% 317665 1832 57%
c - 40861.35 274 19 464 2023424  3 74854443 579650 2.6 29 11 1 2 31% 317665 1832 57%
c p 40861.55 274 19 464 2023424  3 74854443 579656 2.6 29 11 1 2 31% 317665 1832 57%
c u 40866.35 274 19 464 2023424  3 74854443 579338 2.6 29 11 1 2 31% 317665 1832 57%
c v 40872.21 274 19 464 2023424  3 74854443 577364 2.6 29 11 1 2 31% 317665 1832 57%
c # 41080.87 274 19 464 2040212  3 75078929 751450 2.6 29 11 1 2 31% 317665 1832 57%
c } 41164.01 274 20 464 2046551  3 75152440 809547 2.6 30 11 1 2 31% 317665 1832 57%
c [ 41164.01 274 36 464 2046551  2 75152440 809547 2.3 45 20 1 2 33% 317665 1832 57%
c - 41183.47 275 31 465 2046552  2 75179312 589741 2.4 41 17 1 2 33% 317665 1832 57%
c p 41183.71 275 31 465 2046552  2 75179312 589747 2.4 41 17 1 2 33% 317665 1832 57%
c u 41189.89 275 31 465 2046552  2 75179312 589331 2.4 41 17 1 2 33% 317665 1832 57%
c v 41194.58 275 31 465 2046552  2 75179312 587799 2.4 41 17 1 2 33% 317665 1832 57%
c I 41372.08 275 18 465 2046552  2 75466931 796439 2.4 31 13 1 2 31% 317665 1832 57%
c - 41382.71 275 26 466 2046552  2 75504890 588890 2.4 37 16 1 2 33% 317665 1832 57%
c p 41382.90 275 26 466 2046552  2 75504890 588896 2.4 37 16 1 2 33% 317665 1832 57%
c u 41393.06 275 26 466 2046552  2 75504890 588508 2.4 37 16 1 2 33% 317665 1832 57%
c 
c   seconds      reductions       conflicts           size   tier2       variables
c             MB        restarts          redundant      glue   trail         remaining
c              level           rate             size/glue  tier1  irredundant
c 
c v 41394.56 275 26 466 2046552  2 75504890 587462 2.4 37 16 1 2 33% 317665 1832 57%
c w 41394.58 275 26 466 2046552  2 75504890 587462 2.4 37 16 1 2 33% 317665 1832 57%
c - 41493.54 275 36 467 2046553  2 75831178 589580 2.1 40 19 1 2 30% 317665 1832 57%
c p 41493.76 275 36 467 2046553  2 75831178 589586 2.1 40 19 1 2 30% 317665 1832 57%
c u 41497.43 275 36 467 2046553  2 75831178 589385 2.1 40 19 1 2 30% 317665 1832 57%
c v 41497.43 275 36 467 2046553  2 75831178 589385 2.1 40 19 1 2 30% 317665 1832 57%
c B 41504.99 275 35 467 2046553  2 75855933 609163 2.1 39 19 1 2 29% 317665 1832 57%
c - 41610.22 275 38 468 2046553  2 76158159 590171 2.4 47 19 1 2 35% 317665 1832 57%
c p 41610.42 275 38 468 2046553  2 76158159 590177 2.4 47 19 1 2 35% 317665 1832 57%
c u 41614.06 275 38 468 2046553  2 76158159 589958 2.4 47 19 1 2 35% 317665 1832 57%
c v 41614.09 275 38 468 2046553  2 76158159 589955 2.4 47 19 1 2 35% 317665 1832 57%
c w 41614.12 275 38 468 2046553  2 76158159 589954 2.4 47 19 1 2 35% 317665 1832 57%
c W 41669.57 275 38 468 2046553  2 76245935 662110 2.3 45 20 1 2 33% 317665 1832 57%
c ] 41705.49 275 34 468 2046553  2 76366650 753311 1.9 38 20 1 2 27% 317665 1832 57%
c { 41705.49 275 20 468 2046553  3 76366650 753311 2.6 30 11 1 2 31% 317665 1832 57%
c - 41848.45 284 18 469 2053820  3 76485847 590899 2.6 29 11 1 2 31% 317665 1832 57%
c p 41848.65 284 18 469 2053820  3 76485847 590905 2.6 29 11 1 2 31% 317665 1832 57%
c u 41853.51 284 18 469 2053820  3 76485847 590622 2.6 29 11 1 2 31% 317665 1832 57%
c w 41853.53 284 18 469 2053820  3 76485847 590622 2.6 29 11 1 2 31% 317665 1832 57%
c B 41983.39 284 19 469 2064839  3 76636936 708525 2.6 29 11 1 2 31% 317665 1832 57%
c 
c   seconds      reductions       conflicts           size   tier2       variables
c             MB        restarts          redundant      glue   trail         remaining
c              level           rate             size/glue  tier1  irredundant
c 
c - 42170.53 285 19 470 2077960  3 76814238 601583 2.6 29 11 1 2 31% 317665 1832 57%
c p 42170.78 285 19 470 2077960  3 76814238 601587 2.6 29 11 1 2 31% 317665 1832 57%
c u 42175.91 285 19 470 2077960  3 76814238 601307 2.6 29 11 1 2 31% 317665 1832 57%
c v 42178.33 285 19 470 2077960  3 76814238 599678 2.6 29 11 1 2 31% 317665 1832 57%
c w 42178.34 285 19 470 2077960  3 76814238 599678 2.6 29 11 1 2 31% 317665 1832 57%
c } 42327.44 285 19 470 2088837  3 76986329 733229 2.6 29 11 1 2 31% 317665 1832 57%
c [ 42327.44 285 34 470 2088837  2 76986329 733229 1.9 38 20 1 2 27% 317665 1832 57%
c O 42359.07 285 28 470 2088837  2 77028937 762541 2.0 35 17 1 2 28% 317665 1832 57%
c - 42411.57 285 23 471 2088837  2 77143333 609348 2.7 37 14 1 2 34% 317665 1832 57%
c p 42411.85 285 23 471 2088837  2 77143333 609352 2.7 37 14 1 2 34% 317665 1832 57%
c u 42416.73 285 23 471 2088837  2 77143333 609125 2.7 37 14 1 2 34% 317665 1832 57%
c v 42421.14 285 23 471 2088837  2 77143333 608381 2.7 37 14 1 2 34% 317665 1832 57%
c w 42421.21 285 23 471 2088837  2 77143333 608381 2.7 37 14 1 2 34% 317665 1832 57%
c B 42585.81 285 18 471 2088838  2 77421940 818155 2.6 33 12 1 2 33% 317665 1832 57%
c - 42617.05 285 26 472 2088838  2 77473132 608991 2.2 36 16 1 2 32% 317665 1832 57%
c p 42617.28 285 26 472 2088838  2 77473132 608997 2.2 36 16 1 2 32% 317665 1832 57%
c u 42622.53 285 26 472 2088838  2 77473132 608792 2.2 36 16 1 2 32% 317665 1832 57%
c v 42623.23 285 26 472 2088838  2 77473132 608381 2.2 36 16 1 2 32% 317665 1832 57%
c w 42623.29 285 26 472 2088838  2 77473132 608379 2.2 36 16 1 2 32% 317665 1832 57%
c - 42769.61 284 33 473 2088838  2 77803635 599391 1.9 37 20 1 2 28% 317665 1832 57%
c 
c   seconds      reductions       conflicts           size   tier2       variables
c             MB        restarts          redundant      glue   trail         remaining
c              level           rate             size/glue  tier1  irredundant
c 
c p 42769.83 284 33 473 2088838  2 77803635 599397 1.9 37 20 1 2 28% 317665 1832 57%
c u 42774.27 284 33 473 2088838  2 77803635 599236 1.9 37 20 1 2 28% 317665 1832 57%
c v 42774.29 284 33 473 2088838  2 77803635 599235 1.9 37 20 1 2 28% 317665 1832 57%
c w 42774.33 284 33 473 2088838  2 77803635 599234 1.9 37 20 1 2 28% 317665 1832 57%
c W 42816.11 284 33 473 2088838  2 77815941 609251 1.9 37 20 1 2 28% 317665 1832 57%
c ] 42889.58 284 35 473 2088838  2 78006755 761828 2.3 42 18 1 2 32% 317665 1832 57%
c { 42889.58 284 19 473 2088838  3 78006755 761828 2.6 29 11 1 2 31% 317665 1832 57%
c - 43054.57 291 19 474 2098771  3 78134843 601658 2.6 29 11 1 2 31% 317665 1832 57%
c p 43054.86 291 19 474 2098771  3 78134843 601664 2.6 29 11 1 2 31% 317665 1832 57%
c u 43060.21 291 19 474 2098771  3 78134843 601478 2.6 29 11 1 2 31% 317665 1832 57%
c w 43060.24 291 19 474 2098771  3 78134843 601472 2.6 29 11 1 2 31% 317665 1832 57%
c W 43133.48 291 19 474 2103542  3 78210942 661935 2.7 30 11 1 2 31% 317665 1832 57%
c - 43406.38 292 20 475 2122232  3 78466754 616515 2.6 29 11 1 2 31% 317665 1832 57%
c p 43406.63 292 20 475 2122232  3 78466754 616521 2.6 29 11 1 2 31% 317665 1832 57%
c u 43410.62 292 20 475 2122232  3 78466754 616367 2.6 29 11 1 2 31% 317665 1832 57%
c v 43418.33 292 20 475 2122232  3 78466754 614348 2.6 29 11 1 2 31% 317665 1832 57%
c w 43418.35 292 20 475 2122232  3 78466754 614344 2.6 29 11 1 2 31% 317665 1832 57%
c F 43543.76 292 19 475 2131082  3 78606944 722885 2.7 30 11 1 2 32% 317665 1832 57%
c } 43555.16 292 19 475 2132382  3 78617617 731518 2.6 30 11 1 2 31% 317665 1832 57%
c [ 43555.16 292 35 475 2132382  2 78617617 731518 2.3 42 18 1 2 32% 317665 1832 57%
c 
c   seconds      reductions       conflicts           size   tier2       variables
c             MB        restarts          redundant      glue   trail         remaining
c              level           rate             size/glue  tier1  irredundant
c 
c - 43684.72 292 21 476 2132382  2 78799371 622784 2.5 34 14 1 2 31% 317665 1832 57%
c p 43684.99 292 21 476 2132382  2 78799371 622790 2.5 34 14 1 2 31% 317665 1832 57%
c u 43690.11 292 21 476 2132382  2 78799371 621904 2.5 34 14 1 2 31% 317665 1832 57%
c v 43694.82 292 21 476 2132382  2 78799371 620422 2.5 34 14 1 2 31% 317665 1832 57%
c w 43694.82 292 21 476 2132382  2 78799371 620422 2.5 34 14 1 2 31% 317665 1832 57%
c I 43806.77 292 19 476 2132382  2 79003949 772715 2.6 33 13 1 2 31% 317665 1832 57%
c - 43861.83 293 34 477 2132382  2 79132691 625467 2.6 45 17 1 2 36% 317665 1832 57%
c p 43862.09 293 34 477 2132382  2 79132691 625473 2.6 45 17 1 2 36% 317665 1832 57%
c u 43865.89 293 34 477 2132382  2 79132691 624888 2.6 45 17 1 2 36% 317665 1832 57%
c v 43867.55 293 34 477 2132382  2 79132691 624504 2.6 45 17 1 2 36% 317665 1832 57%
c w 43867.62 293 34 477 2132382  2 79132691 624502 2.6 45 17 1 2 36% 317665 1832 57%
c B 43943.83 293 39 477 2132382  2 79401950 849304 2.7 51 19 1 2 39% 317665 1832 57%
c - 43975.09 293 38 478 2132382  2 79466716 626529 2.5 48 19 1 2 37% 317665 1832 57%
c p 43975.29 293 38 478 2132382  2 79466716 626535 2.5 48 19 1 2 37% 317665 1832 57%
c u 43978.68 293 38 478 2132382  2 79466716 625664 2.5 48 19 1 2 37% 317665 1832 57%
c v 43979.95 293 38 478 2132382  2 79466716 624983 2.5 48 19 1 2 37% 317665 1832 57%
c w 43979.98 293 38 478 2132382  2 79466716 624983 2.5 48 19 1 2 37% 317665 1832 57%
c ] 44071.95 293 36 478 2132382  2 79770145 863101 2.1 41 20 1 2 31% 317665 1832 57%
c { 44071.95 293 19 478 2132382  3 79770145 863101 2.6 30 11 1 2 31% 317665 1832 57%
c s 44105.77 293 19 478 2133959  3 79795077 881948 2.6 29 11 1 2 31% 317665 1832 57%
c 
c   seconds      reductions       conflicts           size   tier2       variables
c             MB        restarts          redundant      glue   trail         remaining
c              level           rate             size/glue  tier1  irredundant
c 
c s 44107.47 337 19 478 2133959  3 79795077 881917 2.6 29 11 1 2 31% 317665 1832 57%
c B 44118.43 337 19 478 2134764  3 79800952 886793 2.6 29 11 1 2 31% 317665 1832 57%
c - 44119.54 292 19 479 2134799  3 79801444 615209 2.6 30 11 1 2 31% 317665 1832 57%
c p 44119.80 292 19 479 2134799  3 79801444 615215 2.6 30 11 1 2 31% 317665 1832 57%
c u 44124.05 292 19 479 2134799  3 79801444 613297 2.6 30 11 1 2 31% 317665 1832 57%
c w 44124.09 292 19 479 2134799  3 79801444 613297 2.6 30 11 1 2 31% 317665 1832 57%
c - 44461.66 292 19 480 2157936  3 80136879 625097 2.6 29 11 1 2 31% 317665 1832 57%
c p 44461.92 292 19 480 2157936  3 80136879 625103 2.6 29 11 1 2 31% 317665 1832 57%
c u 44468.02 292 19 480 2157936  3 80136879 622486 2.6 29 11 1 2 31% 317665 1832 57%
c v 44470.56 292 19 480 2157936  3 80136879 620773 2.6 29 11 1 2 31% 317665 1832 57%
c w 44470.61 292 19 480 2157936  3 80136879 620772 2.6 29 11 1 2 31% 317665 1832 57%
c W 44569.22 292 19 480 2161780  3 80200954 670673 2.6 29 11 1 2 31% 317665 1832 57%
c } 44776.33 292 18 480 2176395  3 80409925 832579 2.6 29 11 1 2 31% 317665 1832 57%
c [ 44776.33 292 36 480 2176395  2 80409925 832579 2.1 41 20 1 2 31% 317665 1832 57%
c - 44822.93 293 32 481 2176395  2 80473021 633804 2.1 38 19 1 2 30% 317665 1832 57%
c p 44823.18 293 32 481 2176395  2 80473021 633810 2.1 38 19 1 2 30% 317665 1832 57%
c u 44831.30 293 32 481 2176395  2 80473021 631297 2.1 38 19 1 2 30% 317665 1832 57%
c v 44835.61 293 32 481 2176395  2 80473021 630772 2.1 38 19 1 2 30% 317665 1832 57%
c w 44835.63 293 32 481 2176395  2 80473021 630772 2.1 38 19 1 2 30% 317665 1832 57%
c W 44889.12 293 41 481 2176395  2 80601957 744527 2.8 55 19 1 2 41% 317665 1832 57%
c 
c   seconds      reductions       conflicts           size   tier2       variables
c             MB        restarts          redundant      glue   trail         remaining
c              level           rate             size/glue  tier1  irredundant
c 
c - 44971.55 294 39 482 2176396  2 80809863 643927 3.0 60 20 1 2 38% 317665 1832 57%
c p 44971.81 294 39 482 2176396  2 80809863 643933 3.0 60 20 1 2 38% 317665 1832 57%
c u 44976.05 294 39 482 2176396  2 80809863 643267 3.0 60 20 1 2 38% 317665 1832 57%
c v 44978.23 294 39 482 2176396  2 80809863 642897 3.0 60 20 1 2 38% 317665 1832 57%
c w 44978.29 294 39 482 2176396  2 80809863 642896 3.0 60 20 1 2 38% 317665 1832 57%
c s 45039.51 306 39 482 2176396  2 81000027 800648 2.6 51 20 1 2 38% 317665 1832 57%
c s 45040.84 306 39 482 2176396  2 81000027 800617 2.6 51 20 1 2 38% 317665 1832 57%
c O 45042.88 306 39 482 2176396  2 81003958 803716 2.6 51 20 1 2 38% 317665 1832 57%
c - 45092.33 304 40 483 2176396  2 81147408 627701 2.9 55 19 1 2 41% 317665 1832 57%
c p 45092.57 304 40 483 2176396  2 81147408 627706 2.9 55 19 1 2 41% 317665 1832 57%
c u 45096.58 304 40 483 2176396  2 81147408 626712 2.9 55 19 1 2 41% 317665 1832 57%
c v 45096.59 304 40 483 2176396  2 81147408 626712 2.9 55 19 1 2 41% 317665 1832 57%
c w 45096.66 304 40 483 2176396  2 81147408 626710 2.9 55 19 1 2 41% 317665 1832 57%
c B 45197.56 304 34 483 2176396  2 81406961 824205 1.9 38 20 1 2 28% 317665 1832 57%
c - 45229.36 303 36 484 2176396  2 81485657 620255 2.3 43 19 1 2 32% 317665 1832 57%
c p 45229.60 303 36 484 2176396  2 81485657 620261 2.3 43 19 1 2 32% 317665 1832 57%
c u 45234.16 303 36 484 2176396  2 81485657 618574 2.3 43 19 1 2 32% 317665 1832 57%
c v 45234.20 303 36 484 2176396  2 81485657 618572 2.3 43 19 1 2 32% 317665 1832 57%
c w 45234.23 303 36 484 2176396  2 81485657 618572 2.3 43 19 1 2 32% 317665 1832 57%
c ] 45301.86 303 36 484 2176396  2 81677009 777892 2.6 46 18 1 2 35% 317665 1832 57%
c 
c   seconds      reductions       conflicts           size   tier2       variables
c             MB        restarts          redundant      glue   trail         remaining
c              level           rate             size/glue  tier1  irredundant
c 
c { 45301.86 303 18 484 2176396  3 81677009 777892 2.6 29 11 1 2 31% 317665 1832 57%
c # 45466.26 303 19 484 2186174  3 81810962 881850 2.6 29 11 1 2 31% 317665 1832 57%
c - 45483.59 304 19 485 2186968  3 81824610 627066 2.6 29 11 1 2 31% 317665 1832 57%
c p 45483.85 304 19 485 2186968  3 81824610 627073 2.6 29 11 1 2 31% 317665 1832 57%
c u 45490.42 304 19 485 2186968  3 81824610 624346 2.6 29 11 1 2 31% 317665 1832 57%
c v 45493.42 304 19 485 2186968  3 81824610 623842 2.6 29 11 1 2 31% 317665 1832 57%
c - 45821.28 305 19 486 2210967  3 82164268 637557 2.6 30 11 1 2 31% 317665 1832 57%
c p 45821.51 305 19 486 2210967  3 82164268 637562 2.6 30 11 1 2 31% 317665 1832 57%
c u 45828.00 305 19 486 2210967  3 82164268 635042 2.6 30 11 1 2 31% 317665 1832 57%
c v 45833.27 305 19 486 2210967  3 82164268 633711 2.6 30 11 1 2 31% 317665 1832 57%
c t 45833.29 305 19 486 2210967  3 82164268 633710 2.6 30 11 1 2 31% 317665 1832 57%
c B 45874.55 305 18 486 2213394  3 82215964 671698 2.6 29 11 1 2 31% 317665 1832 57%
c } 45978.12 305 18 486 2221586  3 82327128 758366 2.6 28 11 1 2 31% 317665 1832 57%
c [ 45978.12 305 36 486 2221586  2 82327128 758366 2.6 46 18 1 2 35% 317665 1832 57%
c - 46073.79 304 32 487 2221586  2 82504630 638370 2.3 40 18 1 2 32% 317665 1832 57%
c p 46074.01 304 32 487 2221586  2 82504630 638376 2.3 40 18 1 2 32% 317665 1832 57%
c u 46080.82 304 32 487 2221586  2 82504630 636614 2.3 40 18 1 2 32% 317665 1832 57%
c v 46083.91 304 32 487 2221586  2 82504630 635551 2.3 40 18 1 2 32% 317665 1832 57%
c w 46083.94 304 32 487 2221586  2 82504630 635550 2.3 40 18 1 2 32% 317665 1832 57%
c t 46083.98 304 32 487 2221586  2 82504630 635549 2.3 40 18 1 2 32% 317665 1832 57%
c 
c   seconds      reductions       conflicts           size   tier2       variables
c             MB        restarts          redundant      glue   trail         remaining
c              level           rate             size/glue  tier1  irredundant
c 
c W 46151.39 304 31 487 2221586  2 82621965 724502 1.9 35 18 1 2 26% 317665 1832 57%
c - 46226.79 305 40 488 2221586  2 82845697 636365 2.9 53 19 1 2 39% 317665 1832 57%
c p 46227.03 305 40 488 2221586  2 82845697 636371 2.9 53 19 1 2 39% 317665 1832 57%
c u 46230.30 305 40 488 2221586  2 82845697 635751 2.9 53 19 1 2 39% 317665 1832 57%
c v 46231.85 305 40 488 2221586  2 82845697 634649 2.9 53 19 1 2 39% 317665 1832 57%
c w 46231.96 305 40 488 2221586  2 82845697 634646 2.9 53 19 1 2 39% 317665 1832 57%
c I 46288.33 305 39 488 2221586  2 83028969 791522 2.7 52 19 1 2 37% 317665 1832 57%
c - 46335.91 305 43 489 2221586  2 83187468 634777 2.8 55 19 1 2 41% 317665 1832 57%
c p 46336.13 305 43 489 2221586  2 83187468 634783 2.8 55 19 1 2 41% 317665 1832 57%
c u 46339.46 305 43 489 2221586  2 83187468 633787 2.8 55 19 1 2 41% 317665 1832 57%
c v 46339.52 305 43 489 2221586  2 83187468 633781 2.8 55 19 1 2 41% 317665 1832 57%
c w 46339.63 305 43 489 2221586  2 83187468 633780 2.8 55 19 1 2 41% 317665 1832 57%
c B 46415.96 305 38 489 2221586  2 83436977 845906 2.6 48 19 1 2 37% 317665 1832 57%
c - 46462.63 306 41 490 2221586  2 83529943 645556 2.8 53 19 1 2 40% 317665 1832 57%
c p 46462.93 306 41 490 2221586  2 83529943 645564 2.8 53 19 1 2 40% 317665 1832 57%
c u 46467.24 306 41 490 2221586  2 83529943 644144 2.8 53 19 1 2 40% 317665 1832 57%
c v 46469.32 306 41 490 2221586  2 83529943 643878 2.8 53 19 1 2 40% 317665 1832 57%
c w 46469.42 306 41 490 2221586  2 83529943 643877 2.8 53 19 1 2 40% 317665 1832 57%
c ] 46540.34 306 40 490 2221586  2 83744623 824580 2.6 52 20 1 2 38% 317665 1832 57%
c { 46540.34 306 18 490 2221586  3 83744623 824580 2.6 28 11 1 2 31% 317665 1832 57%
c 
c   seconds      reductions       conflicts           size   tier2       variables
c             MB        restarts          redundant      glue   trail         remaining
c              level           rate             size/glue  tier1  irredundant
c 
c W 46693.60 306 19 490 2228736  3 83845980 902493 2.6 29 11 1 2 31% 317665 1832 57%
c - 46736.53 313 19 491 2231435  3 83873121 650999 2.5 29 11 1 2 31% 317665 1832 57%
c p 46736.79 313 19 491 2231435  3 83873121 651006 2.5 29 11 1 2 31% 317665 1832 57%
c u 46742.69 313 19 491 2231435  3 83873121 648496 2.5 29 11 1 2 31% 317665 1832 57%
c v 46745.94 313 19 491 2231435  3 83873121 648059 2.5 29 11 1 2 31% 317665 1832 57%
c w 46745.96 313 19 491 2231435  3 83873121 648058 2.5 29 11 1 2 31% 317665 1832 57%
c - 47083.85 313 19 492 2254489  3 84217004 652123 2.5 28 11 1 2 30% 317665 1832 57%
c p 47084.09 313 19 492 2254489  3 84217004 652131 2.5 28 11 1 2 30% 317665 1832 57%
c u 47098.99 313 19 492 2254489  3 84217004 648703 2.5 28 11 1 2 30% 317665 1832 57%
c v 47101.02 313 19 492 2254489  3 84217004 646930 2.5 28 11 1 2 30% 317665 1832 57%
c w 47101.04 313 19 492 2254489  3 84217004 646930 2.5 28 11 1 2 30% 317665 1832 57%
c F 47133.66 313 19 492 2257027  3 84255983 677022 2.5 29 11 1 2 31% 317665 1832 57%
c } 47268.38 313 19 492 2267117  3 84394345 784973 2.6 29 11 1 2 31% 317665 1832 57%
c [ 47268.38 313 40 492 2267117  2 84394345 784973 2.6 52 20 1 2 38% 317665 1832 57%
c - 47317.30 313 33 493 2267117  2 84561595 648858 1.9 36 19 1 2 26% 317665 1832 57%
c p 47317.53 313 33 493 2267117  2 84561595 648866 1.9 36 19 1 2 26% 317665 1832 57%
c u 47323.52 313 33 493 2267117  2 84561595 647211 1.9 36 19 1 2 26% 317665 1832 57%
c v 47323.61 313 33 493 2267117  2 84561595 647195 1.9 36 19 1 2 26% 317665 1832 57%
c w 47323.64 313 33 493 2267117  2 84561595 647195 1.9 36 19 1 2 26% 317665 1832 57%
c W 47378.68 313 39 493 2267117  2 84666984 739122 2.5 49 19 1 2 35% 317665 1832 57%
c 
c   seconds      reductions       conflicts           size   tier2       variables
c             MB        restarts          redundant      glue   trail         remaining
c              level           rate             size/glue  tier1  irredundant
c 
c - 47472.86 313 36 494 2267117  2 84906887 649486 2.1 42 19 1 2 31% 317665 1832 57%
c p 47473.13 313 36 494 2267117  2 84906887 649493 2.1 42 19 1 2 31% 317665 1832 57%
c u 47477.17 313 36 494 2267117  2 84906887 648571 2.1 42 19 1 2 31% 317665 1832 57%
c v 47477.19 313 36 494 2267117  2 84906887 648570 2.1 42 19 1 2 31% 317665 1832 57%
c w 47477.22 313 36 494 2267117  2 84906887 648570 2.1 42 19 1 2 31% 317665 1832 57%
c O 47552.88 313 34 494 2267117  2 85078985 782075 2.0 39 19 1 2 30% 317665 1832 57%
c - 47622.64 312 41 495 2267117  2 85252885 642819 2.5 50 20 1 2 38% 317665 1832 57%
c p 47622.91 312 41 495 2267117  2 85252885 642826 2.5 50 20 1 2 38% 317665 1832 57%
c u 47628.04 312 41 495 2267117  2 85252885 641204 2.5 50 20 1 2 38% 317665 1832 57%
c v 47628.06 312 41 495 2267117  2 85252885 641200 2.5 50 20 1 2 38% 317665 1832 57%
c w 47628.17 312 41 495 2267117  2 85252885 641199 2.5 50 20 1 2 38% 317665 1832 57%
c B 47695.45 312 33 495 2267117  2 85491986 828630 1.9 36 19 1 2 28% 317665 1832 57%
c - 47733.10 311 36 496 2267117  2 85599588 637469 2.4 44 19 1 2 33% 317665 1832 57%
c p 47733.32 311 36 496 2267117  2 85599588 637477 2.4 44 19 1 2 33% 317665 1832 57%
c u 47736.92 311 36 496 2267117  2 85599588 636474 2.4 44 19 1 2 33% 317665 1832 57%
c w 47736.95 311 36 496 2267117  2 85599588 636474 2.4 44 19 1 2 33% 317665 1832 57%
c ] 47805.49 311 34 496 2267117  2 85832183 822564 2.0 38 19 1 2 29% 317665 1832 57%
c { 47805.49 311 19 496 2267117  3 85832183 822564 2.6 29 11 1 2 31% 317665 1832 57%
c B 47895.04 311 19 496 2271545  3 85905987 878903 2.6 29 11 1 2 31% 317665 1832 57%
c - 47947.08 312 19 497 2274088  3 85946993 638890 2.5 28 11 1 2 30% 317665 1832 57%
c 
c   seconds      reductions       conflicts           size   tier2       variables
c             MB        restarts          redundant      glue   trail         remaining
c              level           rate             size/glue  tier1  irredundant
c 
c p 47947.37 312 19 497 2274088  3 85946993 638898 2.5 28 11 1 2 30% 317665 1832 57%
c u 47953.22 312 19 497 2274088  3 85946993 636670 2.5 28 11 1 2 30% 317665 1832 57%
c v 47953.23 312 19 497 2274088  3 85946993 636665 2.5 28 11 1 2 30% 317665 1832 57%
c w 47953.24 312 19 497 2274088  3 85946993 636665 2.5 28 11 1 2 30% 317665 1832 57%
c - 48300.47 312 20 498 2300147  3 86295102 649183 2.5 30 12 1 2 30% 317665 1832 57%
c p 48300.72 312 20 498 2300147  3 86295102 649191 2.5 30 12 1 2 30% 317665 1832 57%
c u 48307.51 312 20 498 2300147  3 86295102 646272 2.5 30 12 1 2 30% 317665 1832 57%
c v 48313.14 312 20 498 2300147  3 86295102 644280 2.5 30 12 1 2 30% 317665 1832 57%
c w 48313.15 312 20 498 2300147  3 86295102 644280 2.5 30 12 1 2 30% 317665 1832 57%
c W 48362.46 312 20 498 2301558  3 86320990 664201 2.6 30 12 1 2 31% 317665 1832 57%
c } 48541.77 312 19 498 2314139  3 86512947 814150 2.6 29 11 1 2 30% 317665 1832 57%
c [ 48541.77 312 34 498 2314139  2 86512947 814150 2.0 38 19 1 2 29% 317665 1832 57%
c - 48641.54 312 22 499 2314139  2 86643914 653051 2.3 33 14 1 2 31% 317665 1832 57%
c p 48641.79 312 22 499 2314139  2 86643914 653059 2.3 33 14 1 2 31% 317665 1832 57%
c u 48649.31 312 22 499 2314139  2 86643914 650636 2.3 33 14 1 2 31% 317665 1832 57%
c v 48653.27 312 22 499 2314139  2 86643914 649744 2.3 33 14 1 2 31% 317665 1832 57%
c w 48653.29 312 22 499 2314139  2 86643914 649744 2.3 33 14 1 2 31% 317665 1832 57%
c W 48696.12 312 35 499 2314139  2 86736992 732663 2.8 49 18 1 2 38% 317665 1832 57%
c - 48774.39 312 35 500 2314139  2 86993431 650938 2.0 39 19 1 2 28% 317665 1832 57%
c p 48774.64 312 35 500 2314139  2 86993431 650948 2.0 39 19 1 2 28% 317665 1832 57%
c 
c   seconds      reductions       conflicts           size   tier2       variables
c             MB        restarts          redundant      glue   trail         remaining
c              level           rate             size/glue  tier1  irredundant
c 
c u 48778.33 312 35 500 2314139  2 86993431 650276 2.0 39 19 1 2 28% 317665 1832 57%
c v 48780.01 312 35 500 2314139  2 86993431 649693 2.0 39 19 1 2 28% 317665 1832 57%
c w 48780.07 312 35 500 2314139  2 86993431 649692 2.0 39 19 1 2 28% 317665 1832 57%
c I 48821.00 312 32 500 2314192  2 87153993 771446 1.8 34 19 1 2 25% 317665 1832 57%
c - 48912.03 311 34 501 2314250  2 87343654 637246 1.9 37 20 1 2 28% 317665 1832 57%
c p 48912.30 311 34 501 2314250  2 87343654 637256 1.9 37 20 1 2 28% 317665 1832 57%
c u 48916.66 311 34 501 2314250  2 87343654 636136 1.9 37 20 1 2 28% 317665 1832 57%
c v 48916.70 311 34 501 2314250  2 87343654 636134 1.9 37 20 1 2 28% 317665 1832 57%
c w 48916.79 311 34 501 2314250  2 87343654 636132 1.9 37 20 1 2 28% 317665 1832 57%
c B 48989.00 311 40 501 2314297  2 87571994 822862 2.7 52 19 1 2 40% 317665 1832 57%
c - 49033.96 312 41 502 2314331  2 87694586 641054 2.7 54 20 1 2 40% 317665 1832 57%
c p 49034.22 312 41 502 2314331  2 87694586 641064 2.7 54 20 1 2 40% 317665 1832 57%
c u 49038.11 312 41 502 2314331  2 87694586 639449 2.7 54 20 1 2 40% 317665 1832 57%
c v 49040.08 312 41 502 2314331  2 87694586 639120 2.7 54 20 1 2 40% 317665 1832 57%
c w 49040.15 312 41 502 2314331  2 87694586 639117 2.7 54 20 1 2 40% 317665 1832 57%
c ] 49089.81 312 41 502 2314392  3 87864294 779398 2.4 49 20 1 2 35% 317665 1832 57%
c { 49089.81 312 19 502 2314392  3 87864294 779398 2.6 29 11 1 2 30% 317665 1832 57%
c # 49240.61 312 19 502 2323966  3 87990998 877638 2.5 29 12 1 2 31% 317665 1832 57%
c - 49309.87 312 19 503 2327615  3 88046219 649838 2.5 29 12 1 2 31% 317665 1832 57%
c p 49310.13 312 19 503 2327615  3 88046219 649849 2.5 29 12 1 2 31% 317665 1832 57%
c 
c   seconds      reductions       conflicts           size   tier2       variables
c             MB        restarts          redundant      glue   trail         remaining
c              level           rate             size/glue  tier1  irredundant
c 
c u 49317.08 312 19 503 2327615  3 88046219 646930 2.5 29 12 1 2 31% 317665 1832 57%
c v 49320.50 312 19 503 2327615  3 88046219 646153 2.5 29 12 1 2 31% 317665 1832 57%
c w 49320.51 312 19 503 2327615  3 88046219 646153 2.5 29 12 1 2 31% 317665 1832 57%
c - 49653.94 313 19 504 2351319  3 88398561 657412 2.5 29 11 1 2 30% 317665 1832 57%
c p 49654.19 313 19 504 2351319  3 88398561 657422 2.5 29 11 1 2 30% 317665 1832 57%
c u 49662.58 313 19 504 2351319  3 88398561 654211 2.5 29 11 1 2 30% 317665 1832 57%
c v 49666.86 313 19 504 2351319  3 88398561 653318 2.5 29 11 1 2 30% 317665 1832 57%
c w 49666.88 313 19 504 2351319  3 88398561 653317 2.5 29 11 1 2 30% 317665 1832 57%
c B 49676.34 313 19 504 2351708  3 88411000 663266 2.6 29 11 1 2 30% 317665 1832 57%
c } 49813.69 313 19 504 2362589  3 88567125 783912 2.5 29 11 1 2 30% 317665 1832 57%
c [ 49813.69 313 41 504 2362589  3 88567125 783912 2.4 49 20 1 2 35% 317665 1832 57%
c - 49941.07 313 22 505 2362591  2 88751602 659545 2.8 38 14 1 2 34% 317665 1832 57%
c p 49941.35 313 22 505 2362591  2 88751602 659553 2.8 38 14 1 2 34% 317665 1832 57%
c u 49948.93 313 22 505 2362591  2 88751602 656986 2.8 38 14 1 2 34% 317665 1832 57%
c v 49952.30 313 22 505 2362591  2 88751602 655863 2.8 38 14 1 2 34% 317665 1832 57%
c w 49952.33 313 22 505 2362591  2 88751602 655862 2.8 38 14 1 2 34% 317665 1832 57%
c W 50021.92 313 33 505 2362609  2 88832002 725607 2.7 47 18 1 2 37% 317665 1832 57%
c - 50164.92 312 34 506 2362700  2 89105347 653177 1.9 38 21 1 2 29% 317665 1832 57%
c p 50165.16 312 34 506 2362700  2 89105347 653186 1.9 38 21 1 2 29% 317665 1832 57%
c u 50169.12 312 34 506 2362700  2 89105347 652314 1.9 38 21 1 2 29% 317665 1832 57%
c 
c   seconds      reductions       conflicts           size   tier2       variables
c             MB        restarts          redundant      glue   trail         remaining
c              level           rate             size/glue  tier1  irredundant
c 
c v 50170.94 312 34 506 2362700  2 89105347 651193 1.9 38 21 1 2 29% 317665 1832 57%
c w 50170.97 312 34 506 2362700  2 89105347 651193 1.9 38 21 1 2 29% 317665 1832 57%
c O 50235.75 312 35 506 2362718  2 89254004 765429 1.8 38 21 1 2 28% 317665 1832 57%
c - 50299.64 311 40 507 2362781  2 89459795 642756 2.4 48 20 1 2 37% 317665 1832 57%
c p 50299.85 311 40 507 2362781  2 89459795 642765 2.4 48 20 1 2 37% 317665 1832 57%
c u 50304.53 311 40 507 2362781  2 89459795 641512 2.4 48 20 1 2 37% 317665 1832 57%
c v 50304.56 311 40 507 2362781  2 89459795 641510 2.4 48 20 1 2 37% 317665 1832 57%
c w 50304.59 311 40 507 2362781  2 89459795 641510 2.4 48 20 1 2 37% 317665 1832 57%
c B 50377.31 311 35 507 2362845  2 89677005 815125 2.0 39 19 1 2 29% 317665 1832 57%
c ] 50402.02 311 39 507 2362846  2 89737565 868209 2.3 45 20 1 2 33% 317665 1832 57%
c { 50402.02 311 19 507 2362846  3 89737565 868209 2.5 29 11 1 2 30% 317665 1832 57%
c - 50506.10 312 19 508 2368254  3 89814947 647430 2.5 28 11 1 2 30% 317665 1832 57%
c p 50506.32 312 19 508 2368254  3 89814947 647438 2.5 28 11 1 2 30% 317665 1832 57%
c u 50511.87 312 19 508 2368254  3 89814947 645589 2.5 28 11 1 2 30% 317665 1832 57%
c v 50514.32 312 19 508 2368254  3 89814947 645092 2.5 28 11 1 2 30% 317665 1832 57%
c W 50804.61 312 19 508 2388539  3 90101006 864703 2.5 29 11 1 2 30% 317665 1832 57%
c - 50883.52 312 19 509 2393813  3 90170802 657461 2.5 29 12 1 2 30% 317665 1832 57%
c p 50883.79 312 19 509 2393813  3 90170802 657468 2.5 29 12 1 2 30% 317665 1832 57%
c u 50889.84 312 19 509 2393813  3 90170802 654808 2.5 29 12 1 2 30% 317665 1832 57%
c v 50896.67 312 19 509 2393813  3 90170802 653175 2.5 29 12 1 2 30% 317665 1832 57%
c 
c   seconds      reductions       conflicts           size   tier2       variables
c             MB        restarts          redundant      glue   trail         remaining
c              level           rate             size/glue  tier1  irredundant
c 
c w 50896.68 312 19 509 2393813  3 90170802 653175 2.5 29 12 1 2 30% 317665 1832 57%
c } 51158.51 312 19 509 2411647  3 90451712 868992 2.5 29 11 1 2 30% 317665 1832 57%
c [ 51158.51 312 39 509 2411647  2 90451712 868992 2.3 45 20 1 2 33% 317665 1832 57%
c W 51221.32 312 28 509 2411647  2 90526007 921917 2.5 39 16 1 2 33% 317665 1832 57%
c - 51222.06 313 29 510 2411647  2 90527362 664662 2.5 39 16 1 2 32% 317665 1832 57%
c p 51222.30 313 29 510 2411647  2 90527362 664668 2.5 39 16 1 2 32% 317665 1832 57%
c u 51230.61 313 29 510 2411647  2 90527362 661899 2.5 39 16 1 2 32% 317665 1832 57%
c v 51234.34 313 29 510 2411647  2 90527362 660961 2.5 39 16 1 2 32% 317665 1832 57%
c w 51234.36 313 29 510 2411647  2 90527362 660960 2.5 39 16 1 2 32% 317665 1832 57%
c - 51336.71 312 31 511 2411670  2 90884627 656283 1.8 34 19 1 2 26% 317665 1832 57%
c p 51336.95 312 31 511 2411670  2 90884627 656289 1.8 34 19 1 2 26% 317665 1832 57%
c u 51341.03 312 31 511 2411670  2 90884627 655145 1.8 34 19 1 2 26% 317665 1832 57%
c v 51342.35 312 31 511 2411670  2 90884627 654227 1.8 34 19 1 2 26% 317665 1832 57%
c w 51342.38 312 31 511 2411670  2 90884627 654226 1.8 34 19 1 2 26% 317665 1832 57%
c I 51357.75 312 35 511 2411694  2 90952010 709833 2.1 40 19 1 2 30% 317665 1832 57%
c - 51447.45 312 40 512 2411774  2 91242595 652053 2.6 49 19 1 2 39% 317665 1832 57%
c p 51447.70 312 40 512 2411774  2 91242595 652058 2.6 49 19 1 2 39% 317665 1832 57%
c u 51451.46 312 40 512 2411774  2 91242595 650991 2.6 49 19 1 2 39% 317665 1832 57%
c v 51451.48 312 40 512 2411774  2 91242595 650990 2.6 49 19 1 2 39% 317665 1832 57%
c w 51451.51 312 40 512 2411774  2 91242595 650990 2.6 49 19 1 2 39% 317665 1832 57%
c 
c   seconds      reductions       conflicts           size   tier2       variables
c             MB        restarts          redundant      glue   trail         remaining
c              level           rate             size/glue  tier1  irredundant
c 
c B 51503.93 312 36 512 2411806  2 91379011 756906 2.1 40 19 1 2 30% 317665 1832 57%
c - 51575.92 312 37 513 2411875  2 91601270 652546 2.1 42 20 1 2 32% 317665 1832 57%
c p 51576.17 312 37 513 2411875  2 91601270 652552 2.1 42 20 1 2 32% 317665 1832 57%
c u 51580.54 312 37 513 2411875  2 91601270 650958 2.1 42 20 1 2 32% 317665 1832 57%
c v 51580.60 312 37 513 2411875  2 91601270 650944 2.1 42 20 1 2 32% 317665 1832 57%
c w 51580.65 312 37 513 2411875  2 91601270 650944 2.1 42 20 1 2 32% 317665 1832 57%
c W 51648.94 312 34 513 2411903  2 91807012 813906 2.1 40 19 1 2 31% 317665 1832 57%
c - 51703.90 311 37 514 2411928  2 91960648 642734 2.4 46 19 1 2 35% 317665 1832 57%
c p 51704.19 311 37 514 2411928  2 91960648 642740 2.4 46 19 1 2 35% 317665 1832 57%
c u 51708.11 311 37 514 2411928  2 91960648 641901 2.4 46 19 1 2 35% 317665 1832 57%
c v 51708.13 311 37 514 2411928  2 91960648 641899 2.4 46 19 1 2 35% 317665 1832 57%
c w 51708.23 311 37 514 2411928  2 91960648 641899 2.4 46 19 1 2 35% 317665 1832 57%
c ] 51724.40 311 38 514 2411947  2 92013428 684966 2.3 46 20 1 2 34% 317665 1832 57%
c { 51724.40 311 19 514 2411947  3 92013428 684966 2.5 29 11 1 2 30% 317665 1832 57%
c F 51932.01 311 19 514 2427336  3 92236013 856287 2.5 28 12 1 2 30% 317665 1832 57%
c - 52021.48 312 19 515 2433599  3 92320731 655657 2.5 29 12 1 2 30% 317665 1832 57%
c p 52021.76 312 19 515 2433599  3 92320731 655663 2.5 29 12 1 2 30% 317665 1832 57%
c u 52028.53 312 19 515 2433599  3 92320731 652694 2.5 29 12 1 2 30% 317665 1832 57%
c v 52033.39 312 19 515 2433599  3 92320731 651860 2.5 29 12 1 2 30% 317665 1832 57%
c w 52033.43 312 19 515 2433599  3 92320731 651860 2.5 29 12 1 2 30% 317665 1832 57%
c 
c   seconds      reductions       conflicts           size   tier2       variables
c             MB        restarts          redundant      glue   trail         remaining
c              level           rate             size/glue  tier1  irredundant
c 
c B 52360.31 312 20 515 2458784  3 92666014 916753 2.4 29 12 1 2 30% 317665 1832 57%
c - 52374.86 312 20 516 2459717  3 92681517 665239 2.4 29 12 1 2 30% 317665 1832 57%
c p 52375.16 312 20 516 2459717  3 92681517 665244 2.4 29 12 1 2 30% 317665 1832 57%
c u 52382.10 312 20 516 2459717  3 92681517 662828 2.4 29 12 1 2 30% 317665 1832 57%
c v 52387.01 312 20 516 2459717  3 92681517 661362 2.4 29 12 1 2 30% 317665 1832 57%
c w 52387.03 312 20 516 2459717  3 92681517 661362 2.4 29 12 1 2 30% 317665 1832 57%
c } 52467.63 312 19 516 2465636  3 92780942 736793 2.5 29 11 1 2 30% 317665 1832 57%
c [ 52467.63 312 38 516 2465636  2 92780942 736793 2.3 46 20 1 2 34% 317665 1832 57%
c - 52592.95 313 36 517 2465717  2 93043009 670638 2.5 47 19 1 2 37% 317665 1832 57%
c p 52593.18 313 36 517 2465717  2 93043009 670644 2.5 47 19 1 2 37% 317665 1832 57%
c u 52598.84 313 36 517 2465717  2 93043009 668967 2.5 47 19 1 2 37% 317665 1832 57%
c v 52601.45 313 36 517 2465717  2 93043009 668184 2.5 47 19 1 2 37% 317665 1832 57%
c w 52601.48 313 36 517 2465717  2 93043009 668184 2.5 47 19 1 2 37% 317665 1832 57%
c O 52621.49 313 39 517 2465719  2 93097019 715893 2.8 53 19 1 2 41% 317665 1832 57%
c - 52740.72 313 40 518 2465812  2 93405207 673594 2.6 53 20 1 2 40% 317665 1832 57%
c p 52740.99 313 40 518 2465812  2 93405207 673600 2.6 53 20 1 2 40% 317665 1832 57%
c u 52745.79 313 40 518 2465812  2 93405207 672114 2.6 53 20 1 2 40% 317665 1832 57%
c v 52747.98 313 40 518 2465812  2 93405207 671605 2.6 53 20 1 2 40% 317665 1832 57%
c w 52748.01 313 40 518 2465812  2 93405207 671604 2.6 53 20 1 2 40% 317665 1832 57%
c B 52779.09 313 38 518 2465845  2 93529020 770374 2.3 46 20 1 2 34% 317665 1832 57%
c 
c   seconds      reductions       conflicts           size   tier2       variables
c             MB        restarts          redundant      glue   trail         remaining
c              level           rate             size/glue  tier1  irredundant
c 
c - 52857.71 312 38 519 2465848  2 93768105 659438 2.2 44 20 1 2 33% 317665 1832 57%
c p 52857.92 312 38 519 2465848  2 93768105 659444 2.2 44 20 1 2 33% 317665 1832 57%
c u 52864.66 312 38 519 2465848  2 93768105 658351 2.2 44 20 1 2 33% 317665 1832 57%
c v 52865.53 312 38 519 2465848  2 93768105 657707 2.2 44 20 1 2 33% 317665 1832 57%
c w 52865.59 312 38 519 2465848  2 93768105 657706 2.2 44 20 1 2 33% 317665 1832 57%
c W 52970.45 312 37 519 2465848  2 93962021 821091 2.3 45 20 1 2 33% 317665 1832 57%
c - 53021.97 312 35 520 2465849  2 94131710 657151 2.2 40 18 1 2 30% 317665 1832 57%
c p 53022.18 312 35 520 2465849  2 94131710 657157 2.2 40 18 1 2 30% 317665 1832 57%
c u 53025.96 312 35 520 2465849  2 94131710 656240 2.2 40 18 1 2 30% 317665 1832 57%
c v 53025.97 312 35 520 2465849  2 94131710 656238 2.2 40 18 1 2 30% 317665 1832 57%
c w 53025.99 312 35 520 2465849  2 94131710 656237 2.2 40 18 1 2 30% 317665 1832 57%
c ] 53072.78 312 32 520 2465849  2 94307011 788016 1.8 34 19 1 2 26% 317665 1832 57%
c { 53072.78 312 19 520 2465849  3 94307011 788016 2.5 29 11 1 2 30% 317665 1832 57%
c W 53171.69 312 19 520 2471931  3 94396022 856106 2.5 29 11 1 2 30% 317665 1832 57%
c - 53286.81 312 19 521 2478927  3 94496017 660324 2.5 28 11 1 2 30% 317665 1832 57%
c p 53287.06 312 19 521 2478927  3 94496017 660329 2.5 28 11 1 2 30% 317665 1832 57%
c u 53292.61 312 19 521 2478927  3 94496017 657607 2.5 28 11 1 2 30% 317665 1832 57%
c v 53292.84 312 19 521 2478927  3 94496017 657520 2.5 28 11 1 2 30% 317665 1832 57%
c w 53292.86 312 19 521 2478927  3 94496017 657520 2.5 28 11 1 2 30% 317665 1832 57%
c # 53599.76 312 19 521 2501914  3 94831023 915177 2.5 29 11 1 2 30% 317665 1832 57%
c 
c   seconds      reductions       conflicts           size   tier2       variables
c             MB        restarts          redundant      glue   trail         remaining
c              level           rate             size/glue  tier1  irredundant
c 
c - 53635.79 313 19 522 2504248  3 94861031 669822 2.5 29 11 1 2 30% 317665 1832 57%
c p 53636.04 313 19 522 2504248  3 94861031 669828 2.5 29 11 1 2 30% 317665 1832 57%
c u 53644.20 313 19 522 2504248  3 94861031 667727 2.5 29 11 1 2 30% 317665 1832 57%
c v 53649.54 313 19 522 2504248  3 94861031 666597 2.5 29 11 1 2 30% 317665 1832 57%
c } 53824.22 313 19 522 2518904  3 95065248 822542 2.5 29 12 1 2 30% 317665 1832 57%
c [ 53824.22 313 32 522 2518904  2 95065248 822542 1.8 34 19 1 2 26% 317665 1832 57%
c - 53899.71 313 23 523 2518904  2 95226748 677518 2.7 37 14 1 2 34% 317665 1832 57%
c p 53899.96 313 23 523 2518904  2 95226748 677523 2.7 37 14 1 2 34% 317665 1832 57%
c u 53906.59 313 23 523 2518904  2 95226748 675635 2.7 37 14 1 2 34% 317665 1832 57%
c v 53909.58 313 23 523 2518904  2 95226748 674482 2.7 37 14 1 2 34% 317665 1832 57%
c w 53909.60 313 23 523 2518904  2 95226748 674481 2.7 37 14 1 2 34% 317665 1832 57%
c I 53924.10 313 31 523 2518904  2 95267024 710923 3.0 45 15 1 2 38% 317665 1832 57%
c 
c caught signal 15 (SIGTERM)
c 
c --- [ result ] -------------------------------------------------------------
c 
c UNKNOWN
c 
c --- [ run-time profiling ] -------------------------------------------------
c 
c process time taken by individual solving procedures
c (percentage relative to process time for solving)
c 
c     51851.14   96.01% search
c     28616.30   52.99% unstable
c     21489.38   39.79% stable
c      2152.92    3.99% simplify
c      1810.71    3.35% vivify
c      1745.46    3.23% walk
c       151.38    0.28% subsume
c        79.58    0.15% sweep
c        65.53    0.12% probe
c        13.10    0.02% ternary
c         4.29    0.01% elim
c         3.46    0.01% congruence
c         0.68    0.00% backbone
c         0.19    0.00% preprocess
c         0.11    0.00% parse
c         0.03    0.00% fastelim
c         0.00    0.00% lucky
c   =================================
c     54004.08  100.00% solve
c 
c last line shows process time for solving
c (percentage relative to total process time)
c 
c --- [ statistics ] ---------------------------------------------------------
c 
c chronological:          29295439        30.67 %  of conflicts
c conflicts:              95513485      1768.63    per second
c backbone:               11605688    359531.85 %  of vars
c decisions:             236091337      4371.73    per second
c eliminated:                 1338        41.45 %  of all variables
c fixed:                        13         0.40 %  of all variables
c learned:                93522340        97.92 %  per conflict
c learned_lits:         6218485121       100.00 %  learned literals
c minimized:                     0         0.00 %  learned literals
c shrunken:             1341270200        21.57 %  learned literals
c minishrunken:          958106095        15.41 %  learned literals
c otfs:                     154679         0.16 %  of conflict
c propagations:        12485984120         0.23 M  per second
c reduced:                77257352        80.89 %  per conflict
c rephased:                    436    219067.63    interval
c restarts:                2518973        37.92    interval
c stabilizing:                 119        63.75 %  of conflicts
c substituted:                  45         1.39 %  of all variables
c sweep equivs:                 10         0.09 %  of swept variables
c subsumed:               14463963        15.35 %  of all clauses
c strengthened:             953186         1.01 %  of all clauses
c ticks:             1365266135513       114.64    propagation
c vivified:                 371004         0.39 %  of all clauses
c walked:                      144    663288.09    interval
c weakened:                   5398         2.79    average size
c congruence:                   32   2984796.41    interval
c 
c seconds are measured in process time for solving
c 
c --- [ glue usage ] ---------------------------------------------------------
c 
c focused glue 1 used 343494320 clauses 81.44% accumulated 81.44% tier1
c focused glue 2 used 35056582 clauses 8.312% accumulated 89.75% tier2
c 
c stable glue 1 used 669435375 clauses 69.05% accumulated 69.05% tier1
c stable glue 2 used 106764012 clauses 11.01% accumulated 80.06% tier2
c 
c 
c --- [ resources ] ----------------------------------------------------------
c 
c total process time since initialization:     54004.19    seconds
c total real time since initialization:        54915.68    seconds
c maximum resident set size of process:          395.48    MB
c 
c raising signal 15 (SIGTERM)
