c --- [ banner ] -------------------------------------------------------------
c 
c CaDiCaL SAT Solver
c Copyright (c) 2016-2024
c A. Biere, M. Fleury, N. Froleyks, K. Fazekas, F. Pollitt, T. Faller
c JKU Linz, University of Freiburg, TU Wien
c 
c Version 2.2.0
c g++ (GCC) 14.3.0 -Wall -Wextra -O3 -DNDEBUG
c Sun Apr 26 15:17:28 UTC 2026 Linux localhost 6.12.82 x86_64
c 
c --- [ parsing input ] ------------------------------------------------------
c 
c reading DIMACS file from 'mine_433.cnf'
c opening file to read 'mine_433.cnf'
c found 'p cnf 2629 347076' header
c parsed 347076 clauses in 0.10 seconds process time
c 
c --- [ options ] ------------------------------------------------------------
c 
c all options are set to their default value
c 
c --- [ solving ] ------------------------------------------------------------
c 
c time measured in process time since initialization
c 
c  seconds  reduction conflicts       size tier2       variables
c         MB    restarts   redundant    glue  trail         remaining
c          level     rate       size/glu tier1  irredundant
c 
c *  0.10 37  0 0   0  0    0    0 0.0 0 0 2 6  0% 347030 2616 100%
c (  0.11 38  0 0   0  0    0    0 0.0 0 0 2 6  0% 347030 2616 100%
c .  0.11 38  0 0   0  0    0    0 0.0 0 0 2 6  0% 346960 2616 100%
c c  0.22 51  0 0   0  0    0    0 0.0 0 0 2 6  0% 346941 2616 100%
c e  0.27 52  0 0   0  0    0    0 0.0 0 0 2 6  0% 344351 1627 62%
c P  0.30 54  0 0   0  0    0    0 0.0 0 0 2 6  0% 344351 1627 62%
c )  0.30 54  0 0   0  0    0    0 0.0 0 0 2 6  0% 344351 1627 62%
c {  0.30 54  0 0   0  0    0    0 0.0 0 0 2 6  0% 344351 1627 62%
c -  0.32 54 239 1  32 12  300  190 2.9 20 7 2 6 32% 344351 1627 62%
c -  0.40 67 96 2 104  7  965  541 3.2 27 8 2 6 31% 344351 1627 62%
c }  0.41 67 94 2 115  8 1002  577 3.2 27 8 2 6 30% 344351 1627 62%
c [  0.41 67  0 2 115  0 1002  577 0.0 0 0 2 6  0% 344351 1627 62%
c O  0.41 67 26 2 115 27 1003  578 2.1 27 13 2 6 28% 344351 1627 62%
c -  0.50 67 59 3 116  3 2159 1017 3.5 69 20 2 6 50% 344351 1627 62%
c ]  0.51 67 59 3 116  3 2357 1204 3.6 68 19 2 6 51% 344351 1627 62%
c {  0.51 67 94 3 116  8 2357 1204 3.2 27 8 2 6 30% 344351 1627 62%
c O  0.58 67 70 3 158  6 3007 1761 3.3 27 8 2 6 48% 344351 1627 62%
c -  0.74 67 57 4 247  6 3945 1614 3.2 27 8 2 6 48% 344351 1627 62%
c #  0.85 67 46 4 347  5 6008 3323 3.5 28 8 5 9 48% 344351 1627 62%
c -  0.90 67 45 5 347  5 6362 3302 3.5 28 8 5 9 48% 344351 1627 62%
c 
c  seconds  reduction conflicts       size  tier2       variables
c         MB    restarts   redundant     glue  trail         remaining
c          level     rate       size/glue tier1  irredundant
c 
c }  0.93 67 41 5 368  4 7230 3976 3.5 27 8 5 8 48% 344351 1627 62%
c [  0.93 67 59 5 368  3 7230 3976 3.6 68 19 2 6 82% 344351 1627 62%
c -  1.15 68 38 6 369  2 9427 4481 3.1 50 16 8 21 66% 344351 1627 62%
c I  1.18 68 35 6 369  2 10010 4973 3.1 48 16 8 21 64% 344351 1627 62%
c ]  1.30 68 38 6 372  3 12803 7460 2.5 43 17 8 21 54% 344351 1627 62%
c {  1.30 68 41 6 372  4 12803 7460 3.5 27 8 5 8 48% 344351 1627 62%
c -  1.36 68 40 7 424  5 13157 5480 3.5 27 8 5 8 48% 344351 1627 62%
c =  1.45 68 40 7 490  5 13660 5896 3.5 27 8 5 8 48% 344351 1626 62%
c e  1.54 74 39 7 542  5 14105 6282 3.4 27 8 5 8 48% 344347 1622 62%
c ^  1.57 74 39 7 542  5 14105 6282 3.4 27 8 5 8 48% 344347 1622 62%
c B  1.61 74 38 7 626  5 15015 7091 3.4 27 8 5 8 47% 344347 1622 62%
c -  1.78 64 37 8 853  5 17563 7500 3.4 27 8 5 8 47% 344347 1622 62%
c }  2.05 66 36 8 1036  4 20897 10400 3.5 28 8 5 8 47% 344347 1622 62%
c [  2.05 66 38 8 1036  3 20897 10400 2.5 43 17 8 21 54% 344347 1622 62%
c B  2.06 66 38 8 1036  3 21017 10502 2.6 43 17 8 21 54% 344347 1622 62%
c -  2.19 80 44 9 1037  2 22655 9749 2.5 44 18 7 21 54% 344347 1622 62%
c W  2.54 80 40 9 1039  2 28020 14340 2.4 44 18 7 21 54% 344347 1622 62%
c -  2.60 66 41 10 1039  2 28438 10508 2.4 44 18 7 21 54% 344347 1622 62%
c ]  2.77 66 40 10 1041  2 31740 13489 2.4 44 18 7 21 54% 344347 1622 62%
c {  2.77 66 36 10 1041  4 31740 13489 3.5 28 8 5 8 47% 344347 1622 62%
c 
c  seconds  reductions   conflicts        size  tier2       variables
c         MB     restarts      redundant     glue  trail         remaining
c          level       rate         size/glue tier1  irredundant
c 
c -  2.99 81 36 11 1307  4 34917 12062 3.4 28 8 5 8 46% 344347 1622 62%
c W  3.10 81 36 11 1438  5 36022 13036 3.4 28 8 5 8 47% 344347 1622 62%
c -  3.48 66 34 12 2000  5 42097 12232 3.3 28 8 3 7 46% 344347 1622 62%
c F  3.78 67 34 12 2187  4 45025 14664 3.3 27 8 3 7 45% 344347 1622 62%
c ^  3.90 74 34 12 2187  4 45025 14664 3.3 27 8 3 7 45% 344347 1622 62%
c }  3.93 74 34 12 2214  4 45344 14963 3.3 27 8 3 7 45% 344347 1622 62%
c [  3.93 74 40 12 2214  2 45344 14963 2.4 44 18 7 21 54% 344347 1622 62%
c -  4.18 88 39 13 2217  2 49982 13695 2.5 41 17 7 21 52% 344347 1622 62%
c O  4.45 88 35 13 2218  2 55026 17607 2.4 38 16 7 21 51% 344347 1622 62%
c -  4.65 74 33 14 2218  2 58573 14217 2.5 38 15 7 21 50% 344347 1622 62%
c ]  4.82 74 33 14 2219  2 61756 16902 2.5 37 15 7 21 49% 344347 1622 62%
c {  4.82 74 34 14 2219  4 61756 16902 3.3 27 8 3 7 45% 344347 1622 62%
c B  5.12 74 33 14 2542  4 66027 20605 3.3 27 8 3 7 45% 344347 1622 62%
c -  5.32 88 33 15 2740  4 67871 16339 3.2 27 8 3 7 44% 344347 1622 62%
c -  6.11 74 31 16 3279  4 77885 9577 3.2 27 8 1 2 44% 344347 1622 62%
c u  6.24 74 31 16 3279  4 77885 9495 3.2 27 8 1 2 44% 344347 1622 62%
c v  6.28 74 31 16 3279  4 77885 9425 3.2 27 8 1 2 44% 344347 1622 62%
c w  6.29 74 31 16 3279  4 77885 9425 3.2 27 8 1 2 44% 344347 1622 62%
c x  6.36 74 31 16 3279  4 77885 9425 3.2 27 8 1 2 44% 344347 1622 62%
c W  6.57 74 31 16 3301  4 78028 9550 3.2 27 8 1 2 44% 344347 1622 62%
c 
c  seconds  reductions   conflicts        size  tier2       variables
c         MB     restarts      redundant     glue  trail         remaining
c          level       rate         size/glue tier1  irredundant
c 
c }  6.83 74 31 16 3594  4 81801 12959 3.2 27 8 1 2 44% 344347 1622 62%
c [  6.83 74 33 16 3594  2 81801 12959 2.5 37 15 7 21 49% 344347 1622 62%
c -  7.27 78 30 17 3599  2 88608 8006 2.5 36 14 7 21 51% 344347 1622 62%
c B  7.51 78 30 17 3600  2 91032 10045 2.5 36 14 7 21 51% 344347 1622 62%
c e  7.65 81 30 17 3600  2 91407 10380 2.5 36 14 7 21 51% 344351 1620 62%
c ^  7.73 81 30 17 3600  2 91407 10380 2.5 36 14 7 21 51% 344351 1620 62%
c -  8.26 89 30 18 3605  2 100044 7714 2.5 36 15 7 21 49% 344351 1620 62%
c ]  8.51 89 31 18 3607  2 104967 11747 2.4 36 15 7 21 49% 344351 1620 62%
c {  8.51 89 31 18 3607  4 104967 11747 3.2 27 8 1 2 44% 344351 1620 62%
c #  8.52 89 31 18 3620  4 105033 11807 3.2 27 8 1 2 44% 344351 1620 62%
c -  9.02 89 32 19 4239  4 112197 8171 3.2 27 8 1 2 44% 344351 1620 62%
c B  9.50 89 31 19 4740  4 120038 15003 3.2 27 8 1 2 43% 344351 1620 62%
c -  9.85 89 31 20 5128  4 125066 9343 3.2 27 8 1 2 43% 344351 1620 62%
c } 10.45 89 31 20 5899  4 134524 17820 3.2 27 9 1 2 43% 344351 1620 62%
c [ 10.45 89 31 20 5899  2 134524 17820 2.4 36 15 7 21 49% 344351 1620 62%
c W 10.70 89 30 20 5899  2 136039 18978 2.4 35 15 7 21 48% 344351 1620 62%
c - 10.88 89 30 21 5900  2 138654 10290 2.4 35 15 5 14 48% 344351 1620 62%
c - 11.68 89 30 22 5901  2 152961 10606 2.5 36 15 5 14 49% 344351 1620 62%
c u 11.75 89 30 22 5901  2 152961 10348 2.5 36 15 5 14 49% 344351 1620 62%
c v 11.77 89 30 22 5901  2 152961 10025 2.5 36 15 5 14 49% 344351 1620 62%
c 
c  seconds  reductions   conflicts         size   tier2        variables
c         MB     restarts       redundant     glue    trail         remaining
c          level       rate          size/glue  tier1   irredundant
c 
c w 11.77 89 30 22 5901  2 152961 10025 2.5 36 15 5 14 49% 344351 1620 62%
c x 11.83 89 30 22 5901  2 152961 10025 2.5 36 15 5 14 49% 344351 1620 62%
c I 11.85 89 30 22 5901  2 153042 10098 2.5 36 15 5 14 49% 344351 1620 62%
c e 12.01 89 30 22 5901  2 153261 10299 2.5 36 15 5 14 49% 344369 1614 61%
c s 12.12 89 30 22 5901  2 153261 10299 2.5 36 15 5 14 49% 344369 1614 61%
c - 12.89 89 35 23 5907  2 167991 10363 2.2 37 17 5 14 46% 344369 1614 61%
c B 13.12 89 36 23 5908  2 171045 13120 2.2 38 17 5 14 46% 344369 1614 61%
c ] 13.30 89 36 23 5910  2 174887 16636 2.2 38 17 5 14 45% 344369 1614 61%
c { 13.30 89 31 23 5910  4 174887 16636 3.2 27 9 1 2 43% 344369 1614 61%
c - 13.93 89 30 24 6588  4 183745 11496 3.2 27 9 1 2 43% 344369 1614 61%
c W 14.55 89 30 24 7023  4 190046 17250 3.2 27 9 1 2 42% 344369 1614 61%
c - 15.21 89 30 25 7696  4 200216 13080 3.2 27 9 1 2 42% 344369 1614 61%
c F 15.83 89 30 25 8288  4 210050 21947 3.2 27 9 1 2 42% 344369 1614 61%
c } 16.08 89 30 25 8563  4 213787 25355 3.2 27 9 1 2 42% 344369 1614 61%
c [ 16.08 89 36 25 8563  2 213787 25355 2.2 38 17 5 14 45% 344369 1614 61%
c - 16.32 89 37 26 8565  2 217410 14330 2.2 37 17 5 14 45% 344369 1614 61%
c ^ 17.39 89 39 26 8569  2 230633 25877 2.1 39 18 5 14 44% 344369 1614 61%
c W 17.54 89 39 26 8569  2 231052 26245 2.1 39 18 5 14 44% 344369 1614 61%
c - 17.87 89 39 27 8571  2 235328 14378 2.1 38 18 5 14 43% 344369 1614 61%
c u 17.96 89 39 27 8571  2 235328 14234 2.1 38 18 5 14 43% 344369 1614 61%
c 
c  seconds  reductions   conflicts         size   tier2        variables
c         MB     restarts       redundant     glue    trail         remaining
c          level       rate          size/glue  tier1   irredundant
c 
c v 17.99 89 39 27 8571  2 235328 13899 2.1 38 18 5 14 43% 344369 1614 61%
c w 17.99 89 39 27 8571  2 235328 13899 2.1 38 18 5 14 43% 344369 1614 61%
c x 18.04 89 39 27 8571  2 235328 13899 2.1 38 18 5 14 43% 344369 1614 61%
c O 18.94 89 41 27 8582  2 253054 28796 2.0 39 20 5 14 41% 344369 1614 61%
c - 19.03 89 41 28 8582  2 253967 13214 2.0 39 20 5 14 41% 344369 1614 61%
c ] 19.58 89 42 28 8584  2 264743 22377 1.9 39 20 5 14 40% 344369 1614 61%
c { 19.58 89 30 28 8584  4 264743 22377 3.2 27 9 1 2 42% 344369 1614 61%
c - 20.24 89 29 29 9182  4 273331 14453 3.2 27 9 1 2 42% 344369 1614 61%
c B 20.43 89 29 29 9413  4 276058 16942 3.2 28 9 1 2 42% 344369 1614 61%
c - 21.69 89 28 30 10687  4 293419 16544 3.2 28 9 1 2 42% 344369 1614 61%
c W 22.53 89 28 30 11132  4 300060 22400 3.2 28 9 1 2 41% 344369 1614 61%
c } 23.12 89 28 30 11830  4 308195 29705 3.2 28 9 1 2 41% 344369 1614 61%
c [ 23.12 89 42 30 11830  2 308195 29705 1.9 39 20 5 14 40% 344369 1614 61%
c - 23.48 89 40 31 11831  2 314238 17996 2.0 39 20 5 14 40% 344369 1614 61%
c u 23.61 89 40 31 11831  2 314238 16783 2.0 39 20 5 14 40% 344369 1614 61%
c v 23.67 89 40 31 11831  2 314238 16426 2.0 39 20 5 14 40% 344369 1614 61%
c w 23.67 89 40 31 11831  2 314238 16426 2.0 39 20 5 14 40% 344369 1614 61%
c s 24.54 89 46 31 11831  2 323481 24440 2.2 48 22 5 14 43% 344369 1614 61%
c e 24.58 89 46 31 11831  2 323481 23906 2.2 48 22 5 14 43% 345053 1517 58%
c ^ 24.79 89 46 31 11831  2 323481 23906 2.2 48 22 5 14 43% 345053 1517 58%
c 
c  seconds  reductions    conflicts         size   tier2        variables
c         MB      restarts       redundant     glue    trail         remaining
c          level        rate          size/glue  tier1   irredundant
c 
c B 24.95 89 47 31 11831  2 325067 25242 2.2 49 22 5 14 44% 345053 1517 58%
c - 26.09 89 50 32 11832  2 335780 16656 2.4 58 24 4 13 46% 345053 1517 58%
c W 27.73 89 70 32 11832  2 351069 29605 2.2 76 34 4 13 50% 345053 1517 58%
c - 28.84 89 77 33 11832  2 358057 15725 2.1 85 40 4 13 52% 345053 1517 58%
c ] 29.14 89 81 33 11833  2 362273 19250 2.1 87 41 4 13 53% 345053 1517 58%
c { 29.14 89 28 33 11833  4 362273 19250 3.2 28 9 1 2 41% 345053 1517 58%
c # 30.31 89 28 33 12960  4 378070 33353 3.2 28 9 1 2 41% 345053 1517 58%
c - 30.57 94 28 34 13192  4 381063 17559 3.2 28 9 1 2 41% 345053 1517 58%
c u 30.65 94 28 34 13192  4 381063 17203 3.2 28 9 1 2 41% 345053 1517 58%
c v 30.68 94 28 34 13192  4 381063 17040 3.2 28 9 1 2 41% 345053 1517 58%
c x 30.72 94 28 34 13192  4 381063 17040 3.2 28 9 1 2 41% 345053 1517 58%
c - 32.58 109 28 35 14927  4 404795 19798 3.2 28 9 1 2 40% 345053 1517 58%
c B 32.69 109 28 35 15033  4 406071 20964 3.2 28 9 1 2 40% 345053 1517 58%
c } 33.37 109 28 35 15802  4 416608 30386 3.2 28 9 1 2 40% 345053 1517 58%
c [ 33.37 109 81 35 15802  2 416608 30386 2.1 87 41 4 13 53% 345053 1517 58%
c - 34.14 94 76 36 15809  2 429255 21214 2.1 81 38 4 13 52% 345053 1517 58%
c s 34.67 94 74 36 15812  2 433094 24197 2.1 79 37 4 13 51% 345053 1517 58%
c e 34.71 94 74 36 15812  2 433094 24180 2.1 79 37 4 13 51% 345172 1507 57%
c I 35.12 94 73 36 15814  2 435073 25750 2.1 78 37 4 13 51% 345172 1507 57%
c - 36.27 109 67 37 15820  2 454444 20985 2.1 71 34 4 13 48% 345172 1507 57%
c 
c  seconds   reductions    conflicts         size   tier2        variables
c          MB      restarts       redundant     glue    trail         remaining
c           level        rate          size/glue  tier1   irredundant
c 
c u 36.49 109 67 37 15820  2 454444 20475 2.1 71 34 4 13 48% 345172 1507 57%
c v 36.53 109 67 37 15820  2 454444 20027 2.1 71 34 4 13 48% 345172 1507 57%
c w 36.53 109 67 37 15820  2 454444 20027 2.1 71 34 4 13 48% 345172 1507 57%
c B 37.17 109 64 37 15826  2 465076 29056 2.1 67 32 4 15 47% 345172 1507 57%
c - 38.13 94 64 38 15831  2 480364 19892 2.0 64 32 4 15 44% 345172 1507 57%
c ] 38.49 94 64 38 15832  2 485437 24280 2.0 63 32 4 15 44% 345172 1507 57%
c { 38.49 94 28 38 15832  4 485437 24280 3.2 28 9 1 2 40% 345172 1507 57%
c W 39.57 94 28 38 16560  4 496079 33641 3.2 28 9 1 2 40% 345172 1507 57%
c - 40.49 94 28 39 17602  4 507013 21963 3.2 28 9 1 2 40% 345172 1507 57%
c F 42.05 94 27 39 19297  4 528082 40910 3.2 28 9 1 2 39% 345172 1507 57%
c - 42.72 94 27 40 19795  4 534394 24356 3.2 28 9 1 2 39% 345172 1507 57%
c u 42.86 94 27 40 19795  4 534394 23578 3.2 28 9 1 2 39% 345172 1507 57%
c v 42.93 94 27 40 19795  4 534394 23324 3.2 28 9 1 2 39% 345172 1507 57%
c w 42.94 94 27 40 19795  4 534394 23324 3.2 28 9 1 2 39% 345172 1507 57%
c } 43.80 94 27 40 20575  4 546491 33896 3.1 28 9 1 2 39% 345172 1507 57%
c [ 43.80 94 64 40 20575  2 546491 33896 2.0 63 32 4 15 44% 345172 1507 57%
c s 44.74 94 62 40 20575  2 558529 44635 2.0 61 30 4 15 44% 345172 1507 57%
c W 45.43 94 62 40 20576  2 561083 47010 2.1 61 29 4 15 44% 345172 1507 57%
c - 45.55 94 61 41 20577  2 562501 24799 2.1 60 29 4 15 44% 345172 1507 57%
c - 47.28 94 55 42 20590  2 591339 24434 2.1 56 27 4 15 42% 345172 1507 57%
c 
c  seconds  reductions    conflicts         size   tier2        variables
c         MB      restarts       redundant     glue    trail         remaining
c          level        rate          size/glue  tier1   irredundant
c 
c O 47.48 94 54 42 20591  2 595084 27776 2.1 55 26 4 15 42% 345172 1507 57%
c - 49.12 94 52 43 20605  2 620906 23196 2.0 51 25 4 15 40% 345172 1507 57%
c p 49.14 94 52 43 20605  2 620906 23279 2.0 51 25 4 15 40% 345172 1507 57%
c u 49.22 94 52 43 20605  2 620906 22580 2.0 51 25 4 15 40% 345172 1507 57%
c v 49.22 94 52 43 20605  2 620906 22580 2.0 51 25 4 15 40% 345172 1507 57%
c w 49.22 94 52 43 20605  2 620906 22580 2.0 51 25 4 15 40% 345172 1507 57%
c x 49.28 94 52 43 20605  2 620906 22580 2.0 51 25 4 15 40% 345172 1507 57%
c B 49.74 94 51 43 20606  2 630088 30614 2.0 50 25 4 15 39% 345172 1507 57%
c ] 50.31 94 52 43 20606  2 639035 38831 2.1 52 24 4 15 40% 345172 1507 57%
c { 50.31 94 27 43 20606  4 639035 38831 3.1 28 9 1 2 39% 345172 1507 57%
c - 51.36 94 27 44 21214  4 651203 24360 3.1 28 9 1 2 39% 345172 1507 57%
c B 52.43 94 26 44 22110  3 666090 37373 3.1 28 9 1 2 39% 345172 1507 57%
c - 53.89 94 26 45 23490  4 682235 27100 3.1 28 9 1 2 39% 345172 1507 57%
c u 54.06 94 26 45 23490  4 682235 26458 3.1 28 9 1 2 39% 345172 1507 57%
c v 54.10 94 26 45 23490  4 682235 26392 3.1 28 9 1 2 39% 345172 1507 57%
c w 54.10 94 26 45 23490  4 682235 26392 3.1 28 9 1 2 39% 345172 1507 57%
c s 55.73 94 26 45 24888  4 699642 41718 3.1 28 9 1 2 39% 345172 1507 57%
c s 56.18 94 26 45 24888  4 699642 41681 3.1 28 9 1 2 39% 345172 1507 57%
c W 56.84 94 26 45 25126  4 703091 44752 3.1 28 9 1 2 39% 345172 1507 57%
c } 57.30 94 26 45 25491  4 708820 49804 3.1 28 9 1 2 39% 345172 1507 57%
c 
c  seconds  reductions    conflicts         size   tier2        variables
c         MB      restarts       redundant     glue    trail         remaining
c          level        rate          size/glue  tier1   irredundant
c 
c [ 57.30 94 52 45 25491  2 708820 49804 2.1 52 24 4 15 40% 345172 1507 57%
c - 57.66 94 51 46 25491  2 713994 28636 2.1 51 24 4 15 40% 345172 1507 57%
c W 59.59 94 44 46 25492  2 741093 51383 2.2 47 22 4 14 41% 345172 1507 57%
c - 59.99 94 43 47 25492  2 746488 28556 2.2 47 21 4 14 42% 345172 1507 57%
c u 60.20 94 43 47 25492  2 746488 27960 2.2 47 21 4 14 42% 345172 1507 57%
c v 60.26 94 43 47 25492  2 746488 27493 2.2 47 21 4 14 42% 345172 1507 57%
c w 60.26 94 43 47 25492  2 746488 27493 2.2 47 21 4 14 42% 345172 1507 57%
c - 62.31 94 37 48 25493  2 779709 26736 2.3 43 19 4 14 42% 345172 1507 57%
c p 62.33 94 37 48 25493  2 779709 26807 2.3 43 19 4 14 42% 345172 1507 57%
c I 62.38 94 37 48 25493  2 780094 27130 2.3 42 19 4 14 42% 345172 1507 57%
c ] 63.63 94 38 48 25493  2 801533 45069 2.2 42 19 3 14 41% 345172 1507 57%
c { 63.63 94 26 48 25493  4 801533 45069 3.1 28 9 1 2 39% 345172 1507 57%
c - 64.80 94 26 49 26242  3 813661 28242 3.1 28 9 1 2 39% 345172 1507 57%
c p 64.81 94 26 49 26242  3 813661 28374 3.1 28 9 1 2 39% 345172 1507 57%
c u 64.92 94 26 49 26242  3 813661 27733 3.1 28 9 1 2 39% 345172 1507 57%
c v 64.97 94 26 49 26242  3 813661 27404 3.1 28 9 1 2 39% 345172 1507 57%
c # 65.49 94 26 49 26805  4 820095 33175 3.1 28 9 1 2 39% 345172 1507 57%
c - 67.81 94 26 50 28892  4 848344 30174 3.1 28 9 1 2 39% 345172 1507 57%
c B 68.82 94 26 50 29687  3 861096 41554 3.1 28 9 1 2 39% 345172 1507 57%
c s 69.66 94 26 50 30097  3 869753 48974 3.1 28 9 1 2 39% 345172 1507 57%
c 
c  seconds  reductions    conflicts         size  tier2       variables
c         MB      restarts       redundant     glue  trail         remaining
c          level        rate          size/glue tier1  irredundant
c 
c s 70.19 94 26 50 30097  3 869753 48756 3.1 28 9 1 2 39% 345172 1507 57%
c } 71.18 94 26 50 30648  3 881355 59129 3.1 28 9 1 2 39% 345172 1507 57%
c [ 71.18 94 38 50 30648  2 881355 59129 2.2 42 19 3 14 41% 345172 1507 57%
c - 71.44 94 37 51 30648  2 883758 32669 2.2 41 19 3 14 41% 345172 1507 57%
c u 71.54 94 37 51 30648  2 883758 31844 2.2 41 19 3 14 41% 345172 1507 57%
c v 71.57 94 37 51 30648  2 883758 31750 2.2 41 19 3 14 41% 345172 1507 57%
c w 71.57 94 37 51 30648  2 883758 31750 2.2 41 19 3 14 41% 345172 1507 57%
c B 72.87 94 37 51 30655  2 903097 48707 2.2 41 18 3 14 40% 345172 1507 57%
c - 74.31 63 35 52 30663  2 919906 32008 2.2 40 18 3 14 39% 345172 1507 57%
c W 76.80 63 32 52 30675  2 946098 54139 2.3 39 17 3 13 39% 345172 1507 57%
c - 77.71 81 33 53 30678  2 956784 30059 2.2 39 17 3 13 38% 345172 1507 57%
c p 77.73 81 33 53 30678  2 956784 30211 2.2 39 17 3 13 38% 345172 1507 57%
c u 77.85 81 33 53 30678  2 956784 29676 2.2 39 17 3 13 38% 345172 1507 57%
c v 77.85 81 33 53 30678  2 956784 29676 2.2 39 17 3 13 38% 345172 1507 57%
c w 77.85 81 33 53 30678  2 956784 29676 2.2 39 17 3 13 38% 345172 1507 57%
c ] 79.37 81 35 53 30681  2 979769 48922 2.1 39 18 3 13 37% 345172 1507 57%
c { 79.37 81 26 53 30681  3 979769 48922 3.1 28 9 1 2 39% 345172 1507 57%
c W 80.61 81 26 53 31575  3 990099 58164 3.1 28 9 1 2 39% 345172 1507 57%
c - 81.10 66 26 54 31982  3 994394 31119 3.1 28 9 1 2 39% 345172 1507 57%
c - 84.84 82 25 55 34410  3 1032735 34122 3.1 28 9 1 2 39% 345172 1507 57%
c 
c  seconds  reductions     conflicts         size  tier2       variables
c         MB      restarts        redundant     glue  trail         remaining
c          level        rate           size/glue tier1  irredundant
c 
c u 84.99 82 25 55 34410  3 1032735 33268 3.1 28 9 1 2 39% 345172 1507 57%
c v 85.05 82 25 55 34410  3 1032735 32897 3.1 28 9 1 2 39% 345172 1507 57%
c w 85.06 82 25 55 34410  3 1032735 32897 3.1 28 9 1 2 39% 345172 1507 57%
c F 85.27 82 25 55 34671  3 1035103 35026 3.1 28 9 1 2 39% 345172 1507 57%
c s 86.01 82 26 55 35295  3 1042222 41417 3.1 28 9 1 2 38% 345172 1507 57%
c s 86.52 82 26 55 35295  3 1042222 41250 3.1 28 9 1 2 38% 345172 1507 57%
c } 88.91 82 25 55 36788  3 1067871 63809 3.1 28 9 1 2 39% 345172 1507 57%
c [ 88.91 82 35 55 36788  2 1067871 63809 2.1 39 18 3 13 37% 345172 1507 57%
c - 89.25 66 35 56 36791  2 1071808 35662 2.1 39 18 3 13 37% 345172 1507 57%
c p 89.28 66 35 56 36791  2 1071808 35776 2.1 39 18 3 13 37% 345172 1507 57%
c O 89.84 66 37 56 36796  2 1081104 44344 2.1 40 19 3 13 37% 345172 1507 57%
c - 91.81 82 34 57 36808  2 1111615 36032 2.2 39 18 3 13 38% 345172 1507 57%
c u 92.05 82 34 57 36808  2 1111615 35089 2.2 39 18 3 13 38% 345172 1507 57%
c v 92.12 82 34 57 36808  2 1111615 34592 2.2 39 18 3 13 38% 345172 1507 57%
c w 92.12 82 34 57 36808  2 1111615 34590 2.2 39 18 3 13 38% 345172 1507 57%
c B 93.08 82 32 57 36816  2 1128105 49154 2.3 38 17 2 10 38% 345172 1507 57%
c - 94.65 66 36 58 36818  2 1152155 33064 2.2 40 18 2 10 38% 345172 1507 57%
c W 96.85 66 37 58 36818  2 1176106 54591 2.2 41 19 2 10 37% 345172 1507 57%
c - 98.17 82 38 59 36825  2 1193429 32859 2.1 41 19 2 10 36% 345172 1507 57%
c u 98.30 82 38 59 36825  2 1193429 32276 2.1 41 19 2 10 36% 345172 1507 57%
c 
c  seconds  reductions     conflicts         size   tier2        variables
c         MB      restarts        redundant     glue    trail         remaining
c          level        rate           size/glue  tier1   irredundant
c 
c v 98.31 82 38 59 36825  2 1193429 32274 2.1 41 19 2 10 36% 345172 1507 57%
c w 98.31 82 38 59 36825  2 1193429 32274 2.1 41 19 2 10 36% 345172 1507 57%
c ] 98.65 82 39 59 36828  2 1199393 37444 2.1 41 19 2 10 36% 345172 1507 57%
c { 98.65 82 25 59 36828  3 1199393 37444 3.1 28 9 1 2 39% 345172 1507 57%
c B 101.00 82 25 59 38614  3 1225107 60249 3.0 28 9 1 2 39% 345172 1507 57%
c s 101.66 82 25 59 38923  3 1230370 64823 3.0 28 9 1 2 39% 345172 1507 57%
c s 102.22 82 25 59 38923  3 1230370 64685 3.0 28 9 1 2 39% 345172 1507 57%
c - 102.80 94 25 60 39199  3 1235434 35412 3.0 28 9 1 2 39% 345172 1507 57%
c p 102.81 94 25 60 39199  3 1235434 35557 3.0 28 9 1 2 39% 345172 1507 57%
c W 106.76 94 24 60 41676  3 1275108 70578 3.0 28 9 1 2 39% 345172 1507 57%
c - 107.07 94 24 61 41813  3 1278173 38647 3.0 28 9 1 2 39% 345172 1507 57%
c u 107.22 94 24 61 41813  3 1278173 38115 3.0 28 9 1 2 39% 345172 1507 57%
c v 107.27 94 24 61 41813  3 1278173 38034 3.0 28 9 1 2 39% 345172 1507 57%
c w 107.27 94 24 61 41813  3 1278173 38034 3.0 28 9 1 2 39% 345172 1507 57%
c } 109.04 94 24 61 43026  3 1299807 57155 3.0 28 9 1 2 39% 345172 1507 57%
c [ 109.04 94 39 61 43026  2 1299807 57155 2.1 41 19 2 10 36% 345172 1507 57%
c - 110.63 94 36 62 43035  2 1321645 38969 2.1 39 18 2 10 37% 345172 1507 57%
c p 110.65 94 36 62 43035  2 1321645 39083 2.1 39 18 2 10 37% 345172 1507 57%
c I 110.98 94 36 62 43038  2 1326109 43147 2.1 39 18 2 10 37% 345172 1507 57%
c - 113.68 94 38 63 43047  2 1365848 37535 2.0 38 20 2 10 35% 345172 1507 57%
c 
c  seconds   reductions     conflicts         size   tier2        variables
c          MB      restarts        redundant     glue    trail         remaining
c           level        rate           size/glue  tier1   irredundant
c 
c u 113.82 94 38 63 43047  2 1365848 36972 2.0 38 20 2 10 35% 345172 1507 57%
c v 113.82 94 38 63 43047  2 1365848 36971 2.0 38 20 2 10 35% 345172 1507 57%
c w 113.82 94 38 63 43047  2 1365848 36970 2.0 38 20 2 10 35% 345172 1507 57%
c B 114.52 94 38 63 43054  2 1378111 47087 1.9 38 20 2 10 35% 345172 1507 57%
c - 117.54 94 46 64 43069  2 1410785 35924 2.4 58 24 2 10 42% 345172 1507 57%
c W 119.49 94 43 64 43077  2 1431113 52547 2.4 54 23 2 10 42% 345172 1507 57%
c s 119.86 95 44 64 43077  2 1434203 55284 2.4 54 23 2 10 42% 345172 1507 57%
c s 120.36 95 44 64 43077  2 1434203 55163 2.4 54 23 2 10 42% 345172 1507 57%
c ] 120.67 95 45 64 43078  2 1438702 59042 2.3 54 23 2 10 42% 345172 1507 57%
c { 120.67 95 24 64 43078  3 1438702 59042 3.0 28 9 1 2 39% 345172 1507 57%
c - 122.51 95 24 65 44422  3 1456456 38606 3.0 28 9 1 2 38% 345172 1507 57%
c p 122.53 95 24 65 44422  3 1456456 38723 3.0 28 9 1 2 38% 345172 1507 57%
c u 122.65 95 24 65 44422  3 1456456 38315 3.0 28 9 1 2 38% 345172 1507 57%
c v 122.75 95 24 65 44422  3 1456456 38045 3.0 28 9 1 2 38% 345172 1507 57%
c # 125.35 95 24 65 46386  3 1485115 63417 3.0 28 9 1 2 38% 345172 1507 57%
c - 127.47 95 24 66 48065  3 1502859 41361 3.0 28 9 1 2 39% 345172 1507 57%
c u 127.64 95 24 66 48065  3 1502859 40706 3.0 28 9 1 2 39% 345172 1507 57%
c v 127.71 95 24 66 48065  3 1502859 40402 3.0 28 9 1 2 39% 345172 1507 57%
c B 131.29 95 24 66 50746  3 1540119 73117 3.0 28 9 1 2 39% 345172 1507 57%
c } 131.64 95 24 66 50968  3 1543194 75794 3.0 28 9 1 2 39% 345172 1507 57%
c 
c  seconds   reductions     conflicts         size   tier2        variables
c          MB      restarts        redundant     glue    trail         remaining
c           level        rate           size/glue  tier1   irredundant
c 
c [ 131.64 95 45 66 50968  2 1543194 75794 2.3 54 23 2 10 42% 345172 1507 57%
c - 132.29 95 43 67 50968  2 1549996 42573 2.4 53 22 2 10 42% 345172 1507 57%
c p 132.33 95 43 67 50968  2 1549996 42687 2.4 53 22 2 10 42% 345172 1507 57%
c u 132.48 95 43 67 50968  2 1549996 42199 2.4 53 22 2 10 42% 345172 1507 57%
c v 132.54 95 43 67 50968  2 1549996 41844 2.4 53 22 2 10 42% 345172 1507 57%
c w 132.55 95 43 67 50968  2 1549996 41844 2.4 53 22 2 10 42% 345172 1507 57%
c O 136.59 95 36 67 50970  2 1596120 83135 2.6 49 19 2 9 44% 345172 1507 57%
c - 136.89 95 36 68 50970  2 1597866 42791 2.6 48 19 2 9 44% 345172 1507 57%
c u 137.21 95 36 68 50970  2 1597866 42234 2.6 48 19 2 9 44% 345172 1507 57%
c v 137.26 95 36 68 50970  2 1597866 41834 2.6 48 19 2 9 44% 345172 1507 57%
c - 142.26 95 30 69 50970  2 1646469 41547 2.8 45 16 2 9 46% 345172 1507 57%
c p 142.29 95 30 69 50970  2 1646469 41659 2.8 45 16 2 9 46% 345172 1507 57%
c u 142.39 95 30 69 50970  2 1646469 41272 2.8 45 16 2 9 46% 345172 1507 57%
c v 142.39 95 30 69 50970  2 1646469 41261 2.8 45 16 2 9 46% 345172 1507 57%
c w 142.40 95 30 69 50970  2 1646469 41261 2.8 45 16 2 9 46% 345172 1507 57%
c B 142.96 95 30 69 50970  2 1653121 47030 2.8 45 16 2 9 46% 345172 1507 57%
c ] 143.98 95 30 69 50971  2 1667130 59323 2.9 48 16 2 9 47% 345172 1507 57%
c { 143.98 95 24 69 50971  3 1667130 59323 3.0 28 9 1 2 39% 345172 1507 57%
c - 147.52 95 24 70 52820  3 1695807 44195 3.0 28 9 1 2 39% 345172 1507 57%
c p 147.56 95 24 70 52820  3 1695807 44209 3.0 28 9 1 2 39% 345172 1507 57%
c 
c  seconds   reductions     conflicts         size  tier2       variables
c          MB      restarts        redundant     glue  trail         remaining
c           level        rate           size/glue tier1  irredundant
c 
c u 147.70 95 24 70 52820  3 1695807 43593 3.0 28 9 1 2 39% 345172 1507 57%
c v 147.76 95 24 70 52820  3 1695807 43462 3.0 28 9 1 2 39% 345172 1507 57%
c W 150.55 95 24 70 53498  3 1711127 56787 3.0 28 9 1 2 39% 345172 1507 57%
c - 154.49 111 23 71 55639  3 1745879 46371 3.0 28 9 1 2 39% 345172 1507 57%
c p 154.52 111 23 71 55639  3 1745879 46471 3.0 28 9 1 2 39% 345172 1507 57%
c u 154.66 111 23 71 55639  3 1745879 45738 3.0 28 9 1 2 39% 345172 1507 57%
c v 154.71 111 23 71 55639  3 1745879 45341 3.0 28 9 1 2 39% 345172 1507 57%
c w 154.71 111 23 71 55639  3 1745879 45341 3.0 28 9 1 2 39% 345172 1507 57%
c s 156.17 111 24 71 56574  3 1757878 56118 3.0 28 9 1 2 39% 345172 1507 57%
c s 156.70 111 24 71 56574  3 1757878 55825 3.0 28 9 1 2 39% 345172 1507 57%
c F 158.00 111 24 71 57478  3 1770128 66775 3.0 28 9 1 2 39% 345172 1507 57%
c } 159.74 111 24 71 58524  3 1782407 77853 3.0 28 9 1 2 39% 345172 1507 57%
c [ 159.74 111 30 71 58524  2 1782407 77853 2.9 48 16 2 9 47% 345172 1507 57%
c - 161.09 95 30 72 58524  2 1796684 47668 2.8 46 16 2 9 47% 345172 1507 57%
c p 161.15 95 30 72 58524  2 1796684 47784 2.8 46 16 2 9 47% 345172 1507 57%
c u 161.35 95 30 72 58524  2 1796684 46993 2.8 46 16 2 9 47% 345172 1507 57%
c v 161.43 95 30 72 58524  2 1796684 46646 2.8 46 16 2 9 47% 345172 1507 57%
c w 161.44 95 30 72 58524  2 1796684 46646 2.8 46 16 2 9 47% 345172 1507 57%
c W 164.85 95 29 72 58524  2 1830129 75825 2.8 44 16 2 9 46% 345172 1507 57%
c - 166.20 111 32 73 58524  2 1848223 46892 2.6 45 17 2 8 44% 345172 1507 57%
c 
c  seconds    reductions     conflicts         size   tier2       variables
c           MB      restarts        redundant     glue   trail         remaining
c            level        rate           size/glue  tier1  irredundant
c 
c p 166.23 111 32 73 58524  2 1848223 46988 2.6 45 17 2 8 44% 345172 1507 57%
c u 166.35 111 32 73 58524  2 1848223 46573 2.6 45 17 2 8 44% 345172 1507 57%
c v 166.39 111 32 73 58524  2 1848223 46266 2.6 45 17 2 8 44% 345172 1507 57%
c w 166.40 111 32 73 58524  2 1848223 46263 2.6 45 17 2 8 44% 345172 1507 57%
c I 169.70 111 36 73 58524  2 1891130 82607 2.2 43 19 2 8 40% 345172 1507 57%
c - 170.57 95 37 74 58524  2 1900501 43455 2.2 44 20 2 8 40% 345172 1507 57%
c p 170.61 95 37 74 58524  2 1900501 43472 2.2 44 20 2 8 40% 345172 1507 57%
c u 170.78 95 37 74 58524  2 1900501 42901 2.2 44 20 2 8 40% 345172 1507 57%
c v 170.78 95 37 74 58524  2 1900501 42901 2.2 44 20 2 8 40% 345172 1507 57%
c w 170.78 95 37 74 58524  2 1900501 42900 2.2 44 20 2 8 40% 345172 1507 57%
c ] 173.88 95 39 74 58541  2 1940761 76036 2.0 43 21 2 9 38% 345172 1507 57%
c { 173.88 95 24 74 58541  3 1940761 76036 3.0 28 9 1 2 39% 345172 1507 57%
c B 175.52 95 24 74 59459  3 1953131 87195 3.0 28 9 1 2 39% 345172 1507 57%
c - 175.64 95 24 75 59507  3 1953507 42887 3.0 28 9 1 2 39% 345172 1507 57%
c p 175.66 95 24 75 59507  3 1953507 42982 3.0 28 9 1 2 39% 345172 1507 57%
c u 176.06 95 24 75 59507  3 1953507 42311 3.0 28 9 1 2 39% 345172 1507 57%
c w 176.06 95 24 75 59507  3 1953507 42311 3.0 28 9 1 2 39% 345172 1507 57%
c - 182.22 101 25 76 63078  3 2007249 46758 3.0 28 9 1 2 39% 345172 1507 57%
c p 182.26 101 25 76 63078  3 2007249 46872 3.0 28 9 1 2 39% 345172 1507 57%
c u 182.37 101 25 76 63078  3 2007249 46206 3.0 28 9 1 2 39% 345172 1507 57%
c 
c  seconds    reductions     conflicts         size  tier2       variables
c           MB      restarts        redundant     glue  trail         remaining
c            level        rate           size/glue tier1  irredundant
c 
c v 182.42 101 25 76 63078  3 2007249 46145 3.0 28 9 1 2 39% 345172 1507 57%
c w 182.42 101 25 76 63078  3 2007249 46145 3.0 28 9 1 2 39% 345172 1507 57%
c W 184.16 101 24 76 63634  3 2016132 54004 3.0 28 9 1 2 39% 345172 1507 57%
c - 188.88 117 24 77 66513  3 2061725 49654 3.1 29 9 1 2 39% 345172 1507 57%
c d 188.89 117 24 77 66513  3 2061725 49631 3.1 29 9 1 2 39% 345172 1505 57%
c p 188.93 117 24 77 66513  3 2061725 49725 3.1 29 9 1 2 39% 345172 1505 57%
c u 189.09 117 24 77 66513  3 2061725 48888 3.1 29 9 1 2 39% 345172 1505 57%
c v 189.18 117 24 77 66513  3 2061725 48474 3.1 29 9 1 2 39% 345172 1505 57%
c w 189.18 117 24 77 66513  3 2061725 48474 3.1 29 9 1 2 39% 345172 1505 57%
c s 189.54 117 24 77 66513  3 2061725 48353 3.1 29 9 1 2 39% 345172 1505 57%
c s 190.05 117 24 77 66513  3 2061725 48111 3.1 29 9 1 2 39% 345172 1505 57%
c } 190.51 117 25 77 66803  3 2066086 52088 3.1 29 9 1 2 39% 345172 1505 57%
c [ 190.51 117 39 77 66803  2 2066086 52088 2.0 43 21 2 9 38% 345172 1505 57%
c B 191.63 117 37 77 66811  2 2080133 64709 2.1 42 20 2 9 39% 345172 1505 57%
c - 194.89 101 37 78 66819  2 2116939 50067 2.8 55 20 2 8 43% 345172 1505 57%
c p 194.92 101 37 78 66819  2 2116939 50177 2.8 55 20 2 8 43% 345172 1505 57%
c u 195.05 101 37 78 66819  2 2116939 49714 2.8 55 20 2 8 43% 345172 1505 57%
c v 195.10 101 37 78 66819  2 2116939 49387 2.8 55 20 2 8 43% 345172 1505 57%
c w 195.11 101 37 78 66819  2 2116939 49387 2.8 55 20 2 8 43% 345172 1505 57%
c W 198.22 101 45 78 66832  2 2145136 72950 2.9 71 24 2 8 49% 345172 1505 57%
c 
c  seconds    reductions     conflicts         size   tier2       variables
c           MB      restarts        redundant     glue   trail         remaining
c            level        rate           size/glue  tier1  irredundant
c 
c - 201.03 101 46 79 66846  2 2172883 47555 2.9 72 25 2 8 49% 345172 1505 57%
c u 201.16 101 46 79 66846  2 2172883 47018 2.9 72 25 2 8 49% 345172 1505 57%
c v 201.16 101 46 79 66846  2 2172883 46969 2.9 72 25 2 8 49% 345172 1505 57%
c w 201.16 101 46 79 66846  2 2172883 46968 2.9 72 25 2 8 49% 345172 1505 57%
c O 205.26 101 56 79 66849  2 2211140 79786 3.2 92 29 2 8 55% 345172 1505 57%
c - 206.77 104 51 80 66849  2 2229563 46255 3.1 83 27 2 8 52% 345172 1505 57%
c p 206.80 104 51 80 66849  2 2229563 46349 3.1 83 27 2 8 52% 345172 1505 57%
c u 206.99 104 51 80 66849  2 2229563 45666 3.1 83 27 2 8 52% 345172 1505 57%
c w 206.99 104 51 80 66849  2 2229563 45666 3.1 83 27 2 8 52% 345172 1505 57%
c ] 207.92 104 49 80 66856  2 2243675 57946 3.1 77 25 2 8 50% 345172 1505 57%
c { 207.92 104 25 80 66856  3 2243675 57946 3.1 29 9 1 2 39% 345172 1505 57%
c # 211.81 104 25 80 69536  3 2278141 89045 3.0 29 9 1 2 39% 345172 1505 57%
c - 212.79 104 25 81 70025  3 2286978 49377 3.1 29 9 1 2 39% 345172 1505 57%
c p 212.83 104 25 81 70025  3 2286978 49489 3.1 29 9 1 2 39% 345172 1505 57%
c u 212.95 104 25 81 70025  3 2286978 48555 3.1 29 9 1 2 39% 345172 1505 57%
c v 213.01 104 25 81 70025  3 2286978 48460 3.1 29 9 1 2 39% 345172 1505 57%
c s 216.20 107 25 81 72015  3 2312651 71361 3.0 29 10 1 2 39% 345172 1505 57%
c s 216.74 107 25 81 72015  3 2312651 71131 3.0 29 10 1 2 39% 345172 1505 57%
c - 220.41 107 25 82 74101  3 2345126 52420 3.0 29 10 1 2 39% 345172 1505 57%
c p 220.45 107 25 82 74101  3 2345126 52513 3.0 29 10 1 2 39% 345172 1505 57%
c 
c  seconds    reductions     conflicts         size   tier2       variables
c           MB      restarts        redundant     glue   trail         remaining
c            level        rate           size/glue  tier1  irredundant
c 
c u 220.60 107 25 82 74101  3 2345126 51859 3.0 29 10 1 2 39% 345172 1505 57%
c v 220.66 107 25 82 74101  3 2345126 51522 3.0 29 10 1 2 39% 345172 1505 57%
c w 220.66 107 25 82 74101  3 2345126 51522 3.0 29 10 1 2 39% 345172 1505 57%
c B 220.77 107 25 82 74142  3 2346142 52358 3.0 29 9 1 2 39% 345172 1505 57%
c } 224.12 107 25 82 76588  3 2379635 82255 3.0 29 10 1 2 39% 345172 1505 57%
c [ 224.12 107 49 82 76588  2 2379635 82255 3.1 77 25 2 8 50% 345172 1505 57%
c - 226.36 107 44 83 76598  2 2404010 53675 3.0 67 23 2 8 48% 345172 1505 57%
c p 226.39 107 44 83 76598  2 2404010 53774 3.0 67 23 2 8 48% 345172 1505 57%
c u 226.56 107 44 83 76598  2 2404010 53080 3.0 67 23 2 8 48% 345172 1505 57%
c v 226.63 107 44 83 76598  2 2404010 52648 3.0 67 23 2 8 48% 345172 1505 57%
c w 226.63 107 44 83 76598  2 2404010 52648 3.0 67 23 2 8 48% 345172 1505 57%
c B 227.49 107 44 83 76603  2 2415143 61812 3.0 67 23 2 8 48% 345172 1505 57%
c - 232.29 85 45 84 76619  2 2463631 52113 3.0 72 24 2 8 49% 345172 1505 57%
c p 232.32 85 45 84 76619  2 2463631 52207 3.0 72 24 2 8 49% 345172 1505 57%
c u 232.42 87 45 84 76619  2 2463631 51773 3.0 72 24 2 8 49% 345172 1505 57%
c v 232.46 87 45 84 76619  2 2463631 51577 3.0 72 24 2 8 49% 345172 1505 57%
c w 232.46 87 45 84 76619  2 2463631 51575 3.0 72 24 2 8 49% 345172 1505 57%
c W 237.49 87 51 84 76627  2 2485144 69689 3.0 79 27 2 8 52% 345172 1505 57%
c - 242.53 87 45 85 76643  2 2523983 50167 2.8 66 24 2 7 49% 345172 1505 57%
c p 242.57 87 45 85 76643  2 2523983 50200 2.8 66 24 2 7 49% 345172 1505 57%
c 
c  seconds   reductions     conflicts         size   tier2       variables
c          MB      restarts        redundant     glue   trail         remaining
c           level        rate           size/glue  tier1  irredundant
c 
c u 242.74 87 45 85 76643  2 2523983 49454 2.8 66 24 2 7 49% 345172 1505 57%
c v 242.74 87 45 85 76643  2 2523983 49449 2.8 66 24 2 7 49% 345172 1505 57%
c w 242.75 87 45 85 76643  2 2523983 49447 2.8 66 24 2 7 49% 345172 1505 57%
c I 245.58 87 39 85 76644  2 2556149 77071 2.7 58 22 2 7 47% 345172 1505 57%
c ] 246.62 87 40 85 76644  2 2568988 87552 2.6 56 22 2 7 45% 345172 1505 57%
c { 246.62 87 25 85 76644  3 2568988 87552 3.0 29 10 1 2 39% 345172 1505 57%
c s 248.45 91 25 85 77413  3 2579259 96532 3.0 29 10 1 2 39% 345172 1505 57%
c s 249.00 91 25 85 77413  3 2579259 96382 3.0 29 10 1 2 39% 345172 1505 57%
c - 249.99 85 25 86 77824  3 2585076 51435 3.0 29 10 1 2 39% 345172 1505 57%
c p 250.04 85 25 86 77824  3 2585076 51501 3.0 29 10 1 2 39% 345172 1505 57%
c u 250.22 85 25 86 77824  3 2585076 50752 3.0 29 10 1 2 39% 345172 1505 57%
c v 250.29 85 25 86 77824  3 2585076 50526 3.0 29 10 1 2 39% 345172 1505 57%
c w 250.29 85 25 86 77824  3 2585076 50526 3.0 29 10 1 2 39% 345172 1505 57%
c W 255.91 85 25 86 80675  3 2628151 89014 3.0 29 10 1 2 39% 345172 1505 57%
c - 258.57 101 24 87 81928  3 2646900 54949 3.0 29 10 1 2 39% 345172 1505 57%
c p 258.63 101 24 87 81928  3 2646900 55075 3.0 29 10 1 2 39% 345172 1505 57%
c u 259.08 101 24 87 81928  3 2646900 53690 3.0 29 10 1 2 39% 345172 1505 57%
c v 259.18 101 24 87 81928  3 2646900 53253 3.0 29 10 1 2 39% 345172 1505 57%
c F 265.78 101 24 87 85360  3 2701153 101683 3.0 29 10 1 2 39% 345172 1505 57%
c - 266.96 102 24 88 86011  3 2709456 56864 3.0 29 10 1 2 39% 345172 1505 57%
c 
c  seconds    reductions     conflicts         size   tier2       variables
c           MB      restarts        redundant     glue   trail         remaining
c            level        rate           size/glue  tier1  irredundant
c 
c p 267.00 102 24 88 86011  3 2709456 56930 3.0 29 10 1 2 39% 345172 1505 57%
c u 267.19 102 24 88 86011  3 2709456 56249 3.0 29 10 1 2 39% 345172 1505 57%
c v 267.26 102 24 88 86011  3 2709456 55757 3.0 29 10 1 2 39% 345172 1505 57%
c } 267.91 102 24 88 86531  3 2715620 61205 3.0 29 10 1 2 39% 345172 1505 57%
c [ 267.91 102 40 88 86531  2 2715620 61205 2.6 56 22 2 7 45% 345172 1505 57%
c - 274.09 102 33 89 86532  1 2772749 56185 2.5 46 19 2 7 44% 345172 1505 57%
c p 274.13 102 33 89 86532  1 2772749 56310 2.5 46 19 2 7 44% 345172 1505 57%
c u 274.33 102 33 89 86532  1 2772749 55451 2.5 46 19 2 7 44% 345172 1505 57%
c v 274.42 102 33 89 86532  1 2772749 54891 2.5 46 19 2 7 44% 345172 1505 57%
c w 274.42 102 33 89 86532  1 2772749 54888 2.5 46 19 2 7 44% 345172 1505 57%
c B 274.60 102 33 89 86532  1 2775155 57090 2.5 46 19 2 7 44% 345172 1505 57%
c - 283.86 112 66 90 86559  2 2836779 53333 2.7 102 38 2 7 56% 345172 1505 57%
c p 283.90 112 66 90 86559  2 2836779 53399 2.7 102 38 2 7 56% 345172 1505 57%
c u 284.06 112 66 90 86559  2 2836779 52547 2.7 102 38 2 7 56% 345172 1505 57%
c v 284.06 112 66 90 86559  2 2836779 52546 2.7 102 38 2 7 56% 345172 1505 57%
c w 284.06 112 66 90 86559  2 2836779 52546 2.7 102 38 2 7 56% 345172 1505 57%
c W 286.09 112 62 90 86562  2 2850156 63177 2.7 97 36 2 7 55% 345172 1505 57%
c s 287.81 112 64 90 86563  2 2861551 72612 2.7 101 37 2 7 57% 345172 1505 57%
c s 288.35 112 64 90 86563  2 2861551 72396 2.7 101 37 2 7 57% 345172 1505 57%
c ] 291.65 112 61 90 86577  2 2893379 98750 2.7 93 34 2 7 54% 345172 1505 57%
c 
c  seconds    reductions     conflicts         size   tier2       variables
c           MB      restarts        redundant     glue   trail         remaining
c            level        rate           size/glue  tier1  irredundant
c 
c { 291.65 112 24 90 86577  3 2893379 98750 3.0 29 10 1 2 39% 345172 1505 57%
c - 292.81 126 24 91 87155  3 2901539 53306 3.0 29 10 1 2 39% 345172 1505 57%
c p 292.84 126 24 91 87155  3 2901539 53430 3.0 29 10 1 2 39% 345172 1505 57%
c u 292.95 126 24 91 87155  3 2901539 51907 3.0 29 10 1 2 39% 345172 1505 57%
c v 292.95 126 24 91 87155  3 2901539 51907 3.0 29 10 1 2 39% 345172 1505 57%
c w 292.95 126 24 91 87155  3 2901539 51907 3.0 29 10 1 2 39% 345172 1505 57%
c B 295.53 126 24 91 88608  3 2926157 73553 3.0 29 10 1 2 39% 345172 1505 57%
c - 300.74 143 24 92 91375  3 2967035 57439 3.0 29 10 1 2 39% 345172 1505 57%
c p 300.79 143 24 92 91375  3 2967035 57506 3.0 29 10 1 2 39% 345172 1505 57%
c u 300.89 143 24 92 91375  3 2967035 57128 3.0 29 10 1 2 39% 345172 1505 57%
c v 301.05 143 24 92 91375  3 2967035 56888 3.0 29 10 1 2 39% 345172 1505 57%
c w 301.06 143 24 92 91375  3 2967035 56888 3.0 29 10 1 2 39% 345172 1505 57%
c W 305.30 143 24 92 93287  3 3003159 89075 3.0 29 10 1 2 39% 345172 1505 57%
c - 309.32 126 23 93 95174  3 3033266 60046 3.0 29 10 1 2 39% 345172 1505 57%
c p 309.37 126 23 93 95174  3 3033266 60171 3.0 29 10 1 2 39% 345172 1505 57%
c u 309.58 126 23 93 95174  3 3033266 60026 3.0 29 10 1 2 39% 345172 1505 57%
c v 309.64 126 23 93 95174  3 3033266 59636 3.0 29 10 1 2 39% 345172 1505 57%
c w 309.64 126 23 93 95174  3 3033266 59633 3.0 29 10 1 2 39% 345172 1505 57%
c } 312.35 126 23 93 96548  3 3058557 81895 3.0 29 10 1 2 40% 345172 1505 57%
c [ 312.35 126 61 93 96548  2 3058557 81895 2.7 93 34 2 7 54% 345172 1505 57%
c 
c  seconds    reductions     conflicts          size   tier2       variables
c           MB      restarts        redundant      glue   trail         remaining
c            level        rate            size/glue  tier1  irredundant
c 
c O 314.21 126 57 93 96557  2 3081160 101725 2.7 83 31 2 7 51% 345172 1505 57%
c - 315.91 109 51 94 96564  2 3100232 60864 2.7 76 28 2 7 48% 345172 1505 57%
c p 315.95 109 51 94 96564  2 3100232 60931 2.7 76 28 2 7 48% 345172 1505 57%
c u 316.07 109 51 94 96564  2 3100232 60884 2.7 76 28 2 7 48% 345172 1505 57%
c v 316.22 109 51 94 96564  2 3100232 60197 2.7 76 28 2 7 48% 345172 1505 57%
c w 316.22 109 51 94 96564  2 3100232 60197 2.7 76 28 2 7 48% 345172 1505 57%
c B 321.53 109 38 94 96573  2 3160164 111688 2.7 58 22 2 7 43% 345172 1505 57%
c - 322.30 109 38 95 96576  2 3167933 58774 2.7 57 21 2 7 43% 345172 1505 57%
c p 322.34 109 38 95 96576  2 3167933 58898 2.7 57 21 2 7 43% 345172 1505 57%
c u 322.44 109 38 95 96576  2 3167933 58845 2.7 57 21 2 7 43% 345172 1505 57%
c v 322.44 109 38 95 96576  2 3167933 58841 2.7 57 21 2 7 43% 345172 1505 57%
c w 322.44 109 38 95 96576  2 3167933 58841 2.7 57 21 2 7 43% 345172 1505 57%
c s 324.29 109 35 95 96583  1 3186276 74419 2.7 54 20 2 7 43% 345172 1505 57%
c s 324.84 109 35 95 96583  1 3186276 74119 2.7 54 20 2 7 43% 345172 1505 57%
c - 331.05 109 31 96 96599  1 3236371 57188 2.7 49 18 2 7 42% 345172 1505 57%
c p 331.09 109 31 96 96599  1 3236371 57254 2.7 49 18 2 7 42% 345172 1505 57%
c u 331.19 109 31 96 96599  1 3236371 57246 2.7 49 18 2 7 42% 345172 1505 57%
c v 331.19 109 31 96 96599  1 3236371 57243 2.7 49 18 2 7 42% 345172 1505 57%
c w 331.19 109 31 96 96599  1 3236371 57243 2.7 49 18 2 7 42% 345172 1505 57%
c W 332.63 109 31 96 96601  1 3240170 60339 2.7 48 18 2 7 42% 345172 1505 57%
c 
c  seconds    reductions     conflicts         size   tier2       variables
c           MB      restarts        redundant     glue   trail         remaining
c            level        rate           size/glue  tier1  irredundant
c 
c ] 334.37 109 36 96 96611  1 3259050 76520 2.4 49 20 2 7 41% 345172 1505 57%
c { 334.37 109 23 96 96611  3 3259050 76520 3.0 29 10 1 2 40% 345172 1505 57%
c - 341.60 109 23 97 99564  3 3305548 60524 3.0 29 10 1 2 39% 345172 1505 57%
c p 341.66 109 23 97 99564  3 3305548 60647 3.0 29 10 1 2 39% 345172 1505 57%
c u 341.91 109 23 97 99564  3 3305548 59819 3.0 29 10 1 2 39% 345172 1505 57%
c v 342.01 109 23 97 99564  3 3305548 59206 3.0 29 10 1 2 39% 345172 1505 57%
c w 342.01 109 23 97 99564  3 3305548 59206 3.0 29 10 1 2 39% 345172 1505 57%
c # 343.47 109 23 97 100393  3 3321173 72988 3.0 29 10 1 2 39% 345172 1505 57%
c - 350.58 109 23 98 103953  3 3375454 63641 3.0 29 10 1 2 39% 345172 1505 57%
c p 350.63 109 23 98 103953  3 3375454 63745 3.0 29 10 1 2 39% 345172 1505 57%
c u 350.85 109 23 98 103953  3 3375454 62740 3.0 29 10 1 2 39% 345172 1505 57%
c v 350.96 109 23 98 103953  3 3375454 62258 3.0 29 10 1 2 39% 345172 1505 57%
c w 350.96 109 23 98 103953  3 3375454 62258 3.0 29 10 1 2 39% 345172 1505 57%
c B 354.18 109 24 98 105927  3 3403174 87243 3.0 29 10 1 2 39% 345172 1505 57%
c } 357.01 109 23 98 107130  3 3426624 107806 3.0 29 10 1 2 40% 345172 1505 57%
c [ 357.01 109 36 98 107130  1 3426624 107806 2.4 49 20 2 7 41% 345172 1505 57%
c - 358.89 86 34 99 107138  1 3446097 65328 2.4 46 19 2 7 42% 345172 1505 57%
c p 358.95 86 34 99 107138  1 3446097 65414 2.4 46 19 2 7 42% 345172 1505 57%
c u 359.19 86 34 99 107138  1 3446097 64385 2.4 46 19 2 7 42% 345172 1505 57%
c v 359.28 86 34 99 107138  1 3446097 63807 2.4 46 19 2 7 42% 345172 1505 57%
c 
c  seconds   reductions      conflicts         size   tier2       variables
c          MB      restarts         redundant     glue   trail         remaining
c           level         rate           size/glue  tier1  irredundant
c 
c w 359.29 86 34 99 107138  1 3446097 63806 2.4 46 19 2 7 42% 345172 1505 57%
c I 362.98 86 32 99 107147  1 3486175 96554 2.3 42 18 2 7 43% 345172 1505 57%
c s 364.50 92 34 99 107148  1 3499936 108405 2.2 41 19 2 7 42% 345172 1505 57%
c s 365.04 92 34 99 107148  1 3499936 108245 2.2 41 19 2 7 42% 345172 1505 57%
c - 366.61 92 36 100 107148  1 3517476 63349 2.2 42 19 2 7 41% 345172 1505 57%
c p 366.65 92 36 100 107148  1 3517476 63447 2.2 42 19 2 7 41% 345172 1505 57%
c = 367.05 92 36 100 107148  1 3517476 63446 2.2 42 19 2 7 41% 345172 1504 57%
c u 367.23 92 36 100 107148  1 3517476 62682 2.2 42 19 2 7 41% 345172 1504 57%
c v 367.28 92 36 100 107148  1 3517476 62355 2.2 42 19 2 7 41% 345172 1504 57%
c w 367.28 92 36 100 107148  1 3517476 62354 2.2 42 19 2 7 41% 345172 1504 57%
c B 371.92 92 45 100 107149  1 3570178 109557 1.9 45 23 2 7 40% 345172 1504 57%
c - 374.05 85 47 101 107150  1 3589589 59759 1.9 46 24 2 7 40% 345172 1504 57%
c p 374.10 85 47 101 107150  1 3589589 59847 1.9 46 24 2 7 40% 345172 1504 57%
c u 374.30 85 47 101 107150  1 3589589 59160 1.9 46 24 2 7 40% 345172 1504 57%
c v 374.30 85 47 101 107150  1 3589589 59159 1.9 46 24 2 7 40% 345172 1504 57%
c w 374.30 85 47 101 107150  1 3589589 59159 1.9 46 24 2 7 40% 345172 1504 57%
c W 382.27 85 49 101 107150  1 3655179 117402 1.9 46 24 2 7 40% 345172 1504 57%
c ] 382.56 85 49 101 107150  1 3658085 120042 1.9 46 24 2 7 40% 345172 1504 57%
c { 382.56 85 23 101 107150  3 3658085 120042 3.0 29 10 1 2 40% 345172 1504 57%
c - 383.31 102 23 102 107337  3 3662438 58383 3.0 29 10 1 2 40% 345172 1504 57%
c 
c  seconds     reductions      conflicts         size   tier2       variables
c           MB       restarts         redundant     glue   trail         remaining
c            level          rate           size/glue  tier1  irredundant
c 
c p 383.35 102 23 102 107337  3 3662438 58482 3.0 29 10 1 2 40% 345172 1504 57%
c u 383.47 102 23 102 107337  3 3662438 57457 3.0 29 10 1 2 40% 345172 1504 57%
c v 383.47 102 23 102 107337  3 3662438 57453 3.0 29 10 1 2 40% 345172 1504 57%
c w 383.47 102 23 102 107337  3 3662438 57453 3.0 29 10 1 2 40% 345172 1504 57%
c - 391.81 102 23 103 111546  3 3736022 62685 3.0 29 10 1 2 39% 345172 1504 57%
c p 391.88 102 23 103 111546  3 3736022 62871 3.0 29 10 1 2 39% 345172 1504 57%
c u 392.05 102 23 103 111546  3 3736022 62308 3.0 29 10 1 2 39% 345172 1504 57%
c v 392.13 102 23 103 111546  3 3736022 62207 3.0 29 10 1 2 39% 345172 1504 57%
c x 392.21 102 23 103 111546  3 3736022 62207 3.0 29 10 1 2 39% 345172 1504 57%
c W 393.19 102 23 103 111901  3 3741180 66850 3.0 29 10 1 2 39% 345172 1504 57%
c - 401.71 102 23 104 116450  3 3810342 66194 3.0 29 10 1 2 39% 345172 1504 57%
c p 401.77 102 23 104 116450  3 3810342 66376 3.0 29 10 1 2 39% 345172 1504 57%
c u 402.01 102 23 104 116450  3 3810342 65147 3.0 29 10 1 2 39% 345172 1504 57%
c v 402.11 102 23 104 116450  3 3810342 64478 3.0 29 10 1 2 39% 345172 1504 57%
c F 404.10 102 23 104 117469  3 3828181 80343 3.0 29 10 1 2 39% 345172 1504 57%
c s 404.58 102 23 104 117510  3 3829278 81150 3.0 29 10 1 2 39% 345172 1504 57%
c s 405.10 102 23 104 117510  3 3829278 80999 3.0 29 10 1 2 39% 345172 1504 57%
c } 407.20 102 23 104 118777  3 3845947 95846 3.0 29 10 1 2 39% 345172 1504 57%
c [ 407.20 102 49 104 118777  1 3845947 95846 1.9 46 24 2 7 40% 345172 1504 57%
c - 409.80 120 49 105 118777  2 3885399 68231 2.2 51 23 2 7 40% 345172 1504 57%
c 
c  seconds     reductions      conflicts         size   tier2       variables
c           MB       restarts         redundant     glue   trail         remaining
c            level          rate           size/glue  tier1  irredundant
c 
c u 410.00 120 49 105 118777  2 3885399 67469 2.2 51 23 2 7 40% 345172 1504 57%
c v 410.06 120 49 105 118777  2 3885399 67005 2.2 51 23 2 7 40% 345172 1504 57%
c w 410.07 120 49 105 118777  2 3885399 66996 2.2 51 23 2 7 40% 345172 1504 57%
c O 413.82 120 62 105 118778  2 3916183 94140 2.9 86 30 2 7 49% 345172 1504 57%
c - 418.03 102 49 106 118778  2 3961194 67482 2.8 68 24 2 7 46% 345172 1504 57%
c p 418.08 102 49 106 118778  2 3961194 67666 2.8 68 24 2 7 46% 345172 1504 57%
c u 418.27 102 49 106 118778  2 3961194 66871 2.8 68 24 2 7 46% 345172 1504 57%
c v 418.36 102 49 106 118778  2 3961194 66428 2.8 68 24 2 7 46% 345172 1504 57%
c w 418.36 102 49 106 118778  2 3961194 66428 2.8 68 24 2 7 46% 345172 1504 57%
c B 422.44 102 44 106 118778  2 4005184 106864 2.7 60 22 2 7 48% 345172 1504 57%
c - 426.49 112 44 107 118778  1 4037720 65035 2.6 57 22 2 7 49% 345172 1504 57%
c p 426.54 112 44 107 118778  1 4037720 65055 2.6 57 22 2 7 49% 345172 1504 57%
c = 427.09 112 44 107 118778  1 4037720 65054 2.6 57 22 2 7 49% 345172 1503 57%
c u 427.27 112 44 107 118778  1 4037720 63912 2.6 57 22 2 7 49% 345172 1503 57%
c w 427.35 112 44 107 118778  1 4037720 63334 2.6 57 22 2 7 49% 345172 1503 57%
c ] 432.63 112 39 107 118778  1 4089908 106600 2.3 49 21 2 7 44% 345172 1503 57%
c { 432.63 112 23 107 118778  3 4089908 106600 3.0 29 10 1 2 39% 345172 1503 57%
c B 433.46 112 23 107 119251  3 4095185 111300 3.0 29 10 1 2 39% 345172 1503 57%
c - 436.23 112 24 108 120631  3 4114984 63404 3.0 29 10 1 2 39% 345172 1503 57%
c p 436.30 112 24 108 120631  3 4114984 63587 3.0 29 10 1 2 39% 345172 1503 57%
c 
c  seconds     reductions      conflicts         size   tier2       variables
c           MB       restarts         redundant     glue   trail         remaining
c            level          rate           size/glue  tier1  irredundant
c 
c u 436.61 112 24 108 120631  3 4114984 62586 3.0 29 10 1 2 39% 345172 1503 57%
c v 436.61 112 24 108 120631  3 4114984 62585 3.0 29 10 1 2 39% 345172 1503 57%
c w 436.61 112 24 108 120631  3 4114984 62585 3.0 29 10 1 2 39% 345172 1503 57%
c s 448.61 112 24 108 124281  3 4174344 114893 3.0 29 10 1 2 39% 345172 1503 57%
c s 450.87 112 24 108 124281  3 4174344 114810 3.0 29 10 1 2 39% 345172 1503 57%
c W 483.56 112 24 108 125228  3 4186186 125444 3.0 29 10 1 2 39% 345172 1503 57%
c - 492.35 112 24 109 125752  3 4192982 68633 3.0 29 10 1 2 39% 345172 1503 57%
c p 493.03 112 24 109 125752  3 4192982 68811 3.0 29 10 1 2 39% 345172 1503 57%
c u 494.87 112 24 109 125752  3 4192982 67509 3.0 29 10 1 2 39% 345172 1503 57%
c v 495.74 112 24 109 125752  3 4192982 67388 3.0 29 10 1 2 39% 345172 1503 57%
c w 495.77 112 24 109 125752  3 4192982 67388 3.0 29 10 1 2 39% 345172 1503 57%
c - 544.64 85 24 110 130726  3 4271717 71668 3.0 30 10 1 2 40% 345172 1503 57%
c p 544.73 85 24 110 130726  3 4271717 71852 3.0 30 10 1 2 40% 345172 1503 57%
c u 545.05 85 24 110 130726  3 4271717 70645 3.0 30 10 1 2 40% 345172 1503 57%
c v 545.19 85 24 110 130726  3 4271717 70073 3.0 30 10 1 2 40% 345172 1503 57%
c # 546.05 85 24 110 131095  3 4278187 75648 3.0 29 10 1 2 40% 345172 1503 57%
c } 550.29 85 24 110 131551  3 4284592 81261 3.0 29 10 1 2 40% 345172 1503 57%
c [ 550.29 85 39 110 131551  1 4284592 81261 2.3 49 21 2 7 44% 345172 1503 57%
c - 574.66 85 35 111 131551  1 4351191 70527 2.7 51 19 2 7 46% 345172 1503 57%
c p 575.04 85 35 111 131551  1 4351191 70706 2.7 51 19 2 7 46% 345172 1503 57%
c 
c  seconds    reductions      conflicts         size   tier2       variables
c          MB       restarts         redundant     glue   trail         remaining
c           level          rate           size/glue  tier1  irredundant
c 
c u 577.25 88 35 111 131551  1 4351191 70009 2.7 51 19 2 7 46% 345172 1503 57%
c v 577.70 88 35 111 131551  1 4351191 69499 2.7 51 19 2 7 46% 345172 1503 57%
c w 577.72 88 35 111 131551  1 4351191 69498 2.7 51 19 2 7 46% 345172 1503 57%
c W 588.05 88 32 111 131552  1 4371191 86505 2.7 49 18 2 7 47% 345172 1503 57%
c - 606.44 85 40 112 131581  1 4431398 67937 2.4 50 21 2 7 45% 345172 1503 57%
c p 606.72 85 40 112 131581  1 4431398 67946 2.4 50 21 2 7 45% 345172 1503 57%
c u 607.69 87 40 112 131581  1 4431398 67020 2.4 50 21 2 7 45% 345172 1503 57%
c v 607.71 87 40 112 131581  1 4431398 67012 2.4 50 21 2 7 45% 345172 1503 57%
c w 607.73 87 40 112 131581  1 4431398 67011 2.4 50 21 2 7 45% 345172 1503 57%
c I 615.26 87 42 112 131589  2 4465193 96264 2.3 49 21 2 7 44% 345172 1503 57%
c - 626.44 102 40 113 131611  2 4512340 64529 2.1 45 22 2 7 40% 345172 1503 57%
c p 626.65 102 40 113 131611  2 4512340 64713 2.1 45 22 2 7 40% 345172 1503 57%
c u 627.32 102 40 113 131611  2 4512340 63705 2.1 45 22 2 7 40% 345172 1503 57%
c v 627.34 102 40 113 131611  2 4512340 63698 2.1 45 22 2 7 40% 345172 1503 57%
c w 627.34 102 40 113 131611  2 4512340 63696 2.1 45 22 2 7 40% 345172 1503 57%
c s 632.69 108 41 113 131613  2 4535138 83553 2.1 45 22 2 7 38% 345172 1503 57%
c s 633.52 108 41 113 131613  2 4535138 83447 2.1 45 22 2 7 38% 345172 1503 57%
c ] 636.59 108 40 113 131614  2 4550840 96530 2.1 44 21 2 7 38% 345172 1503 57%
c { 636.59 108 24 113 131614  3 4550840 96530 3.0 29 10 1 2 40% 345172 1503 57%
c B 638.91 108 23 113 131936  3 4560200 104653 3.0 29 10 1 2 40% 345172 1503 57%
c 
c  seconds     reductions      conflicts         size   tier2       variables
c           MB       restarts         redundant     glue   trail         remaining
c            level          rate           size/glue  tier1  irredundant
c 
c - 650.37 108 24 114 134217  3 4594017 67805 3.0 29 10 1 2 40% 345172 1503 57%
c p 650.55 108 24 114 134217  3 4594017 67985 3.0 29 10 1 2 40% 345172 1503 57%
c u 651.05 108 24 114 134217  3 4594017 67279 3.0 29 10 1 2 40% 345172 1503 57%
c v 651.24 108 24 114 134217  3 4594017 67105 3.0 29 10 1 2 40% 345172 1503 57%
c w 651.25 108 24 114 134217  3 4594017 67105 3.0 29 10 1 2 40% 345172 1503 57%
c W 665.34 108 23 114 137793  3 4656201 122109 3.0 29 10 1 2 40% 345172 1503 57%
c - 669.98 108 24 115 139138  3 4676433 72946 3.0 30 10 1 2 40% 345172 1503 57%
c p 670.11 108 24 115 139138  3 4676433 73130 3.0 30 10 1 2 40% 345172 1503 57%
c u 670.60 108 24 115 139138  3 4676433 71551 3.0 30 10 1 2 40% 345172 1503 57%
c v 670.86 108 24 115 139138  3 4676433 71089 3.0 30 10 1 2 40% 345172 1503 57%
c F 686.56 108 23 115 143684  3 4753202 138867 3.0 29 10 1 2 40% 345172 1503 57%
c } 687.51 108 23 115 143964  3 4757593 142686 3.0 29 10 1 2 40% 345172 1503 57%
c [ 687.51 108 40 115 143964  2 4757593 142686 2.1 44 21 2 7 38% 345172 1503 57%
c - 687.91 85 40 116 143964  2 4759582 74786 2.1 44 21 2 7 38% 345172 1503 57%
c p 688.02 85 40 116 143964  2 4759582 74968 2.1 44 21 2 7 38% 345172 1503 57%
c u 689.28 87 40 116 143964  2 4759582 73623 2.1 44 21 2 7 38% 345172 1503 57%
c v 689.50 87 40 116 143964  2 4759582 72973 2.1 44 21 2 7 38% 345172 1503 57%
c w 689.50 87 40 116 143964  2 4759582 72973 2.1 44 21 2 7 38% 345172 1503 57%
c - 701.24 87 30 117 143994  1 4843469 72096 2.2 39 18 2 7 38% 345172 1503 57%
c p 701.34 87 30 117 143994  1 4843469 72277 2.2 39 18 2 7 38% 345172 1503 57%
c 
c  seconds    reductions      conflicts         size   tier2       variables
c          MB       restarts         redundant     glue   trail         remaining
c           level          rate           size/glue  tier1  irredundant
c 
c u 701.75 87 30 117 143994  1 4843469 71182 2.2 39 18 2 7 38% 345172 1503 57%
c v 701.95 87 30 117 143994  1 4843469 70479 2.2 39 18 2 7 38% 345172 1503 57%
c w 701.97 87 30 117 143994  1 4843469 70473 2.2 39 18 2 7 38% 345172 1503 57%
c B 702.71 87 30 117 143995  1 4851207 77405 2.3 39 17 2 7 38% 345172 1503 57%
c s 710.04 101 29 117 144020  1 4911618 128893 2.4 42 17 2 7 39% 345172 1503 57%
c s 710.66 101 29 117 144020  1 4911618 128703 2.4 42 17 2 7 39% 345172 1503 57%
c - 713.22 85 29 118 144025  1 4928091 67730 2.3 40 17 2 7 38% 345172 1503 57%
c p 713.31 85 29 118 144025  1 4928091 67912 2.3 40 17 2 7 38% 345172 1503 57%
c u 713.68 87 29 118 144025  1 4928091 67012 2.3 40 17 2 7 38% 345172 1503 57%
c v 713.69 87 29 118 144025  1 4928091 67009 2.3 40 17 2 7 38% 345172 1503 57%
c w 713.69 87 29 118 144025  1 4928091 67009 2.3 40 17 2 7 38% 345172 1503 57%
c W 717.56 87 29 118 144027  1 4950208 86378 2.3 39 17 2 7 39% 345172 1503 57%
c - 724.70 102 31 119 144028  1 5013448 68359 2.4 41 17 2 7 39% 345172 1503 57%
c p 724.78 102 31 119 144028  1 5013448 68540 2.4 41 17 2 7 39% 345172 1503 57%
c u 725.06 102 31 119 144028  1 5013448 67247 2.4 41 17 2 7 39% 345172 1503 57%
c v 725.08 102 31 119 144028  1 5013448 67194 2.4 41 17 2 7 39% 345172 1503 57%
c w 725.08 102 31 119 144028  1 5013448 67193 2.4 41 17 2 7 39% 345172 1503 57%
c ] 725.69 102 31 119 144028  1 5020794 73627 2.4 41 17 2 7 39% 345172 1503 57%
c { 725.69 102 23 119 144028  3 5020794 73627 3.0 29 10 1 2 40% 345172 1503 57%
c B 729.85 102 23 119 146035  3 5050209 99612 3.0 29 10 1 2 40% 345172 1503 57%
c 
c  seconds     reductions      conflicts         size   tier2       variables
c           MB       restarts         redundant     glue   trail         remaining
c            level          rate           size/glue  tier1  irredundant
c 
c - 737.38 120 22 120 148788  3 5099542 72489 3.0 29 10 1 2 40% 345172 1503 57%
c p 737.47 120 22 120 148788  3 5099542 72668 3.0 29 10 1 2 40% 345172 1503 57%
c u 737.87 120 22 120 148788  3 5099542 71360 3.0 29 10 1 2 40% 345172 1503 57%
c v 738.09 120 22 120 148788  3 5099542 70856 3.0 29 10 1 2 40% 345172 1503 57%
c w 738.10 120 22 120 148788  3 5099542 70856 3.0 29 10 1 2 40% 345172 1503 57%
c W 747.21 120 23 120 152446  3 5151211 116812 3.0 29 10 1 2 40% 345172 1503 57%
c - 754.92 120 23 121 155254  3 5186371 77133 3.0 29 10 1 2 39% 345172 1503 57%
c p 755.01 120 23 121 155254  3 5186371 77312 3.0 29 10 1 2 39% 345172 1503 57%
c u 755.42 120 23 121 155254  3 5186371 75229 3.0 29 10 1 2 39% 345172 1503 57%
c v 755.70 120 23 121 155254  3 5186371 74399 3.0 29 10 1 2 39% 345172 1503 57%
c w 755.72 120 23 121 155254  3 5186371 74398 3.0 29 10 1 2 39% 345172 1503 57%
c } 763.84 120 24 121 158764  3 5237875 120203 3.0 29 10 1 2 39% 345172 1503 57%
c [ 763.84 120 31 121 158764  1 5237875 120203 2.4 41 17 2 7 39% 345172 1503 57%
c O 765.47 120 30 121 158764  1 5253212 133708 2.4 40 17 2 7 39% 345172 1503 57%
c - 767.75 120 29 122 158771  1 5273938 77401 2.4 39 16 2 7 39% 345172 1503 57%
c p 767.83 120 29 122 158771  1 5273938 77581 2.4 39 16 2 7 39% 345172 1503 57%
c u 768.97 120 29 122 158771  1 5273938 76454 2.4 39 16 2 7 39% 345172 1503 57%
c v 769.15 120 29 122 158771  1 5273938 75871 2.4 39 16 2 7 39% 345172 1503 57%
c w 769.16 120 29 122 158771  1 5273938 75871 2.4 39 16 2 7 39% 345172 1503 57%
c s 773.38 120 28 122 158785  1 5303785 100906 2.4 38 16 2 7 40% 345172 1503 57%
c 
c  seconds     reductions      conflicts          size   tier2       variables
c           MB       restarts         redundant      glue   trail         remaining
c            level          rate            size/glue  tier1  irredundant
c 
c s 773.99 120 28 122 158785  1 5303785 100669 2.4 38 16 2 7 40% 345172 1503 57%
c B 780.45 120 29 122 158802  1 5356214 144761 3.1 53 17 2 7 44% 345172 1503 57%
c - 781.35 120 33 123 158805  2 5362241 75464 3.1 57 19 2 7 46% 345172 1503 57%
c p 781.44 120 33 123 158805  2 5362241 75641 3.1 57 19 2 7 46% 345172 1503 57%
c u 781.81 120 33 123 158805  2 5362241 74305 3.1 57 19 2 7 46% 345172 1503 57%
c v 781.96 120 33 123 158805  2 5362241 73627 3.1 57 19 2 7 46% 345172 1503 57%
c w 781.98 120 33 123 158805  2 5362241 73609 3.1 57 19 2 7 46% 345172 1503 57%
c - 794.47 128 48 124 158827  2 5451279 71691 3.5 97 27 2 7 54% 345172 1503 57%
c p 794.56 128 48 124 158827  2 5451279 71866 3.5 97 27 2 7 54% 345172 1503 57%
c u 794.87 128 48 124 158827  2 5451279 70280 3.5 97 27 2 7 54% 345172 1503 57%
c v 794.90 128 48 124 158827  2 5451279 70262 3.5 97 27 2 7 54% 345172 1503 57%
c w 794.91 128 48 124 158827  2 5451279 70259 3.5 97 27 2 7 54% 345172 1503 57%
c W 797.56 128 53 124 158827  2 5460215 78145 3.5 100 29 2 7 55% 345172 1503 57%
c ] 807.21 128 50 124 158857  2 5526436 133083 3.4 96 28 2 7 55% 345172 1503 57%
c { 807.21 128 24 124 158857  3 5526436 133083 3.0 29 10 1 2 39% 345172 1503 57%
c - 811.73 128 24 125 159941  3 5541053 71138 3.0 30 10 1 2 40% 345172 1503 57%
c p 811.84 128 24 125 159941  3 5541053 71321 3.0 30 10 1 2 40% 345172 1503 57%
c u 812.02 128 24 125 159941  3 5541053 70909 3.0 30 10 1 2 40% 345172 1503 57%
c # 815.46 128 23 125 161221  3 5565216 91699 3.0 30 10 1 2 40% 345172 1503 57%
c - 826.05 128 23 126 165144  3 5631565 77264 3.0 30 10 1 2 40% 345172 1503 57%
c 
c  seconds     reductions      conflicts         size   tier2       variables
c           MB       restarts         redundant     glue   trail         remaining
c            level          rate           size/glue  tier1  irredundant
c 
c p 826.14 128 23 126 165144  3 5631565 77445 3.0 30 10 1 2 40% 345172 1503 57%
c u 826.27 128 23 126 165144  3 5631565 77349 3.0 30 10 1 2 40% 345172 1503 57%
c v 826.48 128 23 126 165144  3 5631565 77027 3.0 30 10 1 2 40% 345172 1503 57%
c w 826.48 128 23 126 165144  3 5631565 77027 3.0 30 10 1 2 40% 345172 1503 57%
c B 832.26 128 23 126 167273  3 5671221 111895 3.0 30 10 1 2 40% 345172 1503 57%
c - 841.73 128 23 127 170714  3 5722814 82058 3.0 29 10 1 2 40% 345172 1503 57%
c p 841.82 128 23 127 170714  3 5722814 82239 3.0 29 10 1 2 40% 345172 1503 57%
c u 842.17 128 23 127 170714  3 5722814 81811 3.0 29 10 1 2 40% 345172 1503 57%
c v 842.44 128 23 127 170714  3 5722814 80813 3.0 29 10 1 2 40% 345172 1503 57%
c } 848.48 128 23 127 173166  3 5761604 115225 3.0 30 10 1 2 40% 345172 1503 57%
c [ 848.48 128 50 127 173166  2 5761604 115225 3.4 96 28 2 7 55% 345172 1503 57%
c I 850.91 128 46 127 173167  2 5778226 129272 3.4 88 26 2 7 53% 345172 1503 57%
c - 855.56 128 47 128 173182  2 5814797 82752 3.0 75 25 2 7 47% 345172 1503 57%
c p 855.66 128 47 128 173182  2 5814797 82932 3.0 75 25 2 7 47% 345172 1503 57%
c u 856.13 128 47 128 173182  2 5814797 81982 3.0 75 25 2 7 47% 345172 1503 57%
c v 856.31 128 47 128 173182  2 5814797 81275 3.0 75 25 2 7 47% 345172 1503 57%
c w 856.32 128 47 128 173182  2 5814797 81275 3.0 75 25 2 7 47% 345172 1503 57%
c B 867.48 128 64 128 173199  2 5886227 141768 2.8 100 35 2 7 54% 345172 1503 57%
c - 870.14 146 62 129 173200  2 5907516 80087 2.7 90 33 2 7 50% 345172 1503 57%
c p 870.23 102 62 129 173200  2 5907516 80267 2.7 90 33 2 7 50% 345172 1503 57%
c 
c  seconds     reductions      conflicts         size   tier2       variables
c           MB       restarts         redundant     glue   trail         remaining
c            level          rate           size/glue  tier1  irredundant
c 
c u 871.15 102 62 129 173200  2 5907516 79279 2.7 90 33 2 7 50% 345172 1503 57%
c v 871.34 102 62 129 173200  2 5907516 78598 2.7 90 33 2 7 50% 345172 1503 57%
c w 871.34 102 62 129 173200  2 5907516 78598 2.7 90 33 2 7 50% 345172 1503 57%
c W 883.35 102 50 129 173201  2 5995228 156442 2.5 66 26 2 7 43% 345172 1503 57%
c - 884.43 102 49 130 173201  2 6000971 76059 2.5 65 26 2 7 42% 345172 1503 57%
c p 884.51 102 49 130 173201  2 6000971 76239 2.5 65 26 2 7 42% 345172 1503 57%
c u 884.87 102 49 130 173201  2 6000971 75297 2.5 65 26 2 7 42% 345172 1503 57%
c v 884.87 102 49 130 173201  2 6000971 75296 2.5 65 26 2 7 42% 345172 1503 57%
c w 884.87 102 49 130 173201  2 6000971 75295 2.5 65 26 2 7 42% 345172 1503 57%
c ] 893.92 102 44 130 173201  2 6086705 147301 2.1 51 24 2 7 37% 345172 1503 57%
c { 893.92 102 23 130 173201  3 6086705 147301 3.0 30 10 1 2 40% 345172 1503 57%
c - 896.22 99 23 131 173811  3 6095164 72828 3.0 30 10 1 2 40% 345172 1503 57%
c p 896.30 99 23 131 173811  3 6095164 73007 3.0 30 10 1 2 40% 345172 1503 57%
c u 896.67 99 23 131 173811  3 6095164 71639 3.0 30 10 1 2 40% 345172 1503 57%
c v 896.67 99 23 131 173811  3 6095164 71637 3.0 30 10 1 2 40% 345172 1503 57%
c w 896.67 99 23 131 173811  3 6095164 71637 3.0 30 10 1 2 40% 345172 1503 57%
c W 898.62 99 23 131 174584  3 6105231 80717 3.0 30 10 1 2 40% 345172 1503 57%
c - 912.44 117 23 132 180120  3 6190091 78987 3.0 29 10 1 2 40% 345172 1503 57%
c p 912.53 117 23 132 180120  3 6190091 79167 3.0 29 10 1 2 40% 345172 1503 57%
c u 912.93 117 23 132 180120  3 6190091 77551 3.0 29 10 1 2 40% 345172 1503 57%
c 
c  seconds     reductions      conflicts         size   tier2       variables
c           MB       restarts         redundant     glue   trail         remaining
c            level          rate           size/glue  tier1  irredundant
c 
c v 913.14 117 23 132 180120  3 6190091 77399 3.0 29 10 1 2 40% 345172 1503 57%
c F 916.85 117 23 132 181814  3 6216234 100534 3.0 29 10 1 2 40% 345172 1503 57%
c - 929.15 86 23 133 186190  3 6285755 83572 2.9 29 10 1 2 39% 345172 1503 57%
c p 929.24 86 23 133 186190  3 6285755 83753 2.9 29 10 1 2 39% 345172 1503 57%
c u 929.80 88 23 133 186190  3 6285755 82322 2.9 29 10 1 2 39% 345172 1503 57%
c v 930.06 88 23 133 186190  3 6285755 81703 2.9 29 10 1 2 39% 345172 1503 57%
c B 936.85 88 23 133 188869  3 6328236 118993 3.0 29 10 1 2 40% 345172 1503 57%
c } 937.42 88 23 133 189174  3 6330916 121388 3.0 30 10 1 2 40% 345172 1503 57%
c [ 937.42 88 44 133 189174  2 6330916 121388 2.1 51 24 2 7 37% 345172 1503 57%
c - 944.87 89 35 134 189192  1 6382155 84354 2.2 44 20 2 7 40% 345172 1503 57%
c p 944.95 89 35 134 189192  1 6382155 84527 2.2 44 20 2 7 40% 345172 1503 57%
c u 945.39 89 35 134 189192  1 6382155 83095 2.2 44 20 2 7 40% 345172 1503 57%
c v 945.59 89 35 134 189192  1 6382155 82262 2.2 44 20 2 7 40% 345172 1503 57%
c w 945.59 89 35 134 189192  1 6382155 82262 2.2 44 20 2 7 40% 345172 1503 57%
c O 954.85 98 51 134 189212  2 6441238 133032 3.2 88 28 2 6 51% 345172 1503 57%
c - 959.06 109 44 135 189230  2 6479298 81654 3.0 72 24 2 6 47% 345172 1503 57%
c p 959.16 109 44 135 189230  2 6479298 81830 3.0 72 24 2 6 47% 345172 1503 57%
c u 959.54 109 44 135 189230  2 6479298 80811 3.0 72 24 2 6 47% 345172 1503 57%
c v 959.72 109 44 135 189230  2 6479298 80051 3.0 72 24 2 6 47% 345172 1503 57%
c w 959.72 109 44 135 189230  2 6479298 80050 3.0 72 24 2 6 47% 345172 1503 57%
c 
c  seconds     reductions      conflicts          size   tier2       variables
c           MB       restarts         redundant      glue   trail         remaining
c            level          rate            size/glue  tier1  irredundant
c 
c B 968.90 109 33 135 189243  1 6555240 142309 2.7 52 19 2 6 42% 345172 1503 57%
c - 971.97 124 41 136 189252  2 6577172 77438 2.7 63 23 2 6 45% 345172 1503 57%
c p 972.05 124 41 136 189252  2 6577172 77609 2.7 63 23 2 6 45% 345172 1503 57%
c u 972.45 124 41 136 189252  2 6577172 76140 2.7 63 23 2 6 45% 345172 1503 57%
c v 972.46 124 41 136 189252  2 6577172 76131 2.7 63 23 2 6 45% 345172 1503 57%
c w 972.47 124 41 136 189252  2 6577172 76131 2.7 63 23 2 6 45% 345172 1503 57%
c ] 979.00 124 41 136 189271  2 6634153 123780 3.0 70 23 2 6 47% 345172 1503 57%
c { 979.00 124 23 136 189271  3 6634153 123780 3.0 30 10 1 2 40% 345172 1503 57%
c s 980.18 125 23 136 189634  3 6637483 126454 3.0 30 10 1 2 40% 345172 1503 57%
c s 980.80 125 23 136 189634  3 6637483 126012 3.0 30 10 1 2 40% 345172 1503 57%
c W 989.53 125 23 136 191491  3 6670241 154519 3.0 30 10 1 2 40% 345172 1503 57%
c - 990.73 125 23 137 191874  3 6675781 80669 3.0 30 10 1 2 40% 345172 1503 57%
c p 990.81 125 23 137 191874  3 6675781 80850 3.0 30 10 1 2 40% 345172 1503 57%
c u 991.35 125 23 137 191874  3 6675781 79431 3.0 30 10 1 2 40% 345172 1503 57%
c v 991.54 125 23 137 191874  3 6675781 79269 3.0 30 10 1 2 40% 345172 1503 57%
c w 991.54 125 23 137 191874  3 6675781 79269 3.0 30 10 1 2 40% 345172 1503 57%
c - 1007.05 125 23 138 197723  3 6775128 86013 3.0 29 10 1 2 40% 345172 1503 57%
c p 1007.11 125 23 138 197723  3 6775128 86194 3.0 29 10 1 2 40% 345172 1503 57%
c u 1007.54 125 23 138 197723  3 6775128 84896 3.0 29 10 1 2 40% 345172 1503 57%
c v 1007.71 125 23 138 197723  3 6775128 84263 3.0 29 10 1 2 40% 345172 1503 57%
c 
c   seconds     reductions      conflicts         size   tier2       variables
c            MB       restarts         redundant     glue   trail         remaining
c             level          rate           size/glue  tier1  irredundant
c 
c w 1007.71 125 23 138 197723  3 6775128 84263 3.0 29 10 1 2 40% 345172 1503 57%
c # 1009.23 125 23 138 198520  3 6786244 94165 3.0 29 10 1 2 40% 345172 1503 57%
c - 1022.47 125 22 139 203996  3 6875216 88817 3.0 29 10 1 2 40% 345172 1503 57%
c p 1022.54 125 22 139 203996  3 6875216 88991 3.0 29 10 1 2 40% 345172 1503 57%
c u 1022.83 125 22 139 203996  3 6875216 87822 3.0 29 10 1 2 40% 345172 1503 57%
c v 1022.95 125 22 139 203996  3 6875216 87263 3.0 29 10 1 2 40% 345172 1503 57%
c w 1022.95 125 22 139 203996  3 6875216 87263 3.0 29 10 1 2 40% 345172 1503 57%
c } 1024.74 125 23 139 204747  3 6888490 99251 3.0 29 10 1 2 40% 345172 1503 57%
c [ 1024.74 125 41 139 204747  2 6888490 99251 3.0 70 23 2 6 47% 345172 1503 57%
c W 1027.71 125 38 139 204755  2 6903245 112275 3.0 66 22 2 6 47% 345172 1503 57%
c - 1035.99 125 44 140 204776  1 6976035 87629 2.5 59 24 2 6 43% 345172 1503 57%
c p 1036.05 125 44 140 204776  1 6976035 87801 2.5 59 24 2 6 43% 345172 1503 57%
c u 1036.38 125 44 140 204776  1 6976035 86642 2.5 59 24 2 6 43% 345172 1503 57%
c v 1036.53 125 44 140 204776  1 6976035 85860 2.5 59 24 2 6 43% 345172 1503 57%
c w 1036.54 125 44 140 204776  1 6976035 85859 2.5 59 24 2 6 43% 345172 1503 57%
c I 1040.59 125 46 140 204777  2 7021248 126379 2.4 56 23 2 6 42% 345172 1503 57%
c s 1047.10 125 45 140 204777  2 7061024 157908 2.2 51 24 2 6 39% 345172 1503 57%
c s 1047.69 125 45 140 204777  2 7061024 157767 2.2 51 24 2 6 39% 345172 1503 57%
c - 1050.54 125 45 141 204783  2 7077591 82564 2.1 50 24 2 6 39% 345172 1503 57%
c p 1050.60 125 45 141 204783  2 7077591 82739 2.1 50 24 2 6 39% 345172 1503 57%
c 
c   seconds     reductions      conflicts         size   tier2       variables
c            MB       restarts         redundant     glue   trail         remaining
c             level          rate           size/glue  tier1  irredundant
c 
c u 1050.94 125 45 141 204783  2 7077591 81382 2.1 50 24 2 6 39% 345172 1503 57%
c v 1050.94 125 45 141 204783  2 7077591 81382 2.1 50 24 2 6 39% 345172 1503 57%
c w 1050.95 125 45 141 204783  2 7077591 81382 2.1 50 24 2 6 39% 345172 1503 57%
c B 1057.23 125 40 141 204808  2 7140249 133139 2.0 45 22 2 6 37% 345172 1503 57%
c - 1062.78 125 45 142 204823  2 7179887 81483 2.6 64 24 2 6 43% 345172 1503 57%
c p 1062.85 125 45 142 204823  2 7179887 81656 2.6 64 24 2 6 43% 345172 1503 57%
c u 1063.18 125 45 142 204823  2 7179887 80457 2.6 64 24 2 6 43% 345172 1503 57%
c v 1063.19 125 45 142 204823  2 7179887 80435 2.6 64 24 2 6 43% 345172 1503 57%
c w 1063.21 125 45 142 204823  2 7179887 80431 2.6 64 24 2 6 43% 345172 1503 57%
c ] 1067.46 125 42 142 204839  2 7221600 114568 2.8 64 23 2 6 44% 345172 1503 57%
c { 1067.46 125 23 142 204839  3 7221600 114568 3.0 29 10 1 2 40% 345172 1503 57%
c B 1073.36 125 23 142 207000  3 7260251 148896 3.0 30 10 1 2 40% 345172 1503 57%
c - 1077.03 98 23 143 208174  3 7282921 85219 3.0 29 10 1 2 40% 345172 1503 57%
c p 1077.09 98 23 143 208174  3 7282921 85395 3.0 29 10 1 2 40% 345172 1503 57%
c u 1077.37 98 23 143 208174  3 7282921 83823 3.0 29 10 1 2 40% 345172 1503 57%
c v 1077.51 98 23 143 208174  3 7282921 83410 3.0 29 10 1 2 40% 345172 1503 57%
c w 1077.51 98 23 143 208174  3 7282921 83410 3.0 29 10 1 2 40% 345172 1503 57%
c W 1094.46 98 23 143 215067  3 7381254 170334 3.0 29 10 1 2 40% 345172 1503 57%
c - 1095.62 99 23 144 215465  3 7386688 90553 3.0 30 10 1 2 40% 345172 1503 57%
c p 1095.69 99 23 144 215465  3 7386688 90728 3.0 30 10 1 2 40% 345172 1503 57%
c 
c   seconds    reductions      conflicts         size   tier2       variables
c           MB       restarts         redundant     glue   trail         remaining
c            level          rate           size/glue  tier1  irredundant
c 
c u 1096.15 99 23 144 215465  3 7386688 89348 3.0 30 10 1 2 40% 345172 1503 57%
c v 1096.39 99 23 144 215465  3 7386688 88459 3.0 30 10 1 2 40% 345172 1503 57%
c w 1096.39 99 23 144 215465  3 7386688 88459 3.0 30 10 1 2 40% 345172 1503 57%
c } 1111.91 99 23 144 221680  3 7488754 178119 3.0 30 10 1 2 40% 345172 1503 57%
c [ 1111.91 99 42 144 221680  2 7488754 178119 2.8 64 23 2 6 44% 345172 1503 57%
c - 1112.33 99 41 145 221680  2 7491192 93480 2.8 63 23 2 6 43% 345172 1503 57%
c p 1112.40 99 41 145 221680  2 7491192 93655 2.8 63 23 2 6 43% 345172 1503 57%
c u 1112.83 99 41 145 221680  2 7491192 92192 2.8 63 23 2 6 43% 345172 1503 57%
c v 1113.01 99 41 145 221680  2 7491192 91596 2.8 63 23 2 6 43% 345172 1503 57%
c w 1113.02 99 41 145 221680  2 7491192 91596 2.8 63 23 2 6 43% 345172 1503 57%
c W 1114.94 99 42 145 221680  2 7503257 102453 3.0 69 23 2 6 45% 345172 1503 57%
c - 1131.40 128 55 146 221710  2 7596433 91338 3.2 102 32 2 6 53% 345172 1503 57%
c p 1131.45 128 55 146 221710  2 7596433 91515 3.2 102 32 2 6 53% 345172 1503 57%
c = 1132.13 128 55 146 221710  2 7596433 91510 3.2 102 32 2 6 53% 345172 1478 56%
c u 1132.41 128 55 146 221710  2 7596433 90124 3.2 102 32 2 6 53% 345172 1478 56%
c v 1132.55 128 55 146 221710  2 7596433 89250 3.2 102 32 2 6 53% 345172 1478 56%
c w 1132.55 128 55 146 221710  2 7596433 89250 3.2 102 32 2 6 53% 345172 1478 56%
c s 1133.17 128 55 146 221710  2 7596433 88795 3.2 102 32 2 6 53% 345172 1478 56%
c s 1133.68 128 55 146 221710  2 7596433 88652 3.2 102 32 2 6 53% 345172 1478 56%
c O 1136.56 128 52 146 221715  2 7626258 113154 3.1 93 30 2 6 50% 345172 1478 56%
c 
c   seconds     reductions      conflicts         size   tier2       variables
c            MB       restarts         redundant     glue   trail         remaining
c             level          rate           size/glue  tier1  irredundant
c 
c - 1145.27 119 37 147 221743  2 7702410 87263 3.0 65 22 2 6 43% 345172 1478 56%
c p 1145.33 119 37 147 221743  2 7702410 87428 3.0 65 22 2 6 43% 345172 1478 56%
c u 1145.62 119 37 147 221743  2 7702410 86139 3.0 65 22 2 6 43% 345172 1478 56%
c v 1145.70 119 37 147 221743  2 7702410 85740 3.0 65 22 2 6 43% 345172 1478 56%
c w 1145.70 119 37 147 221743  2 7702410 85740 3.0 65 22 2 6 43% 345172 1478 56%
c B 1149.78 119 39 147 221745  2 7750261 127657 2.6 57 22 2 6 41% 345172 1478 56%
c - 1156.98 139 48 148 221746  1 7809123 87567 2.4 57 24 2 6 45% 345172 1478 56%
c p 1157.04 139 48 148 221746  1 7809123 87732 2.4 57 24 2 6 45% 345172 1478 56%
c u 1157.35 139 48 148 221746  1 7809123 86571 2.4 57 24 2 6 45% 345172 1478 56%
c v 1157.39 139 48 148 221746  1 7809123 86266 2.4 57 24 2 6 45% 345172 1478 56%
c w 1157.40 139 48 148 221746  1 7809123 86266 2.4 57 24 2 6 45% 345172 1478 56%
c ] 1159.44 139 48 148 221746  1 7829481 105004 2.4 55 23 2 6 46% 345172 1478 56%
c { 1159.44 139 23 148 221746  3 7829481 105004 3.0 30 10 1 2 40% 345172 1478 56%
c F 1166.80 139 23 148 224756  3 7875263 145565 3.0 30 10 1 2 40% 345172 1478 56%
c - 1174.08 139 23 149 227449  3 7916573 92185 2.9 29 10 1 2 40% 345172 1478 56%
c p 1174.15 139 23 149 227449  3 7916573 92352 2.9 29 10 1 2 40% 345172 1478 56%
c u 1174.49 139 23 149 227449  3 7916573 90239 2.9 29 10 1 2 40% 345172 1478 56%
c v 1174.67 139 23 149 227449  3 7916573 89648 2.9 29 10 1 2 40% 345172 1478 56%
c w 1174.67 139 23 149 227449  3 7916573 89648 2.9 29 10 1 2 40% 345172 1478 56%
c B 1186.31 139 23 149 232683  3 8001267 163989 3.0 29 10 1 2 40% 345172 1478 56%
c 
c   seconds     reductions      conflicts         size   tier2       variables
c            MB       restarts         redundant     glue   trail         remaining
c             level          rate           size/glue  tier1  irredundant
c 
c - 1190.23 139 23 150 233868  3 8024761 96271 3.0 29 10 1 2 40% 345172 1478 56%
c p 1190.29 139 23 150 233868  3 8024761 96440 3.0 29 10 1 2 40% 345172 1478 56%
c u 1190.68 139 23 150 233868  3 8024761 94978 3.0 29 10 1 2 40% 345172 1478 56%
c v 1190.86 139 23 150 233868  3 8024761 94079 3.0 29 10 1 2 40% 345172 1478 56%
c w 1190.86 139 23 150 233868  3 8024761 94079 3.0 29 10 1 2 40% 345172 1478 56%
c } 1202.72 139 22 150 239268  3 8108504 166829 2.9 29 10 1 2 40% 345172 1478 56%
c [ 1202.72 139 48 150 239268  1 8108504 166829 2.4 55 23 2 6 46% 345172 1478 56%
c W 1208.13 139 45 150 239268  1 8128269 184481 2.4 51 21 2 6 46% 345172 1478 56%
c - 1208.78 102 48 151 239268  1 8133684 98100 2.5 56 22 2 6 47% 345172 1478 56%
c p 1208.85 102 48 151 239268  1 8133684 98264 2.5 56 22 2 6 47% 345172 1478 56%
c u 1210.10 102 48 151 239268  1 8133684 96684 2.5 56 22 2 6 47% 345172 1478 56%
c v 1210.29 102 48 151 239268  1 8133684 95719 2.5 56 22 2 6 47% 345172 1478 56%
c w 1210.32 102 48 151 239268  1 8133684 95703 2.5 56 22 2 6 47% 345172 1478 56%
c - 1225.63 132 58 152 239269  2 8243345 94441 3.5 116 33 2 6 60% 345172 1478 56%
c p 1225.70 132 58 152 239269  2 8243345 94608 3.5 116 33 2 6 60% 345172 1478 56%
c u 1226.03 132 58 152 239269  2 8243345 93622 3.5 116 33 2 6 60% 345172 1478 56%
c v 1226.16 132 58 152 239269  2 8243345 92889 3.5 116 33 2 6 60% 345172 1478 56%
c w 1226.18 132 58 152 239269  2 8243345 92882 3.5 116 33 2 6 60% 345172 1478 56%
c I 1227.53 132 61 152 239269  2 8256272 103955 3.5 118 34 2 6 61% 345172 1478 56%
c - 1239.68 125 50 153 239269  2 8353745 83759 2.7 79 29 2 6 45% 345172 1478 56%
c 
c   seconds     reductions      conflicts         size   tier2       variables
c            MB       restarts         redundant     glue   trail         remaining
c             level          rate           size/glue  tier1  irredundant
c 
c p 1239.75 125 50 153 239269  2 8353745 83928 2.7 79 29 2 6 45% 345172 1478 56%
c u 1240.03 125 50 153 239269  2 8353745 83146 2.7 79 29 2 6 45% 345172 1478 56%
c v 1240.04 125 50 153 239269  2 8353745 83143 2.7 79 29 2 6 45% 345172 1478 56%
c w 1240.04 125 50 153 239269  2 8353745 83143 2.7 79 29 2 6 45% 345172 1478 56%
c B 1243.17 125 50 153 239269  2 8385274 109814 2.6 73 28 2 6 43% 345172 1478 56%
c - 1253.81 144 42 154 239269  2 8464878 81394 2.3 59 25 2 6 38% 345172 1478 56%
c p 1253.86 144 42 154 239269  2 8464878 81563 2.3 59 25 2 6 38% 345172 1478 56%
c u 1254.16 144 42 154 239269  2 8464878 79888 2.3 59 25 2 6 38% 345172 1478 56%
c v 1254.16 144 42 154 239269  2 8464878 79882 2.3 59 25 2 6 38% 345172 1478 56%
c w 1254.17 144 42 154 239269  2 8464878 79881 2.3 59 25 2 6 38% 345172 1478 56%
c ] 1256.93 144 42 154 239270  2 8494769 104760 2.3 56 24 2 6 37% 345172 1478 56%
c { 1256.93 144 22 154 239270  3 8494769 104760 2.9 29 10 1 2 40% 345172 1478 56%
c W 1261.62 144 22 154 240555  3 8515278 122873 2.9 29 10 1 2 40% 345172 1478 56%
c - 1272.94 163 22 155 244616  3 8576754 88123 2.9 29 10 1 2 40% 345172 1478 56%
c p 1272.99 163 22 155 244616  3 8576754 88296 2.9 29 10 1 2 40% 345172 1478 56%
c u 1273.25 163 22 155 244616  3 8576754 86796 2.9 29 10 1 2 40% 345172 1478 56%
c v 1273.69 163 22 155 244616  3 8576754 86477 2.9 29 10 1 2 40% 345172 1478 56%
c w 1273.70 163 22 155 244616  3 8576754 86477 2.9 29 10 1 2 40% 345172 1478 56%
c # 1282.92 163 22 155 248640  3 8646280 147716 2.9 29 10 1 2 40% 345172 1478 56%
c - 1290.34 109 22 156 251613  3 8689363 94615 2.9 29 10 1 2 40% 345172 1478 56%
c 
c   seconds     reductions      conflicts         size   tier2       variables
c            MB       restarts         redundant     glue   trail         remaining
c             level          rate           size/glue  tier1  irredundant
c 
c p 1290.41 109 22 156 251613  3 8689363 94790 2.9 29 10 1 2 40% 345172 1478 56%
c u 1290.57 109 22 156 251613  3 8689363 94448 2.9 29 10 1 2 40% 345172 1478 56%
c v 1290.99 109 22 156 251613  3 8689363 92542 2.9 29 10 1 2 40% 345172 1478 56%
c B 1304.26 109 22 156 256897  3 8778283 169961 2.9 29 10 1 2 40% 345172 1478 56%
c } 1306.50 109 22 156 257661  3 8790994 181185 2.9 29 10 1 2 40% 345172 1478 56%
c [ 1306.50 109 42 156 257661  2 8790994 181185 2.3 56 24 2 6 37% 345172 1478 56%
c - 1308.29 128 40 157 257661  2 8802708 97849 2.3 53 23 2 6 37% 345172 1478 56%
c p 1308.36 128 40 157 257661  2 8802708 98022 2.3 53 23 2 6 37% 345172 1478 56%
c u 1309.15 128 40 157 257661  2 8802708 97945 2.3 53 23 2 6 37% 345172 1478 56%
c v 1309.69 128 40 157 257661  2 8802708 96270 2.3 53 23 2 6 37% 345172 1478 56%
c w 1309.69 128 40 157 257661  2 8802708 96270 2.3 53 23 2 6 37% 345172 1478 56%
c s 1310.80 128 41 157 257661  2 8808485 101134 2.4 56 23 2 6 39% 345172 1478 56%
c s 1311.33 128 41 157 257661  2 8808485 100803 2.4 56 23 2 6 39% 345172 1478 56%
c W 1324.78 128 31 157 257661  1 8911284 193304 2.7 48 18 2 6 39% 345172 1478 56%
c - 1325.44 128 34 158 257661  1 8916791 98486 2.6 49 19 2 6 40% 345172 1478 56%
c p 1325.50 128 34 158 257661  1 8916791 98654 2.6 49 19 2 6 40% 345172 1478 56%
c u 1325.65 128 34 158 257661  1 8916791 98592 2.6 49 19 2 6 40% 345172 1478 56%
c v 1326.00 128 34 158 257661  1 8916791 97202 2.6 49 19 2 6 40% 345172 1478 56%
c w 1326.01 128 34 158 257661  1 8916791 97201 2.6 49 19 2 6 40% 345172 1478 56%
c - 1341.64 128 44 159 257661  1 9031608 93221 2.0 48 24 2 6 38% 345172 1478 56%
c 
c   seconds     reductions      conflicts         size   tier2       variables
c            MB       restarts         redundant     glue   trail         remaining
c             level          rate           size/glue  tier1  irredundant
c 
c p 1341.71 128 44 159 257661  1 9031608 93386 2.0 48 24 2 6 38% 345172 1478 56%
c u 1341.84 128 44 159 257661  1 9031608 93373 2.0 48 24 2 6 38% 345172 1478 56%
c v 1342.09 128 44 159 257661  1 9031608 92035 2.0 48 24 2 6 38% 345172 1478 56%
c w 1342.10 128 44 159 257661  1 9031608 92029 2.0 48 24 2 6 38% 345172 1478 56%
c O 1343.43 128 45 159 257661  1 9045288 103931 2.0 48 24 2 6 38% 345172 1478 56%
c - 1356.92 128 31 160 257661  1 9147162 91238 2.4 42 18 2 6 39% 345172 1478 56%
c p 1357.00 128 31 160 257661  1 9147162 91400 2.4 42 18 2 6 39% 345172 1478 56%
c v 1357.17 128 31 160 257661  1 9147162 91393 2.4 42 18 2 6 39% 345172 1478 56%
c w 1357.17 128 31 160 257661  1 9147162 91393 2.4 42 18 2 6 39% 345172 1478 56%
c ] 1357.94 128 30 160 257661  1 9154874 98125 2.4 42 18 2 6 39% 345172 1478 56%
c { 1357.94 128 22 160 257661  3 9154874 98125 2.9 29 10 1 2 40% 345172 1478 56%
c W 1362.77 128 21 160 259065  3 9180291 120092 2.9 29 10 1 2 40% 345172 1478 56%
c - 1377.91 128 22 161 265060  3 9263452 98711 2.9 29 10 1 2 40% 345172 1478 56%
c p 1377.97 128 22 161 265060  3 9263452 98878 2.9 29 10 1 2 40% 345172 1478 56%
c u 1378.24 128 22 161 265060  3 9263452 98519 2.9 29 10 1 2 40% 345172 1478 56%
c v 1378.59 128 22 161 265060  3 9263452 97655 2.9 29 10 1 2 40% 345172 1478 56%
c w 1378.59 128 22 161 265060  3 9263452 97655 2.9 29 10 1 2 40% 345172 1478 56%
c s 1381.59 128 22 161 265961  3 9280537 112155 2.9 29 10 1 2 40% 345172 1478 56%
c s 1382.11 128 22 161 265961  3 9280537 112029 2.9 29 10 1 2 40% 345172 1478 56%
c F 1387.21 128 22 161 268149  3 9316292 143464 2.9 29 10 1 2 40% 345172 1478 56%
c 
c   seconds     reductions      conflicts          size   tier2       variables
c            MB       restarts         redundant      glue   trail         remaining
c             level          rate            size/glue  tier1  irredundant
c 
c - 1398.40 102 22 162 272183  3 9380481 105028 2.9 29 10 1 2 40% 345172 1478 56%
c p 1398.47 102 22 162 272183  3 9380481 105201 2.9 29 10 1 2 40% 345172 1478 56%
c u 1398.90 102 22 162 272183  3 9380481 104877 2.9 29 10 1 2 40% 345172 1478 56%
c v 1399.10 102 22 162 272183  3 9380481 103872 2.9 29 10 1 2 40% 345172 1478 56%
c B 1410.51 102 23 162 276459  3 9453293 167543 2.9 30 10 1 2 40% 345172 1478 56%
c } 1412.91 102 23 162 277321  3 9467824 180268 2.9 29 10 1 2 40% 345172 1478 56%
c [ 1412.91 102 30 162 277321  1 9467824 180268 2.4 42 18 2 6 39% 345172 1478 56%
c - 1416.84 103 29 163 277321  1 9498251 107431 2.4 40 17 2 6 39% 345172 1478 56%
c p 1416.90 103 29 163 277321  1 9498251 107601 2.4 40 17 2 6 39% 345172 1478 56%
c u 1417.37 103 29 163 277321  1 9498251 106010 2.4 40 17 2 6 39% 345172 1478 56%
c v 1417.56 103 29 163 277321  1 9498251 105093 2.4 40 17 2 6 39% 345172 1478 56%
c w 1417.57 103 29 163 277321  1 9498251 105093 2.4 40 17 2 6 39% 345172 1478 56%
c B 1431.79 119 46 163 277321  2 9591294 186110 3.5 89 25 2 6 49% 345172 1478 56%
c - 1434.67 128 41 164 277321  2 9616754 104234 3.3 77 23 2 6 47% 345172 1478 56%
c d 1434.69 128 41 164 277321  2 9616754 104228 3.3 77 23 2 6 47% 345172 1477 56%
c p 1434.74 128 41 164 277321  2 9616754 104397 3.3 77 23 2 6 47% 345172 1477 56%
c u 1435.81 128 41 164 277321  2 9616754 103065 3.3 77 23 2 6 47% 345172 1477 56%
c v 1435.97 128 41 164 277321  2 9616754 102195 3.3 77 23 2 6 47% 345172 1477 56%
c w 1435.97 128 41 164 277321  2 9616754 102195 3.3 77 23 2 6 47% 345172 1477 56%
c W 1452.25 129 30 164 277362  1 9730298 195829 2.7 48 18 2 6 40% 345172 1477 56%
c 
c   seconds     reductions      conflicts         size   tier2       variables
c            MB       restarts         redundant     glue   trail         remaining
c             level          rate           size/glue  tier1  irredundant
c 
c - 1453.05 124 31 165 277365  1 9735993 95593 2.6 48 18 2 6 40% 345172 1477 56%
c p 1453.10 124 31 165 277365  1 9735993 95763 2.6 48 18 2 6 40% 345172 1477 56%
c u 1453.45 124 31 165 277365  1 9735993 94043 2.6 48 18 2 6 40% 345172 1477 56%
c v 1453.46 124 31 165 277365  1 9735993 94041 2.6 48 18 2 6 40% 345172 1477 56%
c w 1453.46 124 31 165 277365  1 9735993 94041 2.6 48 18 2 6 40% 345172 1477 56%
c s 1457.12 125 34 165 277380  1 9768324 122089 2.4 47 20 2 6 38% 345172 1477 56%
c s 1457.65 125 34 165 277380  1 9768324 121996 2.4 47 20 2 6 38% 345172 1477 56%
c ] 1469.52 125 38 165 277396  1 9850669 190121 2.0 46 23 2 6 36% 345172 1477 56%
c { 1469.52 125 23 165 277396  3 9850669 190121 2.9 29 10 1 2 40% 345172 1477 56%
c - 1471.41 144 23 166 277812  3 9855970 93724 2.9 29 10 1 2 40% 345172 1477 56%
c p 1471.47 144 23 166 277812  3 9855970 93894 2.9 29 10 1 2 40% 345172 1477 56%
c u 1471.94 144 23 166 277812  3 9855970 92225 2.9 29 10 1 2 40% 345172 1477 56%
c v 1471.94 144 23 166 277812  3 9855970 92220 2.9 29 10 1 2 40% 345172 1477 56%
c w 1471.94 144 23 166 277812  3 9855970 92220 2.9 29 10 1 2 40% 345172 1477 56%
c W 1474.06 144 22 166 278385  3 9870299 104681 3.0 30 10 1 2 40% 345172 1477 56%
c - 1491.13 164 22 167 284875  3 9976683 100773 2.9 29 10 1 2 40% 345172 1477 56%
c p 1491.20 164 22 167 284875  3 9976683 100942 2.9 29 10 1 2 40% 345172 1477 56%
c u 1491.68 164 22 167 284875  3 9976683 98718 2.9 29 10 1 2 40% 345172 1477 56%
c v 1491.95 164 22 167 284875  3 9976683 98458 2.9 29 10 1 2 40% 345172 1477 56%
c w 1491.95 164 22 167 284875  3 9976683 98458 2.9 29 10 1 2 40% 345172 1477 56%
c 
c   seconds     reductions      conflicts           size   tier2       variables
c            MB       restarts          redundant      glue   trail         remaining
c             level          rate             size/glue  tier1  irredundant
c 
c # 1496.89 164 23 167 287347  3 10011301 128817 2.9 29 10 1 2 40% 345172 1477 56%
c - 1511.07 164 22 168 292488  3 10098132 105548 2.9 29 10 1 2 40% 345172 1477 56%
c p 1511.14 164 22 168 292488  3 10098132 105722 2.9 29 10 1 2 40% 345172 1477 56%
c u 1511.47 164 22 168 292488  3 10098132 104409 2.9 29 10 1 2 40% 345172 1477 56%
c v 1511.61 164 22 168 292488  3 10098132 103775 2.9 29 10 1 2 40% 345172 1477 56%
c w 1511.61 164 22 168 292488  3 10098132 103774 2.9 29 10 1 2 40% 345172 1477 56%
c x 1511.69 164 22 168 292488  3 10098132 103774 2.9 29 10 1 2 40% 345172 1477 56%
c B 1520.27 164 22 168 295899  3 10153304 152191 2.9 29 10 1 2 40% 345172 1477 56%
c } 1524.37 164 22 168 297674  3 10173251 169959 2.9 29 10 1 2 40% 345172 1477 56%
c [ 1524.37 164 38 168 297674  1 10173251 169959 2.0 46 23 2 6 36% 345172 1477 56%
c - 1530.15 164 33 169 297692  1 10220318 107539 2.2 42 19 2 6 37% 345172 1477 56%
c p 1530.22 164 33 169 297692  1 10220318 107707 2.2 42 19 2 6 37% 345172 1477 56%
c u 1530.78 164 33 169 297692  1 10220318 105668 2.2 42 19 2 6 37% 345172 1477 56%
c v 1531.10 164 33 169 297692  1 10220318 104495 2.2 42 19 2 6 37% 345172 1477 56%
c w 1531.11 164 33 169 297692  1 10220318 104493 2.2 42 19 2 6 37% 345172 1477 56%
c s 1539.75 164 46 169 297709  2 10271911 147009 2.6 71 27 2 6 45% 345172 1477 56%
c s 1540.34 164 46 169 297709  2 10271911 146939 2.6 71 27 2 6 45% 345172 1477 56%
c I 1543.76 164 40 169 297722  2 10296305 167462 2.7 63 24 2 6 45% 345172 1477 56%
c - 1549.56 164 40 170 297725  2 10343242 104405 2.4 55 23 2 6 42% 345172 1477 56%
c p 1549.63 164 40 170 297725  2 10343242 104573 2.4 55 23 2 6 42% 345172 1477 56%
c 
c   seconds     reductions      conflicts           size   tier2       variables
c            MB       restarts          redundant      glue   trail         remaining
c             level          rate             size/glue  tier1  irredundant
c 
c u 1550.03 164 40 170 297725  2 10343242 103141 2.4 55 23 2 6 42% 345172 1477 56%
c v 1550.27 164 40 170 297725  2 10343242 102282 2.4 55 23 2 6 42% 345172 1477 56%
c w 1550.27 164 40 170 297725  2 10343242 102281 2.4 55 23 2 6 42% 345172 1477 56%
c B 1561.33 164 38 170 297738  2 10440307 181593 2.0 46 22 2 6 37% 345172 1477 56%
c - 1565.41 164 48 171 297748  2 10466904 97942 2.5 69 28 2 6 44% 345172 1477 56%
c p 1565.47 164 48 171 297748  2 10466904 98103 2.5 69 28 2 6 44% 345172 1477 56%
c u 1565.92 164 48 171 297748  2 10466904 96607 2.5 69 28 2 6 44% 345172 1477 56%
c v 1565.94 164 48 171 297748  2 10466904 96572 2.5 69 28 2 6 44% 345172 1477 56%
c w 1565.96 164 48 171 297748  2 10466904 96564 2.5 69 28 2 6 44% 345172 1477 56%
c W 1587.31 164 44 171 297788  2 10585312 194226 2.8 74 26 2 6 44% 345172 1477 56%
c - 1588.09 164 45 172 297789  2 10591301 95228 2.7 73 27 2 6 44% 345172 1477 56%
c p 1588.16 164 45 172 297789  2 10591301 95394 2.7 73 27 2 6 44% 345172 1477 56%
c u 1589.29 164 45 172 297789  2 10591301 93704 2.7 73 27 2 6 44% 345172 1477 56%
c v 1589.29 164 45 172 297789  2 10591301 93702 2.7 73 27 2 6 44% 345172 1477 56%
c w 1589.30 164 45 172 297789  2 10591301 93700 2.7 73 27 2 6 44% 345172 1477 56%
c ] 1591.93 164 46 172 297789  2 10616334 115847 2.6 67 26 2 6 42% 345172 1477 56%
c { 1591.93 164 22 172 297789  3 10616334 115847 2.9 29 10 1 2 40% 345172 1477 56%
c - 1610.93 164 22 173 303975  3 10716436 102546 2.9 29 10 1 2 40% 345172 1477 56%
c p 1610.99 164 22 173 303975  3 10716436 102717 2.9 29 10 1 2 40% 345172 1477 56%
c u 1611.57 164 22 173 303975  3 10716436 100708 2.9 29 10 1 2 40% 345172 1477 56%
c 
c   seconds     reductions      conflicts           size   tier2       variables
c            MB       restarts          redundant      glue   trail         remaining
c             level          rate             size/glue  tier1  irredundant
c 
c v 1611.82 164 22 173 303975  3 10716436 100398 2.9 29 10 1 2 40% 345172 1477 56%
c W 1614.77 164 22 173 304898  3 10731313 113466 2.9 29 10 1 2 40% 345172 1477 56%
c s 1625.53 164 22 173 308784  3 10791234 165755 2.9 29 10 1 2 40% 345172 1477 56%
c s 1625.68 164 22 173 308784  3 10791234 165755 2.9 29 10 1 2 40% 345172 1477 56%
c - 1635.74 165 22 174 312225  3 10842307 108793 2.9 29 10 1 2 40% 345172 1477 56%
c p 1635.82 165 22 174 312225  3 10842307 108953 2.9 29 10 1 2 40% 345172 1477 56%
c u 1636.36 165 22 174 312225  3 10842307 106540 2.9 29 10 1 2 40% 345172 1477 56%
c v 1636.64 165 22 174 312225  3 10842307 105875 2.9 29 10 1 2 40% 345172 1477 56%
c w 1636.65 165 22 174 312225  3 10842307 105875 2.9 29 10 1 2 40% 345172 1477 56%
c F 1641.95 165 22 174 314875  3 10878315 137278 2.9 29 10 1 2 40% 345172 1477 56%
c } 1654.34 165 22 174 319123  3 10947124 197331 2.9 29 10 1 2 40% 345172 1477 56%
c [ 1654.34 165 46 174 319123  2 10947124 197331 2.6 67 26 2 6 42% 345172 1477 56%
c - 1657.67 165 43 175 319132  2 10968918 111034 2.7 67 24 2 6 43% 345172 1477 56%
c p 1657.75 165 43 175 319132  2 10968918 111200 2.7 67 24 2 6 43% 345172 1477 56%
c u 1658.41 165 43 175 319132  2 10968918 109154 2.7 67 24 2 6 43% 345172 1477 56%
c v 1658.72 165 43 175 319132  2 10968918 108139 2.7 67 24 2 6 43% 345172 1477 56%
c w 1658.72 165 43 175 319132  2 10968918 108139 2.7 67 24 2 6 43% 345172 1477 56%
c O 1664.98 165 35 175 319154  2 11026318 156109 2.7 56 20 2 6 43% 345172 1477 56%
c - 1674.37 165 30 176 319183  1 11096266 108420 2.6 47 18 2 6 41% 345172 1477 56%
c p 1674.44 165 30 176 319183  1 11096266 108581 2.6 47 18 2 6 41% 345172 1477 56%
c 
c   seconds     reductions      conflicts           size   tier2       variables
c            MB       restarts          redundant      glue   trail         remaining
c             level          rate             size/glue  tier1  irredundant
c 
c u 1674.95 165 30 176 319183  1 11096266 106975 2.6 47 18 2 6 41% 345172 1477 56%
c v 1675.22 165 30 176 319183  1 11096266 106108 2.6 47 18 2 6 41% 345172 1477 56%
c w 1675.23 165 30 176 319183  1 11096266 106108 2.6 47 18 2 6 41% 345172 1477 56%
c B 1686.28 165 33 176 319187  1 11175320 176071 2.4 44 19 2 6 44% 345172 1477 56%
c - 1695.32 124 51 177 319188  1 11224351 103438 3.5 90 26 2 6 50% 345172 1477 56%
c p 1695.39 124 51 177 319188  1 11224351 103597 3.5 90 26 2 6 50% 345172 1477 56%
c u 1695.82 124 51 177 319188  1 11224351 101439 3.5 90 26 2 6 50% 345172 1477 56%
c v 1696.04 124 51 177 319188  1 11224351 100337 3.5 90 26 2 6 50% 345172 1477 56%
c w 1696.05 124 51 177 319188  1 11224351 100332 3.5 90 26 2 6 50% 345172 1477 56%
c W 1714.34 124 50 177 319188  2 11325327 186275 3.5 98 28 2 6 50% 345172 1477 56%
c s 1715.11 142 51 177 319188  2 11326297 187096 3.5 98 28 2 6 50% 345172 1477 56%
c s 1716.33 142 51 177 319188  2 11326297 186605 3.5 98 28 2 6 50% 345172 1477 56%
c - 1720.44 144 45 178 319188  2 11353171 101402 3.4 85 25 2 6 48% 345172 1477 56%
c p 1720.50 144 45 178 319188  2 11353171 101568 3.4 85 25 2 6 48% 345172 1477 56%
c u 1720.93 144 45 178 319188  2 11353171 99732 3.4 85 25 2 6 48% 345172 1477 56%
c v 1721.03 144 45 178 319188  2 11353171 99355 3.4 85 25 2 6 48% 345172 1477 56%
c w 1721.03 144 45 178 319188  2 11353171 99355 3.4 85 25 2 6 48% 345172 1477 56%
c ] 1722.63 144 42 178 319195  1 11368757 111938 3.3 78 24 2 6 46% 345172 1477 56%
c { 1722.63 144 22 178 319195  3 11368757 111938 2.9 29 10 1 2 40% 345172 1477 56%
c B 1742.36 144 22 178 325674  3 11476328 205340 2.9 29 10 1 2 40% 345172 1477 56%
c 
c   seconds     reductions      conflicts           size   tier2       variables
c            MB       restarts          redundant      glue   trail         remaining
c             level          rate             size/glue  tier1  irredundant
c 
c - 1744.10 164 22 179 326203  3 11482728 107761 2.9 29 10 1 2 40% 345172 1477 56%
c p 1744.16 164 22 179 326203  3 11482728 107927 2.9 29 10 1 2 40% 345172 1477 56%
c u 1744.71 164 22 179 326203  3 11482728 105327 2.9 29 10 1 2 40% 345172 1477 56%
c v 1744.99 164 22 179 326203  3 11482728 104974 2.9 29 10 1 2 40% 345172 1477 56%
c w 1745.00 164 22 179 326203  3 11482728 104973 2.9 29 10 1 2 40% 345172 1477 56%
c - 1766.98 144 21 180 334390  3 11613025 112766 2.9 29 10 1 2 40% 345172 1477 56%
c p 1767.05 144 21 180 334390  3 11613025 112925 2.9 29 10 1 2 40% 345172 1477 56%
c u 1767.71 144 21 180 334390  3 11613025 110676 2.9 29 10 1 2 40% 345172 1477 56%
c v 1768.02 144 21 180 334390  3 11613025 109707 2.9 29 10 1 2 40% 345172 1477 56%
c w 1768.02 144 21 180 334390  3 11613025 109707 2.9 29 10 1 2 40% 345172 1477 56%
c W 1772.50 144 21 180 335537  3 11628331 122862 2.9 29 10 1 2 40% 345172 1477 56%
c } 1788.41 144 23 180 341430  3 11719723 203272 2.9 30 10 1 2 40% 345172 1477 56%
c [ 1788.41 144 42 180 341430  1 11719723 203272 3.3 78 24 2 6 46% 345172 1477 56%
c - 1791.79 122 41 181 341441  2 11744058 115089 3.5 80 23 2 6 48% 345172 1477 56%
c d 1791.82 122 41 181 341441  2 11744058 115079 3.5 80 23 2 6 48% 345172 1476 56%
c p 1791.88 122 41 181 341441  2 11744058 115245 3.5 80 23 2 6 48% 345172 1476 56%
c u 1793.46 122 41 181 341441  2 11744058 113258 3.5 80 23 2 6 48% 345172 1476 56%
c v 1793.75 122 41 181 341441  2 11744058 112126 3.5 80 23 2 6 48% 345172 1476 56%
c w 1793.75 122 41 181 341441  2 11744058 112121 3.5 80 23 2 6 48% 345172 1476 56%
c I 1797.76 122 37 181 341454  2 11781334 142462 3.5 73 21 2 6 47% 345172 1476 56%
c 
c   seconds     reductions      conflicts           size   tier2       variables
c            MB       restarts          redundant      glue   trail         remaining
c             level          rate             size/glue  tier1  irredundant
c 
c - 1818.70 135 52 182 341486  2 11875828 110570 3.1 96 31 2 5 51% 345172 1476 56%
c p 1818.77 135 52 182 341486  2 11875828 110741 3.1 96 31 2 5 51% 345172 1476 56%
c u 1819.28 135 52 182 341486  2 11875828 108967 3.1 96 31 2 5 51% 345172 1476 56%
c v 1819.55 135 52 182 341486  2 11875828 107901 3.1 96 31 2 5 51% 345172 1476 56%
c w 1819.56 135 52 182 341486  2 11875828 107900 3.1 96 31 2 5 51% 345172 1476 56%
c s 1820.09 145 52 182 341486  2 11877093 108878 3.1 96 31 2 5 51% 345172 1476 56%
c s 1820.67 145 52 182 341486  2 11877093 108798 3.1 96 31 2 5 51% 345172 1476 56%
c B 1828.25 145 46 182 341501  1 11935339 155918 2.6 73 28 2 5 44% 345172 1476 56%
c - 1838.62 131 39 183 341527  1 12008337 102879 2.4 56 23 2 5 41% 345172 1476 56%
c p 1838.70 131 39 183 341527  1 12008337 103049 2.4 56 23 2 5 41% 345172 1476 56%
c u 1839.26 131 39 183 341527  1 12008337 101318 2.4 56 23 2 5 41% 345172 1476 56%
c v 1839.26 131 39 183 341527  1 12008337 101313 2.4 56 23 2 5 41% 345172 1476 56%
c w 1839.27 131 39 183 341527  1 12008337 101312 2.4 56 23 2 5 41% 345172 1476 56%
c W 1852.46 131 32 183 341549  1 12090340 168161 2.3 45 20 2 5 40% 345172 1476 56%
c - 1859.02 150 40 184 341550  1 12141583 102081 2.1 47 22 2 6 40% 345172 1476 56%
c p 1859.09 150 40 184 341550  1 12141583 102255 2.1 47 22 2 6 40% 345172 1476 56%
c u 1859.38 150 40 184 341550  1 12141583 101212 2.1 47 22 2 6 40% 345172 1476 56%
c w 1859.38 150 40 184 341550  1 12141583 101209 2.1 47 22 2 6 40% 345172 1476 56%
c ] 1864.31 150 44 184 341559  1 12190790 143035 2.0 48 24 2 6 38% 345172 1476 56%
c { 1864.31 150 23 184 341559  3 12190790 143035 2.9 30 10 1 2 40% 345172 1476 56%
c 
c   seconds     reductions      conflicts           size   tier2       variables
c            MB       restarts          redundant      glue   trail         remaining
c             level          rate             size/glue  tier1  irredundant
c 
c # 1875.17 150 22 184 344191  3 12246342 191183 2.9 29 10 1 2 40% 345172 1476 56%
c - 1882.33 170 22 185 345981  3 12275563 106895 2.9 29 10 1 2 40% 345172 1476 56%
c p 1882.41 170 22 185 345981  3 12275563 107059 2.9 29 10 1 2 40% 345172 1476 56%
c u 1882.90 170 22 185 345981  3 12275563 104876 2.9 29 10 1 2 40% 345172 1476 56%
c v 1883.15 170 22 185 345981  3 12275563 103791 2.9 29 10 1 2 40% 345172 1476 56%
c w 1883.16 170 22 185 345981  3 12275563 103791 2.9 29 10 1 2 40% 345172 1476 56%
c B 1906.54 170 21 185 353461  3 12403344 215190 2.9 29 10 1 2 40% 345172 1476 56%
c - 1908.26 170 21 186 354018  3 12410283 113634 2.9 29 10 1 2 40% 345172 1476 56%
c p 1908.35 170 21 186 354018  3 12410283 113806 2.9 29 10 1 2 40% 345172 1476 56%
c u 1909.13 170 21 186 354018  3 12410283 111445 2.9 29 10 1 2 40% 345172 1476 56%
c v 1909.53 170 21 186 354018  3 12410283 110356 2.9 29 10 1 2 40% 345172 1476 56%
c s 1915.72 171 22 186 356231  3 12443696 139075 2.9 29 10 1 2 40% 345172 1476 56%
c s 1916.00 171 22 186 356231  3 12443696 139069 2.9 29 10 1 2 40% 345172 1476 56%
c - 1935.04 171 22 187 363139  3 12545739 118203 2.9 29 10 1 2 40% 345172 1476 56%
c p 1935.11 171 22 187 363139  3 12545739 118373 2.9 29 10 1 2 40% 345172 1476 56%
c u 1935.72 171 22 187 363139  3 12545739 115872 2.9 29 10 1 2 40% 345172 1476 56%
c v 1936.06 171 22 187 363139  3 12545739 115242 2.9 29 10 1 2 40% 345172 1476 56%
c w 1936.06 171 22 187 363139  3 12545739 115242 2.9 29 10 1 2 40% 345172 1476 56%
c } 1937.40 171 22 187 363679  3 12554689 122889 2.9 29 10 1 2 40% 345172 1476 56%
c [ 1937.40 171 44 187 363679  1 12554689 122889 2.0 48 24 2 6 38% 345172 1476 56%
c 
c   seconds     reductions      conflicts           size   tier2       variables
c            MB       restarts          redundant      glue   trail         remaining
c             level          rate             size/glue  tier1  irredundant
c 
c O 1938.07 171 43 187 363683  1 12561346 128825 2.1 49 24 2 6 39% 345172 1476 56%
c - 1953.26 132 41 188 363730  1 12681931 117564 2.1 47 22 2 6 40% 345172 1476 56%
c p 1953.32 132 41 188 363730  1 12681931 117736 2.1 47 22 2 6 40% 345172 1476 56%
c u 1953.71 132 41 188 363730  1 12681931 115688 2.1 47 22 2 6 40% 345172 1476 56%
c v 1953.89 132 41 188 363730  1 12681931 114832 2.1 47 22 2 6 40% 345172 1476 56%
c w 1953.89 132 41 188 363730  1 12681931 114827 2.1 47 22 2 6 40% 345172 1476 56%
c B 1957.73 132 40 188 363733  1 12720348 147338 2.1 46 22 2 6 42% 345172 1476 56%
c - 1977.91 142 56 189 363764  2 12818863 108051 3.0 99 33 2 6 55% 345172 1476 56%
c p 1977.98 142 56 189 363764  2 12818863 108224 3.0 99 33 2 6 55% 345172 1476 56%
c u 1978.40 142 56 189 363764  2 12818863 106026 3.0 99 33 2 6 55% 345172 1476 56%
c v 1978.41 142 56 189 363764  2 12818863 106014 3.0 99 33 2 6 55% 345172 1476 56%
c w 1978.41 142 56 189 363764  2 12818863 106014 3.0 99 33 2 6 55% 345172 1476 56%
c W 1990.74 142 48 189 363793  2 12880349 156571 2.6 73 28 2 6 46% 345172 1476 56%
c - 2000.74 159 46 190 363797  1 12956529 104721 2.4 60 25 2 6 43% 345172 1476 56%
c p 2000.81 159 46 190 363797  1 12956529 104883 2.4 60 25 2 6 43% 345172 1476 56%
c u 2000.96 159 46 190 363797  1 12956529 104729 2.4 60 25 2 6 43% 345172 1476 56%
c v 2000.97 159 46 190 363797  1 12956529 104724 2.4 60 25 2 6 43% 345172 1476 56%
c w 2000.97 159 46 190 363797  1 12956529 104723 2.4 60 25 2 6 43% 345172 1476 56%
c I 2011.05 159 48 190 363798  1 13041351 176857 2.1 54 26 2 6 41% 345172 1476 56%
c ] 2011.82 159 48 190 363798  1 13045511 180171 2.0 54 26 2 6 41% 345172 1476 56%
c 
c   seconds     reductions      conflicts           size   tier2       variables
c            MB       restarts          redundant      glue   trail         remaining
c             level          rate             size/glue  tier1  irredundant
c 
c { 2011.82 159 22 190 363798  3 13045511 180171 2.9 29 10 1 2 40% 345172 1476 56%
c - 2023.42 160 22 191 366897  3 13094933 109466 2.9 30 10 1 2 40% 345172 1476 56%
c p 2023.49 160 22 191 366897  3 13094933 109637 2.9 30 10 1 2 40% 345172 1476 56%
c u 2024.71 160 22 191 366897  3 13094933 109319 2.9 30 10 1 2 40% 345172 1476 56%
c v 2025.10 160 22 191 366897  3 13094933 108083 2.9 30 10 1 2 40% 345172 1476 56%
c W 2045.00 160 22 191 372858  3 13203352 202414 2.9 29 10 1 2 40% 345172 1476 56%
c - 2051.21 160 21 192 374410  3 13234077 118156 2.9 29 10 1 2 40% 345172 1476 56%
c p 2051.28 160 21 192 374410  3 13234077 118323 2.9 29 10 1 2 40% 345172 1476 56%
c u 2051.81 160 21 192 374410  3 13234077 117882 2.9 29 10 1 2 40% 345172 1476 56%
c v 2052.24 160 21 192 374410  3 13234077 117197 2.9 29 10 1 2 40% 345172 1476 56%
c w 2052.24 160 21 192 374410  3 13234077 117197 2.9 29 10 1 2 40% 345172 1476 56%
c F 2076.32 160 22 192 382948  3 13366357 232671 2.9 30 10 1 2 40% 345172 1476 56%
c - 2078.21 133 22 193 383525  3 13373955 124732 2.9 30 10 1 2 40% 345172 1476 56%
c p 2078.29 133 22 193 383525  3 13373955 124902 2.9 30 10 1 2 40% 345172 1476 56%
c u 2078.85 133 22 193 383525  3 13373955 124347 2.9 30 10 1 2 40% 345172 1476 56%
c v 2079.17 133 22 193 383525  3 13373955 123286 2.9 30 10 1 2 40% 345172 1476 56%
c } 2087.55 133 22 193 386354  3 13423585 166978 2.9 30 10 1 2 40% 345172 1476 56%
c [ 2087.55 133 48 193 386354  1 13423585 166978 2.0 54 26 2 6 41% 345172 1476 56%
c - 2099.48 133 41 194 386354  1 13514571 126994 2.3 46 20 2 6 43% 345172 1476 56%
c p 2099.56 133 41 194 386354  1 13514571 127157 2.3 46 20 2 6 43% 345172 1476 56%
c 
c   seconds     reductions      conflicts           size   tier2       variables
c            MB       restarts          redundant      glue   trail         remaining
c             level          rate             size/glue  tier1  irredundant
c 
c u 2100.35 133 41 194 386354  1 13514571 125331 2.3 46 20 2 6 43% 345172 1476 56%
c v 2100.75 133 41 194 386354  1 13514571 124288 2.3 46 20 2 6 43% 345172 1476 56%
c w 2100.76 133 41 194 386354  1 13514571 124288 2.3 46 20 2 6 43% 345172 1476 56%
c B 2102.98 133 41 194 386355  1 13530361 138766 2.4 49 20 2 6 44% 345172 1476 56%
c - 2124.21 136 45 195 386355  2 13655924 120601 3.0 74 24 2 5 44% 345172 1476 56%
c p 2124.29 136 45 195 386355  2 13655924 120767 3.0 74 24 2 5 44% 345172 1476 56%
c u 2124.83 136 45 195 386355  2 13655924 118832 3.0 74 24 2 5 44% 345172 1476 56%
c v 2125.07 136 45 195 386355  2 13655924 117752 3.0 74 24 2 5 44% 345172 1476 56%
c w 2125.08 136 45 195 386355  2 13655924 117751 3.0 74 24 2 5 44% 345172 1476 56%
c W 2132.86 136 39 195 386355  2 13695364 151152 2.9 61 21 2 5 42% 345172 1476 56%
c - 2148.13 153 46 196 386362  1 13798017 110559 2.0 52 26 2 6 37% 345172 1476 56%
c p 2148.20 153 46 196 386362  1 13798017 110722 2.0 52 26 2 6 37% 345172 1476 56%
c u 2148.82 153 46 196 386362  1 13798017 108697 2.0 52 26 2 6 37% 345172 1476 56%
c w 2148.83 153 46 196 386362  1 13798017 108697 2.0 52 26 2 6 37% 345172 1476 56%
c O 2156.33 153 46 196 386386  1 13861365 161275 1.9 48 26 2 6 35% 345172 1476 56%
c ] 2161.15 153 40 196 386401  1 13899432 195668 2.0 46 22 2 6 37% 345172 1476 56%
c { 2161.15 153 22 196 386401  3 13899432 195668 2.9 30 10 1 2 40% 345172 1476 56%
c - 2172.41 153 22 197 389182  3 13940851 112099 2.9 30 10 1 2 40% 345172 1476 56%
c p 2172.48 153 22 197 389182  3 13940851 112271 2.9 30 10 1 2 40% 345172 1476 56%
c u 2173.05 153 22 197 389182  3 13940851 109947 2.9 30 10 1 2 40% 345172 1476 56%
c 
c   seconds     reductions      conflicts           size   tier2       variables
c            MB       restarts          redundant      glue   trail         remaining
c             level          rate             size/glue  tier1  irredundant
c 
c v 2173.28 153 22 197 389182  3 13940851 108925 2.9 30 10 1 2 40% 345172 1476 56%
c B 2186.72 153 22 197 393985  3 14028370 185577 2.9 29 10 1 2 40% 345172 1476 56%
c - 2197.15 153 21 198 397154  3 14084415 120407 2.9 29 10 1 2 40% 345172 1476 56%
c p 2197.22 153 21 198 397154  3 14084415 120579 2.9 29 10 1 2 40% 345172 1476 56%
c u 2197.83 153 21 198 397154  3 14084415 118578 2.9 29 10 1 2 40% 345172 1476 56%
c v 2198.12 153 21 198 397154  3 14084415 118309 2.9 29 10 1 2 40% 345172 1476 56%
c w 2198.13 153 21 198 397154  3 14084415 118309 2.9 29 10 1 2 40% 345172 1476 56%
c W 2221.83 153 21 198 403282  3 14196373 215193 2.9 29 10 1 2 40% 345172 1476 56%
c - 2229.92 174 21 199 405311  3 14228720 126033 2.9 29 10 1 2 40% 345172 1476 56%
c d 2229.94 174 21 199 405311  3 14228720 126022 2.9 29 10 1 2 40% 345172 1475 56%
c p 2230.02 174 21 199 405311  3 14228720 126187 2.9 29 10 1 2 40% 345172 1475 56%
c u 2230.72 174 21 199 405311  3 14228720 123408 2.9 29 10 1 2 40% 345172 1475 56%
c v 2231.07 174 21 199 405311  3 14228720 122438 2.9 29 10 1 2 40% 345172 1475 56%
c s 2231.57 174 21 199 405311  3 14228720 122253 2.9 29 10 1 2 40% 345172 1475 56%
c s 2232.45 174 21 199 405311  3 14228720 121440 2.9 29 10 1 2 40% 345172 1475 56%
c } 2244.64 174 22 199 409724  3 14295032 179438 2.9 29 10 1 2 40% 345172 1475 56%
c [ 2244.64 174 40 199 409724  1 14295032 179438 2.0 46 22 2 6 37% 345172 1475 56%
c B 2254.46 174 35 199 409741  1 14365376 238447 2.7 55 21 2 6 42% 345172 1475 56%
c - 2255.69 174 40 200 409741  2 14373759 126318 2.9 63 22 2 6 44% 345172 1475 56%
c p 2255.77 174 40 200 409741  2 14373759 126480 2.9 63 22 2 6 44% 345172 1475 56%
c 
c   seconds     reductions      conflicts           size   tier2       variables
c            MB       restarts          redundant      glue   trail         remaining
c             level          rate             size/glue  tier1  irredundant
c 
c u 2256.40 174 40 200 409741  2 14373759 124521 2.9 63 22 2 6 44% 345172 1475 56%
c v 2256.67 174 40 200 409741  2 14373759 123363 2.9 63 22 2 6 44% 345172 1475 56%
c w 2256.69 174 40 200 409741  2 14373759 123360 2.9 63 22 2 6 44% 345172 1475 56%
c - 2285.03 174 51 201 409798  2 14519535 121468 2.5 76 30 2 5 44% 345172 1475 56%
c p 2285.09 174 51 201 409798  2 14519535 121634 2.5 76 30 2 5 44% 345172 1475 56%
c u 2285.59 174 51 201 409798  2 14519535 120304 2.5 76 30 2 5 44% 345172 1475 56%
c v 2285.82 174 51 201 409798  2 14519535 119428 2.5 76 30 2 5 44% 345172 1475 56%
c w 2285.83 174 51 201 409798  2 14519535 119427 2.5 76 30 2 5 44% 345172 1475 56%
c x 2286.06 174 51 201 409798  2 14519535 119427 2.5 76 30 2 5 44% 345172 1475 56%
c W 2290.40 174 50 201 409802  2 14535379 133022 2.6 76 30 2 5 45% 345172 1475 56%
c - 2310.74 174 43 202 409813  2 14666049 111013 2.0 52 26 2 5 37% 345172 1475 56%
c p 2310.80 174 43 202 409813  2 14666049 111171 2.0 52 26 2 5 37% 345172 1475 56%
c u 2312.10 174 43 202 409813  2 14666049 109004 2.0 52 26 2 5 37% 345172 1475 56%
c v 2312.11 174 43 202 409813  2 14666049 108999 2.0 52 26 2 5 37% 345172 1475 56%
c w 2312.11 174 43 202 409813  2 14666049 108997 2.0 52 26 2 5 37% 345172 1475 56%
c I 2316.21 174 41 202 409833  2 14706382 142606 2.0 49 24 2 5 36% 345172 1475 56%
c ] 2328.52 174 42 202 409861  2 14786085 206359 1.8 46 25 2 5 35% 345172 1475 56%
c { 2328.52 174 22 202 409861  3 14786085 206359 2.9 29 10 1 2 40% 345172 1475 56%
c - 2336.38 174 22 203 411850  3 14813304 111006 2.9 29 10 1 2 40% 345172 1475 56%
c p 2336.46 174 22 203 411850  3 14813304 111166 2.9 29 10 1 2 40% 345172 1475 56%
c 
c   seconds     reductions      conflicts           size   tier2       variables
c            MB       restarts          redundant      glue   trail         remaining
c             level          rate             size/glue  tier1  irredundant
c 
c u 2337.08 174 22 203 411850  3 14813304 109049 2.9 29 10 1 2 40% 345172 1475 56%
c v 2337.08 174 22 203 411850  3 14813304 109049 2.9 29 10 1 2 40% 345172 1475 56%
c w 2337.09 174 22 203 411850  3 14813304 109048 2.9 29 10 1 2 40% 345172 1475 56%
c s 2339.43 174 22 203 412645  3 14826877 120777 2.9 29 10 1 2 40% 345172 1475 56%
c s 2340.06 174 22 203 412645  3 14826877 120761 2.9 29 10 1 2 40% 345172 1475 56%
c # 2348.77 174 22 203 415873  3 14878385 165854 2.9 30 10 1 2 41% 345172 1475 56%
c - 2365.30 174 22 204 421261  3 14961297 121187 2.9 29 10 1 2 40% 345172 1475 56%
c p 2365.38 174 22 204 421261  3 14961297 121349 2.9 29 10 1 2 40% 345172 1475 56%
c u 2366.05 174 22 204 421261  3 14961297 118772 2.9 29 10 1 2 40% 345172 1475 56%
c v 2366.46 174 22 204 421261  3 14961297 118474 2.9 29 10 1 2 40% 345172 1475 56%
c w 2366.47 174 22 204 421261  3 14961297 118474 2.9 29 10 1 2 40% 345172 1475 56%
c B 2382.02 174 22 204 426895  3 15051387 197332 2.9 29 10 1 2 40% 345172 1475 56%
c - 2394.55 174 22 205 430320  3 15110023 127461 2.9 29 10 1 2 40% 345172 1475 56%
c p 2394.63 174 22 205 430320  3 15110023 127621 2.9 29 10 1 2 40% 345172 1475 56%
c u 2395.43 174 22 205 430320  3 15110023 125338 2.9 29 10 1 2 40% 345172 1475 56%
c v 2395.81 174 22 205 430320  3 15110023 124536 2.9 29 10 1 2 40% 345172 1475 56%
c w 2395.81 174 22 205 430320  3 15110023 124536 2.9 29 10 1 2 40% 345172 1475 56%
c } 2411.78 174 22 205 435959  3 15199062 202762 3.0 30 10 1 2 40% 345172 1475 56%
c [ 2411.78 174 42 205 435959  2 15199062 202762 1.8 46 25 2 5 35% 345172 1475 56%
c B 2416.05 174 38 205 435965  1 15225388 225735 2.0 43 22 2 5 36% 345172 1475 56%
c 
c   seconds     reductions      conflicts           size   tier2       variables
c            MB       restarts          redundant      glue   trail         remaining
c             level          rate             size/glue  tier1  irredundant
c 
c - 2421.69 174 44 206 435966  1 15259487 130226 1.9 45 24 2 5 37% 345172 1475 56%
c d 2421.71 174 44 206 435966  1 15259487 130220 1.9 45 24 2 5 37% 345172 1474 56%
c p 2421.80 174 44 206 435966  1 15259487 130382 1.9 45 24 2 5 37% 345172 1474 56%
c u 2422.61 174 44 206 435966  1 15259487 127945 1.9 45 24 2 5 37% 345172 1474 56%
c v 2422.98 174 44 206 435966  1 15259487 126702 1.9 45 24 2 5 37% 345172 1474 56%
c w 2422.99 174 44 206 435966  1 15259487 126702 1.9 45 24 2 5 37% 345172 1474 56%
c W 2452.43 174 31 206 436023  1 15400393 245618 2.2 39 18 2 5 42% 345172 1474 56%
c - 2453.96 174 31 207 436027  1 15409691 124945 2.2 39 18 2 5 41% 345172 1474 56%
c p 2454.04 174 31 207 436027  1 15409691 125105 2.2 39 18 2 5 41% 345172 1474 56%
c u 2454.74 174 31 207 436027  1 15409691 122862 2.2 39 18 2 5 41% 345172 1474 56%
c v 2455.08 174 31 207 436027  1 15409691 121445 2.2 39 18 2 5 41% 345172 1474 56%
c w 2455.09 174 31 207 436027  1 15409691 121444 2.2 39 18 2 5 41% 345172 1474 56%
c s 2459.92 174 31 207 436029  1 15440773 147860 2.1 38 18 2 5 41% 345172 1474 56%
c s 2460.18 174 31 207 436029  1 15440773 147852 2.1 38 18 2 5 41% 345172 1474 56%
c - 2475.03 174 31 208 436031  1 15560629 119378 2.6 42 17 2 6 42% 345172 1474 56%
c p 2475.11 174 31 208 436031  1 15560629 119539 2.6 42 17 2 6 42% 345172 1474 56%
c u 2475.67 174 31 208 436031  1 15560629 117856 2.6 42 17 2 6 42% 345172 1474 56%
c v 2475.67 174 31 208 436031  1 15560629 117856 2.6 42 17 2 6 42% 345172 1474 56%
c w 2475.69 174 31 208 436031  1 15560629 117854 2.6 42 17 2 6 42% 345172 1474 56%
c O 2477.08 174 34 208 436031  1 15576395 132723 2.5 44 17 2 6 43% 345172 1474 56%
c 
c   seconds     reductions      conflicts           size   tier2       variables
c            MB       restarts          redundant      glue   trail         remaining
c             level          rate             size/glue  tier1  irredundant
c 
c ] 2494.93 174 26 208 436045  1 15687963 225970 2.5 37 15 2 6 40% 345172 1474 56%
c { 2494.93 174 22 208 436045  3 15687963 225970 3.0 30 10 1 2 40% 345172 1474 56%
c - 2499.78 174 22 209 437359  3 15712307 120926 2.9 29 10 1 2 40% 345172 1474 56%
c d 2499.80 174 22 209 437359  3 15712307 120910 2.9 29 10 1 2 40% 345172 1473 56%
c p 2499.88 174 22 209 437359  3 15712307 121078 2.9 29 10 1 2 40% 345172 1473 56%
c u 2500.57 174 22 209 437359  3 15712307 118344 2.9 29 10 1 2 40% 345172 1473 56%
c W 2509.71 174 22 209 440442  3 15753404 154264 2.9 30 10 1 2 41% 345172 1473 56%
c - 2534.74 174 22 210 447401  3 15864721 129477 3.0 30 10 1 2 41% 345172 1473 56%
c p 2534.83 174 22 210 447401  3 15864721 129639 3.0 30 10 1 2 41% 345172 1473 56%
c u 2535.86 174 22 210 447401  3 15864721 127274 3.0 30 10 1 2 41% 345172 1473 56%
c v 2536.44 174 22 210 447401  3 15864721 126933 3.0 30 10 1 2 41% 345172 1473 56%
c w 2536.45 174 22 210 447401  3 15864721 126933 3.0 30 10 1 2 41% 345172 1473 56%
c F 2549.63 174 22 210 451124  3 15931405 185257 2.9 30 10 1 2 40% 345172 1473 56%
c - 2580.06 174 22 211 457032  3 16017872 134988 2.9 30 10 1 2 40% 345172 1473 56%
c p 2580.30 174 22 211 457032  3 16017872 135153 2.9 30 10 1 2 40% 345172 1473 56%
c u 2583.18 174 22 211 457032  3 16017872 132292 2.9 30 10 1 2 40% 345172 1473 56%
c v 2584.80 174 22 211 457032  3 16017872 131057 2.9 30 10 1 2 40% 345172 1473 56%
c s 2621.99 174 22 211 460284  3 16070493 176554 2.9 29 10 1 2 40% 345172 1473 56%
c s 2629.14 174 22 211 460284  3 16070493 176123 2.9 29 10 1 2 40% 345172 1473 56%
c B 2660.28 174 22 211 462936  3 16110409 210671 2.9 29 10 1 2 40% 345172 1473 56%
c 
c   seconds     reductions      conflicts           size   tier2       variables
c            MB       restarts          redundant      glue   trail         remaining
c             level          rate             size/glue  tier1  irredundant
c 
c } 2663.71 174 22 211 463138  3 16115433 214919 2.9 29 10 1 2 40% 345172 1473 56%
c [ 2663.71 174 26 211 463138  1 16115433 214919 2.5 37 15 2 6 40% 345172 1473 56%
c - 2686.09 174 25 212 463155  1 16171760 135543 2.4 35 15 2 6 41% 345172 1473 56%
c p 2686.17 174 25 212 463155  1 16171760 135693 2.4 35 15 2 6 41% 345172 1473 56%
c u 2687.18 174 25 212 463155  1 16171760 132848 2.4 35 15 2 6 41% 345172 1473 56%
c v 2687.63 174 25 212 463155  1 16171760 131404 2.4 35 15 2 6 41% 345172 1473 56%
c w 2687.64 174 25 212 463155  1 16171760 131403 2.4 35 15 2 6 41% 345172 1473 56%
c B 2705.26 174 27 212 463187  1 16290410 229132 2.2 36 16 2 5 40% 345172 1473 56%
c - 2713.18 174 27 213 463202  1 16326386 129678 2.2 36 17 2 5 41% 345172 1473 56%
c p 2713.25 174 27 213 463202  1 16326386 129834 2.2 36 17 2 5 41% 345172 1473 56%
c u 2713.92 174 27 213 463202  1 16326386 127384 2.2 36 17 2 5 41% 345172 1473 56%
c v 2714.23 174 27 213 463202  1 16326386 125860 2.2 36 17 2 5 41% 345172 1473 56%
c w 2714.23 174 27 213 463202  1 16326386 125860 2.2 36 17 2 5 41% 345172 1473 56%
c W 2738.98 174 25 213 463250  1 16471411 247537 2.3 34 15 2 5 40% 345172 1473 56%
c - 2740.50 174 27 214 463250  1 16481750 122298 2.2 36 16 2 5 40% 345172 1473 56%
c p 2740.60 174 27 214 463250  1 16481750 122456 2.2 36 16 2 5 40% 345172 1473 56%
c = 2741.81 174 27 214 463250  1 16481750 122416 2.2 36 16 2 5 40% 345172 1460 56%
c u 2742.66 174 27 214 463250  1 16481750 120160 2.2 36 16 2 5 40% 345172 1460 56%
c v 2742.67 174 27 214 463250  1 16481750 120159 2.2 36 16 2 5 40% 345172 1460 56%
c w 2742.67 174 27 214 463250  1 16481750 120159 2.2 36 16 2 5 40% 345172 1460 56%
c 
c   seconds     reductions      conflicts           size   tier2       variables
c            MB       restarts          redundant      glue   trail         remaining
c             level          rate             size/glue  tier1  irredundant
c 
c ] 2763.75 174 40 214 463281  1 16621002 241009 2.0 45 22 2 5 42% 345172 1460 56%
c { 2763.75 174 22 214 463281  3 16621002 241009 2.9 29 10 1 2 45% 345172 1460 56%
c - 2772.15 174 22 215 464348  3 16637852 122955 2.9 30 10 1 2 45% 345172 1460 56%
c p 2772.31 174 22 215 464348  3 16637852 123109 2.9 30 10 1 2 45% 345172 1460 56%
c u 2773.59 174 22 215 464348  3 16637852 121188 2.9 30 10 1 2 45% 345172 1460 56%
c v 2773.99 174 22 215 464348  3 16637852 120485 2.9 30 10 1 2 45% 345172 1460 56%
c w 2774.00 174 22 215 464348  3 16637852 120484 2.9 30 10 1 2 45% 345172 1460 56%
c W 2777.84 174 21 215 465029  3 16653414 133774 2.9 29 10 1 2 44% 345172 1460 56%
c s 2792.04 174 22 215 469275  3 16716031 188509 2.9 29 10 1 2 44% 345172 1460 56%
c s 2792.68 174 22 215 469275  3 16716031 188459 2.9 29 10 1 2 44% 345164 1460 56%
c - 2810.70 122 22 216 474247  3 16794690 131784 2.9 30 10 1 2 45% 345164 1460 56%
c p 2810.78 122 22 216 474247  3 16794690 131940 2.9 30 10 1 2 45% 345164 1460 56%
c u 2811.42 122 22 216 474247  3 16794690 128962 2.9 30 10 1 2 45% 345164 1460 56%
c v 2812.02 122 22 216 474247  3 16794690 128578 2.9 30 10 1 2 45% 345164 1460 56%
c w 2812.02 122 22 216 474247  3 16794690 128578 2.9 30 10 1 2 45% 345164 1460 56%
c # 2818.71 122 22 216 476464  3 16836416 164808 2.9 30 10 1 2 45% 345164 1460 56%
c - 2844.00 145 22 217 483832  3 16952268 137297 2.9 30 10 1 2 45% 345164 1460 56%
c p 2844.08 145 22 217 483832  3 16952268 137454 2.9 30 10 1 2 45% 345164 1460 56%
c u 2845.00 145 22 217 483832  3 16952268 134174 2.9 30 10 1 2 45% 345164 1460 56%
c v 2845.37 145 22 217 483832  3 16952268 133230 2.9 30 10 1 2 45% 345164 1460 56%
c 
c   seconds     reductions      conflicts           size   tier2       variables
c            MB       restarts          redundant      glue   trail         remaining
c             level          rate             size/glue  tier1  irredundant
c 
c B 2856.85 145 21 217 487320  3 17020417 192001 2.9 29 10 1 2 44% 345164 1460 56%
c } 2865.98 145 21 217 490384  3 17064536 230246 2.8 29 10 1 2 44% 345164 1460 56%
c [ 2865.98 145 40 217 490384  1 17064536 230246 2.0 45 22 2 5 42% 345164 1460 56%
c - 2873.75 145 35 218 490399  1 17110581 137500 2.1 42 20 2 6 42% 345164 1460 56%
c p 2873.85 145 35 218 490399  1 17110581 137657 2.1 42 20 2 6 42% 345164 1460 56%
c u 2874.14 145 35 218 490399  1 17110581 136928 2.1 42 20 2 6 42% 345164 1460 56%
c v 2875.05 145 35 218 490399  1 17110581 134195 2.1 42 20 2 6 42% 345164 1460 56%
c w 2875.06 145 35 218 490399  1 17110581 134195 2.1 42 20 2 6 42% 345164 1460 56%
c I 2888.90 145 38 218 490417  1 17205421 219891 2.2 43 20 2 6 45% 345164 1460 56%
c - 2899.05 123 40 219 490447  1 17269631 135438 1.9 43 22 2 6 42% 345164 1460 56%
c p 2899.13 123 40 219 490447  1 17269631 135598 1.9 43 22 2 6 42% 345164 1460 56%
c u 2899.39 123 40 219 490447  1 17269631 135471 1.9 43 22 2 6 42% 345164 1460 56%
c v 2899.87 123 40 219 490447  1 17269631 133700 1.9 43 22 2 6 42% 345164 1460 56%
c w 2899.88 123 40 219 490447  1 17269631 133700 1.9 43 22 2 6 42% 345164 1460 56%
c s 2918.91 137 43 219 490480  1 17378387 223539 1.9 44 23 2 6 42% 345164 1460 56%
c s 2919.90 137 43 219 490480  1 17378387 223419 1.9 44 23 2 6 42% 345164 1460 56%
c B 2923.22 137 42 219 490480  1 17391423 234602 1.9 44 23 2 6 43% 345164 1460 56%
c - 2929.15 144 39 220 490481  1 17429421 128586 2.1 45 21 2 6 44% 345164 1460 56%
c p 2929.24 144 39 220 490481  1 17429421 128746 2.1 45 21 2 6 44% 345164 1460 56%
c u 2930.63 144 39 220 490481  1 17429421 128586 2.1 45 21 2 6 44% 345164 1460 56%
c 
c   seconds     reductions      conflicts           size   tier2       variables
c            MB       restarts          redundant      glue   trail         remaining
c             level          rate             size/glue  tier1  irredundant
c 
c v 2930.64 144 39 220 490481  1 17429421 128585 2.1 45 21 2 6 44% 345164 1460 56%
c w 2930.64 144 39 220 490481  1 17429421 128584 2.1 45 21 2 6 44% 345164 1460 56%
c ] 2955.97 144 37 220 490482  1 17578061 262127 2.1 45 21 2 6 47% 345164 1460 56%
c { 2955.97 144 21 220 490482  3 17578061 262127 2.8 29 10 1 2 44% 345164 1460 56%
c W 2963.28 144 21 220 490529  3 17578427 262467 2.8 29 10 1 2 44% 345164 1460 56%
c - 2966.27 144 22 221 491282  3 17589946 131877 2.9 29 10 1 2 44% 345164 1460 56%
c p 2966.34 144 22 221 491282  3 17589946 132036 2.9 29 10 1 2 44% 345164 1460 56%
c u 2966.54 144 22 221 491282  3 17589946 132024 2.9 29 10 1 2 44% 345164 1460 56%
c v 2966.87 144 22 221 491282  3 17589946 131101 2.9 29 10 1 2 44% 345164 1460 56%
c w 2966.88 144 22 221 491282  3 17589946 131101 2.9 29 10 1 2 44% 345164 1460 56%
c - 2999.64 166 21 222 500983  3 17751208 140029 2.9 29 10 1 2 44% 345164 1460 56%
c p 2999.74 166 21 222 500983  3 17751208 140190 2.9 29 10 1 2 44% 345164 1460 56%
c u 3000.23 166 21 222 500983  3 17751208 139911 2.9 29 10 1 2 44% 345164 1460 56%
c v 3001.04 166 21 222 500983  3 17751208 137768 2.9 29 10 1 2 44% 345164 1460 56%
c w 3001.05 166 21 222 500983  3 17751208 137768 2.9 29 10 1 2 44% 345164 1460 56%
c F 3003.54 166 21 222 501727  3 17766428 150835 2.9 29 10 1 2 44% 345164 1460 56%
c - 3036.45 144 22 223 511282  3 17913209 146903 2.9 29 10 1 2 44% 345164 1460 56%
c p 3036.54 144 22 223 511282  3 17913209 147064 2.9 29 10 1 2 44% 345164 1460 56%
c u 3037.32 144 22 223 511282  3 17913209 146669 2.9 29 10 1 2 44% 345164 1460 56%
c v 3037.96 144 22 223 511282  3 17913209 144872 2.9 29 10 1 2 44% 345164 1460 56%
c 
c   seconds     reductions      conflicts           size   tier2       variables
c            MB       restarts          redundant      glue   trail         remaining
c             level          rate             size/glue  tier1  irredundant
c 
c w 3037.97 144 22 223 511282  3 17913209 144872 2.9 29 10 1 2 44% 345164 1460 56%
c B 3045.48 144 22 223 513767  3 17955430 181376 2.8 29 10 1 2 44% 345164 1460 56%
c } 3060.31 144 21 223 518672  3 18031920 247321 2.8 29 10 1 2 44% 345164 1460 56%
c [ 3060.31 144 37 223 518672  1 18031920 247321 2.1 45 21 2 6 47% 345164 1460 56%
c s 3064.34 144 36 223 518672  1 18056513 268686 2.2 43 20 2 6 46% 345164 1460 56%
c s 3065.33 144 36 223 518672  1 18056513 268347 2.2 43 20 2 6 46% 345164 1460 56%
c - 3067.93 167 38 224 518673  1 18075945 150062 2.6 53 21 2 6 49% 345164 1460 56%
c p 3068.02 167 38 224 518673  1 18075945 150222 2.6 53 21 2 6 49% 345164 1460 56%
c u 3068.70 167 38 224 518673  1 18075945 149794 2.6 53 21 2 6 49% 345164 1460 56%
c v 3069.11 167 38 224 518673  1 18075945 148350 2.6 53 21 2 6 49% 345164 1460 56%
c w 3069.12 167 38 224 518673  1 18075945 148345 2.6 53 21 2 6 49% 345164 1460 56%
c W 3085.41 167 52 224 518673  1 18145433 208660 3.4 102 30 2 6 60% 345164 1460 56%
c - 3099.16 167 59 225 518673  1 18239420 146781 2.6 81 31 2 6 55% 345164 1460 56%
c p 3099.24 167 59 225 518673  1 18239420 146933 2.6 81 31 2 6 55% 345164 1460 56%
c u 3099.92 167 59 225 518673  1 18239420 145831 2.6 81 31 2 6 55% 345164 1460 56%
c w 3100.23 167 59 225 518673  1 18239420 144691 2.6 81 31 2 6 55% 345164 1460 56%
c O 3112.17 167 49 225 518674  1 18336435 233340 2.6 64 25 2 6 50% 345164 1460 56%
c - 3123.57 144 45 226 518674  1 18403633 138486 2.6 59 23 2 6 54% 345164 1460 56%
c p 3123.64 144 45 226 518674  1 18403633 138641 2.6 59 23 2 6 54% 345164 1460 56%
c u 3124.17 144 45 226 518674  1 18403633 137126 2.6 59 23 2 6 54% 345164 1460 56%
c 
c   seconds     reductions      conflicts           size   tier2       variables
c            MB       restarts          redundant      glue   trail         remaining
c             level          rate             size/glue  tier1  irredundant
c 
c v 3124.18 144 45 226 518674  1 18403633 137125 2.6 59 23 2 6 54% 345164 1460 56%
c w 3124.19 144 45 226 518674  1 18403633 137123 2.6 59 23 2 6 54% 345164 1460 56%
c B 3142.70 144 32 226 518674  1 18528436 249572 2.6 45 17 2 6 52% 345164 1460 56%
c - 3149.87 165 50 227 518674  1 18568584 138970 3.4 92 27 2 5 61% 345164 1460 56%
c p 3149.94 165 50 227 518674  1 18568584 139119 3.4 92 27 2 5 61% 345164 1460 56%
c u 3151.60 165 50 227 518674  1 18568584 137042 3.4 92 27 2 5 61% 345164 1460 56%
c v 3151.63 165 50 227 518674  1 18568584 137009 3.4 92 27 2 5 61% 345164 1460 56%
c w 3151.67 165 50 227 518674  1 18568584 136988 3.4 92 27 2 5 61% 345164 1460 56%
c ] 3165.93 165 53 227 518674  2 18657095 212274 3.0 93 31 2 5 57% 345164 1460 56%
c { 3165.93 165 21 227 518674  3 18657095 212274 2.8 29 10 1 2 44% 345164 1460 56%
c W 3189.31 165 21 227 522310  3 18721437 266865 2.8 29 10 1 2 44% 345164 1460 56%
c - 3194.42 165 21 228 523412  3 18734274 140976 2.8 29 10 1 2 44% 345164 1460 56%
c p 3194.51 165 21 228 523412  3 18734274 141144 2.8 29 10 1 2 44% 345164 1460 56%
c u 3195.29 165 21 228 523412  3 18734274 138352 2.8 29 10 1 2 44% 345164 1460 56%
c v 3195.69 165 21 228 523412  3 18734274 136751 2.8 29 10 1 2 44% 345164 1460 56%
c s 3199.29 165 21 228 524229  3 18750408 150392 2.8 29 10 1 2 44% 345164 1460 56%
c s 3199.83 165 21 228 524229  3 18750408 150330 2.8 29 10 1 2 44% 345164 1460 56%
c - 3232.81 165 21 229 532998  3 18900703 146466 2.8 29 10 1 2 44% 345164 1460 56%
c p 3232.89 165 21 229 532998  3 18900703 146628 2.8 29 10 1 2 44% 345164 1460 56%
c u 3233.77 165 21 229 532998  3 18900703 143521 2.8 29 10 1 2 44% 345164 1460 56%
c 
c   seconds     reductions      conflicts           size   tier2       variables
c            MB       restarts          redundant      glue   trail         remaining
c             level          rate             size/glue  tier1  irredundant
c 
c v 3234.27 165 21 229 532998  3 18900703 142764 2.8 29 10 1 2 44% 345164 1460 56%
c w 3234.27 165 21 229 532998  3 18900703 142764 2.8 29 10 1 2 44% 345164 1460 56%
c # 3236.83 165 21 229 533752  3 18915439 155384 2.8 29 10 1 2 45% 345164 1460 56%
c - 3269.16 165 21 230 543041  3 19067867 151407 2.9 29 10 1 2 45% 345164 1460 56%
c p 3269.24 165 21 230 543041  3 19067867 151568 2.9 29 10 1 2 45% 345164 1460 56%
c u 3270.13 165 21 230 543041  3 19067867 148341 2.9 29 10 1 2 45% 345164 1460 56%
c v 3270.49 165 21 230 543041  3 19067867 146735 2.9 29 10 1 2 45% 345164 1460 56%
c w 3270.49 165 21 230 543041  3 19067867 146735 2.9 29 10 1 2 45% 345164 1460 56%
c B 3279.21 165 21 230 545834  3 19110440 183965 2.9 29 10 1 2 45% 345164 1460 56%
c } 3279.82 165 21 230 545990  3 19113603 186651 2.9 30 10 1 2 45% 345164 1460 56%
c [ 3279.82 165 53 230 545990  2 19113603 186651 3.0 93 31 2 5 57% 345164 1460 56%
c - 3300.77 165 32 231 545990  1 19235767 151721 2.9 55 19 2 5 46% 345164 1460 56%
c p 3300.86 165 32 231 545990  1 19235767 151887 2.9 55 19 2 5 46% 345164 1460 56%
c u 3301.91 165 32 231 545990  1 19235767 149328 2.9 55 19 2 5 46% 345164 1460 56%
c v 3302.40 165 32 231 545990  1 19235767 147873 2.9 55 19 2 5 46% 345164 1460 56%
c w 3302.41 165 32 231 545990  1 19235767 147873 2.9 55 19 2 5 46% 345164 1460 56%
c W 3316.53 165 29 231 545990  1 19306442 212584 2.9 49 17 2 5 46% 345164 1460 56%
c - 3331.34 165 40 232 545991  1 19404405 144898 2.3 52 22 2 5 44% 345164 1460 56%
c p 3331.43 165 40 232 545991  1 19404405 145056 2.3 52 22 2 5 44% 345164 1460 56%
c u 3332.14 165 40 232 545991  1 19404405 142989 2.3 52 22 2 5 44% 345164 1460 56%
c 
c   seconds     reductions      conflicts           size   tier2       variables
c            MB       restarts          redundant      glue   trail         remaining
c             level          rate             size/glue  tier1  irredundant
c 
c v 3332.38 165 40 232 545991  1 19404405 142117 2.3 52 22 2 5 44% 345164 1460 56%
c w 3332.39 165 40 232 545991  1 19404405 142112 2.3 52 22 2 5 44% 345164 1460 56%
c s 3339.22 165 44 232 545991  1 19460075 191826 2.4 52 22 2 5 46% 345164 1460 56%
c s 3339.97 165 44 232 545991  1 19460075 191634 2.4 52 22 2 5 46% 345164 1460 56%
c I 3347.84 165 45 232 545991  1 19503444 228822 2.3 51 23 2 5 45% 345164 1460 56%
c - 3361.08 165 43 233 545991  1 19573782 134500 2.2 49 22 2 5 45% 345164 1460 56%
c p 3361.17 165 43 233 545991  1 19573782 134653 2.2 49 22 2 5 45% 345164 1460 56%
c u 3362.00 165 43 233 545991  1 19573782 132238 2.2 49 22 2 5 45% 345164 1460 56%
c v 3362.00 165 43 233 545991  1 19573782 132237 2.2 49 22 2 5 45% 345164 1460 56%
c w 3362.01 165 43 233 545991  1 19573782 132237 2.2 49 22 2 5 45% 345164 1460 56%
c B 3378.64 165 40 233 545991  2 19701446 238829 2.0 44 22 2 6 41% 345164 1460 56%
c ] 3383.26 165 45 233 545991  2 19733482 266869 2.0 47 24 2 6 43% 345164 1460 56%
c { 3383.26 165 21 233 545991  3 19733482 266869 2.9 30 10 1 2 45% 345164 1460 56%
c - 3387.54 165 21 234 546772  3 19743897 131785 2.9 30 10 1 2 45% 345164 1460 56%
c p 3387.63 165 21 234 546772  3 19743897 131945 2.9 30 10 1 2 45% 345164 1460 56%
c u 3388.37 165 21 234 546772  3 19743897 129521 2.9 30 10 1 2 45% 345164 1460 56%
c W 3422.94 165 22 234 555962  3 19900449 265692 2.9 30 10 1 2 45% 345164 1460 56%
c - 3426.63 165 22 235 556829  3 19914748 141423 2.9 30 10 1 2 45% 345164 1460 56%
c p 3426.73 165 22 235 556829  3 19914748 141582 2.9 30 10 1 2 45% 345164 1460 56%
c u 3428.68 165 22 235 556829  3 19914748 138312 2.9 30 10 1 2 45% 345164 1460 56%
c 
c   seconds     reductions      conflicts           size   tier2       variables
c            MB       restarts          redundant      glue   trail         remaining
c             level          rate             size/glue  tier1  irredundant
c 
c v 3429.18 165 22 235 556829  3 19914748 137904 2.9 30 10 1 2 45% 345164 1460 56%
c w 3429.19 165 22 235 556829  3 19914748 137902 2.9 30 10 1 2 45% 345164 1460 56%
c - 3465.64 166 22 236 567488  3 20086337 147685 2.9 30 10 1 2 45% 345164 1460 56%
c p 3465.73 166 22 236 567488  3 20086337 147849 2.9 30 10 1 2 45% 345164 1460 56%
c u 3466.79 166 22 236 567488  3 20086337 144789 2.9 30 10 1 2 45% 345164 1460 56%
c v 3467.32 166 22 236 567488  3 20086337 143559 2.9 30 10 1 2 45% 345164 1460 56%
c F 3470.09 166 22 236 568369  3 20100451 155769 2.9 29 10 1 2 45% 345164 1460 56%
c s 3488.02 166 22 236 573497  3 20185511 230429 2.9 29 10 1 2 45% 345164 1460 56%
c s 3489.24 166 22 236 573497  3 20185511 230160 2.9 29 10 1 2 45% 345164 1460 56%
c } 3502.20 166 22 236 576474  3 20232374 270745 2.9 29 10 1 2 44% 345164 1460 56%
c [ 3502.20 166 45 236 576474  2 20232374 270745 2.0 47 24 2 6 43% 345164 1460 56%
c - 3506.68 166 41 237 576474  1 20258664 151029 2.1 46 21 2 6 44% 345164 1460 56%
c p 3506.76 166 41 237 576474  1 20258664 151181 2.1 46 21 2 6 44% 345164 1460 56%
c u 3507.67 166 41 237 576474  1 20258664 148120 2.1 46 21 2 6 44% 345164 1460 56%
c v 3508.15 166 41 237 576474  1 20258664 146507 2.1 46 21 2 6 44% 345164 1460 56%
c w 3508.15 166 41 237 576474  1 20258664 146507 2.1 46 21 2 6 44% 345164 1460 56%
c W 3519.27 166 51 237 576474  2 20301452 184602 3.0 77 26 2 6 52% 345164 1460 56%
c - 3604.55 166 53 238 576474  1 20431729 148969 2.2 61 27 2 5 45% 345164 1460 56%
c p 3605.18 166 53 238 576474  1 20431729 149129 2.2 61 27 2 5 45% 345164 1460 56%
c u 3608.14 166 53 238 576474  1 20431729 147789 2.2 61 27 2 5 45% 345164 1460 56%
c 
c   seconds     reductions      conflicts           size   tier2       variables
c            MB       restarts          redundant      glue   trail         remaining
c             level          rate             size/glue  tier1  irredundant
c 
c v 3609.43 166 53 238 576474  1 20431729 147161 2.2 61 27 2 5 45% 345164 1460 56%
c w 3609.49 166 53 238 576474  1 20431729 147160 2.2 61 27 2 5 45% 345164 1460 56%
c O 3636.91 166 47 238 576474  2 20503455 211174 2.1 52 25 2 6 42% 345164 1460 56%
c - 3684.66 166 46 239 576474  2 20605532 139558 2.4 57 24 2 6 45% 345164 1460 56%
c p 3684.96 166 46 239 576474  2 20605532 139718 2.4 57 24 2 6 45% 345164 1460 56%
c u 3687.63 166 46 239 576474  2 20605532 137251 2.4 57 24 2 6 45% 345164 1460 56%
c v 3687.64 166 46 239 576474  2 20605532 137249 2.4 57 24 2 6 45% 345164 1460 56%
c w 3687.65 166 46 239 576474  2 20605532 137249 2.4 57 24 2 6 45% 345164 1460 56%
c B 3713.69 166 46 239 576474  1 20706456 226660 2.2 56 25 2 6 45% 345164 1460 56%
c - 3737.91 166 59 240 576474  1 20780072 137114 2.1 59 28 2 6 50% 345164 1460 56%
c p 3738.04 166 59 240 576474  1 20780072 137272 2.1 59 28 2 6 50% 345164 1460 56%
c u 3739.37 166 59 240 576474  1 20780072 133756 2.1 59 28 2 6 50% 345164 1460 56%
c v 3739.37 166 59 240 576474  1 20780072 133756 2.1 59 28 2 6 50% 345164 1460 56%
c w 3739.38 166 59 240 576474  1 20780072 133755 2.1 59 28 2 6 50% 345164 1460 56%
c ] 3757.64 166 55 240 576474  1 20878710 219230 1.9 54 29 2 6 45% 345164 1460 56%
c { 3757.64 166 22 240 576474  3 20878710 219230 2.9 29 10 1 2 44% 345164 1460 56%
c B 3769.85 166 22 240 578599  3 20910457 247223 2.9 29 10 1 2 44% 345164 1460 56%
c s 3777.27 166 22 240 579614  3 20926718 261282 2.9 29 10 1 2 44% 345164 1460 56%
c s 3777.90 166 22 240 579614  3 20926718 261252 2.9 29 10 1 2 44% 345164 1460 56%
c - 3788.40 166 22 241 581287  3 20955349 140824 2.9 29 10 1 2 44% 345164 1460 56%
c 
c   seconds     reductions      conflicts           size   tier2       variables
c            MB       restarts          redundant      glue   trail         remaining
c             level          rate             size/glue  tier1  irredundant
c 
c p 3788.50 166 22 241 581287  3 20955349 140986 2.9 29 10 1 2 44% 345164 1460 56%
c u 3789.65 166 22 241 581287  3 20955349 137490 2.9 29 10 1 2 44% 345164 1460 56%
c v 3790.25 166 22 241 581287  3 20955349 136648 2.9 29 10 1 2 44% 345164 1460 56%
c W 3832.96 166 21 241 590858  3 21115459 275263 2.9 29 10 1 2 45% 345164 1460 56%
c - 3838.21 166 21 242 592214  3 21131363 148422 2.9 30 10 1 2 45% 345164 1460 56%
c p 3838.32 166 21 242 592214  3 21131363 148583 2.9 30 10 1 2 45% 345164 1460 56%
c u 3839.65 166 21 242 592214  3 21131363 145519 2.9 30 10 1 2 45% 345164 1460 56%
c v 3840.34 166 21 242 592214  3 21131363 144177 2.9 30 10 1 2 45% 345164 1460 56%
c - 3883.29 168 21 243 602954  3 21308115 153654 2.9 29 10 1 2 45% 345164 1460 56%
c p 3883.40 168 21 243 602954  3 21308115 153803 2.9 29 10 1 2 45% 345164 1460 56%
c u 3884.71 168 21 243 602954  3 21308115 150351 2.9 29 10 1 2 45% 345164 1460 56%
c v 3885.39 168 21 243 602954  3 21308115 149246 2.9 29 10 1 2 45% 345164 1460 56%
c w 3885.39 168 21 243 602954  3 21308115 149246 2.9 29 10 1 2 45% 345164 1460 56%
c # 3888.12 168 21 243 603703  3 21321461 160687 2.9 29 10 1 2 45% 345164 1460 56%
c } 3900.57 168 21 243 607204  3 21378204 209951 2.9 29 10 1 2 45% 345164 1460 56%
c [ 3900.57 168 55 243 607204  1 21378204 209951 1.9 54 29 2 6 45% 345164 1460 56%
c - 3919.97 168 35 244 607245  1 21485606 153106 2.2 43 20 2 6 45% 345164 1460 56%
c p 3920.07 168 35 244 607245  1 21485606 153256 2.2 43 20 2 6 45% 345164 1460 56%
c u 3922.51 168 35 244 607245  1 21485606 149778 2.2 43 20 2 6 45% 345164 1460 56%
c v 3923.11 168 35 244 607245  1 21485606 148251 2.2 43 20 2 6 45% 345164 1460 56%
c 
c   seconds     reductions      conflicts           size   tier2       variables
c            MB       restarts          redundant      glue   trail         remaining
c             level          rate             size/glue  tier1  irredundant
c 
c w 3923.11 168 35 244 607245  1 21485606 148250 2.2 43 20 2 6 45% 345164 1460 56%
c W 3933.22 168 48 244 607264  1 21528466 184865 2.9 80 28 2 6 56% 345164 1460 56%
c - 3963.31 168 39 245 607298  1 21663834 144011 2.2 51 24 2 6 43% 345164 1460 56%
c p 3963.41 168 39 245 607298  1 21663834 144171 2.2 51 24 2 6 43% 345164 1460 56%
c u 3964.58 168 39 245 607298  1 21663834 140887 2.2 51 24 2 6 43% 345164 1460 56%
c v 3965.18 168 39 245 607298  1 21663834 139293 2.2 51 24 2 6 43% 345164 1460 56%
c w 3965.18 168 39 245 607298  1 21663834 139293 2.2 51 24 2 6 43% 345164 1460 56%
c s 3968.97 168 36 245 607306  1 21683695 154804 2.1 48 22 2 6 42% 345164 1460 56%
c s 3969.58 168 36 245 607306  1 21683695 154674 2.1 48 22 2 6 42% 345164 1460 56%
c I 3977.76 168 34 245 607328  1 21736467 197573 2.5 52 21 2 6 46% 345164 1460 56%
c - 3997.51 168 37 246 607331  1 21842801 132258 1.9 46 23 2 6 39% 345164 1460 56%
c p 3997.59 168 37 246 607331  1 21842801 132417 1.9 46 23 2 6 39% 345164 1460 56%
c u 3998.57 168 37 246 607331  1 21842801 129736 1.9 46 23 2 6 39% 345164 1460 56%
c v 3998.58 168 37 246 607331  1 21842801 129731 1.9 46 23 2 6 39% 345164 1460 56%
c w 3998.58 168 37 246 607331  1 21842801 129731 1.9 46 23 2 6 39% 345164 1460 56%
c B 4015.75 168 36 246 607368  1 21945468 211690 2.1 47 22 2 6 39% 345164 1460 56%
c ] 4021.23 168 32 246 607384  1 21983703 244774 2.3 45 20 2 6 41% 345164 1460 56%
c { 4021.23 168 21 246 607384  3 21983703 244774 2.9 29 10 1 2 45% 345164 1460 56%
c - 4035.11 168 21 247 609956  3 22022503 135126 2.9 29 10 1 2 45% 345164 1460 56%
c p 4035.19 168 21 247 609956  3 22022503 135284 2.9 29 10 1 2 45% 345164 1460 56%
c 
c   seconds     reductions      conflicts           size   tier2       variables
c            MB       restarts          redundant      glue   trail         remaining
c             level          rate             size/glue  tier1  irredundant
c 
c u 4036.04 168 21 247 609956  3 22022503 132361 2.9 29 10 1 2 45% 345164 1460 56%
c v 4036.47 168 21 247 609956  3 22022503 131577 2.9 29 10 1 2 45% 345164 1460 56%
c w 4036.47 168 21 247 609956  3 22022503 131577 2.9 29 10 1 2 45% 345164 1460 56%
c B 4062.13 168 21 247 617994  3 22155470 246854 2.8 29 10 1 2 45% 345164 1460 56%
c - 4075.82 168 21 248 620949  3 22202946 145570 2.8 29 10 1 2 44% 345164 1460 56%
c p 4075.91 168 21 248 620949  3 22202946 145727 2.8 29 10 1 2 44% 345164 1460 56%
c u 4076.86 168 21 248 620949  3 22202946 142246 2.8 29 10 1 2 44% 345164 1460 56%
c v 4077.32 168 21 248 620949  3 22202946 140933 2.8 29 10 1 2 44% 345164 1460 56%
c w 4077.32 168 21 248 620949  3 22202946 140933 2.8 29 10 1 2 44% 345164 1460 56%
c W 4115.02 168 21 248 631168  3 22366473 283354 2.8 29 10 1 2 44% 345164 1460 56%
c - 4118.76 168 20 249 632091  3 22384125 152102 2.8 28 10 1 2 44% 345164 1460 56%
c p 4118.83 168 20 249 632091  3 22384125 152252 2.8 28 10 1 2 44% 345164 1460 56%
c u 4119.45 168 20 249 632091  3 22384125 148592 2.8 28 10 1 2 44% 345164 1460 56%
c v 4119.99 168 20 249 632091  3 22384125 147313 2.8 28 10 1 2 44% 345164 1460 56%
c s 4131.97 168 20 249 636418  3 22456443 208762 2.8 28 10 1 2 44% 345164 1460 56%
c s 4132.80 168 20 249 636418  3 22456443 208338 2.8 28 10 1 2 44% 345164 1460 56%
c } 4141.84 168 21 249 640067  3 22499607 246214 2.8 29 10 1 2 44% 345164 1460 56%
c [ 4141.84 168 32 249 640067  1 22499607 246214 2.3 45 20 2 6 41% 345164 1460 56%
c - 4151.35 168 27 250 640077  1 22566043 153577 2.4 40 17 2 6 44% 345164 1460 56%
c p 4151.42 168 27 250 640077  1 22566043 153721 2.4 40 17 2 6 44% 345164 1460 56%
c 
c   seconds     reductions      conflicts           size   tier2       variables
c            MB       restarts          redundant      glue   trail         remaining
c             level          rate             size/glue  tier1  irredundant
c 
c u 4152.12 168 27 250 640077  1 22566043 149683 2.4 40 17 2 6 44% 345164 1460 56%
c v 4152.52 168 27 250 640077  1 22566043 148151 2.4 40 17 2 6 44% 345164 1460 56%
c w 4152.52 168 27 250 640077  1 22566043 148151 2.4 40 17 2 6 44% 345164 1460 56%
c W 4156.16 168 27 250 640083  1 22578474 159156 2.4 39 16 2 6 44% 345164 1460 56%
c - 4188.19 168 31 251 640140  1 22748703 146764 2.0 39 19 2 6 42% 345164 1460 56%
c p 4188.26 168 31 251 640140  1 22748703 146913 2.0 39 19 2 6 42% 345164 1460 56%
c u 4188.49 168 31 251 640140  1 22748703 146580 2.0 39 19 2 6 42% 345164 1460 56%
c v 4189.68 168 31 251 640140  1 22748703 141885 2.0 39 19 2 6 42% 345164 1460 56%
c O 4194.04 168 37 251 640141  1 22791476 179353 2.0 43 21 2 6 42% 345164 1460 56%
c - 4211.93 168 42 252 640142  1 22932095 140666 2.3 51 22 2 6 43% 345164 1460 56%
c p 4212.00 168 42 252 640142  1 22932095 140819 2.3 51 22 2 6 43% 345164 1460 56%
c u 4212.19 168 42 252 640142  1 22932095 140802 2.3 51 22 2 6 43% 345164 1460 56%
c v 4212.68 168 42 252 640142  1 22932095 139512 2.3 51 22 2 6 43% 345164 1460 56%
c w 4212.69 168 42 252 640142  1 22932095 139510 2.3 51 22 2 6 43% 345164 1460 56%
c B 4221.04 168 38 252 640157  2 23005477 204894 2.3 47 20 2 6 41% 345164 1460 56%
c - 4239.34 168 30 253 640203  1 23116228 140045 2.3 41 18 2 6 43% 345164 1460 56%
c p 4239.41 168 30 253 640203  1 23116228 140198 2.3 41 18 2 6 43% 345164 1460 56%
c u 4239.89 168 30 253 640203  1 23116228 139994 2.3 41 18 2 6 43% 345164 1460 56%
c v 4239.89 168 30 253 640203  1 23116228 139990 2.3 41 18 2 6 43% 345164 1460 56%
c w 4239.89 168 30 253 640203  1 23116228 139990 2.3 41 18 2 6 43% 345164 1460 56%
c 
c   seconds     reductions      conflicts           size   tier2       variables
c            MB       restarts          redundant      glue   trail         remaining
c             level          rate             size/glue  tier1  irredundant
c 
c ] 4242.07 168 29 253 640204  1 23138263 158417 2.3 39 17 2 6 43% 345164 1460 56%
c { 4242.07 168 21 253 640204  3 23138263 158417 2.8 29 10 1 2 44% 345164 1460 56%
c F 4258.98 168 21 253 645238  3 23220480 229577 2.8 29 10 1 2 44% 345164 1460 56%
c - 4276.70 168 21 254 649682  3 23301095 151764 2.8 29 10 1 2 44% 345164 1460 56%
c p 4276.78 168 21 254 649682  3 23301095 151909 2.8 29 10 1 2 44% 345164 1460 56%
c u 4279.10 168 21 254 649682  3 23301095 151625 2.8 29 10 1 2 44% 345164 1460 56%
c v 4279.99 168 21 254 649682  3 23301095 150744 2.8 29 10 1 2 44% 345164 1460 56%
c w 4280.00 168 21 254 649682  3 23301095 150744 2.8 29 10 1 2 44% 345164 1460 56%
c s 4289.58 168 21 254 652592  3 23351261 193627 2.8 29 10 1 2 44% 345164 1460 56%
c s 4290.10 168 21 254 652592  3 23351261 193561 2.8 29 10 1 2 44% 345164 1460 56%
c B 4307.87 168 21 254 658268  3 23436481 267577 2.8 29 10 1 2 44% 345164 1460 56%
c - 4320.68 124 21 255 661481  3 23486702 162599 2.8 29 10 1 2 45% 345164 1460 56%
c p 4320.77 124 21 255 661481  3 23486702 162748 2.8 29 10 1 2 45% 345164 1460 56%
c u 4321.56 124 21 255 661481  3 23486702 162378 2.8 29 10 1 2 45% 345164 1460 56%
c v 4322.27 124 21 255 661481  3 23486702 160538 2.8 29 10 1 2 45% 345164 1460 56%
c w 4322.27 124 21 255 661481  3 23486702 160538 2.8 29 10 1 2 45% 345164 1460 56%
c W 4364.37 124 21 255 671419  3 23653485 304040 2.8 29 10 1 2 44% 345164 1460 56%
c } 4368.30 124 21 255 672331  3 23669764 318033 2.8 29 10 1 2 44% 345164 1460 56%
c [ 4368.30 124 29 255 672331  1 23669764 318033 2.3 39 17 2 6 43% 345164 1460 56%
c - 4368.90 124 29 256 672332  1 23673044 167683 2.3 39 17 2 6 43% 345164 1460 56%
c 
c   seconds     reductions      conflicts           size   tier2       variables
c            MB       restarts          redundant      glue   trail         remaining
c             level          rate             size/glue  tier1  irredundant
c 
c p 4368.98 124 29 256 672332  1 23673044 167827 2.3 39 17 2 6 43% 345164 1460 56%
c u 4369.72 124 29 256 672332  1 23673044 167443 2.3 39 17 2 6 43% 345164 1460 56%
c v 4370.42 124 29 256 672332  1 23673044 165744 2.3 39 17 2 6 43% 345164 1460 56%
c w 4370.43 124 29 256 672332  1 23673044 165744 2.3 39 17 2 6 43% 345164 1460 56%
c - 4404.92 124 37 257 672394  1 23860128 163172 2.0 43 22 2 6 41% 345164 1460 56%
c p 4404.99 124 37 257 672394  1 23860128 163319 2.0 43 22 2 6 41% 345164 1460 56%
c u 4405.93 124 37 257 672394  1 23860128 161434 2.0 43 22 2 6 41% 345164 1460 56%
c v 4406.40 124 37 257 672394  1 23860128 159820 2.0 43 22 2 6 41% 345164 1460 56%
c w 4406.41 124 37 257 672394  1 23860128 159820 2.0 43 22 2 6 41% 345164 1460 56%
c W 4409.23 124 37 257 672395  1 23871489 169667 2.0 43 22 2 6 41% 345164 1460 56%
c - 4443.13 123 38 258 672427  1 24047947 143866 1.9 43 23 2 6 40% 345164 1460 56%
c p 4443.20 123 38 258 672427  1 24047947 144019 1.9 43 23 2 6 40% 345164 1460 56%
c u 4443.85 123 38 258 672427  1 24047947 141923 1.9 43 23 2 6 40% 345164 1460 56%
c v 4443.85 123 38 258 672427  1 24047947 141921 1.9 43 23 2 6 40% 345164 1460 56%
c w 4443.85 123 38 258 672427  1 24047947 141920 1.9 43 23 2 6 40% 345164 1460 56%
c I 4448.80 123 42 258 672445  1 24090492 178630 1.9 45 24 2 6 40% 345164 1460 56%
c - 4474.93 144 33 259 672489  1 24236503 140608 2.0 40 20 2 6 41% 345164 1460 56%
c p 4474.99 144 33 259 672489  1 24236503 140753 2.0 40 20 2 6 41% 345164 1460 56%
c u 4475.57 144 33 259 672489  1 24236503 138308 2.0 40 20 2 6 41% 345164 1460 56%
c v 4475.57 144 33 259 672489  1 24236503 138307 2.0 40 20 2 6 41% 345164 1460 56%
c 
c   seconds     reductions      conflicts           size   tier2       variables
c            MB       restarts          redundant      glue   trail         remaining
c             level          rate             size/glue  tier1  irredundant
c 
c w 4475.58 144 33 259 672489  1 24236503 138307 2.0 40 20 2 6 41% 345164 1460 56%
c s 4477.45 144 33 259 672490  1 24246391 146498 2.0 40 20 2 6 42% 345164 1460 56%
c s 4478.01 144 33 259 672490  1 24246391 146355 2.0 40 20 2 6 42% 345164 1460 56%
c ] 4483.63 144 30 259 672508  1 24289358 183196 2.2 39 18 2 6 42% 345164 1460 56%
c { 4483.63 144 21 259 672508  3 24289358 183196 2.8 29 10 1 2 44% 345164 1460 56%
c # 4487.71 144 21 259 673647  3 24310494 201638 2.8 29 10 1 2 44% 345164 1460 56%
c - 4512.98 167 21 260 680161  3 24425798 152212 2.9 29 10 1 2 44% 345164 1460 56%
c p 4513.08 167 21 260 680161  3 24425798 152358 2.9 29 10 1 2 44% 345164 1460 56%
c u 4514.04 167 21 260 680161  3 24425798 148511 2.9 29 10 1 2 44% 345164 1460 56%
c v 4514.58 167 21 260 680161  3 24425798 148136 2.9 29 10 1 2 44% 345164 1460 56%
c w 4514.58 167 21 260 680161  3 24425798 148136 2.9 29 10 1 2 44% 345164 1460 56%
c B 4535.26 167 21 260 687384  3 24531495 239149 2.8 29 10 1 2 44% 345164 1460 56%
c - 4554.56 167 20 261 692306  3 24615830 159941 2.8 28 10 1 2 44% 345164 1460 56%
c p 4554.63 167 20 261 692306  3 24615830 160096 2.8 28 10 1 2 44% 345164 1460 56%
c u 4555.66 167 20 261 692306  3 24615830 156377 2.8 28 10 1 2 44% 345164 1460 56%
c v 4556.22 167 20 261 692306  3 24615830 155766 2.8 28 10 1 2 44% 345164 1460 56%
c W 4590.15 167 21 261 701492  3 24753496 275099 2.8 29 10 1 2 44% 345164 1460 56%
c - 4602.67 167 21 262 704698  3 24806598 164046 2.8 29 10 1 2 44% 345164 1460 56%
c p 4602.74 167 21 262 704698  3 24806598 164195 2.8 29 10 1 2 44% 345164 1460 56%
c u 4603.72 167 21 262 704698  3 24806598 160679 2.8 29 10 1 2 44% 345164 1460 56%
c 
c   seconds     reductions      conflicts           size   tier2       variables
c            MB       restarts          redundant      glue   trail         remaining
c             level          rate             size/glue  tier1  irredundant
c 
c v 4604.20 167 21 262 704698  3 24806598 159059 2.8 29 10 1 2 44% 345164 1460 56%
c w 4604.20 167 21 262 704698  3 24806598 159059 2.8 29 10 1 2 44% 345164 1460 56%
c } 4610.65 167 21 262 707153  3 24844226 191844 2.8 29 10 1 2 45% 345164 1460 56%
c [ 4610.65 167 30 262 707153  1 24844226 191844 2.2 39 18 2 6 42% 345164 1460 56%
c B 4633.87 167 23 262 707168  1 24976498 305719 2.6 37 14 2 6 46% 345164 1460 56%
c - 4636.99 170 31 263 707169  1 24998107 163936 2.2 40 18 2 6 44% 345164 1460 56%
c p 4637.06 170 31 263 707169  1 24998107 164082 2.2 40 18 2 6 44% 345164 1460 56%
c u 4637.99 170 31 263 707169  1 24998107 160735 2.2 40 18 2 6 44% 345164 1460 56%
c v 4638.47 170 31 263 707169  1 24998107 159587 2.2 40 18 2 6 44% 345164 1460 56%
c w 4638.47 170 31 263 707169  1 24998107 159587 2.2 40 18 2 6 44% 345164 1460 56%
c s 4647.58 170 37 263 707169  1 25066449 217728 2.0 42 21 2 6 40% 345164 1460 56%
c s 4648.47 170 37 263 707169  1 25066449 217514 2.0 42 21 2 6 40% 345164 1460 56%
c - 4672.96 170 45 264 707170  1 25190354 155288 1.8 47 27 2 6 39% 345164 1460 56%
c p 4673.02 170 45 264 707170  1 25190354 155429 1.8 47 27 2 6 39% 345164 1460 56%
c u 4674.05 170 45 264 707170  1 25190354 151907 1.8 47 27 2 6 39% 345164 1460 56%
c v 4674.63 170 45 264 707170  1 25190354 150019 1.8 47 27 2 6 39% 345164 1460 56%
c w 4674.64 170 45 264 707170  1 25190354 150015 1.8 47 27 2 6 39% 345164 1460 56%
c W 4679.31 170 43 264 707170  1 25200500 158662 1.8 46 26 2 6 40% 345164 1460 56%
c - 4708.39 170 43 265 707170  2 25383337 145887 1.9 47 26 2 6 37% 345164 1460 56%
c p 4708.46 170 43 265 707170  2 25383337 146029 1.9 47 26 2 6 37% 345164 1460 56%
c 
c   seconds     reductions      conflicts           size   tier2       variables
c            MB       restarts          redundant      glue   trail         remaining
c             level          rate             size/glue  tier1  irredundant
c 
c u 4710.51 170 43 265 707170  2 25383337 143015 1.9 47 26 2 6 37% 345164 1460 56%
c v 4710.68 170 43 265 707170  2 25383337 142364 1.9 47 26 2 6 37% 345164 1460 56%
c w 4710.69 170 43 265 707170  2 25383337 142362 1.9 47 26 2 6 37% 345164 1460 56%
c O 4715.59 170 42 265 707186  2 25425503 178536 1.9 46 24 2 6 37% 345164 1460 56%
c ] 4724.13 170 34 265 707207  1 25482468 227034 2.0 40 20 2 6 43% 345164 1460 56%
c { 4724.13 170 21 265 707207  3 25482468 227034 2.8 29 10 1 2 45% 345164 1460 56%
c - 4747.23 170 20 266 713030  3 25577060 153376 2.8 29 10 1 2 45% 345164 1460 56%
c p 4747.31 170 20 266 713030  3 25577060 153522 2.8 29 10 1 2 45% 345164 1460 56%
c u 4748.14 170 20 266 713030  3 25577060 150271 2.8 29 10 1 2 45% 345164 1460 56%
c v 4748.58 170 20 266 713030  3 25577060 149857 2.8 29 10 1 2 45% 345164 1460 56%
c w 4748.58 170 20 266 713030  3 25577060 149857 2.8 29 10 1 2 45% 345164 1460 56%
c F 4762.17 170 21 266 717893  3 25651504 214488 2.8 29 10 1 2 44% 345164 1460 56%
c - 4790.44 170 21 267 725866  3 25771523 163471 2.8 29 10 1 2 45% 345164 1460 56%
c p 4790.51 170 21 267 725866  3 25771523 163612 2.8 29 10 1 2 45% 345164 1460 56%
c u 4791.47 170 21 267 725866  3 25771523 159814 2.8 29 10 1 2 45% 345164 1460 56%
c v 4792.05 170 21 267 725866  3 25771523 158723 2.8 29 10 1 2 45% 345164 1460 56%
c w 4792.05 170 21 267 725866  3 25771523 158723 2.8 29 10 1 2 45% 345164 1460 56%
c B 4813.07 170 21 267 732875  3 25878505 250665 2.8 29 10 1 2 44% 345164 1460 56%
c - 4834.40 170 20 268 738027  3 25966719 167892 2.8 29 10 1 2 45% 345164 1460 56%
c p 4834.47 170 20 268 738027  3 25966719 168038 2.8 29 10 1 2 45% 345164 1460 56%
c 
c   seconds     reductions      conflicts           size   tier2       variables
c            MB       restarts          redundant      glue   trail         remaining
c             level          rate             size/glue  tier1  irredundant
c 
c u 4835.60 170 20 268 738027  3 25966719 164433 2.8 29 10 1 2 45% 345164 1460 56%
c v 4836.12 170 20 268 738027  3 25966719 162786 2.8 29 10 1 2 45% 345164 1460 56%
c w 4836.12 170 20 268 738027  3 25966719 162786 2.8 29 10 1 2 45% 345164 1460 56%
c } 4848.92 170 20 268 742222  3 26040921 226579 2.8 28 10 1 2 44% 345164 1460 56%
c [ 4848.92 170 34 268 742222  1 26040921 226579 2.0 40 20 2 6 43% 345164 1460 56%
c B 4858.89 170 32 268 742247  1 26106506 284643 2.2 40 18 2 6 46% 345164 1460 56%
c - 4869.00 124 44 269 742255  1 26162655 169082 2.2 50 23 2 6 50% 345164 1460 56%
c p 4869.08 124 44 269 742255  1 26162655 169234 2.2 50 23 2 6 50% 345164 1460 56%
c u 4870.15 125 44 269 742255  1 26162655 165778 2.2 50 23 2 6 50% 345164 1460 56%
c v 4870.79 125 44 269 742255  1 26162655 164544 2.2 50 23 2 6 50% 345164 1460 56%
c w 4870.79 125 44 269 742255  1 26162655 164543 2.2 50 23 2 6 50% 345164 1460 56%
c W 4907.14 125 29 269 742311  1 26335507 312010 2.3 39 17 2 6 48% 345164 1460 56%
c - 4910.84 124 31 270 742312  1 26359326 161360 2.3 40 17 2 6 48% 345164 1460 56%
c p 4910.91 124 31 270 742312  1 26359326 161508 2.3 40 17 2 6 48% 345164 1460 56%
c u 4911.88 124 31 270 742312  1 26359326 158720 2.3 40 17 2 6 48% 345164 1460 56%
c v 4912.39 124 31 270 742312  1 26359326 156951 2.3 40 17 2 6 48% 345164 1460 56%
c w 4912.40 124 31 270 742312  1 26359326 156950 2.3 40 17 2 6 48% 345164 1460 56%
c - 4947.82 146 34 271 742372  1 26556737 147828 2.1 42 20 2 6 43% 345164 1460 56%
c p 4947.88 146 34 271 742372  1 26556737 147982 2.1 42 20 2 6 43% 345164 1460 56%
c u 4948.81 146 34 271 742372  1 26556737 144685 2.1 42 20 2 6 43% 345164 1460 56%
c 
c   seconds     reductions      conflicts           size   tier2       variables
c            MB       restarts          redundant      glue   trail         remaining
c             level          rate             size/glue  tier1  irredundant
c 
c v 4948.82 146 34 271 742372  1 26556737 144681 2.1 42 20 2 6 43% 345164 1460 56%
c w 4948.82 146 34 271 742372  1 26556737 144680 2.1 42 20 2 6 43% 345164 1460 56%
c I 4949.72 146 33 271 742373  1 26565508 152021 2.1 41 20 2 6 43% 345164 1460 56%
c ] 4970.10 146 41 271 742415  1 26715466 279302 2.0 45 23 2 6 42% 345164 1460 56%
c { 4970.10 146 20 271 742415  3 26715466 279302 2.8 28 10 1 2 44% 345164 1460 56%
c - 4984.43 169 21 272 745355  3 26754888 149306 2.8 29 10 1 2 44% 345164 1460 56%
c p 4984.52 169 21 272 745355  3 26754888 149459 2.8 29 10 1 2 44% 345164 1460 56%
c u 4985.45 169 21 272 745355  3 26754888 146341 2.8 29 10 1 2 44% 345164 1460 56%
c v 4985.90 169 21 272 745355  3 26754888 144950 2.8 29 10 1 2 44% 345164 1460 56%
c w 4985.91 169 21 272 745355  3 26754888 144950 2.8 29 10 1 2 44% 345164 1460 56%
c W 4996.66 169 21 272 748061  3 26796513 180977 2.8 29 10 1 2 44% 345164 1460 56%
c s 5031.08 169 21 272 758140  3 26949708 312826 2.8 28 10 1 2 44% 345164 1460 56%
c s 5031.64 169 21 272 758140  3 26949708 312779 2.8 28 10 1 2 44% 345164 1460 56%
c - 5032.90 169 21 273 758430  3 26953773 161526 2.8 29 10 1 2 44% 345164 1460 56%
c p 5032.97 169 21 273 758430  3 26953773 161682 2.8 29 10 1 2 44% 345164 1460 56%
c u 5034.12 169 21 273 758430  3 26953773 158437 2.8 29 10 1 2 44% 345164 1460 56%
c v 5034.73 169 21 273 758430  3 26953773 157941 2.8 29 10 1 2 44% 345164 1460 56%
c w 5034.74 169 21 273 758430  3 26953773 157941 2.8 29 10 1 2 44% 345164 1460 56%
c # 5048.35 169 21 273 763317  3 27028515 223691 2.8 29 10 1 2 44% 345164 1460 56%
c - 5076.55 169 20 274 770239  3 27153401 170344 2.8 28 10 1 2 44% 345164 1460 56%
c 
c   seconds     reductions      conflicts           size   tier2       variables
c            MB       restarts          redundant      glue   trail         remaining
c             level          rate             size/glue  tier1  irredundant
c 
c p 5076.62 169 20 274 770239  3 27153401 170499 2.8 28 10 1 2 44% 345164 1460 56%
c u 5077.72 169 20 274 770239  3 27153401 166935 2.8 28 10 1 2 44% 345164 1460 56%
c v 5078.26 169 20 274 770239  3 27153401 165832 2.8 28 10 1 2 44% 345164 1460 56%
c B 5100.20 169 20 274 777604  3 27261516 259006 2.8 28 10 1 2 44% 345164 1460 56%
c } 5106.13 169 20 274 779102  3 27287502 281431 2.8 29 10 1 2 44% 345164 1460 56%
c [ 5106.13 169 41 274 779102  1 27287502 281431 2.0 45 23 2 6 42% 345164 1460 56%
c - 5117.03 169 34 275 779124  1 27353763 172467 2.2 43 19 2 6 43% 345164 1460 56%
c p 5117.10 169 34 275 779124  1 27353763 172619 2.2 43 19 2 6 43% 345164 1460 56%
c u 5118.10 169 34 275 779124  1 27353763 169348 2.2 43 19 2 6 43% 345164 1460 56%
c v 5118.64 169 34 275 779124  1 27353763 168203 2.2 43 19 2 6 43% 345164 1460 56%
c w 5118.65 169 34 275 779124  1 27353763 168202 2.2 43 19 2 6 43% 345164 1460 56%
c B 5140.15 169 36 275 779127  1 27495520 293121 2.2 43 20 2 6 49% 345164 1460 56%
c - 5154.76 169 33 276 779127  1 27554862 166883 2.2 42 19 2 6 49% 345164 1460 56%
c p 5154.84 169 33 276 779127  1 27554862 167034 2.2 42 19 2 6 49% 345164 1460 56%
c u 5156.15 169 33 276 779127  1 27554862 163508 2.2 42 19 2 6 49% 345164 1460 56%
c v 5156.86 169 33 276 779127  1 27554862 161793 2.2 42 19 2 6 49% 345164 1460 56%
c w 5156.87 169 33 276 779127  1 27554862 161788 2.2 42 19 2 6 49% 345164 1460 56%
c W 5194.78 169 26 276 779187  1 27730521 307563 2.3 37 16 2 6 47% 345164 1460 56%
c - 5199.49 169 27 277 779189  1 27756698 151210 2.3 38 16 2 6 46% 345164 1460 56%
c p 5199.56 169 27 277 779189  1 27756698 151366 2.3 38 16 2 6 46% 345164 1460 56%
c 
c   seconds     reductions      conflicts           size   tier2       variables
c            MB       restarts          redundant      glue   trail         remaining
c             level          rate             size/glue  tier1  irredundant
c 
c u 5201.97 169 27 277 779189  1 27756698 147673 2.3 38 16 2 6 46% 345164 1460 56%
c v 5201.97 169 27 277 779189  1 27756698 147670 2.3 38 16 2 6 46% 345164 1460 56%
c w 5201.98 169 27 277 779189  1 27756698 147669 2.3 38 16 2 6 46% 345164 1460 56%
c ] 5231.41 169 26 277 779251  1 27935868 300220 2.3 37 16 1 2 46% 345164 1460 56%
c { 5231.41 169 20 277 779251  3 27935868 300220 2.8 29 10 1 2 44% 345164 1460 56%
c - 5238.53 169 21 278 780434  3 27959272 154123 2.9 29 10 1 2 45% 345164 1460 56%
c p 5238.61 169 21 278 780434  3 27959272 154276 2.9 29 10 1 2 45% 345164 1460 56%
c u 5239.66 169 21 278 780434  3 27959272 150511 2.9 29 10 1 2 45% 345164 1460 56%
c v 5240.12 169 21 278 780434  3 27959272 149465 2.9 29 10 1 2 45% 345164 1460 56%
c w 5240.12 169 21 278 780434  3 27959272 149465 2.9 29 10 1 2 45% 345164 1460 56%
c W 5243.04 169 21 278 780899  3 27966523 155754 2.9 29 10 1 2 45% 345164 1460 56%
c s 5283.17 169 21 278 792814  3 28144242 309174 2.8 29 10 1 2 44% 345164 1460 56%
c s 5283.81 169 21 278 792814  3 28144242 309000 2.8 29 10 1 2 44% 345164 1460 56%
c - 5288.95 169 21 279 794180  3 28162587 165734 2.8 29 10 1 2 44% 345164 1460 56%
c p 5289.04 169 21 279 794180  3 28162587 165888 2.8 29 10 1 2 44% 345164 1460 56%
c u 5289.75 169 21 279 794180  3 28162587 162764 2.8 29 10 1 2 44% 345164 1460 56%
c v 5290.13 169 21 279 794180  3 28162587 161791 2.8 29 10 1 2 44% 345164 1460 56%
c w 5290.14 169 21 279 794180  3 28162587 161791 2.8 29 10 1 2 44% 345164 1460 56%
c F 5297.33 169 21 279 796686  3 28203525 196830 2.8 29 10 1 2 44% 345164 1460 56%
c - 5333.61 169 21 280 806572  3 28366638 174034 2.9 29 10 1 2 45% 345164 1460 56%
c 
c   seconds     reductions      conflicts           size   tier2       variables
c            MB       restarts          redundant      glue   trail         remaining
c             level          rate             size/glue  tier1  irredundant
c 
c p 5333.68 169 21 280 806572  3 28366638 174193 2.9 29 10 1 2 45% 345164 1460 56%
c u 5333.93 169 21 280 806572  3 28366638 173919 2.9 29 10 1 2 45% 345164 1460 56%
c v 5335.43 169 21 280 806572  3 28366638 171282 2.9 29 10 1 2 45% 345164 1460 56%
c B 5349.82 169 21 280 811984  3 28441526 236082 2.8 29 10 1 2 45% 345164 1460 56%
c } 5370.91 169 21 280 817627  3 28528844 311829 2.8 29 10 1 2 44% 345164 1460 56%
c [ 5370.91 169 26 280 817627  1 28528844 311829 2.3 37 16 1 2 46% 345164 1460 56%
c - 5378.50 125 26 281 817629  1 28571429 178511 2.4 38 16 1 2 47% 345164 1460 56%
c p 5378.58 125 26 281 817629  1 28571429 178665 2.4 38 16 1 2 47% 345164 1460 56%
c u 5378.79 125 26 281 817629  1 28571429 178618 2.4 38 16 1 2 47% 345164 1460 56%
c v 5380.29 125 26 281 817629  1 28571429 174719 2.4 38 16 1 2 47% 345164 1460 56%
c w 5380.30 125 26 281 817629  1 28571429 174719 2.4 38 16 1 2 47% 345164 1460 56%
c O 5397.82 125 27 281 817645  1 28680528 265431 2.3 39 17 1 2 46% 345164 1460 56%
c - 5414.32 125 26 282 817683  1 28776957 174971 2.4 38 16 1 2 48% 345164 1460 56%
c p 5414.39 125 26 282 817683  1 28776957 175133 2.4 38 16 1 2 48% 345164 1460 56%
c u 5414.59 125 26 282 817683  1 28776957 175130 2.4 38 16 1 2 48% 345164 1460 56%
c v 5415.89 125 26 282 817683  1 28776957 170771 2.4 38 16 1 2 48% 345164 1460 56%
c w 5415.89 125 26 282 817683  1 28776957 170771 2.4 38 16 1 2 48% 345164 1460 56%
c B 5437.58 125 31 282 817724  1 28920536 293694 2.1 39 18 1 2 47% 345164 1460 56%
c - 5453.56 127 34 283 817749  1 28983222 163478 1.9 39 21 1 2 46% 345164 1460 56%
c p 5453.62 127 34 283 817749  1 28983222 163640 1.9 39 21 1 2 46% 345164 1460 56%
c 
c   seconds     reductions      conflicts           size   tier2       variables
c            MB       restarts          redundant      glue   trail         remaining
c             level          rate             size/glue  tier1  irredundant
c 
c u 5454.14 127 34 283 817749  1 28983222 163440 1.9 39 21 1 2 46% 345164 1460 56%
c v 5454.14 127 34 283 817749  1 28983222 163440 1.9 39 21 1 2 46% 345164 1460 56%
c w 5454.14 127 34 283 817749  1 28983222 163440 1.9 39 21 1 2 46% 345164 1460 56%
c s 5457.89 139 36 283 817755  1 29011614 188396 1.9 40 21 1 2 46% 345164 1460 56%
c s 5458.66 139 36 283 817755  1 29011614 188168 1.9 40 21 1 2 46% 345164 1460 56%
c ] 5490.31 139 31 283 817758  1 29158769 316677 2.0 40 20 1 2 46% 345164 1460 56%
c { 5490.31 139 21 283 817758  3 29158769 316677 2.8 29 10 1 2 44% 345164 1460 56%
c W 5501.24 139 21 283 817993  3 29161544 319061 2.8 29 10 1 2 44% 345164 1460 56%
c - 5509.47 154 20 284 819540  3 29190226 163684 2.8 29 10 1 2 45% 345164 1460 56%
c p 5509.54 154 20 284 819540  3 29190226 163836 2.8 29 10 1 2 45% 345164 1460 56%
c u 5510.25 154 20 284 819540  3 29190226 163566 2.8 29 10 1 2 45% 345164 1460 56%
c w 5510.25 154 20 284 819540  3 29190226 163565 2.8 29 10 1 2 45% 345164 1460 56%
c - 5556.38 154 20 285 832930  3 29397967 177054 2.8 28 10 1 2 44% 345164 1460 56%
c p 5556.45 154 20 285 832930  3 29397967 177210 2.8 28 10 1 2 44% 345164 1460 56%
c u 5557.22 154 20 285 832930  3 29397967 176916 2.8 28 10 1 2 44% 345164 1460 56%
c v 5558.24 154 20 285 832930  3 29397967 175143 2.8 28 10 1 2 44% 345164 1460 56%
c w 5558.24 154 20 285 832930  3 29397967 175143 2.8 28 10 1 2 44% 345164 1460 56%
c # 5559.29 154 20 285 833397  3 29403546 180048 2.8 28 10 1 2 44% 345164 1460 56%
c - 5605.49 154 20 286 846051  3 29606444 186767 2.8 29 10 1 2 44% 345164 1460 56%
c p 5605.57 154 20 286 846051  3 29606444 186923 2.8 29 10 1 2 44% 345164 1460 56%
c 
c   seconds     reductions      conflicts           size   tier2       variables
c            MB       restarts          redundant      glue   trail         remaining
c             level          rate             size/glue  tier1  irredundant
c 
c u 5606.60 154 20 286 846051  3 29606444 186527 2.8 29 10 1 2 44% 345164 1460 56%
c v 5607.73 154 20 286 846051  3 29606444 184068 2.8 29 10 1 2 44% 345164 1460 56%
c w 5607.73 154 20 286 846051  3 29606444 184068 2.8 29 10 1 2 44% 345164 1460 56%
c B 5615.88 154 21 286 848746  3 29646547 218797 2.8 29 10 1 2 44% 345164 1460 56%
c } 5644.13 154 21 286 856224  3 29760458 316117 2.8 29 10 1 2 44% 345164 1460 56%
c [ 5644.13 154 31 286 856224  1 29760458 316117 2.0 40 20 1 2 46% 345164 1460 56%
c - 5653.11 125 36 287 856224  1 29815660 191504 2.4 44 18 1 2 46% 345164 1460 56%
c p 5653.21 129 36 287 856224  1 29815660 191652 2.4 44 18 1 2 46% 345164 1460 56%
c u 5654.25 129 36 287 856224  1 29815660 191293 2.4 44 18 1 2 46% 345164 1460 56%
c v 5654.86 129 36 287 856224  1 29815660 189636 2.4 44 18 1 2 46% 345164 1460 56%
c w 5654.87 129 36 287 856224  1 29815660 189636 2.4 44 18 1 2 46% 345164 1460 56%
c W 5671.80 130 33 287 856225  1 29890548 253871 2.4 42 18 1 2 46% 345164 1460 56%
c s 5673.37 154 34 287 856225  1 29894755 257184 2.4 43 18 1 2 46% 345164 1460 56%
c s 5673.57 154 34 287 856225  1 29894755 257182 2.4 43 18 1 2 46% 345164 1460 56%
c - 5700.47 138 34 288 856225  1 30025615 190282 2.4 43 18 1 2 50% 345164 1460 56%
c p 5700.55 138 34 288 856225  1 30025615 190437 2.4 43 18 1 2 50% 345164 1460 56%
c u 5701.61 138 34 288 856225  1 30025615 187760 2.4 43 18 1 2 50% 345164 1460 56%
c v 5702.26 138 34 288 856225  1 30025615 185480 2.4 43 18 1 2 50% 345164 1460 56%
c w 5702.26 138 34 288 856225  1 30025615 185480 2.4 43 18 1 2 50% 345164 1460 56%
c I 5719.95 138 31 288 856226  1 30135553 282439 2.4 42 17 1 2 50% 345164 1460 56%
c 
c   seconds     reductions      conflicts           size   tier2       variables
c            MB       restarts          redundant      glue   trail         remaining
c             level          rate             size/glue  tier1  irredundant
c 
c - 5741.57 159 44 289 856226  1 30236307 176244 2.1 48 23 1 2 47% 345164 1460 56%
c p 5741.64 159 44 289 856226  1 30236307 176404 2.1 48 23 1 2 47% 345164 1460 56%
c u 5742.72 159 44 289 856226  1 30236307 172762 2.1 48 23 1 2 47% 345164 1460 56%
c v 5742.73 159 44 289 856226  1 30236307 172752 2.1 48 23 1 2 47% 345164 1460 56%
c w 5742.74 159 44 289 856226  1 30236307 172749 2.1 48 23 1 2 47% 345164 1460 56%
c B 5765.81 159 38 289 856226  1 30381554 300495 2.2 45 20 1 2 51% 345164 1460 56%
c ] 5775.88 159 46 289 856226  1 30444106 356321 2.7 66 24 1 2 52% 345164 1460 56%
c { 5775.88 159 21 289 856226  3 30444106 356321 2.8 29 10 1 2 44% 345164 1460 56%
c - 5777.53 179 21 290 856589  3 30447736 173256 2.8 29 10 1 2 44% 345164 1460 56%
c p 5777.61 179 21 290 856589  3 30447736 173409 2.8 29 10 1 2 44% 345164 1460 56%
c u 5780.03 179 21 290 856589  3 30447736 169996 2.8 29 10 1 2 44% 345164 1460 56%
c v 5780.03 179 21 290 856589  3 30447736 169996 2.8 29 10 1 2 44% 345164 1460 56%
c w 5780.03 179 21 290 856589  3 30447736 169996 2.8 29 10 1 2 44% 345164 1460 56%
c W 5823.73 179 21 290 868130  3 30628555 326453 2.8 29 10 1 2 44% 345164 1460 56%
c - 5831.71 179 21 291 870040  3 30659903 183232 2.8 29 10 1 2 44% 345164 1460 56%
c p 5831.79 179 21 291 870040  3 30659903 183386 2.8 29 10 1 2 44% 345164 1460 56%
c u 5832.64 179 21 291 870040  3 30659903 180272 2.8 29 10 1 2 44% 345164 1460 56%
c v 5833.54 179 21 291 870040  3 30659903 177907 2.8 29 10 1 2 44% 345164 1460 56%
c w 5833.55 179 21 291 870040  3 30659903 177907 2.8 29 10 1 2 44% 345164 1460 56%
c s 5859.30 179 21 291 877736  3 30793665 293064 2.8 29 10 1 2 44% 345164 1460 56%
c 
c   seconds     reductions      conflicts           size   tier2       variables
c            MB       restarts          redundant      glue   trail         remaining
c             level          rate             size/glue  tier1  irredundant
c 
c s 5860.08 179 21 291 877736  3 30793665 292846 2.8 29 10 1 2 44% 345164 1460 56%
c - 5881.16 179 20 292 882856  3 30872808 190570 2.8 29 10 1 2 44% 345164 1460 56%
c p 5881.23 179 20 292 882856  3 30872808 190722 2.8 29 10 1 2 44% 345164 1460 56%
c u 5882.49 179 20 292 882856  3 30872808 187448 2.8 29 10 1 2 44% 345164 1460 56%
c v 5883.20 179 20 292 882856  3 30872808 185141 2.8 29 10 1 2 44% 345164 1460 56%
c w 5883.20 179 20 292 882856  3 30872808 185141 2.8 29 10 1 2 44% 345164 1460 56%
c F 5883.91 179 20 292 883075  3 30876557 188307 2.8 29 10 1 2 44% 345164 1460 56%
c } 5927.05 179 21 292 895515  3 31065689 352363 2.8 29 10 1 2 45% 345164 1460 56%
c [ 5927.05 179 46 292 895515  1 31065689 352363 2.7 66 24 1 2 52% 345164 1460 56%
c - 5929.96 180 45 293 895515  1 31086452 194731 2.7 61 23 1 2 51% 345164 1460 56%
c p 5930.05 180 45 293 895515  1 31086452 194885 2.7 61 23 1 2 51% 345164 1460 56%
c u 5931.39 180 45 293 895515  1 31086452 191246 2.7 61 23 1 2 51% 345164 1460 56%
c v 5931.96 180 45 293 895515  1 31086452 189790 2.7 61 23 1 2 51% 345164 1460 56%
c w 5931.96 180 45 293 895515  1 31086452 189790 2.7 61 23 1 2 51% 345164 1460 56%
c W 5941.29 180 48 293 895515  1 31125559 224864 2.4 58 24 1 2 48% 345164 1460 56%
c - 5972.59 180 38 294 895529  1 31300834 193271 2.4 49 20 1 2 51% 345164 1460 56%
c p 5972.67 180 38 294 895529  1 31300834 193428 2.4 49 20 1 2 51% 345164 1460 56%
c u 5973.77 180 38 294 895529  1 31300834 189978 2.4 49 20 1 2 51% 345164 1460 56%
c v 5974.32 180 38 294 895529  1 31300834 188315 2.4 49 20 1 2 51% 345164 1460 56%
c w 5974.32 180 38 294 895529  1 31300834 188314 2.4 49 20 1 2 51% 345164 1460 56%
c 
c   seconds     reductions      conflicts           size   tier2       variables
c            MB       restarts          redundant      glue   trail         remaining
c             level          rate             size/glue  tier1  irredundant
c 
c O 5985.30 180 31 294 895556  1 31375560 253003 2.4 42 17 1 2 51% 345164 1460 56%
c - 6012.28 180 26 295 895598  1 31515953 180208 2.6 40 15 1 2 46% 345164 1460 56%
c p 6012.36 180 26 295 895598  1 31515953 180364 2.6 40 15 1 2 46% 345164 1460 56%
c u 6013.85 180 26 295 895598  1 31515953 176705 2.6 40 15 1 2 46% 345164 1460 56%
c v 6013.85 180 26 295 895598  1 31515953 176697 2.6 40 15 1 2 46% 345164 1460 56%
c w 6013.86 180 26 295 895598  1 31515953 176697 2.6 40 15 1 2 46% 345164 1460 56%
c B 6028.86 180 26 295 895639  1 31626561 272091 2.4 38 16 1 2 46% 345164 1460 56%
c s 6038.35 180 40 295 895642  1 31708345 347891 2.7 51 19 1 2 50% 345164 1460 56%
c s 6038.64 180 40 295 895642  1 31708345 347884 2.7 51 19 1 2 50% 345164 1460 56%
c - 6041.79 180 41 296 895642  1 31731811 181444 2.7 53 20 1 2 51% 345164 1460 56%
c p 6041.87 180 41 296 895642  1 31731811 181598 2.7 53 20 1 2 51% 345164 1460 56%
c u 6042.68 180 41 296 895642  1 31731811 179075 2.7 53 20 1 2 51% 345164 1460 56%
c v 6043.05 180 41 296 895642  1 31731811 178126 2.7 53 20 1 2 51% 345164 1460 56%
c w 6043.06 180 41 296 895642  1 31731811 178121 2.7 53 20 1 2 51% 345164 1460 56%
c ] 6060.81 180 42 296 895688  1 31859218 289857 2.2 48 22 1 2 44% 345164 1460 56%
c { 6060.81 180 21 296 895688  3 31859218 289857 2.8 29 10 1 2 45% 345164 1460 56%
c B 6067.86 180 20 296 896983  3 31878562 306055 2.8 29 10 1 2 45% 345164 1460 56%
c - 6095.36 180 20 297 901685  3 31948408 185053 2.8 29 10 1 2 44% 345164 1460 56%
c p 6095.43 180 20 297 901685  3 31948408 185204 2.8 29 10 1 2 44% 345164 1460 56%
c u 6096.50 180 20 297 901685  3 31948408 181430 2.8 29 10 1 2 44% 345164 1460 56%
c 
c   seconds     reductions      conflicts           size   tier2       variables
c            MB       restarts          redundant      glue   trail         remaining
c             level          rate             size/glue  tier1  irredundant
c 
c v 6097.20 180 20 297 901685  3 31948408 179448 2.8 29 10 1 2 44% 345164 1460 56%
c w 6097.21 180 20 297 901685  3 31948408 179448 2.8 29 10 1 2 44% 345164 1460 56%
c W 6147.88 180 21 297 913275  3 32131564 336862 2.8 29 10 1 2 45% 345164 1460 56%
c - 6157.95 187 21 298 915840  3 32165741 191204 2.8 29 10 1 2 45% 345164 1460 56%
c p 6158.03 187 21 298 915840  3 32165741 191360 2.8 29 10 1 2 45% 345164 1460 56%
c u 6159.58 187 21 298 915840  3 32165741 187753 2.8 29 10 1 2 45% 345164 1460 56%
c v 6160.42 187 21 298 915840  3 32165741 185836 2.8 29 10 1 2 45% 345164 1460 56%
c w 6160.42 187 21 298 915840  3 32165741 185836 2.8 29 10 1 2 45% 345164 1460 56%
c - 6213.22 212 20 299 929630  3 32383814 196698 2.8 29 10 1 2 45% 345164 1460 56%
c p 6213.33 212 20 299 929630  3 32383814 196851 2.8 29 10 1 2 45% 345164 1460 56%
c u 6214.56 212 20 299 929630  3 32383814 193025 2.8 29 10 1 2 45% 345164 1460 56%
c v 6215.22 212 20 299 929630  3 32383814 191081 2.8 29 10 1 2 45% 345164 1460 56%
c w 6215.24 212 20 299 929630  3 32383814 191080 2.8 29 10 1 2 45% 345164 1460 56%
c # 6215.52 212 20 299 929684  3 32385567 192436 2.8 29 10 1 2 45% 345164 1460 56%
c } 6232.40 212 21 299 935029  3 32469375 264620 2.8 29 10 1 2 45% 345164 1460 56%
c [ 6232.40 212 42 299 935029  1 32469375 264620 2.2 48 22 1 2 44% 345164 1460 56%
c - 6257.49 187 49 300 935070  2 32602622 194362 2.9 83 29 1 2 55% 345164 1460 56%
c p 6257.56 187 49 300 935070  2 32602622 194524 2.9 83 29 1 2 55% 345164 1460 56%
c u 6258.77 187 49 300 935070  2 32602622 191231 2.9 83 29 1 2 55% 345164 1460 56%
c v 6259.36 187 49 300 935070  2 32602622 189382 2.9 83 29 1 2 55% 345164 1460 56%
c 
c   seconds     reductions      conflicts           size   tier2       variables
c            MB       restarts          redundant      glue   trail         remaining
c             level          rate             size/glue  tier1  irredundant
c 
c w 6259.36 187 49 300 935070  2 32602622 189381 2.9 83 29 1 2 55% 345164 1460 56%
c s 6263.94 187 45 300 935078  2 32638797 218181 2.6 70 27 1 2 48% 345164 1460 56%
c s 6264.69 187 45 300 935078  2 32638797 217997 2.6 70 27 1 2 48% 345164 1460 56%
c W 6269.15 187 45 300 935080  2 32640570 219277 2.6 69 27 1 2 48% 345164 1460 56%
c - 6305.72 187 39 301 935111  1 32822173 183271 2.0 49 24 1 2 42% 345164 1460 56%
c p 6305.79 187 39 301 935111  1 32822173 183424 2.0 49 24 1 2 42% 345164 1460 56%
c u 6306.65 187 39 301 935111  1 32822173 180824 2.0 49 24 1 2 42% 345164 1460 56%
c v 6306.66 187 39 301 935111  1 32822173 180819 2.0 49 24 1 2 42% 345164 1460 56%
c w 6306.66 187 39 301 935111  1 32822173 180819 2.0 49 24 1 2 42% 345164 1460 56%
c I 6314.81 187 40 301 935111  1 32896572 244545 2.0 49 24 1 2 43% 345164 1460 56%
c - 6340.41 187 38 302 935146  1 33042459 171156 2.0 45 22 1 2 46% 345164 1460 56%
c p 6340.49 187 38 302 935146  1 33042459 171308 2.0 45 22 1 2 46% 345164 1460 56%
c u 6341.42 187 38 302 935146  1 33042459 167885 2.0 45 22 1 2 46% 345164 1460 56%
c v 6341.42 187 38 302 935146  1 33042459 167884 2.0 45 22 1 2 46% 345164 1460 56%
c w 6341.43 187 38 302 935146  1 33042459 167884 2.0 45 22 1 2 46% 345164 1460 56%
c B 6357.95 187 33 302 935174  1 33153574 262614 2.1 40 19 1 2 48% 345164 1460 56%
c - 6377.60 187 46 303 935219  2 33263482 169204 3.0 81 27 1 2 57% 345164 1460 56%
c p 6377.67 187 46 303 935219  2 33263482 169356 3.0 81 27 1 2 57% 345164 1460 56%
c u 6378.62 187 46 303 935219  2 33263482 166233 3.0 81 27 1 2 57% 345164 1460 56%
c v 6378.65 187 46 303 935219  2 33263482 166208 3.0 81 27 1 2 57% 345164 1460 56%
c 
c   seconds     reductions      conflicts           size   tier2       variables
c            MB       restarts          redundant      glue   trail         remaining
c             level          rate             size/glue  tier1  irredundant
c 
c w 6378.65 187 46 303 935219  2 33263482 166207 3.0 81 27 1 2 57% 345164 1460 56%
c ] 6379.73 187 48 303 935220  2 33272355 174005 3.1 86 28 1 2 59% 345164 1460 56%
c { 6379.73 187 21 303 935220  3 33272355 174005 2.8 29 10 1 2 45% 345164 1460 56%
c B 6410.18 187 21 303 943892  3 33411575 293832 2.8 29 10 1 2 45% 345164 1460 56%
c - 6430.02 208 20 304 948461  3 33485243 180984 2.8 28 10 1 2 45% 345164 1460 56%
c p 6430.09 208 20 304 948461  3 33485243 181133 2.8 28 10 1 2 45% 345164 1460 56%
c u 6433.18 208 20 304 948461  3 33485243 177481 2.8 28 10 1 2 45% 345164 1460 56%
c v 6434.00 208 20 304 948461  3 33485243 176059 2.8 28 10 1 2 45% 345164 1460 56%
c w 6434.00 208 20 304 948461  3 33485243 176059 2.8 28 10 1 2 45% 345164 1460 56%
c s 6455.11 210 21 304 955167  3 33585022 261666 2.9 29 10 1 2 45% 345164 1460 56%
c s 6455.70 210 21 304 955167  3 33585022 261655 2.9 29 10 1 2 45% 345164 1460 56%
c W 6483.78 210 21 304 960844  3 33670576 335772 2.8 29 10 1 2 44% 345164 1460 56%
c - 6493.46 210 20 305 962821  3 33707744 190490 2.8 29 10 1 2 44% 345164 1460 56%
c p 6493.53 210 20 305 962821  3 33707744 190642 2.8 29 10 1 2 44% 345164 1460 56%
c u 6494.74 210 20 305 962821  3 33707744 186679 2.8 29 10 1 2 44% 345164 1460 56%
c v 6495.65 210 20 305 962821  3 33707744 184818 2.8 29 10 1 2 44% 345164 1460 56%
c w 6495.65 210 20 305 962821  3 33707744 184818 2.8 29 10 1 2 44% 345164 1460 56%
c F 6546.74 210 21 305 976970  3 33930580 376001 2.8 29 10 1 2 44% 345164 1460 56%
c - 6547.02 210 21 306 976988  3 33930983 194685 2.8 29 10 1 2 44% 345164 1460 56%
c p 6547.09 210 21 306 976988  3 33930983 194842 2.8 29 10 1 2 44% 345164 1460 56%
c 
c   seconds     reductions      conflicts           size   tier2       variables
c            MB       restarts          redundant      glue   trail         remaining
c             level          rate             size/glue  tier1  irredundant
c 
c u 6548.28 210 21 306 976988  3 33930983 191032 2.8 29 10 1 2 44% 345164 1460 56%
c v 6549.40 210 21 306 976988  3 33930983 188709 2.8 29 10 1 2 44% 345164 1460 56%
c w 6549.41 210 21 306 976988  3 33930983 188709 2.8 29 10 1 2 44% 345164 1460 56%
c } 6551.25 210 21 306 977461  3 33939140 195763 2.8 29 10 1 2 44% 345164 1460 56%
c [ 6551.25 210 48 306 977461  2 33939140 195763 3.1 86 28 1 2 59% 345164 1460 56%
c - 6592.50 213 42 307 977509  1 34154958 191323 2.1 50 24 1 2 48% 345164 1460 56%
c p 6592.58 213 42 307 977509  1 34154958 191476 2.1 50 24 1 2 48% 345164 1460 56%
c u 6593.56 213 42 307 977509  1 34154958 187316 2.1 50 24 1 2 48% 345164 1460 56%
c v 6594.21 213 42 307 977509  1 34154958 185448 2.1 50 24 1 2 48% 345164 1460 56%
c w 6594.22 213 42 307 977509  1 34154958 185447 2.1 50 24 1 2 48% 345164 1460 56%
c W 6603.22 213 40 307 977522  1 34191584 218073 2.1 47 23 1 2 49% 345164 1460 56%
c - 6642.78 139 27 308 977579  1 34379671 173221 2.2 38 17 1 2 45% 345164 1460 56%
c p 6642.85 139 27 308 977579  1 34379671 173373 2.2 38 17 1 2 45% 345164 1460 56%
c u 6643.77 141 27 308 977579  1 34379671 169492 2.2 38 17 1 2 45% 345164 1460 56%
c v 6643.78 141 27 308 977579  1 34379671 169486 2.2 38 17 1 2 45% 345164 1460 56%
c w 6643.78 141 27 308 977579  1 34379671 169486 2.2 38 17 1 2 45% 345164 1460 56%
c O 6653.75 141 29 308 977604  1 34453586 234318 2.3 40 17 1 2 49% 345164 1460 56%
c s 6677.60 159 25 308 977607  1 34588462 351587 2.5 38 15 1 2 50% 345164 1460 56%
c s 6678.56 159 25 308 977607  1 34588462 351275 2.5 38 15 1 2 50% 345164 1460 56%
c - 6682.09 167 26 309 977607  1 34605122 176410 2.5 38 15 1 2 51% 345164 1460 56%
c 
c   seconds     reductions      conflicts           size   tier2       variables
c            MB       restarts          redundant      glue   trail         remaining
c             level          rate             size/glue  tier1  irredundant
c 
c p 6682.16 167 26 309 977607  1 34605122 176561 2.5 38 15 1 2 51% 345164 1460 56%
c u 6683.28 167 26 309 977607  1 34605122 172883 2.5 38 15 1 2 51% 345164 1460 56%
c v 6683.81 167 26 309 977607  1 34605122 171853 2.5 38 15 1 2 51% 345164 1460 56%
c w 6683.82 167 26 309 977607  1 34605122 171853 2.5 38 15 1 2 51% 345164 1460 56%
c ] 6698.89 167 24 309 977608  1 34706704 262559 2.7 38 14 1 2 51% 345164 1460 56%
c { 6698.89 167 21 309 977608  3 34706704 262559 2.8 29 10 1 2 44% 345164 1460 56%
c B 6701.21 167 20 309 978107  3 34716590 270738 2.8 29 10 1 2 44% 345164 1460 56%
c - 6732.09 187 21 310 986011  3 34831311 186581 2.8 29 10 1 2 45% 345164 1460 56%
c p 6732.17 187 21 310 986011  3 34831311 186731 2.8 29 10 1 2 45% 345164 1460 56%
c u 6733.32 187 21 310 986011  3 34831311 183052 2.8 29 10 1 2 45% 345164 1460 56%
c v 6734.11 187 21 310 986011  3 34831311 181469 2.8 29 10 1 2 45% 345164 1460 56%
c w 6734.11 187 21 310 986011  3 34831311 181469 2.8 29 10 1 2 45% 345164 1460 56%
c W 6771.42 187 20 310 995044  3 34980592 309640 2.8 28 10 1 2 44% 345164 1460 56%
c - 6792.94 212 20 311 1000767  3 35058240 193173 2.8 28 10 1 2 44% 345164 1460 56%
c p 6793.02 212 20 311 1000767  3 35058240 193324 2.8 28 10 1 2 44% 345164 1460 56%
c u 6794.14 212 20 311 1000767  3 35058240 189396 2.8 28 10 1 2 44% 345164 1460 56%
c v 6795.06 212 20 311 1000767  3 35058240 187963 2.8 28 10 1 2 44% 345164 1460 56%
c w 6795.07 212 20 311 1000767  3 35058240 187963 2.8 28 10 1 2 44% 345164 1460 56%
c # 6835.47 212 21 311 1012034  3 35245594 348510 2.8 29 10 1 2 44% 345164 1460 56%
c - 6847.84 159 21 312 1014769  3 35285904 197618 2.8 29 10 1 2 44% 345164 1460 56%
c 
c   seconds     reductions       conflicts           size   tier2       variables
c            MB        restarts          redundant      glue   trail         remaining
c             level           rate             size/glue  tier1  irredundant
c 
c p 6847.92 159 21 312 1014769  3 35285904 197774 2.8 29 10 1 2 44% 345164 1460 56%
c u 6848.96 159 21 312 1014769  3 35285904 193531 2.8 29 10 1 2 44% 345164 1460 56%
c v 6849.99 159 21 312 1014769  3 35285904 191160 2.8 29 10 1 2 44% 345164 1460 56%
c w 6850.00 159 21 312 1014769  3 35285904 191160 2.8 29 10 1 2 44% 345164 1460 56%
c } 6870.87 159 21 312 1020690  3 35388500 279298 2.8 28 10 1 2 45% 345164 1460 56%
c [ 6870.87 159 24 312 1020690  1 35388500 279298 2.7 38 14 1 2 51% 345164 1460 56%
c B 6893.24 159 32 312 1020690  1 35511596 388520 2.2 41 18 1 2 51% 345164 1460 56%
c - 6893.92 184 33 313 1020690  1 35514307 198183 2.2 41 18 1 2 51% 345164 1460 56%
c p 6894.01 184 33 313 1020690  1 35514307 198337 2.2 41 18 1 2 51% 345164 1460 56%
c u 6894.76 184 33 313 1020690  1 35514307 195429 2.2 41 18 1 2 51% 345164 1460 56%
c v 6896.02 184 33 313 1020690  1 35514307 192098 2.2 41 18 1 2 51% 345164 1460 56%
c w 6896.03 184 33 313 1020690  1 35514307 192097 2.2 41 18 1 2 51% 345164 1460 56%
c s 6903.33 184 39 313 1020690  1 35566226 237381 2.1 44 21 1 2 46% 345156 1460 56%
c s 6904.38 184 39 313 1020690  1 35566226 237155 2.1 44 21 1 2 46% 345156 1460 56%
c - 6944.53 184 42 314 1020735  1 35743448 190673 2.0 48 25 1 2 42% 345156 1460 56%
c p 6944.61 184 42 314 1020735  1 35743448 190825 2.0 48 25 1 2 42% 345156 1460 56%
c u 6944.85 184 42 314 1020735  1 35743448 190754 2.0 48 25 1 2 42% 345156 1460 56%
c v 6946.39 184 42 314 1020735  1 35743448 186033 2.0 48 25 1 2 42% 345156 1460 56%
c w 6946.40 184 42 314 1020735  1 35743448 186030 2.0 48 25 1 2 42% 345156 1460 56%
c W 6958.17 184 42 314 1020750  1 35778599 215823 1.9 47 24 1 2 41% 345156 1460 56%
c 
c   seconds     reductions       conflicts           size   tier2       variables
c            MB        restarts          redundant      glue   trail         remaining
c             level           rate             size/glue  tier1  irredundant
c 
c - 6996.22 184 42 315 1020811  1 35973327 181768 2.0 49 24 1 2 42% 345156 1460 56%
c p 6996.31 184 42 315 1020811  1 35973327 181916 2.0 49 24 1 2 42% 345156 1460 56%
c u 6996.52 184 42 315 1020811  1 35973327 181912 2.0 49 24 1 2 42% 345156 1460 56%
c v 6996.52 184 42 315 1020811  1 35973327 181907 2.0 49 24 1 2 42% 345156 1460 56%
c w 6996.52 184 42 315 1020811  1 35973327 181907 2.0 49 24 1 2 42% 345156 1460 56%
c I 7006.26 184 40 315 1020817  1 36046600 244971 2.1 48 22 1 2 43% 345156 1460 56%
c ] 7030.67 184 39 315 1020845  1 36157606 332251 1.9 44 23 1 2 40% 345156 1460 56%
c { 7030.67 184 21 315 1020845  3 36157606 332251 2.8 28 10 1 2 45% 345156 1460 56%
c - 7048.68 184 20 316 1024275  3 36203945 183816 2.8 28 10 1 2 44% 345156 1460 56%
c p 7048.76 184 20 316 1024275  3 36203945 183978 2.8 28 10 1 2 44% 345156 1460 56%
c u 7049.51 184 20 316 1024275  3 36203945 183827 2.8 28 10 1 2 44% 345156 1460 56%
c B 7075.43 184 21 316 1031851  3 36315601 280702 2.8 29 10 1 2 45% 345156 1460 56%
c - 7109.26 184 20 317 1039449  3 36435302 199271 2.8 29 10 1 2 44% 345156 1460 56%
c p 7109.34 184 20 317 1039449  3 36435302 199434 2.8 29 10 1 2 44% 345156 1460 56%
c u 7110.43 184 20 317 1039449  3 36435302 199199 2.8 29 10 1 2 44% 345156 1460 56%
c v 7112.02 184 20 317 1039449  3 36435302 196743 2.8 29 10 1 2 44% 345156 1460 56%
c s 7142.40 184 21 317 1047205  3 36559754 304041 2.8 29 10 1 2 45% 345156 1460 56%
c s 7142.90 184 21 317 1047205  3 36559754 303972 2.8 29 10 1 2 45% 345156 1460 56%
c W 7158.57 184 21 317 1049232  3 36585602 326626 2.8 29 10 1 2 45% 345156 1460 56%
c - 7182.49 211 21 318 1054338  3 36667394 210376 2.8 29 10 1 2 45% 345156 1460 56%
c 
c   seconds     reductions       conflicts           size   tier2       variables
c            MB        restarts          redundant      glue   trail         remaining
c             level           rate             size/glue  tier1  irredundant
c 
c p 7182.57 211 21 318 1054338  3 36667394 210532 2.8 29 10 1 2 45% 345156 1460 56%
c u 7183.54 211 21 318 1054338  3 36667394 210187 2.8 29 10 1 2 45% 345156 1460 56%
c v 7184.94 211 21 318 1054338  3 36667394 207465 2.8 29 10 1 2 45% 345156 1460 56%
c } 7222.98 211 20 318 1064243  3 36821103 339540 2.8 29 10 1 2 44% 345156 1460 56%
c [ 7222.98 211 39 318 1064243  1 36821103 339540 1.9 44 23 1 2 40% 345156 1460 56%
c B 7228.80 211 34 318 1064250  1 36856603 370139 2.0 41 21 1 2 41% 345156 1460 56%
c - 7234.79 184 36 319 1064271  1 36900227 215024 2.0 41 21 1 2 40% 345156 1460 56%
c p 7234.87 184 36 319 1064271  1 36900227 215172 2.0 41 21 1 2 40% 345156 1460 56%
c u 7237.42 184 36 319 1064271  1 36900227 214830 2.0 41 21 1 2 40% 345156 1460 56%
c v 7238.39 184 36 319 1064271  1 36900227 212921 2.0 41 21 1 2 40% 345156 1460 56%
c w 7238.40 184 36 319 1064271  1 36900227 212919 2.0 41 21 1 2 40% 345156 1460 56%
c W 7290.58 184 42 319 1064340  1 37128605 400780 1.9 47 25 1 2 40% 345156 1460 56%
c - 7291.81 187 42 320 1064340  1 37133796 207263 1.9 48 25 1 2 41% 345156 1460 56%
c p 7291.90 187 42 320 1064340  1 37133796 207413 1.9 48 25 1 2 41% 345156 1460 56%
c u 7293.15 187 42 320 1064340  1 37133796 207034 1.9 48 25 1 2 41% 345156 1460 56%
c v 7293.84 187 42 320 1064340  1 37133796 204968 1.9 48 25 1 2 41% 345156 1460 56%
c - 7337.43 187 41 321 1064343  1 37368101 189107 1.9 46 24 1 2 41% 345156 1460 56%
c p 7337.50 187 41 321 1064343  1 37368101 189254 1.9 46 24 1 2 41% 345156 1460 56%
c u 7338.57 187 41 321 1064343  1 37368101 188912 1.9 46 24 1 2 41% 345156 1460 56%
c v 7338.58 187 41 321 1064343  1 37368101 188904 1.9 46 24 1 2 41% 345156 1460 56%
c 
c   seconds     reductions       conflicts           size   tier2       variables
c            MB        restarts          redundant      glue   trail         remaining
c             level           rate             size/glue  tier1  irredundant
c 
c w 7338.58 187 41 321 1064343  1 37368101 188903 1.9 46 24 1 2 41% 345156 1460 56%
c O 7342.56 187 42 321 1064358  1 37401607 217610 1.9 46 24 1 2 40% 345156 1460 56%
c s 7371.10 187 34 321 1064407  1 37569053 360549 2.1 41 20 1 2 47% 345156 1460 56%
c s 7371.91 187 34 321 1064407  1 37569053 360368 2.1 41 20 1 2 47% 345156 1460 56%
c - 7380.85 187 33 322 1064423  1 37603147 190418 2.1 41 19 1 2 48% 345156 1460 56%
c p 7380.94 187 33 322 1064423  1 37603147 190568 2.1 41 19 1 2 48% 345156 1460 56%
c u 7381.65 187 33 322 1064423  1 37603147 186960 2.1 41 19 1 2 48% 345156 1460 56%
c v 7381.65 187 33 322 1064423  1 37603147 186959 2.1 41 19 1 2 48% 345156 1460 56%
c w 7381.65 187 33 322 1064423  1 37603147 186959 2.1 41 19 1 2 48% 345156 1460 56%
c ] 7385.35 187 31 322 1064436  1 37634285 213318 2.1 40 19 1 2 46% 345156 1460 56%
c { 7385.35 187 20 322 1064436  3 37634285 213318 2.8 29 10 1 2 44% 345156 1460 56%
c F 7394.54 187 21 322 1067448  3 37675609 249185 2.8 29 10 1 2 44% 345156 1460 56%
c - 7438.28 208 20 323 1077218  3 37838930 201137 2.8 29 10 1 2 44% 345156 1460 56%
c p 7438.38 208 20 323 1077218  3 37838930 201282 2.8 29 10 1 2 44% 345156 1460 56%
c u 7439.61 208 20 323 1077218  3 37838930 197519 2.8 29 10 1 2 44% 345156 1460 56%
c v 7440.62 208 20 323 1077218  3 37838930 195675 2.8 29 10 1 2 44% 345156 1460 56%
c w 7440.62 208 20 323 1077218  3 37838930 195675 2.8 29 10 1 2 44% 345156 1460 56%
c B 7464.65 208 20 323 1084227  3 37950611 292002 2.8 29 10 1 2 44% 345156 1460 56%
c - 7500.06 208 21 324 1092387  3 38075450 210698 2.8 29 10 1 2 45% 345156 1460 56%
c p 7500.15 208 21 324 1092387  3 38075450 210846 2.8 29 10 1 2 45% 345156 1460 56%
c 
c   seconds     reductions       conflicts           size   tier2       variables
c            MB        restarts          redundant      glue   trail         remaining
c             level           rate             size/glue  tier1  irredundant
c 
c u 7501.25 208 21 324 1092387  3 38075450 207515 2.8 29 10 1 2 45% 345156 1460 56%
c v 7501.80 208 21 324 1092387  3 38075450 206632 2.8 29 10 1 2 45% 345156 1460 56%
c w 7501.80 208 21 324 1092387  3 38075450 206632 2.8 29 10 1 2 45% 345156 1460 56%
c W 7544.95 208 20 324 1101563  3 38226614 336452 2.8 29 10 1 2 44% 345156 1460 56%
c - 7570.37 208 20 325 1107105  3 38312708 215788 2.8 29 10 1 2 45% 345156 1460 56%
c p 7570.45 208 20 325 1107105  3 38312708 215938 2.8 29 10 1 2 45% 345156 1460 56%
c u 7571.63 208 20 325 1107105  3 38312708 212391 2.8 29 10 1 2 45% 345156 1460 56%
c v 7572.71 208 20 325 1107105  3 38312708 209352 2.8 29 10 1 2 45% 345156 1460 56%
c w 7572.71 208 20 325 1107105  3 38312708 209352 2.8 29 10 1 2 45% 345156 1460 56%
c } 7577.52 208 20 325 1108501  3 38337103 230251 2.8 29 10 1 2 44% 345156 1460 56%
c [ 7577.52 208 31 325 1108501  1 38337103 230251 2.1 40 19 1 2 46% 345156 1460 56%
c B 7606.64 208 25 325 1108535  1 38503616 370390 2.4 39 16 1 2 45% 345156 1460 56%
c - 7615.63 211 41 326 1108542  1 38550706 212485 3.2 77 24 1 2 54% 345156 1460 56%
c p 7615.71 211 41 326 1108542  1 38550706 212632 3.2 77 24 1 2 54% 345156 1460 56%
c u 7616.76 211 41 326 1108542  1 38550706 208455 3.2 77 24 1 2 54% 345156 1460 56%
c v 7617.61 211 41 326 1108542  1 38550706 205923 3.2 77 24 1 2 54% 345156 1460 56%
c w 7617.63 211 41 326 1108542  1 38550706 205920 3.2 77 24 1 2 54% 345156 1460 56%
c s 7624.02 211 42 326 1108564  2 38594122 241263 2.9 73 25 1 2 51% 345156 1460 56%
c s 7624.36 211 42 326 1108564  2 38594122 241250 2.9 73 25 1 2 51% 345156 1460 56%
c W 7665.50 211 46 326 1108620  1 38781617 400723 2.2 54 25 1 2 45% 345156 1460 56%
c 
c   seconds     reductions       conflicts           size   tier2       variables
c            MB        restarts          redundant      glue   trail         remaining
c             level           rate             size/glue  tier1  irredundant
c 
c - 7668.22 159 46 327 1108623  1 38789442 200307 2.2 54 25 1 2 44% 345156 1460 56%
c p 7668.29 159 46 327 1108623  1 38789442 200452 2.2 54 25 1 2 44% 345156 1460 56%
c u 7669.54 159 46 327 1108623  1 38789442 196726 2.2 54 25 1 2 44% 345156 1460 56%
c v 7669.64 159 46 327 1108623  1 38789442 196429 2.2 54 25 1 2 44% 345156 1460 56%
c w 7669.65 159 46 327 1108623  1 38789442 196427 2.2 54 25 1 2 44% 345156 1460 56%
c - 7716.15 183 37 328 1108663  1 39028919 188118 1.9 44 23 1 2 40% 345156 1460 56%
c p 7716.22 183 37 328 1108663  1 39028919 188264 1.9 44 23 1 2 40% 345156 1460 56%
c u 7717.39 183 37 328 1108663  1 39028919 184357 1.9 44 23 1 2 40% 345156 1460 56%
c v 7717.40 183 37 328 1108663  1 39028919 184354 1.9 44 23 1 2 40% 345156 1460 56%
c w 7717.40 183 37 328 1108663  1 39028919 184353 1.9 44 23 1 2 40% 345156 1460 56%
c I 7721.31 183 38 328 1108663  1 39060620 210479 1.9 44 23 1 2 39% 345156 1460 56%
c ] 7739.06 183 39 328 1108664  1 39160929 292493 1.9 44 23 1 2 40% 345156 1460 56%
c { 7739.06 183 20 328 1108664  3 39160929 292493 2.8 29 10 1 2 44% 345156 1460 56%
c - 7777.63 183 20 329 1115507  3 39269130 192647 2.8 28 10 1 2 44% 345156 1460 56%
c p 7777.71 183 20 329 1115507  3 39269130 192795 2.8 28 10 1 2 44% 345156 1460 56%
c u 7778.97 183 20 329 1115507  3 39269130 188607 2.8 28 10 1 2 44% 345156 1460 56%
c v 7780.02 183 20 329 1115507  3 39269130 186259 2.8 28 10 1 2 44% 345156 1460 56%
c # 7794.70 183 20 329 1119918  3 39340625 247646 2.8 28 10 1 2 44% 345156 1460 56%
c - 7839.88 184 20 330 1131108  3 39510085 204931 2.8 28 10 1 2 44% 345156 1460 56%
c p 7839.98 184 20 330 1131108  3 39510085 205086 2.8 28 10 1 2 44% 345156 1460 56%
c 
c   seconds     reductions       conflicts           size   tier2       variables
c            MB        restarts          redundant      glue   trail         remaining
c             level           rate             size/glue  tier1  irredundant
c 
c u 7841.19 184 20 330 1131108  3 39510085 200979 2.8 28 10 1 2 44% 345156 1460 56%
c v 7842.29 184 20 330 1131108  3 39510085 199379 2.8 28 10 1 2 44% 345156 1460 56%
c B 7866.77 184 20 330 1138569  3 39621626 294940 2.8 28 10 1 2 44% 345156 1460 56%
c s 7870.06 184 20 330 1139135  3 39634962 306034 2.8 28 10 1 2 44% 345156 1460 56%
c s 7871.00 184 20 330 1139135  3 39634962 305871 2.8 28 10 1 2 44% 345156 1460 56%
c - 7905.37 210 20 331 1146438  3 39751771 212412 2.8 28 10 1 2 44% 345156 1460 56%
c p 7905.45 210 20 331 1146438  3 39751771 212562 2.8 28 10 1 2 44% 345156 1460 56%
c u 7906.75 210 20 331 1146438  3 39751771 208385 2.8 28 10 1 2 44% 345156 1460 56%
c v 7907.84 210 20 331 1146438  3 39751771 206660 2.8 28 10 1 2 44% 345156 1460 56%
c w 7907.84 210 20 331 1146438  3 39751771 206660 2.8 28 10 1 2 44% 345156 1460 56%
c } 7932.24 210 20 331 1153801  3 39869180 307361 2.8 28 10 1 2 45% 345156 1460 56%
c [ 7932.24 210 39 331 1153801  1 39869180 307361 1.9 44 23 1 2 40% 345156 1460 56%
c B 7937.43 210 42 331 1153801  1 39903628 338469 2.0 46 23 1 2 41% 345156 1460 56%
c - 7953.52 210 47 332 1153801  1 39994196 215254 2.2 51 23 1 2 43% 345156 1460 56%
c p 7953.61 210 47 332 1153801  1 39994196 215403 2.2 51 23 1 2 43% 345156 1460 56%
c u 7954.94 210 47 332 1153801  1 39994196 211099 2.2 51 23 1 2 43% 345156 1460 56%
c v 7955.58 210 47 332 1153801  1 39994196 209362 2.2 51 23 1 2 43% 345156 1460 56%
c w 7955.59 210 47 332 1153801  1 39994196 209358 2.2 51 23 1 2 43% 345156 1460 56%
c W 7999.87 210 43 332 1153802  1 40186630 377646 2.3 48 21 1 2 44% 345156 1460 56%
c - 8008.96 210 45 333 1153802  1 40237361 206758 2.4 54 23 1 2 47% 345156 1460 56%
c 
c   seconds     reductions       conflicts           size   tier2       variables
c            MB        restarts          redundant      glue   trail         remaining
c             level           rate             size/glue  tier1  irredundant
c 
c p 8009.03 210 45 333 1153802  1 40237361 206907 2.4 54 23 1 2 47% 345156 1460 56%
c u 8010.34 210 45 333 1153802  1 40237361 203331 2.4 54 23 1 2 47% 345156 1460 56%
c v 8010.97 210 45 333 1153802  1 40237361 201613 2.4 54 23 1 2 47% 345156 1460 56%
c w 8010.97 210 45 333 1153802  1 40237361 201613 2.4 54 23 1 2 47% 345156 1460 56%
c O 8049.58 210 40 333 1153802  2 40470636 401998 2.1 48 23 1 2 41% 345156 1460 56%
c - 8052.06 210 39 334 1153802  2 40481263 192631 2.2 47 22 1 2 42% 345156 1460 56%
c p 8052.14 210 39 334 1153802  2 40481263 192782 2.2 47 22 1 2 42% 345156 1460 56%
c u 8053.17 210 39 334 1153802  2 40481263 189518 2.2 47 22 1 2 42% 345156 1460 56%
c v 8053.18 210 39 334 1153802  2 40481263 189518 2.2 47 22 1 2 42% 345156 1460 56%
c w 8053.19 210 39 334 1153802  2 40481263 189517 2.2 47 22 1 2 42% 345156 1460 56%
c s 8088.53 210 34 334 1153803  1 40691573 373666 2.4 47 20 1 2 49% 345156 1460 56%
c s 8088.97 210 34 334 1153803  1 40691573 373643 2.4 47 20 1 2 49% 345156 1460 56%
c - 8096.83 210 35 335 1153803  1 40725903 196872 2.4 47 20 1 2 50% 345156 1460 56%
c p 8096.91 210 35 335 1153803  1 40725903 197017 2.4 47 20 1 2 50% 345156 1460 56%
c u 8099.53 210 35 335 1153803  1 40725903 193229 2.4 47 20 1 2 50% 345156 1460 56%
c v 8100.14 210 35 335 1153803  1 40725903 192531 2.4 47 20 1 2 50% 345156 1460 56%
c w 8100.15 210 35 335 1153803  1 40725903 192531 2.4 47 20 1 2 50% 345156 1460 56%
c B 8104.18 210 34 335 1153803  1 40755641 219139 2.3 46 20 1 2 49% 345156 1460 56%
c ] 8114.22 210 41 335 1153803  1 40821522 277187 2.1 49 23 1 2 45% 345156 1460 56%
c { 8114.22 210 20 335 1153803  3 40821522 277187 2.8 28 10 1 2 45% 345156 1460 56%
c 
c   seconds     reductions       conflicts           size   tier2       variables
c            MB        restarts          redundant      glue   trail         remaining
c             level           rate             size/glue  tier1  irredundant
c 
c - 8165.89 210 20 336 1163409  3 40971282 206690 2.7 28 10 1 2 44% 345156 1460 56%
c p 8165.98 210 20 336 1163409  3 40971282 206842 2.7 28 10 1 2 44% 345156 1460 56%
c u 8167.81 210 20 336 1163409  3 40971282 202632 2.7 28 10 1 2 44% 345156 1460 56%
c v 8168.85 210 20 336 1163409  3 40971282 201013 2.7 28 10 1 2 44% 345156 1460 56%
c w 8168.85 210 20 336 1163409  3 40971282 201013 2.7 28 10 1 2 44% 345156 1460 56%
c W 8190.09 210 20 336 1167729  3 41041642 260977 2.8 28 10 1 2 44% 345156 1460 56%
c - 8236.14 210 20 337 1179353  3 41217398 214865 2.8 29 10 1 2 44% 345156 1460 56%
c p 8236.23 210 20 337 1179353  3 41217398 215016 2.8 29 10 1 2 44% 345156 1460 56%
c u 8237.51 210 20 337 1179353  3 41217398 210735 2.8 29 10 1 2 44% 345156 1460 56%
c v 8238.90 210 20 337 1179353  3 41217398 208403 2.8 29 10 1 2 44% 345156 1460 56%
c F 8264.62 210 20 337 1186119  3 41328645 303557 2.7 28 10 1 2 44% 345156 1460 56%
c - 8304.75 210 20 338 1195468  3 41464256 219536 2.7 28 10 1 2 44% 345156 1460 56%
c p 8304.84 210 20 338 1195468  3 41464256 219685 2.7 28 10 1 2 44% 345156 1460 56%
c u 8306.55 210 20 338 1195468  3 41464256 215750 2.7 28 10 1 2 44% 345156 1460 56%
c v 8307.95 210 20 338 1195468  3 41464256 213443 2.7 28 10 1 2 44% 345156 1460 56%
c } 8322.66 210 20 338 1199237  3 41526133 265651 2.8 28 10 1 2 44% 345156 1460 56%
c [ 8322.66 210 41 338 1199237  1 41526133 265651 2.1 49 23 1 2 45% 345156 1460 56%
c W 8344.01 210 39 338 1199237  1 41616648 346517 2.2 47 21 1 2 46% 345156 1460 56%
c - 8361.97 160 37 339 1199237  1 41711848 220090 2.4 47 19 1 2 47% 345156 1460 56%
c p 8362.05 160 37 339 1199237  1 41711848 220240 2.4 47 19 1 2 47% 345156 1460 56%
c 
c   seconds     reductions       conflicts           size   tier2       variables
c            MB        restarts          redundant      glue   trail         remaining
c             level           rate             size/glue  tier1  irredundant
c 
c u 8363.50 160 37 339 1199237  1 41711848 216372 2.4 47 19 1 2 47% 345156 1460 56%
c v 8364.47 160 37 339 1199237  1 41711848 214806 2.4 47 19 1 2 47% 345156 1460 56%
c w 8364.49 160 37 339 1199237  1 41711848 214806 2.4 47 19 1 2 47% 345156 1460 56%
c I 8400.50 160 39 339 1199237  1 41905651 390450 2.4 46 19 1 2 48% 345156 1460 56%
c - 8414.07 160 49 340 1199237  1 41960178 211928 1.9 50 26 1 2 45% 345156 1460 56%
c p 8414.15 160 49 340 1199237  1 41960178 212078 1.9 50 26 1 2 45% 345156 1460 56%
c u 8415.60 160 49 340 1199237  1 41960178 208173 1.9 50 26 1 2 45% 345156 1460 56%
c v 8416.62 160 49 340 1199237  1 41960178 205432 1.9 50 26 1 2 45% 345156 1460 56%
c w 8416.63 160 49 340 1199237  1 41960178 205432 1.9 50 26 1 2 45% 345156 1460 56%
c B 8465.96 160 48 340 1199237  1 42195655 404874 1.9 53 28 1 2 43% 345156 1460 56%
c - 8468.31 159 49 341 1199237  1 42209247 199000 1.9 53 28 1 2 42% 345156 1460 56%
c p 8468.39 159 49 341 1199237  1 42209247 199143 1.9 53 28 1 2 42% 345156 1460 56%
c u 8469.75 159 49 341 1199237  1 42209247 194959 1.9 53 28 1 2 42% 345156 1460 56%
c v 8469.75 159 49 341 1199237  1 42209247 194958 1.9 53 28 1 2 42% 345156 1460 56%
c w 8469.76 159 49 341 1199237  1 42209247 194957 1.9 53 28 1 2 42% 345156 1460 56%
c ] 8497.10 159 46 341 1199237  1 42376087 342476 2.0 53 26 1 2 42% 345156 1460 56%
c { 8497.10 159 20 341 1199237  3 42376087 342476 2.8 28 10 1 2 44% 345156 1460 56%
c - 8536.04 189 20 342 1205384  3 42459054 203721 2.7 28 10 1 2 44% 345156 1460 56%
c p 8536.13 189 20 342 1205384  3 42459054 203870 2.7 28 10 1 2 44% 345156 1460 56%
c u 8537.16 189 20 342 1205384  3 42459054 199699 2.7 28 10 1 2 44% 345156 1460 56%
c 
c   seconds     reductions       conflicts           size   tier2       variables
c            MB        restarts          redundant      glue   trail         remaining
c             level           rate             size/glue  tier1  irredundant
c 
c v 8538.59 189 20 342 1205384  3 42459054 197836 2.7 28 10 1 2 44% 345156 1460 56%
c w 8538.59 189 20 342 1205384  3 42459054 197836 2.7 28 10 1 2 44% 345156 1460 56%
c B 8544.93 189 21 342 1207405  3 42486658 221512 2.7 28 10 1 2 44% 345156 1460 56%
c - 8608.80 160 20 343 1221775  3 42709598 214693 2.7 28 10 1 2 44% 345156 1460 56%
c p 8608.89 160 20 343 1221775  3 42709598 214843 2.7 28 10 1 2 44% 345156 1460 56%
c u 8610.30 160 20 343 1221775  3 42709598 210693 2.7 28 10 1 2 44% 345156 1460 56%
c v 8611.75 160 20 343 1221775  3 42709598 208362 2.7 28 10 1 2 44% 345156 1460 56%
c w 8611.76 160 20 343 1221775  3 42709598 208362 2.7 28 10 1 2 44% 345156 1460 56%
c W 8638.83 160 20 343 1225763  3 42778666 267447 2.8 29 10 1 2 44% 345156 1460 56%
c - 8692.58 161 20 344 1237962  3 42960880 223284 2.8 29 10 1 2 44% 345156 1460 56%
c p 8692.67 161 20 344 1237962  3 42960880 223427 2.8 29 10 1 2 44% 345156 1460 56%
c u 8694.00 161 20 344 1237962  3 42960880 219703 2.8 29 10 1 2 44% 345156 1460 56%
c v 8695.28 161 20 344 1237962  3 42960880 217784 2.8 29 10 1 2 44% 345156 1460 56%
c w 8695.28 161 20 344 1237962  3 42960880 217784 2.8 29 10 1 2 44% 345156 1460 56%
c # 8721.78 161 20 344 1245408  3 43071667 313494 2.8 29 10 1 2 44% 345156 1460 56%
c } 8725.32 161 20 344 1246123  3 43087249 326684 2.8 29 10 1 2 44% 345156 1460 56%
c [ 8725.32 161 46 344 1246123  1 43087249 326684 2.0 53 26 1 2 42% 345156 1460 56%
c - 8751.48 161 45 345 1246124  1 43212905 223839 2.4 62 27 1 2 43% 345156 1460 56%
c p 8751.57 161 45 345 1246124  1 43212905 223985 2.4 62 27 1 2 43% 345156 1460 56%
c u 8753.16 161 45 345 1246124  1 43212905 219948 2.4 62 27 1 2 43% 345156 1460 56%
c 
c   seconds     reductions       conflicts           size   tier2       variables
c            MB        restarts          redundant      glue   trail         remaining
c             level           rate             size/glue  tier1  irredundant
c 
c v 8754.18 161 45 345 1246124  1 43212905 218180 2.4 62 27 1 2 43% 345156 1460 56%
c w 8754.18 161 45 345 1246124  1 43212905 218179 2.4 62 27 1 2 43% 345156 1460 56%
c W 8787.90 161 43 345 1246124  1 43365668 347673 2.4 56 23 1 2 45% 345156 1460 56%
c - 8803.67 160 52 346 1246124  1 43465664 216573 2.4 57 24 1 2 46% 345156 1460 56%
c p 8803.76 160 52 346 1246124  1 43465664 216719 2.4 57 24 1 2 46% 345156 1460 56%
c u 8805.12 160 52 346 1246124  1 43465664 212851 2.4 57 24 1 2 46% 345156 1460 56%
c v 8805.85 160 52 346 1246124  1 43465664 210881 2.4 57 24 1 2 46% 345156 1460 56%
c w 8805.87 160 52 346 1246124  1 43465664 210872 2.4 57 24 1 2 46% 345156 1460 56%
c O 8844.31 160 46 346 1246124  1 43660670 383289 2.2 55 25 1 2 43% 345156 1460 56%
c - 8856.89 187 43 347 1246124  1 43719167 207451 2.3 53 23 1 2 48% 345156 1460 56%
c p 8856.99 187 43 347 1246124  1 43719167 207596 2.3 53 23 1 2 48% 345156 1460 56%
c u 8858.27 187 43 347 1246124  1 43719167 203680 2.3 53 23 1 2 48% 345156 1460 56%
c v 8858.75 187 43 347 1246124  1 43719167 202341 2.3 53 23 1 2 48% 345156 1460 56%
c w 8858.78 187 43 347 1246124  1 43719167 202341 2.3 53 23 1 2 48% 345156 1460 56%
c B 8901.98 187 32 347 1246124  1 43956675 416133 2.4 45 19 1 2 49% 345156 1460 56%
c - 8905.08 187 35 348 1246124  1 43973405 204800 2.4 46 20 1 2 47% 345156 1460 56%
c p 8905.17 187 35 348 1246124  1 43973405 204946 2.4 46 20 1 2 47% 345156 1460 56%
c u 8906.26 187 35 348 1246124  1 43973405 201676 2.4 46 20 1 2 47% 345156 1460 56%
c v 8906.27 187 35 348 1246124  1 43973405 201673 2.4 46 20 1 2 47% 345156 1460 56%
c w 8906.27 187 35 348 1246124  1 43973405 201673 2.4 46 20 1 2 47% 345156 1460 56%
c 
c   seconds     reductions       conflicts           size   tier2       variables
c            MB        restarts          redundant      glue   trail         remaining
c             level           rate             size/glue  tier1  irredundant
c 
c ] 8911.62 187 38 348 1246124  1 44014985 237811 2.2 47 21 1 2 44% 345156 1460 56%
c { 8911.62 187 20 348 1246124  3 44014985 237811 2.8 29 10 1 2 44% 345156 1460 56%
c - 8978.07 187 19 349 1259279  3 44228381 216681 2.8 28 10 1 2 44% 345156 1460 56%
c p 8978.17 187 19 349 1259279  3 44228381 216826 2.8 28 10 1 2 44% 345156 1460 56%
c u 8978.42 187 19 349 1259279  3 44228381 216733 2.8 28 10 1 2 44% 345156 1460 56%
c v 8980.14 187 19 349 1259279  3 44228381 214280 2.8 28 10 1 2 44% 345156 1460 56%
c B 8985.23 187 19 349 1260772  3 44253680 235892 2.8 28 10 1 2 44% 345156 1460 56%
c - 9052.97 215 20 350 1276191  3 44484093 229926 2.8 29 10 1 2 44% 345156 1460 56%
c p 9053.07 215 20 350 1276191  3 44484093 230082 2.8 29 10 1 2 44% 345156 1460 56%
c u 9053.40 215 20 350 1276191  3 44484093 229826 2.8 29 10 1 2 44% 345156 1460 56%
c v 9055.50 215 20 350 1276191  3 44484093 226351 2.8 29 10 1 2 44% 345156 1460 56%
c W 9082.49 215 20 350 1279862  3 44551682 283810 2.8 28 10 1 2 44% 345156 1460 56%
c } 9138.49 215 19 350 1291670  3 44739564 442541 2.7 28 10 1 2 44% 345156 1460 56%
c [ 9138.49 215 38 350 1291670  1 44739564 442541 2.2 47 21 1 2 44% 345156 1460 56%
c - 9139.12 187 38 351 1291670  1 44740541 237240 2.2 47 21 1 2 44% 345156 1460 56%
c p 9139.22 187 38 351 1291670  1 44740541 237396 2.2 47 21 1 2 44% 345156 1460 56%
c u 9139.49 187 38 351 1291670  1 44740541 237388 2.2 47 21 1 2 44% 345156 1460 56%
c v 9141.59 187 38 351 1291670  1 44740541 233557 2.2 47 21 1 2 44% 345156 1460 56%
c w 9141.59 187 38 351 1291670  1 44740541 233557 2.2 47 21 1 2 44% 345156 1460 56%
c W 9166.25 187 36 351 1291670  1 44850683 331927 2.3 46 20 1 2 42% 345156 1460 56%
c 
c   seconds     reductions       conflicts           size   tier2       variables
c            MB        restarts          redundant      glue   trail         remaining
c             level           rate             size/glue  tier1  irredundant
c 
c - 9203.45 215 33 352 1291670  1 44997732 237758 2.4 45 19 1 2 41% 345156 1460 56%
c p 9203.55 215 33 352 1291670  1 44997732 237910 2.4 45 19 1 2 41% 345156 1460 56%
c u 9206.85 215 33 352 1291670  1 44997732 237730 2.4 45 19 1 2 41% 345156 1460 56%
c v 9208.83 215 33 352 1291670  1 44997732 233993 2.4 45 19 1 2 41% 345156 1460 56%
c w 9208.84 215 33 352 1291670  1 44997732 233993 2.4 45 19 1 2 41% 345156 1460 56%
c s 9224.50 215 30 352 1291670  1 45084279 307349 2.5 43 17 1 2 42% 345156 1460 56%
c s 9225.42 215 30 352 1291670  1 45084279 307090 2.5 43 17 1 2 42% 345156 1460 56%
c I 9238.71 215 29 352 1291670  1 45150684 366521 2.7 45 17 1 2 43% 345156 1460 56%
c - 9260.04 187 36 353 1291670  1 45255658 220349 2.1 43 21 1 2 39% 345156 1460 56%
c p 9260.12 187 36 353 1291670  1 45255658 220498 2.1 43 21 1 2 39% 345156 1460 56%
c u 9261.12 187 36 353 1291670  1 45255658 220330 2.1 43 21 1 2 39% 345156 1460 56%
c v 9261.13 187 36 353 1291670  1 45255658 220330 2.1 43 21 1 2 39% 345156 1460 56%
c w 9261.13 187 36 353 1291670  1 45255658 220330 2.1 43 21 1 2 39% 345156 1460 56%
c B 9294.00 187 37 353 1291670  1 45451685 386803 2.1 45 21 1 2 40% 345156 1460 56%
c - 9305.67 187 49 354 1291670  1 45514321 217874 2.1 57 27 1 2 45% 345156 1460 56%
c p 9305.76 187 49 354 1291670  1 45514321 218021 2.1 57 27 1 2 45% 345156 1460 56%
c u 9306.71 187 49 354 1291670  1 45514321 217801 2.1 57 27 1 2 45% 345156 1460 56%
c w 9306.72 187 49 354 1291670  1 45514321 217801 2.1 57 27 1 2 45% 345156 1460 56%
c ] 9329.76 187 43 354 1291670  1 45653732 338910 2.1 50 24 1 2 41% 345156 1460 56%
c { 9329.76 187 19 354 1291670  3 45653732 338910 2.7 28 10 1 2 44% 345156 1460 56%
c 
c   seconds     reductions       conflicts           size   tier2       variables
c            MB        restarts          redundant      glue   trail         remaining
c             level           rate             size/glue  tier1  irredundant
c 
c F 9373.73 187 20 354 1297803  3 45753688 425276 2.8 29 10 1 2 44% 345156 1460 56%
c - 9383.79 215 20 355 1299179  3 45773723 227192 2.8 29 10 1 2 44% 345156 1460 56%
c p 9383.89 215 20 355 1299179  3 45773723 227343 2.8 29 10 1 2 44% 345156 1460 56%
c u 9385.06 215 20 355 1299179  3 45773723 227035 2.8 29 10 1 2 44% 345156 1460 56%
c v 9386.88 215 20 355 1299179  3 45773723 224479 2.8 29 10 1 2 44% 345156 1460 56%
c w 9386.88 215 20 355 1299179  3 45773723 224479 2.8 29 10 1 2 44% 345156 1460 56%
c - 9464.12 215 19 356 1315740  3 46033863 240665 2.8 28 10 1 2 44% 345156 1460 56%
c p 9464.22 215 19 356 1315740  3 46033863 240816 2.8 28 10 1 2 44% 345156 1460 56%
c u 9465.47 215 19 356 1315740  3 46033863 240470 2.8 28 10 1 2 44% 345156 1460 56%
c v 9467.02 215 19 356 1315740  3 46033863 237882 2.8 28 10 1 2 44% 345156 1460 56%
c B 9472.58 215 20 356 1317344  3 46056689 257386 2.8 29 10 1 2 45% 345156 1460 56%
c - 9546.59 215 20 357 1333630  3 46294741 250992 2.7 29 11 1 2 44% 345156 1460 56%
c p 9546.70 215 20 357 1333630  3 46294741 251140 2.7 29 11 1 2 44% 345156 1460 56%
c u 9547.80 215 20 357 1333630  3 46294741 250717 2.7 29 11 1 2 44% 345156 1460 56%
c v 9549.61 215 20 357 1333630  3 46294741 247850 2.7 29 11 1 2 44% 345156 1460 56%
c s 9553.65 215 20 357 1334591  3 46308234 257892 2.7 29 11 1 2 44% 345156 1460 56%
c s 9554.84 215 20 357 1334591  3 46308234 257663 2.7 29 11 1 2 44% 345156 1460 56%
c W 9582.86 215 20 357 1337118  3 46360690 302655 2.8 29 10 1 2 44% 345156 1460 56%
c } 9583.56 215 20 357 1337314  3 46362701 304441 2.8 29 10 1 2 44% 345156 1460 56%
c [ 9583.56 215 43 357 1337314  1 46362701 304441 2.1 50 24 1 2 41% 345156 1460 56%
c 
c   seconds     reductions       conflicts           size   tier2       variables
c            MB        restarts          redundant      glue   trail         remaining
c             level           rate             size/glue  tier1  irredundant
c 
c - 9624.47 163 44 358 1337314  1 46556358 256031 2.2 51 24 1 2 48% 345156 1460 56%
c p 9624.58 163 44 358 1337314  1 46556358 256179 2.2 51 24 1 2 48% 345156 1460 56%
c u 9626.21 165 44 358 1337314  1 46556358 255874 2.2 51 24 1 2 48% 345156 1460 56%
c v 9627.26 165 44 358 1337314  1 46556358 254618 2.2 51 24 1 2 48% 345156 1460 56%
c w 9627.27 165 44 358 1337314  1 46556358 254618 2.2 51 24 1 2 48% 345156 1460 56%
c W 9649.76 165 34 358 1337314  1 46665693 352638 2.4 46 19 1 2 48% 345156 1460 56%
c - 9686.92 166 40 359 1337362  1 46818713 246784 2.0 47 24 1 2 41% 345156 1460 56%
c p 9687.03 166 40 359 1337362  1 46818713 246936 2.0 47 24 1 2 41% 345156 1460 56%
c u 9688.88 166 40 359 1337362  1 46818713 243397 2.0 47 24 1 2 41% 345156 1460 56%
c v 9690.01 166 40 359 1337362  1 46818713 240577 2.0 47 24 1 2 41% 345156 1460 56%
c w 9690.02 166 40 359 1337362  1 46818713 240576 2.0 47 24 1 2 41% 345156 1460 56%
c O 9722.04 166 37 359 1337408  1 46971697 365828 1.9 42 23 1 2 40% 345156 1460 56%
c - 9749.63 160 29 360 1337440  1 47081808 223777 2.1 40 19 1 2 42% 345156 1460 56%
c p 9749.71 160 29 360 1337440  1 47081808 223924 2.1 40 19 1 2 42% 345156 1460 56%
c u 9751.07 160 29 360 1337440  1 47081808 220121 2.1 40 19 1 2 42% 345156 1460 56%
c v 9751.09 160 29 360 1337440  1 47081808 220116 2.1 40 19 1 2 42% 345156 1460 56%
c w 9751.09 160 29 360 1337440  1 47081808 220114 2.1 40 19 1 2 42% 345156 1460 56%
c ] 9781.70 160 30 360 1337472  1 47241791 359648 2.3 41 18 1 2 48% 345156 1460 56%
c { 9781.70 160 20 360 1337472  3 47241791 359648 2.8 29 10 1 2 44% 345156 1460 56%
c # 9795.15 160 20 360 1339805  3 47278698 391055 2.8 29 10 1 2 44% 345156 1460 56%
c 
c   seconds     reductions       conflicts           size   tier2       variables
c            MB        restarts          redundant      glue   trail         remaining
c             level           rate             size/glue  tier1  irredundant
c 
c - 9818.72 187 20 361 1343765  3 47345640 230643 2.8 29 10 1 2 44% 345156 1460 56%
c p 9818.81 187 20 361 1343765  3 47345640 230793 2.8 29 10 1 2 44% 345156 1460 56%
c u 9820.10 187 20 361 1343765  3 47345640 226910 2.8 29 10 1 2 44% 345156 1460 56%
c v 9821.52 187 20 361 1343765  3 47345640 224307 2.8 29 10 1 2 44% 345156 1460 56%
c w 9821.52 187 20 361 1343765  3 47345640 224306 2.8 29 10 1 2 44% 345156 1460 56%
c B 9888.91 187 20 361 1359371  3 47586699 430430 2.8 29 10 1 2 44% 345156 1460 56%
c - 9897.06 215 20 362 1360828  3 47610210 241343 2.7 28 10 1 2 44% 345156 1460 56%
c p 9897.15 215 20 362 1360828  3 47610210 241490 2.7 28 10 1 2 44% 345156 1460 56%
c u 9898.26 215 20 362 1360828  3 47610210 237836 2.7 28 10 1 2 44% 345156 1460 56%
c v 9899.81 215 20 362 1360828  3 47610210 234878 2.7 28 10 1 2 44% 345156 1460 56%
c w 9899.82 215 20 362 1360828  3 47610210 234878 2.7 28 10 1 2 44% 345156 1460 56%
c s 9940.32 215 19 362 1369515  3 47764004 365020 2.7 28 10 1 2 44% 345156 1460 56%
c s 9941.21 215 19 362 1369515  3 47764004 364857 2.7 28 10 1 2 44% 345156 1460 56%
c - 9980.38 215 19 363 1376899  3 47875518 248752 2.8 28 10 1 2 44% 345156 1460 56%
c p 9980.48 215 19 363 1376899  3 47875518 248906 2.8 28 10 1 2 44% 345156 1460 56%
c u 9981.57 215 19 363 1376899  3 47875518 245354 2.8 28 10 1 2 44% 345156 1460 56%
c v 9983.36 215 19 363 1376899  3 47875518 242328 2.8 28 10 1 2 44% 345156 1460 56%
c w 9983.36 215 19 363 1376899  3 47875518 242328 2.8 28 10 1 2 44% 345156 1460 56%
c W 10000.26 215 20 363 1378304  3 47895701 259673 2.8 28 10 1 2 44% 345156 1460 56%
c } 10028.40 215 20 363 1385599  3 48000363 348718 2.8 29 10 1 2 44% 345156 1460 56%
c 
c   seconds      reductions       conflicts           size   tier2       variables
c             MB        restarts          redundant      glue   trail         remaining
c              level           rate             size/glue  tier1  irredundant
c 
c [ 10028.40 215 30 363 1385599  1 48000363 348718 2.3 41 18 1 2 48% 345156 1460 56%
c - 10057.27 215 33 364 1385641  1 48141565 249518 2.1 41 19 1 2 48% 345156 1460 56%
c p 10057.37 215 33 364 1385641  1 48141565 249670 2.1 41 19 1 2 48% 345156 1460 56%
c u 10059.52 215 33 364 1385641  1 48141565 245966 2.1 41 19 1 2 48% 345156 1460 56%
c v 10060.77 215 33 364 1385641  1 48141565 243993 2.1 41 19 1 2 48% 345156 1460 56%
c w 10060.78 215 33 364 1385641  1 48141565 243993 2.1 41 19 1 2 48% 345156 1460 56%
c B 10072.08 215 34 364 1385662  1 48205702 300189 2.2 42 19 1 2 50% 345156 1460 56%
c - 10117.27 215 33 365 1385696  1 48408350 244729 2.3 42 18 1 2 52% 345156 1460 56%
c p 10117.36 215 33 365 1385696  1 48408350 244875 2.3 42 18 1 2 52% 345156 1460 56%
c u 10118.87 215 33 365 1385696  1 48408350 240758 2.3 42 18 1 2 52% 345156 1460 56%
c v 10119.84 215 33 365 1385696  1 48408350 237797 2.3 42 18 1 2 52% 345156 1460 56%
c w 10119.85 215 33 365 1385696  1 48408350 237794 2.3 42 18 1 2 52% 345156 1460 56%
c W 10144.63 215 31 365 1385696  1 48516709 333608 2.4 40 17 1 2 49% 345156 1460 56%
c - 10176.85 215 38 366 1385757  2 48675872 231429 1.9 42 22 1 2 43% 345156 1460 56%
c p 10176.95 215 38 366 1385757  2 48675872 231574 1.9 42 22 1 2 43% 345156 1460 56%
c u 10178.76 215 38 366 1385757  2 48675872 227972 1.9 42 22 1 2 43% 345156 1460 56%
c v 10178.79 215 38 366 1385757  2 48675872 227946 1.9 42 22 1 2 43% 345156 1460 56%
c w 10178.80 215 38 366 1385757  2 48675872 227942 1.9 42 22 1 2 43% 345156 1460 56%
c I 10210.30 215 42 366 1385803  1 48828710 352727 1.8 46 25 1 2 41% 345156 1460 56%
c ] 10241.50 215 38 366 1385823  1 48938086 438398 1.8 43 24 1 2 39% 345156 1460 56%
c 
c   seconds      reductions       conflicts           size   tier2       variables
c             MB        restarts          redundant      glue   trail         remaining
c              level           rate             size/glue  tier1  irredundant
c 
c { 10241.50 215 20 366 1385823  3 48938086 438398 2.8 29 10 1 2 44% 345156 1460 56%
c - 10245.54 215 20 367 1386240  3 48944133 220770 2.8 29 10 1 2 44% 345156 1460 56%
c p 10245.62 215 20 367 1386240  3 48944133 220917 2.8 29 10 1 2 44% 345156 1460 56%
c u 10247.02 215 20 367 1386240  3 48944133 217368 2.8 29 10 1 2 44% 345156 1460 56%
c v 10247.02 215 20 367 1386240  3 48944133 217367 2.8 29 10 1 2 44% 345156 1460 56%
c w 10247.03 215 20 367 1386240  3 48944133 217366 2.8 29 10 1 2 44% 345156 1460 56%
c F 10300.93 215 20 367 1399364  3 49141711 386518 2.8 29 10 1 2 45% 345156 1460 56%
c - 10325.59 215 19 368 1403537  3 49213131 235972 2.8 29 10 1 2 44% 345156 1460 56%
c p 10325.71 215 19 368 1403537  3 49213131 236118 2.8 29 10 1 2 44% 345156 1460 56%
c u 10327.29 215 19 368 1403537  3 49213131 232343 2.8 29 10 1 2 44% 345156 1460 56%
c v 10329.47 215 19 368 1403537  3 49213131 230017 2.8 29 10 1 2 44% 345156 1460 56%
c w 10329.47 215 19 368 1403537  3 49213131 230017 2.8 29 10 1 2 44% 345156 1460 56%
c B 10411.68 215 20 368 1419639  3 49455713 435242 2.7 28 10 1 2 44% 345156 1460 56%
c - 10424.00 216 19 369 1421090  3 49482872 246342 2.7 28 10 1 2 44% 345156 1460 56%
c p 10424.14 216 19 369 1421090  3 49482872 246491 2.7 28 10 1 2 44% 345156 1460 56%
c u 10426.59 216 19 369 1421090  3 49482872 242858 2.7 28 10 1 2 44% 345156 1460 56%
c v 10428.70 216 19 369 1421090  3 49482872 240555 2.7 28 10 1 2 44% 345156 1460 56%
c w 10428.70 216 19 369 1421090  3 49482872 240555 2.7 28 10 1 2 44% 345156 1460 56%
c } 10514.18 216 20 369 1436613  3 49728116 448898 2.7 28 10 1 2 44% 345156 1460 56%
c [ 10514.18 216 38 369 1436613  1 49728116 448898 1.8 43 24 1 2 39% 345156 1460 56%
c 
c   seconds      reductions       conflicts           size   tier2       variables
c             MB        restarts          redundant      glue   trail         remaining
c              level           rate             size/glue  tier1  irredundant
c 
c - 10520.70 216 34 370 1436613  1 49753350 251542 1.9 41 21 1 2 42% 345156 1460 56%
c p 10520.82 216 34 370 1436613  1 49753350 251695 1.9 41 21 1 2 42% 345156 1460 56%
c u 10525.27 216 34 370 1436613  1 49753350 247849 1.9 41 21 1 2 42% 345156 1460 56%
c v 10527.14 216 34 370 1436613  1 49753350 244754 1.9 41 21 1 2 42% 345156 1460 56%
c w 10527.14 216 34 370 1436613  1 49753350 244754 1.9 41 21 1 2 42% 345156 1460 56%
c B 10529.33 216 38 370 1436613  1 49770715 260169 1.9 43 22 1 2 42% 345156 1460 56%
c - 10596.56 216 44 371 1436698  1 50024564 246614 1.8 48 26 1 2 40% 345156 1460 56%
c p 10596.65 216 44 371 1436698  1 50024564 246764 1.8 48 26 1 2 40% 345156 1460 56%
c u 10598.26 216 44 371 1436698  1 50024564 242913 1.8 48 26 1 2 40% 345156 1460 56%
c v 10599.76 216 44 371 1436698  1 50024564 240349 1.8 48 26 1 2 40% 345156 1460 56%
c w 10599.77 216 44 371 1436698  1 50024564 240349 1.8 48 26 1 2 40% 345156 1460 56%
c W 10627.36 216 43 371 1436721  1 50086723 293546 1.8 47 25 1 2 39% 345156 1460 56%
c - 10668.94 216 40 372 1436741  1 50296517 230072 1.9 45 23 1 2 39% 345156 1460 56%
c p 10669.03 216 40 372 1436741  1 50296517 230219 1.9 45 23 1 2 39% 345156 1460 56%
c u 10670.72 216 40 372 1436741  1 50296517 226427 1.9 45 23 1 2 39% 345156 1460 56%
c v 10670.72 216 40 372 1436741  1 50296517 226427 1.9 45 23 1 2 39% 345156 1460 56%
c w 10670.73 216 40 372 1436741  1 50296517 226427 1.9 45 23 1 2 39% 345156 1460 56%
c O 10687.78 216 42 372 1436742  1 50403725 317369 1.9 46 24 1 2 39% 345156 1460 56%
c - 10720.61 216 36 373 1436742  1 50569207 233600 2.4 47 19 1 2 48% 345156 1460 56%
c p 10720.72 216 36 373 1436742  1 50569207 233749 2.4 47 19 1 2 48% 345156 1460 56%
c 
c   seconds      reductions       conflicts           size   tier2       variables
c             MB        restarts          redundant      glue   trail         remaining
c              level           rate             size/glue  tier1  irredundant
c 
c u 10722.11 216 36 373 1436742  1 50569207 230371 2.4 47 19 1 2 48% 345156 1460 56%
c v 10722.83 216 36 373 1436742  1 50569207 229551 2.4 47 19 1 2 48% 345156 1460 56%
c w 10722.84 216 36 373 1436742  1 50569207 229551 2.4 47 19 1 2 48% 345156 1460 56%
c ] 10742.98 216 34 373 1436755  1 50669968 319003 2.5 44 18 1 2 48% 345156 1460 56%
c { 10742.98 216 20 373 1436755  3 50669968 319003 2.7 28 10 1 2 44% 345156 1460 56%
c W 10767.24 216 19 373 1440024  3 50721726 361832 2.7 28 10 1 2 44% 345156 1460 56%
c - 10812.15 217 20 374 1448610  3 50842635 242663 2.7 28 10 1 2 44% 345156 1460 56%
c p 10812.25 217 20 374 1448610  3 50842635 242818 2.7 28 10 1 2 44% 345156 1460 56%
c u 10813.55 217 20 374 1448610  3 50842635 239289 2.7 28 10 1 2 44% 345156 1460 56%
c v 10815.23 217 20 374 1448610  3 50842635 236321 2.7 28 10 1 2 44% 345156 1460 56%
c w 10815.23 217 20 374 1448610  3 50842635 236321 2.7 28 10 1 2 44% 345156 1460 56%
c s 10867.16 217 20 374 1456492  3 50970790 343840 2.7 28 10 1 2 44% 345156 1460 56%
c s 10867.93 217 20 374 1456492  3 50970790 343811 2.7 28 10 1 2 44% 345156 1460 56%
c # 10901.71 217 19 374 1460799  3 51040728 402622 2.7 28 10 1 2 44% 345156 1460 56%
c - 10938.37 217 19 375 1465665  3 51116802 252067 2.7 28 10 1 2 44% 345156 1460 56%
c p 10938.50 217 19 375 1465665  3 51116802 252221 2.7 28 10 1 2 44% 345156 1460 56%
c u 10940.76 217 19 375 1465665  3 51116802 248410 2.7 28 10 1 2 44% 345156 1460 56%
c v 10943.19 217 19 375 1465665  3 51116802 246180 2.7 28 10 1 2 44% 345156 1460 56%
c w 10943.21 217 19 375 1465665  3 51116802 246180 2.7 28 10 1 2 44% 345156 1460 56%
c B 11018.98 217 20 375 1481624  3 51360732 452885 2.7 28 10 1 2 44% 345156 1460 56%
c 
c   seconds      reductions       conflicts           size   tier2       variables
c             MB        restarts          redundant      glue   trail         remaining
c              level           rate             size/glue  tier1  irredundant
c 
c - 11031.69 217 20 376 1483551  3 51391708 259107 2.7 28 10 1 2 45% 345156 1460 56%
c p 11031.79 217 20 376 1483551  3 51391708 259263 2.7 28 10 1 2 45% 345156 1460 56%
c u 11033.58 217 20 376 1483551  3 51391708 255254 2.7 28 10 1 2 45% 345156 1460 56%
c v 11035.29 217 20 376 1483551  3 51391708 252346 2.7 28 10 1 2 45% 345156 1460 56%
c } 11049.35 217 20 376 1487233  3 51450124 302636 2.8 28 10 1 2 44% 345156 1460 56%
c [ 11049.35 217 34 376 1487233  1 51450124 302636 2.5 44 18 1 2 48% 345156 1460 56%
c - 11119.62 220 24 377 1487302  1 51667353 256847 2.5 38 15 1 2 45% 345156 1460 56%
c p 11119.76 220 24 377 1487302  1 51667353 257002 2.5 38 15 1 2 45% 345156 1460 56%
c u 11122.02 220 24 377 1487302  1 51667353 253349 2.5 38 15 1 2 45% 345156 1460 56%
c v 11123.51 220 24 377 1487302  1 51667353 250921 2.5 38 15 1 2 45% 345156 1460 56%
c w 11123.52 220 24 377 1487302  1 51667353 250921 2.5 38 15 1 2 45% 345156 1460 56%
c B 11125.38 220 28 377 1487311  1 51681734 263691 2.3 40 17 1 2 44% 345156 1460 56%
c - 11195.92 162 38 378 1487371  1 51943738 243325 1.8 43 23 1 2 41% 345156 1460 56%
c p 11196.02 162 38 378 1487371  1 51943738 243477 1.8 43 23 1 2 41% 345156 1460 56%
c u 11197.74 162 38 378 1487371  1 51943738 239523 1.8 43 23 1 2 41% 345156 1460 56%
c v 11198.38 162 38 378 1487371  1 51943738 237692 1.8 43 23 1 2 41% 345156 1460 56%
c w 11198.40 162 38 378 1487371  1 51943738 237691 1.8 43 23 1 2 41% 345156 1460 56%
c W 11223.36 162 39 378 1487392  1 52003736 286796 1.8 43 23 1 2 40% 345156 1460 56%
c - 11269.26 189 42 379 1487463  1 52220857 229348 2.0 49 24 1 2 42% 345156 1460 56%
c p 11269.34 189 42 379 1487463  1 52220857 229502 2.0 49 24 1 2 42% 345156 1460 56%
c 
c   seconds      reductions       conflicts           size   tier2       variables
c             MB        restarts          redundant      glue   trail         remaining
c              level           rate             size/glue  tier1  irredundant
c 
c u 11270.68 189 42 379 1487463  1 52220857 225560 2.0 49 24 1 2 42% 345156 1460 56%
c v 11270.69 189 42 379 1487463  1 52220857 225553 2.0 49 24 1 2 42% 345156 1460 56%
c w 11270.69 189 42 379 1487463  1 52220857 225553 2.0 49 24 1 2 42% 345156 1460 56%
c I 11291.04 189 45 379 1487474  1 52326737 311656 1.8 48 27 1 2 40% 345156 1460 56%
c ] 11303.56 189 47 379 1487475  1 52389047 362306 1.7 48 28 1 2 40% 345156 1460 56%
c { 11303.56 189 20 379 1487475  3 52389047 362306 2.8 28 10 1 2 44% 345156 1460 56%
c - 11351.43 217 19 380 1494602  3 52498717 236266 2.7 28 10 1 2 44% 345156 1460 56%
c p 11351.52 217 19 380 1494602  3 52498717 236426 2.7 28 10 1 2 44% 345156 1460 56%
c u 11353.08 217 19 380 1494602  3 52498717 232785 2.7 28 10 1 2 44% 345156 1460 56%
c v 11354.40 217 19 380 1494602  3 52498717 231090 2.7 28 10 1 2 44% 345156 1460 56%
c W 11399.81 217 20 380 1505146  3 52650739 361619 2.7 28 10 1 2 44% 345156 1460 56%
c s 11413.95 217 20 380 1507832  3 52696374 400216 2.7 28 10 1 2 44% 345156 1460 56%
c s 11414.80 217 20 380 1507832  3 52696374 400016 2.7 28 10 1 2 44% 345156 1460 56%
c - 11442.50 217 20 381 1512801  3 52777311 250930 2.7 28 10 1 2 44% 345156 1460 56%
c p 11442.60 217 20 381 1512801  3 52777311 251078 2.7 28 10 1 2 44% 345156 1460 56%
c u 11444.23 217 20 381 1512801  3 52777311 247073 2.7 28 10 1 2 44% 345156 1460 56%
c v 11445.90 217 20 381 1512801  3 52777311 244949 2.7 28 10 1 2 44% 345156 1460 56%
c F 11503.86 217 20 381 1525193  3 52975741 413837 2.8 29 10 1 2 44% 345156 1460 56%
c - 11533.45 217 20 382 1530569  3 53056643 258971 2.8 29 10 1 2 45% 345156 1460 56%
c p 11533.56 217 20 382 1530569  3 53056643 259123 2.8 29 10 1 2 45% 345156 1460 56%
c 
c   seconds      reductions       conflicts           size   tier2       variables
c             MB        restarts          redundant      glue   trail         remaining
c              level           rate             size/glue  tier1  irredundant
c 
c u 11535.38 217 20 382 1530569  3 53056643 255337 2.8 29 10 1 2 45% 345156 1460 56%
c v 11537.60 217 20 382 1530569  3 53056643 252375 2.8 29 10 1 2 45% 345156 1460 56%
c w 11537.60 217 20 382 1530569  3 53056643 252375 2.8 29 10 1 2 45% 345156 1460 56%
c } 11566.57 217 19 382 1537279  3 53176331 352438 2.7 27 10 1 2 44% 345156 1460 56%
c [ 11566.57 217 47 382 1537279  1 53176331 352438 1.7 48 28 1 2 40% 345156 1460 56%
c B 11593.08 217 32 382 1537292  1 53301742 461937 2.2 43 20 1 2 42% 345156 1460 56%
c - 11600.33 165 37 383 1537307  1 53336714 259554 2.0 44 22 1 2 40% 345156 1460 56%
c p 11600.42 165 37 383 1537307  1 53336714 259706 2.0 44 22 1 2 40% 345156 1460 56%
c u 11601.97 165 37 383 1537307  1 53336714 255992 2.0 44 22 1 2 40% 345156 1460 56%
c v 11603.15 165 37 383 1537307  1 53336714 254285 2.0 44 22 1 2 40% 345156 1460 56%
c w 11603.15 165 37 383 1537307  1 53336714 254284 2.0 44 22 1 2 40% 345156 1460 56%
c - 11683.99 168 44 384 1537400  1 53617527 249503 1.8 49 27 1 2 39% 345156 1460 56%
c p 11684.09 168 44 384 1537400  1 53617527 249656 1.8 49 27 1 2 39% 345156 1460 56%
c u 11686.23 168 44 384 1537400  1 53617527 245906 1.8 49 27 1 2 39% 345156 1460 56%
c v 11687.96 168 44 384 1537400  1 53617527 241840 1.8 49 27 1 2 39% 345156 1460 56%
c w 11687.97 168 44 384 1537400  1 53617527 241836 1.8 49 27 1 2 39% 345156 1460 56%
c W 11701.62 168 44 384 1537403  1 53628745 251415 1.8 49 27 1 2 39% 345156 1460 56%
c - 11773.69 195 44 385 1537467  1 53899079 231024 1.8 49 28 1 2 37% 345156 1460 56%
c p 11773.78 195 44 385 1537467  1 53899079 231175 1.8 49 28 1 2 37% 345156 1460 56%
c u 11775.44 195 44 385 1537467  1 53899079 227028 1.8 49 28 1 2 37% 345156 1460 56%
c 
c   seconds      reductions       conflicts           size   tier2       variables
c             MB        restarts          redundant      glue   trail         remaining
c              level           rate             size/glue  tier1  irredundant
c 
c v 11775.44 195 44 385 1537467  1 53899079 227026 1.8 49 28 1 2 37% 345156 1460 56%
c w 11775.45 195 44 385 1537467  1 53899079 227023 1.8 49 28 1 2 37% 345156 1460 56%
c O 11786.75 195 44 385 1537475  1 53956747 275875 1.8 49 27 1 2 37% 345156 1460 56%
c ] 11810.15 195 32 385 1537515  1 54060670 362268 2.0 41 20 1 2 41% 345156 1460 56%
c { 11810.15 195 19 385 1537515  3 54060670 362268 2.7 27 10 1 2 44% 345156 1460 56%
c - 11859.83 195 19 386 1546043  3 54181365 242032 2.8 28 10 1 2 45% 345156 1460 56%
c p 11859.92 195 19 386 1546043  3 54181365 242187 2.8 28 10 1 2 45% 345156 1460 56%
c u 11861.48 195 19 386 1546043  3 54181365 238510 2.8 28 10 1 2 45% 345156 1460 56%
c v 11863.21 195 19 386 1546043  3 54181365 236829 2.8 28 10 1 2 45% 345156 1460 56%
c w 11863.21 195 19 386 1546043  3 54181365 236829 2.8 28 10 1 2 45% 345156 1460 56%
c B 11890.55 195 20 386 1552831  3 54285750 325717 2.8 29 10 1 2 45% 345156 1460 56%
c s 11908.09 195 20 386 1556547  3 54341514 372687 2.8 28 10 1 2 44% 345156 1460 56%
c s 11909.07 195 20 386 1556547  3 54341514 372525 2.8 28 10 1 2 44% 345156 1460 56%
c - 11953.68 195 20 387 1564949  3 54464389 256339 2.7 28 10 1 2 44% 345156 1460 56%
c p 11953.77 195 20 387 1564949  3 54464389 256499 2.7 28 10 1 2 44% 345156 1460 56%
c u 11955.13 195 20 387 1564949  3 54464389 252689 2.7 28 10 1 2 44% 345156 1460 56%
c v 11957.29 195 20 387 1564949  3 54464389 250460 2.7 28 10 1 2 44% 345156 1460 56%
c W 12013.99 195 20 387 1574252  3 54615751 380166 2.8 29 10 1 2 44% 345156 1460 56%
c - 12060.85 163 19 388 1581919  3 54748154 264589 2.8 28 10 1 2 45% 345156 1460 56%
c p 12060.98 163 19 388 1581919  3 54748154 264742 2.8 28 10 1 2 45% 345156 1460 56%
c 
c   seconds      reductions       conflicts           size   tier2       variables
c             MB        restarts          redundant      glue   trail         remaining
c              level           rate             size/glue  tier1  irredundant
c 
c u 12063.23 163 19 388 1581919  3 54748154 260798 2.8 28 10 1 2 45% 345156 1460 56%
c v 12065.44 163 19 388 1581919  3 54748154 257941 2.8 28 10 1 2 45% 345156 1460 56%
c w 12065.45 163 19 388 1581919  3 54748154 257941 2.8 28 10 1 2 45% 345156 1460 56%
c } 12096.13 163 20 388 1589120  3 54854596 348969 2.7 28 10 1 2 44% 345156 1460 56%
c [ 12096.13 163 32 388 1589120  1 54854596 348969 2.0 41 20 1 2 41% 345156 1460 56%
c B 12113.74 163 28 388 1589138  1 54946753 427746 2.2 39 17 1 2 44% 345156 1460 56%
c - 12131.71 163 54 389 1589139  1 55032656 265745 2.0 54 26 1 2 51% 345156 1460 56%
c p 12131.82 163 54 389 1589139  1 55032656 265897 2.0 54 26 1 2 51% 345156 1460 56%
c u 12135.49 163 54 389 1589139  1 55032656 262180 2.0 54 26 1 2 51% 345156 1460 56%
c v 12137.17 163 54 389 1589139  1 55032656 259915 2.0 54 26 1 2 51% 345156 1460 56%
c w 12137.18 163 54 389 1589139  1 55032656 259915 2.0 54 26 1 2 51% 345156 1460 56%
c W 12201.70 163 33 389 1589140  1 55278754 474250 2.2 44 20 1 2 48% 345156 1460 56%
c - 12209.43 167 36 390 1589140  1 55317896 254051 2.1 45 21 1 2 45% 345156 1460 56%
c p 12209.55 167 36 390 1589140  1 55317896 254203 2.1 45 21 1 2 45% 345156 1460 56%
c u 12209.88 167 36 390 1589140  1 55317896 254115 2.1 45 21 1 2 45% 345156 1460 56%
c v 12211.81 167 36 390 1589140  1 55317896 249534 2.1 45 21 1 2 45% 345156 1460 56%
c w 12211.82 167 36 390 1589140  1 55317896 249534 2.1 45 21 1 2 45% 345156 1460 56%
c s 12247.89 188 43 390 1589141  1 55508516 407632 1.9 49 25 1 2 42% 345156 1460 56%
c s 12248.76 188 43 390 1589141  1 55508516 407475 1.9 49 25 1 2 42% 345156 1460 56%
c - 12275.69 195 42 391 1589141  1 55603880 231751 1.9 49 25 1 2 41% 345156 1460 56%
c 
c   seconds      reductions       conflicts           size   tier2       variables
c             MB        restarts          redundant      glue   trail         remaining
c              level           rate             size/glue  tier1  irredundant
c 
c p 12275.79 195 42 391 1589141  1 55603880 231904 1.9 49 25 1 2 41% 345156 1460 56%
c u 12276.08 195 42 391 1589141  1 55603880 231900 1.9 49 25 1 2 41% 345156 1460 56%
c v 12276.09 195 42 391 1589141  1 55603880 231893 1.9 49 25 1 2 41% 345156 1460 56%
c w 12276.09 195 42 391 1589141  1 55603880 231892 1.9 49 25 1 2 41% 345156 1460 56%
c I 12277.11 195 42 391 1589141  1 55611755 238425 1.9 49 25 1 2 41% 345156 1460 56%
c ] 12329.95 195 41 391 1589141  1 55867069 443169 1.9 46 25 1 2 41% 345156 1460 56%
c { 12329.95 195 20 391 1589141  3 55867069 443169 2.7 28 10 1 2 44% 345156 1460 56%
c - 12345.07 216 20 392 1590748  3 55890596 228854 2.7 28 10 1 2 44% 345156 1460 56%
c p 12345.19 216 20 392 1590748  3 55890596 229012 2.7 28 10 1 2 44% 345156 1460 56%
c u 12346.25 216 20 392 1590748  3 55890596 228892 2.7 28 10 1 2 44% 345156 1460 56%
c v 12346.26 216 20 392 1590748  3 55890596 228892 2.7 28 10 1 2 44% 345156 1460 56%
c w 12346.27 216 20 392 1590748  3 55890596 228891 2.7 28 10 1 2 44% 345156 1460 56%
c # 12359.65 216 20 392 1594443  3 55945756 276073 2.7 28 10 1 2 44% 345156 1460 56%
c - 12433.77 216 20 393 1609666  3 56178051 250991 2.8 29 10 1 2 45% 345156 1460 56%
c p 12433.88 216 20 393 1609666  3 56178051 251151 2.8 29 10 1 2 45% 345156 1460 56%
c u 12434.93 216 20 393 1609666  3 56178051 250940 2.8 29 10 1 2 45% 345156 1460 56%
c v 12437.13 216 20 393 1609666  3 56178051 248968 2.8 29 10 1 2 45% 345156 1460 56%
c w 12437.13 216 20 393 1609666  3 56178051 248967 2.8 29 10 1 2 45% 345156 1460 56%
c B 12464.02 216 20 393 1616058  3 56280757 336846 2.8 29 10 1 2 45% 345156 1460 56%
c - 12529.69 216 20 394 1628111  3 56466251 266020 2.8 29 10 1 2 45% 345156 1460 56%
c 
c   seconds      reductions       conflicts           size   tier2       variables
c             MB        restarts          redundant      glue   trail         remaining
c              level           rate             size/glue  tier1  irredundant
c 
c p 12529.80 216 20 394 1628111  3 56466251 266179 2.8 29 10 1 2 45% 345156 1460 56%
c u 12530.83 216 20 394 1628111  3 56466251 265905 2.8 29 10 1 2 45% 345156 1460 56%
c v 12533.09 216 20 394 1628111  3 56466251 262748 2.8 29 10 1 2 45% 345156 1460 56%
c W 12589.12 216 19 394 1636962  3 56616760 390662 2.7 28 10 1 2 45% 345156 1460 56%
c s 12614.70 216 19 394 1641617  3 56691288 454012 2.8 29 10 1 2 45% 345156 1460 56%
c s 12615.93 216 19 394 1641617  3 56691288 453799 2.8 29 10 1 2 45% 345156 1460 56%
c } 12622.85 216 19 394 1642816  3 56711335 470781 2.8 29 10 1 2 45% 345156 1460 56%
c [ 12622.85 216 41 394 1642816  1 56711335 470781 1.9 46 25 1 2 41% 345156 1460 56%
c - 12630.61 230 44 395 1642816  2 56755188 273071 1.8 47 26 1 2 38% 345156 1460 56%
c p 12630.72 230 44 395 1642816  2 56755188 273224 1.8 47 26 1 2 38% 345156 1460 56%
c u 12632.31 230 44 395 1642816  2 56755188 272904 1.8 47 26 1 2 38% 345156 1460 56%
c v 12634.13 230 44 395 1642816  2 56755188 269699 1.8 47 26 1 2 38% 345156 1460 56%
c w 12634.14 230 44 395 1642816  2 56755188 269698 1.8 47 26 1 2 38% 345156 1460 56%
c B 12676.79 230 33 395 1642878  1 56953763 441504 2.1 40 19 1 2 46% 345156 1460 56%
c - 12709.12 230 30 396 1642908  1 57044859 271649 2.1 39 18 1 2 47% 345156 1460 56%
c p 12709.22 230 30 396 1642908  1 57044859 271800 2.1 39 18 1 2 47% 345156 1460 56%
c u 12710.65 230 30 396 1642908  1 57044859 271464 2.1 39 18 1 2 47% 345156 1460 56%
c v 12712.55 230 30 396 1642908  1 57044859 268478 2.1 39 18 1 2 47% 345156 1460 56%
c w 12712.56 230 30 396 1642908  1 57044859 268478 2.1 39 18 1 2 47% 345156 1460 56%
c W 12773.20 230 37 396 1642962  1 57291767 480330 2.1 46 22 1 2 46% 345156 1460 56%
c 
c   seconds      reductions       conflicts           size   tier2       variables
c             MB        restarts          redundant      glue   trail         remaining
c              level           rate             size/glue  tier1  irredundant
c 
c - 12785.06 230 38 397 1642974  1 57335270 255823 1.9 45 23 1 2 43% 345156 1460 56%
c p 12785.15 230 38 397 1642974  1 57335270 255960 1.9 45 23 1 2 43% 345156 1460 56%
c u 12786.67 230 38 397 1642974  1 57335270 255548 1.9 45 23 1 2 43% 345156 1460 56%
c v 12786.67 230 38 397 1642974  1 57335270 255544 1.9 45 23 1 2 43% 345156 1460 56%
c w 12786.68 230 38 397 1642974  1 57335270 255542 1.9 45 23 1 2 43% 345156 1460 56%
c - 12854.41 171 39 398 1643069  1 57626419 251742 1.9 46 24 1 2 40% 345156 1460 56%
c p 12854.53 171 39 398 1643069  1 57626419 251888 1.9 46 24 1 2 40% 345156 1460 56%
c u 12856.06 171 39 398 1643069  1 57626419 251470 1.9 46 24 1 2 40% 345156 1460 56%
c v 12856.08 171 39 398 1643069  1 57626419 251461 1.9 46 24 1 2 40% 345156 1460 56%
c w 12856.08 171 39 398 1643069  1 57626419 251461 1.9 46 24 1 2 40% 345156 1460 56%
c O 12856.95 171 39 398 1643069  1 57630770 255158 1.9 46 24 1 2 40% 345156 1460 56%
c ] 12872.91 171 30 398 1643071  1 57724638 339264 2.3 43 19 1 2 43% 345156 1460 56%
c { 12872.91 171 19 398 1643071  3 57724638 339264 2.8 29 10 1 2 45% 345156 1460 56%
c - 12944.70 200 20 399 1655322  3 57918305 267455 2.8 29 10 1 2 45% 345156 1460 56%
c p 12944.79 200 20 399 1655322  3 57918305 267600 2.8 29 10 1 2 45% 345156 1460 56%
c u 12946.57 200 20 399 1655322  3 57918305 267294 2.8 29 10 1 2 45% 345156 1460 56%
c v 12947.39 200 20 399 1655322  3 57918305 266632 2.8 29 10 1 2 45% 345156 1460 56%
c w 12947.39 200 20 399 1655322  3 57918305 266632 2.8 29 10 1 2 45% 345156 1460 56%
c x 12947.60 200 20 399 1655322  3 57918305 266632 2.8 29 10 1 2 45% 345156 1460 56%
c s 12948.11 200 20 399 1655322  3 57918305 266608 2.8 29 10 1 2 45% 345156 1460 56%
c 
c   seconds      reductions       conflicts           size   tier2       variables
c             MB        restarts          redundant      glue   trail         remaining
c              level           rate             size/glue  tier1  irredundant
c 
c s 12948.85 200 20 399 1655322  3 57918305 266502 2.8 29 10 1 2 45% 345156 1460 56%
c F 12961.16 200 20 399 1658420  3 57970778 311442 2.8 29 10 1 2 45% 345156 1460 56%
c - 13042.94 230 20 400 1674243  3 58210930 281749 2.8 29 10 1 2 45% 345156 1460 56%
c p 13043.06 230 20 400 1674243  3 58210930 281894 2.8 29 10 1 2 45% 345156 1460 56%
c u 13044.32 230 20 400 1674243  3 58210930 279607 2.8 29 10 1 2 45% 345156 1460 56%
c v 13046.55 230 20 400 1674243  3 58210930 275683 2.8 29 10 1 2 45% 345156 1460 56%
c w 13046.56 230 20 400 1674243  3 58210930 275683 2.8 29 10 1 2 45% 345156 1460 56%
c B 13074.87 230 20 400 1680501  3 58311780 361171 2.7 28 10 1 2 45% 345156 1460 56%
c - 13145.50 200 19 401 1693100  3 58504296 288976 2.8 28 10 1 2 45% 345156 1460 56%
c p 13145.61 200 19 401 1693100  3 58504296 289120 2.8 28 10 1 2 45% 345156 1460 56%
c u 13147.50 200 19 401 1693100  3 58504296 285225 2.8 28 10 1 2 45% 345156 1460 56%
c v 13149.95 200 19 401 1693100  3 58504296 281405 2.8 28 10 1 2 45% 345156 1460 56%
c w 13149.96 200 19 401 1693100  3 58504296 281405 2.8 28 10 1 2 45% 345156 1460 56%
c } 13165.78 200 19 401 1696670  3 58565446 332929 2.8 28 10 1 2 45% 345156 1460 56%
c [ 13165.78 200 30 401 1696670  1 58565446 332929 2.3 43 19 1 2 43% 345156 1460 56%
c B 13182.69 200 34 401 1696670  1 58653784 409217 2.2 44 20 1 2 41% 345156 1460 56%
c - 13213.26 230 50 402 1696714  1 58798403 289283 1.8 48 26 1 2 42% 345156 1460 56%
c p 13213.38 230 50 402 1696714  1 58798403 289430 1.8 48 26 1 2 42% 345156 1460 56%
c u 13215.13 230 50 402 1696714  1 58798403 285722 1.8 48 26 1 2 42% 345156 1460 56%
c v 13216.54 230 50 402 1696714  1 58798403 284015 1.8 48 26 1 2 42% 345156 1460 56%
c 
c   seconds      reductions       conflicts           size   tier2       variables
c             MB        restarts          redundant      glue   trail         remaining
c              level           rate             size/glue  tier1  irredundant
c 
c w 13216.55 230 50 402 1696714  1 58798403 284011 1.8 48 26 1 2 42% 345156 1460 56%
c W 13277.03 230 44 402 1696777  1 58996785 450727 1.8 47 26 1 2 40% 345156 1460 56%
c - 13303.99 200 41 403 1696796  1 59093243 272376 1.8 44 25 1 2 40% 345156 1460 56%
c p 13304.09 200 41 403 1696796  1 59093243 272529 1.8 44 25 1 2 40% 345156 1460 56%
c u 13305.83 200 41 403 1696796  1 59093243 268543 1.8 44 25 1 2 40% 345156 1460 56%
c v 13305.84 200 41 403 1696796  1 59093243 268543 1.8 44 25 1 2 40% 345156 1460 56%
c w 13305.85 200 41 403 1696796  1 59093243 268543 1.8 44 25 1 2 40% 345156 1460 56%
c s 13311.15 200 40 403 1696797  1 59132617 303044 1.9 46 24 1 2 41% 345156 1460 56%
c s 13312.36 200 40 403 1696797  1 59132617 302811 1.9 46 24 1 2 41% 345156 1460 56%
c I 13352.68 200 45 403 1696860  1 59340786 480459 2.0 51 26 1 2 43% 345156 1460 56%
c - 13366.22 200 42 404 1696875  1 59388818 256987 2.0 48 24 1 2 42% 345156 1460 56%
c p 13366.31 200 42 404 1696875  1 59388818 257133 2.0 48 24 1 2 42% 345156 1460 56%
c u 13367.44 200 42 404 1696875  1 59388818 253097 2.0 48 24 1 2 42% 345156 1460 56%
c v 13367.45 200 42 404 1696875  1 59388818 253095 2.0 48 24 1 2 42% 345156 1460 56%
c w 13367.45 200 42 404 1696875  1 59388818 253095 2.0 48 24 1 2 42% 345156 1460 56%
c - 13436.72 203 45 405 1696925  1 59685132 254080 2.0 50 26 1 2 43% 345156 1460 56%
c p 13436.81 203 45 405 1696925  1 59685132 254231 2.0 50 26 1 2 43% 345156 1460 56%
c u 13438.07 203 45 405 1696925  1 59685132 250045 2.0 50 26 1 2 43% 345156 1460 56%
c v 13438.07 203 45 405 1696925  1 59685132 250041 2.0 50 26 1 2 43% 345156 1460 56%
c w 13438.08 203 45 405 1696925  1 59685132 250037 2.0 50 26 1 2 43% 345156 1460 56%
c 
c   seconds      reductions       conflicts           size   tier2       variables
c             MB        restarts          redundant      glue   trail         remaining
c              level           rate             size/glue  tier1  irredundant
c 
c B 13438.20 203 45 405 1696925  1 59685789 250636 2.0 50 26 1 2 43% 345156 1460 56%
c ] 13440.96 203 47 405 1696925  1 59709662 271852 2.0 52 26 1 2 45% 345156 1460 56%
c { 13440.96 203 19 405 1696925  3 59709662 271852 2.8 28 10 1 2 45% 345156 1460 56%
c - 13527.88 203 19 406 1715037  3 59982184 270636 2.8 28 10 1 2 45% 345156 1460 56%
c p 13527.98 203 19 406 1715037  3 59982184 270781 2.8 28 10 1 2 45% 345156 1460 56%
c u 13529.44 203 19 406 1715037  3 59982184 266603 2.8 28 10 1 2 45% 345156 1460 56%
c v 13531.87 203 19 406 1715037  3 59982184 264441 2.8 28 10 1 2 45% 345156 1460 56%
c w 13531.88 203 19 406 1715037  3 59982184 264441 2.8 28 10 1 2 45% 345156 1460 56%
c W 13554.37 203 19 406 1717871  3 60031792 306875 2.8 29 10 1 2 45% 345156 1460 56%
c - 13634.83 226 19 407 1733179  3 60279976 282121 2.8 29 10 1 2 45% 345156 1460 56%
c p 13634.93 226 19 407 1733179  3 60279976 282272 2.8 29 10 1 2 45% 345156 1460 56%
c u 13636.84 226 19 407 1733179  3 60279976 278310 2.8 29 10 1 2 45% 345156 1460 56%
c v 13639.12 226 19 407 1733179  3 60279976 275363 2.8 29 10 1 2 45% 345156 1460 56%
c s 13661.92 226 19 407 1738562  3 60362699 345722 2.8 29 10 1 2 45% 345156 1460 56%
c s 13662.48 226 19 407 1738562  3 60362699 345699 2.8 29 10 1 2 45% 345156 1460 56%
c # 13666.80 226 19 407 1739287  3 60378794 359196 2.8 28 10 1 2 45% 345156 1460 56%
c - 13738.11 226 20 408 1753017  3 60578505 287646 2.8 29 10 1 2 45% 345156 1460 56%
c p 13738.22 226 20 408 1753017  3 60578505 287789 2.8 29 10 1 2 45% 345156 1460 56%
c u 13740.00 226 20 408 1753017  3 60578505 283629 2.8 29 10 1 2 45% 345156 1460 56%
c v 13742.10 226 20 408 1753017  3 60578505 279862 2.8 29 10 1 2 45% 345156 1460 56%
c 
c   seconds      reductions       conflicts           size   tier2       variables
c             MB        restarts          redundant      glue   trail         remaining
c              level           rate             size/glue  tier1  irredundant
c 
c w 13742.11 226 20 408 1753017  3 60578505 279861 2.8 29 10 1 2 45% 345156 1460 56%
c } 13746.69 226 20 408 1754245  3 60597398 295876 2.8 29 10 1 2 45% 345156 1460 56%
c [ 13746.70 226 47 408 1754245  1 60597398 295876 2.0 52 26 1 2 45% 345156 1460 56%
c W 13783.48 226 39 408 1754246  1 60726796 409281 2.1 46 22 1 2 49% 345156 1460 56%
c - 13818.52 226 56 409 1754246  1 60877779 285457 1.8 54 29 1 2 44% 345156 1460 56%
c p 13818.62 226 56 409 1754246  1 60877779 285605 1.8 54 29 1 2 44% 345156 1460 56%
c u 13823.03 226 56 409 1754246  1 60877779 281459 1.8 54 29 1 2 44% 345156 1460 56%
c v 13824.78 226 56 409 1754246  1 60877779 279005 1.8 54 29 1 2 44% 345156 1460 56%
c w 13824.79 226 56 409 1754246  1 60877779 279004 1.8 54 29 1 2 44% 345156 1460 56%
c O 13868.18 226 45 409 1754308  1 61075804 443903 1.8 48 27 1 2 41% 345156 1460 56%
c - 13892.11 226 38 410 1754339  1 61177788 272692 2.1 45 21 1 2 42% 345156 1460 56%
c p 13892.20 226 38 410 1754339  1 61177788 272843 2.1 45 21 1 2 42% 345156 1460 56%
c u 13893.99 226 38 410 1754339  1 61177788 268554 2.1 45 21 1 2 42% 345156 1460 56%
c v 13895.36 226 38 410 1754339  1 61177788 265176 2.1 45 21 1 2 42% 345156 1460 56%
c w 13895.37 226 38 410 1754339  1 61177788 265173 2.1 45 21 1 2 42% 345156 1460 56%
c B 13956.82 226 41 410 1754395  1 61425806 477416 1.9 46 24 1 2 42% 345156 1460 56%
c - 13969.14 226 34 411 1754411  1 61478532 266517 2.2 44 20 1 2 43% 345156 1460 56%
c p 13969.25 226 34 411 1754411  1 61478532 266669 2.2 44 20 1 2 43% 345156 1460 56%
c u 13970.99 226 34 411 1754411  1 61478532 262475 2.2 44 20 1 2 43% 345156 1460 56%
c v 13971.00 226 34 411 1754411  1 61478532 262471 2.2 44 20 1 2 43% 345156 1460 56%
c 
c   seconds      reductions       conflicts           size   tier2       variables
c             MB        restarts          redundant      glue   trail         remaining
c              level           rate             size/glue  tier1  irredundant
c 
c w 13971.01 226 34 411 1754411  1 61478532 262471 2.2 44 20 1 2 43% 345156 1460 56%
c s 13998.73 226 31 411 1754451  1 61608552 377544 2.2 41 18 1 2 49% 345156 1460 56%
c s 13999.83 226 31 411 1754451  1 61608552 377220 2.2 41 18 1 2 49% 345156 1460 56%
c ] 14017.66 226 28 411 1754467  1 61665425 423663 2.2 39 17 1 2 47% 345156 1460 56%
c { 14017.66 226 20 411 1754467  3 61665425 423663 2.8 29 10 1 2 45% 345156 1460 56%
c B 14067.19 226 20 411 1761883  3 61776807 519106 2.8 29 10 1 2 45% 345156 1460 56%
c - 14068.89 226 20 412 1762164  3 61780013 274673 2.8 29 10 1 2 45% 345156 1460 56%
c p 14068.99 226 20 412 1762164  3 61780013 274826 2.8 29 10 1 2 45% 345156 1460 56%
c u 14070.62 226 20 412 1762164  3 61780013 270869 2.8 29 10 1 2 45% 345156 1460 56%
c v 14072.49 226 20 412 1762164  3 61780013 268312 2.8 29 10 1 2 45% 345156 1460 56%
c w 14072.50 226 20 412 1762164  3 61780013 268312 2.8 29 10 1 2 45% 345156 1460 56%
c - 14169.61 226 20 413 1780815  3 62082233 285948 2.8 29 10 1 2 45% 345156 1460 56%
c p 14169.71 226 20 413 1780815  3 62082233 286101 2.8 29 10 1 2 45% 345156 1460 56%
c u 14171.26 226 20 413 1780815  3 62082233 282028 2.8 29 10 1 2 45% 345156 1460 56%
c v 14173.21 226 20 413 1780815  3 62082233 278876 2.8 29 10 1 2 45% 345156 1460 56%
c W 14197.72 226 20 413 1783297  3 62128810 318407 2.8 29 10 1 2 45% 345156 1460 56%
c - 14286.10 226 19 414 1799777  3 62385192 293542 2.8 29 10 1 2 45% 345156 1460 56%
c p 14286.20 226 19 414 1799777  3 62385192 293682 2.8 29 10 1 2 45% 345156 1460 56%
c u 14287.93 226 19 414 1799777  3 62385192 289540 2.8 29 10 1 2 45% 345156 1460 56%
c v 14290.18 226 19 414 1799777  3 62385192 285971 2.8 29 10 1 2 45% 345156 1460 56%
c 
c   seconds      reductions       conflicts           size   tier2       variables
c             MB        restarts          redundant      glue   trail         remaining
c              level           rate             size/glue  tier1  irredundant
c 
c w 14290.18 226 19 414 1799777  3 62385192 285971 2.8 29 10 1 2 45% 345156 1460 56%
c F 14315.85 226 20 414 1806533  3 62481813 368210 2.7 29 11 1 2 45% 345156 1460 56%
c } 14335.70 226 20 414 1810366  3 62543725 420733 2.7 29 10 1 2 44% 345156 1460 56%
c [ 14335.70 226 28 414 1810366  1 62543725 420733 2.2 39 17 1 2 47% 345156 1460 56%
c - 14371.42 169 30 415 1810399  1 62688888 295646 2.2 40 18 1 2 47% 345156 1460 56%
c p 14371.54 169 30 415 1810399  1 62688888 295792 2.2 40 18 1 2 47% 345156 1460 56%
c u 14373.52 171 30 415 1810399  1 62688888 291620 2.2 40 18 1 2 47% 345156 1460 56%
c v 14375.83 171 30 415 1810399  1 62688888 288710 2.2 40 18 1 2 47% 345156 1460 56%
c w 14375.85 171 30 415 1810399  1 62688888 288708 2.2 40 18 1 2 47% 345156 1460 56%
c W 14409.77 171 29 415 1810400  1 62835815 417442 2.3 38 17 1 2 48% 345156 1460 56%
c s 14422.09 196 30 415 1810407  1 62870174 447142 2.2 39 17 1 2 48% 345156 1460 56%
c s 14422.32 196 30 415 1810407  1 62870174 447142 2.2 39 17 1 2 48% 345156 1460 56%
c - 14468.16 173 27 416 1810456  1 62993324 287427 2.2 36 16 1 2 45% 345156 1460 56%
c p 14468.28 173 27 416 1810456  1 62993324 287571 2.2 36 16 1 2 45% 345156 1460 56%
c u 14470.29 173 27 416 1810456  1 62993324 283241 2.2 36 16 1 2 45% 345156 1460 56%
c v 14472.33 173 27 416 1810456  1 62993324 278679 2.2 36 16 1 2 45% 345156 1460 56%
c w 14472.34 173 27 416 1810456  1 62993324 278677 2.2 36 16 1 2 45% 345156 1460 56%
c I 14513.40 173 28 416 1810517  1 63190816 455135 2.5 41 16 1 2 47% 345156 1460 56%
c - 14541.22 203 39 417 1810527  1 63298497 280327 1.9 42 22 1 2 42% 345156 1460 56%
c p 14541.32 203 39 417 1810527  1 63298497 280474 1.9 42 22 1 2 42% 345156 1460 56%
c 
c   seconds      reductions       conflicts           size   tier2       variables
c             MB        restarts          redundant      glue   trail         remaining
c              level           rate             size/glue  tier1  irredundant
c 
c u 14543.06 203 39 417 1810527  1 63298497 276242 1.9 42 22 1 2 42% 345156 1460 56%
c v 14543.50 203 39 417 1810527  1 63298497 275351 1.9 42 22 1 2 42% 345156 1460 56%
c w 14543.51 203 39 417 1810527  1 63298497 275351 1.9 42 22 1 2 42% 345156 1460 56%
c ] 14599.96 203 32 417 1810593  1 63532149 470115 2.0 40 19 1 2 44% 345156 1460 56%
c { 14599.96 203 20 417 1810593  3 63532149 470115 2.7 29 10 1 2 44% 345156 1460 56%
c B 14607.50 203 20 417 1811678  3 63546820 482709 2.7 29 10 1 2 44% 345156 1460 56%
c - 14635.31 229 20 418 1815161  3 63604408 278637 2.7 28 10 1 2 44% 345156 1460 56%
c p 14635.42 229 20 418 1815161  3 63604408 278786 2.7 28 10 1 2 44% 345156 1460 56%
c u 14637.36 229 20 418 1815161  3 63604408 274704 2.7 28 10 1 2 44% 345156 1460 56%
c v 14637.36 229 20 418 1815161  3 63604408 274704 2.7 28 10 1 2 44% 345156 1460 56%
c w 14637.36 229 20 418 1815161  3 63604408 274704 2.7 28 10 1 2 44% 345156 1460 56%
c W 14748.64 229 19 418 1834307  3 63903825 530208 2.8 29 10 1 2 45% 345156 1460 56%
c - 14751.67 229 19 419 1834868  3 63911057 292190 2.7 29 10 1 2 45% 345156 1460 56%
c p 14751.76 229 19 419 1834868  3 63911057 292341 2.7 29 10 1 2 45% 345156 1460 56%
c u 14753.53 229 19 419 1834868  3 63911057 288024 2.7 29 10 1 2 45% 345156 1460 56%
c v 14755.57 229 19 419 1834868  3 63911057 284612 2.7 29 10 1 2 45% 345156 1460 56%
c w 14755.58 229 19 419 1834868  3 63911057 284612 2.7 29 10 1 2 45% 345156 1460 56%
c s 14830.90 229 19 419 1849709  3 64147567 485182 2.7 28 10 1 2 45% 345156 1460 56%
c s 14831.77 229 19 419 1849709  3 64147567 485075 2.7 28 10 1 2 45% 345156 1460 56%
c - 14861.18 229 19 420 1854236  3 64218444 301550 2.7 28 10 1 2 45% 345156 1460 56%
c 
c   seconds      reductions       conflicts           size   tier2       variables
c             MB        restarts          redundant      glue   trail         remaining
c              level           rate             size/glue  tier1  irredundant
c 
c p 14861.28 229 19 420 1854236  3 64218444 301692 2.7 28 10 1 2 45% 345156 1460 56%
c u 14862.98 229 19 420 1854236  3 64218444 297696 2.7 28 10 1 2 45% 345156 1460 56%
c v 14865.44 229 19 420 1854236  3 64218444 293783 2.7 28 10 1 2 45% 345156 1460 56%
c w 14865.46 229 19 420 1854236  3 64218444 293783 2.7 28 10 1 2 45% 345156 1460 56%
c # 14877.50 229 19 420 1856844  3 64261826 331137 2.8 29 10 1 2 45% 345156 1460 56%
c } 14928.78 229 19 420 1867256  3 64419291 463491 2.7 28 10 1 2 45% 345156 1460 56%
c [ 14928.78 229 32 420 1867256  1 64419291 463491 2.0 40 19 1 2 44% 345156 1460 56%
c - 14954.93 229 28 421 1867299  1 64526571 304888 2.4 39 16 1 2 49% 345156 1460 56%
c p 14955.04 229 28 421 1867299  1 64526571 305032 2.4 39 16 1 2 49% 345156 1460 56%
c u 14956.95 229 28 421 1867299  1 64526571 300774 2.4 39 16 1 2 49% 345156 1460 56%
c v 14959.35 229 28 421 1867299  1 64526571 297536 2.4 39 16 1 2 49% 345156 1460 56%
c w 14959.37 229 28 421 1867299  1 64526571 297536 2.4 39 16 1 2 49% 345156 1460 56%
c B 14978.00 229 25 421 1867317  1 64620827 380275 2.7 38 14 1 2 51% 345156 1460 56%
c - 15042.12 229 32 422 1867319  1 64835436 300611 2.2 40 18 1 2 48% 345156 1460 56%
c p 15042.22 229 32 422 1867319  1 64835436 300757 2.2 40 18 1 2 48% 345156 1460 56%
c u 15044.04 229 32 422 1867319  1 64835436 296425 2.2 40 18 1 2 48% 345156 1460 56%
c v 15045.93 229 32 422 1867319  1 64835436 292018 2.2 40 18 1 2 48% 345156 1460 56%
c w 15045.94 229 32 422 1867319  1 64835436 292016 2.2 40 18 1 2 48% 345156 1460 56%
c W 15086.48 229 28 422 1867319  1 64980828 416934 2.3 38 16 1 2 48% 345156 1460 56%
c - 15121.20 229 51 423 1867320  1 65145040 283409 1.9 53 28 1 2 43% 345156 1460 56%
c 
c   seconds      reductions       conflicts           size   tier2       variables
c             MB        restarts          redundant      glue   trail         remaining
c              level           rate             size/glue  tier1  irredundant
c 
c p 15121.29 229 51 423 1867320  1 65145040 283545 1.9 53 28 1 2 43% 345156 1460 56%
c u 15122.97 229 51 423 1867320  1 65145040 279528 1.9 53 28 1 2 43% 345156 1460 56%
c v 15122.98 229 51 423 1867320  1 65145040 279526 1.9 53 28 1 2 43% 345156 1460 56%
c w 15122.99 229 51 423 1867320  1 65145040 279522 1.9 53 28 1 2 43% 345156 1460 56%
c O 15166.01 229 50 423 1867320  1 65341830 449664 1.9 55 29 1 2 42% 345156 1460 56%
c s 15190.42 229 46 423 1867320  1 65440730 542948 2.3 55 24 1 2 52% 345156 1460 56%
c s 15191.62 229 46 423 1867320  1 65440730 542567 2.3 55 24 1 2 52% 345156 1460 56%
c - 15196.23 229 45 424 1867320  1 65455383 283508 2.3 53 23 1 2 51% 345156 1460 56%
c p 15196.34 229 45 424 1867320  1 65455383 283646 2.3 53 23 1 2 51% 345156 1460 56%
c u 15198.30 229 45 424 1867320  1 65455383 279397 2.3 53 23 1 2 51% 345156 1460 56%
c v 15198.70 229 45 424 1867320  1 65455383 278624 2.3 53 23 1 2 51% 345156 1460 56%
c w 15198.71 229 45 424 1867320  1 65455383 278623 2.3 53 23 1 2 51% 345156 1460 56%
c ] 15205.69 229 44 424 1867320  1 65492985 313851 2.3 51 23 1 2 52% 345156 1460 56%
c { 15205.69 229 19 424 1867320  3 65492985 313851 2.7 28 10 1 2 45% 345156 1460 56%
c B 15280.63 229 19 424 1880846  3 65703833 493673 2.8 28 10 1 2 45% 345156 1460 56%
c - 15307.49 229 20 425 1885217  3 65766467 295342 2.8 29 10 1 2 45% 345156 1460 56%
c p 15307.59 229 20 425 1885217  3 65766467 295477 2.8 29 10 1 2 45% 345156 1460 56%
c u 15309.54 229 20 425 1885217  3 65766467 291454 2.8 29 10 1 2 45% 345156 1460 56%
c v 15312.25 229 20 425 1885217  3 65766467 288254 2.8 29 10 1 2 45% 345156 1460 56%
c w 15312.25 229 20 425 1885217  3 65766467 288254 2.8 29 10 1 2 45% 345156 1460 56%
c 
c   seconds      reductions       conflicts           size   tier2       variables
c             MB        restarts          redundant      glue   trail         remaining
c              level           rate             size/glue  tier1  irredundant
c 
c W 15421.98 229 20 425 1904021  3 66066837 544665 2.7 28 10 1 2 44% 345156 1460 56%
c - 15427.05 229 20 426 1904737  3 66078290 305097 2.7 28 10 1 2 44% 345156 1460 56%
c p 15427.15 229 20 426 1904737  3 66078290 305243 2.7 28 10 1 2 44% 345156 1460 56%
c u 15429.08 229 20 426 1904737  3 66078290 301054 2.7 28 10 1 2 44% 345156 1460 56%
c v 15430.21 229 20 426 1904737  3 66078290 299723 2.7 28 10 1 2 44% 345156 1460 56%
c w 15430.21 229 20 426 1904737  3 66078290 299723 2.7 28 10 1 2 44% 345156 1460 56%
c - 15535.66 169 19 427 1924152  3 66390851 310412 2.8 29 10 1 2 45% 345156 1460 56%
c p 15535.77 169 19 427 1924152  3 66390851 310551 2.8 29 10 1 2 45% 345156 1460 56%
c u 15537.57 173 19 427 1924152  3 66390851 306236 2.8 29 10 1 2 45% 345156 1460 56%
c v 15539.57 173 19 427 1924152  3 66390851 301879 2.8 29 10 1 2 45% 345156 1460 56%
c w 15539.58 173 19 427 1924152  3 66390851 301879 2.8 29 10 1 2 45% 345156 1460 56%
c } 15541.46 173 19 427 1924448  3 66398427 308345 2.8 29 10 1 2 45% 345156 1460 56%
c [ 15541.46 173 44 427 1924448  1 66398427 308345 2.3 51 23 1 2 52% 345156 1460 56%
c B 15547.12 173 39 427 1924448  1 66430839 337177 2.3 47 20 1 2 51% 345156 1460 56%
c - 15625.48 175 36 428 1924449  1 66704146 307843 2.2 45 21 1 2 49% 345156 1460 56%
c p 15625.59 175 36 428 1924449  1 66704146 307985 2.2 45 21 1 2 49% 345156 1460 56%
c u 15627.59 175 36 428 1924449  1 66704146 303898 2.2 45 21 1 2 49% 345156 1460 56%
c v 15629.72 175 36 428 1924449  1 66704146 299778 2.2 45 21 1 2 49% 345156 1460 56%
c w 15629.73 175 36 428 1924449  1 66704146 299778 2.2 45 21 1 2 49% 345156 1460 56%
c s 15638.69 190 35 428 1924449  1 66749663 339967 2.2 43 20 1 2 49% 345156 1460 56%
c 
c   seconds      reductions       conflicts           size   tier2       variables
c             MB        restarts          redundant      glue   trail         remaining
c              level           rate             size/glue  tier1  irredundant
c 
c s 15639.27 190 35 428 1924449  1 66749663 339952 2.2 43 20 1 2 49% 345156 1460 56%
c W 15660.56 190 32 428 1924449  1 66795842 379927 2.2 41 19 1 2 49% 345156 1460 56%
c - 15708.27 171 46 429 1924449  1 67018180 280489 1.7 46 28 1 2 39% 345156 1460 56%
c p 15708.37 171 46 429 1924449  1 67018180 280638 1.7 46 28 1 2 39% 345156 1460 56%
c u 15710.09 172 46 429 1924449  1 67018180 276489 1.7 46 28 1 2 39% 345156 1460 56%
c v 15710.10 172 46 429 1924449  1 67018180 276485 1.7 46 28 1 2 39% 345156 1460 56%
c w 15710.11 172 46 429 1924449  1 67018180 276484 1.7 46 28 1 2 39% 345156 1460 56%
c I 15733.66 172 29 429 1924449  1 67161844 404275 2.3 41 18 1 2 44% 345156 1460 56%
c - 15766.46 200 38 430 1924449  1 67332951 277811 2.1 45 22 1 2 43% 345156 1460 56%
c p 15766.55 200 38 430 1924449  1 67332951 277962 2.1 45 22 1 2 43% 345156 1460 56%
c u 15770.13 200 38 430 1924449  1 67332951 273941 2.1 45 22 1 2 43% 345156 1460 56%
c v 15770.13 200 38 430 1924449  1 67332951 273940 2.1 45 22 1 2 43% 345156 1460 56%
c w 15770.14 200 38 430 1924449  1 67332951 273940 2.1 45 22 1 2 43% 345156 1460 56%
c B 15807.52 200 42 430 1924449  1 67528846 439745 2.0 48 24 1 2 44% 345156 1460 56%
c ] 15815.43 200 41 430 1924449  1 67559353 466663 2.1 48 23 1 2 44% 345156 1460 56%
c { 15815.43 200 19 430 1924449  3 67559353 466663 2.8 29 10 1 2 45% 345156 1460 56%
c - 15863.21 225 19 431 1929702  3 67648464 282337 2.8 28 10 1 2 45% 345156 1460 56%
c p 15863.32 225 19 431 1929702  3 67648464 282491 2.8 28 10 1 2 45% 345156 1460 56%
c u 15865.24 225 19 431 1929702  3 67648464 278330 2.8 28 10 1 2 45% 345156 1460 56%
c v 15866.76 225 19 431 1929702  3 67648464 275843 2.8 28 10 1 2 45% 345156 1460 56%
c 
c   seconds      reductions       conflicts           size   tier2       variables
c             MB        restarts          redundant      glue   trail         remaining
c              level           rate             size/glue  tier1  irredundant
c 
c F 15947.64 225 20 431 1947163  3 67896847 487567 2.7 28 11 1 2 44% 345156 1460 56%
c - 15974.54 225 20 432 1951094  3 67964714 295641 2.7 28 10 1 2 44% 345156 1460 56%
c p 15974.64 225 20 432 1951094  3 67964714 295794 2.7 28 10 1 2 44% 345156 1460 56%
c u 15976.50 225 20 432 1951094  3 67964714 291456 2.7 28 10 1 2 44% 345156 1460 56%
c v 15979.06 225 20 432 1951094  3 67964714 288636 2.7 28 10 1 2 44% 345156 1460 56%
c w 15979.07 225 20 432 1951094  3 67964714 288636 2.7 28 10 1 2 44% 345156 1460 56%
c s 16010.37 225 20 432 1957718  3 68074369 381920 2.8 28 10 1 2 44% 345156 1460 56%
c s 16011.35 225 20 432 1957718  3 68074369 381579 2.8 28 10 1 2 44% 345156 1460 56%
c B 16082.25 225 20 432 1970241  3 68265851 544291 2.8 29 10 1 2 45% 345156 1460 56%
c - 16089.25 225 19 433 1971163  3 68281701 306506 2.8 29 10 1 2 45% 345156 1460 56%
c p 16089.35 225 19 433 1971163  3 68281701 306659 2.8 29 10 1 2 45% 345156 1460 56%
c u 16090.93 225 19 433 1971163  3 68281701 302258 2.8 29 10 1 2 45% 345156 1460 56%
c v 16093.79 225 19 433 1971163  3 68281701 298619 2.8 29 10 1 2 45% 345156 1460 56%
c } 16155.53 225 19 433 1983750  3 68477563 464588 2.8 28 10 1 2 45% 345156 1460 56%
c [ 16155.53 225 41 433 1983750  1 68477563 464588 2.1 48 23 1 2 44% 345156 1460 56%
c - 16182.44 248 45 434 1983788  1 68599425 308652 1.8 47 25 1 2 43% 345156 1460 56%
c p 16182.55 248 45 434 1983788  1 68599425 308803 1.8 47 25 1 2 43% 345156 1460 56%
c u 16184.41 248 45 434 1983788  1 68599425 304370 1.8 47 25 1 2 43% 345156 1460 56%
c v 16187.03 248 45 434 1983788  1 68599425 300797 1.8 47 25 1 2 43% 345156 1460 56%
c w 16187.04 248 45 434 1983788  1 68599425 300795 1.8 47 25 1 2 43% 345156 1460 56%
c 
c   seconds      reductions       conflicts           size   tier2       variables
c             MB        restarts          redundant      glue   trail         remaining
c              level           rate             size/glue  tier1  irredundant
c 
c W 16211.84 248 45 434 1983803  1 68635855 331090 1.8 46 25 1 2 42% 345156 1460 56%
c - 16290.65 248 42 435 1983877  1 68917890 295005 1.8 47 26 1 2 40% 345156 1460 56%
c p 16290.75 248 42 435 1983877  1 68917890 295152 1.8 47 26 1 2 40% 345156 1460 56%
c u 16291.25 248 42 435 1983877  1 68917890 294786 1.8 47 26 1 2 40% 345156 1460 56%
c v 16293.30 248 42 435 1983877  1 68917890 290068 1.8 47 26 1 2 40% 345156 1460 56%
c w 16293.32 248 42 435 1983877  1 68917890 290063 1.8 47 26 1 2 40% 345156 1460 56%
c O 16309.56 248 41 435 1983892  1 69006857 363236 1.9 45 24 1 2 40% 345156 1460 56%
c - 16385.59 248 34 436 1983970  1 69237093 278705 2.1 43 20 1 2 48% 345156 1460 56%
c p 16385.70 248 34 436 1983970  1 69237093 278859 2.1 43 20 1 2 48% 345156 1460 56%
c u 16386.00 248 34 436 1983970  1 69237093 278829 2.1 43 20 1 2 48% 345156 1460 56%
c v 16386.01 248 34 436 1983970  1 69237093 278825 2.1 43 20 1 2 48% 345156 1460 56%
c w 16386.01 248 34 436 1983970  1 69237093 278825 2.1 43 20 1 2 48% 345156 1460 56%
c B 16418.62 248 28 436 1984004  1 69378860 401975 2.3 38 16 1 2 50% 345156 1460 56%
c ] 16458.85 248 45 436 1984005  1 69531494 538710 2.0 48 24 1 2 40% 345156 1460 56%
c { 16458.85 248 19 436 1984005  3 69531494 538710 2.8 28 10 1 2 45% 345156 1460 56%
c - 16478.11 248 19 437 1985673  3 69557035 286631 2.8 29 10 1 2 44% 345156 1460 56%
c p 16478.24 248 19 437 1985673  3 69557035 286780 2.8 29 10 1 2 44% 345156 1460 56%
c v 16480.01 248 19 437 1985673  3 69557035 284429 2.8 29 10 1 2 44% 345156 1460 56%
c w 16480.02 248 19 437 1985673  3 69557035 284429 2.8 29 10 1 2 44% 345156 1460 56%
c W 16561.08 248 20 437 1998643  3 69751862 450860 2.8 29 10 1 2 45% 345156 1460 56%
c 
c   seconds      reductions       conflicts           size   tier2       variables
c             MB        restarts          redundant      glue   trail         remaining
c              level           rate             size/glue  tier1  irredundant
c 
c - 16611.02 178 20 438 2006571  3 69877714 304538 2.8 29 10 1 2 45% 345156 1460 56%
c p 16611.12 178 20 438 2006571  3 69877714 304675 2.8 29 10 1 2 45% 345156 1460 56%
c u 16612.17 180 20 438 2006571  3 69877714 304570 2.8 29 10 1 2 45% 345156 1460 56%
c v 16614.49 180 20 438 2006571  3 69877714 301765 2.8 29 10 1 2 45% 345156 1460 56%
c w 16614.50 180 20 438 2006571  3 69877714 301765 2.8 29 10 1 2 45% 345156 1460 56%
c # 16710.12 180 20 438 2022296  3 70125863 513623 2.8 29 10 1 2 45% 345156 1460 56%
c - 16741.32 210 20 439 2027067  3 70199131 317998 2.8 29 10 1 2 45% 345156 1460 56%
c p 16741.43 210 20 439 2027067  3 70199131 318141 2.8 29 10 1 2 45% 345156 1460 56%
c u 16742.64 210 20 439 2027067  3 70199131 317884 2.8 29 10 1 2 45% 345156 1460 56%
c v 16745.26 210 20 439 2027067  3 70199131 313935 2.8 29 10 1 2 45% 345156 1460 56%
c w 16745.27 210 20 439 2027067  3 70199131 313935 2.8 29 10 1 2 45% 345156 1460 56%
c } 16858.42 210 20 439 2044347  3 70477158 551416 2.8 29 10 1 2 45% 345156 1460 56%
c [ 16858.42 210 45 439 2044347  1 70477158 551416 2.0 48 24 1 2 40% 345156 1460 56%
c W 16874.02 210 45 439 2044347  1 70500864 571669 1.9 47 25 1 2 40% 345156 1460 56%
c - 16880.63 242 45 440 2044349  2 70521286 326608 2.0 48 24 1 2 40% 345156 1460 56%
c p 16880.75 242 45 440 2044349  2 70521286 326762 2.0 48 24 1 2 40% 345156 1460 56%
c u 16882.68 242 45 440 2044349  2 70521286 326531 2.0 48 24 1 2 40% 345156 1460 56%
c v 16885.39 242 45 440 2044349  2 70521286 322563 2.0 48 24 1 2 40% 345156 1460 56%
c w 16885.40 242 45 440 2044349  2 70521286 322562 2.0 48 24 1 2 40% 345156 1460 56%
c s 16889.10 242 42 440 2044357  1 70534111 332772 2.0 46 23 1 2 40% 345156 1460 56%
c 
c   seconds      reductions       conflicts           size   tier2       variables
c             MB        restarts          redundant      glue   trail         remaining
c              level           rate             size/glue  tier1  irredundant
c 
c s 16889.68 242 42 440 2044357  1 70534111 332741 2.0 46 23 1 2 40% 345156 1460 56%
c - 17010.45 210 27 441 2044462  1 70844180 324305 2.5 40 16 1 2 50% 345156 1460 56%
c p 17010.56 210 27 441 2044462  1 70844180 324452 2.5 40 16 1 2 50% 345156 1460 56%
c u 17012.23 210 27 441 2044462  1 70844180 324198 2.5 40 16 1 2 50% 345156 1460 56%
c v 17014.40 210 27 441 2044462  1 70844180 319694 2.5 40 16 1 2 50% 345156 1460 56%
c w 17014.41 210 27 441 2044462  1 70844180 319694 2.5 40 16 1 2 50% 345156 1460 56%
c I 17020.09 210 27 441 2044472  1 70876867 346737 2.4 39 16 1 2 48% 345156 1460 56%
c - 17104.28 215 41 442 2044537  1 71167813 302811 2.0 48 24 1 2 45% 345156 1460 56%
c p 17104.39 215 41 442 2044537  1 71167813 302965 2.0 48 24 1 2 45% 345156 1460 56%
c u 17106.13 215 41 442 2044537  1 71167813 302663 2.0 48 24 1 2 45% 345156 1460 56%
c v 17106.14 215 41 442 2044537  1 71167813 302658 2.0 48 24 1 2 45% 345156 1460 56%
c w 17106.14 215 41 442 2044537  1 71167813 302658 2.0 48 24 1 2 45% 345156 1460 56%
c B 17125.64 215 42 442 2044568  1 71253868 374341 1.9 46 24 1 2 43% 345156 1460 56%
c - 17186.33 215 41 443 2044602  1 71492183 296180 1.9 46 24 1 2 42% 345156 1460 56%
c p 17186.43 215 41 443 2044602  1 71492183 296336 1.9 46 24 1 2 42% 345156 1460 56%
c u 17188.26 215 41 443 2044602  1 71492183 295976 1.9 46 24 1 2 42% 345156 1460 56%
c v 17188.27 215 41 443 2044602  1 71492183 295976 1.9 46 24 1 2 42% 345156 1460 56%
c w 17188.28 215 41 443 2044602  1 71492183 295976 1.9 46 24 1 2 42% 345156 1460 56%
c W 17229.68 215 39 443 2044603  1 71631871 416299 2.0 45 23 1 2 41% 345156 1460 56%
c ] 17234.35 215 39 443 2044603  1 71651733 432961 2.0 45 22 1 2 41% 345156 1460 56%
c 
c   seconds      reductions       conflicts           size   tier2       variables
c             MB        restarts          redundant      glue   trail         remaining
c              level           rate             size/glue  tier1  irredundant
c 
c { 17234.35 215 20 443 2044603  3 71651733 432961 2.8 29 10 1 2 45% 345156 1460 56%
c - 17313.34 215 20 444 2055509  3 71817291 308181 2.8 29 10 1 2 44% 345156 1460 56%
c p 17313.46 215 20 444 2055509  3 71817291 308332 2.8 29 10 1 2 44% 345156 1460 56%
c u 17315.32 215 20 444 2055509  3 71817291 307958 2.8 29 10 1 2 44% 345156 1460 56%
c v 17317.66 215 20 444 2055509  3 71817291 304612 2.8 29 10 1 2 44% 345156 1460 56%
c w 17317.66 215 20 444 2055509  3 71817291 304612 2.8 29 10 1 2 44% 345156 1460 56%
c s 17338.34 219 20 444 2060193  3 71890355 366407 2.7 28 10 1 2 45% 345156 1460 56%
c s 17339.22 219 20 444 2060193  3 71890355 366250 2.7 28 10 1 2 45% 345156 1460 56%
c B 17380.70 219 20 444 2068073  3 72010877 469772 2.8 29 10 1 2 45% 345156 1460 56%
c - 17434.98 241 19 445 2075922  3 72143139 323715 2.8 29 10 1 2 45% 345156 1460 56%
c p 17435.09 241 19 445 2075922  3 72143139 323860 2.8 29 10 1 2 45% 345156 1460 56%
c u 17436.50 241 19 445 2075922  3 72143139 323429 2.8 29 10 1 2 45% 345156 1460 56%
c v 17439.08 241 19 445 2075922  3 72143139 320208 2.8 29 10 1 2 45% 345156 1460 56%
c w 17439.09 241 19 445 2075922  3 72143139 320208 2.8 29 10 1 2 45% 345156 1460 56%
c W 17532.82 241 20 445 2092292  3 72390878 531362 2.8 28 10 1 2 45% 345156 1460 56%
c - 17566.22 175 19 446 2097173  3 72469724 334705 2.8 28 10 1 2 45% 345156 1460 56%
c p 17566.34 175 19 446 2097173  3 72469724 334852 2.8 28 10 1 2 45% 345156 1460 56%
c u 17568.61 180 19 446 2097173  3 72469724 334511 2.8 28 10 1 2 45% 345156 1460 56%
c v 17571.60 180 19 446 2097173  3 72469724 330521 2.8 28 10 1 2 45% 345156 1460 56%
c w 17571.60 180 19 446 2097173  3 72469724 330521 2.8 28 10 1 2 45% 345156 1460 56%
c 
c   seconds      reductions       conflicts           size   tier2       variables
c             MB        restarts          redundant      glue   trail         remaining
c              level           rate             size/glue  tier1  irredundant
c 
c } 17621.33 180 20 446 2105631  3 72599952 442154 2.8 29 10 1 2 45% 345156 1460 56%
c [ 17621.33 180 39 446 2105631  1 72599952 442154 2.0 45 22 1 2 41% 345156 1460 56%
c O 17663.46 180 33 446 2105631  1 72771881 589719 2.2 43 19 1 2 48% 345156 1460 56%
c - 17669.29 181 32 447 2105631  1 72797048 337545 2.4 43 18 1 2 49% 345156 1460 56%
c p 17669.41 181 32 447 2105631  1 72797048 337689 2.4 43 18 1 2 49% 345156 1460 56%
c u 17671.60 181 32 447 2105631  1 72797048 334171 2.4 43 18 1 2 49% 345156 1460 56%
c v 17673.84 181 32 447 2105631  1 72797048 329825 2.4 43 18 1 2 49% 345156 1460 56%
c w 17673.85 181 32 447 2105631  1 72797048 329825 2.4 43 18 1 2 49% 345156 1460 56%
c - 17763.71 181 37 448 2105745  1 73125112 327475 2.1 45 22 1 2 51% 345156 1460 56%
c p 17763.83 181 37 448 2105745  1 73125112 327620 2.1 45 22 1 2 51% 345156 1460 56%
c u 17765.86 181 37 448 2105745  1 73125112 323712 2.1 45 22 1 2 51% 345156 1460 56%
c v 17766.53 181 37 448 2105745  1 73125112 322433 2.1 45 22 1 2 51% 345156 1460 56%
c w 17766.54 181 37 448 2105745  1 73125112 322433 2.1 45 22 1 2 51% 345156 1460 56%
c B 17772.22 181 35 448 2105756  1 73153882 346988 2.1 43 20 1 2 52% 345156 1460 56%
c s 17797.75 203 33 448 2105758  1 73262369 441728 2.2 42 19 1 2 50% 345156 1460 56%
c s 17798.31 203 33 448 2105758  1 73262369 441718 2.2 42 19 1 2 50% 345156 1460 56%
c - 17869.39 178 26 449 2105821  1 73453913 313097 2.3 38 16 1 2 47% 345156 1460 56%
c p 17869.50 178 26 449 2105821  1 73453913 313243 2.3 38 16 1 2 47% 345156 1460 56%
c u 17871.42 178 26 449 2105821  1 73453913 309012 2.3 38 16 1 2 47% 345156 1460 56%
c v 17871.43 178 26 449 2105821  1 73453913 309008 2.3 38 16 1 2 47% 345156 1460 56%
c 
c   seconds      reductions       conflicts           size   tier2       variables
c             MB        restarts          redundant      glue   trail         remaining
c              level           rate             size/glue  tier1  irredundant
c 
c w 17871.44 178 26 449 2105821  1 73453913 309008 2.3 38 16 1 2 47% 345156 1460 56%
c W 17899.57 178 29 449 2105852  1 73536888 381249 2.4 40 17 1 2 51% 345156 1460 56%
c ] 17947.47 178 43 449 2105886  1 73746410 555208 1.9 48 25 1 2 44% 345156 1460 56%
c { 17947.47 178 20 449 2105886  3 73746410 555208 2.8 29 10 1 2 45% 345156 1460 56%
c - 17970.92 225 20 450 2108544  3 73783453 310570 2.8 29 10 1 2 45% 345156 1460 56%
c p 17971.03 225 20 450 2108544  3 73783453 310719 2.8 29 10 1 2 45% 345156 1460 56%
c u 17972.77 226 20 450 2108544  3 73783453 306476 2.8 29 10 1 2 45% 345156 1460 56%
c w 17972.78 226 20 450 2108544  3 73783453 306475 2.8 29 10 1 2 45% 345156 1460 56%
c F 18014.14 226 20 450 2117540  3 73920890 424279 2.8 29 10 1 2 45% 345156 1460 56%
c - 18087.44 226 19 451 2129490  3 74113731 325611 2.8 29 10 1 2 45% 345156 1460 56%
c p 18087.56 226 19 451 2129490  3 74113731 325758 2.8 29 10 1 2 45% 345156 1460 56%
c u 18088.87 226 19 451 2129490  3 74113731 321572 2.8 29 10 1 2 45% 345156 1460 56%
c v 18091.06 226 19 451 2129490  3 74113731 318322 2.8 29 10 1 2 45% 345156 1460 56%
c B 18156.23 226 20 451 2142674  3 74305892 483448 2.8 29 10 1 2 45% 345156 1460 56%
c - 18212.90 227 20 452 2151605  3 74444749 335859 2.8 29 10 1 2 45% 345156 1460 56%
c p 18213.02 227 20 452 2151605  3 74444749 336005 2.8 29 10 1 2 45% 345156 1460 56%
c u 18218.15 227 20 452 2151605  3 74444749 332171 2.8 29 10 1 2 45% 345156 1460 56%
c v 18220.48 227 20 452 2151605  3 74444749 328116 2.8 29 10 1 2 45% 345156 1460 56%
c s 18292.20 229 20 452 2164948  3 74650155 503051 2.7 28 10 1 2 45% 345148 1460 56%
c s 18293.09 229 20 452 2164948  3 74650155 502930 2.7 28 10 1 2 45% 345148 1460 56%
c 
c   seconds      reductions       conflicts           size   tier2       variables
c             MB        restarts          redundant      glue   trail         remaining
c              level           rate             size/glue  tier1  irredundant
c 
c W 18324.14 229 20 452 2167682  3 74691898 538435 2.8 29 10 1 2 45% 345148 1460 56%
c } 18336.31 229 20 452 2169837  3 74722588 564607 2.8 29 10 1 2 45% 345148 1460 56%
c [ 18336.31 229 43 452 2169837  1 74722588 564607 1.9 48 25 1 2 44% 345148 1460 56%
c - 18354.68 229 44 453 2169837  1 74776506 340383 2.0 47 23 1 2 44% 345148 1460 56%
c p 18354.83 229 44 453 2169837  1 74776506 340529 2.0 47 23 1 2 44% 345148 1460 56%
c u 18357.06 229 44 453 2169837  1 74776506 336381 2.0 47 23 1 2 44% 345148 1460 56%
c v 18360.09 229 44 453 2169837  1 74776506 332155 2.0 47 23 1 2 44% 345148 1460 56%
c w 18360.09 229 44 453 2169837  1 74776506 332155 2.0 47 23 1 2 44% 345148 1460 56%
c I 18444.31 229 37 453 2169915  1 75078899 594172 2.0 43 21 1 2 47% 345148 1460 56%
c - 18458.81 229 43 454 2169930  1 75108996 334994 1.9 45 24 1 2 45% 345148 1460 56%
c p 18458.99 229 43 454 2169930  1 75108996 335136 1.9 45 24 1 2 45% 345148 1460 56%
c u 18461.65 229 43 454 2169930  1 75108996 330989 1.9 45 24 1 2 45% 345148 1460 56%
c v 18463.53 229 43 454 2169930  1 75108996 328493 1.9 45 24 1 2 45% 345148 1460 56%
c w 18463.54 229 43 454 2169930  1 75108996 328490 1.9 45 24 1 2 45% 345148 1460 56%
c x 18463.82 229 43 454 2169930  1 75108996 328490 1.9 45 24 1 2 45% 345148 1460 56%
c - 18563.43 229 49 455 2170017  1 75442227 305935 1.5 49 32 1 2 38% 345148 1460 56%
c p 18563.55 229 49 455 2170017  1 75442227 306076 1.5 49 32 1 2 38% 345148 1460 56%
c u 18565.59 229 49 455 2170017  1 75442227 301767 1.5 49 32 1 2 38% 345148 1460 56%
c v 18565.60 229 49 455 2170017  1 75442227 301767 1.5 49 32 1 2 38% 345148 1460 56%
c w 18565.60 229 49 455 2170017  1 75442227 301767 1.5 49 32 1 2 38% 345148 1460 56%
c 
c   seconds      reductions       conflicts           size   tier2       variables
c             MB        restarts          redundant      glue   trail         remaining
c              level           rate             size/glue  tier1  irredundant
c 
c B 18572.11 229 47 455 2170026  1 75466900 321306 1.6 47 30 1 2 38% 345148 1460 56%
c - 18653.33 230 32 456 2170091  1 75776195 305234 2.2 43 20 1 2 50% 345148 1460 56%
c p 18653.45 230 32 456 2170091  1 75776195 305377 2.2 43 20 1 2 50% 345148 1460 56%
c u 18655.22 230 32 456 2170091  1 75776195 301157 2.2 43 20 1 2 50% 345148 1460 56%
c v 18655.23 230 32 456 2170091  1 75776195 301156 2.2 43 20 1 2 50% 345148 1460 56%
c w 18655.23 230 32 456 2170091  1 75776195 301156 2.2 43 20 1 2 50% 345148 1460 56%
c ] 18670.92 230 30 456 2170092  1 75854790 370520 2.2 40 18 1 2 48% 345148 1460 56%
c { 18670.92 230 20 456 2170092  3 75854790 370520 2.8 29 10 1 2 45% 345148 1460 56%
c # 18671.26 230 20 456 2170129  3 75855904 371473 2.8 29 10 1 2 45% 345148 1460 56%
c s 18745.58 230 19 456 2181966  3 76053705 540386 2.8 28 10 1 2 45% 345148 1460 56%
c s 18747.16 230 19 456 2181966  3 76053705 539991 2.8 28 10 1 2 45% 345148 1460 56%
c - 18772.60 230 19 457 2185589  3 76110900 317641 2.8 28 10 1 2 45% 345148 1460 56%
c p 18772.71 230 19 457 2185589  3 76110900 317781 2.8 28 10 1 2 45% 345148 1460 56%
c u 18774.40 230 19 457 2185589  3 76110900 313680 2.8 28 10 1 2 45% 345148 1460 56%
c v 18776.69 230 19 457 2185589  3 76110900 310280 2.8 28 10 1 2 45% 345148 1460 56%
c w 18776.69 230 19 457 2185589  3 76110900 310280 2.8 28 10 1 2 45% 345148 1460 56%
c B 18816.64 230 20 457 2194538  3 76245907 425417 2.8 29 10 1 2 45% 345148 1460 56%
c - 18897.66 230 19 458 2208040  3 76446343 328978 2.8 28 10 1 2 45% 345148 1460 56%
c p 18897.79 230 19 458 2208040  3 76446343 329125 2.8 28 10 1 2 45% 345148 1460 56%
c u 18899.90 230 19 458 2208040  3 76446343 325024 2.8 28 10 1 2 45% 345148 1460 56%
c 
c   seconds      reductions       conflicts           size   tier2       variables
c             MB        restarts          redundant      glue   trail         remaining
c              level           rate             size/glue  tier1  irredundant
c 
c v 18902.69 230 19 458 2208040  3 76446343 321355 2.8 28 10 1 2 45% 345148 1460 56%
c w 18902.69 230 19 458 2208040  3 76446343 321355 2.8 28 10 1 2 45% 345148 1460 56%
c W 18985.88 230 20 458 2220176  3 76636909 484404 2.8 29 10 1 2 45% 345148 1460 56%
c - 19047.86 248 19 459 2229787  3 76782526 335020 2.8 29 10 1 2 45% 345148 1460 56%
c p 19047.99 248 19 459 2229787  3 76782526 335168 2.8 29 10 1 2 45% 345148 1460 56%
c u 19049.92 248 19 459 2229787  3 76782526 331021 2.8 29 10 1 2 45% 345148 1460 56%
c v 19052.26 248 19 459 2229787  3 76782526 326871 2.8 29 10 1 2 45% 345148 1460 56%
c } 19077.97 248 19 459 2235201  3 76872042 403807 2.8 29 10 1 2 45% 345148 1460 56%
c [ 19077.97 248 30 459 2235201  1 76872042 403807 2.2 40 18 1 2 48% 345148 1460 56%
c W 19116.68 248 27 459 2235202  1 77028910 539266 2.5 40 16 1 2 45% 345148 1460 56%
c - 19149.26 280 37 460 2235202  1 77119448 335905 2.3 46 20 1 2 43% 345148 1460 56%
c p 19149.58 280 37 460 2235202  1 77119448 336052 2.3 46 20 1 2 43% 345148 1460 56%
c u 19154.88 280 37 460 2235202  1 77119448 331995 2.3 46 20 1 2 43% 345148 1460 56%
c v 19160.50 280 37 460 2235202  1 77119448 328160 2.3 46 20 1 2 43% 345148 1460 56%
c w 19160.52 280 37 460 2235202  1 77119448 328160 2.3 46 20 1 2 43% 345148 1460 56%
c O 19314.59 280 42 460 2235203  1 77421912 593996 2.0 50 25 1 2 41% 345148 1460 56%
c - 19326.66 206 37 461 2235203  1 77457108 326178 2.2 47 22 1 2 44% 345148 1460 56%
c p 19326.81 206 37 461 2235203  1 77457108 326322 2.2 47 22 1 2 44% 345148 1460 56%
c u 19329.59 206 37 461 2235203  1 77457108 321965 2.2 47 22 1 2 44% 345148 1460 56%
c v 19332.23 206 37 461 2235203  1 77457108 317931 2.2 47 22 1 2 44% 345148 1460 56%
c 
c   seconds      reductions       conflicts           size   tier2       variables
c             MB        restarts          redundant      glue   trail         remaining
c              level           rate             size/glue  tier1  irredundant
c 
c w 19332.25 206 37 461 2235203  1 77457108 317931 2.2 47 22 1 2 44% 345148 1460 56%
c s 19336.19 206 34 461 2235203  1 77473026 331856 2.2 45 20 1 2 45% 345148 1460 56%
c s 19336.79 206 34 461 2235203  1 77473026 331831 2.2 45 20 1 2 45% 345140 1460 56%
c - 19446.88 237 24 462 2235233  1 77795508 314482 2.5 37 15 1 2 48% 345140 1460 56%
c p 19447.01 237 24 462 2235233  1 77795508 314626 2.5 37 15 1 2 48% 345140 1460 56%
c u 19449.21 237 24 462 2235233  1 77795508 310290 2.5 37 15 1 2 48% 345140 1460 56%
c v 19449.21 237 24 462 2235233  1 77795508 310286 2.5 37 15 1 2 48% 345140 1460 56%
c w 19449.22 237 24 462 2235233  1 77795508 310286 2.5 37 15 1 2 48% 345140 1460 56%
c B 19452.56 237 24 462 2235236  1 77815913 328125 2.5 37 15 1 2 48% 345140 1460 56%
c ] 19528.46 237 33 462 2235329  1 78107531 577942 2.3 45 19 1 2 47% 345140 1460 56%
c { 19528.46 237 19 462 2235329  3 78107531 577942 2.8 29 10 1 2 45% 345140 1460 56%
c - 19552.21 237 20 463 2237425  3 78134643 312086 2.8 29 10 1 2 45% 345140 1460 56%
c p 19552.35 237 20 463 2237425  3 78134643 312235 2.8 29 10 1 2 45% 345140 1460 56%
c u 19554.46 237 20 463 2237425  3 78134643 308034 2.8 29 10 1 2 45% 345140 1460 56%
c v 19554.46 237 20 463 2237425  3 78134643 308034 2.8 29 10 1 2 45% 345140 1460 56%
c F 19575.73 237 19 463 2242190  3 78210916 373345 2.8 29 10 1 2 45% 345140 1460 56%
c - 19678.21 237 20 464 2260000  3 78474516 325306 2.7 28 10 1 2 45% 345140 1460 56%
c p 19678.33 237 20 464 2260000  3 78474516 325450 2.7 28 10 1 2 45% 345140 1460 56%
c u 19680.21 237 20 464 2260000  3 78474516 321474 2.7 28 10 1 2 45% 345140 1460 56%
c v 19682.56 237 20 464 2260000  3 78474516 317271 2.7 28 10 1 2 45% 345140 1460 56%
c 
c   seconds      reductions       conflicts           size   tier2       variables
c             MB        restarts          redundant      glue   trail         remaining
c              level           rate             size/glue  tier1  irredundant
c 
c w 19682.56 237 20 464 2260000  3 78474516 317271 2.7 28 10 1 2 45% 345140 1460 56%
c B 19723.09 237 19 464 2268446  3 78606919 430840 2.8 29 10 1 2 45% 345140 1460 56%
c - 19806.59 237 19 465 2281801  3 78815127 337077 2.8 29 10 1 2 45% 345140 1460 56%
c p 19806.72 237 19 465 2281801  3 78815127 337219 2.8 29 10 1 2 45% 345140 1460 56%
c u 19808.82 237 19 465 2281801  3 78815127 333132 2.8 29 10 1 2 45% 345140 1460 56%
c v 19811.20 237 19 465 2281801  3 78815127 329343 2.8 29 10 1 2 45% 345140 1460 56%
c s 19841.09 237 19 465 2287432  3 78908111 408631 2.8 29 10 1 2 45% 345140 1460 56%
c s 19842.03 237 19 465 2287432  3 78908111 408508 2.8 29 10 1 2 45% 345140 1460 56%
c W 19904.59 237 19 465 2293285  3 79003921 490438 2.8 29 10 1 2 45% 345140 1460 56%
c } 19960.02 237 19 465 2301102  3 79121701 590959 2.8 29 10 1 2 45% 345140 1460 56%
c [ 19960.02 237 33 465 2301102  1 79121701 590959 2.3 45 19 1 2 47% 345140 1460 56%
c - 19968.42 237 31 466 2301103  1 79156475 343378 2.3 42 19 1 2 46% 345140 1460 56%
c p 19968.55 237 31 466 2301103  1 79156475 343523 2.3 42 19 1 2 46% 345140 1460 56%
c u 19970.83 237 31 466 2301103  1 79156475 339318 2.3 42 19 1 2 46% 345140 1460 56%
c v 19973.36 237 31 466 2301103  1 79156475 335327 2.3 42 19 1 2 46% 345140 1460 56%
c w 19973.37 237 31 466 2301103  1 79156475 335327 2.3 42 19 1 2 46% 345140 1460 56%
c W 20035.66 237 44 466 2301166  1 79401922 535162 1.7 44 27 1 2 38% 345140 1460 56%
c - 20067.55 196 34 467 2301199  1 79498563 335447 2.0 40 20 1 2 43% 345140 1460 56%
c p 20067.67 196 34 467 2301199  1 79498563 335586 2.0 40 20 1 2 43% 345140 1460 56%
c u 20070.59 196 34 467 2301199  1 79498563 331323 2.0 40 20 1 2 43% 345140 1460 56%
c 
c   seconds      reductions       conflicts           size   tier2       variables
c             MB        restarts          redundant      glue   trail         remaining
c              level           rate             size/glue  tier1  irredundant
c 
c v 20072.65 196 34 467 2301199  1 79498563 327301 2.0 40 20 1 2 43% 345140 1460 56%
c w 20072.66 196 34 467 2301199  1 79498563 327301 2.0 40 20 1 2 43% 345140 1460 56%
c I 20185.90 196 27 467 2301231  1 79800923 584184 2.1 37 17 1 2 45% 345140 1460 56%
c - 20196.75 194 32 468 2301246  1 79841388 311508 2.0 39 20 1 2 43% 345140 1460 56%
c p 20196.86 194 32 468 2301246  1 79841388 311649 2.0 39 20 1 2 43% 345140 1460 56%
c u 20198.84 194 32 468 2301246  1 79841388 307282 2.0 39 20 1 2 43% 345140 1460 56%
c v 20198.84 194 32 468 2301246  1 79841388 307278 2.0 39 20 1 2 43% 345140 1460 56%
c w 20198.85 194 32 468 2301246  1 79841388 307278 2.0 39 20 1 2 43% 345140 1460 56%
c - 20304.51 224 40 469 2301357  1 80184953 302934 1.9 47 25 1 2 41% 345140 1460 56%
c p 20304.61 224 40 469 2301357  1 80184953 303077 1.9 47 25 1 2 41% 345140 1460 56%
c u 20306.46 224 40 469 2301357  1 80184953 298761 1.9 47 25 1 2 41% 345140 1460 56%
c v 20306.47 224 40 469 2301357  1 80184953 298760 1.9 47 25 1 2 41% 345140 1460 56%
c w 20306.47 224 40 469 2301357  1 80184953 298759 1.9 47 25 1 2 41% 345140 1460 56%
c B 20309.01 224 40 469 2301357  1 80200924 312549 1.9 46 24 1 2 41% 345140 1460 56%
c ] 20380.45 224 35 469 2301411  1 80406383 488309 2.0 42 21 1 2 45% 345140 1460 56%
c { 20380.45 224 19 469 2301411  3 80406383 488309 2.8 29 10 1 2 45% 345140 1460 56%
c - 20443.02 254 20 470 2309601  3 80529256 313223 2.8 29 10 1 2 45% 345140 1460 56%
c p 20443.13 254 20 470 2309601  3 80529256 313372 2.8 29 10 1 2 45% 345140 1460 56%
c u 20444.90 254 20 470 2309601  3 80529256 309271 2.8 29 10 1 2 45% 345140 1460 56%
c v 20446.86 254 20 470 2309601  3 80529256 306932 2.8 29 10 1 2 45% 345140 1460 56%
c 
c   seconds      reductions       conflicts           size   tier2       variables
c             MB        restarts          redundant      glue   trail         remaining
c              level           rate             size/glue  tier1  irredundant
c 
c # 20467.04 254 20 470 2314443  3 80601929 369283 2.8 29 10 1 2 45% 345140 1460 56%
c - 20578.35 254 20 471 2332464  3 80874297 327903 2.8 29 10 1 2 45% 345140 1460 56%
c p 20578.47 254 20 471 2332464  3 80874297 328047 2.8 29 10 1 2 45% 345140 1460 56%
c u 20580.37 254 20 471 2332464  3 80874297 324054 2.8 29 10 1 2 45% 345140 1460 56%
c v 20582.65 254 20 471 2332464  3 80874297 320858 2.8 29 10 1 2 45% 345140 1460 56%
c w 20582.66 254 20 471 2332464  3 80874297 320858 2.8 29 10 1 2 45% 345140 1460 56%
c B 20624.08 254 20 471 2341336  3 81003932 431929 2.8 29 10 1 2 45% 345140 1460 56%
c s 20680.33 254 19 471 2349822  3 81147375 552677 2.8 28 10 1 2 45% 345140 1460 56%
c s 20681.00 254 19 471 2349822  3 81147375 552651 2.8 28 10 1 2 45% 345140 1460 56%
c - 20715.14 254 19 472 2355056  3 81220077 336814 2.7 28 10 1 2 45% 345140 1460 56%
c p 20715.25 254 19 472 2355056  3 81220077 336963 2.7 28 10 1 2 45% 345140 1460 56%
c u 20717.26 254 19 472 2355056  3 81220077 332801 2.7 28 10 1 2 45% 345140 1460 56%
c v 20719.85 254 19 472 2355056  3 81220077 328917 2.7 28 10 1 2 45% 345140 1460 56%
c w 20719.85 254 19 472 2355056  3 81220077 328917 2.7 28 10 1 2 45% 345140 1460 56%
c W 20805.68 254 19 472 2366823  3 81406935 487159 2.7 28 10 1 2 45% 345140 1460 56%
c } 20823.02 254 19 472 2369692  3 81453834 526830 2.7 28 10 1 2 45% 345140 1460 56%
c [ 20823.02 254 35 472 2369692  1 81453834 526830 2.0 42 21 1 2 45% 345140 1460 56%
c - 20851.92 196 26 473 2369722  1 81566596 339502 2.3 36 16 1 2 45% 345140 1460 56%
c p 20852.05 196 26 473 2369722  1 81566596 339646 2.3 36 16 1 2 45% 345140 1460 56%
c u 20854.17 196 26 473 2369722  1 81566596 335344 2.3 36 16 1 2 45% 345140 1460 56%
c 
c   seconds      reductions       conflicts           size   tier2       variables
c             MB        restarts          redundant      glue   trail         remaining
c              level           rate             size/glue  tier1  irredundant
c 
c v 20856.78 196 26 473 2369722  1 81566596 330878 2.3 36 16 1 2 45% 345140 1460 56%
c w 20856.79 196 26 473 2369722  1 81566596 330878 2.3 36 16 1 2 45% 345140 1460 56%
c W 20926.13 196 35 473 2369767  1 81810936 540831 2.4 47 20 1 2 44% 345140 1460 56%
c - 20967.09 196 37 474 2369767  1 81913852 331997 2.1 47 22 1 2 43% 345140 1460 56%
c p 20967.19 196 37 474 2369767  1 81913852 332137 2.1 47 22 1 2 43% 345140 1460 56%
c u 20969.02 196 37 474 2369767  1 81913852 327787 2.1 47 22 1 2 43% 345140 1460 56%
c v 20971.14 196 37 474 2369767  1 81913852 323344 2.1 47 22 1 2 43% 345140 1460 56%
c w 20971.15 196 37 474 2369767  1 81913852 323337 2.1 47 22 1 2 43% 345140 1460 56%
c O 21051.28 196 39 474 2369782  1 82215940 571501 1.9 46 24 1 2 39% 345140 1460 56%
c - 21063.34 226 33 475 2369799  1 82261848 310400 2.1 43 20 1 2 41% 345140 1460 56%
c p 21063.45 226 33 475 2369799  1 82261848 310545 2.1 43 20 1 2 41% 345140 1460 56%
c u 21068.20 226 33 475 2369799  1 82261848 306490 2.1 43 20 1 2 41% 345140 1460 56%
c v 21068.21 226 33 475 2369799  1 82261848 306485 2.1 43 20 1 2 41% 345140 1460 56%
c w 21068.21 226 33 475 2369799  1 82261848 306485 2.1 43 20 1 2 41% 345140 1460 56%
c - 21181.22 226 26 476 2369895  1 82610582 311152 2.4 39 16 1 2 47% 345140 1460 56%
c p 21181.32 226 26 476 2369895  1 82610582 311296 2.4 39 16 1 2 47% 345140 1460 56%
c u 21183.17 226 26 476 2369895  1 82610582 307234 2.4 39 16 1 2 47% 345140 1460 56%
c v 21183.17 226 26 476 2369895  1 82610582 307234 2.4 39 16 1 2 47% 345140 1460 56%
c w 21183.18 226 26 476 2369895  1 82610582 307234 2.4 39 16 1 2 47% 345140 1460 56%
c B 21184.88 226 26 476 2369895  1 82621943 317496 2.5 39 16 1 2 47% 345140 1460 56%
c 
c   seconds      reductions       conflicts           size   tier2       variables
c             MB        restarts          redundant      glue   trail         remaining
c              level           rate             size/glue  tier1  irredundant
c 
c ] 21200.47 226 35 476 2369917  1 82702188 388409 2.2 43 19 1 2 45% 345140 1460 56%
c { 21200.47 226 19 476 2369917  3 82702188 388409 2.7 28 10 1 2 45% 345140 1460 56%
c - 21322.37 226 19 477 2387411  3 82960054 326196 2.8 29 10 1 2 45% 345140 1460 56%
c p 21322.49 226 19 477 2387411  3 82960054 326344 2.8 29 10 1 2 45% 345140 1460 56%
c u 21324.32 226 19 477 2387411  3 82960054 322040 2.8 29 10 1 2 45% 345140 1460 56%
c v 21326.66 226 19 477 2387411  3 82960054 319518 2.8 29 10 1 2 45% 345140 1460 56%
c w 21326.67 226 19 477 2387411  3 82960054 319518 2.8 29 10 1 2 45% 345140 1460 56%
c F 21347.31 226 19 477 2391600  3 83028947 377393 2.8 28 10 1 2 45% 345140 1460 56%
c - 21456.56 226 19 478 2409539  3 83310265 339380 2.7 28 10 1 2 44% 345140 1460 56%
c p 21456.67 226 19 478 2409539  3 83310265 339522 2.7 28 10 1 2 44% 345140 1460 56%
c u 21458.50 226 19 478 2409539  3 83310265 335275 2.7 28 10 1 2 44% 345140 1460 56%
c v 21461.02 226 19 478 2409539  3 83310265 331650 2.7 28 10 1 2 44% 345140 1460 56%
c w 21461.02 226 19 478 2409539  3 83310265 331650 2.7 28 10 1 2 44% 345140 1460 56%
c B 21499.18 226 19 478 2417913  3 83436948 438403 2.7 29 10 1 2 45% 345140 1460 56%
c - 21591.04 226 19 479 2432062  3 83661213 346697 2.8 29 10 1 2 45% 345140 1460 56%
c p 21591.16 226 19 479 2432062  3 83661213 346844 2.8 29 10 1 2 45% 345140 1460 56%
c u 21592.70 226 19 479 2432062  3 83661213 342273 2.8 29 10 1 2 45% 345140 1460 56%
c v 21595.46 226 19 479 2432062  3 83661213 338492 2.8 29 10 1 2 45% 345140 1460 56%
c } 21620.56 226 20 479 2437582  3 83743099 409257 2.8 29 10 1 2 45% 345140 1460 56%
c [ 21620.56 226 35 479 2437582  1 83743099 409257 2.2 43 19 1 2 45% 345140 1460 56%
c 
c   seconds      reductions       conflicts           size   tier2       variables
c             MB        restarts          redundant      glue   trail         remaining
c              level           rate             size/glue  tier1  irredundant
c 
c W 21671.73 226 30 479 2437621  1 83845950 497804 2.3 39 17 1 2 44% 345140 1460 56%
c - 21711.51 186 39 480 2437669  1 84012901 345079 2.0 46 23 1 2 42% 345140 1460 56%
c p 21711.64 192 39 480 2437669  1 84012901 345222 2.0 46 23 1 2 42% 345140 1460 56%
c u 21713.57 192 39 480 2437669  1 84012901 340863 2.0 46 23 1 2 42% 345140 1460 56%
c v 21716.01 192 39 480 2437669  1 84012901 336918 2.0 46 23 1 2 42% 345140 1460 56%
c w 21716.03 192 39 480 2437669  1 84012901 336917 2.0 46 23 1 2 42% 345140 1460 56%
c I 21773.69 193 39 480 2437688  1 84255951 540272 2.1 47 23 1 2 43% 345140 1460 56%
c - 21823.60 195 35 481 2437718  1 84365328 326906 2.0 44 22 1 2 42% 345140 1460 56%
c p 21823.72 195 35 481 2437718  1 84365328 327048 2.0 44 22 1 2 42% 345140 1460 56%
c u 21826.02 195 35 481 2437718  1 84365328 323124 2.0 44 22 1 2 42% 345140 1460 56%
c v 21826.02 195 35 481 2437718  1 84365328 323124 2.0 44 22 1 2 42% 345140 1460 56%
c w 21826.02 195 35 481 2437718  1 84365328 323124 2.0 44 22 1 2 42% 345140 1460 56%
c B 21984.17 195 37 481 2437814  1 84666955 571953 1.8 43 23 1 2 39% 345140 1460 56%
c - 22007.09 192 38 482 2437815  1 84718496 313781 1.8 43 24 1 2 39% 345140 1460 56%
c p 22007.20 192 38 482 2437815  1 84718496 313924 1.8 43 24 1 2 39% 345140 1460 56%
c u 22009.03 192 38 482 2437815  1 84718496 309891 1.8 43 24 1 2 39% 345140 1460 56%
c v 22009.04 192 38 482 2437815  1 84718496 309888 1.8 43 24 1 2 39% 345140 1460 56%
c w 22009.05 192 38 482 2437815  1 84718496 309887 1.8 43 24 1 2 39% 345140 1460 56%
c ] 22076.67 192 41 482 2437883  1 84972677 520167 1.9 46 25 1 2 39% 345140 1460 56%
c { 22076.67 192 20 482 2437883  3 84972677 520167 2.8 29 10 1 2 45% 345140 1460 56%
c 
c   seconds      reductions       conflicts           size   tier2       variables
c             MB        restarts          redundant      glue   trail         remaining
c              level           rate             size/glue  tier1  irredundant
c 
c - 22142.60 236 20 483 2444496  3 85072397 319161 2.8 29 10 1 2 45% 345140 1460 56%
c p 22142.73 236 20 483 2444496  3 85072397 319304 2.8 29 10 1 2 45% 345140 1460 56%
c u 22144.59 237 20 483 2444496  3 85072397 315001 2.8 29 10 1 2 45% 345140 1460 56%
c v 22146.17 237 20 483 2444496  3 85072397 312897 2.8 29 10 1 2 45% 345140 1460 56%
c w 22146.17 237 20 483 2444496  3 85072397 312897 2.8 29 10 1 2 45% 345140 1460 56%
c W 22164.28 237 20 483 2445120  3 85078958 318623 2.8 29 10 1 2 45% 345140 1460 56%
c - 22296.57 237 20 484 2467101  3 85427037 336471 2.8 29 10 1 2 45% 345140 1460 56%
c p 22296.71 237 20 484 2467101  3 85427037 336613 2.8 29 10 1 2 45% 345140 1460 56%
c u 22298.95 237 20 484 2467101  3 85427037 332455 2.8 29 10 1 2 45% 345140 1460 56%
c v 22301.32 237 20 484 2467101  3 85427037 329844 2.8 29 10 1 2 45% 345140 1460 56%
c w 22301.33 237 20 484 2467101  3 85427037 329844 2.8 29 10 1 2 45% 345140 1460 56%
c # 22321.67 237 19 484 2470915  3 85491959 384385 2.8 29 10 1 2 45% 345140 1460 56%
c s 22342.44 237 19 484 2474870  3 85552552 436176 2.8 29 10 1 2 45% 345140 1460 56%
c s 22343.53 237 19 484 2474870  3 85552552 435765 2.8 29 10 1 2 45% 345140 1460 56%
c - 22439.52 238 20 485 2489989  3 85782415 349176 2.8 29 10 1 2 45% 345140 1460 56%
c p 22439.63 238 20 485 2489989  3 85782415 349323 2.8 29 10 1 2 45% 345140 1460 56%
c u 22441.10 238 20 485 2489989  3 85782415 345015 2.8 29 10 1 2 45% 345140 1460 56%
c v 22443.75 238 20 485 2489989  3 85782415 341514 2.8 29 10 1 2 45% 345140 1460 56%
c B 22484.36 238 20 485 2498254  3 85905960 447230 2.8 29 10 1 2 45% 345140 1460 56%
c } 22525.86 238 19 485 2504252  3 86007729 533385 2.8 29 10 1 2 45% 345140 1460 56%
c 
c   seconds      reductions       conflicts           size   tier2       variables
c             MB        restarts          redundant      glue   trail         remaining
c              level           rate             size/glue  tier1  irredundant
c 
c [ 22525.86 238 41 485 2504252  1 86007729 533385 1.9 46 25 1 2 39% 345140 1460 56%
c - 22563.60 238 37 486 2504306  1 86138533 352908 1.9 43 22 1 2 40% 345140 1460 56%
c p 22563.71 238 37 486 2504306  1 86138533 353054 1.9 43 22 1 2 40% 345140 1460 56%
c u 22565.76 238 37 486 2504306  1 86138533 348585 1.9 43 22 1 2 40% 345140 1460 56%
c v 22568.59 238 37 486 2504306  1 86138533 344749 1.9 43 22 1 2 40% 345140 1460 56%
c W 22656.78 238 35 486 2504312  1 86320961 508953 2.1 43 20 1 2 48% 345140 1460 56%
c - 22759.62 241 73 487 2504313  1 86495390 351961 1.8 68 38 1 2 53% 345140 1460 56%
c p 22759.76 241 73 487 2504313  1 86495390 352099 1.8 68 38 1 2 53% 345140 1460 56%
c u 22762.25 241 73 487 2504313  1 86495390 347461 1.8 68 38 1 2 53% 345140 1460 56%
c v 22765.99 241 73 487 2504313  1 86495390 343600 1.8 68 38 1 2 53% 345140 1460 56%
c w 22766.02 241 73 487 2504313  1 86495390 343595 1.8 68 38 1 2 53% 345140 1460 56%
c O 22826.33 241 77 487 2504314  1 86736962 564873 1.7 69 40 1 2 50% 345140 1460 56%
c - 22858.66 274 58 488 2504314  1 86852986 335945 2.0 62 31 1 2 53% 345140 1460 56%
c p 22858.79 274 58 488 2504314  1 86852986 336088 2.0 62 31 1 2 53% 345140 1460 56%
c u 22860.62 274 58 488 2504314  1 86852986 332434 2.0 62 31 1 2 53% 345140 1460 56%
c v 22862.80 274 58 488 2504314  1 86852986 327962 2.0 62 31 1 2 53% 345140 1460 56%
c w 22862.81 274 58 488 2504314  1 86852986 327962 2.0 62 31 1 2 53% 345140 1460 56%
c s 22992.01 274 31 488 2504314  1 87034946 488540 2.3 43 18 1 2 47% 345140 1460 56%
c s 22992.60 274 31 488 2504314  1 87034946 488511 2.3 43 18 1 2 47% 345132 1460 56%
c B 23036.72 274 27 488 2504314  1 87153966 587845 2.4 40 17 1 2 47% 345132 1460 56%
c 
c   seconds      reductions       conflicts           size   tier2       variables
c             MB        restarts          redundant      glue   trail         remaining
c              level           rate             size/glue  tier1  irredundant
c 
c - 23050.92 241 31 489 2504315  1 87211319 328215 2.4 42 17 1 2 47% 345132 1460 56%
c p 23051.05 241 31 489 2504315  1 87211319 328363 2.4 42 17 1 2 47% 345132 1460 56%
c u 23051.46 241 31 489 2504315  1 87211319 328331 2.4 42 17 1 2 47% 345132 1460 56%
c v 23051.47 241 31 489 2504315  1 87211319 328331 2.4 42 17 1 2 47% 345132 1460 56%
c w 23051.47 241 31 489 2504315  1 87211319 328331 2.4 42 17 1 2 47% 345132 1460 56%
c ] 23067.91 241 34 489 2504315  1 87289669 397447 2.3 43 19 1 2 49% 345132 1460 56%
c { 23067.91 241 19 489 2504315  3 87289669 397447 2.8 29 10 1 2 45% 345132 1460 56%
c - 23197.06 274 19 490 2522333  3 87570387 346469 2.8 29 10 1 2 45% 345132 1460 56%
c p 23197.18 274 19 490 2522333  3 87570387 346613 2.8 29 10 1 2 45% 345132 1460 56%
c u 23198.23 274 19 490 2522333  3 87570387 346515 2.8 29 10 1 2 45% 345132 1460 56%
c v 23200.70 274 19 490 2522333  3 87570387 343501 2.8 29 10 1 2 45% 345132 1460 56%
c w 23200.70 274 19 490 2522333  3 87570387 343501 2.8 29 10 1 2 45% 345132 1460 56%
c W 23215.76 274 19 490 2522481  3 87571968 344919 2.8 29 10 1 2 45% 345132 1460 56%
c - 23582.29 241 19 491 2546295  3 87930194 362979 2.7 28 10 1 2 45% 345132 1460 56%
c p 23582.54 241 19 491 2546295  3 87930194 363130 2.7 28 10 1 2 45% 345132 1460 56%
c u 23585.47 241 19 491 2546295  3 87930194 362961 2.7 28 10 1 2 45% 345132 1460 56%
c v 23593.36 241 19 491 2546295  3 87930194 359206 2.7 28 10 1 2 45% 345132 1460 56%
c w 23593.37 241 19 491 2546295  3 87930194 359206 2.7 28 10 1 2 45% 345132 1460 56%
c F 23661.94 241 19 491 2550078  3 87990969 411031 2.8 28 10 1 2 45% 345132 1460 56%
c - 24043.53 276 19 492 2569396  3 88290739 373721 2.8 29 10 1 2 45% 345132 1460 56%
c 
c   seconds      reductions       conflicts           size   tier2       variables
c             MB        restarts          redundant      glue   trail         remaining
c              level           rate             size/glue  tier1  irredundant
c 
c p 24043.78 276 19 492 2569396  3 88290739 373870 2.8 29 10 1 2 45% 345132 1460 56%
c u 24047.26 276 19 492 2569396  3 88290739 373652 2.8 29 10 1 2 45% 345132 1460 56%
c v 24053.11 276 19 492 2569396  3 88290739 369670 2.8 29 10 1 2 45% 345132 1460 56%
c w 24053.13 276 19 492 2569396  3 88290739 369670 2.8 29 10 1 2 45% 345132 1460 56%
c } 24064.06 276 19 492 2570180  3 88310286 385895 2.8 29 10 1 2 45% 345132 1460 56%
c [ 24064.06 276 34 492 2570180  1 88310286 385895 2.3 43 19 1 2 49% 345132 1460 56%
c W 24126.86 276 33 492 2570180  1 88410971 474563 2.3 44 19 1 2 48% 345132 1460 56%
c s 24241.86 276 54 492 2570180  1 88533105 584828 1.9 54 29 1 2 47% 345132 1460 56%
c s 24245.06 276 54 492 2570180  1 88533105 584733 1.9 54 29 1 2 47% 345132 1460 56%
c - 24437.53 241 46 493 2570180  1 88652023 373368 1.8 48 27 1 2 46% 345132 1460 56%
c p 24437.93 241 46 493 2570180  1 88652023 373508 1.8 48 27 1 2 46% 345132 1460 56%
c u 24444.09 241 46 493 2570180  1 88652023 373270 1.8 48 27 1 2 46% 345132 1460 56%
c v 24451.75 241 46 493 2570180  1 88652023 368805 1.8 48 27 1 2 46% 345132 1460 56%
c w 24451.83 241 46 493 2570180  1 88652023 368805 1.8 48 27 1 2 46% 345132 1460 56%
c I 24607.39 241 42 493 2570180  1 88831973 524114 1.8 45 25 1 2 48% 345132 1460 56%
c - 24781.57 241 50 494 2570180  1 89014051 350694 1.8 52 29 1 2 44% 345132 1460 56%
c p 24781.97 241 50 494 2570180  1 89014051 350841 1.8 52 29 1 2 44% 345132 1460 56%
c u 24789.89 241 50 494 2570180  1 89014051 350582 1.8 52 29 1 2 44% 345132 1460 56%
c v 24789.90 241 50 494 2570180  1 89014051 350582 1.8 52 29 1 2 44% 345132 1460 56%
c w 24789.92 241 50 494 2570180  1 89014051 350582 1.8 52 29 1 2 44% 345132 1460 56%
c 
c   seconds      reductions       conflicts           size   tier2       variables
c             MB        restarts          redundant      glue   trail         remaining
c              level           rate             size/glue  tier1  irredundant
c 
c B 24982.12 241 56 494 2570180  1 89253974 554535 1.6 53 33 1 2 41% 345132 1460 56%
c - 25121.28 241 48 495 2570181  1 89376815 340235 1.8 51 28 1 2 42% 345132 1460 56%
c p 25121.74 241 48 495 2570181  1 89376815 340385 1.8 51 28 1 2 42% 345132 1460 56%
c u 25127.13 241 48 495 2570181  1 89376815 340082 1.8 51 28 1 2 42% 345132 1460 56%
c v 25127.16 241 48 495 2570181  1 89376815 340076 1.8 51 28 1 2 42% 345132 1460 56%
c w 25127.19 241 48 495 2570181  1 89376815 340075 1.8 51 28 1 2 42% 345132 1460 56%
c ] 25277.60 241 40 495 2570181  1 89620694 553186 2.0 48 23 1 2 44% 345132 1460 56%
c { 25277.60 241 19 495 2570181  3 89620694 553186 2.8 29 10 1 2 45% 345132 1460 56%
c B 25375.78 241 19 495 2574184  3 89676975 601646 2.8 29 10 1 2 45% 345132 1460 56%
c - 25505.93 274 19 496 2578076  3 89740314 350510 2.8 29 10 1 2 45% 345132 1460 56%
c p 25506.27 274 19 496 2578076  3 89740314 350657 2.8 29 10 1 2 45% 345132 1460 56%
c u 25510.97 274 19 496 2578076  3 89740314 350353 2.8 29 10 1 2 45% 345132 1460 56%
c v 25518.80 274 19 496 2578076  3 89740314 346697 2.8 29 10 1 2 45% 345132 1460 56%
c w 25518.82 274 19 496 2578076  3 89740314 346697 2.8 29 10 1 2 45% 345132 1460 56%
c s 25856.03 274 19 496 2597457  3 90047034 605852 2.8 28 10 1 2 45% 345132 1460 56%
c s 25859.59 274 19 496 2597457  3 90047034 605794 2.8 28 10 1 2 45% 345132 1460 56%
c W 25989.72 274 19 496 2601042  3 90100977 651816 2.8 29 10 1 2 45% 345132 1460 56%
c - 25994.83 241 19 497 2601198  3 90104553 367427 2.8 29 10 1 2 45% 345132 1460 56%
c p 25995.30 241 19 497 2601198  3 90104553 367579 2.8 29 10 1 2 45% 345132 1460 56%
c u 26002.41 241 19 497 2601198  3 90104553 367121 2.8 29 10 1 2 45% 345132 1460 56%
c 
c   seconds      reductions       conflicts           size   tier2       variables
c             MB        restarts          redundant      glue   trail         remaining
c              level           rate             size/glue  tier1  irredundant
c 
c v 26010.22 241 19 497 2601198  3 90104553 364309 2.8 29 10 1 2 45% 345132 1460 56%
c w 26010.23 241 19 497 2601198  3 90104553 364309 2.8 29 10 1 2 45% 345132 1460 56%
c - 26466.76 276 19 498 2624356  3 90469530 381607 2.8 29 10 1 2 45% 345132 1460 56%
c p 26467.04 276 19 498 2624356  3 90469530 381757 2.8 29 10 1 2 45% 345132 1460 56%
c u 26470.64 276 19 498 2624356  3 90469530 381347 2.8 29 10 1 2 45% 345132 1460 56%
c v 26475.65 276 19 498 2624356  3 90469530 377376 2.8 29 10 1 2 45% 345132 1460 56%
c w 26475.67 276 19 498 2624356  3 90469530 377376 2.8 29 10 1 2 45% 345132 1460 56%
c # 26510.50 276 19 498 2628270  3 90525978 424835 2.8 29 10 1 2 45% 345132 1460 56%
c } 26623.55 276 20 498 2638014  3 90683518 559811 2.8 29 10 1 2 44% 345132 1460 56%
c [ 26623.55 276 40 498 2638014  1 90683518 559811 2.0 48 23 1 2 44% 345132 1460 56%
c - 26710.10 241 38 499 2638014  1 90835246 388075 2.3 47 21 1 2 50% 345132 1460 56%
c p 26710.54 241 38 499 2638014  1 90835246 388227 2.3 47 21 1 2 50% 345132 1460 56%
c u 26724.19 241 38 499 2638014  1 90835246 387888 2.3 47 21 1 2 50% 345132 1460 56%
c v 26731.46 241 38 499 2638014  1 90835246 383839 2.3 47 21 1 2 50% 345132 1460 56%
c w 26731.51 241 38 499 2638014  1 90835246 383838 2.3 47 21 1 2 50% 345132 1460 56%
c W 26825.60 241 55 499 2638014  1 90951980 491110 2.0 55 27 1 2 49% 345132 1460 56%
c - 27118.53 276 37 500 2638014  1 91201704 382594 2.1 45 22 1 2 49% 345132 1460 56%
c p 27118.82 205 37 500 2638014  1 91201704 382741 2.1 45 22 1 2 49% 345132 1460 56%
c u 27123.17 205 37 500 2638014  1 91201704 380522 2.1 45 22 1 2 49% 345132 1460 56%
c v 27127.39 205 37 500 2638014  1 91201704 375985 2.1 45 22 1 2 49% 345132 1460 56%
c 
c   seconds      reductions       conflicts           size   tier2       variables
c             MB        restarts          redundant      glue   trail         remaining
c              level           rate             size/glue  tier1  irredundant
c 
c w 27127.41 205 37 500 2638014  1 91201704 375985 2.1 45 22 1 2 49% 345132 1460 56%
c O 27233.33 205 28 500 2638014  1 91378981 529229 2.4 40 17 1 2 49% 345132 1460 56%
c - 27350.51 209 34 501 2638014  1 91568895 366615 2.3 46 20 1 2 51% 345132 1460 56%
c p 27350.81 209 34 501 2638014  1 91568895 366754 2.3 46 20 1 2 51% 345132 1460 56%
c u 27355.43 209 34 501 2638014  1 91568895 362566 2.3 46 20 1 2 51% 345132 1460 56%
c v 27355.45 209 34 501 2638014  1 91568895 362566 2.3 46 20 1 2 51% 345132 1460 56%
c w 27355.46 209 34 501 2638014  1 91568895 362566 2.3 46 20 1 2 51% 345132 1460 56%
c B 27497.94 209 30 501 2638014  1 91806982 576699 2.5 45 18 1 2 48% 345132 1460 56%
c ] 27557.73 209 26 501 2638014  1 91874205 635220 2.6 42 16 1 2 46% 345132 1460 56%
c { 27557.73 209 20 501 2638014  3 91874205 635220 2.8 29 10 1 2 44% 345132 1460 56%
c - 27644.83 219 19 502 2641268  3 91936826 370331 2.8 28 10 1 2 45% 345132 1460 56%
c p 27645.10 219 19 502 2641268  3 91936826 370479 2.8 28 10 1 2 45% 345132 1460 56%
c u 27649.56 219 19 502 2641268  3 91936826 366247 2.8 28 10 1 2 45% 345132 1460 56%
c v 27651.69 219 19 502 2641268  3 91936826 364142 2.8 28 10 1 2 45% 345132 1460 56%
c B 27904.95 219 19 502 2660964  3 92235986 618701 2.8 29 10 1 2 45% 345132 1460 56%
c - 27985.30 220 19 503 2665073  3 92305494 381129 2.8 28 10 1 2 45% 345132 1460 56%
c p 27985.54 220 19 503 2665073  3 92305494 381271 2.8 28 10 1 2 45% 345132 1460 56%
c u 27989.09 220 19 503 2665073  3 92305494 376952 2.8 28 10 1 2 45% 345132 1460 56%
c v 27993.25 220 19 503 2665073  3 92305494 372492 2.8 28 10 1 2 45% 345132 1460 56%
c w 27993.27 220 19 503 2665073  3 92305494 372492 2.8 28 10 1 2 45% 345132 1460 56%
c 
c   seconds      reductions       conflicts           size   tier2       variables
c             MB        restarts          redundant      glue   trail         remaining
c              level           rate             size/glue  tier1  irredundant
c 
c W 28347.81 220 19 503 2688676  3 92665987 677079 2.7 29 10 1 2 45% 345132 1460 56%
c - 28357.69 220 19 504 2689160  3 92674901 390798 2.8 29 10 1 2 45% 345132 1460 56%
c p 28357.97 220 19 504 2689160  3 92674901 390943 2.8 29 10 1 2 45% 345132 1460 56%
c u 28361.60 220 19 504 2689160  3 92674901 386581 2.8 29 10 1 2 45% 345132 1460 56%
c v 28367.01 220 19 504 2689160  3 92674901 382525 2.8 29 10 1 2 45% 345132 1460 56%
c w 28367.04 220 19 504 2689160  3 92674901 382524 2.8 29 10 1 2 45% 345132 1460 56%
c } 28595.92 220 19 504 2706491  3 92947813 613683 2.7 28 10 1 2 45% 345132 1460 56%
c [ 28595.92 220 26 504 2706491  1 92947813 613683 2.6 42 16 1 2 46% 345132 1460 56%
c - 28648.79 221 35 505 2706491  1 93045046 396814 2.7 48 18 1 2 51% 345132 1460 56%
c p 28649.06 221 35 505 2706491  1 93045046 396960 2.7 48 18 1 2 51% 345132 1460 56%
c u 28653.28 221 35 505 2706491  1 93045046 392777 2.7 48 18 1 2 51% 345132 1460 56%
c v 28659.09 221 35 505 2706491  1 93045046 388726 2.7 48 18 1 2 51% 345132 1460 56%
c w 28659.11 221 35 505 2706491  1 93045046 388725 2.7 48 18 1 2 51% 345132 1460 56%
c W 28688.67 221 39 505 2706491  1 93096989 435407 2.4 48 20 1 2 46% 345132 1460 56%
c - 28865.36 221 44 506 2706491  1 93415929 393276 2.1 51 24 1 2 41% 345132 1460 56%
c p 28865.49 221 44 506 2706491  1 93415929 393426 2.1 51 24 1 2 41% 345132 1460 56%
c u 28867.94 221 44 506 2706491  1 93415929 389423 2.1 51 24 1 2 41% 345132 1460 56%
c v 28871.07 221 44 506 2706491  1 93415929 384831 2.1 51 24 1 2 41% 345132 1460 56%
c w 28871.09 221 44 506 2706491  1 93415929 384825 2.1 51 24 1 2 41% 345132 1460 56%
c I 28896.53 221 41 506 2706491  1 93528997 486891 2.3 48 21 1 2 42% 345132 1460 56%
c 
c   seconds      reductions       conflicts           size   tier2       variables
c             MB        restarts          redundant      glue   trail         remaining
c              level           rate             size/glue  tier1  irredundant
c 
c - 28968.59 220 44 507 2706492  1 93787552 379101 2.3 57 25 1 2 48% 345132 1460 56%
c p 28968.71 220 44 507 2706492  1 93787552 379246 2.3 57 25 1 2 48% 345132 1460 56%
c u 28970.79 220 44 507 2706492  1 93787552 375239 2.3 57 25 1 2 48% 345132 1460 56%
c v 28970.81 220 44 507 2706492  1 93787552 375228 2.3 57 25 1 2 48% 345132 1460 56%
c w 28970.83 220 44 507 2706492  1 93787552 375228 2.3 57 25 1 2 48% 345132 1460 56%
c B 29011.06 220 46 507 2706492  1 93961999 524203 2.0 53 26 1 2 44% 345132 1460 56%
c - 29061.70 220 51 508 2706492  1 94159913 374221 2.3 58 25 1 2 46% 345132 1460 56%
c p 29061.82 220 51 508 2706492  1 94159913 374370 2.3 58 25 1 2 46% 345132 1460 56%
c u 29064.23 220 51 508 2706492  1 94159913 370225 2.3 58 25 1 2 46% 345132 1460 56%
c v 29064.23 220 51 508 2706492  1 94159913 370224 2.3 58 25 1 2 46% 345132 1460 56%
c w 29064.24 220 51 508 2706492  1 94159913 370224 2.3 58 25 1 2 46% 345132 1460 56%
c ] 29096.47 220 53 508 2706492  1 94315419 509444 2.1 57 27 1 2 43% 345132 1460 56%
c { 29096.47 220 19 508 2706492  3 94315419 509444 2.7 28 10 1 2 45% 345132 1460 56%
c F 29141.94 220 19 508 2711386  3 94396001 576894 2.8 28 10 1 2 45% 345132 1460 56%
c - 29230.14 221 19 509 2720795  3 94533012 382781 2.8 29 10 1 2 45% 345132 1460 56%
c p 29230.26 221 19 509 2720795  3 94533012 382927 2.8 29 10 1 2 45% 345132 1460 56%
c u 29232.28 221 19 509 2720795  3 94533012 378625 2.8 29 10 1 2 45% 345132 1460 56%
c v 29235.05 221 19 509 2720795  3 94533012 374610 2.8 29 10 1 2 45% 345132 1460 56%
c w 29235.05 221 19 509 2720795  3 94533012 374610 2.8 29 10 1 2 45% 345132 1460 56%
c B 29360.97 221 19 509 2740173  3 94831003 627707 2.7 29 10 1 2 45% 345132 1460 56%
c 
c   seconds      reductions       conflicts           size   tier2       variables
c             MB        restarts          redundant      glue   trail         remaining
c              level           rate             size/glue  tier1  irredundant
c 
c - 29399.58 222 19 510 2744353  3 94906850 393643 2.8 28 10 1 2 45% 345132 1460 56%
c p 29399.71 222 19 510 2744353  3 94906850 393789 2.8 28 10 1 2 45% 345132 1460 56%
c u 29401.74 222 19 510 2744353  3 94906850 389486 2.8 28 10 1 2 45% 345132 1460 56%
c v 29404.66 222 19 510 2744353  3 94906850 385918 2.8 28 10 1 2 45% 345132 1460 56%
c W 29583.17 222 19 510 2767149  3 95267004 689632 2.8 28 10 1 2 45% 345132 1460 56%
c - 29589.88 222 19 511 2767843  3 95281429 401454 2.8 28 10 1 2 45% 345132 1460 56%
c p 29590.02 222 19 511 2767843  3 95281429 401604 2.8 28 10 1 2 45% 345132 1460 56%
c u 29592.27 222 19 511 2767843  3 95281429 397492 2.8 28 10 1 2 45% 345132 1460 56%
c v 29595.49 222 19 511 2767843  3 95281429 393257 2.8 28 10 1 2 45% 345132 1460 56%
c } 29622.60 222 19 511 2772775  3 95359641 459493 2.8 28 10 1 2 45% 345132 1460 56%
c [ 29622.60 222 53 511 2772775  1 95359641 459493 2.1 57 27 1 2 43% 345132 1460 56%
c - 29704.88 222 34 512 2772775  1 95656745 402028 2.4 45 19 1 2 51% 345132 1460 56%
c p 29705.00 222 34 512 2772775  1 95656745 402170 2.4 45 19 1 2 51% 345132 1460 56%
c u 29707.41 222 34 512 2772775  1 95656745 398056 2.4 45 19 1 2 51% 345132 1460 56%
c v 29710.34 222 34 512 2772775  1 95656745 393644 2.4 45 19 1 2 51% 345132 1460 56%
c w 29710.35 222 34 512 2772775  1 95656745 393644 2.4 45 19 1 2 51% 345132 1460 56%
c W 29721.82 222 43 512 2772775  1 95704005 437307 2.4 54 22 1 2 52% 345132 1460 56%
c - 29822.26 222 39 513 2772775  1 96032797 389033 2.3 52 23 1 2 44% 345132 1460 56%
c p 29822.37 222 39 513 2772775  1 96032797 389171 2.3 52 23 1 2 44% 345132 1460 56%
c u 29824.77 222 39 513 2772775  1 96032797 384853 2.3 52 23 1 2 44% 345132 1460 56%
c 
c   seconds      reductions       conflicts           size   tier2       variables
c             MB        restarts          redundant      glue   trail         remaining
c              level           rate             size/glue  tier1  irredundant
c 
c v 29825.56 222 39 513 2772775  1 96032797 383688 2.3 52 23 1 2 44% 345132 1460 56%
c w 29825.57 222 39 513 2772775  1 96032797 383686 2.3 52 23 1 2 44% 345132 1460 56%
c O 29848.14 222 39 513 2772775  1 96142006 478301 2.1 49 23 1 2 40% 345132 1460 56%
c - 29915.38 221 36 514 2772775  1 96409588 382051 2.6 50 20 1 2 45% 345132 1460 56%
c p 29915.51 221 36 514 2772775  1 96409588 382190 2.6 50 20 1 2 45% 345132 1460 56%
c u 29917.63 221 36 514 2772775  1 96409588 378055 2.6 50 20 1 2 45% 345132 1460 56%
c v 29917.64 221 36 514 2772775  1 96409588 378055 2.6 50 20 1 2 45% 345132 1460 56%
c w 29917.64 221 36 514 2772775  1 96409588 378055 2.6 50 20 1 2 45% 345132 1460 56%
c B 29956.24 221 36 514 2772775  1 96581007 536551 2.6 48 19 1 2 49% 345132 1460 56%
c ] 30004.59 221 42 514 2772775  1 96747863 676970 2.1 52 25 1 2 45% 345132 1460 56%
c { 30004.59 221 19 514 2772775  3 96747863 676970 2.8 28 10 1 2 45% 345132 1460 56%
c - 30038.31 234 19 515 2775766  3 96787117 381933 2.8 29 10 1 2 45% 345132 1460 56%
c p 30038.45 234 19 515 2775766  3 96787117 382070 2.8 29 10 1 2 45% 345132 1460 56%
c u 30040.48 234 19 515 2775766  3 96787117 377600 2.8 29 10 1 2 45% 345132 1460 56%
c w 30040.49 234 19 515 2775766  3 96787117 377600 2.8 29 10 1 2 45% 345132 1460 56%
c # 30128.49 234 19 515 2790982  3 97021010 574239 2.7 28 10 1 2 45% 345132 1460 56%
c - 30199.12 235 19 516 2801090  3 97165387 394502 2.7 29 10 1 2 45% 345132 1460 56%
c p 30199.26 235 19 516 2801090  3 97165387 394648 2.7 29 10 1 2 45% 345132 1460 56%
c u 30201.18 235 19 516 2801090  3 97165387 390218 2.7 29 10 1 2 45% 345132 1460 56%
c v 30203.68 235 19 516 2801090  3 97165387 385708 2.7 29 10 1 2 45% 345132 1460 56%
c 
c   seconds      reductions       conflicts           size   tier2       variables
c             MB        restarts          redundant      glue   trail         remaining
c              level           rate             size/glue  tier1  irredundant
c 
c B 30325.16 235 19 516 2820077  3 97462011 637182 2.7 29 11 1 2 45% 345132 1460 56%
c - 30366.25 236 19 517 2825146  3 97544394 406230 2.7 28 11 1 2 45% 345132 1460 56%
c p 30366.39 236 19 517 2825146  3 97544394 406366 2.7 28 11 1 2 45% 345132 1460 56%
c u 30368.70 236 19 517 2825146  3 97544394 402196 2.7 28 11 1 2 45% 345132 1460 56%
c v 30371.51 236 19 517 2825146  3 97544394 398494 2.7 28 11 1 2 45% 345132 1460 56%
c w 30371.52 236 19 517 2825146  3 97544394 398494 2.7 28 11 1 2 45% 345132 1460 56%
c } 30490.24 236 19 517 2842949  3 97826529 637735 2.8 29 11 1 2 45% 345132 1460 56%
c [ 30490.24 236 42 517 2842949  1 97826529 637735 2.1 52 25 1 2 45% 345132 1460 56%
c W 30539.37 236 32 517 2842949  1 97904012 703591 2.3 44 19 1 2 44% 345132 1460 56%
c - 30544.02 236 38 518 2842949  1 97924139 412095 2.2 47 21 1 2 44% 345132 1460 56%
c p 30544.15 236 38 518 2842949  1 97924139 412232 2.2 47 21 1 2 44% 345132 1460 56%
c u 30546.76 236 38 518 2842949  1 97924139 408151 2.2 47 21 1 2 44% 345132 1460 56%
c v 30550.19 236 38 518 2842949  1 97924139 404353 2.2 47 21 1 2 44% 345132 1460 56%
c w 30550.22 236 38 518 2842949  1 97924139 404352 2.2 47 21 1 2 44% 345132 1460 56%
c - 30693.00 236 34 519 2842949  1 98304623 408299 2.1 42 20 1 2 46% 345132 1460 56%
c p 30693.12 236 34 519 2842949  1 98304623 408443 2.1 42 20 1 2 46% 345132 1460 56%
c u 30695.77 236 34 519 2842949  1 98304623 404126 2.1 42 20 1 2 46% 345132 1460 56%
c v 30698.71 236 34 519 2842949  1 98304623 399602 2.1 42 20 1 2 46% 345132 1460 56%
c w 30698.73 236 34 519 2842949  1 98304623 399602 2.1 42 20 1 2 46% 345132 1460 56%
c I 30708.64 236 38 519 2842949  1 98347013 437910 2.1 44 21 1 2 47% 345132 1460 56%
c 
c   seconds      reductions       conflicts           size   tier2       variables
c             MB        restarts          redundant      glue   trail         remaining
c              level           rate             size/glue  tier1  irredundant
c 
c - 30845.16 235 62 520 2842949  1 98685846 386228 1.6 57 36 1 2 43% 345132 1460 56%
c p 30845.29 235 62 520 2842949  1 98685846 386366 1.6 57 36 1 2 43% 345132 1460 56%
c u 30847.78 235 62 520 2842949  1 98685846 382410 1.6 57 36 1 2 43% 345132 1460 56%
c v 30847.79 235 62 520 2842949  1 98685846 382405 1.6 57 36 1 2 43% 345132 1460 56%
c w 30847.81 235 62 520 2842949  1 98685846 382402 1.6 57 36 1 2 43% 345132 1460 56%
c B 30873.02 235 59 520 2842949  1 98791015 476291 1.7 53 30 1 2 44% 345132 1460 56%
c ] 30942.23 235 43 520 2842949  1 99060012 717107 2.2 53 24 1 2 43% 345132 1460 56%
c { 30942.23 235 19 520 2842949  3 99060012 717107 2.8 29 11 1 2 45% 345132 1460 56%
c - 30949.75 240 19 521 2843524  3 99067818 380064 2.8 29 11 1 2 45% 345132 1460 56%
c p 30949.89 240 19 521 2843524  3 99067818 380206 2.8 29 11 1 2 45% 345132 1460 56%
c u 30952.21 240 19 521 2843524  3 99067818 375875 2.8 29 11 1 2 45% 345132 1460 56%
c s 30995.18 246 19 521 2850828  3 99187697 476733 2.7 29 10 1 2 45% 345132 1460 56%
c s 30996.06 246 19 521 2850828  3 99187697 476583 2.7 29 10 1 2 45% 345132 1460 56%
c W 31032.79 246 19 521 2853722  3 99236017 517591 2.8 29 10 1 2 45% 345132 1460 56%
c - 31134.92 247 19 522 2867052  3 99450519 395348 2.7 28 10 1 2 45% 345132 1460 56%
c p 31135.04 247 19 522 2867052  3 99450519 395485 2.7 28 10 1 2 45% 345132 1460 56%
c u 31137.38 247 19 522 2867052  3 99450519 391300 2.7 28 10 1 2 45% 345132 1460 56%
c v 31140.19 247 19 522 2867052  3 99450519 387773 2.7 28 10 1 2 45% 345132 1460 56%
c w 31140.20 247 19 522 2867052  3 99450519 387773 2.7 28 10 1 2 45% 345132 1460 56%
c F 31232.11 247 19 522 2881547  3 99682019 583473 2.8 29 10 1 2 45% 345132 1460 56%
c 
c   seconds      reductions       conflicts           size   tier2       variables
c             MB        restarts          redundant      glue   trail         remaining
c              level           rate             size/glue  tier1  irredundant
c 
c - 31310.99 248 19 523 2891518  3 99833959 408054 2.8 28 10 1 2 45% 345132 1460 56%
c p 31311.11 248 19 523 2891518  3 99833959 408192 2.8 28 10 1 2 45% 345132 1460 56%
c u 31313.58 248 19 523 2891518  3 99833959 403948 2.8 28 10 1 2 45% 345132 1460 56%
c v 31316.66 248 19 523 2891518  3 99833959 400045 2.8 28 10 1 2 45% 345132 1460 56%
c w 31316.67 248 19 523 2891518  3 99833959 400045 2.8 28 10 1 2 45% 345132 1460 56%
c B 31440.25 248 19 523 2910293  3 100129020 648609 2.7 29 11 1 2 45% 345132 1460 56%
c } 31460.54 248 19 523 2912825  3 100167926 681558 2.8 29 11 1 2 45% 345132 1460 56%
c [ 31460.55 248 43 523 2912825  1 100167926 681558 2.2 53 24 1 2 43% 345132 1460 56%
c - 31474.65 248 37 524 2912825  1 100218136 414182 2.3 49 21 1 2 42% 345132 1460 56%
c p 31474.78 248 37 524 2912825  1 100218136 414319 2.3 49 21 1 2 42% 345132 1460 56%
c u 31482.30 248 37 524 2912825  1 100218136 410286 2.3 49 21 1 2 42% 345132 1460 56%
c v 31486.02 248 37 524 2912825  1 100218136 406354 2.3 49 21 1 2 42% 345132 1460 56%
c w 31486.03 248 37 524 2912825  1 100218136 406354 2.3 49 21 1 2 42% 345132 1460 56%
c W 31602.95 248 41 524 2912825  1 100577024 722808 2.1 49 23 1 2 38% 345132 1460 56%
c - 31612.68 248 41 525 2912825  1 100603053 410743 2.0 48 24 1 2 38% 345132 1460 56%
c p 31612.81 248 41 525 2912825  1 100603053 410878 2.0 48 24 1 2 38% 345132 1460 56%
c u 31615.33 248 41 525 2912825  1 100603053 407040 2.0 48 24 1 2 38% 345132 1460 56%
c v 31619.06 248 41 525 2912825  1 100603053 403141 2.0 48 24 1 2 38% 345132 1460 56%
c w 31619.07 248 41 525 2912825  1 100603053 403139 2.0 48 24 1 2 38% 345132 1460 56%
c s 31648.75 248 38 525 2912825  1 100733165 508319 1.8 43 24 1 2 37% 345132 1460 56%
c 
c   seconds      reductions        conflicts           size   tier2       variables
c             MB        restarts           redundant      glue   trail         remaining
c              level           rate              size/glue  tier1  irredundant
c 
c s 31650.12 248 38 525 2912825  1 100733165 507712 1.8 43 24 1 2 37% 345132 1460 56%
c - 31741.21 211 35 526 2912825  1 100988707 380663 1.9 45 23 1 2 40% 345132 1460 56%
c p 31741.32 211 35 526 2912825  1 100988707 380804 1.9 45 23 1 2 40% 345132 1460 56%
c u 31743.43 214 35 526 2912825  1 100988707 376608 1.9 45 23 1 2 40% 345132 1460 56%
c v 31743.43 214 35 526 2912825  1 100988707 376606 1.9 45 23 1 2 40% 345132 1460 56%
c w 31743.44 214 35 526 2912825  1 100988707 376606 1.9 45 23 1 2 40% 345132 1460 56%
c O 31750.90 214 33 526 2912825  1 101026026 408110 2.1 44 21 1 2 40% 345132 1460 56%
c - 31848.91 249 25 527 2912937  1 101375098 385565 2.7 41 15 1 2 48% 345132 1460 56%
c p 31849.02 249 25 527 2912937  1 101375098 385708 2.7 41 15 1 2 48% 345132 1460 56%
c u 31851.16 249 25 527 2912937  1 101375098 381690 2.7 41 15 1 2 48% 345132 1460 56%
c v 31852.99 249 25 527 2912937  1 101375098 379234 2.7 41 15 1 2 48% 345132 1460 56%
c w 31853.00 249 25 527 2912937  1 101375098 379234 2.7 41 15 1 2 48% 345132 1460 56%
c B 31877.55 249 24 527 2912952  1 101476028 464426 2.5 39 16 1 2 45% 345132 1460 56%
c ] 31888.89 249 25 527 2912955  1 101524939 508661 2.6 41 16 1 2 45% 345132 1460 56%
c { 31888.89 249 19 527 2912955  3 101524939 508661 2.8 29 11 1 2 45% 345132 1460 56%
c - 32018.40 214 19 528 2927545  3 101762228 395591 2.8 29 10 1 2 45% 345132 1460 56%
c p 32018.53 214 19 528 2927545  3 101762228 395728 2.8 29 10 1 2 45% 345132 1460 56%
c u 32020.47 214 19 528 2927545  3 101762228 391450 2.8 29 10 1 2 45% 345132 1460 56%
c v 32024.04 214 19 528 2927545  3 101762228 388288 2.8 29 10 1 2 45% 345132 1460 56%
c w 32024.05 214 19 528 2927545  3 101762228 388288 2.8 29 10 1 2 45% 345132 1460 56%
c 
c   seconds      reductions        conflicts           size   tier2       variables
c             MB        restarts           redundant      glue   trail         remaining
c              level           rate              size/glue  tier1  irredundant
c 
c W 32103.52 214 19 528 2938063  3 101927030 528038 2.7 29 11 1 2 45% 345132 1460 56%
c - 32213.29 250 18 529 2951455  3 102150097 407017 2.8 28 10 1 2 45% 345132 1460 56%
c p 32213.43 250 18 529 2951455  3 102150097 407159 2.8 28 10 1 2 45% 345132 1460 56%
c u 32215.85 250 18 529 2951455  3 102150097 403275 2.8 28 10 1 2 45% 345132 1460 56%
c v 32219.27 250 18 529 2951455  3 102150097 399473 2.8 28 10 1 2 45% 345132 1460 56%
c s 32274.25 250 19 529 2960985  3 102294405 521433 2.8 29 10 1 2 45% 345132 1460 56%
c s 32274.56 250 19 529 2960985  3 102294405 521430 2.8 29 10 1 2 45% 345132 1460 56%
c # 32313.33 250 20 529 2966878  3 102379031 593899 2.8 29 11 1 2 45% 345132 1460 56%
c - 32390.96 214 19 530 2976199  3 102538710 415968 2.8 30 11 1 2 46% 345132 1460 56%
c p 32391.09 214 19 530 2976199  3 102538710 416109 2.8 30 11 1 2 46% 345132 1460 56%
c u 32393.30 214 19 530 2976199  3 102538710 412243 2.8 30 11 1 2 46% 345132 1460 56%
c v 32396.52 214 19 530 2976199  3 102538710 408618 2.8 30 11 1 2 46% 345132 1460 56%
c w 32396.52 214 19 530 2976199  3 102538710 408618 2.8 30 11 1 2 46% 345132 1460 56%
c } 32430.64 214 19 530 2981775  3 102630673 486757 2.8 29 10 1 2 45% 345132 1460 56%
c [ 32430.64 214 25 530 2981775  1 102630673 486757 2.6 41 16 1 2 45% 345132 1460 56%
c W 32506.83 214 25 530 2981839  1 102832033 660199 2.5 39 16 1 2 43% 345132 1460 56%
c - 32535.23 251 37 531 2981877  1 102928055 416625 2.2 44 21 1 2 42% 345132 1460 56%
c p 32535.36 251 37 531 2981877  1 102928055 416762 2.2 44 21 1 2 42% 345132 1460 56%
c u 32538.01 251 37 531 2981877  1 102928055 412462 2.2 44 21 1 2 42% 345132 1460 56%
c v 32541.78 251 37 531 2981877  1 102928055 408582 2.2 44 21 1 2 42% 345132 1460 56%
c 
c   seconds      reductions        conflicts           size   tier2       variables
c             MB        restarts           redundant      glue   trail         remaining
c              level           rate              size/glue  tier1  irredundant
c 
c w 32541.79 251 37 531 2981877  1 102928055 408577 2.2 44 21 1 2 42% 345132 1460 56%
c I 32641.48 251 36 531 2981930  1 103286036 703754 2.0 46 23 1 2 40% 345132 1460 56%
c - 32656.34 214 36 532 2981937  1 103318138 394880 1.9 45 23 1 2 39% 345132 1460 56%
c p 32656.48 214 36 532 2981937  1 103318138 395021 1.9 45 23 1 2 39% 345132 1460 56%
c u 32658.87 214 36 532 2981937  1 103318138 391102 1.9 45 23 1 2 39% 345132 1460 56%
c w 32658.88 214 36 532 2981937  1 103318138 391100 1.9 45 23 1 2 39% 345132 1460 56%
c - 32778.55 251 38 533 2982037  1 103708962 367601 2.0 47 24 1 2 40% 345132 1460 56%
c p 32778.66 251 38 533 2982037  1 103708962 367741 2.0 47 24 1 2 40% 345132 1460 56%
c u 32780.76 251 38 533 2982037  1 103708962 363856 2.0 47 24 1 2 40% 345132 1460 56%
c v 32780.77 251 38 533 2982037  1 103708962 363842 2.0 47 24 1 2 40% 345132 1460 56%
c w 32780.78 251 38 533 2982037  1 103708962 363840 2.0 47 24 1 2 40% 345132 1460 56%
c B 32786.29 251 38 533 2982051  1 103741037 389989 1.9 46 24 1 2 39% 345132 1460 56%
c s 32818.81 251 42 533 2982090  1 103871416 499444 1.9 45 24 1 2 38% 345124 1460 56%
c s 32819.73 251 42 533 2982090  1 103871416 499327 1.9 45 24 1 2 38% 345124 1460 56%
c ] 32876.62 251 38 533 2982142  1 104016557 613842 1.9 44 24 1 2 39% 345124 1460 56%
c { 32876.62 251 19 533 2982142  3 104016557 613842 2.8 29 10 1 2 45% 345124 1460 56%
c - 32942.79 251 20 534 2988102  3 104100524 373453 2.8 29 11 1 2 45% 345124 1460 56%
c p 32942.94 251 20 534 2988102  3 104100524 373596 2.8 29 11 1 2 45% 345124 1460 56%
c u 32945.26 251 20 534 2988102  3 104100524 369363 2.8 29 11 1 2 45% 345124 1460 56%
c v 32947.36 251 20 534 2988102  3 104100524 366170 2.8 29 11 1 2 45% 345124 1460 56%
c 
c   seconds      reductions        conflicts           size   tier2       variables
c             MB        restarts           redundant      glue   trail         remaining
c              level           rate              size/glue  tier1  irredundant
c 
c w 32947.36 251 20 534 2988102  3 104100524 366170 2.8 29 11 1 2 45% 345124 1460 56%
c B 32978.65 251 20 534 2993758  3 104197038 448849 2.8 29 10 1 2 45% 345124 1460 56%
c - 33110.36 217 19 535 3012922  3 104492822 392167 2.7 28 10 1 2 45% 345124 1460 56%
c p 33110.48 217 19 535 3012922  3 104492822 392306 2.7 28 10 1 2 45% 345124 1460 56%
c u 33112.58 217 19 535 3012922  3 104492822 388214 2.7 28 10 1 2 45% 345124 1460 56%
c v 33115.14 217 19 535 3012922  3 104492822 386437 2.7 28 10 1 2 45% 345124 1460 56%
c w 33115.14 217 19 535 3012922  3 104492822 386437 2.7 28 10 1 2 45% 345124 1460 56%
c W 33199.14 217 19 535 3023059  3 104654044 523205 2.7 29 10 1 2 45% 345124 1460 56%
c - 33310.86 254 19 536 3038071  3 104885858 406799 2.8 29 10 1 2 45% 345124 1460 56%
c p 33310.98 254 19 536 3038071  3 104885858 406935 2.8 29 10 1 2 45% 345124 1460 56%
c u 33313.25 254 19 536 3038071  3 104885858 402913 2.8 29 10 1 2 45% 345124 1460 56%
c v 33317.24 254 19 536 3038071  3 104885858 399362 2.8 29 10 1 2 45% 345124 1460 56%
c w 33317.25 254 19 536 3038071  3 104885858 399362 2.8 29 10 1 2 45% 345124 1460 56%
c F 33406.90 254 19 536 3051850  3 105112045 591338 2.8 29 10 1 2 45% 345124 1460 56%
c } 33431.82 254 18 536 3055128  3 105166987 637280 2.8 28 10 1 2 45% 345124 1460 56%
c [ 33431.82 254 38 536 3055128  1 105166987 637280 1.9 44 24 1 2 39% 345124 1460 56%
c - 33469.21 254 28 537 3055140  1 105279632 412565 2.3 39 17 1 2 45% 345124 1460 56%
c p 33469.35 254 28 537 3055140  1 105279632 412705 2.3 39 17 1 2 45% 345124 1460 56%
c u 33471.84 254 28 537 3055140  1 105279632 408756 2.3 39 17 1 2 45% 345124 1460 56%
c v 33475.61 254 28 537 3055140  1 105279632 405029 2.3 39 17 1 2 45% 345124 1460 56%
c 
c   seconds      reductions        conflicts           size   tier2       variables
c             MB        restarts           redundant      glue   trail         remaining
c              level           rate              size/glue  tier1  irredundant
c 
c w 33475.63 254 28 537 3055140  1 105279632 405028 2.3 39 17 1 2 45% 345124 1460 56%
c s 33525.14 254 38 537 3055142  1 105464188 566761 2.1 49 23 1 2 41% 345124 1460 56%
c s 33526.28 254 38 537 3055142  1 105464188 566233 2.1 49 23 1 2 41% 345124 1460 56%
c W 33583.90 254 41 537 3055142  1 105571049 659772 2.1 52 25 1 2 42% 345124 1460 56%
c - 33648.14 254 46 538 3055142  1 105674145 406212 1.9 55 28 1 2 42% 345124 1460 56%
c p 33648.27 254 46 538 3055142  1 105674145 406354 1.9 55 28 1 2 42% 345124 1460 56%
c u 33650.92 254 46 538 3055142  1 105674145 402184 1.9 55 28 1 2 42% 345124 1460 56%
c v 33654.40 254 46 538 3055142  1 105674145 398545 1.9 55 28 1 2 42% 345124 1460 56%
c w 33654.42 254 46 538 3055142  1 105674145 398543 1.9 55 28 1 2 42% 345124 1460 56%
c O 33768.78 254 38 538 3055256  1 106031054 693461 1.9 45 24 1 2 39% 345124 1460 56%
c - 33781.16 217 33 539 3055267  1 106069396 381874 2.1 44 21 1 2 41% 345124 1460 56%
c p 33781.30 217 33 539 3055267  1 106069396 382018 2.1 44 21 1 2 41% 345124 1460 56%
c u 33783.90 217 33 539 3055267  1 106069396 378072 2.1 44 21 1 2 41% 345124 1460 56%
c v 33783.91 217 33 539 3055267  1 106069396 378070 2.1 44 21 1 2 41% 345124 1460 56%
c w 33783.92 217 33 539 3055267  1 106069396 378070 2.1 44 21 1 2 41% 345124 1460 56%
c ] 33907.51 217 31 539 3055363  1 106457831 718966 2.5 43 17 1 2 49% 345124 1460 56%
c { 33907.51 217 18 539 3055363  3 106457831 718966 2.8 28 10 1 2 45% 345124 1460 56%
c - 33913.82 259 19 540 3055764  3 106465385 385909 2.8 28 10 1 2 45% 345124 1460 56%
c p 33913.94 259 19 540 3055764  3 106465385 386052 2.8 28 10 1 2 45% 345124 1460 56%
c u 33916.18 259 19 540 3055764  3 106465385 381908 2.8 28 10 1 2 45% 345124 1460 56%
c 
c   seconds      reductions        conflicts           size   tier2       variables
c             MB        restarts           redundant      glue   trail         remaining
c              level           rate              size/glue  tier1  irredundant
c 
c v 33917.10 259 19 540 3055764  3 106465385 380100 2.8 28 10 1 2 45% 345124 1460 56%
c w 33917.10 259 19 540 3055764  3 106465385 380100 2.8 28 10 1 2 45% 345124 1460 56%
c B 33925.59 259 19 540 3057472  3 106492055 403115 2.8 29 10 1 2 45% 345124 1460 56%
c - 34098.26 223 19 541 3082313  3 106862114 403259 2.7 29 11 1 2 45% 345124 1460 56%
c p 34098.38 223 19 541 3082313  3 106862114 403397 2.7 29 11 1 2 45% 345124 1460 56%
c u 34100.96 223 19 541 3082313  3 106862114 399472 2.7 29 11 1 2 45% 345124 1460 56%
c v 34104.21 223 19 541 3082313  3 106862114 396603 2.7 29 11 1 2 45% 345124 1460 56%
c w 34104.22 223 19 541 3082313  3 106862114 396603 2.7 29 11 1 2 45% 345124 1460 56%
c W 34157.50 223 19 541 3087704  3 106954057 474340 2.8 29 10 1 2 45% 345124 1460 56%
c s 34210.43 242 19 541 3095414  3 107072731 575036 2.8 29 10 1 2 45% 345124 1460 56%
c s 34210.66 242 19 541 3095414  3 107072731 575036 2.8 29 10 1 2 45% 345124 1460 56%
c - 34307.41 212 19 542 3107463  3 107259581 418407 2.7 29 10 1 2 45% 345124 1460 56%
c p 34307.54 212 19 542 3107463  3 107259581 418547 2.7 29 10 1 2 45% 345124 1460 56%
c u 34309.92 212 19 542 3107463  3 107259581 414695 2.7 29 10 1 2 45% 345124 1460 56%
c v 34313.19 212 19 542 3107463  3 107259581 411180 2.7 29 10 1 2 45% 345124 1460 56%
c w 34313.19 212 19 542 3107463  3 107259581 411180 2.7 29 10 1 2 45% 345124 1460 56%
c # 34375.58 212 19 542 3117362  3 107417060 543659 2.7 28 10 1 2 45% 345124 1460 56%
c } 34468.25 212 19 542 3129150  3 107610727 706939 2.7 28 10 1 2 45% 345124 1460 56%
c [ 34468.25 212 31 542 3129150  1 107610727 706939 2.5 43 17 1 2 49% 345124 1460 56%
c - 34481.46 212 28 543 3129173  1 107657788 424997 2.5 40 16 1 2 51% 345124 1460 56%
c 
c   seconds      reductions        conflicts           size   tier2       variables
c             MB        restarts           redundant      glue   trail         remaining
c              level           rate              size/glue  tier1  irredundant
c 
c p 34481.59 212 28 543 3129173  1 107657788 425144 2.5 40 16 1 2 51% 345124 1460 56%
c u 34484.05 212 28 543 3129173  1 107657788 420826 2.5 40 16 1 2 51% 345124 1460 56%
c v 34487.17 212 28 543 3129173  1 107657788 417129 2.5 40 16 1 2 51% 345124 1460 56%
c w 34487.18 212 28 543 3129173  1 107657788 417129 2.5 40 16 1 2 51% 345124 1460 56%
c B 34549.96 212 38 543 3129184  1 107881062 602091 1.9 44 23 1 2 42% 345124 1460 56%
c - 34627.12 219 39 544 3129237  1 108056731 413496 1.9 47 25 1 2 41% 345124 1460 56%
c p 34627.25 219 39 544 3129237  1 108056731 413639 1.9 47 25 1 2 41% 345124 1460 56%
c u 34629.69 219 39 544 3129237  1 108056731 409632 1.9 47 25 1 2 41% 345124 1460 56%
c v 34631.96 219 39 544 3129237  1 108056731 406086 1.9 47 25 1 2 41% 345124 1460 56%
c w 34631.97 219 39 544 3129237  1 108056731 406086 1.9 47 25 1 2 41% 345124 1460 56%
c W 34746.00 219 50 544 3129311  1 108346065 648525 1.7 53 31 1 2 40% 345124 1460 56%
c - 34795.65 227 46 545 3129341  1 108456414 381268 1.8 53 29 1 2 41% 345124 1460 56%
c p 34795.76 227 46 545 3129341  1 108456414 381418 1.8 53 29 1 2 41% 345124 1460 56%
c u 34798.12 227 46 545 3129341  1 108456414 377336 1.8 53 29 1 2 41% 345124 1460 56%
c v 34798.12 227 46 545 3129341  1 108456414 377336 1.8 53 29 1 2 41% 345124 1460 56%
c w 34798.12 227 46 545 3129341  1 108456414 377336 1.8 53 29 1 2 41% 345124 1460 56%
c s 34866.68 243 42 545 3129418  1 108697043 583215 1.9 48 25 1 2 40% 345124 1460 56%
c s 34867.50 243 42 545 3129418  1 108697043 583089 1.9 48 25 1 2 40% 345124 1460 56%
c I 34914.10 243 36 545 3129438  1 108812071 675015 2.0 47 23 1 2 41% 345124 1460 56%
c - 34936.15 218 37 546 3129438  1 108856836 373763 2.0 46 24 1 2 41% 345124 1460 56%
c 
c   seconds      reductions        conflicts           size   tier2       variables
c             MB        restarts           redundant      glue   trail         remaining
c              level           rate              size/glue  tier1  irredundant
c 
c p 34936.26 218 37 546 3129438  1 108856836 373906 2.0 46 24 1 2 41% 345124 1460 56%
c u 34938.33 218 37 546 3129438  1 108856836 369494 2.0 46 24 1 2 41% 345124 1460 56%
c v 34938.34 218 37 546 3129438  1 108856836 369487 2.0 46 24 1 2 41% 345124 1460 56%
c w 34938.35 218 37 546 3129438  1 108856836 369486 2.0 46 24 1 2 41% 345124 1460 56%
c ] 34951.23 218 38 546 3129439  1 108916163 418970 1.9 45 23 1 2 39% 345124 1460 56%
c { 34951.23 218 19 546 3129439  3 108916163 418970 2.7 28 10 1 2 45% 345124 1460 56%
c - 35117.62 254 19 547 3151499  3 109257996 393938 2.8 29 10 1 2 45% 345124 1460 56%
c p 35117.74 254 19 547 3151499  3 109257996 394085 2.8 29 10 1 2 45% 345124 1460 56%
c u 35119.53 254 19 547 3151499  3 109257996 389473 2.8 29 10 1 2 45% 345124 1460 56%
c v 35122.38 254 19 547 3151499  3 109257996 387698 2.8 29 10 1 2 45% 345124 1460 56%
c w 35122.39 254 19 547 3151499  3 109257996 387698 2.8 29 10 1 2 45% 345124 1460 56%
c B 35129.25 254 19 547 3152611  3 109279073 405254 2.8 28 10 1 2 45% 345124 1460 56%
c - 35301.44 221 19 548 3177471  3 109659894 411497 2.7 29 10 1 2 45% 345124 1460 56%
c p 35301.56 221 19 548 3177471  3 109659894 411647 2.7 29 10 1 2 45% 345124 1460 56%
c u 35303.99 221 19 548 3177471  3 109659894 407243 2.7 29 10 1 2 45% 345124 1460 56%
c v 35307.85 221 19 548 3177471  3 109659894 404081 2.7 29 10 1 2 45% 345124 1460 56%
c w 35307.86 221 19 548 3177471  3 109659894 404081 2.7 29 10 1 2 45% 345124 1460 56%
c W 35361.69 221 19 548 3182994  3 109747076 476863 2.7 28 10 1 2 45% 345124 1460 56%
c - 35516.82 258 19 549 3203207  3 110062531 419827 2.7 29 10 1 2 45% 345124 1460 56%
c p 35516.97 258 19 549 3203207  3 110062531 419973 2.7 29 10 1 2 45% 345124 1460 56%
c 
c   seconds      reductions        conflicts           size   tier2       variables
c             MB        restarts           redundant      glue   trail         remaining
c              level           rate              size/glue  tier1  irredundant
c 
c u 35519.33 258 19 549 3203207  3 110062531 415326 2.7 29 10 1 2 45% 345124 1460 56%
c v 35522.69 258 19 549 3203207  3 110062531 411641 2.7 29 10 1 2 45% 345124 1460 56%
c w 35522.70 258 19 549 3203207  3 110062531 411641 2.7 29 10 1 2 45% 345124 1460 56%
c } 35528.97 258 19 549 3204429  3 110078370 425189 2.7 29 10 1 2 45% 345124 1460 56%
c [ 35528.97 258 38 549 3204429  1 110078370 425189 1.9 45 23 1 2 39% 345124 1460 56%
c B 35568.70 258 29 549 3204430  1 110216078 542720 2.3 40 18 1 2 41% 345124 1460 56%
c s 35606.19 258 43 549 3204430  1 110337124 650235 2.0 45 23 1 2 45% 345124 1460 56%
c s 35607.34 258 43 549 3204430  1 110337124 649797 2.0 45 23 1 2 45% 345124 1460 56%
c - 35656.33 222 44 550 3204431  1 110465910 419824 1.9 46 24 1 2 44% 345124 1460 56%
c p 35656.48 222 44 550 3204431  1 110465910 419978 1.9 46 24 1 2 44% 345124 1460 56%
c u 35664.07 222 44 550 3204431  1 110465910 415529 1.9 46 24 1 2 44% 345124 1460 56%
c v 35667.60 222 44 550 3204431  1 110465910 411904 1.9 46 24 1 2 44% 345124 1460 56%
c w 35667.61 222 44 550 3204431  1 110465910 411904 1.9 46 24 1 2 44% 345124 1460 56%
c W 35747.17 222 37 550 3204431  1 110686080 605833 2.2 46 21 1 2 44% 345124 1460 56%
c - 35805.73 263 47 551 3204431  1 110870024 404010 2.0 56 27 1 2 44% 345124 1460 56%
c p 35805.86 263 47 551 3204431  1 110870024 404161 2.0 56 27 1 2 44% 345124 1460 56%
c u 35807.30 263 47 551 3204431  1 110870024 401843 2.0 56 27 1 2 44% 345124 1460 56%
c v 35809.79 263 47 551 3204431  1 110870024 397090 2.0 56 27 1 2 44% 345124 1460 56%
c O 35903.95 263 39 551 3204496  1 111157084 634033 1.9 47 24 1 2 40% 345124 1460 56%
c - 35943.69 227 28 552 3204543  1 111274877 390770 2.3 41 18 1 2 44% 345124 1460 56%
c 
c   seconds      reductions        conflicts           size   tier2       variables
c             MB        restarts           redundant      glue   trail         remaining
c              level           rate              size/glue  tier1  irredundant
c 
c p 35943.83 227 28 552 3204543  1 111274877 390917 2.3 41 18 1 2 44% 345124 1460 56%
c u 35944.32 227 28 552 3204543  1 111274877 390761 2.3 41 18 1 2 44% 345124 1460 56%
c v 35944.33 227 28 552 3204543  1 111274877 390759 2.3 41 18 1 2 44% 345124 1460 56%
c w 35944.33 227 28 552 3204543  1 111274877 390759 2.3 41 18 1 2 44% 345124 1460 56%
c ] 35998.72 227 30 552 3204584  1 111472630 564710 2.3 41 18 1 2 49% 345124 1460 56%
c { 35998.72 227 19 552 3204584  3 111472630 564710 2.7 29 10 1 2 45% 345124 1460 56%
c F 36086.20 227 19 552 3214503  3 111629085 697452 2.7 28 10 1 2 45% 345124 1460 56%
c - 36119.96 263 19 553 3218122  3 111680468 409015 2.7 29 10 1 2 45% 345124 1460 56%
c p 36120.08 263 19 553 3218122  3 111680468 409168 2.7 29 10 1 2 45% 345124 1460 56%
c u 36120.44 263 19 553 3218122  3 111680468 409166 2.7 29 10 1 2 45% 345124 1460 56%
c v 36123.16 263 19 553 3218122  3 111680468 406701 2.7 29 10 1 2 45% 345124 1460 56%
c s 36267.45 263 19 553 3238804  3 111992976 672040 2.8 29 11 1 2 45% 345124 1460 56%
c s 36268.12 263 19 553 3238804  3 111992976 672022 2.8 29 11 1 2 45% 345124 1460 56%
c - 36321.16 227 19 554 3244768  3 112086801 427929 2.7 29 10 1 2 45% 345124 1460 56%
c p 36321.30 227 19 554 3244768  3 112086801 428081 2.7 29 10 1 2 45% 345124 1460 56%
c u 36322.55 227 19 554 3244768  3 112086801 427950 2.7 29 10 1 2 45% 345124 1460 56%
c v 36325.83 227 19 554 3244768  3 112086801 424300 2.7 29 10 1 2 45% 345124 1460 56%
c B 36331.34 227 19 554 3245685  3 112102086 437229 2.8 29 10 1 2 45% 345124 1460 56%
c - 36523.68 265 19 555 3271105  3 112493874 441146 2.7 29 10 1 2 45% 345124 1460 56%
c p 36523.83 265 19 555 3271105  3 112493874 441293 2.7 29 10 1 2 45% 345124 1460 56%
c 
c   seconds      reductions        conflicts           size   tier2       variables
c             MB        restarts           redundant      glue   trail         remaining
c              level           rate              size/glue  tier1  irredundant
c 
c u 36525.64 265 19 555 3271105  3 112493874 441109 2.7 29 10 1 2 45% 345124 1460 56%
c v 36529.12 265 19 555 3271105  3 112493874 437303 2.7 29 10 1 2 45% 345124 1460 56%
c w 36529.13 265 19 555 3271105  3 112493874 437303 2.7 29 10 1 2 45% 345124 1460 56%
c W 36587.05 265 19 555 3276022  3 112576087 506316 2.7 29 10 1 2 45% 345124 1460 56%
c } 36600.99 265 19 555 3277692  3 112608584 533341 2.7 28 10 1 2 45% 345124 1460 56%
c [ 36600.99 265 30 555 3277692  1 112608584 533341 2.3 41 18 1 2 49% 345124 1460 56%
c - 36718.02 227 32 556 3277790  1 112901678 444890 2.3 43 19 1 2 51% 345124 1460 56%
c p 36718.16 227 32 556 3277790  1 112901678 445034 2.3 43 19 1 2 51% 345124 1460 56%
c u 36720.13 227 32 556 3277790  1 112901678 444806 2.3 43 19 1 2 51% 345124 1460 56%
c v 36723.55 227 32 556 3277790  1 112901678 440674 2.3 43 19 1 2 51% 345124 1460 56%
c w 36723.56 227 32 556 3277790  1 112901678 440674 2.3 43 19 1 2 51% 345124 1460 56%
c B 36765.19 227 28 556 3277794  1 113051089 570309 2.5 41 16 1 2 49% 345124 1460 56%
c - 36864.23 265 27 557 3277856  1 113310222 433965 2.4 41 17 1 2 47% 345124 1460 56%
c p 36864.38 265 27 557 3277856  1 113310222 434107 2.4 41 17 1 2 47% 345124 1460 56%
c u 36866.59 265 27 557 3277856  1 113310222 433845 2.4 41 17 1 2 47% 345124 1460 56%
c v 36868.47 265 27 557 3277856  1 113310222 431322 2.4 41 17 1 2 47% 345124 1460 56%
c w 36868.49 265 27 557 3277856  1 113310222 431320 2.4 41 17 1 2 47% 345124 1460 56%
c W 36946.44 265 24 557 3277920  1 113527091 610129 2.3 37 16 1 2 46% 345124 1460 56%
c s 36983.24 265 46 557 3277942  1 113664597 732116 2.1 53 25 1 2 44% 345124 1460 56%
c s 36984.23 265 46 557 3277942  1 113664597 732071 2.1 53 25 1 2 44% 345124 1460 56%
c 
c   seconds      reductions        conflicts           size   tier2       variables
c             MB        restarts           redundant      glue   trail         remaining
c              level           rate              size/glue  tier1  irredundant
c 
c - 37004.45 227 40 558 3277959  1 113719506 425666 2.2 49 22 1 2 47% 345124 1460 56%
c p 37004.59 227 40 558 3277959  1 113719506 425805 2.2 49 22 1 2 47% 345124 1460 56%
c u 37006.88 227 40 558 3277959  1 113719506 425508 2.2 49 22 1 2 47% 345124 1460 56%
c v 37006.90 227 40 558 3277959  1 113719506 425507 2.2 49 22 1 2 47% 345124 1460 56%
c w 37006.91 227 40 558 3277959  1 113719506 425507 2.2 49 22 1 2 47% 345124 1460 56%
c ] 37097.38 227 32 558 3278046  1 113975306 638139 1.9 39 20 1 2 46% 345124 1460 56%
c { 37097.38 227 19 558 3278046  3 113975306 638139 2.7 28 10 1 2 45% 345124 1460 56%
c # 37114.73 227 19 558 3279983  3 114004092 662101 2.7 28 10 1 2 45% 345124 1460 56%
c - 37192.68 265 18 559 3287756  3 114129527 431802 2.7 28 10 1 2 45% 345124 1460 56%
c p 37192.83 265 18 559 3287756  3 114129527 431951 2.7 28 10 1 2 45% 345124 1460 56%
c u 37195.54 265 18 559 3287756  3 114129527 431645 2.7 28 10 1 2 45% 345124 1460 56%
c w 37195.81 265 18 559 3287756  3 114129527 431256 2.7 28 10 1 2 45% 345124 1460 56%
c B 37361.41 265 18 559 3309519  3 114482095 726689 2.8 29 10 1 2 45% 345124 1460 56%
c - 37397.60 227 19 560 3313670  3 114540288 451093 2.8 29 10 1 2 45% 345124 1460 56%
c p 37397.75 227 19 560 3313670  3 114540288 451236 2.8 29 10 1 2 45% 345124 1460 56%
c u 37400.29 227 19 560 3313670  3 114540288 450833 2.8 29 10 1 2 45% 345124 1460 56%
c v 37403.38 227 19 560 3313670  3 114540288 447037 2.8 29 10 1 2 45% 345124 1460 56%
c w 37403.39 227 19 560 3313670  3 114540288 447037 2.8 29 10 1 2 45% 345124 1460 56%
c - 37610.48 267 19 561 3339420  3 114951787 466119 2.8 29 10 1 2 45% 345124 1460 56%
c p 37610.63 267 19 561 3339420  3 114951787 466258 2.8 29 10 1 2 45% 345124 1460 56%
c 
c   seconds      reductions        conflicts           size   tier2       variables
c             MB        restarts           redundant      glue   trail         remaining
c              level           rate              size/glue  tier1  irredundant
c 
c u 37613.41 267 19 561 3339420  3 114951787 465855 2.8 29 10 1 2 45% 345124 1460 56%
c v 37616.71 267 19 561 3339420  3 114951787 461727 2.8 29 10 1 2 45% 345124 1460 56%
c W 37640.81 267 19 561 3340020  3 114961097 469371 2.8 29 10 1 2 45% 345124 1460 56%
c } 37709.96 267 19 561 3349610  3 115116064 599009 2.7 29 10 1 2 46% 345124 1460 56%
c [ 37709.96 267 32 561 3349610  1 115116064 599009 1.9 39 20 1 2 46% 345124 1460 56%
c - 37792.05 227 26 562 3349613  1 115364022 469044 2.4 38 16 1 2 49% 345124 1460 56%
c p 37792.20 227 26 562 3349613  1 115364022 469190 2.4 38 16 1 2 49% 345124 1460 56%
c u 37794.79 227 26 562 3349613  1 115364022 468716 2.4 38 16 1 2 49% 345124 1460 56%
c v 37797.72 227 26 562 3349613  1 115364022 464302 2.4 38 16 1 2 49% 345124 1460 56%
c w 37797.73 227 26 562 3349613  1 115364022 464302 2.4 38 16 1 2 49% 345124 1460 56%
c I 37815.59 227 36 562 3349614  1 115441098 535792 2.4 46 19 1 2 52% 345124 1460 56%
c s 37847.52 250 43 562 3349614  1 115541507 619774 1.9 46 24 1 2 43% 345124 1460 56%
c s 37848.63 250 43 562 3349614  1 115541507 619621 1.9 46 24 1 2 43% 345124 1460 56%
c - 37943.58 290 39 563 3349675  1 115777000 462472 1.8 45 25 1 2 38% 345124 1460 56%
c p 37943.71 290 39 563 3349675  1 115777000 462620 1.8 45 25 1 2 38% 345124 1460 56%
c u 37946.07 290 39 563 3349675  1 115777000 462155 1.8 45 25 1 2 38% 345124 1460 56%
c v 37947.94 290 39 563 3349675  1 115777000 459602 1.8 45 25 1 2 38% 345124 1460 56%
c B 37986.51 290 40 563 3349715  1 115922100 578888 1.9 46 24 1 2 41% 345124 1460 56%
c - 38113.57 288 37 564 3349779  1 116190713 441759 1.9 45 24 1 2 40% 345124 1460 56%
c p 38113.71 288 37 564 3349779  1 116190713 441910 1.9 45 24 1 2 40% 345124 1460 56%
c 
c   seconds      reductions        conflicts           size   tier2       variables
c             MB        restarts           redundant      glue   trail         remaining
c              level           rate              size/glue  tier1  irredundant
c 
c u 38116.75 288 37 564 3349779  1 116190713 441473 1.9 45 24 1 2 40% 345124 1460 56%
c w 38116.76 288 37 564 3349779  1 116190713 441472 1.9 45 24 1 2 40% 345124 1460 56%
c W 38196.57 288 37 564 3349850  1 116404102 615339 1.9 44 23 1 2 40% 345124 1460 56%
c ] 38225.48 288 43 564 3349867  1 116476688 676179 1.9 50 26 1 2 41% 345124 1460 56%
c { 38225.48 288 19 564 3349867  3 116476688 676179 2.7 29 10 1 2 46% 345124 1460 56%
c - 38325.18 288 19 565 3357791  3 116605165 444070 2.8 29 11 1 2 46% 345124 1460 56%
c p 38325.34 288 19 565 3357791  3 116605165 444210 2.8 29 11 1 2 46% 345124 1460 56%
c u 38328.12 288 19 565 3357791  3 116605165 443863 2.8 29 11 1 2 46% 345124 1460 56%
c v 38328.14 288 19 565 3357791  3 116605165 443861 2.8 29 11 1 2 46% 345124 1460 56%
c w 38328.14 288 19 565 3357791  3 116605165 443861 2.8 29 11 1 2 46% 345124 1460 56%
c F 38457.69 288 19 565 3375612  3 116887105 682085 2.7 29 10 1 2 45% 345124 1460 56%
c - 38537.59 290 19 566 3384248  3 117020356 465685 2.8 29 10 1 2 45% 345124 1460 56%
c p 38537.74 290 19 566 3384248  3 117020356 465826 2.8 29 10 1 2 45% 345124 1460 56%
c u 38540.27 290 19 566 3384248  3 117020356 462450 2.8 29 10 1 2 45% 345124 1460 56%
c v 38543.92 290 19 566 3384248  3 117020356 459314 2.8 29 10 1 2 45% 345124 1460 56%
c w 38543.94 290 19 566 3384248  3 117020356 459314 2.8 29 10 1 2 45% 345124 1460 56%
c s 38641.15 290 18 566 3398110  2 117244669 646932 2.8 29 10 1 2 45% 345124 1460 56%
c s 38642.74 290 18 566 3398110  2 117244669 646855 2.8 29 10 1 2 45% 345124 1460 56%
c B 38713.41 290 19 566 3406737  3 117371107 753628 2.8 29 10 1 2 45% 345124 1460 56%
c - 38753.73 290 19 567 3410910  3 117436285 477240 2.8 29 10 1 2 45% 345124 1460 56%
c 
c   seconds      reductions        conflicts           size   tier2       variables
c             MB        restarts           redundant      glue   trail         remaining
c              level           rate              size/glue  tier1  irredundant
c 
c p 38753.88 290 19 567 3410910  3 117436285 477382 2.8 29 10 1 2 45% 345124 1460 56%
c u 38756.22 290 19 567 3410910  3 117436285 473312 2.8 29 10 1 2 45% 345124 1460 56%
c v 38759.49 290 19 567 3410910  3 117436285 469380 2.8 29 10 1 2 45% 345124 1460 56%
c w 38759.50 290 19 567 3410910  3 117436285 469380 2.8 29 10 1 2 45% 345124 1460 56%
c } 38844.16 290 19 567 3423036  3 117622135 627889 2.8 29 10 1 2 46% 345124 1460 56%
c [ 38844.16 290 43 567 3423036  1 117622135 627889 1.9 50 26 1 2 41% 345124 1460 56%
c - 38931.33 291 28 568 3423045  1 117852953 477663 2.2 40 18 1 2 41% 345124 1460 56%
c p 38931.48 291 28 568 3423045  1 117852953 477800 2.2 40 18 1 2 41% 345124 1460 56%
c u 38934.03 291 28 568 3423045  1 117852953 473803 2.2 40 18 1 2 41% 345124 1460 56%
c v 38937.12 291 28 568 3423045  1 117852953 469566 2.2 40 18 1 2 41% 345124 1460 56%
c w 38937.14 291 28 568 3423045  1 117852953 469565 2.2 40 18 1 2 41% 345124 1460 56%
c O 38938.02 291 28 568 3423048  1 117856112 472233 2.2 40 18 1 2 41% 345124 1460 56%
c - 39095.31 290 34 569 3423165  1 118270360 471632 2.3 45 19 1 2 48% 345124 1460 56%
c p 39095.47 290 34 569 3423165  1 118270360 471773 2.3 45 19 1 2 48% 345124 1460 56%
c u 39098.39 290 34 569 3423165  1 118270360 467536 2.3 45 19 1 2 48% 345124 1460 56%
c v 39101.62 290 34 569 3423165  1 118270360 463050 2.3 45 19 1 2 48% 345124 1460 56%
c w 39101.64 290 34 569 3423165  1 118270360 463049 2.3 45 19 1 2 48% 345124 1460 56%
c B 39124.79 290 29 569 3423182  1 118342113 526474 2.5 42 17 1 2 47% 345124 1460 56%
c - 39242.60 289 30 570 3423291  1 118688506 458624 2.3 42 18 1 2 51% 345124 1460 56%
c p 39242.75 289 30 570 3423291  1 118688506 458771 2.3 42 18 1 2 51% 345124 1460 56%
c 
c   seconds      reductions        conflicts           size   tier2       variables
c             MB        restarts           redundant      glue   trail         remaining
c              level           rate              size/glue  tier1  irredundant
c 
c u 39244.75 289 30 570 3423291  1 118688506 454381 2.3 42 18 1 2 51% 345124 1460 56%
c v 39244.76 289 30 570 3423291  1 118688506 454379 2.3 42 18 1 2 51% 345124 1460 56%
c W 39325.71 289 27 570 3423293  1 118829116 576194 2.2 37 16 1 2 49% 345124 1460 56%
c ] 39373.47 289 56 570 3423294  1 118989466 721621 1.9 56 30 1 2 49% 345124 1460 56%
c { 39373.47 289 19 570 3423294  3 118989466 721621 2.8 29 10 1 2 46% 345124 1460 56%
c - 39463.24 290 19 571 3430476  3 119107390 461514 2.8 29 10 1 2 45% 345124 1460 56%
c p 39463.39 290 19 571 3430476  3 119107390 461657 2.8 29 10 1 2 45% 345124 1460 56%
c u 39465.45 290 19 571 3430476  3 119107390 457434 2.8 29 10 1 2 45% 345124 1460 56%
c v 39466.20 290 19 571 3430476  3 119107390 456171 2.8 29 10 1 2 45% 345124 1460 56%
c w 39466.21 290 19 571 3430476  3 119107390 456171 2.8 29 10 1 2 45% 345124 1460 56%
c W 39570.78 290 18 571 3443953  3 119317119 633006 2.7 28 10 1 2 44% 345124 1460 56%
c - 39691.11 291 19 572 3457466  3 119527016 474874 2.7 29 10 1 2 45% 345124 1460 56%
c p 39691.28 291 19 572 3457466  3 119527016 475022 2.7 29 10 1 2 45% 345124 1460 56%
c u 39694.53 291 19 572 3457466  3 119527016 471038 2.7 29 10 1 2 45% 345124 1460 56%
c v 39698.20 291 19 572 3457466  3 119527016 466984 2.7 29 10 1 2 45% 345124 1460 56%
c w 39698.21 291 19 572 3457466  3 119527016 466984 2.7 29 10 1 2 45% 345124 1460 56%
c s 39732.79 291 19 572 3462441  3 119608991 536391 2.7 29 11 1 2 45% 345124 1460 56%
c s 39733.42 291 19 572 3462441  3 119608991 536351 2.7 29 11 1 2 45% 345124 1460 56%
c # 39829.39 291 19 572 3474612  3 119806120 701562 2.8 29 10 1 2 45% 345124 1460 56%
c - 39914.57 291 18 573 3483372  2 119947377 485929 2.7 28 10 1 2 45% 345124 1460 56%
c 
c   seconds      reductions        conflicts           size   tier2       variables
c             MB        restarts           redundant      glue   trail         remaining
c              level           rate              size/glue  tier1  irredundant
c 
c p 39914.73 291 18 573 3483372  2 119947377 486083 2.7 28 10 1 2 45% 345124 1460 56%
c u 39917.72 291 18 573 3483372  2 119947377 481976 2.7 28 10 1 2 45% 345124 1460 56%
c v 39921.54 291 18 573 3483372  2 119947377 477882 2.7 28 10 1 2 45% 345124 1460 56%
c } 40013.96 291 18 573 3496010  3 120144030 643510 2.8 29 10 1 2 45% 345124 1460 56%
c [ 40013.96 291 56 573 3496010  1 120144030 643510 1.9 56 30 1 2 49% 345124 1460 56%
c I 40061.53 291 34 573 3496010  1 120296125 777531 2.4 44 19 1 2 44% 345124 1460 56%
c - 40088.02 292 37 574 3496011  1 120368485 489381 2.1 44 21 1 2 42% 345124 1460 56%
c p 40088.18 292 37 574 3496011  1 120368485 489531 2.1 44 21 1 2 42% 345124 1460 56%
c u 40091.04 292 37 574 3496011  1 120368485 485219 2.1 44 21 1 2 42% 345124 1460 56%
c v 40094.87 292 37 574 3496011  1 120368485 481265 2.1 44 21 1 2 42% 345124 1460 56%
c w 40094.88 292 37 574 3496011  1 120368485 481265 2.1 44 21 1 2 42% 345124 1460 56%
c B 40253.49 292 47 574 3496011  1 120787128 819434 1.8 53 29 1 2 41% 345124 1460 56%
c - 40254.85 290 47 575 3496011  1 120790322 469852 1.8 53 29 1 2 42% 345124 1460 56%
c p 40255.01 290 47 575 3496011  1 120790322 470001 1.8 53 29 1 2 42% 345124 1460 56%
c u 40257.65 290 47 575 3496011  1 120790322 465921 1.8 53 29 1 2 42% 345124 1460 56%
c w 40257.66 290 47 575 3496011  1 120790322 465920 1.8 53 29 1 2 42% 345124 1460 56%
c - 40405.49 289 30 576 3496012  1 121212898 457830 2.5 43 17 1 2 51% 345124 1460 56%
c p 40405.63 289 30 576 3496012  1 121212898 457979 2.5 43 17 1 2 51% 345124 1460 56%
c u 40407.80 289 30 576 3496012  1 121212898 453806 2.5 43 17 1 2 51% 345124 1460 56%
c v 40407.82 289 30 576 3496012  1 121212898 453805 2.5 43 17 1 2 51% 345124 1460 56%
c 
c   seconds      reductions        conflicts           size   tier2       variables
c             MB        restarts           redundant      glue   trail         remaining
c              level           rate              size/glue  tier1  irredundant
c 
c w 40407.83 289 30 576 3496012  1 121212898 453805 2.5 43 17 1 2 51% 345124 1460 56%
c W 40452.64 289 29 576 3496012  1 121279130 510965 2.6 42 16 1 2 49% 345124 1460 56%
c ] 40547.13 289 39 576 3496012  1 121558995 761644 2.2 47 21 1 2 51% 345124 1460 56%
c { 40547.13 289 18 576 3496012  3 121558995 761644 2.8 29 10 1 2 45% 345124 1460 56%
c - 40604.35 289 19 577 3501945  3 121636211 461209 2.7 29 11 1 2 45% 345124 1460 56%
c p 40604.52 289 19 577 3501945  3 121636211 461356 2.7 29 11 1 2 45% 345124 1460 56%
c u 40612.60 289 19 577 3501945  3 121636211 457057 2.7 29 11 1 2 45% 345124 1460 56%
c v 40613.64 289 19 577 3501945  3 121636211 455444 2.7 29 11 1 2 45% 345124 1460 56%
c w 40613.65 289 19 577 3501945  3 121636211 455444 2.7 29 11 1 2 45% 345124 1460 56%
c B 40669.68 289 19 577 3510653  3 121772132 571355 2.8 29 11 1 2 45% 345124 1460 56%
c s 40740.69 289 19 577 3519225  3 121916518 692936 2.8 29 10 1 2 45% 345124 1460 56%
c s 40741.57 289 19 577 3519225  3 121916518 692871 2.8 29 10 1 2 45% 345124 1460 56%
c - 40824.91 290 18 578 3528033  2 122060266 475800 2.8 29 10 1 2 45% 345124 1460 56%
c p 40825.04 290 18 578 3528033  2 122060266 475948 2.8 29 10 1 2 45% 345124 1460 56%
c u 40827.50 290 18 578 3528033  2 122060266 471930 2.8 29 10 1 2 45% 345124 1460 56%
c v 40830.68 290 18 578 3528033  2 122060266 468347 2.8 29 10 1 2 45% 345124 1460 56%
c w 40830.69 290 18 578 3528033  2 122060266 468347 2.8 29 10 1 2 45% 345124 1460 56%
c W 40936.73 290 19 578 3541400  3 122266133 642464 2.8 29 10 1 2 45% 345124 1460 56%
c - 41066.12 291 19 579 3555966  3 122485058 488324 2.7 28 10 1 2 45% 345124 1460 56%
c p 41066.28 291 19 579 3555966  3 122485058 488467 2.7 28 10 1 2 45% 345124 1460 56%
c 
c   seconds      reductions        conflicts           size   tier2       variables
c             MB        restarts           redundant      glue   trail         remaining
c              level           rate              size/glue  tier1  irredundant
c 
c u 41069.14 291 19 579 3555966  3 122485058 484422 2.7 28 10 1 2 45% 345124 1460 56%
c v 41073.20 291 19 579 3555966  3 122485058 480403 2.7 28 10 1 2 45% 345124 1460 56%
c w 41073.21 291 19 579 3555966  3 122485058 480403 2.7 28 10 1 2 45% 345124 1460 56%
c } 41200.53 291 19 579 3572694  3 122751754 705026 2.8 29 11 1 2 45% 345124 1460 56%
c [ 41200.53 291 39 579 3572694  1 122751754 705026 2.2 47 21 1 2 51% 345124 1460 56%
c O 41203.90 291 37 579 3572694  1 122761134 713193 2.2 46 20 1 2 51% 345124 1460 56%
c - 41260.06 292 26 580 3572694  1 122910588 493160 2.6 40 16 1 2 45% 345124 1460 56%
c p 41260.20 292 26 580 3572694  1 122910588 493306 2.6 40 16 1 2 45% 345124 1460 56%
c u 41263.39 292 26 580 3572694  1 122910588 489055 2.6 40 16 1 2 45% 345124 1460 56%
c v 41267.06 292 26 580 3572694  1 122910588 485171 2.6 40 16 1 2 45% 345124 1460 56%
c w 41267.08 292 26 580 3572694  1 122910588 485171 2.6 40 16 1 2 45% 345124 1460 56%
c B 41376.94 292 38 580 3572753  1 123257135 782989 2.1 49 23 1 2 42% 345124 1460 56%
c - 41425.57 291 37 581 3572768  1 123336857 482876 2.0 47 23 1 2 41% 345124 1460 56%
c p 41425.72 291 37 581 3572768  1 123336857 483018 2.0 47 23 1 2 41% 345124 1460 56%
c u 41428.91 291 37 581 3572768  1 123336857 478778 2.0 47 23 1 2 41% 345124 1460 56%
c v 41432.05 291 37 581 3572768  1 123336857 474292 2.0 47 23 1 2 41% 345124 1460 56%
c w 41432.07 291 37 581 3572768  1 123336857 474290 2.0 47 23 1 2 41% 345124 1460 56%
c s 41554.41 291 27 581 3572852  1 123666992 758570 2.4 40 17 1 2 46% 345124 1460 56%
c s 41555.73 291 27 581 3572852  1 123666992 758260 2.4 40 17 1 2 46% 345124 1460 56%
c W 41619.06 291 30 581 3572884  1 123754136 832262 2.5 42 17 1 2 49% 345124 1460 56%
c 
c   seconds      reductions        conflicts           size   tier2       variables
c             MB        restarts           redundant      glue   trail         remaining
c              level           rate              size/glue  tier1  irredundant
c 
c - 41622.86 290 33 582 3572884  1 123763864 465601 2.5 43 18 1 2 49% 345124 1460 56%
c p 41623.01 290 33 582 3572884  1 123763864 465749 2.5 43 18 1 2 49% 345124 1460 56%
c u 41626.35 290 33 582 3572884  1 123763864 461574 2.5 43 18 1 2 49% 345124 1460 56%
c v 41626.36 290 33 582 3572884  1 123763864 461574 2.5 43 18 1 2 49% 345124 1460 56%
c w 41626.38 290 33 582 3572884  1 123763864 461568 2.5 43 18 1 2 49% 345124 1460 56%
c ] 41758.63 290 33 582 3572949  1 124135766 784172 2.5 45 18 1 2 52% 345124 1460 56%
c { 41758.63 290 19 582 3572949  3 124135766 784172 2.8 29 11 1 2 45% 345124 1460 56%
c - 41804.51 290 19 583 3577106  3 124191610 467231 2.7 29 11 1 2 45% 345124 1460 56%
c p 41804.65 290 19 583 3577106  3 124191610 467378 2.7 29 11 1 2 45% 345124 1460 56%
c u 41807.72 290 19 583 3577106  3 124191610 463218 2.7 29 11 1 2 45% 345124 1460 56%
c v 41807.73 290 19 583 3577106  3 124191610 463218 2.7 29 11 1 2 45% 345124 1460 56%
c w 41807.74 290 19 583 3577106  3 124191610 463218 2.7 29 11 1 2 45% 345124 1460 56%
c F 41831.58 290 19 583 3580564  3 124252140 513768 2.8 29 11 1 2 45% 345124 1460 56%
c - 42021.80 291 19 584 3603802  3 124620096 480254 2.8 29 11 1 2 46% 345124 1460 56%
c p 42021.96 291 19 584 3603802  3 124620096 480401 2.8 29 11 1 2 46% 345124 1460 56%
c u 42024.94 291 19 584 3603802  3 124620096 476479 2.8 29 11 1 2 46% 345124 1460 56%
c v 42027.88 291 19 584 3603802  3 124620096 471977 2.8 29 11 1 2 46% 345124 1460 56%
c B 42080.80 291 19 584 3611623  3 124751142 582499 2.8 29 11 1 2 46% 345124 1460 56%
c - 42243.05 292 19 585 3629404  3 125049318 492453 2.8 29 10 1 2 46% 345124 1460 56%
c p 42243.20 292 19 585 3629404  3 125049318 492601 2.8 29 10 1 2 46% 345124 1460 56%
c 
c   seconds      reductions        conflicts           size   tier2       variables
c             MB        restarts           redundant      glue   trail         remaining
c              level           rate              size/glue  tier1  irredundant
c 
c u 42246.22 292 19 585 3629404  3 125049318 488371 2.8 29 10 1 2 46% 345124 1460 56%
c v 42249.51 292 19 585 3629404  3 125049318 484516 2.8 29 10 1 2 46% 345124 1460 56%
c w 42249.52 292 19 585 3629404  3 125049318 484516 2.8 29 10 1 2 46% 345124 1460 56%
c W 42361.38 292 18 585 3641313  2 125251143 652850 2.8 29 11 1 2 46% 345124 1460 56%
c } 42419.85 292 19 585 3648330  3 125360071 744409 2.7 29 11 1 2 45% 345124 1460 56%
c [ 42419.85 292 33 585 3648330  1 125360071 744409 2.5 45 18 1 2 52% 345124 1460 56%
c - 42459.22 292 33 586 3648361  1 125479282 498292 2.5 43 17 1 2 49% 345124 1460 56%
c p 42459.38 292 33 586 3648361  1 125479282 498437 2.5 43 17 1 2 49% 345124 1460 56%
c u 42462.90 292 33 586 3648361  1 125479282 494184 2.5 43 17 1 2 49% 345124 1460 56%
c v 42466.74 292 33 586 3648361  1 125479282 490297 2.5 43 17 1 2 49% 345124 1460 56%
c w 42466.76 292 33 586 3648361  1 125479282 490296 2.5 43 17 1 2 49% 345124 1460 56%
c I 42562.67 292 27 586 3648454  1 125752145 727494 2.6 41 15 1 2 47% 345124 1460 56%
c - 42618.87 292 38 587 3648473  1 125909981 494520 2.0 45 22 1 2 41% 345124 1460 56%
c p 42619.04 292 38 587 3648473  1 125909981 494665 2.0 45 22 1 2 41% 345124 1460 56%
c u 42621.81 292 38 587 3648473  1 125909981 490233 2.0 45 22 1 2 41% 345124 1460 56%
c v 42625.24 292 38 587 3648473  1 125909981 485708 2.0 45 22 1 2 41% 345124 1460 56%
c w 42625.25 292 38 587 3648473  1 125909981 485708 2.0 45 22 1 2 41% 345124 1460 56%
c B 42749.28 292 39 587 3648583  1 126254146 765007 2.0 48 24 1 2 42% 345124 1460 56%
c - 42782.85 290 44 588 3648584  1 126341419 470998 2.1 52 24 1 2 47% 345124 1460 56%
c p 42783.00 290 44 588 3648584  1 126341419 471144 2.1 52 24 1 2 47% 345124 1460 56%
c 
c   seconds      reductions        conflicts           size   tier2       variables
c             MB        restarts           redundant      glue   trail         remaining
c              level           rate              size/glue  tier1  irredundant
c 
c u 42786.15 290 44 588 3648584  1 126341419 466744 2.1 52 24 1 2 47% 345124 1460 56%
c v 42786.16 290 44 588 3648584  1 126341419 466744 2.1 52 24 1 2 47% 345124 1460 56%
c w 42786.17 290 44 588 3648584  1 126341419 466743 2.1 52 24 1 2 47% 345124 1460 56%
c W 42966.75 290 38 588 3648596  1 126757148 818728 2.1 50 24 1 2 41% 345124 1460 56%
c - 42977.38 289 38 589 3648601  1 126773599 462423 2.1 50 24 1 2 40% 345124 1460 56%
c p 42977.52 289 38 589 3648601  1 126773599 462571 2.1 50 24 1 2 40% 345124 1460 56%
c u 42980.01 289 38 589 3648601  1 126773599 458569 2.1 50 24 1 2 40% 345124 1460 56%
c v 42980.03 289 38 589 3648601  1 126773599 458560 2.1 50 24 1 2 40% 345124 1460 56%
c w 42980.04 289 38 589 3648601  1 126773599 458560 2.1 50 24 1 2 40% 345124 1460 56%
c ] 42990.65 289 37 589 3648617  1 126816505 493942 2.1 48 23 1 2 39% 345124 1460 56%
c { 42990.65 289 19 589 3648617  3 126816505 493942 2.7 29 11 1 2 45% 345124 1460 56%
c s 43023.27 289 19 589 3652519  3 126881209 548137 2.8 29 10 1 2 45% 345124 1460 56%
c s 43023.67 289 19 589 3652519  3 126881209 548128 2.8 29 10 1 2 45% 345124 1460 56%
c - 43213.29 290 18 590 3672416  2 127206514 475758 2.7 28 10 1 2 45% 345124 1460 56%
c p 43213.44 290 18 590 3672416  2 127206514 475912 2.7 28 10 1 2 45% 345124 1460 56%
c u 43216.33 290 18 590 3672416  2 127206514 471816 2.7 28 10 1 2 45% 345124 1460 56%
c v 43219.16 290 18 590 3672416  2 127206514 467576 2.7 28 10 1 2 45% 345124 1460 56%
c # 43239.76 290 18 590 3675850  3 127261150 513096 2.8 29 10 1 2 46% 345124 1460 56%
c - 43438.63 291 19 591 3699737  3 127640167 490870 2.7 28 11 1 2 45% 345124 1460 56%
c p 43438.77 291 19 591 3699737  3 127640167 491023 2.7 28 11 1 2 45% 345124 1460 56%
c 
c   seconds      reductions        conflicts           size   tier2       variables
c             MB        restarts           redundant      glue   trail         remaining
c              level           rate              size/glue  tier1  irredundant
c 
c u 43441.50 291 19 591 3699737  3 127640167 486741 2.7 28 11 1 2 45% 345124 1460 56%
c v 43445.22 291 19 591 3699737  3 127640167 483154 2.7 28 11 1 2 45% 345124 1460 56%
c B 43499.75 291 19 591 3706818  3 127766152 589355 2.8 29 10 1 2 45% 345124 1460 56%
c } 43645.47 291 19 591 3723465  3 128034671 814736 2.8 29 10 1 2 45% 345124 1460 56%
c [ 43645.47 291 37 591 3723465  1 128034671 814736 2.1 48 23 1 2 39% 345124 1460 56%
c - 43659.85 292 34 592 3723480  1 128074560 499124 2.2 45 21 1 2 42% 345124 1460 56%
c p 43660.04 292 34 592 3723480  1 128074560 499267 2.2 45 21 1 2 42% 345124 1460 56%
c u 43663.30 292 34 592 3723480  1 128074560 495144 2.2 45 21 1 2 42% 345124 1460 56%
c v 43667.67 292 34 592 3723480  1 128074560 491502 2.2 45 21 1 2 42% 345124 1460 56%
c w 43667.69 292 34 592 3723480  1 128074560 491502 2.2 45 21 1 2 42% 345124 1460 56%
c O 43728.80 292 37 592 3723543  1 128272154 654800 2.0 45 22 1 2 41% 345124 1460 56%
c - 43823.24 292 31 593 3723593  1 128509691 497031 2.5 45 18 1 2 48% 345124 1460 56%
c p 43823.40 292 31 593 3723593  1 128509691 497180 2.5 45 18 1 2 48% 345124 1460 56%
c u 43826.15 292 31 593 3723593  1 128509691 492793 2.5 45 18 1 2 48% 345124 1460 56%
c v 43829.80 292 31 593 3723593  1 128509691 488719 2.5 45 18 1 2 48% 345124 1460 56%
c w 43829.81 292 31 593 3723593  1 128509691 488719 2.5 45 18 1 2 48% 345124 1460 56%
c s 43881.87 292 35 593 3723642  1 128663221 622283 2.2 44 19 1 2 48% 345124 1460 56%
c s 43882.77 292 35 593 3723642  1 128663221 622214 2.2 44 19 1 2 48% 345124 1460 56%
c B 43932.34 292 31 593 3723686  1 128779155 720600 2.4 43 18 1 2 48% 345124 1460 56%
c - 44002.64 291 35 594 3723689  1 128945560 481767 2.5 44 18 1 2 53% 345124 1460 56%
c 
c   seconds      reductions        conflicts           size   tier2       variables
c             MB        restarts           redundant      glue   trail         remaining
c              level           rate              size/glue  tier1  irredundant
c 
c p 44002.78 291 35 594 3723689  1 128945560 481921 2.5 44 18 1 2 53% 345124 1460 56%
c u 44005.62 291 35 594 3723689  1 128945560 477467 2.5 44 18 1 2 53% 345124 1460 56%
c v 44005.63 291 35 594 3723689  1 128945560 477466 2.5 44 18 1 2 53% 345124 1460 56%
c w 44005.64 291 35 594 3723689  1 128945560 477465 2.5 44 18 1 2 53% 345124 1460 56%
c W 44169.86 291 37 594 3723782  1 129287161 767069 2.0 46 23 1 2 42% 345124 1460 56%
c - 44214.87 290 40 595 3723814  1 129382168 472716 2.0 48 25 1 2 41% 345124 1460 56%
c p 44215.02 290 40 595 3723814  1 129382168 472865 2.0 48 25 1 2 41% 345124 1460 56%
c u 44217.96 290 40 595 3723814  1 129382168 468799 2.0 48 25 1 2 41% 345124 1460 56%
c v 44217.97 290 40 595 3723814  1 129382168 468799 2.0 48 25 1 2 41% 345124 1460 56%
c w 44217.97 290 40 595 3723814  1 129382168 468799 2.0 48 25 1 2 41% 345124 1460 56%
c ] 44230.25 290 38 595 3723816  1 129441974 519436 2.1 47 23 1 2 41% 345124 1460 56%
c { 44230.25 290 19 595 3723816  3 129441974 519436 2.8 29 10 1 2 45% 345124 1460 56%
c W 44446.29 290 19 595 3746183  3 129796163 817443 2.8 29 11 1 2 46% 345124 1460 56%
c - 44462.44 291 19 596 3747568  3 129819515 485296 2.7 29 11 1 2 45% 345124 1460 56%
c p 44462.58 291 19 596 3747568  3 129819515 485445 2.7 29 11 1 2 45% 345124 1460 56%
c u 44465.57 291 19 596 3747568  3 129819515 481329 2.7 29 11 1 2 45% 345124 1460 56%
c v 44468.63 291 19 596 3747568  3 129819515 476994 2.7 29 11 1 2 45% 345124 1460 56%
c w 44468.65 291 19 596 3747568  3 129819515 476994 2.7 29 11 1 2 45% 345124 1460 56%
c - 44704.67 292 18 597 3775599  3 130257600 500657 2.7 28 10 1 2 45% 345124 1460 56%
c p 44704.84 292 18 597 3775599  3 130257600 500804 2.7 28 10 1 2 45% 345124 1460 56%
c 
c   seconds      reductions        conflicts           size   tier2       variables
c             MB        restarts           redundant      glue   trail         remaining
c              level           rate              size/glue  tier1  irredundant
c 
c u 44708.23 292 18 597 3775599  3 130257600 496684 2.7 28 10 1 2 45% 345124 1460 56%
c v 44712.00 292 18 597 3775599  3 130257600 493156 2.7 28 10 1 2 45% 345124 1460 56%
c F 44732.56 292 18 597 3778433  3 130306165 533282 2.7 28 10 1 2 45% 345124 1460 56%
c s 44848.60 292 19 597 3792683  3 130529043 720944 2.7 29 10 1 2 45% 345124 1460 56%
c s 44849.58 292 19 597 3792683  3 130529043 720842 2.7 29 10 1 2 45% 345124 1460 56%
c } 44926.77 292 19 597 3800619  3 130655536 826620 2.7 29 11 1 2 46% 345124 1460 56%
c [ 44926.77 292 38 597 3800619  1 130655536 826620 2.1 47 23 1 2 41% 345124 1460 56%
c - 44942.17 293 38 598 3800619  1 130696425 509737 2.2 46 21 1 2 43% 345124 1460 56%
c p 44942.34 293 38 598 3800619  1 130696425 509886 2.2 46 21 1 2 43% 345124 1460 56%
c u 44945.36 293 38 598 3800619  1 130696425 505736 2.2 46 21 1 2 43% 345124 1460 56%
c v 44949.74 293 38 598 3800619  1 130696425 502174 2.2 46 21 1 2 43% 345124 1460 56%
c w 44949.75 293 38 598 3800619  1 130696425 502173 2.2 46 21 1 2 43% 345124 1460 56%
c I 44983.28 293 29 598 3800665  1 130817168 609460 2.6 43 17 1 2 45% 345124 1460 56%
c - 45098.82 292 38 599 3800746  1 131135987 502665 2.1 48 23 1 2 41% 345124 1460 56%
c p 45098.98 292 38 599 3800746  1 131135987 502810 2.1 48 23 1 2 41% 345124 1460 56%
c u 45102.66 292 38 599 3800746  1 131135987 498483 2.1 48 23 1 2 41% 345124 1460 56%
c v 45106.25 292 38 599 3800746  1 131135987 493952 2.1 48 23 1 2 41% 345124 1460 56%
c w 45106.27 292 38 599 3800746  1 131135987 493951 2.1 48 23 1 2 41% 345124 1460 56%
c B 45158.24 292 36 599 3800748  1 131329169 653754 2.1 45 22 1 2 40% 345124 1460 56%
c - 45254.64 291 43 600 3800749  1 131576288 481811 1.9 48 25 1 2 38% 345124 1460 56%
c 
c   seconds      reductions        conflicts           size   tier2       variables
c             MB        restarts           redundant      glue   trail         remaining
c              level           rate              size/glue  tier1  irredundant
c 
c p 45254.79 291 43 600 3800749  1 131576288 481956 1.9 48 25 1 2 38% 345124 1460 56%
c u 45258.35 291 43 600 3800749  1 131576288 477680 1.9 48 25 1 2 38% 345124 1460 56%
c v 45258.36 291 43 600 3800749  1 131576288 477678 1.9 48 25 1 2 38% 345124 1460 56%
c w 45258.37 291 43 600 3800749  1 131576288 477678 1.9 48 25 1 2 38% 345124 1460 56%
c W 45384.29 291 34 600 3800749  1 131842171 707453 2.2 45 21 1 2 40% 345124 1460 56%
c - 45451.87 291 39 601 3800749  1 132017328 477294 2.1 48 23 1 2 39% 345124 1460 56%
c p 45452.00 291 39 601 3800749  1 132017328 477434 2.1 48 23 1 2 39% 345124 1460 56%
c u 45455.13 291 39 601 3800749  1 132017328 473210 2.1 48 23 1 2 39% 345124 1460 56%
c v 45455.14 291 39 601 3800749  1 132017328 473203 2.1 48 23 1 2 39% 345124 1460 56%
c w 45455.15 291 39 601 3800749  1 132017328 473200 2.1 48 23 1 2 39% 345124 1460 56%
c ] 45495.71 291 40 601 3800779  1 132161998 597529 2.0 47 23 1 2 39% 345124 1460 56%
c { 45495.71 291 19 601 3800779  3 132161998 597529 2.7 29 11 1 2 46% 345124 1460 56%
c s 45617.12 291 18 601 3811723  3 132342600 749016 2.7 28 10 1 2 45% 345124 1460 56%
c s 45618.56 291 18 601 3811723  3 132342600 748946 2.7 28 10 1 2 45% 345124 1460 56%
c B 45629.45 291 19 601 3812832  3 132356175 760431 2.7 28 10 1 2 45% 345124 1460 56%
c - 45709.25 291 19 602 3819254  3 132459107 490184 2.8 29 10 1 2 45% 345124 1460 56%
c p 45709.42 291 19 602 3819254  3 132459107 490326 2.8 29 10 1 2 45% 345124 1460 56%
c u 45713.21 291 19 602 3819254  3 132459107 486250 2.8 29 10 1 2 45% 345124 1460 56%
c v 45717.37 291 19 602 3819254  3 132459107 482877 2.8 29 10 1 2 45% 345124 1460 56%
c W 45947.92 291 18 602 3844543  3 132871178 828808 2.8 29 11 1 2 45% 345124 1460 56%
c 
c   seconds      reductions        conflicts           size   tier2       variables
c             MB        restarts           redundant      glue   trail         remaining
c              level           rate              size/glue  tier1  irredundant
c 
c - 45969.17 292 18 603 3846258  2 132901625 504793 2.8 29 11 1 2 45% 345124 1460 56%
c p 45969.34 292 18 603 3846258  2 132901625 504940 2.8 29 11 1 2 45% 345124 1460 56%
c u 45972.82 292 18 603 3846258  2 132901625 500566 2.8 29 11 1 2 45% 345124 1460 56%
c v 45977.66 292 18 603 3846258  2 132901625 497066 2.8 29 11 1 2 45% 345124 1460 56%
c - 46217.84 293 18 604 3873320  3 133344880 512992 2.7 28 10 1 2 45% 345124 1460 56%
c p 46218.01 293 18 604 3873320  3 133344880 513131 2.7 28 10 1 2 45% 345124 1460 56%
c u 46221.44 293 18 604 3873320  3 133344880 508951 2.7 28 10 1 2 45% 345124 1460 56%
c v 46225.82 293 18 604 3873320  3 133344880 505231 2.7 28 10 1 2 45% 345124 1460 56%
c w 46225.83 293 18 604 3873320  3 133344880 505231 2.7 28 10 1 2 45% 345124 1460 56%
c } 46234.32 293 18 604 3874723  3 133364025 521136 2.7 29 11 1 2 45% 345124 1460 56%
c [ 46234.32 293 40 604 3874723  1 133364025 521136 2.0 47 23 1 2 39% 345124 1460 56%
c O 46240.60 293 37 604 3874724  1 133387182 541084 2.1 45 21 1 2 40% 345124 1460 56%
c - 46400.34 293 29 605 3874831  1 133788877 511258 2.4 41 17 1 2 47% 345124 1460 56%
c p 46400.49 293 29 605 3874831  1 133788877 511398 2.4 41 17 1 2 47% 345124 1460 56%
c u 46408.20 293 29 605 3874831  1 133788877 507172 2.4 41 17 1 2 47% 345124 1460 56%
c v 46411.43 293 29 605 3874831  1 133788877 502873 2.4 41 17 1 2 47% 345124 1460 56%
c w 46411.44 293 29 605 3874831  1 133788877 502872 2.4 41 17 1 2 47% 345124 1460 56%
c B 46449.97 293 30 605 3874876  1 133904185 600174 2.3 42 18 1 2 48% 345124 1460 56%
c s 46553.48 293 29 605 3874947  1 134171921 826532 2.3 40 18 1 2 47% 345124 1460 56%
c s 46554.14 293 29 605 3874947  1 134171921 826524 2.3 40 18 1 2 47% 345124 1460 56%
c 
c   seconds      reductions        conflicts           size   tier2       variables
c             MB        restarts           redundant      glue   trail         remaining
c              level           rate              size/glue  tier1  irredundant
c 
c - 46592.81 292 35 606 3874947  1 134233610 493468 2.1 43 21 1 2 48% 345124 1460 56%
c p 46592.95 292 35 606 3874947  1 134233610 493607 2.1 43 21 1 2 48% 345124 1460 56%
c u 46596.31 292 35 606 3874947  1 134233610 489509 2.1 43 21 1 2 48% 345124 1460 56%
c v 46596.32 292 35 606 3874947  1 134233610 489509 2.1 43 21 1 2 48% 345124 1460 56%
c w 46596.33 292 35 606 3874947  1 134233610 489509 2.1 43 21 1 2 48% 345124 1460 56%
c W 46680.72 292 33 606 3874974  1 134422190 654821 2.3 42 18 1 2 50% 345124 1460 56%
c - 46771.86 290 43 607 3875056  1 134679086 478893 1.8 47 25 1 2 42% 345124 1460 56%
c p 46771.99 290 43 607 3875056  1 134679086 479038 1.8 47 25 1 2 42% 345124 1460 56%
c u 46774.90 290 43 607 3875056  1 134679086 474963 1.8 47 25 1 2 42% 345124 1460 56%
c v 46774.92 290 43 607 3875056  1 134679086 474959 1.8 47 25 1 2 42% 345124 1460 56%
c w 46774.93 290 43 607 3875056  1 134679086 474959 1.8 47 25 1 2 42% 345124 1460 56%
c ] 46833.13 290 41 607 3875105  1 134901438 659567 1.8 45 25 1 2 40% 345124 1460 56%
c { 46833.13 290 18 607 3875105  3 134901438 659567 2.7 29 11 1 2 45% 345124 1460 56%
c # 46858.15 290 18 607 3877163  2 134941191 693137 2.8 29 10 1 2 45% 345124 1460 56%
c - 46988.29 291 18 608 3888621  3 135125296 484875 2.7 28 10 1 2 45% 345124 1460 56%
c p 46988.45 291 18 608 3888621  3 135125296 485016 2.7 28 10 1 2 45% 345124 1460 56%
c u 46991.51 291 18 608 3888621  3 135125296 480782 2.7 28 10 1 2 45% 345124 1460 56%
c v 46993.15 291 18 608 3888621  3 135125296 478206 2.7 28 10 1 2 45% 345124 1460 56%
c w 46993.16 291 18 608 3888621  3 135125296 478206 2.7 28 10 1 2 45% 345124 1460 56%
c B 47162.04 291 18 608 3910297  3 135461192 759610 2.8 29 10 1 2 46% 345124 1460 56%
c 
c   seconds      reductions        conflicts           size   tier2       variables
c             MB        restarts           redundant      glue   trail         remaining
c              level           rate              size/glue  tier1  irredundant
c 
c - 47233.15 292 18 609 3917373  3 135572245 502188 2.8 29 10 1 2 45% 345124 1460 56%
c p 47233.31 292 18 609 3917373  3 135572245 502325 2.8 29 10 1 2 45% 345124 1460 56%
c u 47236.06 292 18 609 3917373  3 135572245 498239 2.8 29 10 1 2 45% 345124 1460 56%
c v 47239.65 292 18 609 3917373  3 135572245 495724 2.8 29 10 1 2 45% 345124 1460 56%
c w 47239.67 292 18 609 3917373  3 135572245 495724 2.8 29 10 1 2 45% 345124 1460 56%
c W 47483.91 292 18 609 3942434  2 135982195 837176 2.7 28 10 1 2 45% 345124 1460 56%
c s 47507.44 292 18 609 3944710  3 136017014 866319 2.7 28 10 1 2 45% 345124 1460 56%
c s 47508.35 292 18 609 3944710  3 136017014 866271 2.7 28 10 1 2 45% 345124 1460 56%
c - 47510.99 293 18 610 3944943  3 136019932 513491 2.7 28 10 1 2 45% 345124 1460 56%
c p 47511.15 293 18 610 3944943  3 136019932 513640 2.7 28 10 1 2 45% 345124 1460 56%
c u 47513.88 293 18 610 3944943  3 136019932 509311 2.7 28 10 1 2 45% 345124 1460 56%
c v 47517.57 293 18 610 3944943  3 136019932 505297 2.7 28 10 1 2 45% 345124 1460 56%
c w 47517.58 293 18 610 3944943  3 136019932 505297 2.7 28 10 1 2 45% 345124 1460 56%
c } 47573.78 293 19 610 3952748  3 136141300 607682 2.7 29 10 1 2 45% 345124 1460 56%
c [ 47573.78 293 41 610 3952748  1 136141300 607682 1.8 45 25 1 2 40% 345124 1460 56%
c - 47716.06 293 30 611 3952844  1 136468358 515420 2.2 39 18 1 2 47% 345124 1460 56%
c p 47716.23 293 30 611 3952844  1 136468358 515566 2.2 39 18 1 2 47% 345124 1460 56%
c u 47719.47 293 30 611 3952844  1 136468358 511390 2.2 39 18 1 2 47% 345124 1460 56%
c v 47723.27 293 30 611 3952844  1 136468358 507382 2.2 39 18 1 2 47% 345124 1460 56%
c w 47723.29 293 30 611 3952844  1 136468358 507382 2.2 39 18 1 2 47% 345124 1460 56%
c 
c   seconds      reductions        conflicts           size   tier2       variables
c             MB        restarts           redundant      glue   trail         remaining
c              level           rate              size/glue  tier1  irredundant
c 
c I 47734.33 293 30 611 3952845  1 136504196 539264 2.3 39 17 1 2 48% 345124 1460 56%
c - 47889.74 292 35 612 3952847  1 136917523 499080 2.4 51 21 1 2 47% 345124 1460 56%
c p 47889.89 292 35 612 3952847  1 136917523 499221 2.4 51 21 1 2 47% 345124 1460 56%
c u 47893.43 292 35 612 3952847  1 136917523 494972 2.4 51 21 1 2 47% 345124 1460 56%
c v 47893.45 292 35 612 3952847  1 136917523 494968 2.4 51 21 1 2 47% 345124 1460 56%
c w 47893.46 292 35 612 3952847  1 136917523 494967 2.4 51 21 1 2 47% 345124 1460 56%
c B 47925.69 292 42 612 3952879  1 137027197 587065 2.0 48 25 1 2 43% 345124 1460 56%
c - 48057.36 291 29 613 3952974  1 137367425 489541 2.5 44 17 1 2 49% 345124 1460 56%
c p 48057.51 291 29 613 3952974  1 137367425 489688 2.5 44 17 1 2 49% 345124 1460 56%
c u 48060.32 291 29 613 3952974  1 137367425 485364 2.5 44 17 1 2 49% 345124 1460 56%
c v 48060.33 291 29 613 3952974  1 137367425 485364 2.5 44 17 1 2 49% 345124 1460 56%
c w 48060.36 291 29 613 3952974  1 137367425 485364 2.5 44 17 1 2 49% 345124 1460 56%
c W 48146.24 291 24 613 3953034  1 137551202 644130 2.6 40 15 1 2 46% 345124 1460 56%
c ] 48171.30 291 35 613 3953047  1 137626150 708893 2.2 45 20 1 2 42% 345124 1460 56%
c { 48171.30 291 19 613 3953047  3 137626150 708893 2.7 29 10 1 2 45% 345124 1460 56%
c - 48311.30 292 19 614 3965175  3 137818066 498217 2.7 29 11 1 2 45% 345124 1460 56%
c p 48311.46 292 19 614 3965175  3 137818066 498369 2.7 29 11 1 2 45% 345124 1460 56%
c u 48314.64 292 19 614 3965175  3 137818066 494122 2.7 29 11 1 2 45% 345124 1460 56%
c v 48318.30 292 19 614 3965175  3 137818066 490547 2.7 29 11 1 2 45% 345124 1460 56%
c F 48441.98 292 18 614 3981102  3 138076203 706384 2.7 28 10 1 2 45% 345124 1460 56%
c 
c   seconds      reductions        conflicts           size   tier2       variables
c             MB        restarts           redundant      glue   trail         remaining
c              level           rate              size/glue  tier1  irredundant
c 
c - 48555.12 292 18 615 3993208  3 138269445 509931 2.7 29 10 1 2 45% 345124 1460 56%
c p 48555.28 292 18 615 3993208  3 138269445 510076 2.7 29 10 1 2 45% 345124 1460 56%
c u 48558.03 292 18 615 3993208  3 138269445 506093 2.7 29 10 1 2 45% 345124 1460 56%
c v 48562.06 292 18 615 3993208  3 138269445 502250 2.7 29 10 1 2 45% 345124 1460 56%
c w 48562.07 292 18 615 3993208  3 138269445 502250 2.7 29 10 1 2 45% 345124 1460 56%
c B 48736.16 292 18 615 4014162  3 138602208 781068 2.7 28 10 1 2 45% 345124 1460 56%
c - 48813.48 293 18 616 4022029  3 138721565 521813 2.7 29 10 1 2 45% 345124 1460 56%
c p 48813.63 293 18 616 4022029  3 138721565 521961 2.7 29 10 1 2 45% 345124 1460 56%
c u 48816.74 293 18 616 4022029  3 138721565 517484 2.7 29 10 1 2 45% 345124 1460 56%
c v 48821.01 293 18 616 4022029  3 138721565 513592 2.7 29 10 1 2 45% 345124 1460 56%
c } 48900.65 293 18 616 4032351  3 138888490 652688 2.7 28 10 1 2 45% 345124 1460 56%
c [ 48900.65 293 35 616 4032351  1 138888490 652688 2.2 45 20 1 2 42% 345124 1460 56%
c O 48995.88 293 30 616 4032405  1 139129212 859095 2.3 41 18 1 2 48% 345124 1460 56%
c - 49014.21 293 31 617 4032406  1 139174422 523446 2.4 43 18 1 2 49% 345124 1460 56%
c p 49014.35 293 31 617 4032406  1 139174422 523595 2.4 43 18 1 2 49% 345124 1460 56%
c u 49017.42 293 31 617 4032406  1 139174422 519479 2.4 43 18 1 2 49% 345124 1460 56%
c v 49020.71 293 31 617 4032406  1 139174422 515169 2.4 43 18 1 2 49% 345124 1460 56%
c w 49020.72 293 31 617 4032406  1 139174422 515169 2.4 43 18 1 2 49% 345124 1460 56%
c - 49225.83 292 27 618 4032531  1 139628017 504692 2.2 37 17 1 2 46% 345124 1460 56%
c p 49225.98 292 27 618 4032531  1 139628017 504848 2.2 37 17 1 2 46% 345124 1460 56%
c 
c   seconds      reductions        conflicts           size   tier2       variables
c             MB        restarts           redundant      glue   trail         remaining
c              level           rate              size/glue  tier1  irredundant
c 
c u 49229.80 292 27 618 4032531  1 139628017 500627 2.2 37 17 1 2 46% 345124 1460 56%
c v 49229.81 292 27 618 4032531  1 139628017 500625 2.2 37 17 1 2 46% 345124 1460 56%
c w 49229.81 292 27 618 4032531  1 139628017 500625 2.2 37 17 1 2 46% 345124 1460 56%
c B 49235.90 292 26 618 4032532  1 139657213 525477 2.3 37 16 1 2 46% 345124 1460 56%
c - 49407.22 290 27 619 4032657  1 140082350 486223 2.4 38 16 1 2 49% 345124 1460 56%
c p 49407.36 290 27 619 4032657  1 140082350 486370 2.4 38 16 1 2 49% 345124 1460 56%
c u 49410.22 290 27 619 4032657  1 140082350 482474 2.4 38 16 1 2 49% 345124 1460 56%
c v 49410.24 290 27 619 4032657  1 140082350 482472 2.4 38 16 1 2 49% 345124 1460 56%
c w 49410.25 290 27 619 4032657  1 140082350 482472 2.4 38 16 1 2 49% 345124 1460 56%
c W 49493.69 290 28 619 4032660  1 140186214 576357 2.5 40 16 1 2 50% 345124 1460 56%
c ] 49547.50 290 40 619 4032662  1 140379835 748350 2.2 49 23 1 2 41% 345124 1460 56%
c { 49547.50 290 18 619 4032662  3 140379835 748350 2.7 28 10 1 2 45% 345124 1460 56%
c - 49692.12 291 18 620 4042706  3 140537422 493360 2.7 28 10 1 2 45% 345124 1460 56%
c p 49692.29 291 18 620 4042706  3 140537422 493502 2.7 28 10 1 2 45% 345124 1460 56%
c u 49695.29 291 18 620 4042706  3 140537422 489215 2.7 28 10 1 2 45% 345124 1460 56%
c v 49698.78 291 18 620 4042706  3 140537422 485158 2.7 28 10 1 2 45% 345124 1460 56%
c w 49698.78 291 18 620 4042706  3 140537422 485158 2.7 28 10 1 2 45% 345124 1460 56%
c W 49790.47 291 18 620 4053741  3 140716218 634093 2.7 28 10 1 2 45% 345124 1460 56%
c - 49952.42 292 19 621 4072110  3 140993235 507476 2.7 28 11 1 2 45% 345124 1460 56%
c p 49952.57 292 19 621 4072110  3 140993235 507620 2.7 28 11 1 2 45% 345124 1460 56%
c 
c   seconds      reductions        conflicts           size   tier2       variables
c             MB        restarts           redundant      glue   trail         remaining
c              level           rate              size/glue  tier1  irredundant
c 
c u 49955.07 292 19 621 4072110  3 140993235 503456 2.7 28 11 1 2 45% 345124 1460 56%
c v 49958.60 292 19 621 4072110  3 140993235 500034 2.7 28 11 1 2 45% 345124 1460 56%
c w 49958.62 292 19 621 4072110  3 140993235 500034 2.7 28 11 1 2 45% 345124 1460 56%
c s 49995.07 293 18 621 4076851  2 141082473 573443 2.7 28 10 1 2 45% 345124 1460 56%
c s 49996.30 293 18 621 4076851  2 141082473 573164 2.7 28 10 1 2 45% 345124 1460 56%
c # 50082.15 293 18 621 4087404  3 141247219 712001 2.7 28 10 1 2 45% 345124 1460 56%
c - 50209.23 293 18 622 4101305  3 141449784 519879 2.7 28 10 1 2 45% 345124 1460 56%
c p 50209.38 293 18 622 4101305  3 141449784 520029 2.7 28 10 1 2 45% 345124 1460 56%
c u 50212.47 293 18 622 4101305  3 141449784 516019 2.7 28 10 1 2 45% 345124 1460 56%
c v 50216.67 293 18 622 4101305  3 141449784 512265 2.7 28 10 1 2 45% 345124 1460 56%
c } 50310.97 293 19 622 4113505  3 141648936 680156 2.7 29 10 1 2 45% 345124 1460 56%
c [ 50310.97 293 40 622 4113505  1 141648936 680156 2.2 49 23 1 2 41% 345124 1460 56%
c I 50360.61 293 28 622 4113505  1 141779220 793132 2.5 42 16 1 2 46% 345124 1460 56%
c - 50406.08 294 36 623 4113506  1 141907073 522089 2.0 44 22 1 2 41% 345124 1460 56%
c p 50406.24 294 36 623 4113506  1 141907073 522235 2.0 44 22 1 2 41% 345124 1460 56%
c u 50409.79 294 36 623 4113506  1 141907073 518023 2.0 44 22 1 2 41% 345124 1460 56%
c v 50413.49 294 36 623 4113506  1 141907073 513778 2.0 44 22 1 2 41% 345124 1460 56%
c w 50413.50 294 36 623 4113506  1 141907073 513777 2.0 44 22 1 2 41% 345124 1460 56%
c B 50550.07 294 41 623 4113506  1 142312221 861503 2.0 51 25 1 2 41% 345124 1460 56%
c - 50584.28 293 41 624 4113506  1 142365103 507741 2.1 51 25 1 2 41% 345124 1460 56%
c 
c   seconds      reductions        conflicts           size   tier2       variables
c             MB        restarts           redundant      glue   trail         remaining
c              level           rate              size/glue  tier1  irredundant
c 
c p 50584.44 293 41 624 4113506  1 142365103 507886 2.1 51 25 1 2 41% 345124 1460 56%
c u 50587.36 293 41 624 4113506  1 142365103 503460 2.1 51 25 1 2 41% 345124 1460 56%
c v 50589.78 293 41 624 4113506  1 142365103 499868 2.1 51 25 1 2 41% 345124 1460 56%
c w 50589.81 293 41 624 4113506  1 142365103 499864 2.1 51 25 1 2 41% 345124 1460 56%
c - 50799.54 290 37 625 4113507  1 142823869 478597 2.4 46 19 1 2 44% 345124 1460 56%
c p 50799.69 290 37 625 4113507  1 142823869 478744 2.4 46 19 1 2 44% 345124 1460 56%
c u 50802.37 290 37 625 4113507  1 142823869 474479 2.4 46 19 1 2 44% 345124 1460 56%
c v 50802.38 290 37 625 4113507  1 142823869 474477 2.4 46 19 1 2 44% 345124 1460 56%
c w 50802.38 290 37 625 4113507  1 142823869 474476 2.4 46 19 1 2 44% 345124 1460 56%
c W 50840.97 290 37 625 4113507  1 142846222 495002 2.5 47 19 1 2 45% 345124 1460 56%
c s 50869.99 293 44 625 4113507  1 142959104 602123 2.5 53 21 1 2 51% 345124 1460 56%
c s 50870.59 293 44 625 4113507  1 142959104 602097 2.5 53 21 1 2 51% 345124 1460 56%
c ] 50959.69 293 32 625 4113507  1 143191938 806173 2.4 45 18 1 2 48% 345124 1460 56%
c { 50959.69 293 19 625 4113507  3 143191938 806173 2.7 29 10 1 2 45% 345124 1460 56%
c - 51035.27 294 18 626 4118598  2 143283374 483733 2.8 29 10 1 2 46% 345124 1460 56%
c p 51035.41 294 18 626 4118598  2 143283374 483879 2.8 29 10 1 2 46% 345124 1460 56%
c u 51037.97 294 18 626 4118598  2 143283374 479535 2.8 29 10 1 2 46% 345124 1460 56%
c v 51040.57 294 18 626 4118598  2 143283374 476373 2.8 29 10 1 2 46% 345124 1460 56%
c w 51040.57 294 18 626 4118598  2 143283374 476373 2.8 29 10 1 2 46% 345124 1460 56%
c B 51077.47 294 18 626 4124389  3 143381223 558844 2.8 29 10 1 2 46% 345124 1460 56%
c 
c   seconds      reductions        conflicts           size   tier2       variables
c             MB        restarts           redundant      glue   trail         remaining
c              level           rate              size/glue  tier1  irredundant
c 
c - 51279.63 295 18 627 4147844  3 143743616 498660 2.8 28 10 1 2 46% 345124 1460 56%
c p 51279.77 295 18 627 4147844  3 143743616 498802 2.8 28 10 1 2 46% 345124 1460 56%
c u 51282.20 295 18 627 4147844  3 143743616 494219 2.8 28 10 1 2 46% 345124 1460 56%
c v 51285.52 295 18 627 4147844  3 143743616 490861 2.8 28 10 1 2 46% 345124 1460 56%
c W 51375.84 295 19 627 4158962  3 143917225 637810 2.8 29 10 1 2 45% 345124 1460 56%
c - 51546.37 296 18 628 4177238  3 144204596 513110 2.8 29 10 1 2 46% 345124 1460 56%
c p 51546.53 296 18 628 4177238  3 144204596 513249 2.8 29 10 1 2 46% 345124 1460 56%
c u 51549.53 296 18 628 4177238  3 144204596 508674 2.8 29 10 1 2 46% 345124 1460 56%
c v 51554.29 296 18 628 4177238  3 144204596 504906 2.8 29 10 1 2 46% 345124 1460 56%
c w 51554.29 296 18 628 4177238  3 144204596 504906 2.8 29 10 1 2 46% 345124 1460 56%
c F 51672.88 296 19 628 4192526  3 144454227 715649 2.8 29 10 1 2 46% 345124 1460 56%
c } 51723.17 296 18 628 4197977  3 144539316 787209 2.8 29 10 1 2 46% 345124 1460 56%
c [ 51723.17 296 32 628 4197977  1 144539316 787209 2.4 45 18 1 2 48% 345124 1460 56%
c - 51769.89 296 26 629 4197977  1 144666321 519994 2.6 38 15 1 2 49% 345124 1460 56%
c p 51770.06 296 26 629 4197977  1 144666321 520139 2.6 38 15 1 2 49% 345124 1460 56%
c u 51773.00 296 26 629 4197977  1 144666321 515590 2.6 38 15 1 2 49% 345124 1460 56%
c v 51777.44 296 26 629 4197977  1 144666321 511901 2.6 38 15 1 2 49% 345124 1460 56%
c w 51777.45 296 26 629 4197977  1 144666321 511901 2.6 38 15 1 2 49% 345124 1460 56%
c O 51907.06 296 28 629 4197978  1 144992229 799885 2.3 40 18 1 2 45% 345124 1460 56%
c - 51991.58 296 29 630 4197978  1 145128779 516025 2.4 41 17 1 2 48% 345124 1460 56%
c 
c   seconds      reductions        conflicts           size   tier2       variables
c             MB        restarts           redundant      glue   trail         remaining
c              level           rate              size/glue  tier1  irredundant
c 
c p 51991.76 296 29 630 4197978  1 145128779 516176 2.4 41 17 1 2 48% 345124 1460 56%
c u 51994.05 296 29 630 4197978  1 145128779 513010 2.4 41 17 1 2 48% 345124 1460 56%
c v 51997.91 296 29 630 4197978  1 145128779 509003 2.4 41 17 1 2 48% 345124 1460 56%
c w 51997.93 296 29 630 4197978  1 145128779 509003 2.4 41 17 1 2 48% 345124 1460 56%
c B 52155.82 296 33 630 4197978  1 145531230 862624 2.2 42 19 1 2 49% 345124 1460 56%
c - 52186.32 295 37 631 4197978  1 145591978 496400 2.1 44 21 1 2 47% 345124 1460 56%
c p 52186.47 295 37 631 4197978  1 145591978 496549 2.1 44 21 1 2 47% 345124 1460 56%
c u 52187.39 295 37 631 4197978  1 145591978 495696 2.1 44 21 1 2 47% 345124 1460 56%
c w 52187.40 295 37 631 4197978  1 145591978 495695 2.1 44 21 1 2 47% 345124 1460 56%
c ] 52345.62 295 57 631 4197978  1 146020945 877323 1.8 52 29 1 2 45% 345124 1460 56%
c { 52345.62 295 18 631 4197978  3 146020945 877323 2.8 29 10 1 2 46% 345124 1460 56%
c - 52376.43 295 19 632 4200290  3 146055912 503182 2.8 29 10 1 2 46% 345124 1460 56%
c p 52376.59 295 19 632 4200290  3 146055912 503332 2.8 29 10 1 2 46% 345124 1460 56%
c u 52377.17 295 19 632 4200290  3 146055912 503321 2.8 29 10 1 2 46% 345124 1460 56%
c v 52377.18 295 19 632 4200290  3 146055912 503320 2.8 29 10 1 2 46% 345124 1460 56%
c w 52377.19 295 19 632 4200290  3 146055912 503320 2.8 29 10 1 2 46% 345124 1460 56%
c B 52383.26 295 19 632 4201171  3 146071231 516319 2.8 29 10 1 2 46% 345124 1460 56%
c - 52623.48 296 18 633 4227490  2 146520585 520371 2.7 28 10 1 2 45% 345124 1460 56%
c p 52623.66 296 18 633 4227490  2 146520585 520520 2.7 28 10 1 2 45% 345124 1460 56%
c u 52625.38 296 18 633 4227490  2 146520585 520427 2.7 28 10 1 2 45% 345124 1460 56%
c 
c   seconds      reductions        conflicts           size   tier2       variables
c             MB        restarts           redundant      glue   trail         remaining
c              level           rate              size/glue  tier1  irredundant
c 
c v 52628.49 296 18 633 4227490  2 146520585 515738 2.7 28 10 1 2 45% 345124 1460 56%
c w 52628.50 296 18 633 4227490  2 146520585 515738 2.7 28 10 1 2 45% 345124 1460 56%
c s 52668.70 296 18 633 4233233  3 146604200 585712 2.7 28 10 1 2 46% 345124 1460 56%
c s 52669.63 296 18 633 4233233  3 146604200 585586 2.7 28 10 1 2 46% 345124 1460 56%
c W 52718.86 296 18 633 4233624  3 146612232 592138 2.7 28 10 1 2 46% 345124 1460 56%
c - 52937.49 297 18 634 4256847  3 146985997 537702 2.7 28 10 1 2 46% 345124 1460 56%
c p 52937.66 297 18 634 4256847  3 146985997 537846 2.7 28 10 1 2 46% 345124 1460 56%
c u 52947.69 297 18 634 4256847  3 146985997 537673 2.7 28 10 1 2 46% 345124 1460 56%
c v 52951.59 297 18 634 4256847  3 146985997 533825 2.7 28 10 1 2 46% 345124 1460 56%
c w 52951.61 297 18 634 4256847  3 146985997 533825 2.7 28 10 1 2 46% 345124 1460 56%
c # 53034.59 297 19 634 4267913  3 147154233 675664 2.8 29 10 1 2 46% 345124 1460 56%
c } 53154.41 297 18 634 4280545  2 147356667 843533 2.7 28 10 1 2 45% 345124 1460 56%
c [ 53154.41 297 57 634 4280545  1 147356667 843533 1.8 52 29 1 2 45% 345124 1460 56%
c - 53196.18 298 38 635 4280545  1 147452149 548489 2.1 45 21 1 2 44% 345124 1460 56%
c p 53196.36 298 38 635 4280545  1 147452149 548632 2.1 45 21 1 2 44% 345124 1460 56%
c u 53198.88 298 38 635 4280545  1 147452149 548416 2.1 45 21 1 2 44% 345124 1460 56%
c v 53202.86 298 38 635 4280545  1 147452149 544447 2.1 45 21 1 2 44% 345124 1460 56%
c w 53202.88 298 38 635 4280545  1 147452149 544447 2.1 45 21 1 2 44% 345124 1460 56%
c W 53296.69 298 38 635 4280545  1 147697234 761121 2.3 50 22 1 2 52% 345124 1460 56%
c - 53382.26 298 59 636 4280545  1 147919038 551276 2.2 57 26 1 2 55% 345124 1460 56%
c 
c   seconds      reductions        conflicts           size   tier2       variables
c             MB        restarts           redundant      glue   trail         remaining
c              level           rate              size/glue  tier1  irredundant
c 
c p 53382.41 298 59 636 4280545  1 147919038 551419 2.2 57 26 1 2 55% 345124 1460 56%
c u 53385.33 298 59 636 4280545  1 147919038 551167 2.2 57 26 1 2 55% 345124 1460 56%
c v 53389.37 298 59 636 4280545  1 147919038 546784 2.2 57 26 1 2 55% 345124 1460 56%
c w 53389.38 298 59 636 4280545  1 147919038 546783 2.2 57 26 1 2 55% 345124 1460 56%
c I 53506.46 298 57 636 4280545  1 148241236 837381 2.1 60 28 1 2 52% 345124 1460 56%
c - 53594.59 296 47 637 4280587  1 148386665 523067 1.9 52 27 1 2 43% 345124 1460 56%
c p 53594.75 296 47 637 4280587  1 148386665 523211 1.9 52 27 1 2 43% 345124 1460 56%
c u 53597.89 296 47 637 4280587  1 148386665 522958 1.9 52 27 1 2 43% 345124 1460 56%
c v 53597.91 296 47 637 4280587  1 148386665 522945 1.9 52 27 1 2 43% 345124 1460 56%
c w 53597.93 296 47 637 4280587  1 148386665 522943 1.9 52 27 1 2 43% 345124 1460 56%
c s 53632.79 296 46 637 4280623  1 148512371 632958 2.0 51 26 1 2 42% 345124 1460 56%
c s 53634.02 296 46 637 4280623  1 148512371 632671 2.0 51 26 1 2 42% 345124 1460 56%
c B 53760.14 296 34 637 4280689  1 148786243 854194 2.0 45 22 1 2 40% 345124 1460 56%
c - 53801.67 295 29 638 4280716  1 148855032 508475 2.2 42 19 1 2 42% 345124 1460 56%
c p 53801.84 295 29 638 4280716  1 148855032 508620 2.2 42 19 1 2 42% 345124 1460 56%
c u 53804.44 295 29 638 4280716  1 148855032 508324 2.2 42 19 1 2 42% 345124 1460 56%
c v 53804.46 295 29 638 4280716  1 148855032 508313 2.2 42 19 1 2 42% 345124 1460 56%
c w 53804.47 295 29 638 4280716  1 148855032 508313 2.2 42 19 1 2 42% 345124 1460 56%
c ] 53813.33 295 26 638 4280730  1 148886356 534221 2.3 40 17 1 2 43% 345124 1460 56%
c { 53813.33 295 18 638 4280730  2 148886356 534221 2.7 28 10 1 2 45% 345124 1460 56%
c 
c   seconds      reductions        conflicts           size   tier2       variables
c             MB        restarts           redundant      glue   trail         remaining
c              level           rate              size/glue  tier1  irredundant
c 
c - 54057.02 296 18 639 4308414  3 149324140 528510 2.8 29 10 1 2 45% 345124 1460 56%
c p 54057.20 296 18 639 4308414  3 149324140 528662 2.8 29 10 1 2 45% 345124 1460 56%
c u 54060.50 296 18 639 4308414  3 149324140 528304 2.8 29 10 1 2 45% 345124 1460 56%
c v 54064.67 296 18 639 4308414  3 149324140 524521 2.8 29 10 1 2 45% 345124 1460 56%
c w 54064.67 296 18 639 4308414  3 149324140 524521 2.8 29 10 1 2 45% 345124 1460 56%
c B 54068.42 296 18 639 4308947  3 149332244 531353 2.8 29 10 1 2 45% 345124 1460 56%
c - 54328.37 297 18 640 4337533  3 149793985 547312 2.7 28 10 1 2 45% 345124 1460 56%
c p 54328.55 297 18 640 4337533  3 149793985 547453 2.7 28 10 1 2 45% 345124 1460 56%
c u 54331.89 297 18 640 4337533  3 149793985 547074 2.7 28 10 1 2 45% 345124 1460 56%
c v 54336.10 297 18 640 4337533  3 149793985 543165 2.7 28 10 1 2 45% 345124 1460 56%
c w 54336.13 297 18 640 4337533  3 149793985 543165 2.7 28 10 1 2 45% 345124 1460 56%
c W 54412.21 297 18 640 4343289  3 149879247 614161 2.7 28 10 1 2 45% 345124 1460 56%
c } 54624.51 297 18 640 4366538  3 150249484 923114 2.7 28 10 1 2 45% 345124 1460 56%
c [ 54624.51 297 26 640 4366538  1 150249484 923114 2.3 40 17 1 2 43% 345124 1460 56%
c - 54630.69 298 25 641 4366542  1 150264567 558348 2.3 39 17 1 2 43% 345124 1460 56%
c p 54630.85 298 25 641 4366542  1 150264567 558493 2.3 39 17 1 2 43% 345124 1460 56%
c u 54633.21 298 25 641 4366542  1 150264567 558082 2.3 39 17 1 2 43% 345124 1460 56%
c v 54636.72 298 25 641 4366542  1 150264567 553992 2.3 39 17 1 2 43% 345124 1460 56%
c w 54636.73 298 25 641 4366542  1 150264567 553991 2.3 39 17 1 2 43% 345124 1460 56%
c W 54705.46 298 38 641 4366589  1 150427251 701549 2.3 46 20 1 2 50% 345124 1460 56%
c 
c   seconds      reductions        conflicts           size   tier2       variables
c             MB        restarts           redundant      glue   trail         remaining
c              level           rate              size/glue  tier1  irredundant
c 
c - 54839.10 298 41 642 4366622  1 150735889 555628 1.9 50 26 1 2 42% 345124 1460 56%
c p 54839.24 298 41 642 4366622  1 150735889 555762 1.9 50 26 1 2 42% 345124 1460 56%
c u 54842.27 298 41 642 4366622  1 150735889 555280 1.9 50 26 1 2 42% 345124 1460 56%
c v 54845.83 298 41 642 4366622  1 150735889 550908 1.9 50 26 1 2 42% 345124 1460 56%
c w 54845.85 298 41 642 4366622  1 150735889 550907 1.9 50 26 1 2 42% 345124 1460 56%
c O 54934.91 298 41 642 4366701  1 150976252 753528 2.0 49 25 1 2 40% 345124 1460 56%
c - 55040.22 296 32 643 4366750  1 151207949 537625 2.4 43 18 1 2 47% 345124 1460 56%
c p 55040.38 296 32 643 4366750  1 151207949 537768 2.4 43 18 1 2 47% 345124 1460 56%
c u 55043.26 296 32 643 4366750  1 151207949 537227 2.4 43 18 1 2 47% 345124 1460 56%
c v 55043.26 296 32 643 4366750  1 151207949 537225 2.4 43 18 1 2 47% 345124 1460 56%
c w 55043.27 296 32 643 4366750  1 151207949 537224 2.4 43 18 1 2 47% 345124 1460 56%
c B 55155.61 296 28 643 4366859  1 151526253 808900 2.3 40 17 1 2 48% 345124 1460 56%
c - 55215.77 297 33 644 4366863  1 151680747 541748 2.5 46 19 1 2 48% 345124 1460 56%
c p 55215.94 297 33 644 4366863  1 151680747 541887 2.5 46 19 1 2 48% 345124 1460 56%
c u 55218.70 297 33 644 4366863  1 151680747 541393 2.5 46 19 1 2 48% 345124 1460 56%
c v 55218.71 297 33 644 4366863  1 151680747 541391 2.5 46 19 1 2 48% 345124 1460 56%
c w 55218.72 297 33 644 4366863  1 151680747 541391 2.5 46 19 1 2 48% 345124 1460 56%
c ] 55283.22 297 26 644 4366864  1 151875968 712088 2.6 41 16 1 2 46% 345124 1460 56%
c { 55283.22 297 18 644 4366864  3 151875968 712088 2.7 28 10 1 2 45% 345124 1460 56%
c F 55411.01 297 18 644 4379257  2 152077254 880323 2.7 28 10 1 2 45% 345124 1460 56%
c 
c   seconds      reductions        conflicts           size   tier2       variables
c             MB        restarts           redundant      glue   trail         remaining
c              level           rate              size/glue  tier1  irredundant
c 
c - 55465.33 297 18 645 4383906  2 152154288 553509 2.7 28 10 1 2 46% 345124 1460 56%
c p 55465.48 297 18 645 4383906  2 152154288 553649 2.7 28 10 1 2 46% 345124 1460 56%
c u 55468.53 297 18 645 4383906  2 152154288 553210 2.7 28 10 1 2 46% 345124 1460 56%
c v 55471.53 297 18 645 4383906  2 152154288 548498 2.7 28 10 1 2 46% 345124 1460 56%
c w 55471.54 297 18 645 4383906  2 152154288 548498 2.7 28 10 1 2 46% 345124 1460 56%
c s 55482.99 297 18 645 4385526  3 152173174 564393 2.7 28 10 1 2 45% 345124 1460 56%
c s 55483.67 297 18 645 4385526  3 152173174 564385 2.7 28 10 1 2 45% 345124 1460 56%
c - 55740.80 298 18 646 4414716  3 152628566 569349 2.7 28 11 1 2 46% 345124 1460 56%
c p 55740.96 298 18 646 4414716  3 152628566 569490 2.7 28 11 1 2 46% 345124 1460 56%
c u 55744.54 298 18 646 4414716  3 152628566 569186 2.7 28 11 1 2 46% 345124 1460 56%
c v 55748.49 298 18 646 4414716  3 152628566 565584 2.7 28 11 1 2 46% 345124 1460 56%
c B 55748.97 298 18 646 4414820  3 152629262 566211 2.7 28 11 1 2 46% 345124 1460 56%
c - 56024.36 299 18 647 4443782  2 153103581 582485 2.7 28 10 1 2 45% 345124 1460 56%
c p 56024.55 299 18 647 4443782  2 153103581 582626 2.7 28 10 1 2 45% 345124 1460 56%
c u 56027.85 299 18 647 4443782  2 153103581 579366 2.7 28 10 1 2 45% 345124 1460 56%
c v 56031.74 299 18 647 4443782  2 153103581 575095 2.7 28 10 1 2 45% 345124 1460 56%
c w 56031.75 299 18 647 4443782  2 153103581 575094 2.7 28 10 1 2 45% 345124 1460 56%
c W 56115.01 299 18 647 4448849  3 153182264 640422 2.7 28 10 1 2 45% 345124 1460 56%
c } 56132.17 299 18 647 4451296  3 153218153 670670 2.7 28 10 1 2 45% 345124 1460 56%
c [ 56132.17 299 26 647 4451296  1 153218153 670670 2.6 41 16 1 2 46% 345124 1460 56%
c 
c   seconds      reductions        conflicts           size   tier2       variables
c             MB        restarts           redundant      glue   trail         remaining
c              level           rate              size/glue  tier1  irredundant
c 
c - 56296.38 299 27 648 4451359  1 153579336 583901 2.4 41 17 1 2 47% 345124 1460 56%
c p 56296.56 299 27 648 4451359  1 153579336 584047 2.4 41 17 1 2 47% 345124 1460 56%
c u 56300.01 299 27 648 4451359  1 153579336 579743 2.4 41 17 1 2 47% 345124 1460 56%
c v 56303.85 299 27 648 4451359  1 153579336 575300 2.4 41 17 1 2 47% 345124 1460 56%
c w 56303.86 299 27 648 4451359  1 153579336 575300 2.4 41 17 1 2 47% 345124 1460 56%
c W 56379.55 299 25 648 4451420  1 153736267 703848 2.2 36 16 1 2 45% 345124 1460 56%
c - 56503.12 298 39 649 4451488  1 154055826 565605 1.9 47 24 1 2 40% 345124 1460 56%
c p 56503.29 298 39 649 4451488  1 154055826 565743 1.9 47 24 1 2 40% 345124 1460 56%
c u 56506.87 298 39 649 4451488  1 154055826 561421 1.9 47 24 1 2 40% 345124 1460 56%
c v 56506.89 298 39 649 4451488  1 154055826 561414 1.9 47 24 1 2 40% 345124 1460 56%
c w 56506.91 298 39 649 4451488  1 154055826 561412 1.9 47 24 1 2 40% 345124 1460 56%
c s 56522.52 298 38 649 4451516  1 154112885 608384 1.9 45 23 1 2 39% 345116 1460 56%
c s 56523.48 298 38 649 4451516  1 154112885 608346 1.9 45 23 1 2 39% 345116 1460 56%
c I 56586.31 298 40 649 4451550  1 154291270 755715 1.9 46 24 1 2 39% 345116 1460 56%
c - 56704.40 297 40 650 4451582  1 154533056 551504 2.0 49 25 1 2 41% 345116 1460 56%
c p 56704.56 297 40 650 4451582  1 154533056 551650 2.0 49 25 1 2 41% 345116 1460 56%
c u 56707.27 297 40 650 4451582  1 154533056 547323 2.0 49 25 1 2 41% 345116 1460 56%
c v 56707.32 297 40 650 4451582  1 154533056 547315 2.0 49 25 1 2 41% 345116 1460 56%
c w 56707.33 297 40 650 4451582  1 154533056 547315 2.0 49 25 1 2 41% 345116 1460 56%
c ] 56805.58 297 41 650 4451676  1 154804885 772431 1.8 47 26 1 2 39% 345116 1460 56%
c 
c   seconds      reductions        conflicts           size   tier2       variables
c             MB        restarts           redundant      glue   trail         remaining
c              level           rate              size/glue  tier1  irredundant
c 
c { 56805.58 297 18 650 4451676  3 154804885 772431 2.7 28 10 1 2 45% 345116 1460 56%
c # 56836.80 297 18 650 4454020  2 154847271 807390 2.8 29 10 1 2 46% 345116 1460 56%
c - 56977.63 298 18 651 4464085  2 155011021 555934 2.8 29 10 1 2 46% 345116 1460 56%
c p 56977.79 298 18 651 4464085  2 155011021 556084 2.8 29 10 1 2 46% 345116 1460 56%
c u 56980.10 298 18 651 4464085  2 155011021 551729 2.8 29 10 1 2 46% 345116 1460 56%
c v 56981.74 298 18 651 4464085  2 155011021 549474 2.8 29 10 1 2 46% 345116 1460 56%
c w 56981.76 298 18 651 4464085  2 155011021 549474 2.8 29 10 1 2 46% 345116 1460 56%
c B 57200.63 298 18 651 4488455  2 155404279 875979 2.7 28 10 1 2 45% 345116 1460 56%
c - 57262.38 299 18 652 4494785  3 155489725 571614 2.7 28 11 1 2 45% 345116 1460 56%
c p 57262.56 299 18 652 4494785  3 155489725 571762 2.7 28 11 1 2 45% 345116 1460 56%
c u 57265.96 299 18 652 4494785  3 155489725 567699 2.7 28 11 1 2 45% 345116 1460 56%
c v 57270.36 299 18 652 4494785  3 155489725 564445 2.7 28 11 1 2 45% 345116 1460 56%
c W 57590.99 299 18 652 4524632  3 155962280 958365 2.7 29 10 1 2 45% 345116 1460 56%
c - 57596.79 299 18 653 4525098  3 155969167 584936 2.7 29 10 1 2 45% 345116 1460 56%
c p 57596.99 299 18 653 4525098  3 155969167 585075 2.7 29 10 1 2 45% 345116 1460 56%
c u 57600.04 299 18 653 4525098  3 155969167 580895 2.7 29 10 1 2 45% 345116 1460 56%
c v 57604.27 299 18 653 4525098  3 155969167 577064 2.7 29 10 1 2 45% 345116 1460 56%
c s 57652.37 300 18 653 4531329  3 156068358 660064 2.8 29 10 1 2 46% 345116 1460 56%
c s 57653.28 300 18 653 4531329  3 156068358 660013 2.8 29 10 1 2 46% 345116 1460 56%
c } 57689.13 300 18 653 4535376  3 156134504 714413 2.8 29 10 1 2 46% 345116 1460 56%
c 
c   seconds      reductions        conflicts           size   tier2       variables
c             MB        restarts           redundant      glue   trail         remaining
c              level           rate              size/glue  tier1  irredundant
c 
c [ 57689.13 300 41 653 4535376  1 156134504 714413 1.8 47 26 1 2 39% 345116 1460 56%
c - 57807.16 300 26 654 4535441  1 156449348 587698 2.5 39 16 1 2 45% 345116 1460 56%
c p 57807.35 300 26 654 4535441  1 156449348 587837 2.5 39 16 1 2 45% 345116 1460 56%
c u 57810.50 300 26 654 4535441  1 156449348 583808 2.5 39 16 1 2 45% 345116 1460 56%
c v 57814.34 300 26 654 4535441  1 156449348 579835 2.5 39 16 1 2 45% 345116 1460 56%
c w 57814.37 300 26 654 4535441  1 156449348 579832 2.5 39 16 1 2 45% 345116 1460 56%
c B 57833.26 300 26 654 4535472  1 156521286 641465 2.5 40 16 1 2 45% 345116 1460 56%
c - 58005.63 300 27 655 4535507  1 156930270 577015 2.6 43 16 1 2 50% 345116 1460 56%
c p 58005.82 300 27 655 4535507  1 156930270 577152 2.6 43 16 1 2 50% 345116 1460 56%
c u 58009.06 300 27 655 4535507  1 156930270 572876 2.6 43 16 1 2 50% 345116 1460 56%
c v 58012.26 300 27 655 4535507  1 156930270 568690 2.6 43 16 1 2 50% 345116 1460 56%
c w 58012.27 300 27 655 4535507  1 156930270 568690 2.6 43 16 1 2 50% 345116 1460 56%
c W 58074.13 300 32 655 4535507  1 157081288 704681 2.7 45 16 1 2 51% 345116 1460 56%
c - 58187.64 299 61 656 4535508  1 157411934 570054 2.2 64 29 1 2 53% 345116 1460 56%
c p 58187.82 299 61 656 4535508  1 157411934 570196 2.2 64 29 1 2 53% 345116 1460 56%
c u 58191.28 299 61 656 4535508  1 157411934 566087 2.2 64 29 1 2 53% 345116 1460 56%
c v 58191.29 299 61 656 4535508  1 157411934 566087 2.2 64 29 1 2 53% 345116 1460 56%
c w 58191.32 299 61 656 4535508  1 157411934 566085 2.2 64 29 1 2 53% 345116 1460 56%
c O 58277.89 299 38 656 4535508  1 157642289 766634 2.1 45 21 1 2 49% 345116 1460 56%
c ] 58353.18 299 26 656 4535571  1 157827753 924737 2.6 40 15 1 2 47% 345116 1460 56%
c 
c   seconds      reductions        conflicts           size   tier2       variables
c             MB        restarts           redundant      glue   trail         remaining
c              level           rate              size/glue  tier1  irredundant
c 
c { 58353.18 299 18 656 4535571  3 157827753 924737 2.8 29 10 1 2 46% 345116 1460 56%
c - 58408.10 299 18 657 4540030  3 157894330 570605 2.7 29 11 1 2 46% 345116 1460 56%
c p 58408.29 299 18 657 4540030  3 157894330 570752 2.7 29 11 1 2 46% 345116 1460 56%
c u 58411.80 299 18 657 4540030  3 157894330 567050 2.7 29 11 1 2 46% 345116 1460 56%
c w 58411.81 299 18 657 4540030  3 157894330 567049 2.7 29 11 1 2 46% 345116 1460 56%
c s 58481.97 299 18 657 4548631  2 158039601 687583 2.8 29 10 1 2 46% 345116 1460 56%
c s 58483.18 299 18 657 4548631  2 158039601 687348 2.8 29 10 1 2 46% 345116 1460 56%
c F 58577.53 299 18 657 4558910  2 158204290 824366 2.7 28 10 1 2 45% 345116 1460 56%
c - 58696.85 300 18 658 4570475  3 158377467 584500 2.8 29 11 1 2 46% 345116 1460 56%
c p 58697.04 300 18 658 4570475  3 158377467 584647 2.8 29 11 1 2 46% 345116 1460 56%
c u 58700.51 300 18 658 4570475  3 158377467 580469 2.8 29 11 1 2 46% 345116 1460 56%
c v 58704.09 300 18 658 4570475  3 158377467 575932 2.8 29 11 1 2 46% 345116 1460 56%
c w 58704.09 300 18 658 4570475  3 158377467 575932 2.8 29 11 1 2 46% 345116 1460 56%
c B 58923.13 300 18 658 4594353  2 158767293 900294 2.7 28 10 1 2 45% 345116 1460 56%
c - 58990.76 301 18 659 4600414  2 158861343 597102 2.7 29 10 1 2 45% 345116 1460 56%
c p 58990.97 301 18 659 4600414  2 158861343 597248 2.7 29 10 1 2 45% 345116 1460 56%
c u 58994.30 301 18 659 4600414  2 158861343 593260 2.7 29 10 1 2 45% 345116 1460 56%
c v 58998.48 301 18 659 4600414  2 158861343 589279 2.7 29 10 1 2 45% 345116 1460 56%
c w 58998.48 301 18 659 4600414  2 158861343 589279 2.7 29 10 1 2 45% 345116 1460 56%
c } 59181.17 301 18 659 4620961  3 159198709 867790 2.7 28 10 1 2 45% 345116 1460 56%
c 
c   seconds      reductions        conflicts           size   tier2       variables
c             MB        restarts           redundant      glue   trail         remaining
c              level           rate              size/glue  tier1  irredundant
c 
c [ 59181.17 301 26 659 4620961  1 159198709 867790 2.6 40 15 1 2 47% 345116 1460 56%
c B 59245.77 301 26 659 4621007  1 159331294 981207 2.5 40 16 1 2 46% 345116 1460 56%
c - 59251.80 301 27 660 4621014  1 159345956 601437 2.5 41 16 1 2 47% 345116 1460 56%
c p 59251.98 301 27 660 4621014  1 159345956 601578 2.5 41 16 1 2 47% 345116 1460 56%
c u 59255.51 301 27 660 4621014  1 159345956 597356 2.5 41 16 1 2 47% 345116 1460 56%
c v 59259.77 301 27 660 4621014  1 159345956 593181 2.5 41 16 1 2 47% 345116 1460 56%
c - 59448.04 301 28 661 4621149  1 159831307 596040 2.4 41 17 1 2 45% 345116 1460 56%
c p 59448.22 301 28 661 4621149  1 159831307 596186 2.4 41 17 1 2 45% 345116 1460 56%
c u 59451.84 301 28 661 4621149  1 159831307 591812 2.4 41 17 1 2 45% 345116 1460 56%
c v 59455.62 301 28 661 4621149  1 159831307 587179 2.4 41 17 1 2 45% 345116 1460 56%
c w 59455.65 301 28 661 4621149  1 159831307 587179 2.4 41 17 1 2 45% 345116 1460 56%
c W 59525.79 301 24 661 4621152  1 159896297 644546 2.7 39 15 1 2 48% 345116 1460 56%
c s 59570.64 301 41 661 4621153  1 160026616 756911 1.9 46 24 1 2 41% 345116 1460 56%
c s 59571.10 301 41 661 4621153  1 160026616 756907 1.9 46 24 1 2 41% 345116 1460 56%
c - 59721.95 299 35 662 4621231  1 160317399 573810 2.1 45 22 1 2 43% 345116 1460 56%
c p 59722.10 299 35 662 4621231  1 160317399 573954 2.1 45 22 1 2 43% 345116 1460 56%
c u 59725.30 299 35 662 4621231  1 160317399 569576 2.1 45 22 1 2 43% 345116 1460 56%
c v 59725.32 299 35 662 4621231  1 160317399 569575 2.1 45 22 1 2 43% 345116 1460 56%
c w 59725.32 299 35 662 4621231  1 160317399 569575 2.1 45 22 1 2 43% 345116 1460 56%
c I 59775.50 299 26 662 4621279  1 160462302 695312 2.5 41 17 1 2 44% 345116 1460 56%
c 
c   seconds      reductions        conflicts           size   tier2       variables
c             MB        restarts           redundant      glue   trail         remaining
c              level           rate              size/glue  tier1  irredundant
c 
c - 59917.47 298 40 663 4621370  1 160804232 563865 1.9 46 25 1 2 40% 345116 1460 56%
c p 59917.63 298 40 663 4621370  1 160804232 564009 1.9 46 25 1 2 40% 345116 1460 56%
c u 59920.83 298 40 663 4621370  1 160804232 559597 1.9 46 25 1 2 40% 345116 1460 56%
c v 59920.84 298 40 663 4621370  1 160804232 559593 1.9 46 25 1 2 40% 345116 1460 56%
c w 59920.84 298 40 663 4621370  1 160804232 559592 1.9 46 25 1 2 40% 345116 1460 56%
c ] 59926.92 298 39 663 4621374  1 160827148 579240 2.0 46 23 1 2 40% 345116 1460 56%
c { 59926.92 298 18 663 4621374  3 160827148 579240 2.7 28 10 1 2 45% 345116 1460 56%
c W 60052.02 298 18 663 4633170  2 161029304 747650 2.8 29 10 1 2 46% 345116 1460 56%
c - 60233.18 299 18 664 4650621  3 161291799 579614 2.7 28 10 1 2 45% 345116 1460 56%
c p 60233.36 299 18 664 4650621  3 161291799 579758 2.7 28 10 1 2 45% 345116 1460 56%
c u 60244.12 299 18 664 4650621  3 161291799 575802 2.7 28 10 1 2 45% 345116 1460 56%
c v 60247.82 299 18 664 4650621  3 161291799 571974 2.7 28 10 1 2 45% 345116 1460 56%
c w 60247.83 299 18 664 4650621  3 161291799 571974 2.7 28 10 1 2 45% 345116 1460 56%
c # 60411.80 299 18 664 4670060  2 161597306 826144 2.7 29 10 1 2 46% 345116 1460 56%
c - 60536.30 300 18 665 4681233  3 161780104 594864 2.7 28 10 1 2 45% 345116 1460 56%
c p 60536.47 300 18 665 4681233  3 161780104 594998 2.7 28 10 1 2 45% 345116 1460 56%
c u 60539.71 300 18 665 4681233  3 161780104 590830 2.7 28 10 1 2 45% 345116 1460 56%
c v 60543.83 300 18 665 4681233  3 161780104 586864 2.7 28 10 1 2 45% 345116 1460 56%
c w 60543.83 300 18 665 4681233  3 161780104 586864 2.7 28 10 1 2 45% 345116 1460 56%
c s 60676.66 300 18 665 4697181  3 162029399 794784 2.7 29 10 1 2 46% 345100 1460 56%
c 
c   seconds      reductions        conflicts           size   tier2       variables
c             MB        restarts           redundant      glue   trail         remaining
c              level           rate              size/glue  tier1  irredundant
c 
c s 60677.49 300 18 665 4697181  3 162029399 794693 2.7 29 10 1 2 46% 345100 1460 56%
c B 60761.83 300 18 665 4705159  2 162166307 908656 2.8 29 10 1 2 46% 345100 1460 56%
c } 60799.82 300 18 665 4708491  3 162216006 950155 2.7 28 10 1 2 45% 345100 1460 56%
c [ 60799.82 300 39 665 4708491  1 162216006 950155 2.0 46 23 1 2 40% 345100 1460 56%
c - 60821.30 301 32 666 4708513  1 162269150 602378 2.1 41 20 1 2 43% 345100 1460 56%
c p 60821.50 301 32 666 4708513  1 162269150 602511 2.1 41 20 1 2 43% 345100 1460 56%
c u 60824.98 301 32 666 4708513  1 162269150 598371 2.1 41 20 1 2 43% 345100 1460 56%
c v 60829.28 301 32 666 4708513  1 162269150 594626 2.1 41 20 1 2 43% 345100 1460 56%
c w 60829.29 301 32 666 4708513  1 162269150 594625 2.1 41 20 1 2 43% 345100 1460 56%
c B 61020.29 301 42 666 4708526  1 162736310 974779 1.8 48 26 1 2 42% 345100 1460 56%
c - 61033.72 300 41 667 4708526  1 162758927 589972 1.9 48 25 1 2 42% 345100 1460 56%
c p 61033.93 300 41 667 4708526  1 162758927 590109 1.9 48 25 1 2 42% 345100 1460 56%
c u 61037.95 300 41 667 4708526  1 162758927 585794 1.9 48 25 1 2 42% 345100 1460 56%
c v 61041.46 300 41 667 4708526  1 162758927 581416 1.9 48 25 1 2 42% 345100 1460 56%
c w 61041.48 300 41 667 4708526  1 162758927 581416 1.9 48 25 1 2 42% 345100 1460 56%
c - 61263.05 297 47 668 4708653  1 163249442 553242 1.8 52 30 1 2 40% 345100 1460 56%
c p 61263.21 297 47 668 4708653  1 163249442 553378 1.8 52 30 1 2 40% 345100 1460 56%
c u 61266.55 297 47 668 4708653  1 163249442 548937 1.8 52 30 1 2 40% 345100 1460 56%
c v 61266.58 297 47 668 4708653  1 163249442 548922 1.8 52 30 1 2 40% 345100 1460 56%
c w 61266.60 297 47 668 4708653  1 163249442 548920 1.8 52 30 1 2 40% 345100 1460 56%
c 
c   seconds      reductions        conflicts           size   tier2       variables
c             MB        restarts           redundant      glue   trail         remaining
c              level           rate              size/glue  tier1  irredundant
c 
c W 61319.90 297 44 668 4708669  1 163307313 597720 1.9 49 27 1 2 40% 345100 1460 56%
c - 61523.58 297 37 669 4708781  1 163740697 543379 2.0 46 24 1 2 41% 345100 1460 56%
c p 61523.76 297 37 669 4708781  1 163740697 543518 2.0 46 24 1 2 41% 345100 1460 56%
c u 61526.85 297 37 669 4708781  1 163740697 539115 2.0 46 24 1 2 41% 345100 1460 56%
c v 61526.87 297 37 669 4708781  1 163740697 539107 2.0 46 24 1 2 41% 345100 1460 56%
c w 61526.88 297 37 669 4708781  1 163740697 539107 2.0 46 24 1 2 41% 345100 1460 56%
c O 61567.90 297 35 669 4708787  1 163879314 656320 2.1 45 22 1 2 40% 345100 1460 56%
c ] 61568.59 297 35 669 4708788  1 163881013 657855 2.1 45 21 1 2 40% 345100 1460 56%
c { 61568.59 297 18 669 4708788  3 163881013 657855 2.7 28 10 1 2 45% 345100 1460 56%
c s 61763.85 297 18 669 4726540  3 164162769 891083 2.7 28 10 1 2 45% 345100 1460 56%
c s 61765.15 297 18 669 4726540  3 164162769 891044 2.7 28 10 1 2 45% 345100 1460 56%
c - 61824.78 298 18 670 4731534  3 164232691 561934 2.7 28 10 1 2 45% 345100 1460 56%
c p 61824.97 298 18 670 4731534  3 164232691 562085 2.7 28 10 1 2 45% 345100 1460 56%
c u 61828.59 298 18 670 4731534  3 164232691 557886 2.7 28 10 1 2 45% 345100 1460 56%
c v 61832.56 298 18 670 4731534  3 164232691 555725 2.7 28 10 1 2 45% 345100 1460 56%
c W 61961.73 298 19 670 4745538  3 164452315 739957 2.8 29 11 1 2 46% 345100 1460 56%
c - 62137.43 299 18 671 4761924  2 164725423 582222 2.7 28 10 1 2 46% 345100 1460 56%
c p 62137.61 299 18 671 4761924  2 164725423 582365 2.7 28 10 1 2 46% 345100 1460 56%
c u 62140.55 299 18 671 4761924  2 164725423 578464 2.7 28 10 1 2 46% 345100 1460 56%
c v 62144.98 299 18 671 4761924  2 164725423 575482 2.7 28 10 1 2 46% 345100 1460 56%
c 
c   seconds      reductions        conflicts           size   tier2       variables
c             MB        restarts           redundant      glue   trail         remaining
c              level           rate              size/glue  tier1  irredundant
c 
c w 62144.99 299 18 671 4761924  2 164725423 575482 2.7 28 10 1 2 46% 345100 1460 56%
c F 62302.72 299 18 671 4781539  3 165026316 826646 2.8 29 11 1 2 45% 345100 1460 56%
c - 62433.11 300 18 672 4793350  2 165218896 593502 2.8 29 10 1 2 46% 345100 1460 56%
c p 62433.30 300 18 672 4793350  2 165218896 593639 2.8 29 10 1 2 46% 345100 1460 56%
c u 62436.78 300 18 672 4793350  2 165218896 589249 2.8 29 10 1 2 46% 345100 1460 56%
c v 62441.54 300 18 672 4793350  2 165218896 585750 2.8 29 10 1 2 46% 345100 1460 56%
c w 62441.54 300 18 672 4793350  2 165218896 585750 2.8 29 10 1 2 46% 345100 1460 56%
c } 62467.30 300 18 672 4796380  2 165274020 631614 2.7 28 10 1 2 45% 345100 1460 56%
c [ 62467.30 300 35 672 4796380  1 165274020 631614 2.1 45 21 1 2 40% 345100 1460 56%
c B 62596.05 300 38 672 4796495  1 165601319 903293 2.0 47 24 1 2 40% 345100 1460 56%
c - 62650.74 300 45 673 4796500  1 165713105 591851 1.9 49 25 1 2 48% 345100 1460 56%
c p 62650.95 300 45 673 4796500  1 165713105 591990 1.9 49 25 1 2 48% 345100 1460 56%
c u 62654.91 300 45 673 4796500  1 165713105 587656 1.9 49 25 1 2 48% 345100 1460 56%
c v 62660.02 300 45 673 4796500  1 165713105 584112 1.9 49 25 1 2 48% 345100 1460 56%
c w 62660.03 300 45 673 4796500  1 165713105 584112 1.9 49 25 1 2 48% 345100 1460 56%
c W 62870.66 300 34 673 4796627  1 166177320 985000 2.2 42 19 1 2 49% 345100 1460 56%
c s 62878.48 300 36 673 4796627  1 166197077 1001579 2.1 43 20 1 2 46% 345100 1460 56%
c s 62880.18 377 36 673 4796627  1 166197077 1001447 2.1 43 20 1 2 46% 345100 1460 56%
c - 62884.75 299 36 674 4796628  1 166208052 577882 2.1 43 20 1 2 45% 345100 1460 56%
c p 62884.93 299 36 674 4796628  1 166208052 578023 2.1 43 20 1 2 45% 345100 1460 56%
c 
c   seconds      reductions        conflicts           size   tier2       variables
c             MB        restarts           redundant      glue   trail         remaining
c              level           rate              size/glue  tier1  irredundant
c 
c u 62888.36 299 36 674 4796628  1 166208052 573700 2.1 43 20 1 2 45% 345100 1460 56%
c v 62892.15 299 36 674 4796628  1 166208052 569012 2.1 43 20 1 2 45% 345100 1460 56%
c w 62892.17 299 36 674 4796628  1 166208052 569008 2.1 43 20 1 2 45% 345100 1460 56%
c - 63115.62 298 38 675 4796630  1 166703738 558945 1.8 46 25 1 2 40% 345100 1460 56%
c p 63115.79 298 38 675 4796630  1 166703738 559081 1.8 46 25 1 2 40% 345100 1460 56%
c u 63119.07 298 38 675 4796630  1 166703738 554865 1.8 46 25 1 2 40% 345100 1460 56%
c v 63119.08 298 38 675 4796630  1 166703738 554861 1.8 46 25 1 2 40% 345100 1460 56%
c w 63119.09 298 38 675 4796630  1 166703738 554861 1.8 46 25 1 2 40% 345100 1460 56%
c I 63133.27 298 33 675 4796630  1 166754322 597509 2.1 44 21 1 2 41% 345100 1460 56%
c ] 63204.78 298 37 675 4796630  1 166958676 766042 2.0 45 22 1 2 40% 345100 1460 56%
c { 63204.78 298 18 675 4796630  2 166958676 766042 2.7 28 10 1 2 45% 345100 1460 56%
c - 63403.66 299 18 676 4812335  3 167200162 569558 2.7 29 10 1 2 45% 345100 1460 56%
c p 63403.84 299 18 676 4812335  3 167200162 569697 2.7 29 10 1 2 45% 345100 1460 56%
c u 63407.52 299 18 676 4812335  3 167200162 565360 2.7 29 10 1 2 45% 345100 1460 56%
c v 63411.79 299 18 676 4812335  3 167200162 561765 2.7 29 10 1 2 45% 345100 1460 56%
c w 63411.80 299 18 676 4812335  3 167200162 561765 2.7 29 10 1 2 45% 345100 1460 56%
c B 63476.24 299 18 676 4820839  3 167332323 672481 2.7 28 10 1 2 45% 345100 1460 56%
c - 63710.96 300 18 677 4843788  3 167697325 590390 2.7 28 10 1 2 45% 345100 1460 56%
c p 63711.17 300 18 677 4843788  3 167697325 590527 2.7 28 10 1 2 45% 345100 1460 56%
c u 63714.69 300 18 677 4843788  3 167697325 586403 2.7 28 10 1 2 45% 345100 1460 56%
c 
c   seconds      reductions        conflicts           size   tier2       variables
c             MB        restarts           redundant      glue   trail         remaining
c              level           rate              size/glue  tier1  irredundant
c 
c v 63719.63 300 18 677 4843788  3 167697325 583363 2.7 28 10 1 2 45% 345100 1460 56%
c w 63719.65 300 18 677 4843788  3 167697325 583362 2.7 28 10 1 2 45% 345100 1460 56%
c W 63862.99 300 18 677 4857827  3 167911325 761105 2.7 28 10 1 2 45% 345100 1460 56%
c - 64056.52 301 18 678 4875608  2 168195227 603496 2.7 28 10 1 2 45% 345100 1460 56%
c p 64056.69 301 18 678 4875608  2 168195227 603636 2.7 28 10 1 2 45% 345100 1460 56%
c u 64059.75 301 18 678 4875608  2 168195227 599415 2.7 28 10 1 2 45% 345100 1460 56%
c v 64064.23 301 18 678 4875608  2 168195227 596332 2.7 28 10 1 2 45% 345100 1460 56%
c w 64064.24 301 18 678 4875608  2 168195227 596332 2.7 28 10 1 2 45% 345100 1460 56%
c s 64090.45 307 18 678 4879055  3 168247155 639391 2.7 28 10 1 2 45% 345100 1460 56%
c s 64091.03 307 18 678 4879055  3 168247155 639383 2.7 28 10 1 2 45% 345100 1460 56%
c } 64144.80 307 18 678 4885164  2 168350035 724856 2.7 28 10 1 2 45% 345100 1460 56%
c [ 64144.80 307 37 678 4885164  1 168350035 724856 2.0 45 22 1 2 40% 345100 1460 56%
c B 64197.96 307 31 678 4885164  1 168491326 851974 2.4 44 18 1 2 46% 345100 1460 56%
c - 64269.82 307 43 679 4885165  1 168693867 610876 2.3 54 23 1 2 43% 345100 1460 56%
c p 64270.02 307 43 679 4885165  1 168693867 611013 2.3 54 23 1 2 43% 345100 1460 56%
c u 64274.29 307 43 679 4885165  1 168693867 606628 2.3 54 23 1 2 43% 345100 1460 56%
c v 64279.37 307 43 679 4885165  1 168693867 602933 2.3 54 23 1 2 43% 345100 1460 56%
c w 64279.39 307 43 679 4885165  1 168693867 602933 2.3 54 23 1 2 43% 345100 1460 56%
c W 64441.72 307 41 679 4885165  1 169072328 927379 2.2 53 24 1 2 41% 345100 1460 56%
c - 64518.44 306 42 680 4885165  1 169193247 596934 2.2 52 24 1 2 43% 345100 1460 56%
c 
c   seconds      reductions        conflicts           size   tier2       variables
c             MB        restarts           redundant      glue   trail         remaining
c              level           rate              size/glue  tier1  irredundant
c 
c p 64518.63 306 42 680 4885165  1 169193247 597075 2.2 52 24 1 2 43% 345100 1460 56%
c u 64522.74 306 42 680 4885165  1 169193247 592899 2.2 52 24 1 2 43% 345100 1460 56%
c v 64527.40 306 42 680 4885165  1 169193247 588650 2.2 52 24 1 2 43% 345100 1460 56%
c w 64527.44 306 42 680 4885165  1 169193247 588650 2.2 52 24 1 2 43% 345100 1460 56%
c O 64726.25 306 39 680 4885196  1 169654330 967022 1.9 48 25 1 2 40% 345100 1460 56%
c - 64749.59 304 33 681 4885211  1 169693366 565373 2.1 45 21 1 2 43% 345100 1460 56%
c p 64749.76 304 33 681 4885211  1 169693366 565517 2.1 45 21 1 2 43% 345100 1460 56%
c u 64753.46 304 33 681 4885211  1 169693366 561383 2.1 45 21 1 2 43% 345100 1460 56%
c v 64753.48 304 33 681 4885211  1 169693366 561380 2.1 45 21 1 2 43% 345100 1460 56%
c w 64753.49 304 33 681 4885211  1 169693366 561379 2.1 45 21 1 2 43% 345100 1460 56%
c ] 64897.93 304 41 681 4885292  1 170050554 868847 2.0 46 23 1 2 44% 345100 1460 56%
c { 64897.93 304 18 681 4885292  2 170050554 868847 2.7 28 10 1 2 45% 345100 1460 56%
c - 65009.73 305 18 682 4894417  2 170194222 577791 2.8 28 10 1 2 45% 345100 1460 56%
c p 65009.91 305 18 682 4894417  2 170194222 577936 2.8 28 10 1 2 45% 345100 1460 56%
c u 65013.22 305 18 682 4894417  2 170194222 573840 2.8 28 10 1 2 45% 345100 1460 56%
c v 65016.42 305 18 682 4894417  2 170194222 571495 2.8 28 10 1 2 45% 345100 1460 56%
c # 65036.62 305 18 682 4897548  3 170237338 608023 2.8 29 10 1 2 45% 345100 1460 56%
c s 65074.59 310 18 682 4902393  3 170313002 671515 2.8 28 10 1 2 45% 345100 1460 56%
c s 65075.54 310 18 682 4902393  3 170313002 671465 2.8 28 10 1 2 45% 345100 1460 56%
c - 65318.66 311 17 683 4925431  2 170695816 594855 2.7 28 10 1 2 45% 345100 1460 56%
c 
c   seconds      reductions        conflicts           size   tier2       variables
c             MB        restarts           redundant      glue   trail         remaining
c              level           rate              size/glue  tier1  irredundant
c 
c p 65318.85 311 17 683 4925431  2 170695816 594992 2.7 28 10 1 2 45% 345100 1460 56%
c u 65322.05 311 17 683 4925431  2 170695816 590810 2.7 28 10 1 2 45% 345100 1460 56%
c v 65326.70 311 17 683 4925431  2 170695816 587361 2.7 28 10 1 2 45% 345100 1460 56%
c w 65326.72 311 17 683 4925431  2 170695816 587361 2.7 28 10 1 2 45% 345100 1460 56%
c B 65391.60 311 18 683 4933512  2 170821345 692215 2.8 28 10 1 2 45% 345100 1460 56%
c - 65633.01 312 18 684 4956702  2 171198149 609154 2.7 28 10 1 2 45% 345100 1460 56%
c p 65633.19 312 18 684 4956702  2 171198149 609300 2.7 28 10 1 2 45% 345100 1460 56%
c u 65636.84 312 18 684 4956702  2 171198149 604960 2.7 28 10 1 2 45% 345100 1460 56%
c v 65641.83 312 18 684 4956702  2 171198149 601505 2.7 28 10 1 2 45% 345100 1460 56%
c W 65789.46 312 18 684 4969837  3 171406347 773775 2.7 28 10 1 2 45% 345100 1460 56%
c } 65835.43 312 18 684 4974500  3 171480332 835140 2.8 28 10 1 2 46% 345100 1460 56%
c [ 65835.44 312 41 684 4974500  1 171480332 835140 2.0 46 23 1 2 44% 345100 1460 56%
c - 65917.21 312 41 685 4974576  1 171701222 614334 1.9 45 24 1 2 43% 345100 1460 56%
c p 65917.42 312 41 685 4974576  1 171701222 614473 1.9 45 24 1 2 43% 345100 1460 56%
c u 65920.98 312 41 685 4974576  1 171701222 609978 1.9 45 24 1 2 43% 345100 1460 56%
c v 65926.05 312 41 685 4974576  1 171701222 606033 1.9 45 24 1 2 43% 345100 1460 56%
c w 65926.07 312 41 685 4974576  1 171701222 606031 1.9 45 24 1 2 43% 345100 1460 56%
c B 66005.92 312 40 685 4974628  1 171992348 842220 1.8 46 25 1 2 42% 345100 1460 56%
c - 66111.57 311 40 686 4974680  1 172205033 598553 1.9 47 25 1 2 42% 345100 1460 56%
c p 66111.72 311 40 686 4974680  1 172205033 598694 1.9 47 25 1 2 42% 345100 1460 56%
c 
c   seconds      reductions        conflicts           size   tier2       variables
c             MB        restarts           redundant      glue   trail         remaining
c              level           rate              size/glue  tier1  irredundant
c 
c u 66115.13 311 40 686 4974680  1 172205033 594514 1.9 47 25 1 2 42% 345100 1460 56%
c v 66119.47 311 40 686 4974680  1 172205033 590099 1.9 47 25 1 2 42% 345100 1460 56%
c w 66119.51 311 40 686 4974680  1 172205033 590092 1.9 47 25 1 2 42% 345100 1460 56%
c W 66269.08 311 37 686 4974770  1 172579349 902020 1.9 44 23 1 2 40% 345100 1460 56%
c - 66352.30 308 46 687 4974817  1 172709583 565374 1.7 51 29 1 2 40% 345100 1460 56%
c p 66352.46 308 46 687 4974817  1 172709583 565517 1.7 51 29 1 2 40% 345100 1460 56%
c u 66356.24 308 46 687 4974817  1 172709583 561288 1.7 51 29 1 2 40% 345100 1460 56%
c v 66356.24 308 46 687 4974817  1 172709583 561286 1.7 51 29 1 2 40% 345100 1460 56%
c w 66356.25 308 46 687 4974817  1 172709583 561286 1.7 51 29 1 2 40% 345100 1460 56%
c I 66528.94 308 39 687 4974884  1 173167351 947749 2.0 49 25 1 2 43% 345100 1460 56%
c - 66553.66 308 39 688 4974884  1 173214870 558677 2.0 50 25 1 2 43% 345100 1460 56%
c p 66553.84 308 39 688 4974884  1 173214870 558816 2.0 50 25 1 2 43% 345100 1460 56%
c u 66557.12 308 39 688 4974884  1 173214870 554772 2.0 50 25 1 2 43% 345100 1460 56%
c v 66557.14 308 39 688 4974884  1 173214870 554760 2.0 50 25 1 2 43% 345100 1460 56%
c w 66557.15 308 39 688 4974884  1 173214870 554754 2.0 50 25 1 2 43% 345100 1460 56%
c ] 66631.21 308 36 688 4974915  1 173480704 770436 1.8 42 23 1 2 41% 345100 1460 56%
c { 66631.21 308 18 688 4974915  3 173480704 770436 2.8 28 10 1 2 46% 345100 1460 56%
c - 66821.56 309 18 689 4990930  3 173720895 570821 2.8 28 10 1 2 46% 345100 1460 56%
c p 66821.73 309 18 689 4990930  3 173720895 570963 2.8 28 10 1 2 46% 345100 1460 56%
c u 66824.75 309 18 689 4990930  3 173720895 566774 2.8 28 10 1 2 46% 345100 1460 56%
c 
c   seconds      reductions        conflicts           size   tier2       variables
c             MB        restarts           redundant      glue   trail         remaining
c              level           rate              size/glue  tier1  irredundant
c 
c v 66828.44 309 18 689 4990930  3 173720895 563293 2.8 28 10 1 2 46% 345100 1460 56%
c w 66828.45 309 18 689 4990930  3 173720895 563293 2.8 28 10 1 2 46% 345100 1460 56%
c F 66844.42 309 18 689 4992976  3 173756352 592755 2.8 28 10 1 2 45% 345100 1460 56%
c - 67120.95 311 18 690 5022349  2 174227661 593692 2.7 28 10 1 2 45% 345100 1460 56%
c p 67121.12 311 18 690 5022349  2 174227661 593838 2.7 28 10 1 2 45% 345100 1460 56%
c u 67124.69 311 18 690 5022349  2 174227661 589497 2.7 28 10 1 2 45% 345100 1460 56%
c v 67129.08 311 18 690 5022349  2 174227661 586270 2.7 28 10 1 2 45% 345100 1460 56%
c w 67129.08 311 18 690 5022349  2 174227661 586270 2.7 28 10 1 2 45% 345100 1460 56%
c B 67186.01 311 18 690 5029856  3 174346356 683790 2.7 28 10 1 2 45% 345100 1460 56%
c - 67429.21 311 18 691 5053836  2 174735166 606753 2.7 28 10 1 2 45% 345100 1460 56%
c p 67429.41 311 18 691 5053836  2 174735166 606893 2.7 28 10 1 2 45% 345100 1460 56%
c u 67433.92 311 18 691 5053836  2 174735166 602582 2.7 28 10 1 2 45% 345100 1460 56%
c v 67439.17 311 18 691 5053836  2 174735166 599671 2.7 28 10 1 2 45% 345100 1460 56%
c w 67439.19 311 18 691 5053836  2 174735166 599671 2.7 28 10 1 2 45% 345100 1460 56%
c s 67506.30 311 18 691 5062616  2 174872131 715083 2.7 28 10 1 2 45% 345100 1460 56%
c s 67507.40 311 18 691 5062616  2 174872131 714718 2.7 28 10 1 2 45% 345100 1460 56%
c W 67582.67 311 18 691 5066280  2 174937357 769289 2.7 28 10 1 2 45% 345100 1460 56%
c } 67590.75 311 18 691 5067020  2 174949562 779476 2.7 28 10 1 2 45% 345100 1460 56%
c [ 67590.75 311 36 691 5067020  1 174949562 779476 1.8 42 23 1 2 41% 345100 1460 56%
c - 67713.41 311 32 692 5067114  1 175243409 610544 2.1 40 19 1 2 44% 345100 1460 56%
c 
c   seconds      reductions        conflicts           size   tier2       variables
c             MB        restarts           redundant      glue   trail         remaining
c              level           rate              size/glue  tier1  irredundant
c 
c p 67713.58 311 32 692 5067114  1 175243409 610689 2.1 40 19 1 2 44% 345100 1460 56%
c u 67717.87 311 32 692 5067114  1 175243409 606485 2.1 40 19 1 2 44% 345100 1460 56%
c v 67723.27 311 32 692 5067114  1 175243409 602686 2.1 40 19 1 2 44% 345100 1460 56%
c w 67723.28 311 32 692 5067114  1 175243409 602686 2.1 40 19 1 2 44% 345100 1460 56%
c B 67819.71 311 42 692 5067179  1 175529358 852846 2.1 51 24 1 2 44% 345100 1460 56%
c - 67915.41 311 41 693 5067243  1 175752389 603681 2.1 49 24 1 2 43% 345100 1460 56%
c p 67915.61 311 41 693 5067243  1 175752389 603825 2.1 49 24 1 2 43% 345100 1460 56%
c u 67919.25 311 41 693 5067243  1 175752389 599839 2.1 49 24 1 2 43% 345100 1460 56%
c v 67924.09 311 41 693 5067243  1 175752389 595682 2.1 49 24 1 2 43% 345100 1460 56%
c w 67924.11 311 41 693 5067243  1 175752389 595681 2.1 49 24 1 2 43% 345100 1460 56%
c W 68085.45 311 39 693 5067307  1 176122359 906340 2.1 50 24 1 2 42% 345100 1460 56%
c - 68136.04 310 44 694 5067353  1 176262108 582945 2.2 52 24 1 2 45% 345100 1460 56%
c p 68136.22 310 44 694 5067353  1 176262108 583083 2.2 52 24 1 2 45% 345100 1460 56%
c u 68139.53 310 44 694 5067353  1 176262108 578909 2.2 52 24 1 2 45% 345100 1460 56%
c v 68139.55 310 44 694 5067353  1 176262108 578902 2.2 52 24 1 2 45% 345100 1460 56%
c w 68139.57 310 44 694 5067353  1 176262108 578899 2.2 52 24 1 2 45% 345100 1460 56%
c O 68336.96 310 28 694 5067479  1 176716360 960623 2.3 40 18 1 2 48% 345100 1460 56%
c ] 68355.87 310 27 694 5067495  1 176756590 995607 2.4 40 17 1 2 47% 345100 1460 56%
c { 68355.87 310 18 694 5067495  2 176756590 995607 2.7 28 10 1 2 45% 345100 1460 56%
c - 68372.62 310 18 695 5068442  2 176772566 578853 2.7 28 10 1 2 45% 345100 1460 56%
c 
c   seconds      reductions        conflicts           size   tier2       variables
c             MB        restarts           redundant      glue   trail         remaining
c              level           rate              size/glue  tier1  irredundant
c 
c p 68372.82 310 18 695 5068442  2 176772566 578999 2.7 28 10 1 2 45% 345100 1460 56%
c u 68384.61 310 18 695 5068442  2 176772566 574620 2.7 28 10 1 2 45% 345100 1460 56%
c - 68689.64 311 18 696 5100822  3 177283761 600263 2.7 28 10 1 2 45% 345100 1460 56%
c p 68689.83 311 18 696 5100822  3 177283761 600402 2.7 28 10 1 2 45% 345100 1460 56%
c u 68692.57 311 18 696 5100822  3 177283761 595935 2.7 28 10 1 2 45% 345100 1460 56%
c v 68697.05 311 18 696 5100822  3 177283761 593213 2.7 28 10 1 2 45% 345100 1460 56%
c # 68710.08 311 18 696 5102573  3 177311361 616230 2.7 28 10 1 2 45% 345100 1460 56%
c s 68721.19 311 18 696 5104021  3 177328993 631090 2.7 28 10 1 2 45% 345100 1460 56%
c s 68722.24 311 18 696 5104021  3 177328993 631065 2.7 28 10 1 2 45% 345100 1460 56%
c - 69002.45 312 18 697 5132305  2 177795695 619049 2.7 28 10 1 2 46% 345100 1460 56%
c p 69002.65 312 18 697 5132305  2 177795695 619187 2.7 28 10 1 2 46% 345100 1460 56%
c u 69005.92 312 18 697 5132305  2 177795695 614677 2.7 28 10 1 2 46% 345100 1460 56%
c v 69011.37 312 18 697 5132305  2 177795695 611237 2.7 28 10 1 2 46% 345100 1460 56%
c w 69011.39 312 18 697 5132305  2 177795695 611237 2.7 28 10 1 2 46% 345100 1460 56%
c B 69068.31 312 18 697 5139519  2 177907365 704654 2.7 28 10 1 2 46% 345100 1460 56%
c } 69292.53 312 18 697 5161114  2 178260908 999394 2.7 29 10 1 2 46% 345100 1460 56%
c [ 69292.53 312 27 697 5161114  1 178260908 999394 2.4 40 17 1 2 47% 345100 1460 56%
c - 69313.67 313 24 698 5161116  1 178308368 629030 2.5 38 15 1 2 48% 345100 1460 56%
c p 69313.83 313 24 698 5161116  1 178308368 629168 2.5 38 15 1 2 48% 345100 1460 56%
c u 69317.49 313 24 698 5161116  1 178308368 624741 2.5 38 15 1 2 48% 345100 1460 56%
c 
c   seconds      reductions        conflicts           size   tier2       variables
c             MB        restarts           redundant      glue   trail         remaining
c              level           rate              size/glue  tier1  irredundant
c 
c v 69322.76 313 24 698 5161116  1 178308368 621101 2.5 38 15 1 2 48% 345100 1460 56%
c w 69322.79 313 24 698 5161116  1 178308368 621101 2.5 38 15 1 2 48% 345100 1460 56%
c B 69376.40 313 38 698 5161118  1 178504366 792965 2.2 48 22 1 2 41% 345100 1460 56%
c - 69530.11 313 39 699 5161120  1 178821781 622697 2.0 49 25 1 2 39% 345100 1460 56%
c p 69530.27 313 39 699 5161120  1 178821781 622834 2.0 49 25 1 2 39% 345100 1460 56%
c u 69533.78 313 39 699 5161120  1 178821781 618792 2.0 49 25 1 2 39% 345100 1460 56%
c v 69538.50 313 39 699 5161120  1 178821781 615249 2.0 49 25 1 2 39% 345100 1460 56%
c w 69538.53 313 39 699 5161120  1 178821781 615248 2.0 49 25 1 2 39% 345100 1460 56%
c W 69696.16 313 35 699 5161120  1 179102369 854327 2.1 47 22 1 2 40% 345100 1460 56%
c - 69808.23 311 32 700 5161133  1 179335932 595642 2.3 42 18 1 2 48% 345100 1460 56%
c p 69808.42 311 32 700 5161133  1 179335932 595782 2.3 42 18 1 2 48% 345100 1460 56%
c u 69812.21 311 32 700 5161133  1 179335932 591567 2.3 42 18 1 2 48% 345100 1460 56%
c v 69812.21 311 32 700 5161133  1 179335932 591566 2.3 42 18 1 2 48% 345100 1460 56%
c w 69812.22 311 32 700 5161133  1 179335932 591566 2.3 42 18 1 2 48% 345100 1460 56%
c s 69906.15 311 29 700 5161220  1 179605169 824433 2.4 42 18 1 2 49% 345100 1460 56%
c s 69906.96 311 29 700 5161220  1 179605169 824374 2.4 42 18 1 2 49% 345100 1460 56%
c I 69949.18 311 30 700 5161246  1 179701373 907687 2.4 42 17 1 2 50% 345100 1460 56%
c - 70017.56 311 46 701 5161278  1 179850821 593108 1.7 47 27 1 2 42% 345100 1460 56%
c p 70017.74 311 46 701 5161278  1 179850821 593250 1.7 47 27 1 2 42% 345100 1460 56%
c u 70021.41 311 46 701 5161278  1 179850821 588863 1.7 47 27 1 2 42% 345100 1460 56%
c 
c   seconds      reductions        conflicts           size   tier2       variables
c             MB        restarts           redundant      glue   trail         remaining
c              level           rate              size/glue  tier1  irredundant
c 
c v 70021.42 311 46 701 5161278  1 179850821 588860 1.7 47 27 1 2 42% 345100 1460 56%
c w 70021.44 311 46 701 5161278  1 179850821 588858 1.7 47 27 1 2 42% 345100 1460 56%
c ] 70101.36 311 39 701 5161351  1 180081133 783264 2.1 48 23 1 2 43% 345100 1460 56%
c { 70101.36 311 18 701 5161351  2 180081133 783264 2.7 29 10 1 2 46% 345100 1460 56%
c W 70297.85 311 18 701 5174994  2 180301374 964173 2.7 28 10 1 2 46% 345100 1460 56%
c - 70351.99 312 17 702 5178708  2 180366451 607404 2.7 28 10 1 2 46% 345100 1460 56%
c p 70352.20 312 17 702 5178708  2 180366451 607547 2.7 28 10 1 2 46% 345100 1460 56%
c u 70355.56 312 17 702 5178708  2 180366451 603212 2.7 28 10 1 2 46% 345100 1460 56%
c v 70360.34 312 17 702 5178708  2 180366451 600303 2.7 28 10 1 2 46% 345100 1460 56%
c w 70360.35 312 17 702 5178708  2 180366451 600303 2.7 28 10 1 2 46% 345100 1460 56%
c - 70680.54 313 17 703 5210932  2 180882817 626462 2.7 28 10 1 2 45% 345100 1460 56%
c p 70680.74 313 17 703 5210932  2 180882817 626601 2.7 28 10 1 2 45% 345100 1460 56%
c u 70684.23 313 17 703 5210932  2 180882817 622240 2.7 28 10 1 2 45% 345100 1460 56%
c v 70689.19 313 17 703 5210932  2 180882817 618972 2.7 28 10 1 2 45% 345100 1460 56%
c w 70689.21 313 17 703 5210932  2 180882817 618972 2.7 28 10 1 2 45% 345100 1460 56%
c F 70699.88 313 17 703 5212187  2 180902375 635218 2.7 28 10 1 2 45% 345100 1460 56%
c - 71027.88 314 18 704 5244083  3 181399923 640158 2.7 28 10 1 2 45% 345100 1460 56%
c p 71028.06 314 18 704 5244083  3 181399923 640296 2.7 28 10 1 2 45% 345100 1460 56%
c u 71031.56 314 18 704 5244083  3 181399923 635920 2.7 28 10 1 2 45% 345100 1460 56%
c v 71036.29 314 18 704 5244083  3 181399923 632553 2.7 28 10 1 2 45% 345100 1460 56%
c 
c   seconds      reductions        conflicts           size   tier2       variables
c             MB        restarts           redundant      glue   trail         remaining
c              level           rate              size/glue  tier1  irredundant
c 
c B 71090.33 314 18 704 5250583  2 181504377 719245 2.7 28 10 1 2 46% 345100 1460 56%
c } 71099.61 314 18 704 5251595  2 181521059 732977 2.7 28 10 1 2 46% 345100 1460 56%
c [ 71099.61 314 39 704 5251595  1 181521059 732977 2.1 48 23 1 2 43% 345100 1460 56%
c s 71179.75 314 36 704 5251619  1 181734095 916780 2.1 44 21 1 2 48% 345100 1460 56%
c s 71180.68 314 36 704 5251619  1 181734095 916742 2.1 44 21 1 2 48% 345100 1460 56%
c - 71280.03 314 30 705 5251658  1 181917767 640062 2.2 41 19 1 2 45% 345100 1460 56%
c p 71280.21 314 30 705 5251658  1 181917767 640202 2.2 41 19 1 2 45% 345100 1460 56%
c u 71284.38 314 30 705 5251658  1 181917767 636058 2.2 41 19 1 2 45% 345100 1460 56%
c v 71290.10 314 30 705 5251658  1 181917767 632414 2.2 41 19 1 2 45% 345100 1460 56%
c w 71290.11 314 30 705 5251658  1 181917767 632413 2.2 41 19 1 2 45% 345100 1460 56%
c B 71355.14 314 26 705 5251716  1 182107379 794701 2.4 38 16 1 2 47% 345100 1460 56%
c - 71515.58 313 26 706 5251807  1 182436349 626717 2.3 38 16 1 2 49% 345100 1460 56%
c p 71515.76 313 26 706 5251807  1 182436349 626857 2.3 38 16 1 2 49% 345100 1460 56%
c u 71519.44 313 26 706 5251807  1 182436349 622758 2.3 38 16 1 2 49% 345100 1460 56%
c v 71523.11 313 26 706 5251807  1 182436349 618147 2.3 38 16 1 2 49% 345100 1460 56%
c w 71523.12 313 26 706 5251807  1 182436349 618146 2.3 38 16 1 2 49% 345100 1460 56%
c W 71671.56 313 29 706 5251873  1 182711380 860992 2.5 42 17 1 2 50% 345100 1460 56%
c - 71794.28 312 38 707 5251875  1 182955672 614104 2.2 46 21 1 2 50% 345100 1460 56%
c p 71794.47 312 38 707 5251875  1 182955672 614246 2.2 46 21 1 2 50% 345100 1460 56%
c u 71798.72 312 38 707 5251875  1 182955672 609858 2.2 46 21 1 2 50% 345100 1460 56%
c 
c   seconds      reductions        conflicts           size   tier2       variables
c             MB        restarts           redundant      glue   trail         remaining
c              level           rate              size/glue  tier1  irredundant
c 
c v 71798.73 312 38 707 5251875  1 182955672 609854 2.2 46 21 1 2 50% 345100 1460 56%
c w 71798.76 312 38 707 5251875  1 182955672 609854 2.2 46 21 1 2 50% 345100 1460 56%
c ] 71919.69 312 29 707 5251919  1 183257453 872671 2.4 41 17 1 2 48% 345100 1460 56%
c { 71919.69 312 18 707 5251919  2 183257453 872671 2.7 28 10 1 2 46% 345100 1460 56%
c W 71975.10 312 18 707 5255258  2 183316381 921096 2.8 28 10 1 2 46% 345100 1460 56%
c - 72106.10 313 18 708 5265638  2 183475731 621318 2.7 28 10 1 2 45% 345100 1460 56%
c p 72106.32 313 18 708 5265638  2 183475731 621465 2.7 28 10 1 2 45% 345100 1460 56%
c u 72110.17 313 18 708 5265638  2 183475731 617047 2.7 28 10 1 2 45% 345100 1460 56%
c v 72114.60 313 18 708 5265638  2 183475731 612702 2.7 28 10 1 2 45% 345100 1460 56%
c s 72357.48 313 18 708 5289429  2 183878791 946997 2.7 28 10 1 2 45% 345100 1460 56%
c s 72358.92 313 18 708 5289429  2 183878791 946644 2.7 28 10 1 2 45% 345100 1460 56%
c # 72390.63 313 18 708 5292543  2 183922383 982276 2.7 28 10 1 2 46% 345100 1460 56%
c - 72445.43 314 18 709 5297285  2 183996533 639486 2.7 28 10 1 2 45% 345100 1460 56%
c p 72445.60 314 18 709 5297285  2 183996533 639626 2.7 28 10 1 2 45% 345100 1460 56%
c u 72448.85 314 18 709 5297285  2 183996533 635264 2.7 28 10 1 2 45% 345100 1460 56%
c v 72453.65 314 18 709 5297285  2 183996533 633176 2.7 28 10 1 2 45% 345100 1460 56%
c w 72453.66 314 18 709 5297285  2 183996533 633176 2.7 28 10 1 2 45% 345100 1460 56%
c - 72804.85 315 18 710 5331714  3 184518070 654869 2.7 28 10 1 2 45% 345100 1460 56%
c p 72805.04 315 18 710 5331714  3 184518070 655015 2.7 28 10 1 2 45% 345100 1460 56%
c u 72808.67 315 18 710 5331714  3 184518070 650581 2.7 28 10 1 2 45% 345100 1460 56%
c 
c   seconds      reductions        conflicts           size   tier2       variables
c             MB        restarts           redundant      glue   trail         remaining
c              level           rate              size/glue  tier1  irredundant
c 
c v 72814.81 315 18 710 5331714  3 184518070 647145 2.7 28 10 1 2 45% 345100 1460 56%
c B 72820.73 315 18 710 5332629  3 184529384 656800 2.7 28 10 1 2 45% 345100 1460 56%
c } 72926.86 315 17 710 5343502  2 184708746 804664 2.7 27 10 1 2 45% 345100 1460 56%
c [ 72926.86 315 29 710 5343502  1 184708746 804664 2.4 41 17 1 2 48% 345100 1460 56%
c - 73071.59 315 29 711 5343585  1 185040345 655450 2.3 39 17 1 2 47% 345100 1460 56%
c p 73071.77 315 29 711 5343585  1 185040345 655589 2.3 39 17 1 2 47% 345100 1460 56%
c u 73076.12 315 29 711 5343585  1 185040345 651422 2.3 39 17 1 2 47% 345100 1460 56%
c v 73081.34 315 29 711 5343585  1 185040345 647630 2.3 39 17 1 2 47% 345100 1460 56%
c w 73081.39 315 29 711 5343585  1 185040345 647629 2.3 39 17 1 2 47% 345100 1460 56%
c O 73113.28 315 30 711 5343615  1 185137385 732758 2.4 41 17 1 2 50% 345100 1460 56%
c - 73319.75 314 27 712 5343713  1 185563359 642520 2.5 40 16 1 2 47% 345100 1460 56%
c p 73319.94 314 27 712 5343713  1 185563359 642659 2.5 40 16 1 2 47% 345100 1460 56%
c u 73323.73 314 27 712 5343713  1 185563359 638491 2.5 40 16 1 2 47% 345100 1460 56%
c v 73328.26 314 27 712 5343713  1 185563359 634251 2.5 40 16 1 2 47% 345100 1460 56%
c w 73328.31 314 27 712 5343713  1 185563359 634250 2.5 40 16 1 2 47% 345100 1460 56%
c B 73393.78 314 31 712 5343744  1 185746389 798715 2.4 43 18 1 2 49% 345100 1460 56%
c s 73536.42 314 29 712 5343839  1 186039260 1047530 2.3 40 17 1 2 51% 345100 1460 56%
c s 73537.67 314 29 712 5343839  1 186039260 1047479 2.3 40 17 1 2 51% 345100 1460 56%
c - 73564.84 313 27 713 5343840  1 186087112 625292 2.3 38 17 1 2 50% 345100 1460 56%
c p 73565.01 313 27 713 5343840  1 186087112 625435 2.3 38 17 1 2 50% 345100 1460 56%
c 
c   seconds      reductions        conflicts           size   tier2       variables
c             MB        restarts           redundant      glue   trail         remaining
c              level           rate              size/glue  tier1  irredundant
c 
c u 73568.95 313 27 713 5343840  1 186087112 621054 2.3 38 17 1 2 50% 345100 1460 56%
c v 73568.97 313 27 713 5343840  1 186087112 621047 2.3 38 17 1 2 50% 345100 1460 56%
c w 73568.98 313 27 713 5343840  1 186087112 621047 2.3 38 17 1 2 50% 345100 1460 56%
c W 73735.45 313 24 713 5343915  1 186356390 848989 2.5 38 15 1 2 49% 345100 1460 56%
c ] 73771.18 313 35 713 5343948  1 186445947 924097 2.1 43 20 1 2 44% 345100 1460 56%
c { 73771.18 313 17 713 5343948  2 186445947 924097 2.7 27 10 1 2 45% 345100 1460 56%
c - 73909.96 313 18 714 5354227  2 186611603 628781 2.7 28 10 1 2 46% 345100 1460 56%
c p 73910.13 313 18 714 5354227  2 186611603 628928 2.7 28 10 1 2 46% 345100 1460 56%
c u 73913.90 313 18 714 5354227  2 186611603 624673 2.7 28 10 1 2 46% 345100 1460 56%
c v 73915.01 313 18 714 5354227  2 186611603 623354 2.7 28 10 1 2 46% 345100 1460 56%
c w 73915.02 313 18 714 5354227  2 186611603 623353 2.7 28 10 1 2 46% 345100 1460 56%
c W 74139.64 313 17 714 5375547  2 186967393 915667 2.7 28 10 1 2 46% 345100 1460 56%
c - 74266.74 314 18 715 5386715  2 187136835 647551 2.7 28 10 1 2 45% 345100 1460 56%
c p 74266.92 314 18 715 5386715  2 187136835 647701 2.7 28 10 1 2 45% 345100 1460 56%
c u 74271.03 314 18 715 5386715  2 187136835 643492 2.7 28 10 1 2 45% 345100 1460 56%
c v 74276.38 314 18 715 5386715  2 187136835 640458 2.7 28 10 1 2 45% 345100 1460 56%
c w 74276.39 314 18 715 5386715  2 187136835 640458 2.7 28 10 1 2 45% 345100 1460 56%
c F 74562.60 314 17 715 5414928  2 187579395 1006466 2.7 28 10 1 2 46% 345100 1460 56%
c - 74627.67 315 18 716 5420336  2 187662803 662615 2.7 28 10 1 2 46% 345100 1460 56%
c p 74627.89 315 18 716 5420336  2 187662803 662757 2.7 28 10 1 2 46% 345100 1460 56%
c 
c   seconds      reductions        conflicts           size   tier2       variables
c             MB        restarts           redundant      glue   trail         remaining
c              level           rate              size/glue  tier1  irredundant
c 
c u 74631.79 315 18 716 5420336  2 187662803 658619 2.7 28 10 1 2 46% 345100 1460 56%
c v 74637.52 315 18 716 5420336  2 187662803 655000 2.7 28 10 1 2 46% 345100 1460 56%
c w 74637.53 315 18 716 5420336  2 187662803 654999 2.7 28 10 1 2 46% 345100 1460 56%
c } 74790.29 315 17 716 5436215  2 187921712 869376 2.7 28 10 1 2 45% 345100 1460 56%
c [ 74790.29 315 35 716 5436215  1 187921712 869376 2.1 43 20 1 2 44% 345100 1460 56%
c - 74897.97 316 34 717 5436235  1 188189513 669402 2.6 47 18 1 2 53% 345100 1460 56%
c p 74898.16 316 34 717 5436235  1 188189513 669547 2.6 47 18 1 2 53% 345100 1460 56%
c u 74901.87 316 34 717 5436235  1 188189513 665222 2.6 47 18 1 2 53% 345100 1460 56%
c v 74907.59 316 34 717 5436235  1 188189513 661638 2.6 47 18 1 2 53% 345100 1460 56%
c w 74907.62 316 34 717 5436235  1 188189513 661638 2.6 47 18 1 2 53% 345100 1460 56%
c I 74908.75 316 34 717 5436235  1 188192397 664304 2.6 47 18 1 2 53% 345100 1460 56%
c - 75235.61 314 41 718 5436237  1 188716960 643599 1.6 44 27 1 2 41% 345100 1460 56%
c p 75235.79 314 41 718 5436237  1 188716960 643740 1.6 44 27 1 2 41% 345100 1460 56%
c u 75238.94 314 41 718 5436237  1 188716960 639617 1.6 44 27 1 2 41% 345100 1460 56%
c v 75238.96 314 41 718 5436237  1 188716960 639615 1.6 44 27 1 2 41% 345100 1460 56%
c w 75238.97 314 41 718 5436237  1 188716960 639615 1.6 44 27 1 2 41% 345100 1460 56%
c B 75276.22 314 32 718 5436237  1 188806400 714636 1.9 40 21 1 2 43% 345100 1460 56%
c s 75423.00 316 42 718 5436238  1 189169913 1021899 1.9 48 25 1 2 43% 345084 1460 56%
c s 75424.16 392 42 718 5436238  1 189169913 1021755 1.9 48 25 1 2 43% 345084 1460 56%
c - 75463.35 313 45 719 5436238  1 189245145 610589 1.9 51 28 1 2 42% 345084 1460 56%
c 
c   seconds      reductions        conflicts           size   tier2       variables
c             MB        restarts           redundant      glue   trail         remaining
c              level           rate              size/glue  tier1  irredundant
c 
c p 75463.50 313 45 719 5436238  1 189245145 610735 1.9 51 28 1 2 42% 345084 1460 56%
c u 75466.87 313 45 719 5436238  1 189245145 606479 1.9 51 28 1 2 42% 345084 1460 56%
c v 75466.88 313 45 719 5436238  1 189245145 606478 1.9 51 28 1 2 42% 345084 1460 56%
c w 75466.90 313 45 719 5436238  1 189245145 606478 1.9 51 28 1 2 42% 345084 1460 56%
c W 75544.49 313 47 719 5436238  1 189421404 756966 1.8 50 28 1 2 42% 345084 1460 56%
c ] 75672.93 313 43 719 5436238  1 189668161 966757 2.0 49 25 1 2 45% 345084 1460 56%
c { 75672.93 313 17 719 5436238  2 189668161 966757 2.7 28 10 1 2 45% 345084 1460 56%
c - 75770.00 315 17 720 5442815  2 189774061 611553 2.7 27 10 1 2 45% 345084 1460 56%
c p 75770.20 315 17 720 5442815  2 189774061 611705 2.7 27 10 1 2 45% 345084 1460 56%
c u 75773.96 315 17 720 5442815  2 189774061 607205 2.7 27 10 1 2 45% 345084 1460 56%
c B 76002.15 315 17 720 5459859  2 190037406 826383 2.8 28 10 1 2 45% 345084 1460 56%
c - 76322.83 316 17 721 5477732  2 190303717 633783 2.7 27 10 1 2 45% 345084 1460 56%
c p 76323.16 316 17 721 5477732  2 190303717 633925 2.7 27 10 1 2 45% 345084 1460 56%
c u 76328.38 316 17 721 5477732  2 190303717 629504 2.7 27 10 1 2 45% 345084 1460 56%
c v 76335.35 316 17 721 5477732  2 190303717 626930 2.7 27 10 1 2 45% 345084 1460 56%
c W 76677.96 316 18 721 5500604  2 190654407 918277 2.7 28 10 1 2 45% 345084 1460 56%
c - 76880.45 317 18 722 5512502  2 190834111 651347 2.6 27 10 1 2 45% 345084 1460 56%
c p 76880.74 317 18 722 5512502  2 190834111 651489 2.6 27 10 1 2 45% 345084 1460 56%
c u 76884.95 317 18 722 5512502  2 190834111 646854 2.6 27 10 1 2 45% 345084 1460 56%
c v 76892.54 317 18 722 5512502  2 190834111 643398 2.6 27 10 1 2 45% 345084 1460 56%
c 
c   seconds      reductions        conflicts           size   tier2       variables
c             MB        restarts           redundant      glue   trail         remaining
c              level           rate              size/glue  tier1  irredundant
c 
c w 76892.55 317 18 722 5512502  2 190834111 643398 2.6 27 10 1 2 45% 345084 1460 56%
c } 77200.30 317 17 722 5533449  2 191169151 920638 2.7 27 10 1 2 45% 345084 1460 56%
c [ 77200.30 317 43 722 5533449  1 191169151 920638 2.0 49 25 1 2 45% 345084 1460 56%
c O 77270.30 317 34 722 5533449  1 191272410 1011938 2.2 44 20 1 2 44% 345084 1460 56%
c - 77318.06 318 28 723 5533449  1 191365242 658808 2.5 41 17 1 2 46% 345084 1460 56%
c p 77318.30 318 28 723 5533449  1 191365242 658954 2.5 41 17 1 2 46% 345084 1460 56%
c u 77322.33 318 28 723 5533449  1 191365242 654269 2.5 41 17 1 2 46% 345084 1460 56%
c v 77328.09 318 28 723 5533449  1 191365242 650533 2.5 41 17 1 2 46% 345084 1460 56%
c w 77328.10 318 28 723 5533449  1 191365242 650533 2.5 41 17 1 2 46% 345084 1460 56%
c s 77725.67 318 29 723 5533450  1 191840813 1066506 2.5 41 17 1 2 47% 345084 1460 56%
c s 77728.95 318 29 723 5533450  1 191840813 1066324 2.5 41 17 1 2 47% 345084 1460 56%
c B 77785.67 318 28 723 5533450  1 191891411 1109411 2.4 41 17 1 2 47% 345084 1460 56%
c - 77792.99 318 29 724 5533450  1 191897116 651892 2.4 41 17 1 2 47% 345084 1460 56%
c p 77793.33 318 29 724 5533450  1 191897116 652036 2.4 41 17 1 2 47% 345084 1460 56%
c u 77800.25 318 29 724 5533450  1 191897116 647454 2.4 41 17 1 2 47% 345084 1460 56%
c v 77809.19 318 29 724 5533450  1 191897116 643415 2.4 41 17 1 2 47% 345084 1460 56%
c w 77809.21 318 29 724 5533450  1 191897116 643414 2.4 41 17 1 2 47% 345084 1460 56%
c - 78219.77 317 39 725 5533450  1 192429725 637051 2.3 52 22 1 2 42% 345084 1460 56%
c p 78220.07 317 39 725 5533450  1 192429725 637194 2.3 52 22 1 2 42% 345084 1460 56%
c u 78226.78 317 39 725 5533450  1 192429725 632737 2.3 52 22 1 2 42% 345084 1460 56%
c 
c   seconds      reductions        conflicts           size   tier2       variables
c             MB        restarts           redundant      glue   trail         remaining
c              level           rate              size/glue  tier1  irredundant
c 
c v 78232.34 317 39 725 5533450  1 192429725 629430 2.3 52 22 1 2 42% 345084 1460 56%
c w 78232.38 317 39 725 5533450  1 192429725 629427 2.3 52 22 1 2 42% 345084 1460 56%
c W 78335.28 317 44 725 5533450  1 192511421 703064 2.3 54 24 1 2 42% 345084 1460 56%
c - 78747.65 316 41 726 5533450  1 192963074 622014 2.2 51 23 1 2 44% 345084 1460 56%
c p 78747.97 316 41 726 5533450  1 192963074 622152 2.2 51 23 1 2 44% 345084 1460 56%
c u 78754.74 316 41 726 5533450  1 192963074 617690 2.2 51 23 1 2 44% 345084 1460 56%
c v 78754.77 316 41 726 5533450  1 192963074 617690 2.2 51 23 1 2 44% 345084 1460 56%
c w 78754.82 316 41 726 5533450  1 192963074 617690 2.2 51 23 1 2 44% 345084 1460 56%
c ] 78845.46 316 32 726 5533450  1 193086003 725080 2.3 42 18 1 2 48% 345084 1460 56%
c { 78845.46 316 17 726 5533450  2 193086003 725080 2.7 27 10 1 2 45% 345084 1460 56%
c # 78902.76 316 17 726 5536188  2 193132423 762539 2.7 27 10 1 2 45% 345084 1460 56%
c - 79455.98 317 17 727 5559669  2 193497159 635855 2.7 27 10 1 2 45% 345084 1460 56%
c p 79456.63 317 17 727 5559669  2 193497159 635995 2.7 27 10 1 2 45% 345084 1460 56%
c u 79493.75 317 17 727 5559669  2 193497159 631449 2.7 27 10 1 2 45% 345084 1460 56%
c v 79502.68 317 17 727 5559669  2 193497159 627530 2.7 27 10 1 2 45% 345084 1460 56%
c w 79502.69 317 17 727 5559669  2 193497159 627530 2.7 27 10 1 2 45% 345084 1460 56%
c B 79793.45 317 17 727 5576210  2 193754427 841308 2.7 27 10 1 2 45% 345084 1460 56%
c - 80179.93 318 17 728 5594159  2 194031985 654009 2.7 27 10 1 2 45% 345084 1460 56%
c p 80180.29 318 17 728 5594159  2 194031985 654149 2.7 27 10 1 2 45% 345084 1460 56%
c u 80187.16 318 17 728 5594159  2 194031985 649662 2.7 27 10 1 2 45% 345084 1460 56%
c 
c   seconds      reductions        conflicts           size   tier2       variables
c             MB        restarts           redundant      glue   trail         remaining
c              level           rate              size/glue  tier1  irredundant
c 
c v 80196.17 318 17 728 5594159  2 194031985 645842 2.7 27 10 1 2 45% 345084 1460 56%
c W 80698.31 318 17 728 5616710  2 194377428 931318 2.7 27 10 1 2 45% 345084 1460 56%
c - 80972.40 319 17 729 5628206  2 194567548 665132 2.7 27 10 1 2 45% 345084 1460 56%
c p 80972.96 319 17 729 5628206  2 194567548 665271 2.7 27 10 1 2 45% 345084 1460 56%
c u 80976.82 319 17 729 5628206  2 194567548 664125 2.7 27 10 1 2 45% 345084 1460 56%
c v 80987.23 319 17 729 5628206  2 194567548 660762 2.7 27 10 1 2 45% 345084 1460 56%
c w 80987.29 319 17 729 5628206  2 194567548 660762 2.7 27 10 1 2 45% 345084 1460 56%
c } 81019.68 319 17 729 5629921  2 194597033 684539 2.7 27 10 1 2 45% 345084 1460 56%
c [ 81019.68 319 32 729 5629921  1 194597033 684539 2.3 42 18 1 2 48% 345084 1460 56%
c I 81523.60 319 32 729 5629921  1 195001430 1045892 2.6 48 18 1 2 53% 345084 1460 56%
c - 81621.14 319 47 730 5629921  1 195103852 671477 2.2 51 24 1 2 48% 345084 1460 56%
c p 81621.53 319 47 730 5629921  1 195103852 671618 2.2 51 24 1 2 48% 345084 1460 56%
c u 81624.73 319 47 730 5629921  1 195103852 670200 2.2 51 24 1 2 48% 345084 1460 56%
c v 81635.88 319 47 730 5629921  1 195103852 666488 2.2 51 24 1 2 48% 345084 1460 56%
c w 81635.90 319 47 730 5629921  1 195103852 666488 2.2 51 24 1 2 48% 345084 1460 56%
c B 82293.49 319 30 730 5629922  1 195626437 1115966 2.5 45 18 1 2 50% 345084 1460 56%
c - 82325.75 317 32 731 5629922  1 195640893 647838 2.5 46 19 1 2 49% 345084 1460 56%
c p 82327.27 317 32 731 5629922  1 195640893 647979 2.5 46 19 1 2 49% 345084 1460 56%
c u 82333.29 317 32 731 5629922  1 195640893 647327 2.5 46 19 1 2 49% 345084 1460 56%
c v 82333.30 317 32 731 5629922  1 195640893 647327 2.5 46 19 1 2 49% 345084 1460 56%
c 
c   seconds      reductions        conflicts           size   tier2       variables
c             MB        restarts           redundant      glue   trail         remaining
c              level           rate              size/glue  tier1  irredundant
c 
c w 82333.45 317 32 731 5629922  1 195640893 647327 2.5 46 19 1 2 49% 345084 1460 56%
c - 83118.90 317 34 732 5629922  1 196178673 648505 2.5 48 19 1 2 49% 345084 1460 56%
c p 83119.31 317 34 732 5629922  1 196178673 648644 2.5 48 19 1 2 49% 345084 1460 56%
c u 83120.51 317 34 732 5629922  1 196178673 648637 2.5 48 19 1 2 49% 345084 1460 56%
c v 83120.55 317 34 732 5629922  1 196178673 648634 2.5 48 19 1 2 49% 345084 1460 56%
c w 83120.58 317 34 732 5629922  1 196178673 648634 2.5 48 19 1 2 49% 345084 1460 56%
c W 83268.48 317 27 732 5629922  1 196252439 711931 2.6 41 16 1 2 49% 345084 1460 56%
c ] 83430.20 317 49 732 5629922  1 196459513 891520 2.0 55 27 1 2 45% 345084 1460 56%
c { 83430.20 317 17 732 5629922  2 196459513 891520 2.7 27 10 1 2 45% 345084 1460 56%
c - 84106.14 318 17 733 5647069  2 196717192 657982 2.7 28 10 1 2 45% 345084 1460 56%
c p 84106.64 318 17 733 5647069  2 196717192 658130 2.7 28 10 1 2 45% 345084 1460 56%
c u 84110.20 318 17 733 5647069  2 196717192 657986 2.7 28 10 1 2 45% 345084 1460 56%
c v 84115.51 318 17 733 5647069  2 196717192 655131 2.7 28 10 1 2 45% 345084 1460 56%
c F 84342.46 318 17 733 5657096  2 196879440 788659 2.7 27 10 1 2 45% 345084 1460 56%
c - 84957.69 319 17 734 5681984  2 197256450 679089 2.7 28 10 1 2 45% 345084 1460 56%
c p 84958.06 319 17 734 5681984  2 197256450 679233 2.7 28 10 1 2 45% 345084 1460 56%
c u 84962.12 319 17 734 5681984  2 197256450 679030 2.7 28 10 1 2 45% 345084 1460 56%
c v 84971.14 319 17 734 5681984  2 197256450 676063 2.7 28 10 1 2 45% 345084 1460 56%
c B 85246.22 319 17 734 5697434  2 197507442 882879 2.7 27 10 1 2 45% 345084 1460 56%
c - 85603.95 320 17 735 5715652  2 197796448 694927 2.7 27 10 1 2 45% 345084 1460 56%
c 
c   seconds      reductions        conflicts           size   tier2       variables
c             MB        restarts           redundant      glue   trail         remaining
c              level           rate              size/glue  tier1  irredundant
c 
c p 85604.22 320 17 735 5715652  2 197796448 695076 2.7 27 10 1 2 45% 345084 1460 56%
c u 85607.91 320 17 735 5715652  2 197796448 694817 2.7 27 10 1 2 45% 345084 1460 56%
c v 85615.20 320 17 735 5715652  2 197796448 690979 2.7 27 10 1 2 45% 345084 1460 56%
c } 85713.68 320 17 735 5723377  2 197921979 794359 2.7 28 10 1 2 46% 345084 1460 56%
c [ 85713.68 320 49 735 5723377  1 197921979 794359 2.0 55 27 1 2 45% 345084 1460 56%
c O 85853.62 320 29 735 5723377  1 198136443 974906 2.2 39 18 1 2 41% 345084 1460 56%
c - 86028.56 320 25 736 5723377  1 198337187 700045 2.5 38 16 1 2 43% 345084 1460 56%
c p 86028.76 320 25 736 5723377  1 198337187 700187 2.5 38 16 1 2 43% 345084 1460 56%
c u 86031.68 320 25 736 5723377  1 198337187 699886 2.5 38 16 1 2 43% 345084 1460 56%
c v 86038.25 320 25 736 5723377  1 198337187 695848 2.5 38 16 1 2 43% 345084 1460 56%
c w 86038.27 320 25 736 5723377  1 198337187 695848 2.5 38 16 1 2 43% 345084 1460 56%
c B 86228.82 320 36 736 5723377  1 198766445 1083062 2.7 49 18 1 2 53% 345084 1460 56%
c - 86294.65 320 36 737 5723377  1 198878661 697388 2.5 47 19 1 2 49% 345084 1460 56%
c p 86294.84 320 36 737 5723377  1 198878661 697528 2.5 47 19 1 2 49% 345084 1460 56%
c u 86297.87 320 36 737 5723377  1 198878661 697212 2.5 47 19 1 2 49% 345084 1460 56%
c v 86302.68 320 36 737 5723377  1 198878661 692983 2.5 47 19 1 2 49% 345084 1460 56%
c w 86302.70 320 36 737 5723377  1 198878661 692983 2.5 47 19 1 2 49% 345084 1460 56%
c W 87088.33 320 31 737 5723377  1 199397446 1161508 2.6 48 18 1 2 51% 345084 1460 56%
c - 87119.15 319 34 738 5723377  1 199420871 687192 2.4 48 20 1 2 48% 345084 1460 56%
c p 87119.68 319 34 738 5723377  1 199420871 687333 2.4 48 20 1 2 48% 345084 1460 56%
c 
c   seconds      reductions        conflicts           size   tier2       variables
c             MB        restarts           redundant      glue   trail         remaining
c              level           rate              size/glue  tier1  irredundant
c 
c u 87127.77 319 34 738 5723377  1 199420871 686916 2.4 48 20 1 2 48% 345084 1460 56%
c w 87127.80 319 34 738 5723377  1 199420871 686916 2.4 48 20 1 2 48% 345084 1460 56%
c ] 87429.22 319 37 738 5723377  1 199707436 927408 2.1 47 23 1 2 41% 345084 1460 56%
c { 87429.22 319 17 738 5723377  2 199707436 927408 2.7 28 10 1 2 46% 345084 1460 56%
c - 88161.42 319 17 739 5739843  2 199963821 687429 2.7 27 10 1 2 45% 345084 1460 56%
c p 88161.92 319 17 739 5739843  2 199963821 687574 2.7 27 10 1 2 45% 345084 1460 56%
c u 88170.45 319 17 739 5739843  2 199963821 687165 2.7 27 10 1 2 45% 345084 1460 56%
c W 88304.83 319 17 739 5743944  2 200029447 740621 2.7 27 10 1 2 45% 345084 1460 56%
c s 89228.49 334 17 739 5772877  2 200466038 1100895 2.7 27 10 1 2 45% 345084 1460 56%
c s 89235.67 334 17 739 5772877  2 200466038 1100581 2.7 27 10 1 2 45% 345084 1460 56%
c - 89335.22 335 17 740 5775616  2 200507513 708365 2.7 27 10 1 2 45% 345084 1460 56%
c p 89335.70 335 17 740 5775616  2 200507513 708499 2.7 27 10 1 2 45% 345084 1460 56%
c u 89342.46 335 17 740 5775616  2 200507513 708066 2.7 27 10 1 2 45% 345084 1460 56%
c v 89354.51 335 17 740 5775616  2 200507513 704357 2.7 27 10 1 2 45% 345084 1460 56%
c w 89354.54 335 17 740 5775616  2 200507513 704357 2.7 27 10 1 2 45% 345084 1460 56%
c # 89596.39 335 17 740 5785250  2 200662449 831247 2.7 27 10 1 2 45% 345084 1460 56%
c - 90427.58 336 17 741 5810145  2 201051941 723663 2.7 27 10 1 2 45% 345084 1460 56%
c p 90428.01 336 17 741 5810145  2 201051941 723796 2.7 27 10 1 2 45% 345084 1460 56%
c u 90435.89 336 17 741 5810145  2 201051941 723272 2.7 27 10 1 2 45% 345084 1460 56%
c v 90446.71 336 17 741 5810145  2 201051941 719112 2.7 27 10 1 2 45% 345084 1460 56%
c 
c   seconds      reductions        conflicts           size   tier2       variables
c             MB        restarts           redundant      glue   trail         remaining
c              level           rate              size/glue  tier1  irredundant
c 
c } 90575.90 336 18 741 5816932  2 201145245 797010 2.7 28 10 1 2 45% 345084 1460 56%
c [ 90575.90 336 37 741 5816932  1 201145245 797010 2.1 47 23 1 2 41% 345084 1460 56%
c I 90716.29 336 37 741 5816932  1 201296455 928948 2.2 46 21 1 2 48% 345084 1460 56%
c - 91081.99 336 41 742 5816932  1 201597110 723113 1.9 49 26 1 2 40% 345084 1460 56%
c p 91082.65 336 41 742 5816932  1 201597110 723248 1.9 49 26 1 2 40% 345084 1460 56%
c u 91095.27 336 41 742 5816932  1 201597110 722720 1.9 49 26 1 2 40% 345084 1460 56%
c v 91110.99 336 41 742 5816932  1 201597110 718416 1.9 49 26 1 2 40% 345084 1460 56%
c w 91111.16 336 41 742 5816932  1 201597110 718408 1.9 49 26 1 2 40% 345084 1460 56%
c B 91414.60 336 38 742 5816932  1 201931458 1007899 2.3 48 21 1 2 47% 345084 1460 56%
c - 91748.73 335 31 743 5816932  1 202143016 708005 2.6 47 18 1 2 49% 345084 1460 56%
c p 91749.16 335 31 743 5816932  1 202143016 708143 2.6 47 18 1 2 49% 345084 1460 56%
c u 91758.56 335 31 743 5816932  1 202143016 707550 2.6 47 18 1 2 49% 345084 1460 56%
c v 91758.59 335 31 743 5816932  1 202143016 707547 2.6 47 18 1 2 49% 345084 1460 56%
c w 91758.63 335 31 743 5816932  1 202143016 707547 2.6 47 18 1 2 49% 345084 1460 56%
c W 92457.08 335 30 743 5816933  1 202567462 1071076 2.3 41 18 1 2 49% 345084 1460 56%
c s 92628.09 335 37 743 5816933  1 202689564 1184182 2.6 52 20 1 2 53% 345084 1460 56%
c s 92634.21 431 37 743 5816933  1 202689564 1184119 2.6 52 20 1 2 53% 345084 1460 56%
c - 92636.09 334 37 744 5816933  1 202689661 698092 2.6 52 20 1 2 53% 345084 1460 56%
c p 92636.50 334 37 744 5816933  1 202689661 698229 2.6 52 20 1 2 53% 345084 1460 56%
c u 92645.46 334 37 744 5816933  1 202689661 697617 2.6 52 20 1 2 53% 345084 1460 56%
c 
c   seconds      reductions        conflicts           size   tier2       variables
c             MB        restarts           redundant      glue   trail         remaining
c              level           rate              size/glue  tier1  irredundant
c 
c v 92645.49 334 37 744 5816933  1 202689661 697616 2.6 52 20 1 2 53% 345084 1460 56%
c w 92645.52 334 37 744 5816933  1 202689661 697616 2.6 52 20 1 2 53% 345084 1460 56%
c ] 93093.11 334 33 744 5816933  1 203068677 1025212 2.4 43 18 1 2 51% 345084 1460 56%
c { 93093.11 334 18 744 5816933  2 203068677 1025212 2.7 28 10 1 2 45% 345084 1460 56%
c B 93383.13 334 17 744 5825555  2 203204463 1137509 2.7 28 10 1 2 45% 345084 1460 56%
c - 93450.01 334 17 745 5827541  2 203237042 702613 2.7 28 10 1 2 45% 345084 1460 56%
c p 93450.53 334 17 745 5827541  2 203237042 702755 2.7 28 10 1 2 45% 345084 1460 56%
c u 93457.83 334 17 745 5827541  2 203237042 702154 2.7 28 10 1 2 45% 345084 1460 56%
c w 93457.86 334 17 745 5827541  2 203237042 702154 2.7 28 10 1 2 45% 345084 1460 56%
c - 94583.54 335 17 746 5863062  2 203785163 718722 2.7 28 10 1 2 45% 345084 1460 56%
c p 94583.98 335 17 746 5863062  2 203785163 718864 2.7 28 10 1 2 45% 345084 1460 56%
c u 94593.30 335 17 746 5863062  2 203785163 718214 2.7 28 10 1 2 45% 345084 1460 56%
c v 94601.48 335 17 746 5863062  2 203785163 713573 2.7 28 10 1 2 45% 345084 1460 56%
c w 94601.50 335 17 746 5863062  2 203785163 713573 2.7 28 10 1 2 45% 345084 1460 56%
c W 94719.34 335 17 746 5866303  2 203842464 761044 2.7 27 10 1 2 45% 345084 1460 56%
c - 95649.07 336 17 747 5898414  2 204334024 733344 2.6 27 10 1 2 45% 345084 1460 56%
c p 95649.55 336 17 747 5898414  2 204334024 733483 2.6 27 10 1 2 45% 345084 1460 56%
c u 95658.99 336 17 747 5898414  2 204334024 732920 2.6 27 10 1 2 45% 345084 1460 56%
c v 95671.00 336 17 747 5898414  2 204334024 728761 2.6 27 10 1 2 45% 345084 1460 56%
c F 95971.25 336 17 747 5907786  2 204481465 849688 2.7 27 10 1 2 45% 345084 1460 56%
c 
c   seconds      reductions        conflicts           size   tier2       variables
c             MB        restarts           redundant      glue   trail         remaining
c              level           rate              size/glue  tier1  irredundant
c 
c } 96103.80 336 17 747 5913321  2 204568083 921470 2.7 28 10 1 2 45% 345084 1460 56%
c [ 96103.80 336 33 747 5913321  1 204568083 921470 2.4 43 18 1 2 51% 345084 1460 56%
c - 96525.21 337 34 748 5913321  1 204883622 740098 2.3 44 20 1 2 50% 345084 1460 56%
c p 96525.83 337 34 748 5913321  1 204883622 740233 2.3 44 20 1 2 50% 345084 1460 56%
c u 96539.46 337 34 748 5913321  1 204883622 739724 2.3 44 20 1 2 50% 345084 1460 56%
c v 96554.71 337 34 748 5913321  1 204883622 735605 2.3 44 20 1 2 50% 345084 1460 56%
c w 96554.80 337 34 748 5913321  1 204883622 735605 2.3 44 20 1 2 50% 345084 1460 56%
c s 96593.93 337 32 748 5913321  1 204928858 775743 2.3 42 19 1 2 50% 345076 1460 56%
c s 96596.67 337 32 748 5913321  1 204928858 775613 2.3 42 19 1 2 50% 345076 1460 56%
c O 96785.12 337 32 748 5913321  1 205121467 942479 2.4 44 19 1 2 50% 345076 1460 56%
c - 97195.87 337 23 749 5913321  1 205433957 732891 2.9 46 16 1 2 47% 345076 1460 56%
c p 97196.23 337 23 749 5913321  1 205433957 733028 2.9 46 16 1 2 47% 345076 1460 56%
c u 97205.10 337 23 749 5913321  1 205433957 731059 2.9 46 16 1 2 47% 345076 1460 56%
c v 97205.17 337 23 749 5913321  1 205433957 731057 2.9 46 16 1 2 47% 345076 1460 56%
c w 97205.19 337 23 749 5913321  1 205433957 731057 2.9 46 16 1 2 47% 345076 1460 56%
c B 97490.78 337 30 749 5913321  1 205762469 1019911 2.6 45 17 1 2 51% 345076 1460 56%
c - 97758.89 335 28 750 5913321  1 205985028 717127 2.7 44 16 1 2 50% 345076 1460 56%
c p 97759.19 335 28 750 5913321  1 205985028 717262 2.7 44 16 1 2 50% 345076 1460 56%
c u 97765.29 335 28 750 5913321  1 205985028 713132 2.7 44 16 1 2 50% 345076 1460 56%
c v 97765.31 335 28 750 5913321  1 205985028 713130 2.7 44 16 1 2 50% 345076 1460 56%
c 
c   seconds      reductions        conflicts           size   tier2       variables
c             MB        restarts           redundant      glue   trail         remaining
c              level           rate              size/glue  tier1  irredundant
c 
c w 97765.32 335 28 750 5913321  1 205985028 713130 2.7 44 16 1 2 50% 345076 1460 56%
c i 97991.17 335 23 750 5913321  1 206387171 1065220 2.7 39 14 1 2 49% 345076 1459 55%
c W 98051.03 345 24 750 5913321  1 206404471 770172 2.6 39 15 1 2 48% 343957 1459 55%
c ] 98057.63 345 28 750 5913321  1 206424895 787592 2.4 40 17 1 2 46% 343957 1459 55%
c { 98057.63 345 17 750 5913321  2 206424895 787592 2.7 28 10 1 2 45% 343957 1459 55%
c - 98135.58 331 17 751 5920380  2 206536838 631232 2.7 28 10 1 2 45% 343957 1459 55%
c p 98135.78 331 17 751 5920380  2 206536838 631366 2.7 28 10 1 2 45% 343957 1459 55%
c u 98139.69 331 17 751 5920380  2 206536838 626874 2.7 28 10 1 2 45% 343957 1459 55%
c w 98139.70 331 17 751 5920380  2 206536838 626874 2.7 28 10 1 2 45% 343957 1459 55%
c x 98140.09 331 17 751 5920380  2 206536838 626874 2.7 28 10 1 2 45% 343957 1459 55%
c B 98491.96 331 17 751 5953543  2 207047472 1045376 2.6 27 10 1 2 45% 343957 1459 55%
c - 98525.18 336 17 752 5956154  2 207088879 692793 2.6 27 10 1 2 45% 343957 1459 55%
c p 98525.37 336 17 752 5956154  2 207088879 692933 2.6 27 10 1 2 45% 343957 1459 55%
c u 98528.90 336 17 752 5956154  2 207088879 688739 2.6 27 10 1 2 45% 343957 1459 55%
c v 98541.56 336 17 752 5956154  2 207088879 687267 2.6 27 10 1 2 45% 343957 1459 55%
c w 98541.60 336 17 752 5956154  2 207088879 687267 2.6 27 10 1 2 45% 343957 1459 55%
c s 98669.09 336 17 752 5962068  2 207183914 765328 2.7 27 10 1 2 45% 343957 1459 55%
c s 98670.03 336 17 752 5962068  2 207183914 765268 2.7 27 10 1 2 45% 343957 1459 55%
c - 99090.47 337 17 753 5991195  2 207641657 715291 2.7 28 10 1 2 45% 343957 1459 55%
c p 99090.73 337 17 753 5991195  2 207641657 715427 2.7 28 10 1 2 45% 343957 1459 55%
c 
c   seconds      reductions        conflicts           size   tier2       variables
c             MB        restarts           redundant      glue   trail         remaining
c              level           rate              size/glue  tier1  irredundant
c 
c u 99094.38 337 17 753 5991195  2 207641657 710952 2.7 28 10 1 2 45% 343957 1459 55%
c v 99102.69 337 17 753 5991195  2 207641657 709291 2.7 28 10 1 2 45% 343957 1459 55%
c w 99102.71 337 17 753 5991195  2 207641657 709291 2.7 28 10 1 2 45% 343957 1459 55%
c W 99179.18 337 17 753 5994531  2 207691473 749806 2.6 27 10 1 2 45% 343957 1459 55%
c } 99481.73 337 17 753 6011566  2 207972526 979183 2.6 27 10 1 2 45% 343957 1459 55%
c [ 99481.74 337 28 753 6011566  1 207972526 979183 2.4 40 17 1 2 46% 343957 1459 55%
c - 99649.48 338 30 754 6011566  1 208195174 726474 2.6 45 17 1 2 49% 343957 1459 55%
c p 99649.84 338 30 754 6011566  1 208195174 726612 2.6 45 17 1 2 49% 343957 1459 55%
c u 99656.33 338 30 754 6011566  1 208195174 722536 2.6 45 17 1 2 49% 343957 1459 55%
c v 99666.17 338 30 754 6011566  1 208195174 719430 2.6 45 17 1 2 49% 343957 1459 55%
c w 99666.18 338 30 754 6011566  1 208195174 719430 2.6 45 17 1 2 49% 343957 1459 55%
c I 99744.67 338 40 754 6011566  1 208336476 840752 2.1 50 24 1 2 41% 343957 1459 55%
c - 99962.09 338 43 755 6011566  1 208749427 717013 1.9 49 26 1 2 40% 343957 1459 55%
c p 99962.28 338 43 755 6011566  1 208749427 717155 1.9 49 26 1 2 40% 343957 1459 55%
c u 99966.51 338 43 755 6011566  1 208749427 713219 1.9 49 26 1 2 40% 343957 1459 55%
c v 99975.11 338 43 755 6011566  1 208749427 710750 1.9 49 26 1 2 40% 343957 1459 55%
c w 99975.14 338 43 755 6011566  1 208749427 710745 1.9 49 26 1 2 40% 343957 1459 55%
c B 100075.64 338 39 755 6011566  1 208982477 901394 1.9 46 24 1 2 40% 343957 1459 55%
c - 100246.01 335 37 756 6011566  1 209304418 690843 2.1 48 23 1 2 43% 343957 1459 55%
c p 100246.24 335 37 756 6011566  1 209304418 690982 2.1 48 23 1 2 43% 343957 1459 55%
c 
c    seconds      reductions        conflicts           size   tier2       variables
c              MB        restarts           redundant      glue   trail         remaining
c               level           rate              size/glue  tier1  irredundant
c 
c u 100250.73 335 37 756 6011566  1 209304418 686531 2.1 48 23 1 2 43% 343957 1459 55%
c v 100256.53 335 37 756 6011566  1 209304418 683193 2.1 48 23 1 2 43% 343957 1459 55%
c w 100256.54 335 37 756 6011566  1 209304418 683193 2.1 48 23 1 2 43% 343957 1459 55%
c s 100305.37 335 52 756 6011566  1 209453673 818400 2.1 53 26 1 2 50% 343957 1459 55%
c s 100306.72 335 52 756 6011566  1 209453673 818126 2.1 53 26 1 2 50% 343957 1459 55%
c W 100420.12 335 44 756 6011566  1 209629479 970592 1.9 48 25 1 2 44% 343957 1459 55%
c ] 100543.60 335 36 756 6011566  1 209836320 1131212 1.8 43 24 1 2 40% 343957 1459 55%
c { 100543.60 335 17 756 6011566  2 209836320 1131212 2.6 27 10 1 2 45% 343957 1459 55%
c - 100573.65 335 17 757 6013192  2 209860147 691667 2.6 27 10 1 2 45% 343957 1459 55%
c p 100573.87 335 17 757 6013192  2 209860147 691813 2.6 27 10 1 2 45% 343957 1459 55%
c u 100577.80 335 17 757 6013192  2 209860147 687654 2.6 27 10 1 2 45% 343957 1459 55%
c v 100583.95 335 17 757 6013192  2 209860147 684512 2.6 27 10 1 2 45% 343957 1459 55%
c w 100583.97 335 17 757 6013192  2 209860147 684512 2.6 27 10 1 2 45% 343957 1459 55%
c # 100863.52 335 17 757 6040254  2 210277481 1026817 2.7 27 10 1 2 45% 343957 1459 55%
c - 100974.26 337 17 758 6048476  2 210416613 717473 2.7 27 10 1 2 45% 343957 1459 55%
c p 100974.46 337 17 758 6048476  2 210416613 717615 2.7 27 10 1 2 45% 343957 1459 55%
c u 100978.09 337 17 758 6048476  2 210416613 713489 2.7 27 10 1 2 45% 343957 1459 55%
c v 100984.51 337 17 758 6048476  2 210416613 709774 2.7 27 10 1 2 45% 343957 1459 55%
c w 100984.53 337 17 758 6048476  2 210416613 709774 2.7 27 10 1 2 45% 343957 1459 55%
c B 101361.96 337 17 758 6081413  2 210926490 1127939 2.7 28 10 1 2 45% 343957 1459 55%
c 
c    seconds      reductions        conflicts           size   tier2       variables
c              MB        restarts           redundant      glue   trail         remaining
c               level           rate              size/glue  tier1  irredundant
c 
c - 101404.83 339 17 759 6084664  2 210973815 738481 2.7 28 10 1 2 45% 343957 1459 55%
c p 101405.07 339 17 759 6084664  2 210973815 738625 2.7 28 10 1 2 45% 343957 1459 55%
c u 101408.93 339 17 759 6084664  2 210973815 734478 2.7 28 10 1 2 45% 343957 1459 55%
c v 101415.71 339 17 759 6084664  2 210973815 730936 2.7 28 10 1 2 45% 343957 1459 55%
c w 101415.73 339 17 759 6084664  2 210973815 730936 2.7 28 10 1 2 45% 343957 1459 55%
c } 101818.95 339 17 759 6108810  2 211356037 1042516 2.7 27 10 1 2 45% 343957 1459 55%
c [ 101818.95 339 36 759 6108810  1 211356037 1042516 1.8 43 24 1 2 40% 343957 1459 55%
c - 101994.72 339 31 760 6108810  1 211531757 746682 2.1 39 19 1 2 44% 343957 1459 55%
c p 101994.99 339 31 760 6108810  1 211531757 746825 2.1 39 19 1 2 44% 343957 1459 55%
c u 102013.87 339 31 760 6108810  1 211531757 742718 2.1 39 19 1 2 44% 343957 1459 55%
c v 102022.07 339 31 760 6108810  1 211531757 739076 2.1 39 19 1 2 44% 343957 1459 55%
c w 102022.09 339 31 760 6108810  1 211531757 739075 2.1 39 19 1 2 44% 343957 1459 55%
c O 102042.98 339 29 760 6108810  1 211576494 776764 2.2 38 18 1 2 44% 343957 1459 55%
c - 102382.31 340 26 761 6108810  1 212090435 747701 2.6 43 16 1 2 43% 343957 1459 55%
c p 102382.53 340 26 761 6108810  1 212090435 747844 2.6 43 16 1 2 43% 343957 1459 55%
c u 102386.84 340 26 761 6108810  1 212090435 743697 2.6 43 16 1 2 43% 343957 1459 55%
c v 102393.93 340 26 761 6108810  1 212090435 740795 2.6 43 16 1 2 43% 343957 1459 55%
c w 102393.96 340 26 761 6108810  1 212090435 740794 2.6 43 16 1 2 43% 343957 1459 55%
c B 102450.51 340 33 761 6108810  1 212227495 861619 2.4 45 19 1 2 47% 343957 1459 55%
c - 102682.87 338 35 762 6108810  1 212649852 729034 2.5 47 19 1 2 49% 343957 1459 55%
c 
c    seconds      reductions        conflicts           size   tier2       variables
c              MB        restarts           redundant      glue   trail         remaining
c               level           rate              size/glue  tier1  irredundant
c 
c p 102683.14 338 35 762 6108810  1 212649852 729175 2.5 47 19 1 2 49% 343957 1459 55%
c u 102688.06 338 35 762 6108810  1 212649852 724941 2.5 47 19 1 2 49% 343957 1459 55%
c v 102695.49 338 35 762 6108810  1 212649852 722093 2.5 47 19 1 2 49% 343957 1459 55%
c w 102695.50 338 35 762 6108810  1 212649852 722093 2.5 47 19 1 2 49% 343957 1459 55%
c W 102871.67 338 29 762 6108810  1 212879498 921143 2.4 42 18 1 2 45% 343957 1459 55%
c ] 103050.38 338 81 762 6108810  1 213152653 1178225 1.8 72 40 1 2 54% 343957 1459 55%
c { 103050.38 338 17 762 6108810  2 213152653 1178225 2.7 27 10 1 2 45% 343957 1459 55%
c s 103114.30 356 17 762 6112344  2 213206627 1222004 2.6 27 10 1 2 45% 343957 1459 55%
c s 103116.39 424 17 762 6112344  2 213206627 1221915 2.6 27 10 1 2 45% 343957 1459 55%
c - 103120.86 310 17 763 6112532  2 213210004 736686 2.6 27 10 1 2 45% 343957 1459 55%
c p 103121.09 310 17 763 6112532  2 213210004 736831 2.6 27 10 1 2 45% 343957 1459 55%
c u 103125.44 310 17 763 6112532  2 213210004 732400 2.6 27 10 1 2 45% 343957 1459 55%
c v 103132.89 310 17 763 6112532  2 213210004 729541 2.6 27 10 1 2 45% 343957 1459 55%
c W 103395.55 310 17 763 6132795  2 213532503 991969 2.7 27 10 1 2 45% 343957 1459 55%
c - 103598.85 311 17 764 6147782  2 213770892 749070 2.6 27 10 1 2 45% 343957 1459 55%
c p 103599.09 311 17 764 6147782  2 213770892 749209 2.6 27 10 1 2 45% 343957 1459 55%
c u 103603.92 311 17 764 6147782  2 213770892 744929 2.6 27 10 1 2 45% 343957 1459 55%
c v 103610.88 311 17 764 6147782  2 213770892 741073 2.6 27 10 1 2 45% 343957 1459 55%
c w 103610.90 311 17 764 6147782  2 213770892 741073 2.6 27 10 1 2 45% 343957 1459 55%
c F 103946.96 311 17 764 6174816  2 214186505 1081178 2.7 27 10 1 2 45% 343957 1459 55%
c 
c    seconds      reductions        conflicts           size   tier2       variables
c              MB        restarts           redundant      glue   trail         remaining
c               level           rate              size/glue  tier1  irredundant
c 
c - 104076.09 312 17 765 6184026  2 214332520 763540 2.7 28 10 1 2 45% 343957 1459 55%
c p 104076.34 312 17 765 6184026  2 214332520 763680 2.7 28 10 1 2 45% 343957 1459 55%
c u 104081.27 312 17 765 6184026  2 214332520 759447 2.7 28 10 1 2 45% 343957 1459 55%
c v 104088.57 312 17 765 6184026  2 214332520 755682 2.7 28 10 1 2 45% 343957 1459 55%
c } 104368.18 312 17 765 6204476  2 214665859 1028726 2.7 27 10 1 2 45% 343957 1459 55%
c [ 104368.18 312 81 765 6204476  1 214665859 1028726 1.8 72 40 1 2 54% 343957 1459 55%
c I 104453.72 312 39 765 6204476  1 214841506 1186145 2.3 49 21 1 2 49% 343957 1459 55%
c - 104490.70 320 47 766 6204476  1 214894885 771691 2.0 51 26 1 2 46% 343957 1459 55%
c p 104490.90 320 47 766 6204476  1 214894885 771825 2.0 51 26 1 2 46% 343957 1459 55%
c u 104494.76 320 47 766 6204476  1 214894885 767785 2.0 51 26 1 2 46% 343957 1459 55%
c v 104501.36 320 47 766 6204476  1 214894885 764101 2.0 51 26 1 2 46% 343957 1459 55%
c w 104501.38 320 47 766 6204476  1 214894885 764098 2.0 51 26 1 2 46% 343957 1459 55%
c - 104905.17 329 52 767 6204476  1 215457987 768893 2.0 53 27 1 2 46% 343957 1459 55%
c p 104905.54 329 52 767 6204476  1 215457987 769027 2.0 53 27 1 2 46% 343957 1459 55%
c u 104910.78 329 52 767 6204476  1 215457987 764628 2.0 53 27 1 2 46% 343957 1459 55%
c v 104919.00 329 52 767 6204476  1 215457987 761106 2.0 53 27 1 2 46% 343957 1459 55%
c w 104919.03 329 52 767 6204476  1 215457987 761106 2.0 53 27 1 2 46% 343957 1459 55%
c B 104936.41 329 57 767 6204476  1 215497507 796093 1.8 54 29 1 2 45% 343957 1459 55%
c s 104940.13 354 56 767 6204476  1 215507910 805622 1.9 53 28 1 2 45% 343957 1459 55%
c s 104940.75 354 56 767 6204476  1 215507910 805572 1.9 53 28 1 2 45% 343949 1459 55%
c 
c    seconds      reductions        conflicts           size   tier2       variables
c              MB        restarts           redundant      glue   trail         remaining
c               level           rate              size/glue  tier1  irredundant
c 
c - 105215.25 352 28 768 6204476  1 216021826 739345 2.6 44 17 1 2 47% 343949 1459 55%
c p 105215.46 352 28 768 6204476  1 216021826 739477 2.6 44 17 1 2 47% 343949 1459 55%
c u 105219.84 352 28 768 6204476  1 216021826 735080 2.6 44 17 1 2 47% 343949 1459 55%
c v 105225.58 352 28 768 6204476  1 216021826 731468 2.6 44 17 1 2 47% 343949 1459 55%
c w 105225.62 352 28 768 6204476  1 216021826 731468 2.6 44 17 1 2 47% 343949 1459 55%
c W 105348.54 352 34 768 6204476  1 216154512 847170 2.2 43 20 1 2 46% 343949 1459 55%
c ] 105439.18 352 43 768 6204476  1 216378838 1046377 2.2 54 24 1 2 47% 343949 1459 55%
c { 105439.18 352 17 768 6204476  2 216378838 1046377 2.7 27 10 1 2 45% 343949 1459 55%
c - 105657.06 354 17 769 6218081  2 216586398 752887 2.7 27 10 1 2 45% 343949 1459 55%
c p 105657.31 354 17 769 6218081  2 216586398 753027 2.7 27 10 1 2 45% 343949 1459 55%
c u 105661.69 354 17 769 6218081  2 216586398 748396 2.7 27 10 1 2 45% 343949 1459 55%
c v 105667.67 354 17 769 6218081  2 216586398 745014 2.7 27 10 1 2 45% 343949 1459 55%
c w 105667.68 354 17 769 6218081  2 216586398 745014 2.7 27 10 1 2 45% 343949 1459 55%
c B 105823.80 354 17 769 6232701  2 216812514 929002 2.7 27 10 1 2 46% 343949 1459 55%
c - 106104.58 355 17 770 6253605  2 217151706 768804 2.6 26 10 1 2 45% 343949 1459 55%
c p 106104.83 355 17 770 6253605  2 217151706 768940 2.6 26 10 1 2 45% 343949 1459 55%
c u 106109.32 355 17 770 6253605  2 217151706 764790 2.6 26 10 1 2 45% 343949 1459 55%
c v 106116.18 355 17 770 6253605  2 217151706 761096 2.6 26 10 1 2 45% 343949 1459 55%
c w 106116.19 355 17 770 6253605  2 217151706 761096 2.6 26 10 1 2 45% 343949 1459 55%
c W 106372.66 355 16 770 6273686  2 217471516 1019522 2.7 27 10 1 2 45% 343949 1459 55%
c 
c    seconds      reductions        conflicts           size   tier2       variables
c              MB        restarts           redundant      glue   trail         remaining
c               level           rate              size/glue  tier1  irredundant
c 
c - 106590.05 356 17 771 6289157  2 217717751 783127 2.7 27 10 1 2 45% 343949 1459 55%
c p 106590.31 356 17 771 6289157  2 217717751 783259 2.7 27 10 1 2 45% 343949 1459 55%
c u 106595.26 356 17 771 6289157  2 217717751 779063 2.7 27 10 1 2 45% 343949 1459 55%
c v 106602.00 356 17 771 6289157  2 217717751 776517 2.7 27 10 1 2 45% 343949 1459 55%
c w 106602.06 356 17 771 6289157  2 217717751 776517 2.7 27 10 1 2 45% 343949 1459 55%
c } 106692.49 356 17 771 6297472  2 217845370 880283 2.6 27 10 1 2 45% 343949 1459 55%
c [ 106692.49 356 43 771 6297472  1 217845370 880283 2.2 54 24 1 2 47% 343949 1459 55%
c O 106831.30 356 33 771 6297472  1 218131518 1139697 2.7 48 18 1 2 51% 343949 1459 55%
c - 106917.39 357 31 772 6297472  1 218284537 792266 2.6 46 18 1 2 49% 343949 1459 55%
c p 106917.60 357 31 772 6297472  1 218284537 792404 2.6 46 18 1 2 49% 343949 1459 55%
c u 106922.53 357 31 772 6297472  1 218284537 787959 2.6 46 18 1 2 49% 343949 1459 55%
c v 106929.70 357 31 772 6297472  1 218284537 786021 2.6 46 18 1 2 49% 343949 1459 55%
c w 106929.71 357 31 772 6297472  1 218284537 786021 2.6 46 18 1 2 49% 343949 1459 55%
c B 107197.70 357 35 772 6297594  1 218792519 1231484 2.4 47 19 1 2 49% 343949 1459 55%
c - 107224.12 356 40 773 6297598  1 218852057 777475 2.1 48 23 1 2 45% 343949 1459 55%
c p 107224.35 356 40 773 6297598  1 218852057 777611 2.1 48 23 1 2 45% 343949 1459 55%
c u 107229.12 356 40 773 6297598  1 218852057 773436 2.1 48 23 1 2 45% 343949 1459 55%
c v 107235.86 356 40 773 6297598  1 218852057 770970 2.1 48 23 1 2 45% 343949 1459 55%
c - 107615.94 355 34 774 6297727  1 219420317 755449 2.1 45 22 1 2 42% 343949 1459 55%
c p 107616.19 355 34 774 6297727  1 219420317 755580 2.1 45 22 1 2 42% 343949 1459 55%
c 
c    seconds      reductions        conflicts           size   tier2       variables
c              MB        restarts           redundant      glue   trail         remaining
c               level           rate              size/glue  tier1  irredundant
c 
c u 107621.66 355 34 774 6297727  1 219420317 751131 2.1 45 22 1 2 42% 343949 1459 55%
c v 107628.19 355 34 774 6297727  1 219420317 746606 2.1 45 22 1 2 42% 343949 1459 55%
c w 107628.22 355 34 774 6297727  1 219420317 746605 2.1 45 22 1 2 42% 343949 1459 55%
c W 107676.70 355 35 774 6297727  1 219454522 776363 2.1 45 21 1 2 42% 343949 1459 55%
c ] 107759.85 355 39 774 6297782  1 219650684 937139 1.9 47 24 1 2 40% 343949 1459 55%
c { 107759.85 355 17 774 6297782  2 219650684 937139 2.6 27 10 1 2 45% 343949 1459 55%
c - 108098.63 355 16 775 6318012  2 219989313 756704 2.6 26 10 1 2 45% 343949 1459 55%
c p 108098.85 355 16 775 6318012  2 219989313 756842 2.6 26 10 1 2 45% 343949 1459 55%
c u 108103.82 355 16 775 6318012  2 219989313 752621 2.6 26 10 1 2 45% 343949 1459 55%
c v 108109.76 355 16 775 6318012  2 219989313 748402 2.6 26 10 1 2 45% 343949 1459 55%
c w 108109.78 355 16 775 6318012  2 219989313 748402 2.6 26 10 1 2 45% 343949 1459 55%
c # 108198.88 355 16 775 6326184  2 220117524 852039 2.6 27 10 1 2 45% 343949 1459 55%
c - 108594.36 357 17 776 6354374  2 220559045 782962 2.6 27 10 1 2 45% 343949 1459 55%
c p 108594.56 357 17 776 6354374  2 220559045 783101 2.6 27 10 1 2 45% 343949 1459 55%
c u 108599.49 357 17 776 6354374  2 220559045 779089 2.6 27 10 1 2 45% 343949 1459 55%
c v 108608.04 357 17 776 6354374  2 220559045 777111 2.6 27 10 1 2 45% 343949 1459 55%
c w 108608.07 357 17 776 6354374  2 220559045 777111 2.6 27 10 1 2 45% 343949 1459 55%
c B 108769.34 357 17 776 6368587  2 220781525 956654 2.6 27 10 1 2 45% 343949 1459 55%
c } 109052.19 357 16 776 6388874  2 221108183 1218680 2.6 27 10 1 2 45% 343949 1459 55%
c [ 109052.19 357 39 776 6388874  1 221108183 1218680 1.9 47 24 1 2 40% 343949 1459 55%
c 
c    seconds      reductions        conflicts           size   tier2       variables
c              MB        restarts           redundant      glue   trail         remaining
c               level           rate              size/glue  tier1  irredundant
c 
c - 109062.43 358 36 777 6388881  1 221129514 797569 2.0 45 23 1 2 41% 343949 1459 55%
c p 109062.65 358 36 777 6388881  1 221129514 797711 2.0 45 23 1 2 41% 343949 1459 55%
c u 109067.13 358 36 777 6388881  1 221129514 793205 2.0 45 23 1 2 41% 343949 1459 55%
c v 109074.13 358 36 777 6388881  1 221129514 790516 2.0 45 23 1 2 41% 343949 1459 55%
c w 109074.14 358 36 777 6388881  1 221129514 790514 2.0 45 23 1 2 41% 343949 1459 55%
c I 109240.49 358 32 777 6388949  1 221446529 1067683 2.3 43 19 1 2 50% 343949 1459 55%
c - 109383.56 358 35 778 6389038  1 221700721 796213 2.2 46 21 1 2 43% 343949 1459 55%
c p 109383.82 358 35 778 6389038  1 221700721 796349 2.2 46 21 1 2 43% 343949 1459 55%
c u 109389.01 358 35 778 6389038  1 221700721 792058 2.2 46 21 1 2 43% 343949 1459 55%
c v 109396.79 358 35 778 6389038  1 221700721 788819 2.2 46 21 1 2 43% 343949 1459 55%
c w 109396.81 358 35 778 6389038  1 221700721 788818 2.2 46 21 1 2 43% 343949 1459 55%
c B 109626.67 358 26 778 6389075  1 222112533 1137280 2.4 40 17 1 2 46% 343949 1459 55%
c - 109722.96 355 30 779 6389075  1 222272668 757475 2.2 42 19 1 2 47% 343949 1459 55%
c p 109723.18 355 30 779 6389075  1 222272668 757612 2.2 42 19 1 2 47% 343949 1459 55%
c u 109728.19 355 30 779 6389075  1 222272668 753263 2.2 42 19 1 2 47% 343949 1459 55%
c v 109728.23 355 30 779 6389075  1 222272668 753255 2.2 42 19 1 2 47% 343949 1459 55%
c w 109728.24 355 30 779 6389075  1 222272668 753254 2.2 42 19 1 2 47% 343949 1459 55%
c W 110066.55 355 27 779 6389205  1 222779535 1183554 2.3 39 17 1 2 47% 343949 1459 55%
c ] 110110.64 355 27 779 6389233  1 222844740 1239846 2.5 40 16 1 2 48% 343949 1459 55%
c { 110110.64 355 16 779 6389233  2 222844740 1239846 2.6 27 10 1 2 45% 343949 1459 55%
c 
c    seconds      reductions        conflicts           size   tier2       variables
c              MB        restarts           redundant      glue   trail         remaining
c               level           rate              size/glue  tier1  irredundant
c 
c - 110112.16 354 16 780 6389297  2 222845350 750987 2.6 27 10 1 2 45% 343949 1459 55%
c p 110112.37 354 16 780 6389297  2 222845350 751118 2.6 27 10 1 2 45% 343949 1459 55%
c u 110117.06 354 16 780 6389297  2 222845350 746946 2.6 27 10 1 2 45% 343949 1459 55%
c v 110117.09 354 16 780 6389297  2 222845350 746943 2.6 27 10 1 2 45% 343949 1459 55%
c w 110117.11 354 16 780 6389297  2 222845350 746943 2.6 27 10 1 2 45% 343949 1459 55%
c - 110601.10 356 16 781 6425286  2 223418770 778239 2.7 27 10 1 2 45% 343949 1459 55%
c p 110601.33 356 16 781 6425286  2 223418770 778376 2.7 27 10 1 2 45% 343949 1459 55%
c u 110606.03 356 16 781 6425286  2 223418770 774270 2.7 27 10 1 2 45% 343949 1459 55%
c v 110614.11 356 16 781 6425286  2 223418770 772456 2.7 27 10 1 2 45% 343949 1459 55%
c W 110651.60 356 17 781 6427621  2 223447537 796084 2.7 27 10 1 2 45% 343949 1459 55%
c s 110862.14 360 17 781 6445531  2 223738026 1031316 2.7 27 10 1 2 46% 343949 1459 55%
c s 110863.07 360 17 781 6445531  2 223738026 1031147 2.7 27 10 1 2 46% 343949 1459 55%
c - 111100.46 361 16 782 6461566  2 223992925 799780 2.6 27 10 1 2 45% 343949 1459 55%
c p 111100.68 361 16 782 6461566  2 223992925 799915 2.6 27 10 1 2 45% 343949 1459 55%
c u 111105.05 361 16 782 6461566  2 223992925 795610 2.6 27 10 1 2 45% 343949 1459 55%
c v 111113.28 361 16 782 6461566  2 223992925 792917 2.6 27 10 1 2 45% 343949 1459 55%
c F 111265.18 361 16 782 6468917  2 224116540 891352 2.6 26 10 1 2 45% 343949 1459 55%
c } 111480.67 361 17 782 6486069  2 224379046 1104726 2.6 27 10 1 2 45% 343949 1459 55%
c [ 111480.67 361 27 782 6486069  1 224379046 1104726 2.5 40 16 1 2 48% 343949 1459 55%
c - 111591.20 361 37 783 6486130  1 224567819 807317 2.2 46 21 1 2 45% 343949 1459 55%
c 
c    seconds      reductions        conflicts           size   tier2       variables
c              MB        restarts           redundant      glue   trail         remaining
c               level           rate              size/glue  tier1  irredundant
c 
c p 111591.43 361 37 783 6486130  1 224567819 807454 2.2 46 21 1 2 45% 343949 1459 55%
c u 111596.27 361 37 783 6486130  1 224567819 803256 2.2 46 21 1 2 45% 343949 1459 55%
c v 111604.05 361 37 783 6486130  1 224567819 800171 2.2 46 21 1 2 45% 343949 1459 55%
c w 111604.09 361 37 783 6486130  1 224567819 800171 2.2 46 21 1 2 45% 343949 1459 55%
c O 111694.71 361 37 783 6486166  1 224786543 989037 2.2 48 22 1 2 41% 343949 1459 55%
c - 111907.11 361 30 784 6486246  1 225143450 805432 2.6 47 18 1 2 48% 343949 1459 55%
c p 111907.33 361 30 784 6486246  1 225143450 805568 2.6 47 18 1 2 48% 343949 1459 55%
c u 111912.24 361 30 784 6486246  1 225143450 801276 2.6 47 18 1 2 48% 343949 1459 55%
c v 111919.42 361 30 784 6486246  1 225143450 798001 2.6 47 18 1 2 48% 343949 1459 55%
c w 111919.47 361 30 784 6486246  1 225143450 798001 2.6 47 18 1 2 48% 343949 1459 55%
c B 112070.43 361 37 784 6486324  1 225457545 1056503 2.1 48 22 1 2 44% 343949 1459 55%
c - 112198.82 360 38 785 6486417  1 225719819 778632 2.0 45 23 1 2 43% 343949 1459 55%
c p 112199.06 360 38 785 6486417  1 225719819 778766 2.0 45 23 1 2 43% 343949 1459 55%
c u 112203.19 360 38 785 6486417  1 225719819 774150 2.0 45 23 1 2 43% 343949 1459 55%
c v 112207.94 360 38 785 6486417  1 225719819 770317 2.0 45 23 1 2 43% 343949 1459 55%
c w 112207.98 360 38 785 6486417  1 225719819 770315 2.0 45 23 1 2 43% 343949 1459 55%
c s 112351.81 374 36 785 6486422  1 226070824 1062044 2.0 45 22 1 2 43% 343949 1459 55%
c s 112353.18 432 36 785 6486422  1 226070824 1061923 2.0 45 22 1 2 43% 343949 1459 55%
c W 112447.80 432 36 785 6486422  1 226129556 1109905 2.1 47 23 1 2 44% 343949 1459 55%
c - 112555.65 371 37 786 6486423  1 226296926 748827 2.0 47 24 1 2 42% 343949 1459 55%
c 
c    seconds      reductions        conflicts           size   tier2       variables
c              MB        restarts           redundant      glue   trail         remaining
c               level           rate              size/glue  tier1  irredundant
c 
c p 112555.84 371 37 786 6486423  1 226296926 748961 2.0 47 24 1 2 42% 343949 1459 55%
c u 112561.12 371 37 786 6486423  1 226296926 744941 2.0 47 24 1 2 42% 343949 1459 55%
c v 112561.17 371 37 786 6486423  1 226296926 744929 2.0 47 24 1 2 42% 343949 1459 55%
c w 112561.18 371 37 786 6486423  1 226296926 744927 2.0 47 24 1 2 42% 343949 1459 55%
c ] 112573.46 371 38 786 6486423  1 226336965 779396 2.0 46 23 1 2 41% 343949 1459 55%
c { 112573.46 371 17 786 6486423  2 226336965 779396 2.6 27 10 1 2 45% 343949 1459 55%
c B 112944.33 371 17 786 6515775  2 226802557 1157151 2.6 27 10 1 2 45% 343949 1459 55%
c - 113011.74 373 17 787 6520240  2 226874777 775623 2.6 27 10 1 2 45% 343949 1459 55%
c p 113011.95 373 17 787 6520240  2 226874777 775753 2.6 27 10 1 2 45% 343949 1459 55%
c u 113016.63 373 17 787 6520240  2 226874777 771512 2.6 27 10 1 2 45% 343949 1459 55%
c v 113024.83 373 17 787 6520240  2 226874777 769841 2.6 27 10 1 2 45% 343949 1459 55%
c - 113485.28 375 17 788 6557048  2 227453357 799583 2.7 27 10 1 2 45% 343949 1459 55%
c p 113485.55 375 17 788 6557048  2 227453357 799714 2.7 27 10 1 2 45% 343949 1459 55%
c u 113490.15 375 17 788 6557048  2 227453357 795606 2.7 27 10 1 2 45% 343949 1459 55%
c v 113498.42 375 17 788 6557048  2 227453357 793313 2.7 27 10 1 2 45% 343949 1459 55%
c w 113498.44 375 17 788 6557048  2 227453357 793313 2.7 27 10 1 2 45% 343949 1459 55%
c W 113544.62 375 17 788 6558249  2 227476558 811747 2.7 27 10 1 2 46% 343949 1459 55%
c } 113862.38 375 16 788 6583699  2 227892754 1148217 2.7 27 10 1 2 45% 343949 1459 55%
c [ 113862.38 375 38 788 6583699  1 227892754 1148217 2.0 46 23 1 2 41% 343949 1459 55%
c - 113942.39 375 32 789 6583699  1 228032673 810670 2.5 44 18 1 2 49% 343949 1459 55%
c 
c    seconds      reductions        conflicts           size   tier2       variables
c              MB        restarts           redundant      glue   trail         remaining
c               level           rate              size/glue  tier1  irredundant
c 
c p 113942.64 375 32 789 6583699  1 228032673 810800 2.5 44 18 1 2 49% 343949 1459 55%
c u 113947.51 375 32 789 6583699  1 228032673 806524 2.5 44 18 1 2 49% 343949 1459 55%
c v 113955.42 375 32 789 6583699  1 228032673 803601 2.5 44 18 1 2 49% 343949 1459 55%
c w 113955.47 375 32 789 6583699  1 228032673 803601 2.5 44 18 1 2 49% 343949 1459 55%
c I 114009.34 375 30 789 6583699  1 228151563 907954 2.5 43 17 1 2 48% 343949 1459 55%
c s 114134.24 376 44 789 6583736  1 228419385 1139445 2.2 53 24 1 2 46% 343949 1459 55%
c s 114136.03 446 44 789 6583736  1 228419385 1139227 2.2 53 24 1 2 46% 343949 1459 55%
c - 114284.56 375 48 790 6583795  1 228612727 805059 1.9 54 28 1 2 44% 343949 1459 55%
c p 114284.80 375 48 790 6583795  1 228612727 805195 1.9 54 28 1 2 44% 343949 1459 55%
c u 114290.49 375 48 790 6583795  1 228612727 800975 1.9 54 28 1 2 44% 343949 1459 55%
c v 114298.31 375 48 790 6583795  1 228612727 797720 1.9 54 28 1 2 44% 343949 1459 55%
c w 114298.35 375 48 790 6583795  1 228612727 797719 1.9 54 28 1 2 44% 343949 1459 55%
c B 114393.80 375 33 790 6583841  1 228827565 985120 2.3 44 19 1 2 50% 343949 1459 55%
c - 114609.06 373 31 791 6583952  1 229193519 769600 2.0 41 20 1 2 41% 343949 1459 55%
c p 114609.27 373 31 791 6583952  1 229193519 769734 2.0 41 20 1 2 41% 343949 1459 55%
c u 114613.82 373 31 791 6583952  1 229193519 765660 2.0 41 20 1 2 41% 343949 1459 55%
c v 114613.86 373 31 791 6583952  1 229193519 765654 2.0 41 20 1 2 41% 343949 1459 55%
c w 114613.88 373 31 791 6583952  1 229193519 765653 2.0 41 20 1 2 41% 343949 1459 55%
c W 114796.39 373 34 791 6584000  1 229504567 1028712 2.1 45 21 1 2 40% 343949 1459 55%
c ] 114963.00 373 34 791 6584077  1 229733414 1212762 2.2 47 21 1 2 43% 343949 1459 55%
c 
c    seconds      reductions        conflicts            size   tier2       variables
c              MB        restarts            redundant      glue   trail         remaining
c               level           rate               size/glue  tier1  irredundant
c 
c { 114963.00 373 16 791 6584077  2 229733414 1212762 2.7 27 10 1 2 45% 343949 1459 55%
c - 115021.89 372 17 792 6586703  2 229775049 757573 2.7 27 10 1 2 45% 343949 1459 55%
c p 115022.10 372 17 792 6586703  2 229775049 757706 2.7 27 10 1 2 45% 343949 1459 55%
c u 115026.53 372 17 792 6586703  2 229775049 753429 2.7 27 10 1 2 45% 343949 1459 55%
c v 115026.54 372 17 792 6586703  2 229775049 753429 2.7 27 10 1 2 45% 343949 1459 55%
c w 115026.56 372 17 792 6586703  2 229775049 753428 2.7 27 10 1 2 45% 343949 1459 55%
c # 115326.13 372 16 792 6611455  2 230182568 1084309 2.7 27 10 1 2 45% 343949 1459 55%
c - 115486.91 374 17 793 6623188  2 230357315 784878 2.6 27 10 1 2 45% 343949 1459 55%
c p 115487.13 374 17 793 6623188  2 230357315 785011 2.6 27 10 1 2 45% 343949 1459 55%
c u 115491.53 374 17 793 6623188  2 230357315 780871 2.6 27 10 1 2 45% 343949 1459 55%
c v 115500.22 374 17 793 6623188  2 230357315 779230 2.6 27 10 1 2 45% 343949 1459 55%
c w 115500.23 374 17 793 6623188  2 230357315 779230 2.6 27 10 1 2 45% 343949 1459 55%
c s 115825.27 324 17 793 6649956  2 230783711 1124988 2.6 27 10 1 2 45% 343949 1459 55%
c s 115826.55 360 17 793 6649956  2 230783711 1124973 2.6 27 10 1 2 45% 343949 1459 55%
c B 115895.66 360 17 793 6654793  2 230861572 1187932 2.6 27 10 1 2 45% 343949 1459 55%
c - 115970.28 362 16 794 6659405  2 230940321 807985 2.6 27 10 1 2 45% 343949 1459 55%
c p 115970.50 362 16 794 6659405  2 230940321 808122 2.6 27 10 1 2 45% 343949 1459 55%
c u 115986.61 362 16 794 6659405  2 230940321 803781 2.6 27 10 1 2 45% 343949 1459 55%
c v 115995.40 362 16 794 6659405  2 230940321 801008 2.6 27 10 1 2 45% 343949 1459 55%
c w 115995.42 362 16 794 6659405  2 230940321 801008 2.6 27 10 1 2 45% 343949 1459 55%
c 
c    seconds      reductions        conflicts            size   tier2       variables
c              MB        restarts            redundant      glue   trail         remaining
c               level           rate               size/glue  tier1  irredundant
c 
c } 116270.85 362 17 794 6682345  2 231295512 1087232 2.6 27 10 1 2 45% 343949 1459 55%
c [ 116270.85 362 34 794 6682345  1 231295512 1087232 2.2 47 21 1 2 43% 343949 1459 55%
c - 116407.19 362 32 795 6682393  1 231524066 815866 2.2 42 20 1 2 46% 343949 1459 55%
c p 116407.44 362 32 795 6682393  1 231524066 816000 2.2 42 20 1 2 46% 343949 1459 55%
c u 116412.16 362 32 795 6682393  1 231524066 811533 2.2 42 20 1 2 46% 343949 1459 55%
c v 116420.28 362 32 795 6682393  1 231524066 808714 2.2 42 20 1 2 46% 343949 1459 55%
c w 116420.30 362 32 795 6682393  1 231524066 808714 2.2 42 20 1 2 46% 343949 1459 55%
c O 116427.31 362 34 795 6682398  1 231541573 823819 2.1 43 20 1 2 46% 343949 1459 55%
c - 116774.07 361 35 796 6682478  1 232108545 811524 2.3 46 20 1 2 50% 343949 1459 55%
c p 116774.31 361 35 796 6682478  1 232108545 811659 2.3 46 20 1 2 50% 343949 1459 55%
c u 116778.69 361 35 796 6682478  1 232108545 807238 2.3 46 20 1 2 50% 343949 1459 55%
c v 116786.45 361 35 796 6682478  1 232108545 804083 2.3 46 20 1 2 50% 343949 1459 55%
c w 116786.47 361 35 796 6682478  1 232108545 804083 2.3 46 20 1 2 50% 343949 1459 55%
c B 116834.36 361 28 796 6682478  1 232222577 902696 2.4 40 17 1 2 49% 343949 1459 55%
c - 117108.40 360 28 797 6682605  1 232693760 786572 2.3 40 17 1 2 47% 343949 1459 55%
c p 117108.63 360 28 797 6682605  1 232693760 786709 2.3 40 17 1 2 47% 343949 1459 55%
c u 117113.25 360 28 797 6682605  1 232693760 782464 2.3 40 17 1 2 47% 343949 1459 55%
c v 117118.24 360 28 797 6682605  1 232693760 778070 2.3 40 17 1 2 47% 343949 1459 55%
c w 117118.24 360 28 797 6682605  1 232693760 778070 2.3 40 17 1 2 47% 343949 1459 55%
c W 117305.49 360 27 797 6682667  1 232904579 957492 2.2 37 17 1 2 46% 343949 1459 55%
c 
c    seconds      reductions        conflicts            size   tier2       variables
c              MB        restarts            redundant      glue   trail         remaining
c               level           rate               size/glue  tier1  irredundant
c 
c ] 117396.78 360 30 797 6682721  1 233080213 1110690 2.4 40 17 1 2 47% 343949 1459 55%
c { 117396.78 360 17 797 6682721  2 233080213 1110690 2.6 27 10 1 2 45% 343949 1459 55%
c - 117585.34 360 16 798 6694527  2 233279713 793077 2.6 26 10 1 2 45% 343949 1459 55%
c p 117585.58 360 16 798 6694527  2 233279713 793215 2.6 26 10 1 2 45% 343949 1459 55%
c u 117590.45 360 16 798 6694527  2 233279713 789153 2.6 26 10 1 2 45% 343949 1459 55%
c v 117596.39 360 16 798 6694527  2 233279713 785991 2.6 26 10 1 2 45% 343949 1459 55%
c W 117833.23 360 17 798 6714225  2 233587582 1035258 2.7 27 10 1 2 46% 343949 1459 55%
c - 118084.61 362 16 799 6731380  2 233866404 812218 2.6 27 10 1 2 45% 343949 1459 55%
c p 118084.86 362 16 799 6731380  2 233866404 812352 2.6 27 10 1 2 45% 343949 1459 55%
c u 118089.54 362 16 799 6731380  2 233866404 808260 2.6 27 10 1 2 45% 343949 1459 55%
c v 118096.30 362 16 799 6731380  2 233866404 805111 2.6 27 10 1 2 45% 343949 1459 55%
c w 118096.31 362 16 799 6731380  2 233866404 805111 2.6 27 10 1 2 45% 343949 1459 55%
c F 118406.73 362 16 799 6756823  2 234271583 1132480 2.6 26 10 1 2 45% 343949 1459 55%
c - 118579.31 363 16 800 6768945  2 234453831 827863 2.6 27 10 1 2 45% 343949 1459 55%
c p 118579.53 363 16 800 6768945  2 234453831 827994 2.6 27 10 1 2 45% 343949 1459 55%
c u 118584.78 363 16 800 6768945  2 234453831 823773 2.6 27 10 1 2 45% 343949 1459 55%
c v 118592.38 363 16 800 6768945  2 234453831 821092 2.6 27 10 1 2 45% 343949 1459 55%
c w 118592.38 363 16 800 6768945  2 234453831 821092 2.6 27 10 1 2 45% 343949 1459 55%
c } 118733.11 363 16 800 6780856  2 234649180 978288 2.6 27 10 1 2 46% 343949 1459 55%
c [ 118733.11 363 30 800 6780856  1 234649180 978288 2.4 40 17 1 2 47% 343949 1459 55%
c 
c    seconds      reductions        conflicts            size   tier2       variables
c              MB        restarts            redundant      glue   trail         remaining
c               level           rate               size/glue  tier1  irredundant
c 
c I 118889.69 363 34 800 6780886  1 234956586 1222895 2.1 45 22 1 2 41% 343949 1459 55%
c - 118943.75 362 34 801 6780918  1 235041997 823273 2.1 45 22 1 2 41% 343949 1459 55%
c p 118943.96 362 34 801 6780918  1 235041997 823409 2.1 45 22 1 2 41% 343949 1459 55%
c u 118948.95 362 34 801 6780918  1 235041997 819014 2.1 45 22 1 2 41% 343949 1459 55%
c v 118956.03 362 34 801 6780918  1 235041997 815075 2.1 45 22 1 2 41% 343949 1459 55%
c - 119300.28 360 35 802 6781080  1 235630900 787633 2.0 46 23 1 2 41% 343949 1459 55%
c p 119300.51 360 35 802 6781080  1 235630900 787770 2.0 46 23 1 2 41% 343949 1459 55%
c u 119305.88 360 35 802 6781080  1 235630900 783612 2.0 46 23 1 2 41% 343949 1459 55%
c w 119305.90 360 35 802 6781080  1 235630900 783608 2.0 46 23 1 2 41% 343949 1459 55%
c B 119310.71 360 36 802 6781087  1 235642588 793560 2.0 46 23 1 2 41% 343949 1459 55%
c - 119597.85 356 41 803 6781124  1 236220540 749806 1.9 49 26 1 2 41% 343949 1459 55%
c p 119598.05 356 41 803 6781124  1 236220540 749943 1.9 49 26 1 2 41% 343949 1459 55%
c u 119602.33 356 41 803 6781124  1 236220540 745799 1.9 49 26 1 2 41% 343949 1459 55%
c v 119602.35 356 41 803 6781124  1 236220540 745794 1.9 49 26 1 2 41% 343949 1459 55%
c w 119602.36 356 41 803 6781124  1 236220540 745792 1.9 49 26 1 2 41% 343949 1459 55%
c W 119710.82 356 42 803 6781125  1 236329591 840689 2.0 47 24 1 2 42% 343949 1459 55%
c ] 119855.72 356 34 803 6781125  1 236591251 1053131 2.2 46 21 1 2 43% 343949 1459 55%
c { 119855.72 356 16 803 6781125  2 236591251 1053131 2.6 27 10 1 2 46% 343949 1459 55%
c - 120093.73 357 16 804 6795724  2 236810916 762534 2.6 26 10 1 2 45% 343949 1459 55%
c p 120093.95 357 16 804 6795724  2 236810916 762674 2.6 26 10 1 2 45% 343949 1459 55%
c 
c    seconds      reductions        conflicts           size   tier2       variables
c              MB        restarts           redundant      glue   trail         remaining
c               level           rate              size/glue  tier1  irredundant
c 
c u 120098.14 357 16 804 6795724  2 236810916 758534 2.6 26 10 1 2 45% 343949 1459 55%
c v 120102.65 357 16 804 6795724  2 236810916 756313 2.6 26 10 1 2 45% 343949 1459 55%
c w 120102.67 357 16 804 6795724  2 236810916 756313 2.6 26 10 1 2 45% 343949 1459 55%
c B 120237.33 357 16 804 6807998  2 237017592 923018 2.6 26 10 1 2 45% 343949 1459 55%
c - 120550.85 359 16 805 6832540  2 237402029 787290 2.6 26 10 1 2 45% 343949 1459 55%
c p 120551.07 359 16 805 6832540  2 237402029 787426 2.6 26 10 1 2 45% 343949 1459 55%
c u 120555.63 359 16 805 6832540  2 237402029 783206 2.6 26 10 1 2 45% 343949 1459 55%
c v 120563.33 359 16 805 6832540  2 237402029 780510 2.6 26 10 1 2 45% 343949 1459 55%
c w 120563.35 359 16 805 6832540  2 237402029 780510 2.6 26 10 1 2 45% 343949 1459 55%
c W 120813.13 359 17 805 6852159  2 237706595 1028032 2.7 27 10 1 2 45% 343949 1459 55%
c - 121064.17 360 17 806 6870236  2 237993882 805939 2.6 27 10 1 2 45% 343949 1459 55%
c p 121064.43 360 17 806 6870236  2 237993882 806077 2.6 27 10 1 2 45% 343949 1459 55%
c u 121069.18 360 17 806 6870236  2 237993882 801973 2.6 27 10 1 2 45% 343949 1459 55%
c v 121076.46 360 17 806 6870236  2 237993882 799420 2.6 27 10 1 2 45% 343949 1459 55%
c w 121076.48 360 17 806 6870236  2 237993882 799420 2.6 27 10 1 2 45% 343949 1459 55%
c } 121218.18 360 16 806 6882494  2 238201753 966947 2.6 26 10 1 2 46% 343949 1459 55%
c [ 121218.18 360 34 806 6882494  1 238201753 966947 2.2 46 21 1 2 43% 343949 1459 55%
c O 121315.06 360 29 806 6882495  1 238396597 1135910 2.4 42 17 1 2 49% 343949 1459 55%
c - 121420.40 361 30 807 6882495  1 238586471 814028 2.5 46 18 1 2 48% 343949 1459 55%
c p 121420.61 361 30 807 6882495  1 238586471 814168 2.5 46 18 1 2 48% 343949 1459 55%
c 
c    seconds      reductions        conflicts           size   tier2       variables
c              MB        restarts           redundant      glue   trail         remaining
c               level           rate              size/glue  tier1  irredundant
c 
c u 121425.09 361 30 807 6882495  1 238586471 809864 2.5 46 18 1 2 48% 343949 1459 55%
c v 121432.60 361 30 807 6882495  1 238586471 806895 2.5 46 18 1 2 48% 343949 1459 55%
c w 121432.62 361 30 807 6882495  1 238586471 806895 2.5 46 18 1 2 48% 343949 1459 55%
c B 121688.88 361 39 807 6882495  1 239087599 1226666 2.0 49 25 1 2 42% 343949 1459 55%
c - 121748.29 359 45 808 6882495  1 239179802 796876 2.0 52 26 1 2 41% 343949 1459 55%
c p 121748.52 359 45 808 6882495  1 239179802 797018 2.0 52 26 1 2 41% 343949 1459 55%
c u 121753.22 359 45 808 6882495  1 239179802 792833 2.0 52 26 1 2 41% 343949 1459 55%
c v 121760.54 359 45 808 6882495  1 239179802 788957 2.0 52 26 1 2 41% 343949 1459 55%
c w 121760.55 359 45 808 6882495  1 239179802 788957 2.0 52 26 1 2 41% 343949 1459 55%
c s 121842.72 363 65 808 6882495  1 239380343 973511 2.2 62 29 1 2 52% 343941 1459 55%
c s 121843.66 363 65 808 6882495  1 239380343 973419 2.2 62 29 1 2 52% 343941 1459 55%
c - 122093.04 363 26 809 6882604  1 239773866 783053 2.4 38 16 1 2 47% 343941 1459 55%
c p 122093.26 363 26 809 6882604  1 239773866 783191 2.4 38 16 1 2 47% 343941 1459 55%
c u 122097.95 363 26 809 6882604  1 239773866 778883 2.4 38 16 1 2 47% 343941 1459 55%
c v 122102.95 363 26 809 6882604  1 239773866 774367 2.4 38 16 1 2 47% 343941 1459 55%
c w 122102.96 363 26 809 6882604  1 239773866 774367 2.4 38 16 1 2 47% 343941 1459 55%
c W 122149.02 363 26 809 6882607  1 239779600 779121 2.4 38 16 1 2 46% 343941 1459 55%
c ] 122337.89 363 33 809 6882706  1 240165704 1094161 2.1 45 21 1 2 40% 343941 1459 55%
c { 122337.89 363 16 809 6882706  2 240165704 1094161 2.6 26 10 1 2 46% 343941 1459 55%
c - 122580.06 363 17 810 6896432  2 240368661 783625 2.6 27 10 1 2 45% 343941 1459 55%
c 
c    seconds      reductions        conflicts           size   tier2       variables
c              MB        restarts           redundant      glue   trail         remaining
c               level           rate              size/glue  tier1  irredundant
c 
c p 122580.29 363 17 810 6896432  2 240368661 783772 2.6 27 10 1 2 45% 343941 1459 55%
c u 122585.29 363 17 810 6896432  2 240368661 779744 2.6 27 10 1 2 45% 343941 1459 55%
c v 122592.39 363 17 810 6896432  2 240368661 776126 2.6 27 10 1 2 45% 343941 1459 55%
c # 122660.57 363 17 810 6902323  2 240472602 860004 2.7 27 10 1 2 46% 343941 1459 55%
c - 123060.94 365 16 811 6933436  2 240964194 803606 2.6 26 10 1 2 45% 343941 1459 55%
c p 123061.17 365 16 811 6933436  2 240964194 803752 2.6 26 10 1 2 45% 343941 1459 55%
c u 123065.68 365 16 811 6933436  2 240964194 799467 2.6 26 10 1 2 45% 343941 1459 55%
c v 123072.43 365 16 811 6933436  2 240964194 796949 2.6 26 10 1 2 45% 343941 1459 55%
c B 123212.85 365 16 811 6946081  2 241166609 960318 2.7 27 10 1 2 46% 343941 1459 55%
c - 123551.65 366 16 812 6971034  2 241560466 821828 2.6 26 10 1 2 45% 343941 1459 55%
c p 123551.86 366 16 812 6971034  2 241560466 821976 2.6 26 10 1 2 45% 343941 1459 55%
c u 123556.41 366 16 812 6971034  2 241560466 817761 2.6 26 10 1 2 45% 343941 1459 55%
c v 123564.98 366 16 812 6971034  2 241560466 814973 2.6 26 10 1 2 45% 343941 1459 55%
c } 123717.56 366 16 812 6984639  2 241772960 985912 2.6 26 10 1 2 46% 343941 1459 55%
c [ 123717.56 366 33 812 6984639  1 241772960 985912 2.1 45 21 1 2 40% 343941 1459 55%
c I 123765.59 366 34 812 6984672  1 241861612 1061880 2.1 43 20 1 2 44% 343941 1459 55%
c - 123917.59 366 50 813 6984698  1 242157474 824965 2.1 53 25 1 2 48% 343941 1459 55%
c p 123917.87 366 50 813 6984698  1 242157474 825106 2.1 53 25 1 2 48% 343941 1459 55%
c u 123922.39 366 50 813 6984698  1 242157474 820659 2.1 53 25 1 2 48% 343941 1459 55%
c v 123930.55 366 50 813 6984698  1 242157474 817399 2.1 53 25 1 2 48% 343941 1459 55%
c 
c    seconds      reductions        conflicts           size   tier2       variables
c              MB        restarts           redundant      glue   trail         remaining
c               level           rate              size/glue  tier1  irredundant
c 
c w 123930.60 366 50 813 6984698  1 242157474 817396 2.1 53 25 1 2 48% 343941 1459 55%
c B 124136.85 366 37 813 6984810  1 242557615 1150030 1.9 44 23 1 2 42% 343941 1459 55%
c - 124273.45 365 36 814 6984872  1 242755222 802634 1.9 44 23 1 2 43% 343941 1459 55%
c p 124273.65 365 36 814 6984872  1 242755222 802782 1.9 44 23 1 2 43% 343941 1459 55%
c u 124277.94 365 36 814 6984872  1 242755222 798379 1.9 44 23 1 2 43% 343941 1459 55%
c v 124283.39 365 36 814 6984872  1 242755222 794596 1.9 44 23 1 2 43% 343941 1459 55%
c w 124283.40 365 36 814 6984872  1 242755222 794596 1.9 44 23 1 2 43% 343941 1459 55%
c W 124597.59 365 38 814 6984939  1 243254616 1208799 1.9 45 24 1 2 43% 343941 1459 55%
c - 124673.34 360 34 815 6984939  1 243353706 751349 1.9 43 22 1 2 43% 343941 1459 55%
c p 124673.56 360 34 815 6984939  1 243353706 751491 1.9 43 22 1 2 43% 343941 1459 55%
c u 124677.81 360 34 815 6984939  1 243353706 747244 1.9 43 22 1 2 43% 343941 1459 55%
c v 124677.85 360 34 815 6984939  1 243353706 747234 1.9 43 22 1 2 43% 343941 1459 55%
c w 124677.86 360 34 815 6984939  1 243353706 747234 1.9 43 22 1 2 43% 343941 1459 55%
c ] 124913.77 360 29 815 6985064  1 243818870 1134179 2.0 37 18 1 2 47% 343941 1459 55%
c { 124913.77 360 16 815 6985064  2 243818870 1134179 2.6 26 10 1 2 46% 343941 1459 55%
c W 125051.23 360 16 815 6993307  2 243952617 1242683 2.7 27 10 1 2 46% 343941 1459 55%
c - 125052.06 361 16 816 6993329  2 243952925 761691 2.7 27 10 1 2 46% 343941 1459 55%
c p 125052.28 361 16 816 6993329  2 243952925 761833 2.7 27 10 1 2 46% 343941 1459 55%
c u 125056.18 361 16 816 6993329  2 243952925 757857 2.7 27 10 1 2 46% 343941 1459 55%
c v 125061.13 361 16 816 6993329  2 243952925 754920 2.7 27 10 1 2 46% 343941 1459 55%
c 
c    seconds      reductions        conflicts           size   tier2       variables
c              MB        restarts           redundant      glue   trail         remaining
c               level           rate              size/glue  tier1  irredundant
c 
c - 125519.67 363 16 817 7031647  2 244552882 788231 2.7 27 10 1 2 45% 343941 1459 55%
c p 125519.92 363 16 817 7031647  2 244552882 788376 2.7 27 10 1 2 45% 343941 1459 55%
c u 125524.05 363 16 817 7031647  2 244552882 784221 2.7 27 10 1 2 45% 343941 1459 55%
c v 125531.75 363 16 817 7031647  2 244552882 781536 2.7 27 10 1 2 45% 343941 1459 55%
c w 125531.76 363 16 817 7031647  2 244552882 781536 2.7 27 10 1 2 45% 343941 1459 55%
c F 125595.38 363 17 817 7037964  2 244651618 862553 2.7 27 10 1 2 46% 343941 1459 55%
c - 126001.91 364 16 818 7069671  2 245153578 806744 2.6 27 10 1 2 45% 343941 1459 55%
c p 126002.15 364 16 818 7069671  2 245153578 806889 2.6 27 10 1 2 45% 343941 1459 55%
c u 126006.67 364 16 818 7069671  2 245153578 802460 2.6 27 10 1 2 45% 343941 1459 55%
c v 126013.76 364 16 818 7069671  2 245153578 800093 2.6 27 10 1 2 45% 343941 1459 55%
c w 126013.77 364 16 818 7069671  2 245153578 800093 2.6 27 10 1 2 45% 343941 1459 55%
c B 126148.86 364 16 818 7082090  2 245351619 961025 2.7 27 10 1 2 45% 343941 1459 55%
c } 126293.25 364 16 818 7094158  2 245537218 1109874 2.6 27 10 1 2 45% 343941 1459 55%
c [ 126293.25 364 29 818 7094158  1 245537218 1109874 2.0 37 18 1 2 47% 343941 1459 55%
c - 126390.79 364 30 819 7094205  1 245755011 814908 2.1 39 18 1 2 45% 343941 1459 55%
c p 126390.99 364 30 819 7094205  1 245755011 815047 2.1 39 18 1 2 45% 343941 1459 55%
c u 126395.25 364 30 819 7094205  1 245755011 810768 2.1 39 18 1 2 45% 343941 1459 55%
c v 126402.67 364 30 819 7094205  1 245755011 807470 2.1 39 18 1 2 45% 343941 1459 55%
c w 126402.70 364 30 819 7094205  1 245755011 807469 2.1 39 18 1 2 45% 343941 1459 55%
c O 126518.26 364 40 819 7094287  1 246052620 1050662 1.7 44 25 1 2 41% 343941 1459 55%
c 
c    seconds      reductions        conflicts           size   tier2       variables
c              MB        restarts           redundant      glue   trail         remaining
c               level           rate              size/glue  tier1  irredundant
c 
c - 126682.75 363 30 820 7094334  1 246357181 804656 2.3 42 18 1 2 49% 343941 1459 55%
c p 126682.95 363 30 820 7094334  1 246357181 804789 2.3 42 18 1 2 49% 343941 1459 55%
c u 126686.74 363 30 820 7094334  1 246357181 800280 2.3 42 18 1 2 49% 343941 1459 55%
c v 126693.30 363 30 820 7094334  1 246357181 796408 2.3 42 18 1 2 49% 343941 1459 55%
c w 126693.33 363 30 820 7094334  1 246357181 796408 2.3 42 18 1 2 49% 343941 1459 55%
c B 126880.22 363 29 820 7094436  1 246754623 1138582 2.5 43 17 1 2 50% 343941 1459 55%
c - 126990.97 362 39 821 7094501  1 246960088 775182 2.1 48 23 1 2 43% 343941 1459 55%
c p 126991.18 362 39 821 7094501  1 246960088 775321 2.1 48 23 1 2 43% 343941 1459 55%
c u 126994.89 362 39 821 7094501  1 246960088 770853 2.1 48 23 1 2 43% 343941 1459 55%
c v 126994.90 362 39 821 7094501  1 246960088 770851 2.1 48 23 1 2 43% 343941 1459 55%
c w 126994.92 362 39 821 7094501  1 246960088 770851 2.1 48 23 1 2 43% 343941 1459 55%
c W 127298.47 362 31 821 7094544  1 247457624 1199540 2.4 44 18 1 2 49% 343941 1459 55%
c - 127347.90 361 36 822 7094544  1 247563734 771011 2.1 47 22 1 2 42% 343941 1459 55%
c p 127348.10 361 36 822 7094544  1 247563734 771151 2.1 47 22 1 2 42% 343941 1459 55%
c u 127352.92 361 36 822 7094544  1 247563734 767054 2.1 47 22 1 2 42% 343941 1459 55%
c w 127352.93 361 36 822 7094544  1 247563734 767054 2.1 47 22 1 2 42% 343941 1459 55%
c ] 127405.65 361 35 822 7094545  1 247705278 884466 2.1 44 21 1 2 41% 343941 1459 55%
c { 127405.65 361 16 822 7094545  2 247705278 884466 2.6 27 10 1 2 45% 343941 1459 55%
c s 127442.22 361 17 822 7097488  2 247748066 918745 2.6 26 10 1 2 45% 343941 1459 55%
c s 127443.14 361 17 822 7097488  2 247748066 918560 2.6 26 10 1 2 45% 343941 1459 55%
c 
c    seconds      reductions        conflicts            size   tier2       variables
c              MB        restarts            redundant      glue   trail         remaining
c               level           rate               size/glue  tier1  irredundant
c 
c W 127837.91 361 17 822 7123433  2 248161627 1251813 2.6 27 10 1 2 45% 343941 1459 55%
c - 127846.33 363 17 823 7123961  2 248168116 791514 2.7 27 10 1 2 45% 343941 1459 55%
c p 127846.55 363 17 823 7123961  2 248168116 791654 2.7 27 10 1 2 45% 343941 1459 55%
c u 127851.02 363 17 823 7123961  2 248168116 787575 2.7 27 10 1 2 45% 343941 1459 55%
c v 127856.68 363 17 823 7123961  2 248168116 785246 2.7 27 10 1 2 45% 343941 1459 55%
c - 128330.82 364 16 824 7161148  2 248773234 814441 2.6 26 10 1 2 45% 343941 1459 55%
c p 128331.05 364 16 824 7161148  2 248773234 814576 2.6 26 10 1 2 45% 343941 1459 55%
c u 128335.54 364 16 824 7161148  2 248773234 810114 2.6 26 10 1 2 45% 343941 1459 55%
c v 128342.73 364 16 824 7161148  2 248773234 807329 2.6 26 10 1 2 45% 343941 1459 55%
c w 128342.77 364 16 824 7161148  2 248773234 807329 2.6 26 10 1 2 45% 343941 1459 55%
c # 128404.16 364 16 824 7167200  2 248866628 882554 2.7 27 10 1 2 45% 343941 1459 55%
c } 128819.90 364 16 824 7199123  2 249377478 1291808 2.6 26 10 1 2 45% 343941 1459 55%
c [ 128819.90 364 35 824 7199123  1 249377478 1291808 2.1 44 21 1 2 41% 343941 1459 55%
c - 128821.82 365 34 825 7199123  1 249379091 826637 2.1 44 21 1 2 41% 343941 1459 55%
c p 128822.06 365 34 825 7199123  1 249379091 826771 2.1 44 21 1 2 41% 343941 1459 55%
c u 128826.52 365 34 825 7199123  1 249379091 822416 2.1 44 21 1 2 41% 343941 1459 55%
c v 128834.20 365 34 825 7199123  1 249379091 819175 2.1 44 21 1 2 41% 343941 1459 55%
c w 128834.21 365 34 825 7199123  1 249379091 819175 2.1 44 21 1 2 41% 343941 1459 55%
c I 128927.36 365 47 825 7199123  1 249572629 995841 2.1 51 25 1 2 47% 343941 1459 55%
c - 129151.91 365 46 826 7199188  1 249985684 825619 1.7 49 29 1 2 41% 343941 1459 55%
c 
c    seconds      reductions        conflicts           size   tier2       variables
c              MB        restarts           redundant      glue   trail         remaining
c               level           rate              size/glue  tier1  irredundant
c 
c p 129152.14 365 46 826 7199188  1 249985684 825759 1.7 49 29 1 2 41% 343941 1459 55%
c u 129156.82 365 46 826 7199188  1 249985684 821334 1.7 49 29 1 2 41% 343941 1459 55%
c v 129164.30 365 46 826 7199188  1 249985684 818341 1.7 49 29 1 2 41% 343941 1459 55%
c w 129164.32 365 46 826 7199188  1 249985684 818341 1.7 49 29 1 2 41% 343941 1459 55%
c B 129274.09 365 37 826 7199265  1 250279630 1058411 1.9 44 23 1 2 41% 343941 1459 55%
c - 129482.40 362 29 827 7199374  1 250593014 777630 2.2 40 18 1 2 48% 343941 1459 55%
c p 129482.60 362 29 827 7199374  1 250593014 777765 2.2 40 18 1 2 48% 343941 1459 55%
c u 129486.08 362 29 827 7199374  1 250593014 773333 2.2 40 18 1 2 48% 343941 1459 55%
c v 129486.12 362 29 827 7199374  1 250593014 773329 2.2 40 18 1 2 48% 343941 1459 55%
c w 129486.14 362 29 827 7199374  1 250593014 773328 2.2 40 18 1 2 48% 343941 1459 55%
c W 129729.34 362 25 827 7199437  1 250987631 1115244 2.5 38 15 1 2 49% 343941 1459 55%
c - 129856.57 362 30 828 7199503  1 251201084 781081 2.2 40 18 1 2 46% 343941 1459 55%
c p 129856.80 362 30 828 7199503  1 251201084 781217 2.2 40 18 1 2 46% 343941 1459 55%
c u 129861.46 362 30 828 7199503  1 251201084 777257 2.2 40 18 1 2 46% 343941 1459 55%
c v 129863.54 362 30 828 7199503  1 251201084 775702 2.2 40 18 1 2 46% 343941 1459 55%
c w 129863.55 362 30 828 7199503  1 251201084 775702 2.2 40 18 1 2 46% 343941 1459 55%
c ] 130001.62 362 29 828 7199568  1 251489811 1021982 2.4 40 17 1 2 47% 343941 1459 55%
c { 130001.62 362 16 828 7199568  2 251489811 1021982 2.6 26 10 1 2 45% 343941 1459 55%
c B 130178.73 362 16 828 7212304  2 251696632 1188467 2.6 26 10 1 2 45% 343941 1459 55%
c - 130288.16 363 16 829 7219246  2 251809889 798680 2.6 26 10 1 2 45% 343941 1459 55%
c 
c    seconds      reductions        conflicts           size   tier2       variables
c              MB        restarts           redundant      glue   trail         remaining
c               level           rate              size/glue  tier1  irredundant
c 
c p 130288.36 363 16 829 7219246  2 251809889 798820 2.6 26 10 1 2 45% 343941 1459 55%
c u 130305.45 363 16 829 7219246  2 251809889 794916 2.6 26 10 1 2 45% 343941 1459 55%
c v 130313.03 363 16 829 7219246  2 251809889 792760 2.6 26 10 1 2 45% 343941 1459 55%
c w 130313.04 363 16 829 7219246  2 251809889 792760 2.6 26 10 1 2 45% 343941 1459 55%
c s 130395.77 363 16 829 7227311  2 251935630 894557 2.6 26 10 1 2 45% 343941 1459 55%
c s 130396.90 363 16 829 7227311  2 251935630 894366 2.6 26 10 1 2 45% 343941 1459 55%
c W 130810.69 363 16 829 7256437  2 252406634 1271121 2.6 26 10 1 2 46% 343941 1459 55%
c - 130823.71 365 16 830 7257386  2 252419430 821771 2.6 26 10 1 2 46% 343941 1459 55%
c p 130823.96 365 16 830 7257386  2 252419430 821914 2.6 26 10 1 2 46% 343941 1459 55%
c u 130829.04 365 16 830 7257386  2 252419430 817478 2.6 26 10 1 2 46% 343941 1459 55%
c v 130837.29 365 16 830 7257386  2 252419430 814693 2.6 26 10 1 2 46% 343941 1459 55%
c w 130837.29 365 16 830 7257386  2 252419430 814693 2.6 26 10 1 2 46% 343941 1459 55%
c - 131324.74 366 16 831 7296369  2 253029710 836495 2.6 26 10 1 2 46% 343941 1459 55%
c p 131324.99 366 16 831 7296369  2 253029710 836638 2.6 26 10 1 2 46% 343941 1459 55%
c u 131329.12 366 16 831 7296369  2 253029710 832628 2.6 26 10 1 2 46% 343941 1459 55%
c v 131336.41 366 16 831 7296369  2 253029710 829839 2.6 26 10 1 2 46% 343941 1459 55%
c F 131396.41 366 17 831 7302345  2 253117636 901748 2.7 27 10 1 2 46% 343941 1459 55%
c } 131447.33 366 17 831 7306799  2 253192271 962855 2.7 27 10 1 2 45% 343941 1459 55%
c [ 131447.33 366 29 831 7306799  1 253192271 962855 2.4 40 17 1 2 47% 343941 1459 55%
c - 131678.25 366 34 832 7306865  1 253640726 842893 2.6 47 18 1 2 53% 343941 1459 55%
c 
c    seconds      reductions        conflicts           size   tier2       variables
c              MB        restarts           redundant      glue   trail         remaining
c               level           rate              size/glue  tier1  irredundant
c 
c p 131678.50 366 34 832 7306865  1 253640726 843029 2.6 47 18 1 2 53% 343941 1459 55%
c u 131683.21 366 34 832 7306865  1 253640726 838833 2.6 47 18 1 2 53% 343941 1459 55%
c v 131691.25 366 34 832 7306865  1 253640726 835712 2.6 47 18 1 2 53% 343941 1459 55%
c w 131691.29 366 34 832 7306865  1 253640726 835712 2.6 47 18 1 2 53% 343941 1459 55%
c O 131767.57 366 29 832 7306865  1 253829637 1006486 2.8 46 17 1 2 50% 343941 1459 55%
c - 132002.81 365 27 833 7306991  1 254252480 826545 2.4 38 16 1 2 49% 343941 1459 55%
c p 132003.04 365 27 833 7306991  1 254252480 826687 2.4 38 16 1 2 49% 343941 1459 55%
c u 132008.21 365 27 833 7306991  1 254252480 822716 2.4 38 16 1 2 49% 343941 1459 55%
c v 132014.49 365 27 833 7306991  1 254252480 818357 2.4 38 16 1 2 49% 343941 1459 55%
c w 132014.55 365 27 833 7306991  1 254252480 818355 2.4 38 16 1 2 49% 343941 1459 55%
c s 132068.52 365 28 833 7306999  1 254362990 915065 2.3 38 17 1 2 49% 343941 1459 55%
c s 132069.98 365 28 833 7306999  1 254362990 914986 2.3 38 17 1 2 49% 343941 1459 55%
c B 132157.84 365 25 833 7307055  1 254542639 1068370 2.5 38 15 1 2 48% 343941 1459 55%
c - 132371.79 363 38 834 7307120  1 254864973 802750 1.9 43 23 1 2 44% 343941 1459 55%
c p 132372.02 363 38 834 7307120  1 254864973 802886 1.9 43 23 1 2 44% 343941 1459 55%
c u 132376.62 363 38 834 7307120  1 254864973 798713 1.9 43 23 1 2 44% 343941 1459 55%
c v 132376.63 363 38 834 7307120  1 254864973 798710 1.9 43 23 1 2 44% 343941 1459 55%
c w 132376.65 363 38 834 7307120  1 254864973 798707 1.9 43 23 1 2 44% 343941 1459 55%
c ] 132552.10 363 40 834 7307212  1 255207812 1079054 1.9 47 25 1 2 40% 343941 1459 55%
c { 132552.10 363 17 834 7307212  2 255207812 1079054 2.7 27 10 1 2 45% 343941 1459 55%
c 
c    seconds      reductions        conflicts            size   tier2       variables
c              MB        restarts            redundant      glue   trail         remaining
c               level           rate               size/glue  tier1  irredundant
c 
c B 132603.97 363 16 834 7310197  2 255256640 1118470 2.7 27 10 1 2 45% 343941 1459 55%
c - 132849.49 364 16 835 7324311  2 255478202 810176 2.7 27 10 1 2 45% 343941 1459 55%
c p 132849.72 364 16 835 7324311  2 255478202 810316 2.7 27 10 1 2 45% 343941 1459 55%
c u 132854.41 364 16 835 7324311  2 255478202 806132 2.7 27 10 1 2 45% 343941 1459 55%
c v 132860.55 364 16 835 7324311  2 255478202 801772 2.7 27 10 1 2 45% 343941 1459 55%
c W 133308.88 364 16 835 7355540  2 255971641 1196574 2.6 26 10 1 2 45% 343941 1459 55%
c - 133421.66 366 17 836 7363458  2 256092168 831800 2.6 26 10 1 2 45% 343941 1459 55%
c p 133421.96 366 17 836 7363458  2 256092168 831938 2.6 26 10 1 2 45% 343941 1459 55%
c u 133426.50 366 17 836 7363458  2 256092168 827928 2.6 26 10 1 2 45% 343941 1459 55%
c v 133433.61 366 17 836 7363458  2 256092168 826146 2.6 26 10 1 2 45% 343941 1459 55%
c w 133433.62 366 17 836 7363458  2 256092168 826146 2.6 26 10 1 2 45% 343941 1459 55%
c # 133902.46 366 16 836 7400217  2 256687645 1305039 2.7 27 10 1 2 46% 343941 1459 55%
c - 133920.56 367 16 837 7401152  2 256706870 850417 2.7 26 10 1 2 46% 343941 1459 55%
c p 133920.78 367 16 837 7401152  2 256706870 850552 2.7 26 10 1 2 46% 343941 1459 55%
c u 133925.69 367 16 837 7401152  2 256706870 846048 2.7 26 10 1 2 46% 343941 1459 55%
c v 133933.42 367 16 837 7401152  2 256706870 843089 2.7 26 10 1 2 46% 343941 1459 55%
c w 133933.46 367 16 837 7401152  2 256706870 843087 2.7 26 10 1 2 46% 343941 1459 55%
c } 134067.80 367 16 837 7413519  2 256896388 996036 2.7 27 10 1 2 46% 343941 1459 55%
c [ 134067.80 367 40 837 7413519  1 256896388 996036 1.9 47 25 1 2 40% 343941 1459 55%
c - 134322.04 367 29 838 7413627  1 257322311 855423 2.3 39 17 1 2 46% 343941 1459 55%
c 
c    seconds      reductions        conflicts           size   tier2       variables
c              MB        restarts           redundant      glue   trail         remaining
c               level           rate              size/glue  tier1  irredundant
c 
c p 134322.31 367 29 838 7413627  1 257322311 855560 2.3 39 17 1 2 46% 343941 1459 55%
c u 134326.69 367 29 838 7413627  1 257322311 851033 2.3 39 17 1 2 46% 343941 1459 55%
c v 134334.60 367 29 838 7413627  1 257322311 847548 2.3 39 17 1 2 46% 343941 1459 55%
c w 134334.61 367 29 838 7413627  1 257322311 847548 2.3 39 17 1 2 46% 343941 1459 55%
c W 134404.11 367 31 838 7413658  1 257404646 920160 2.3 40 18 1 2 48% 343941 1459 55%
c - 134676.48 366 76 839 7413683  1 257938489 842021 1.8 70 39 1 2 53% 343941 1459 55%
c p 134676.69 366 76 839 7413683  1 257938489 842164 1.8 70 39 1 2 53% 343941 1459 55%
c u 134681.15 366 76 839 7413683  1 257938489 837580 1.8 70 39 1 2 53% 343941 1459 55%
c v 134687.97 366 76 839 7413683  1 257938489 833643 1.8 70 39 1 2 53% 343941 1459 55%
c w 134688.03 366 76 839 7413683  1 257938489 833642 1.8 70 39 1 2 53% 343941 1459 55%
c I 134760.42 366 51 839 7413684  1 258122647 994677 1.8 53 29 1 2 40% 343941 1459 55%
c - 135015.14 363 35 840 7413685  1 258555406 802017 1.9 43 22 1 2 41% 343941 1459 55%
c p 135015.35 363 35 840 7413685  1 258555406 802154 1.9 43 22 1 2 41% 343941 1459 55%
c u 135020.16 363 35 840 7413685  1 258555406 797678 1.9 43 22 1 2 41% 343941 1459 55%
c v 135020.17 363 35 840 7413685  1 258555406 797675 1.9 43 22 1 2 41% 343941 1459 55%
c B 135145.18 363 39 840 7413685  1 258841649 1038670 2.2 49 23 1 2 44% 343941 1459 55%
c ] 135217.68 363 47 840 7413685  1 259000642 1179254 2.1 56 26 1 2 42% 343941 1459 55%
c { 135217.68 363 16 840 7413685  2 259000642 1179254 2.7 27 10 1 2 46% 343941 1459 55%
c - 135434.88 373 16 841 7425069  2 259173058 806681 2.7 27 10 1 2 45% 343941 1459 55%
c p 135435.12 373 16 841 7425069  2 259173058 806824 2.7 27 10 1 2 45% 343941 1459 55%
c 
c    seconds      reductions        conflicts           size   tier2       variables
c              MB        restarts           redundant      glue   trail         remaining
c               level           rate              size/glue  tier1  irredundant
c 
c u 135440.52 373 16 841 7425069  2 259173058 802714 2.7 27 10 1 2 45% 343941 1459 55%
c v 135445.56 373 16 841 7425069  2 259173058 799513 2.7 27 10 1 2 45% 343941 1459 55%
c w 135445.60 373 16 841 7425069  2 259173058 799513 2.7 27 10 1 2 45% 343941 1459 55%
c B 135733.49 373 17 841 7450166  2 259561650 1111855 2.6 27 10 1 2 45% 343941 1459 55%
c - 135937.03 375 16 842 7463777  2 259791451 830672 2.6 26 10 1 2 46% 343941 1459 55%
c p 135937.27 375 16 842 7463777  2 259791451 830807 2.6 26 10 1 2 46% 343941 1459 55%
c u 135943.53 375 16 842 7463777  2 259791451 826588 2.6 26 10 1 2 46% 343941 1459 55%
c v 135951.90 375 16 842 7463777  2 259791451 824792 2.6 26 10 1 2 46% 343941 1459 55%
c w 135951.92 375 16 842 7463777  2 259791451 824792 2.6 26 10 1 2 46% 343941 1459 55%
c W 136381.47 375 16 842 7495038  2 260282651 1220670 2.7 27 10 1 2 46% 343941 1459 55%
c - 136498.22 376 16 843 7502792  2 260410583 850959 2.6 26 10 1 2 46% 343941 1459 55%
c p 136498.47 376 16 843 7502792  2 260410583 851096 2.6 26 10 1 2 46% 343941 1459 55%
c u 136504.01 376 16 843 7502792  2 260410583 846753 2.6 26 10 1 2 46% 343941 1459 55%
c v 136511.81 376 16 843 7502792  2 260410583 844058 2.6 26 10 1 2 46% 343941 1459 55%
c } 136736.14 376 16 843 7521764  2 260713997 1088326 2.7 26 10 1 2 46% 343941 1459 55%
c [ 136736.14 376 47 843 7521764  1 260713997 1088326 2.1 56 26 1 2 42% 343941 1459 55%
c s 136809.67 398 29 843 7521764  1 260854504 1211880 2.7 45 17 1 2 50% 343941 1459 55%
c s 136810.39 412 29 843 7521764  1 260854504 1211797 2.7 45 17 1 2 50% 343927 1459 55%
c W 136883.31 412 35 843 7521764  1 261004653 1345210 2.3 46 20 1 2 42% 343927 1459 55%
c - 136896.24 412 33 844 7521764  1 261030448 863275 2.3 44 19 1 2 42% 343927 1459 55%
c 
c    seconds      reductions        conflicts           size   tier2       variables
c              MB        restarts           redundant      glue   trail         remaining
c               level           rate              size/glue  tier1  irredundant
c 
c p 136896.45 412 33 844 7521764  1 261030448 863408 2.3 44 19 1 2 42% 343927 1459 55%
c u 136902.18 412 33 844 7521764  1 261030448 859044 2.3 44 19 1 2 42% 343927 1459 55%
c v 136910.40 412 33 844 7521764  1 261030448 855831 2.3 44 19 1 2 42% 343927 1459 55%
c w 136910.42 412 33 844 7521764  1 261030448 855831 2.3 44 19 1 2 42% 343927 1459 55%
c - 137277.96 337 24 845 7521765  1 261651042 856255 2.6 38 15 1 2 47% 343927 1459 55%
c p 137278.20 337 24 845 7521765  1 261651042 856386 2.6 38 15 1 2 47% 343927 1459 55%
c u 137283.79 337 24 845 7521765  1 261651042 852061 2.6 38 15 1 2 47% 343927 1459 55%
c v 137291.76 337 24 845 7521765  1 261651042 848861 2.6 38 15 1 2 47% 343927 1459 55%
c w 137291.83 337 24 845 7521765  1 261651042 848861 2.6 38 15 1 2 47% 343927 1459 55%
c O 137334.47 337 26 845 7521765  1 261727655 915809 2.4 37 16 1 2 46% 343927 1459 55%
c - 137667.01 336 29 846 7521765  1 262272373 831721 2.3 41 17 1 2 48% 343927 1459 55%
c p 137667.26 336 29 846 7521765  1 262272373 831849 2.3 41 17 1 2 48% 343927 1459 55%
c u 137672.95 336 29 846 7521765  1 262272373 827532 2.3 41 17 1 2 48% 343927 1459 55%
c v 137674.55 336 29 846 7521765  1 262272373 826562 2.3 41 17 1 2 48% 343927 1459 55%
c w 137674.57 336 29 846 7521765  1 262272373 826562 2.3 41 17 1 2 48% 343927 1459 55%
c B 137749.53 336 35 846 7521765  1 262451656 990603 2.6 48 19 1 2 52% 343927 1459 55%
c ] 137928.64 336 32 846 7521765  1 262780057 1283322 2.6 46 18 1 2 50% 343927 1459 55%
c { 137928.64 336 16 846 7521765  2 262780057 1283322 2.7 26 10 1 2 46% 343927 1459 55%
c - 138059.28 359 16 847 7529677  2 262894442 837938 2.7 27 10 1 2 46% 343927 1459 55%
c p 138059.54 359 16 847 7529677  2 262894442 838071 2.7 27 10 1 2 46% 343927 1459 55%
c 
c    seconds      reductions        conflicts           size   tier2       variables
c              MB        restarts           redundant      glue   trail         remaining
c               level           rate              size/glue  tier1  irredundant
c 
c u 138065.11 359 16 847 7529677  2 262894442 833833 2.7 27 10 1 2 46% 343927 1459 55%
c v 138071.77 359 16 847 7529677  2 262894442 829927 2.7 27 10 1 2 46% 343927 1459 55%
c w 138071.78 359 16 847 7529677  2 262894442 829927 2.7 27 10 1 2 46% 343927 1459 55%
c F 138279.15 359 16 847 7547216  2 263176658 1055562 2.6 26 10 1 2 46% 343927 1459 55%
c s 138393.47 384 16 847 7555412  2 263313370 1164714 2.7 26 10 1 2 46% 343927 1459 55%
c s 138394.42 397 16 847 7555412  2 263313370 1164551 2.7 26 10 1 2 46% 343927 1459 55%
c - 138583.01 399 16 848 7568066  2 263517248 854052 2.6 26 10 1 2 46% 343927 1459 55%
c p 138583.27 399 16 848 7568066  2 263517248 854183 2.6 26 10 1 2 46% 343927 1459 55%
c u 138588.37 399 16 848 7568066  2 263517248 850012 2.6 26 10 1 2 46% 343927 1459 55%
c v 138595.51 399 16 848 7568066  2 263517248 847188 2.6 26 10 1 2 46% 343927 1459 55%
c w 138595.52 399 16 848 7568066  2 263517248 847188 2.6 26 10 1 2 46% 343927 1459 55%
c B 138889.06 399 16 848 7592604  2 263902661 1157346 2.7 26 10 1 2 46% 343927 1459 55%
c - 139106.71 400 16 849 7607820  2 264140792 872428 2.6 26 10 1 2 46% 343927 1459 55%
c p 139106.96 400 16 849 7607820  2 264140792 872561 2.6 26 10 1 2 46% 343927 1459 55%
c u 139112.14 400 16 849 7607820  2 264140792 868364 2.6 26 10 1 2 46% 343927 1459 55%
c v 139120.57 400 16 849 7607820  2 264140792 865023 2.6 26 10 1 2 46% 343927 1459 55%
c } 139397.99 400 16 849 7630635  2 264502675 1152997 2.6 26 10 1 2 46% 343927 1459 55%
c [ 139397.99 400 32 849 7630635  1 264502675 1152997 2.6 46 18 1 2 50% 343927 1459 55%
c W 139536.69 400 33 849 7630635  1 264629662 1262263 2.3 43 19 1 2 48% 343927 1459 55%
c - 139612.63 401 62 850 7630635  1 264765073 882193 1.9 59 31 1 2 51% 343927 1459 55%
c 
c    seconds      reductions        conflicts           size   tier2       variables
c              MB        restarts           redundant      glue   trail         remaining
c               level           rate              size/glue  tier1  irredundant
c 
c p 139612.86 401 62 850 7630635  1 264765073 882320 1.9 59 31 1 2 51% 343927 1459 55%
c u 139617.40 401 62 850 7630635  1 264765073 879323 1.9 59 31 1 2 51% 343927 1459 55%
c v 139624.90 401 62 850 7630635  1 264765073 875857 1.9 59 31 1 2 51% 343927 1459 55%
c w 139624.95 401 62 850 7630635  1 264765073 875852 1.9 59 31 1 2 51% 343927 1459 55%
c I 139944.31 401 32 850 7630711  1 265357669 1395357 2.3 43 19 1 2 47% 343927 1459 55%
c - 139963.64 401 35 851 7630725  1 265390095 879729 2.1 43 21 1 2 44% 343927 1459 55%
c p 139963.89 401 35 851 7630725  1 265390095 879859 2.1 43 21 1 2 44% 343927 1459 55%
c u 139964.58 401 35 851 7630725  1 265390095 879829 2.1 43 21 1 2 44% 343927 1459 55%
c v 139973.43 401 35 851 7630725  1 265390095 876964 2.1 43 21 1 2 44% 343927 1459 55%
c w 139973.45 401 35 851 7630725  1 265390095 876964 2.1 43 21 1 2 44% 343927 1459 55%
c s 140192.20 401 42 851 7630825  1 265787999 1204655 1.9 48 26 1 2 41% 343927 1459 55%
c s 140193.56 438 42 851 7630825  1 265787999 1204549 1.9 48 26 1 2 41% 343927 1459 55%
c - 140361.10 365 41 852 7630889  1 266015854 844337 1.8 49 27 1 2 41% 343927 1459 55%
c p 140361.36 365 41 852 7630889  1 266015854 844468 1.8 49 27 1 2 41% 343927 1459 55%
c u 140363.30 365 41 852 7630889  1 266015854 844364 1.8 49 27 1 2 41% 343927 1459 55%
c v 140363.32 365 41 852 7630889  1 266015854 844360 1.8 49 27 1 2 41% 343927 1459 55%
c w 140363.33 365 41 852 7630889  1 266015854 844360 1.8 49 27 1 2 41% 343927 1459 55%
c B 140393.32 365 38 852 7630890  1 266086672 903176 1.9 45 24 1 2 40% 343927 1459 55%
c ] 140657.82 365 25 852 7631006  1 266529786 1279307 2.3 36 16 1 2 47% 343927 1459 55%
c { 140657.82 365 16 852 7631006  2 266529786 1279307 2.6 26 10 1 2 46% 343927 1459 55%
c 
c    seconds      reductions        conflicts           size   tier2       variables
c              MB        restarts           redundant      glue   trail         remaining
c               level           rate              size/glue  tier1  irredundant
c 
c - 140779.53 365 16 853 7637518  2 266642347 844084 2.6 26 10 1 2 45% 343927 1459 55%
c p 140779.76 365 16 853 7637518  2 266642347 844217 2.6 26 10 1 2 45% 343927 1459 55%
c u 140781.96 365 16 853 7637518  2 266642347 844050 2.6 26 10 1 2 45% 343927 1459 55%
c w 140781.97 365 16 853 7637518  2 266642347 844050 2.6 26 10 1 2 45% 343927 1459 55%
c W 140956.01 365 16 853 7648749  2 266816674 984595 2.7 26 10 1 2 46% 343927 1459 55%
c - 141347.14 366 16 854 7677143  2 267269579 870654 2.6 26 10 1 2 46% 343927 1459 55%
c p 141347.37 366 16 854 7677143  2 267269579 870791 2.6 26 10 1 2 46% 343927 1459 55%
c u 141350.15 366 16 854 7677143  2 267269579 870536 2.6 26 10 1 2 46% 343927 1459 55%
c v 141357.38 366 16 854 7677143  2 267269579 867905 2.6 26 10 1 2 46% 343927 1459 55%
c # 141563.15 366 16 854 7694208  2 267547679 1091703 2.7 26 10 1 2 46% 343927 1459 55%
c - 141879.49 368 16 855 7716337  2 267897547 893957 2.7 26 10 1 2 46% 343927 1459 55%
c p 141879.74 368 16 855 7716337  2 267897547 894088 2.7 26 10 1 2 46% 343927 1459 55%
c u 141883.01 368 16 855 7716337  2 267897547 893823 2.7 26 10 1 2 46% 343927 1459 55%
c v 141890.83 368 16 855 7716337  2 267897547 890810 2.7 26 10 1 2 46% 343927 1459 55%
c } 142172.09 368 16 855 7738962  2 268263293 1183424 2.7 26 10 1 2 46% 343927 1459 55%
c [ 142172.09 368 25 855 7738962  1 268263293 1183424 2.3 36 16 1 2 47% 343927 1459 55%
c W 142202.40 368 25 855 7738970  1 268279680 1197554 2.3 37 16 1 2 48% 343927 1459 55%
c - 142335.72 368 39 856 7739025  1 268526252 903992 1.9 47 24 1 2 40% 343927 1459 55%
c p 142335.97 368 39 856 7739025  1 268526252 904121 1.9 47 24 1 2 40% 343927 1459 55%
c u 142340.19 368 39 856 7739025  1 268526252 903779 1.9 47 24 1 2 40% 343927 1459 55%
c 
c    seconds      reductions        conflicts           size   tier2       variables
c              MB        restarts           redundant      glue   trail         remaining
c               level           rate              size/glue  tier1  irredundant
c 
c v 142348.09 368 39 856 7739025  1 268526252 900422 1.9 47 24 1 2 40% 343927 1459 55%
c w 142348.11 368 39 856 7739025  1 268526252 900419 1.9 47 24 1 2 40% 343927 1459 55%
c O 142597.43 368 36 856 7739102  1 269012682 1298309 2.2 48 22 1 2 43% 343927 1459 55%
c - 142690.06 368 29 857 7739102  1 269155694 892530 2.6 45 17 1 2 48% 343927 1459 55%
c p 142690.34 368 29 857 7739102  1 269155694 892662 2.6 45 17 1 2 48% 343927 1459 55%
c u 142694.49 368 29 857 7739102  1 269155694 892325 2.6 45 17 1 2 48% 343927 1459 55%
c v 142701.71 368 29 857 7739102  1 269155694 888266 2.6 45 17 1 2 48% 343927 1459 55%
c w 142701.72 368 29 857 7739102  1 269155694 888266 2.6 45 17 1 2 48% 343927 1459 55%
c B 143068.41 368 38 857 7739237  1 269746687 1370945 1.8 44 25 1 2 39% 343927 1459 55%
c - 143094.38 365 37 858 7739256  1 269785874 860331 1.8 42 23 1 2 42% 343927 1459 55%
c p 143094.64 365 37 858 7739256  1 269785874 860465 1.8 42 23 1 2 42% 343927 1459 55%
c u 143098.32 365 37 858 7739256  1 269785874 860081 1.8 42 23 1 2 42% 343927 1459 55%
c v 143098.35 365 37 858 7739256  1 269785874 860075 1.8 42 23 1 2 42% 343927 1459 55%
c w 143098.36 365 37 858 7739256  1 269785874 860074 1.8 42 23 1 2 42% 343927 1459 55%
c ] 143395.77 365 28 858 7739366  1 270347293 1338029 2.5 41 16 1 2 50% 343927 1459 55%
c { 143395.77 365 16 858 7739366  2 270347293 1338029 2.7 26 10 1 2 46% 343927 1459 55%
c - 143460.64 365 16 859 7743736  2 270416792 861824 2.6 26 10 1 2 46% 343927 1459 55%
c p 143460.87 365 16 859 7743736  2 270416792 861955 2.6 26 10 1 2 46% 343927 1459 55%
c u 143465.15 365 16 859 7743736  2 270416792 861590 2.6 26 10 1 2 46% 343927 1459 55%
c w 143465.17 365 16 859 7743736  2 270416792 861590 2.6 26 10 1 2 46% 343927 1459 55%
c 
c    seconds      reductions        conflicts           size   tier2       variables
c              MB        restarts           redundant      glue   trail         remaining
c               level           rate              size/glue  tier1  irredundant
c 
c B 143507.46 365 16 859 7747769  2 270481690 913533 2.6 26 10 1 2 46% 343927 1459 55%
c s 143583.76 365 16 859 7753658  2 270588476 998502 2.7 26 10 1 2 46% 343927 1459 55%
c s 143584.96 365 16 859 7753658  2 270588476 998352 2.7 26 10 1 2 46% 343927 1459 55%
c - 143983.59 367 16 860 7782780  2 271048445 887583 2.7 27 10 1 2 46% 343927 1459 55%
c p 143983.84 367 16 860 7782780  2 271048445 887720 2.7 27 10 1 2 46% 343927 1459 55%
c u 143987.76 367 16 860 7782780  2 271048445 887288 2.7 27 10 1 2 46% 343927 1459 55%
c v 143994.99 367 16 860 7782780  2 271048445 884931 2.7 27 10 1 2 46% 343927 1459 55%
c W 144178.88 367 16 860 7793015  2 271217692 1021564 2.7 27 10 1 2 46% 343927 1459 55%
c - 144583.56 368 16 861 7821983  2 271680839 910994 2.6 26 10 1 2 46% 343927 1459 55%
c p 144583.83 368 16 861 7821983  2 271680839 911133 2.6 26 10 1 2 46% 343927 1459 55%
c u 144589.23 368 16 861 7821983  2 271680839 910647 2.6 26 10 1 2 46% 343927 1459 55%
c v 144598.16 368 16 861 7821983  2 271680839 907666 2.6 26 10 1 2 46% 343927 1459 55%
c w 144598.16 368 16 861 7821983  2 271680839 907666 2.6 26 10 1 2 46% 343927 1459 55%
c F 144804.93 368 16 861 7838665  2 271954695 1126904 2.7 26 10 1 2 46% 343927 1459 55%
c } 144948.47 368 16 861 7848991  2 272119015 1257290 2.7 26 10 1 2 46% 343927 1459 55%
c [ 144948.47 368 28 861 7848991  1 272119015 1257290 2.5 41 16 1 2 50% 343927 1459 55%
c - 145075.76 369 29 862 7849052  1 272313968 921566 2.4 41 17 1 2 49% 343927 1459 55%
c p 145076.00 369 29 862 7849052  1 272313968 921701 2.4 41 17 1 2 49% 343927 1459 55%
c u 145079.57 369 29 862 7849052  1 272313968 921216 2.4 41 17 1 2 49% 343927 1459 55%
c v 145087.83 369 29 862 7849052  1 272313968 917745 2.4 41 17 1 2 49% 343927 1459 55%
c 
c    seconds      reductions        conflicts           size   tier2       variables
c              MB        restarts           redundant      glue   trail         remaining
c               level           rate              size/glue  tier1  irredundant
c 
c w 145087.85 369 29 862 7849052  1 272313968 917744 2.4 41 17 1 2 49% 343927 1459 55%
c W 145349.46 369 24 862 7849159  1 272692696 1241927 2.5 38 15 1 2 47% 343927 1459 55%
c - 145516.17 369 42 863 7849235  1 272947834 915959 1.8 46 26 1 2 39% 343927 1459 55%
c p 145516.46 369 42 863 7849235  1 272947834 916093 1.8 46 26 1 2 39% 343927 1459 55%
c u 145521.60 369 42 863 7849235  1 272947834 915515 1.8 46 26 1 2 39% 343927 1459 55%
c v 145529.05 369 42 863 7849235  1 272947834 911546 1.8 46 26 1 2 39% 343927 1459 55%
c w 145529.08 369 42 863 7849235  1 272947834 911545 1.8 46 26 1 2 39% 343927 1459 55%
c s 145595.51 369 39 863 7849237  1 273094628 1037316 2.0 46 22 1 2 42% 343927 1459 55%
c s 145597.09 369 39 863 7849237  1 273094628 1037260 2.0 46 22 1 2 42% 343927 1459 55%
c I 145792.05 369 36 863 7849238  1 273431704 1319915 2.1 48 23 1 2 41% 343927 1459 55%
c - 145908.22 366 36 864 7849239  1 273582438 880445 2.3 50 22 1 2 46% 343927 1459 55%
c p 145908.44 366 36 864 7849239  1 273582438 880578 2.3 50 22 1 2 46% 343927 1459 55%
c u 145913.40 366 36 864 7849239  1 273582438 879989 2.3 50 22 1 2 46% 343927 1459 55%
c v 145913.45 366 36 864 7849239  1 273582438 879983 2.3 50 22 1 2 46% 343927 1459 55%
c w 145913.48 366 36 864 7849239  1 273582438 879983 2.3 50 22 1 2 46% 343927 1459 55%
c ] 146248.05 366 37 864 7849302  1 274148190 1337994 1.9 45 24 1 2 40% 343927 1459 55%
c { 146248.05 366 16 864 7849302  2 274148190 1337994 2.7 26 10 1 2 46% 343927 1459 55%
c B 146279.08 366 16 864 7850765  2 274171705 1356966 2.7 26 10 1 2 46% 343927 1459 55%
c - 146337.10 367 16 865 7853862  2 274217779 860714 2.7 26 10 1 2 46% 343927 1459 55%
c p 146337.34 367 16 865 7853862  2 274217779 860847 2.7 26 10 1 2 46% 343927 1459 55%
c 
c    seconds      reductions        conflicts           size   tier2       variables
c              MB        restarts           redundant      glue   trail         remaining
c               level           rate              size/glue  tier1  irredundant
c 
c u 146353.35 367 16 865 7853862  2 274217779 860255 2.7 26 10 1 2 46% 343927 1459 55%
c v 146353.37 367 16 865 7853862  2 274217779 860253 2.7 26 10 1 2 46% 343927 1459 55%
c w 146353.37 367 16 865 7853862  2 274217779 860253 2.7 26 10 1 2 46% 343927 1459 55%
c - 146861.31 369 16 866 7893180  2 274853857 888140 2.7 26 10 1 2 46% 343927 1459 55%
c p 146861.56 369 16 866 7893180  2 274853857 888275 2.7 26 10 1 2 46% 343927 1459 55%
c u 146865.25 369 16 866 7893180  2 274853857 887705 2.7 26 10 1 2 46% 343927 1459 55%
c v 146871.77 369 16 866 7893180  2 274853857 885354 2.7 26 10 1 2 46% 343927 1459 55%
c w 146871.78 369 16 866 7893180  2 274853857 885354 2.7 26 10 1 2 46% 343927 1459 55%
c W 146958.70 369 16 866 7896840  2 274912708 931877 2.7 26 10 1 2 46% 343927 1459 55%
c - 147447.33 371 15 867 7932542  2 275490673 912375 2.7 26 10 1 2 46% 343927 1459 55%
c p 147447.58 371 15 867 7932542  2 275490673 912507 2.7 26 10 1 2 46% 343927 1459 55%
c u 147452.53 371 15 867 7932542  2 275490673 911937 2.7 26 10 1 2 46% 343927 1459 55%
c v 147460.59 371 15 867 7932542  2 275490673 908924 2.7 26 10 1 2 46% 343927 1459 55%
c w 147460.59 371 15 867 7932542  2 275490673 908924 2.7 26 10 1 2 46% 343927 1459 55%
c # 147579.08 371 16 867 7944214  2 275654709 1040203 2.6 26 10 1 2 46% 343927 1459 55%
c } 147813.46 371 16 867 7961570  2 275944040 1269009 2.6 26 10 1 2 46% 343927 1459 55%
c [ 147813.46 371 37 867 7961570  1 275944040 1269009 1.9 45 24 1 2 40% 343927 1459 55%
c - 147941.92 371 33 868 7961632  1 276128226 924672 2.0 40 20 1 2 44% 343927 1459 55%
c p 147942.18 371 33 868 7961632  1 276128226 924810 2.0 40 20 1 2 44% 343927 1459 55%
c u 147947.55 371 33 868 7961632  1 276128226 924305 2.0 40 20 1 2 44% 343927 1459 55%
c 
c    seconds      reductions        conflicts           size   tier2       variables
c              MB        restarts           redundant      glue   trail         remaining
c               level           rate              size/glue  tier1  irredundant
c 
c v 147955.18 371 33 868 7961632  1 276128226 920707 2.0 40 20 1 2 44% 343927 1459 55%
c w 147955.18 371 33 868 7961632  1 276128226 920707 2.0 40 20 1 2 44% 343927 1459 55%
c x 147955.82 371 33 868 7961632  1 276128226 920706 2.0 40 20 1 2 44% 343927 1459 55%
c s 147957.36 376 33 868 7961632  1 276128226 920646 2.0 40 20 1 2 44% 343927 1459 55%
c s 147957.80 376 33 868 7961632  1 276128226 920644 2.0 40 20 1 2 44% 343927 1459 55%
c B 148092.39 376 33 868 7961696  1 276397714 1155670 2.2 41 18 1 2 49% 343927 1459 55%
c - 148321.38 377 28 869 7961762  1 276766517 926906 2.4 39 17 1 2 50% 343927 1459 55%
c p 148321.62 377 28 869 7961762  1 276766517 927039 2.4 39 17 1 2 50% 343927 1459 55%
c u 148326.58 377 28 869 7961762  1 276766517 926574 2.4 39 17 1 2 50% 343927 1459 55%
c v 148335.03 377 28 869 7961762  1 276766517 923550 2.4 39 17 1 2 50% 343927 1459 55%
c w 148335.04 377 28 869 7961762  1 276766517 923550 2.4 39 17 1 2 50% 343927 1459 55%
c W 148611.78 377 27 869 7961871  1 277141718 1243323 2.3 40 17 1 2 48% 343927 1459 55%
c - 148761.02 376 32 870 7961935  1 277405544 908457 2.4 46 19 1 2 45% 343927 1459 55%
c p 148761.29 376 32 870 7961935  1 277405544 908590 2.4 46 19 1 2 45% 343927 1459 55%
c u 148766.46 376 32 870 7961935  1 277405544 908248 2.4 46 19 1 2 45% 343927 1459 55%
c v 148770.18 376 32 870 7961935  1 277405544 905684 2.4 46 19 1 2 45% 343927 1459 55%
c O 149034.03 376 41 870 7962017  1 277886719 1320560 2.4 52 21 1 2 52% 343927 1459 55%
c ] 149118.02 376 33 870 7962018  1 278029080 1444650 2.4 46 19 1 2 44% 343927 1459 55%
c { 149118.02 376 16 870 7962018  2 278029080 1444650 2.6 26 10 1 2 46% 343927 1459 55%
c - 149140.99 376 16 871 7963364  2 278045309 910887 2.6 26 10 1 2 46% 343927 1459 55%
c 
c    seconds      reductions        conflicts           size   tier2       variables
c              MB        restarts           redundant      glue   trail         remaining
c               level           rate              size/glue  tier1  irredundant
c 
c p 149141.26 376 16 871 7963364  2 278045309 911026 2.6 26 10 1 2 46% 343927 1459 55%
c u 149146.42 376 16 871 7963364  2 278045309 907342 2.6 26 10 1 2 46% 343927 1459 55%
c B 149632.03 376 16 871 8000171  2 278632722 1375858 2.6 26 10 1 2 46% 343927 1459 55%
c s 149664.53 376 16 871 8002175  2 278665904 1402119 2.6 26 10 1 2 46% 343816 1459 55%
c s 149665.72 376 16 871 8002175  2 278665904 1401818 2.6 26 10 1 2 46% 343816 1459 55%
c - 149687.68 377 16 872 8003342  2 278685815 929134 2.6 26 10 1 2 46% 343816 1459 55%
c p 149687.94 377 16 872 8003342  2 278685815 929269 2.6 26 10 1 2 46% 343816 1459 55%
c u 149692.96 377 16 872 8003342  2 278685815 925101 2.6 26 10 1 2 46% 343816 1459 55%
c v 149700.54 377 16 872 8003342  2 278685815 921685 2.6 26 10 1 2 46% 343816 1459 55%
c w 149700.56 377 16 872 8003342  2 278685815 921685 2.6 26 10 1 2 46% 343816 1459 55%
c - 150247.65 378 16 873 8044224  2 279326996 946778 2.6 25 10 1 2 46% 343816 1459 55%
c p 150247.94 378 16 873 8044224  2 279326996 946913 2.6 25 10 1 2 46% 343816 1459 55%
c u 150253.33 378 16 873 8044224  2 279326996 942754 2.6 25 10 1 2 46% 343816 1459 55%
c v 150262.21 378 16 873 8044224  2 279326996 939347 2.6 25 10 1 2 46% 343816 1459 55%
c w 150262.22 378 16 873 8044224  2 279326996 939347 2.6 25 10 1 2 46% 343816 1459 55%
c W 150354.16 378 16 873 8047575  2 279379726 981169 2.6 26 10 1 2 46% 343816 1459 55%
c } 150728.70 378 16 873 8074569  2 279816267 1327830 2.7 26 10 1 2 46% 343816 1459 55%
c [ 150728.70 378 33 873 8074569  1 279816267 1327830 2.4 46 19 1 2 44% 343816 1459 55%
c - 150814.09 379 35 874 8074582  1 279968912 956047 2.3 46 20 1 2 49% 343816 1459 55%
c p 150814.33 379 35 874 8074582  1 279968912 956182 2.3 46 20 1 2 49% 343816 1459 55%
c 
c    seconds      reductions        conflicts           size   tier2       variables
c              MB        restarts           redundant      glue   trail         remaining
c               level           rate              size/glue  tier1  irredundant
c 
c u 150818.88 379 35 874 8074582  1 279968912 951920 2.3 46 20 1 2 49% 343816 1459 55%
c v 150826.93 379 35 874 8074582  1 279968912 948577 2.3 46 20 1 2 49% 343816 1459 55%
c B 150911.74 379 31 874 8074632  1 280127728 1088501 2.4 42 17 1 2 49% 343816 1459 55%
c - 151191.00 378 36 875 8074759  1 280611567 945602 2.0 46 23 1 2 39% 343816 1459 55%
c p 151191.26 378 36 875 8074759  1 280611567 945739 2.0 46 23 1 2 39% 343816 1459 55%
c u 151196.67 378 36 875 8074759  1 280611567 941339 2.0 46 23 1 2 39% 343816 1459 55%
c v 151204.39 378 36 875 8074759  1 280611567 937324 2.0 46 23 1 2 39% 343816 1459 55%
c w 151204.42 378 36 875 8074759  1 280611567 937321 2.0 46 23 1 2 39% 343816 1459 55%
c W 151371.28 378 37 875 8074823  1 280876729 1161816 2.0 45 23 1 2 40% 343816 1459 55%
c s 151666.64 378 39 875 8074892  1 281219197 1435983 1.9 47 26 1 2 40% 343816 1459 55%
c s 151668.20 482 39 875 8074892  1 281219197 1435732 1.9 47 26 1 2 40% 343816 1459 55%
c - 151706.39 375 38 876 8074909  1 281254958 898004 1.9 46 25 1 2 40% 343816 1459 55%
c p 151706.61 375 38 876 8074909  1 281254958 898142 1.9 46 25 1 2 40% 343816 1459 55%
c u 151710.79 375 38 876 8074909  1 281254958 893720 1.9 46 25 1 2 40% 343816 1459 55%
c v 151710.81 375 38 876 8074909  1 281254958 893716 1.9 46 25 1 2 40% 343816 1459 55%
c w 151710.82 375 38 876 8074909  1 281254958 893715 1.9 46 25 1 2 40% 343816 1459 55%
c I 151883.44 375 35 876 8075012  1 281626730 1194155 2.1 47 22 1 2 43% 343816 1459 55%
c ] 152070.63 375 35 876 8075078  1 281889417 1399911 1.9 43 23 1 2 40% 343816 1459 55%
c { 152070.63 375 16 876 8075078  2 281889417 1399911 2.7 26 10 1 2 46% 343816 1459 55%
c - 152085.78 376 16 877 8075801  2 281899087 872594 2.7 26 10 1 2 46% 343816 1459 55%
c 
c    seconds      reductions        conflicts           size   tier2       variables
c              MB        restarts           redundant      glue   trail         remaining
c               level           rate              size/glue  tier1  irredundant
c 
c p 152086.02 376 16 877 8075801  2 281899087 872729 2.7 26 10 1 2 46% 343816 1459 55%
c u 152090.77 376 16 877 8075801  2 281899087 868777 2.7 26 10 1 2 46% 343816 1459 55%
c v 152090.78 376 16 877 8075801  2 281899087 868776 2.7 26 10 1 2 46% 343816 1459 55%
c w 152090.79 376 16 877 8075801  2 281899087 868776 2.7 26 10 1 2 46% 343816 1459 55%
c F 152455.41 376 16 877 8105184  2 282377731 1252763 2.7 26 10 1 2 46% 343816 1459 55%
c - 152612.34 378 16 878 8115545  2 282543953 899180 2.6 26 10 1 2 46% 343816 1459 55%
c p 152612.60 378 16 878 8115545  2 282543953 899321 2.6 26 10 1 2 46% 343816 1459 55%
c u 152617.51 378 16 878 8115545  2 282543953 895326 2.6 26 10 1 2 46% 343816 1459 55%
c v 152624.09 378 16 878 8115545  2 282543953 893472 2.6 26 10 1 2 46% 343816 1459 55%
c B 153103.79 378 16 878 8152284  2 283129732 1360154 2.6 26 10 1 2 46% 343816 1459 55%
c - 153162.29 379 16 879 8156257  2 283189558 921968 2.6 26 10 1 2 46% 343816 1459 55%
c p 153162.54 379 16 879 8156257  2 283189558 922103 2.6 26 10 1 2 46% 343816 1459 55%
c u 153167.64 379 16 879 8156257  2 283189558 917728 2.6 26 10 1 2 46% 343816 1459 55%
c v 153174.89 379 16 879 8156257  2 283189558 914784 2.6 26 10 1 2 46% 343816 1459 55%
c w 153174.91 379 16 879 8156257  2 283189558 914784 2.6 26 10 1 2 46% 343816 1459 55%
c } 153630.87 379 16 879 8190637  2 283748235 1360320 2.6 25 10 1 2 46% 343816 1459 55%
c [ 153630.87 379 35 879 8190637  1 283748235 1360320 1.9 43 23 1 2 40% 343816 1459 55%
c - 153680.74 380 29 880 8190638  1 283835898 932323 2.2 41 19 1 2 43% 343816 1459 55%
c p 153680.98 380 29 880 8190638  1 283835898 932458 2.2 41 19 1 2 43% 343816 1459 55%
c u 153685.77 380 29 880 8190638  1 283835898 928438 2.2 41 19 1 2 43% 343816 1459 55%
c 
c    seconds      reductions        conflicts           size   tier2       variables
c              MB        restarts           redundant      glue   trail         remaining
c               level           rate              size/glue  tier1  irredundant
c 
c v 153694.68 380 29 880 8190638  1 283835898 925145 2.2 41 19 1 2 43% 343816 1459 55%
c w 153694.70 380 29 880 8190638  1 283835898 925144 2.2 41 19 1 2 43% 343816 1459 55%
c B 153713.62 380 31 880 8190638  1 283882734 965784 2.3 43 19 1 2 45% 343816 1459 55%
c - 154122.22 380 27 881 8190640  1 284482975 937432 2.4 40 17 1 2 48% 343816 1459 55%
c p 154122.45 380 27 881 8190640  1 284482975 937569 2.4 40 17 1 2 48% 343816 1459 55%
c u 154126.83 380 27 881 8190640  1 284482975 933255 2.4 40 17 1 2 48% 343816 1459 55%
c v 154134.24 380 27 881 8190640  1 284482975 930295 2.4 40 17 1 2 48% 343816 1459 55%
c w 154134.27 380 27 881 8190640  1 284482975 930293 2.4 40 17 1 2 48% 343816 1459 55%
c W 154297.72 380 27 881 8190640  1 284636737 1062042 2.5 41 16 1 2 49% 343816 1459 55%
c s 154494.85 380 38 881 8190641  1 285030944 1407029 2.3 52 22 1 2 45% 343816 1459 55%
c s 154496.31 484 38 881 8190641  1 285030944 1406814 2.3 52 22 1 2 45% 343816 1459 55%
c - 154561.10 379 37 882 8190641  1 285130790 916339 2.5 52 21 1 2 46% 343816 1459 55%
c p 154561.36 379 37 882 8190641  1 285130790 916479 2.5 52 21 1 2 46% 343816 1459 55%
c u 154565.96 379 37 882 8190641  1 285130790 912593 2.5 52 21 1 2 46% 343816 1459 55%
c v 154572.52 379 37 882 8190641  1 285130790 908560 2.5 52 21 1 2 46% 343816 1459 55%
c w 154572.55 379 37 882 8190641  1 285130790 908560 2.5 52 21 1 2 46% 343816 1459 55%
c O 154663.01 379 40 882 8190641  1 285391739 1141460 2.4 52 22 1 2 45% 343816 1459 55%
c - 154915.42 379 37 883 8190641  1 285779345 922982 2.1 47 22 1 2 44% 343816 1459 55%
c p 154915.68 379 37 883 8190641  1 285779345 923120 2.1 47 22 1 2 44% 343816 1459 55%
c u 154920.96 379 37 883 8190641  1 285779345 919065 2.1 47 22 1 2 44% 343816 1459 55%
c 
c    seconds      reductions        conflicts           size   tier2       variables
c              MB        restarts           redundant      glue   trail         remaining
c               level           rate              size/glue  tier1  irredundant
c 
c v 154927.73 379 37 883 8190641  1 285779345 914680 2.1 47 22 1 2 44% 343816 1459 55%
c w 154927.79 379 37 883 8190641  1 285779345 914675 2.1 47 22 1 2 44% 343816 1459 55%
c ] 154968.94 379 39 883 8190672  1 285870072 991613 2.0 46 23 1 2 41% 343816 1459 55%
c { 154968.94 379 16 883 8190672  2 285870072 991613 2.6 25 10 1 2 46% 343816 1459 55%
c W 155239.74 379 16 883 8207855  2 286147741 1210355 2.6 26 10 1 2 46% 343816 1459 55%
c - 155511.64 380 15 884 8225001  2 286428639 928495 2.6 26 10 1 2 46% 343816 1459 55%
c p 155511.91 380 15 884 8225001  2 286428639 928634 2.6 26 10 1 2 46% 343816 1459 55%
c u 155517.14 380 15 884 8225001  2 286428639 924431 2.6 26 10 1 2 46% 343816 1459 55%
c v 155525.09 380 15 884 8225001  2 286428639 920531 2.6 26 10 1 2 46% 343816 1459 55%
c w 155525.11 380 15 884 8225001  2 286428639 920531 2.6 26 10 1 2 46% 343816 1459 55%
c # 155906.01 380 16 884 8254505  2 286904742 1299266 2.6 25 10 1 2 46% 343816 1459 55%
c - 156072.46 381 16 885 8265344  2 287078668 944305 2.6 26 10 1 2 46% 343816 1459 55%
c p 156072.73 381 16 885 8265344  2 287078668 944450 2.6 26 10 1 2 46% 343816 1459 55%
c u 156077.75 381 16 885 8265344  2 287078668 940452 2.6 26 10 1 2 46% 343816 1459 55%
c v 156086.13 381 16 885 8265344  2 287078668 938035 2.6 26 10 1 2 46% 343816 1459 55%
c B 156575.95 381 16 885 8302282  2 287662744 1403665 2.6 26 10 1 2 46% 343816 1459 55%
c } 156601.55 381 16 885 8303678  2 287688314 1424279 2.7 26 10 1 2 46% 343816 1459 55%
c [ 156601.56 381 39 885 8303678  1 287688314 1424279 2.0 46 23 1 2 41% 343816 1459 55%
c - 156627.93 381 33 886 8303693  1 287729434 954673 2.1 42 20 1 2 43% 343816 1459 55%
c p 156628.18 381 33 886 8303693  1 287729434 954812 2.1 42 20 1 2 43% 343816 1459 55%
c 
c    seconds      reductions        conflicts           size   tier2       variables
c              MB        restarts           redundant      glue   trail         remaining
c               level           rate              size/glue  tier1  irredundant
c 
c u 156633.06 381 33 886 8303693  1 287729434 950663 2.1 42 20 1 2 43% 343816 1459 55%
c v 156641.92 381 33 886 8303693  1 287729434 947038 2.1 42 20 1 2 43% 343816 1459 55%
c w 156641.94 381 33 886 8303693  1 287729434 947038 2.1 42 20 1 2 43% 343816 1459 55%
c - 157036.00 382 27 887 8303876  1 288380934 957306 2.3 38 17 1 2 49% 343816 1459 55%
c p 157036.33 382 27 887 8303876  1 288380934 957442 2.3 38 17 1 2 49% 343816 1459 55%
c u 157042.21 382 27 887 8303876  1 288380934 953526 2.3 38 17 1 2 49% 343816 1459 55%
c v 157050.21 382 27 887 8303876  1 288380934 949962 2.3 38 17 1 2 49% 343816 1459 55%
c w 157050.23 382 27 887 8303876  1 288380934 949962 2.3 38 17 1 2 49% 343816 1459 55%
c B 157067.44 382 26 887 8303896  1 288421747 984937 2.3 37 16 1 2 48% 343816 1459 55%
c - 157447.08 380 32 888 8304026  1 289033173 926059 2.3 41 18 1 2 50% 343816 1459 55%
c p 157447.33 380 32 888 8304026  1 289033173 926197 2.3 41 18 1 2 50% 343816 1459 55%
c u 157453.18 380 32 888 8304026  1 289033173 922259 2.3 41 18 1 2 50% 343816 1459 55%
c v 157453.24 380 32 888 8304026  1 289033173 922246 2.3 41 18 1 2 50% 343816 1459 55%
c w 157453.26 380 32 888 8304026  1 289033173 922246 2.3 41 18 1 2 50% 343816 1459 55%
c W 157594.16 380 54 888 8304044  1 289181748 1052731 1.7 51 29 1 2 48% 343816 1459 55%
c - 157937.15 380 29 889 8304157  1 289686150 927332 2.4 41 17 1 2 48% 343816 1459 55%
c p 157937.39 380 29 889 8304157  1 289686150 927475 2.4 41 17 1 2 48% 343816 1459 55%
c u 157943.06 380 29 889 8304157  1 289686150 923831 2.4 41 17 1 2 48% 343816 1459 55%
c v 157943.09 380 29 889 8304157  1 289686150 923827 2.4 41 17 1 2 48% 343816 1459 55%
c ] 157981.81 380 31 889 8304158  1 289780685 1007375 2.4 43 18 1 2 51% 343816 1459 55%
c 
c    seconds      reductions        conflicts            size   tier2       variables
c              MB        restarts            redundant      glue   trail         remaining
c               level           rate               size/glue  tier1  irredundant
c 
c { 157981.81 380 16 889 8304158  2 289780685 1007375 2.7 26 10 1 2 46% 343816 1459 55%
c W 158133.13 380 16 889 8315044  2 289942750 1137462 2.6 26 10 1 2 46% 343816 1459 55%
c - 158511.75 381 16 890 8339866  2 290339865 944891 2.6 26 10 1 2 46% 343816 1459 55%
c p 158512.03 381 16 890 8339866  2 290339865 945035 2.6 26 10 1 2 46% 343816 1459 55%
c u 158517.85 381 16 890 8339866  2 290339865 940840 2.6 26 10 1 2 46% 343816 1459 55%
c v 158524.93 381 16 890 8339866  2 290339865 937348 2.6 26 10 1 2 46% 343816 1459 55%
c F 158813.80 381 16 890 8362514  2 290704752 1228413 2.7 26 10 1 2 46% 343816 1459 55%
c - 159090.05 382 16 891 8380513  2 290994315 963618 2.7 26 10 1 2 46% 343816 1459 55%
c p 159090.32 382 16 891 8380513  2 290994315 963757 2.7 26 10 1 2 46% 343816 1459 55%
c u 159095.43 382 16 891 8380513  2 290994315 959795 2.7 26 10 1 2 46% 343816 1459 55%
c v 159103.87 382 16 891 8380513  2 290994315 956297 2.7 26 10 1 2 46% 343816 1459 55%
c w 159103.90 382 16 891 8380513  2 290994315 956297 2.7 26 10 1 2 46% 343816 1459 55%
c B 159491.30 382 15 891 8409773  2 291467758 1329758 2.6 25 10 1 2 46% 343816 1459 55%
c } 159622.46 382 15 891 8418063  2 291607070 1440449 2.7 26 10 1 2 46% 343816 1459 55%
c [ 159622.46 382 31 891 8418063  1 291607070 1440449 2.4 43 18 1 2 51% 343816 1459 55%
c - 159646.86 382 29 892 8418063  1 291649501 972850 2.4 41 17 1 2 50% 343816 1459 55%
c p 159647.12 382 29 892 8418063  1 291649501 972987 2.4 41 17 1 2 50% 343816 1459 55%
c u 159652.93 382 29 892 8418063  1 291649501 968797 2.4 41 17 1 2 50% 343816 1459 55%
c v 159661.21 382 29 892 8418063  1 291649501 965524 2.4 41 17 1 2 50% 343816 1459 55%
c w 159661.24 382 29 892 8418063  1 291649501 965524 2.4 41 17 1 2 50% 343816 1459 55%
c 
c    seconds      reductions        conflicts            size   tier2       variables
c              MB        restarts            redundant      glue   trail         remaining
c               level           rate               size/glue  tier1  irredundant
c 
c I 160024.71 382 36 892 8418189  1 292231761 1453912 2.0 44 21 1 2 44% 343816 1459 55%
c - 160088.93 383 43 893 8418190  1 292305425 970824 1.9 47 25 1 2 45% 343816 1459 55%
c p 160089.22 383 43 893 8418190  1 292305425 970965 1.9 47 25 1 2 45% 343816 1459 55%
c u 160095.64 383 43 893 8418190  1 292305425 967039 1.9 47 25 1 2 45% 343816 1459 55%
c v 160104.96 383 43 893 8418190  1 292305425 963690 1.9 47 25 1 2 45% 343816 1459 55%
c w 160104.99 383 43 893 8418190  1 292305425 963688 1.9 47 25 1 2 45% 343816 1459 55%
c - 160516.39 381 25 894 8418346  1 292962089 946855 2.3 36 16 1 2 44% 343816 1459 55%
c p 160516.64 381 25 894 8418346  1 292962089 946992 2.3 36 16 1 2 44% 343816 1459 55%
c u 160521.73 381 25 894 8418346  1 292962089 943131 2.3 36 16 1 2 44% 343816 1459 55%
c v 160521.75 381 25 894 8418346  1 292962089 943129 2.3 36 16 1 2 44% 343816 1459 55%
c w 160521.77 381 25 894 8418346  1 292962089 943128 2.3 36 16 1 2 44% 343816 1459 55%
c B 160535.63 381 26 894 8418353  1 292996770 973397 2.4 38 16 1 2 45% 343816 1459 55%
c - 160930.83 380 38 895 8418530  1 293619489 937268 2.0 47 23 1 2 45% 343816 1459 55%
c p 160931.10 380 38 895 8418530  1 293619489 937411 2.0 47 23 1 2 45% 343816 1459 55%
c u 160936.55 380 38 895 8418530  1 293619489 933373 2.0 47 23 1 2 45% 343816 1459 55%
c v 160936.60 380 38 895 8418530  1 293619489 933362 2.0 47 23 1 2 45% 343816 1459 55%
c w 160936.62 380 38 895 8418530  1 293619489 933362 2.0 47 23 1 2 45% 343816 1459 55%
c W 161074.46 380 37 895 8418571  1 293762775 1052427 2.0 44 22 1 2 43% 343816 1459 55%
c ] 161086.14 380 36 895 8418572  1 293787729 1072465 2.0 43 22 1 2 42% 343816 1459 55%
c { 161086.14 380 15 895 8418572  2 293787729 1072465 2.7 26 10 1 2 46% 343816 1459 55%
c 
c    seconds      reductions        conflicts           size   tier2       variables
c              MB        restarts           redundant      glue   trail         remaining
c               level           rate              size/glue  tier1  irredundant
c 
c - 161562.14 381 15 896 8448891  2 294277624 946577 2.6 26 10 1 2 46% 343816 1459 55%
c p 161562.42 381 15 896 8448891  2 294277624 946707 2.6 26 10 1 2 46% 343816 1459 55%
c u 161567.92 381 15 896 8448891  2 294277624 942382 2.6 26 10 1 2 46% 343816 1459 55%
c v 161574.11 381 15 896 8448891  2 294277624 937858 2.6 26 10 1 2 46% 343816 1459 55%
c w 161574.13 381 15 896 8448891  2 294277624 937858 2.6 26 10 1 2 46% 343816 1459 55%
c W 161781.88 381 16 896 8464251  2 294529776 1137577 2.7 26 10 1 2 46% 343816 1459 55%
c - 162155.96 383 16 897 8489584  2 294936498 968284 2.6 26 10 1 2 46% 343816 1459 55%
c p 162156.28 383 16 897 8489584  2 294936498 968421 2.6 26 10 1 2 46% 343816 1459 55%
c u 162162.28 383 16 897 8489584  2 294936498 964525 2.6 26 10 1 2 46% 343816 1459 55%
c v 162170.66 383 16 897 8489584  2 294936498 962470 2.6 26 10 1 2 46% 343816 1459 55%
c w 162170.68 383 16 897 8489584  2 294936498 962470 2.6 26 10 1 2 46% 343816 1459 55%
c # 162459.32 383 15 897 8511770  2 295297780 1247856 2.6 26 10 1 2 46% 343816 1459 55%
c - 162744.02 383 15 898 8530281  2 295596109 980612 2.6 26 10 1 2 46% 343816 1459 55%
c p 162744.30 383 15 898 8530281  2 295596109 980750 2.6 26 10 1 2 46% 343816 1459 55%
c u 162749.56 383 15 898 8530281  2 295596109 976566 2.6 26 10 1 2 46% 343816 1459 55%
c v 162758.47 383 15 898 8530281  2 295596109 973721 2.6 26 10 1 2 46% 343816 1459 55%
c } 162769.49 383 15 898 8531272  2 295610566 985130 2.6 26 10 1 2 46% 343816 1459 55%
c [ 162769.49 383 36 898 8531272  1 295610566 985130 2.0 43 22 1 2 42% 343816 1459 55%
c O 163007.80 383 28 898 8531275  1 296066781 1389652 2.8 45 16 1 2 50% 343816 1459 55%
c - 163136.18 384 28 899 8531275  1 296256455 988302 2.7 44 16 1 2 50% 343816 1459 55%
c 
c    seconds      reductions        conflicts           size   tier2       variables
c              MB        restarts           redundant      glue   trail         remaining
c               level           rate              size/glue  tier1  irredundant
c 
c p 163136.48 384 28 899 8531275  1 296256455 988436 2.7 44 16 1 2 50% 343816 1459 55%
c u 163141.73 384 28 899 8531275  1 296256455 984361 2.7 44 16 1 2 50% 343816 1459 55%
c v 163151.03 384 28 899 8531275  1 296256455 981042 2.7 44 16 1 2 50% 343816 1459 55%
c w 163151.07 384 28 899 8531275  1 296256455 981042 2.7 44 16 1 2 50% 343816 1459 55%
c B 163534.88 384 25 899 8531359  1 296836782 1488311 2.6 40 16 1 2 46% 343816 1459 55%
c - 163584.57 382 30 900 8531387  1 296917540 959178 2.5 42 17 1 2 49% 343816 1459 55%
c p 163584.83 382 30 900 8531387  1 296917540 959310 2.5 42 17 1 2 49% 343816 1459 55%
c u 163590.37 382 30 900 8531387  1 296917540 955080 2.5 42 17 1 2 49% 343816 1459 55%
c v 163590.40 382 30 900 8531387  1 296917540 955073 2.5 42 17 1 2 49% 343816 1459 55%
c w 163590.44 382 30 900 8531387  1 296917540 955073 2.5 42 17 1 2 49% 343816 1459 55%
c - 163994.60 382 31 901 8531530  1 297579362 955041 2.4 43 18 1 2 49% 343816 1459 55%
c p 163994.85 382 31 901 8531530  1 297579362 955176 2.4 43 18 1 2 49% 343816 1459 55%
c u 164000.12 382 31 901 8531530  1 297579362 950897 2.4 43 18 1 2 49% 343816 1459 55%
c v 164000.12 382 31 901 8531530  1 297579362 950897 2.4 43 18 1 2 49% 343816 1459 55%
c w 164000.16 382 31 901 8531530  1 297579362 950897 2.4 43 18 1 2 49% 343816 1459 55%
c W 164087.96 382 31 901 8531530  1 297607784 976100 2.4 42 18 1 2 47% 343816 1459 55%
c ] 164131.94 382 53 901 8531552  1 297707659 1067484 2.0 56 27 1 2 51% 343816 1459 55%
c { 164131.94 382 15 901 8531552  2 297707659 1067484 2.6 26 10 1 2 46% 343816 1459 55%
c - 164659.15 383 15 902 8563856  2 298241925 970774 2.6 25 10 1 2 46% 343816 1459 55%
c p 164659.43 383 15 902 8563856  2 298241925 970908 2.6 25 10 1 2 46% 343816 1459 55%
c 
c    seconds      reductions        conflicts           size   tier2       variables
c              MB        restarts           redundant      glue   trail         remaining
c               level           rate              size/glue  tier1  irredundant
c 
c u 164680.95 383 15 902 8563856  2 298241925 966577 2.6 25 10 1 2 46% 343816 1459 55%
c v 164689.20 383 15 902 8563856  2 298241925 963372 2.6 25 10 1 2 46% 343816 1459 55%
c w 164689.22 383 15 902 8563856  2 298241925 963372 2.6 25 10 1 2 46% 343816 1459 55%
c B 164793.06 383 15 902 8572910  2 298379786 1071446 2.6 25 10 1 2 46% 343816 1459 55%
c s 165095.00 383 15 902 8594269  2 298724174 1341617 2.6 25 10 1 2 46% 343816 1459 55%
c s 165096.66 383 15 902 8594269  2 298724174 1341434 2.6 25 10 1 2 46% 343816 1459 55%
c - 165281.39 384 16 903 8605935  2 298905221 986368 2.6 26 10 1 2 46% 343816 1459 55%
c p 165281.68 384 16 903 8605935  2 298905221 986498 2.6 26 10 1 2 46% 343816 1459 55%
c u 165287.01 384 16 903 8605935  2 298905221 982211 2.6 26 10 1 2 46% 343816 1459 55%
c v 165296.33 384 16 903 8605935  2 298905221 978919 2.6 26 10 1 2 46% 343816 1459 55%
c w 165296.35 384 16 903 8605935  2 298905221 978919 2.6 26 10 1 2 46% 343816 1459 55%
c W 165528.62 384 15 903 8620742  2 299152788 1174341 2.6 26 10 1 2 46% 343816 1459 55%
c } 165874.07 384 15 903 8644151  2 299527538 1466418 2.6 25 10 1 2 46% 343816 1459 55%
c [ 165874.07 384 53 903 8644151  1 299527538 1466418 2.0 56 27 1 2 51% 343816 1459 55%
c - 165896.28 385 47 904 8644163  1 299569253 996311 2.2 52 24 1 2 52% 343816 1459 55%
c p 165896.58 385 47 904 8644163  1 299569253 996448 2.2 52 24 1 2 52% 343816 1459 55%
c u 165902.50 385 47 904 8644163  1 299569253 992311 2.2 52 24 1 2 52% 343816 1459 55%
c v 165910.56 385 47 904 8644163  1 299569253 988924 2.2 52 24 1 2 52% 343816 1459 55%
c w 165910.58 385 47 904 8644163  1 299569253 988923 2.2 52 24 1 2 52% 343816 1459 55%
c I 166127.45 385 33 904 8644256  1 299926789 1280565 2.0 43 21 1 2 41% 343816 1459 55%
c 
c    seconds      reductions        conflicts           size   tier2       variables
c              MB        restarts           redundant      glue   trail         remaining
c               level           rate              size/glue  tier1  irredundant
c 
c - 166380.52 385 35 905 8644353  1 300234025 988648 2.1 46 22 1 2 42% 343816 1459 55%
c p 166380.81 385 35 905 8644353  1 300234025 988784 2.1 46 22 1 2 42% 343816 1459 55%
c u 166386.95 385 35 905 8644353  1 300234025 984727 2.1 46 22 1 2 42% 343816 1459 55%
c v 166394.76 385 35 905 8644353  1 300234025 980679 2.1 46 22 1 2 42% 343816 1459 55%
c w 166394.79 385 35 905 8644353  1 300234025 980679 2.1 46 22 1 2 42% 343816 1459 55%
c B 166657.76 385 41 905 8644385  1 300701792 1372276 2.1 51 24 1 2 42% 343816 1459 55%
c - 166852.09 382 28 906 8644419  1 300899533 954686 2.4 43 18 1 2 43% 343816 1459 55%
c p 166852.36 382 28 906 8644419  1 300899533 954820 2.4 43 18 1 2 43% 343816 1459 55%
c u 166858.36 382 28 906 8644419  1 300899533 950639 2.4 43 18 1 2 43% 343816 1459 55%
c v 166858.37 382 28 906 8644419  1 300899533 950638 2.4 43 18 1 2 43% 343816 1459 55%
c w 166858.38 382 28 906 8644419  1 300899533 950638 2.4 43 18 1 2 43% 343816 1459 55%
c W 167281.42 382 25 906 8644575  1 301477793 1452705 2.6 37 15 1 2 48% 343816 1459 55%
c - 167340.71 383 28 907 8644609  1 301565778 961945 2.5 40 16 1 2 49% 343816 1459 55%
c p 167340.99 383 28 907 8644609  1 301565778 962079 2.5 40 16 1 2 49% 343816 1459 55%
c u 167346.78 383 28 907 8644609  1 301565778 957890 2.5 40 16 1 2 49% 343816 1459 55%
c v 167353.38 383 28 907 8644609  1 301565778 954732 2.5 40 16 1 2 49% 343816 1459 55%
c w 167353.40 383 28 907 8644609  1 301565778 954732 2.5 40 16 1 2 49% 343816 1459 55%
c s 167355.40 392 28 907 8644609  1 301565778 954666 2.5 40 16 1 2 49% 343816 1459 55%
c s 167356.53 392 28 907 8644609  1 301565778 954641 2.5 40 16 1 2 49% 343816 1459 55%
c ] 167359.16 392 28 907 8644613  1 301571901 960017 2.5 40 16 1 2 48% 343816 1459 55%
c 
c    seconds      reductions        conflicts           size   tier2       variables
c              MB        restarts           redundant      glue   trail         remaining
c               level           rate              size/glue  tier1  irredundant
c 
c { 167359.16 392 15 907 8644613  2 301571901 960017 2.6 25 10 1 2 46% 343816 1459 55%
c - 167934.86 393 15 908 8685431  2 302232761 974160 2.6 26 10 1 2 46% 343816 1459 55%
c p 167935.15 393 15 908 8685431  2 302232761 974291 2.6 26 10 1 2 46% 343816 1459 55%
c u 167941.45 393 15 908 8685431  2 302232761 969915 2.6 26 10 1 2 46% 343816 1459 55%
c v 167950.08 393 15 908 8685431  2 302232761 966267 2.6 26 10 1 2 46% 343816 1459 55%
c F 167966.51 393 15 908 8686715  2 302254795 983499 2.6 25 10 1 2 46% 343816 1459 55%
c - 168530.61 394 15 909 8726140  2 302900480 991783 2.6 25 10 1 2 46% 343816 1459 55%
c p 168530.91 394 15 909 8726140  2 302900480 991913 2.6 25 10 1 2 46% 343816 1459 55%
c u 168537.01 394 15 909 8726140  2 302900480 987658 2.6 25 10 1 2 46% 343816 1459 55%
c v 168546.40 394 15 909 8726140  2 302900480 984194 2.6 25 10 1 2 46% 343816 1459 55%
c w 168546.44 394 15 909 8726140  2 302900480 984194 2.6 25 10 1 2 46% 343816 1459 55%
c B 168645.78 394 15 909 8734478  2 303032799 1087141 2.6 25 10 1 2 46% 343816 1459 55%
c } 169035.74 394 15 909 8762022  2 303474706 1430808 2.6 25 10 1 2 46% 343816 1459 55%
c [ 169035.74 394 28 909 8762022  1 303474706 1430808 2.5 40 16 1 2 48% 343816 1459 55%
c - 169095.15 395 29 910 8762047  1 303568937 1001498 2.4 41 17 1 2 49% 343816 1459 55%
c p 169095.44 395 29 910 8762047  1 303568937 1001626 2.4 41 17 1 2 49% 343816 1459 55%
c u 169101.12 395 29 910 8762047  1 303568937 997417 2.4 41 17 1 2 49% 343816 1459 55%
c v 169109.93 395 29 910 8762047  1 303568937 993757 2.4 41 17 1 2 49% 343816 1459 55%
c w 169109.97 395 29 910 8762047  1 303568937 993757 2.4 41 17 1 2 49% 343816 1459 55%
c O 169217.08 395 37 910 8762064  1 303811800 1213891 2.4 50 20 1 2 48% 343816 1459 55%
c 
c    seconds      reductions        conflicts            size   tier2       variables
c              MB        restarts            redundant      glue   trail         remaining
c               level           rate               size/glue  tier1  irredundant
c 
c s 169445.97 395 27 910 8762175  1 304182109 1532988 2.4 39 16 1 2 49% 343709 1459 55%
c s 169447.58 502 27 910 8762175  1 304182109 1532444 2.4 39 16 1 2 49% 343709 1459 55%
c - 169491.12 395 27 911 8762176  1 304238129 1007568 2.5 40 16 1 2 48% 343709 1459 55%
c p 169491.41 395 27 911 8762176  1 304238129 1007696 2.5 40 16 1 2 48% 343709 1459 55%
c u 169498.15 395 27 911 8762176  1 304238129 1003848 2.5 40 16 1 2 48% 343709 1459 55%
c v 169508.26 395 27 911 8762176  1 304238129 1000531 2.5 40 16 1 2 48% 343709 1459 55%
c w 169508.31 395 27 911 8762176  1 304238129 1000531 2.5 40 16 1 2 48% 343709 1459 55%
c B 169718.47 395 30 911 8762300  1 304591801 1304296 2.4 42 17 1 2 48% 343709 1459 55%
c - 169933.67 394 26 912 8762305  1 304908001 983783 2.6 41 16 1 2 49% 343709 1459 55%
c p 169933.91 394 26 912 8762305  1 304908001 983913 2.6 41 16 1 2 49% 343709 1459 55%
c u 169939.38 394 26 912 8762305  1 304908001 979714 2.6 41 16 1 2 49% 343709 1459 55%
c v 169943.57 394 26 912 8762305  1 304908001 977015 2.6 41 16 1 2 49% 343709 1459 55%
c w 169943.63 394 26 912 8762305  1 304908001 977014 2.6 41 16 1 2 49% 343709 1459 55%
c W 170306.51 394 26 912 8762306  1 305372802 1391583 2.6 40 15 1 2 49% 343709 1459 55%
c - 170435.91 394 69 913 8762306  1 305578611 977714 1.7 62 36 1 2 47% 343709 1459 55%
c p 170436.15 394 69 913 8762306  1 305578611 977841 1.7 62 36 1 2 47% 343709 1459 55%
c u 170441.80 394 69 913 8762306  1 305578611 973859 1.7 62 36 1 2 47% 343709 1459 55%
c v 170441.80 394 69 913 8762306  1 305578611 973859 1.7 62 36 1 2 47% 343709 1459 55%
c w 170441.83 394 69 913 8762306  1 305578611 973857 1.7 62 36 1 2 47% 343709 1459 55%
c ] 170482.86 394 67 913 8762307  1 305662996 1048774 1.7 58 35 1 2 46% 343709 1459 55%
c 
c    seconds      reductions        conflicts            size   tier2       variables
c              MB        restarts            redundant      glue   trail         remaining
c               level           rate               size/glue  tier1  irredundant
c 
c { 170482.86 394 15 913 8762307  2 305662996 1048774 2.6 25 10 1 2 46% 343709 1459 55%
c W 170960.39 394 15 913 8792779  2 306154807 1431091 2.6 26 10 1 2 46% 343709 1459 55%
c - 171065.34 394 15 914 8798418  2 306249958 990392 2.6 25 10 1 2 46% 343709 1459 55%
c p 171065.62 394 15 914 8798418  2 306249958 990526 2.6 25 10 1 2 46% 343709 1459 55%
c u 171072.37 394 15 914 8798418  2 306249958 986270 2.6 25 10 1 2 46% 343709 1459 55%
c v 171080.13 394 15 914 8798418  2 306249958 982099 2.6 25 10 1 2 46% 343709 1459 55%
c w 171080.14 394 15 914 8798418  2 306249958 982099 2.6 25 10 1 2 46% 343709 1459 55%
c s 171565.61 394 15 914 8834106  2 306814053 1422714 2.6 25 10 1 2 46% 343709 1459 55%
c s 171566.56 394 15 914 8834106  2 306814053 1422020 2.6 25 10 1 2 46% 343709 1459 55%
c - 171675.44 396 15 915 8841020  2 306922040 1005943 2.6 26 10 1 2 46% 343709 1459 55%
c p 171675.71 396 15 915 8841020  2 306922040 1006073 2.6 26 10 1 2 46% 343709 1459 55%
c u 171680.99 396 15 915 8841020  2 306922040 1001863 2.6 26 10 1 2 46% 343709 1459 55%
c v 171689.35 396 15 915 8841020  2 306922040 998287 2.6 26 10 1 2 46% 343709 1459 55%
c w 171689.38 396 15 915 8841020  2 306922040 998287 2.6 26 10 1 2 46% 343709 1459 55%
c # 171701.68 396 15 915 8842023  2 306937809 1010696 2.6 26 10 1 2 46% 343709 1459 55%
c } 172207.37 396 15 915 8877137  2 307518033 1463663 2.6 25 10 1 2 46% 343709 1459 55%
c [ 172207.37 396 67 915 8877137  1 307518033 1463663 1.7 58 35 1 2 46% 343709 1459 55%
c - 172258.96 396 48 916 8877137  1 307594859 1016056 1.9 50 26 1 2 47% 343709 1459 55%
c p 172259.25 396 48 916 8877137  1 307594859 1016187 1.9 50 26 1 2 47% 343709 1459 55%
c u 172265.51 396 48 916 8877137  1 307594859 1011873 1.9 50 26 1 2 47% 343709 1459 55%
c 
c    seconds      reductions        conflicts            size   tier2       variables
c              MB        restarts            redundant      glue   trail         remaining
c               level           rate               size/glue  tier1  irredundant
c 
c v 172275.73 396 48 916 8877137  1 307594859 1008844 1.9 50 26 1 2 47% 343709 1459 55%
c w 172275.78 396 48 916 8877137  1 307594859 1008843 1.9 50 26 1 2 47% 343709 1459 55%
c I 172324.44 396 57 916 8877137  1 307721810 1125597 2.1 58 28 1 2 51% 343709 1459 55%
c - 172739.53 396 46 917 8877137  1 308268415 1009877 1.9 50 26 1 2 47% 343709 1459 55%
c p 172739.80 396 46 917 8877137  1 308268415 1010007 1.9 50 26 1 2 47% 343709 1459 55%
c u 172746.32 396 46 917 8877137  1 308268415 1006044 1.9 50 26 1 2 47% 343709 1459 55%
c v 172753.59 396 46 917 8877137  1 308268415 1001967 1.9 50 26 1 2 47% 343709 1459 55%
c w 172753.62 396 46 917 8877137  1 308268415 1001967 1.9 50 26 1 2 47% 343709 1459 55%
c B 172866.40 396 53 917 8877137  1 308506811 1213726 1.8 53 30 1 2 47% 343709 1459 55%
c - 173193.68 393 54 918 8877138  1 308942710 978562 1.8 52 29 1 2 44% 343709 1459 55%
c p 173193.94 393 54 918 8877138  1 308942710 978698 1.8 52 29 1 2 44% 343709 1459 55%
c u 173199.69 393 54 918 8877138  1 308942710 974637 1.8 52 29 1 2 44% 343709 1459 55%
c v 173199.71 393 54 918 8877138  1 308942710 974635 1.8 52 29 1 2 44% 343709 1459 55%
c w 173199.72 393 54 918 8877138  1 308942710 974632 1.8 52 29 1 2 44% 343709 1459 55%
c W 173512.06 393 64 918 8877138  1 309292816 1276936 1.7 57 33 1 2 47% 343709 1459 55%
c s 173624.17 393 66 918 8877138  1 309461756 1429256 1.7 60 34 1 2 51% 343709 1459 55%
c s 173625.59 498 66 918 8877138  1 309461756 1428914 1.7 60 34 1 2 51% 343709 1459 55%
c ] 173723.28 498 46 918 8877138  1 309602027 1555390 2.2 51 23 1 2 51% 343709 1459 55%
c { 173723.28 498 15 918 8877138  2 309602027 1555390 2.6 25 10 1 2 46% 343709 1459 55%
c - 173746.48 393 15 919 8878138  2 309617744 977978 2.6 25 10 1 2 46% 343709 1459 55%
c 
c    seconds      reductions        conflicts           size   tier2       variables
c              MB        restarts           redundant      glue   trail         remaining
c               level           rate              size/glue  tier1  irredundant
c 
c p 173746.74 393 15 919 8878138  2 309617744 978112 2.6 25 10 1 2 46% 343709 1459 55%
c u 173752.78 393 15 919 8878138  2 309617744 974114 2.6 25 10 1 2 46% 343709 1459 55%
c v 173752.80 393 15 919 8878138  2 309617744 974114 2.6 25 10 1 2 46% 343709 1459 55%
c w 173752.81 393 15 919 8878138  2 309617744 974114 2.6 25 10 1 2 46% 343709 1459 55%
c B 174137.90 393 15 919 8906071  2 310079817 1338318 2.6 25 10 1 2 46% 343709 1459 55%
c - 174357.05 394 15 920 8919693  2 310293511 994201 2.6 25 10 1 2 46% 343709 1459 55%
c p 174357.33 394 15 920 8919693  2 310293511 994335 2.6 25 10 1 2 46% 343709 1459 55%
c u 174363.16 394 15 920 8919693  2 310293511 990144 2.6 25 10 1 2 46% 343709 1459 55%
c v 174371.56 394 15 920 8919693  2 310293511 986214 2.6 25 10 1 2 46% 343709 1459 55%
c w 174371.60 394 15 920 8919693  2 310293511 986214 2.6 25 10 1 2 46% 343709 1459 55%
c W 174900.40 394 15 920 8955023  2 310867818 1434597 2.6 25 10 1 2 46% 343709 1459 55%
c - 175005.59 395 15 921 8961466  2 310970018 1010422 2.6 25 10 1 2 46% 343709 1459 55%
c p 175005.85 395 15 921 8961466  2 310970018 1010561 2.6 25 10 1 2 46% 343709 1459 55%
c u 175011.31 395 15 921 8961466  2 310970018 1006341 2.6 25 10 1 2 46% 343709 1459 55%
c v 175019.11 395 15 921 8961466  2 310970018 1002244 2.6 25 10 1 2 46% 343709 1459 55%
c w 175019.12 395 15 921 8961466  2 310970018 1002244 2.6 25 10 1 2 46% 343709 1459 55%
c } 175482.81 395 15 921 8994998  2 311513296 1426881 2.6 25 10 1 2 46% 343709 1459 55%
c [ 175482.81 395 46 921 8994998  1 311513296 1426881 2.2 51 23 1 2 51% 343709 1459 55%
c - 175564.18 396 32 922 8994998  1 311647266 1019730 2.4 42 17 1 2 50% 343709 1459 55%
c p 175564.47 396 32 922 8994998  1 311647266 1019866 2.4 42 17 1 2 50% 343709 1459 55%
c 
c    seconds      reductions        conflicts            size   tier2       variables
c              MB        restarts            redundant      glue   trail         remaining
c               level           rate               size/glue  tier1  irredundant
c 
c u 175570.53 396 32 922 8994998  1 311647266 1015563 2.4 42 17 1 2 50% 343709 1459 55%
c v 175579.91 396 32 922 8994998  1 311647266 1012584 2.4 42 17 1 2 50% 343709 1459 55%
c w 175579.91 396 32 922 8994998  1 311647266 1012584 2.4 42 17 1 2 50% 343709 1459 55%
c O 175585.08 396 32 922 8994998  1 311656819 1020845 2.5 42 17 1 2 49% 343709 1459 55%
c - 175996.29 396 35 923 8994998  1 312325246 1024382 2.5 47 19 1 2 50% 343709 1459 55%
c p 175996.57 396 35 923 8994998  1 312325246 1024517 2.5 47 19 1 2 50% 343709 1459 55%
c u 176002.89 396 35 923 8994998  1 312325246 1020444 2.5 47 19 1 2 50% 343709 1459 55%
c v 176012.55 396 35 923 8994998  1 312325246 1017629 2.5 47 19 1 2 50% 343709 1459 55%
c w 176012.60 396 35 923 8994998  1 312325246 1017629 2.5 47 19 1 2 50% 343709 1459 55%
c t 176012.61 396 35 923 8994998  1 312325246 1017626 2.5 47 19 1 2 50% 343709 1459 55%
c s 176013.63 343 35 923 8994998  1 312325246 1017343 2.5 47 19 1 2 50% 343709 1459 55%
c s 176014.91 385 35 923 8994998  1 312325246 1017269 2.5 47 19 1 2 50% 343709 1459 55%
c B 176082.69 385 32 923 8994998  1 312446823 1122698 2.3 43 18 1 2 48% 343709 1459 55%
c - 176415.17 402 63 924 8994999  1 313003964 1004551 1.9 64 34 1 2 54% 343709 1459 55%
c p 176415.43 402 63 924 8994999  1 313003964 1004684 1.9 64 34 1 2 54% 343709 1459 55%
c u 176421.49 402 63 924 8994999  1 313003964 1000850 1.9 64 34 1 2 54% 343709 1459 55%
c v 176426.83 402 63 924 8994999  1 313003964 997912 1.9 64 34 1 2 54% 343709 1459 55%
c w 176426.86 402 63 924 8994999  1 313003964 997910 1.9 64 34 1 2 54% 343709 1459 55%
c W 176595.89 402 55 924 8994999  1 313237824 1209938 1.9 55 29 1 2 53% 343709 1459 55%
c - 176862.02 401 44 925 8994999  1 313683416 988641 2.0 52 26 1 2 41% 343709 1459 55%
c 
c    seconds      reductions        conflicts           size   tier2       variables
c              MB        restarts           redundant      glue   trail         remaining
c               level           rate              size/glue  tier1  irredundant
c 
c p 176862.29 401 44 925 8994999  1 313683416 988778 2.0 52 26 1 2 41% 343709 1459 55%
c u 176868.60 401 44 925 8994999  1 313683416 984476 2.0 52 26 1 2 41% 343709 1459 55%
c w 176868.64 401 44 925 8994999  1 313683416 984473 2.0 52 26 1 2 41% 343709 1459 55%
c ] 176921.79 401 42 925 8994999  1 313812022 1100774 2.1 50 23 1 2 45% 343709 1459 55%
c { 176921.80 401 15 925 8994999  2 313812022 1100774 2.6 25 10 1 2 46% 343709 1459 55%
c F 177122.25 401 15 925 9008153  2 314029826 1271163 2.6 25 10 1 2 46% 343709 1459 55%
c - 177466.45 402 15 926 9028948  2 314363610 1002074 2.6 25 10 1 2 46% 343709 1459 55%
c p 177466.70 402 15 926 9028948  2 314363610 1002211 2.6 25 10 1 2 46% 343709 1459 55%
c u 177472.28 402 15 926 9028948  2 314363610 998152 2.6 25 10 1 2 46% 343709 1459 55%
c v 177479.86 402 15 926 9028948  2 314363610 994220 2.6 25 10 1 2 46% 343709 1459 55%
c w 177479.87 402 15 926 9028948  2 314363610 994220 2.6 25 10 1 2 46% 343709 1459 55%
c B 177855.45 402 15 926 9057765  2 314822829 1352536 2.6 25 10 1 2 46% 343709 1459 55%
c s 178035.83 417 15 926 9069373  2 315004470 1493978 2.6 25 10 1 2 46% 343709 1459 55%
c s 178037.65 494 15 926 9069373  2 315004470 1493884 2.6 25 10 1 2 46% 343709 1459 55%
c - 178079.84 364 15 927 9071810  2 315044537 1017395 2.6 26 10 1 2 46% 343709 1459 55%
c p 178080.09 364 15 927 9071810  2 315044537 1017534 2.6 26 10 1 2 46% 343709 1459 55%
c u 178086.33 364 15 927 9071810  2 315044537 1013283 2.6 26 10 1 2 46% 343709 1459 55%
c v 178095.12 364 15 927 9071810  2 315044537 1009476 2.6 26 10 1 2 46% 343709 1459 55%
c W 178642.34 364 15 927 9106861  2 315616830 1453416 2.6 25 10 1 2 46% 343709 1459 55%
c } 178716.55 364 15 927 9111197  2 315690433 1510166 2.6 25 10 1 2 46% 343709 1459 55%
c 
c    seconds      reductions        conflicts            size   tier2       variables
c              MB        restarts            redundant      glue   trail         remaining
c               level           rate               size/glue  tier1  irredundant
c 
c [ 178716.55 364 42 927 9111197  1 315690433 1510166 2.1 50 23 1 2 45% 343709 1459 55%
c - 178737.63 364 39 928 9111197  1 315726203 1025756 2.3 48 21 1 2 47% 343709 1459 55%
c p 178737.89 364 39 928 9111197  1 315726203 1025889 2.3 48 21 1 2 47% 343709 1459 55%
c u 178743.73 364 39 928 9111197  1 315726203 1021635 2.3 48 21 1 2 47% 343709 1459 55%
c v 178752.62 364 39 928 9111197  1 315726203 1018291 2.3 48 21 1 2 47% 343709 1459 55%
c w 178752.65 364 39 928 9111197  1 315726203 1018291 2.3 48 21 1 2 47% 343709 1459 55%
c t 178752.67 364 39 928 9111197  1 315726203 1018290 2.3 48 21 1 2 47% 343709 1459 55%
c - 179183.92 407 46 929 9111197  1 316408606 1033557 2.0 54 27 1 2 43% 343709 1459 55%
c p 179184.19 407 46 929 9111197  1 316408606 1033688 2.0 54 27 1 2 43% 343709 1459 55%
c u 179190.49 407 46 929 9111197  1 316408606 1029562 2.0 54 27 1 2 43% 343709 1459 55%
c v 179199.47 407 46 929 9111197  1 316408606 1025793 2.0 54 27 1 2 43% 343709 1459 55%
c w 179199.54 407 46 929 9111197  1 316408606 1025789 2.0 54 27 1 2 43% 343709 1459 55%
c t 179199.55 407 46 929 9111197  1 316408606 1025785 2.0 54 27 1 2 43% 343709 1459 55%
c I 179201.07 407 46 929 9111197  1 316411833 1028828 2.0 54 27 1 2 44% 343709 1459 55%
c - 179634.43 402 40 930 9111197  1 317091743 970751 1.9 49 25 1 2 44% 343709 1459 55%
c p 179634.68 402 40 930 9111197  1 317091743 970885 1.9 49 25 1 2 44% 343709 1459 55%
c u 179640.74 402 40 930 9111197  1 317091743 966763 1.9 49 25 1 2 44% 343709 1459 55%
c v 179640.79 402 40 930 9111197  1 317091743 966751 1.9 49 25 1 2 44% 343709 1459 55%
c w 179640.82 402 40 930 9111197  1 317091743 966751 1.9 49 25 1 2 44% 343709 1459 55%
c t 179640.83 402 40 930 9111197  1 317091743 966750 1.9 49 25 1 2 44% 343709 1459 55%
c 
c    seconds      reductions        conflicts            size   tier2       variables
c              MB        restarts            redundant      glue   trail         remaining
c               level           rate               size/glue  tier1  irredundant
c 
c B 179693.70 402 48 930 9111197  1 317207834 1072611 2.1 52 25 1 2 49% 343709 1459 55%
c s 179961.56 408 57 930 9111197  1 317699452 1533070 2.2 63 29 1 2 54% 343709 1459 55%
c s 179963.27 551 57 930 9111197  1 317699452 1532983 2.2 63 29 1 2 54% 343709 1459 55%
c - 180032.11 409 48 931 9111197  1 317775618 980327 2.1 52 25 1 2 50% 343709 1459 55%
c p 180032.38 409 48 931 9111197  1 317775618 980462 2.1 52 25 1 2 50% 343709 1459 55%
c u 180038.18 409 48 931 9111197  1 317775618 976397 2.1 52 25 1 2 50% 343709 1459 55%
c v 180044.66 409 48 931 9111197  1 317775618 974115 2.1 52 25 1 2 50% 343709 1459 55%
c w 180044.69 409 48 931 9111197  1 317775618 974114 2.1 52 25 1 2 50% 343709 1459 55%
c W 180218.99 409 33 931 9111197  1 318004835 1176654 2.4 43 18 1 2 48% 343709 1459 55%
c ] 180229.26 409 34 931 9111197  1 318025515 1195806 2.5 45 18 1 2 48% 343709 1459 55%
c { 180229.26 409 15 931 9111197  2 318025515 1195806 2.6 25 10 1 2 46% 343709 1459 55%
c - 180645.57 410 15 932 9138585  2 318460230 990410 2.6 25 10 1 2 46% 343709 1459 55%
c p 180645.81 410 15 932 9138585  2 318460230 990546 2.6 25 10 1 2 46% 343709 1459 55%
c u 180650.61 410 15 932 9138585  2 318460230 986410 2.6 25 10 1 2 46% 343709 1459 55%
c v 180658.47 410 15 932 9138585  2 318460230 983073 2.6 25 10 1 2 46% 343709 1459 55%
c # 180917.83 410 15 932 9159777  2 318802838 1251862 2.6 25 10 1 2 46% 343709 1459 55%
c - 181235.77 410 15 933 9181101  2 319145580 1004092 2.6 25 10 1 2 46% 343709 1459 55%
c p 181236.05 410 15 933 9181101  2 319145580 1004224 2.6 25 10 1 2 46% 343709 1459 55%
c u 181241.20 410 15 933 9181101  2 319145580 999996 2.6 25 10 1 2 46% 343709 1459 55%
c v 181250.01 410 15 933 9181101  2 319145580 996533 2.6 25 10 1 2 46% 343709 1459 55%
c 
c    seconds      reductions        conflicts           size   tier2       variables
c              MB        restarts           redundant      glue   trail         remaining
c               level           rate              size/glue  tier1  irredundant
c 
c t 181250.02 410 15 933 9181101  2 319145580 996530 2.6 25 10 1 2 46% 343709 1459 55%
c B 181620.39 410 15 933 9209331  2 319601839 1354607 2.6 25 10 1 2 46% 343709 1459 55%
c - 181850.11 411 15 934 9223738  2 319831667 1014902 2.6 25 10 1 2 46% 343709 1459 55%
c p 181850.40 411 15 934 9223738  2 319831667 1015033 2.6 25 10 1 2 46% 343709 1459 55%
c u 181856.35 411 15 934 9223738  2 319831667 1010773 2.6 25 10 1 2 46% 343709 1459 55%
c v 181864.48 411 15 934 9223738  2 319831667 1006858 2.6 25 10 1 2 46% 343709 1459 55%
c } 181969.78 411 15 934 9232659  2 319975003 1119487 2.6 25 10 1 2 46% 343709 1459 55%
c [ 181969.78 411 34 934 9232659  1 319975003 1119487 2.5 45 18 1 2 48% 343709 1459 55%
c O 182215.58 411 65 934 9232659  1 320401840 1503382 1.7 61 36 1 2 50% 343709 1459 55%
c - 182290.49 412 41 935 9232659  1 320518493 1027852 2.3 52 23 1 2 50% 343709 1459 55%
c p 182290.77 412 41 935 9232659  1 320518493 1027982 2.3 52 23 1 2 50% 343709 1459 55%
c u 182296.48 412 41 935 9232659  1 320518493 1023770 2.3 52 23 1 2 50% 343709 1459 55%
c v 182304.61 412 41 935 9232659  1 320518493 1019794 2.3 52 23 1 2 50% 343709 1459 55%
c w 182304.65 412 41 935 9232659  1 320518493 1019793 2.3 52 23 1 2 50% 343709 1459 55%
c t 182304.66 412 41 935 9232659  1 320518493 1019788 2.3 52 23 1 2 50% 343709 1459 55%
c B 182727.77 412 42 935 9232804  1 321202841 1614804 2.0 47 23 1 2 49% 343709 1459 55%
c - 182730.87 411 42 936 9232806  1 321206055 1004858 2.0 46 23 1 2 49% 343709 1459 55%
c p 182731.13 411 42 936 9232806  1 321206055 1004991 2.0 46 23 1 2 49% 343709 1459 55%
c u 182736.89 411 42 936 9232806  1 321206055 1001068 2.0 46 23 1 2 49% 343709 1459 55%
c v 182743.29 411 42 936 9232806  1 321206055 997290 2.0 46 23 1 2 49% 343709 1459 55%
c 
c    seconds      reductions        conflicts           size   tier2       variables
c              MB        restarts           redundant      glue   trail         remaining
c               level           rate              size/glue  tier1  irredundant
c 
c w 182743.32 411 42 936 9232806  1 321206055 997289 2.0 46 23 1 2 49% 343709 1459 55%
c s 183069.66 412 25 936 9232914  1 321735480 1448272 2.5 38 15 1 2 46% 343408 1459 55%
c t 183069.78 412 25 936 9232914  1 321735480 1448266 2.5 38 15 1 2 46% 343408 1459 55%
c s 183070.92 491 25 936 9232914  1 321735480 1446632 2.5 38 15 1 2 46% 343408 1459 55%
c - 183197.59 411 24 937 9232967  1 321894353 986103 2.4 35 15 1 2 47% 343408 1459 55%
c p 183197.85 411 24 937 9232967  1 321894353 986236 2.4 35 15 1 2 47% 343408 1459 55%
c u 183203.05 411 24 937 9232967  1 321894353 982374 2.4 35 15 1 2 47% 343408 1459 55%
c v 183203.06 411 24 937 9232967  1 321894353 982373 2.4 35 15 1 2 47% 343408 1459 55%
c w 183203.09 411 24 937 9232967  1 321894353 982371 2.4 35 15 1 2 47% 343408 1459 55%
c W 183342.07 411 27 937 9232996  1 322004842 1077727 2.4 38 16 1 2 47% 343408 1459 55%
c ] 183474.36 411 29 937 9233041  1 322215647 1262565 2.3 39 17 1 2 49% 343408 1459 55%
c { 183474.36 411 15 937 9233041  2 322215647 1262565 2.6 25 10 1 2 46% 343408 1459 55%
c - 183845.00 411 15 938 9256441  2 322583218 997615 2.6 25 10 1 2 46% 343408 1459 55%
c p 183845.26 411 15 938 9256441  2 322583218 997747 2.6 25 10 1 2 46% 343408 1459 55%
c u 183851.04 411 15 938 9256441  2 322583218 993345 2.6 25 10 1 2 46% 343408 1459 55%
c v 183858.66 411 15 938 9256441  2 322583218 989822 2.6 25 10 1 2 46% 343408 1459 55%
c w 183858.68 411 15 938 9256441  2 322583218 989822 2.6 25 10 1 2 46% 343408 1459 55%
c t 183858.69 411 15 938 9256441  2 322583218 989820 2.6 25 10 1 2 46% 343408 1459 55%
c W 184048.86 411 15 938 9270464  2 322807844 1165282 2.6 25 10 1 2 46% 343408 1459 55%
c - 184472.51 412 15 939 9298883  2 323272825 1010270 2.6 24 9 1 2 46% 343408 1459 55%
c 
c    seconds      reductions        conflicts            size  tier2       variables
c              MB        restarts            redundant      glue  trail         remaining
c               level           rate               size/glue tier1  irredundant
c 
c p 184472.77 412 15 939 9298883  2 323272825 1010414 2.6 24 9 1 2 46% 343408 1459 55%
c u 184477.69 412 15 939 9298883  2 323272825 1006452 2.6 24 9 1 2 46% 343408 1459 55%
c v 184485.15 412 15 939 9298883  2 323272825 1002552 2.6 24 9 1 2 46% 343408 1459 55%
c t 184485.16 412 15 939 9298883  2 323272825 1002549 2.6 24 9 1 2 46% 343408 1459 55%
c F 184760.15 412 15 939 9320959  2 323611846 1267557 2.6 25 10 1 2 46% 343408 1459 55%
c - 185094.79 413 15 940 9342470  2 323963166 1022202 2.6 25 10 1 2 46% 343408 1459 55%
c p 185095.09 413 15 940 9342470  2 323963166 1022337 2.6 25 10 1 2 46% 343408 1459 55%
c u 185116.72 413 15 940 9342470  2 323963166 1018078 2.6 25 10 1 2 46% 343408 1459 55%
c v 185125.09 413 15 940 9342470  2 323963166 1014426 2.6 25 10 1 2 46% 343408 1459 55%
c t 185125.11 413 15 940 9342470  2 323963166 1014420 2.6 25 10 1 2 46% 343408 1459 55%
c } 185276.26 413 15 940 9353903  2 324157617 1165125 2.6 25 9 1 2 46% 343408 1459 55%
c [ 185276.26 413 29 940 9353903  1 324157617 1165125 2.3 39 17 1 2 49% 343408 1459 55%
c I 185432.43 413 25 940 9353988  1 324416847 1387791 2.5 38 15 1 2 49% 343408 1459 55%
c s 185458.61 425 31 940 9354000  1 324461546 1422635 2.1 39 18 1 2 45% 343408 1459 55%
c s 185459.56 425 31 940 9354000  1 324461546 1419707 2.1 39 18 1 2 45% 343408 1459 55%
c - 185568.93 425 39 941 9354031  1 324654240 1027250 2.2 48 22 1 2 45% 343408 1459 55%
c p 185569.20 425 39 941 9354031  1 324654240 1027385 2.2 48 22 1 2 45% 343408 1459 55%
c u 185574.72 425 39 941 9354031  1 324654240 1023094 2.2 48 22 1 2 45% 343408 1459 55%
c v 185583.28 425 39 941 9354031  1 324654240 1019199 2.2 48 22 1 2 45% 343408 1459 55%
c w 185583.31 425 39 941 9354031  1 324654240 1019199 2.2 48 22 1 2 45% 343408 1459 55%
c 
c    seconds      reductions        conflicts            size   tier2       variables
c              MB        restarts            redundant      glue   trail         remaining
c               level           rate               size/glue  tier1  irredundant
c 
c t 185583.32 425 39 941 9354031  1 324654240 1019183 2.2 48 22 1 2 45% 343408 1459 55%
c B 186018.01 425 39 941 9354095  1 325222851 1529415 1.9 44 23 1 2 45% 343408 1459 55%
c - 186098.62 425 36 942 9354140  1 325346054 1018445 2.0 43 22 1 2 41% 343408 1459 55%
c p 186098.88 425 36 942 9354140  1 325346054 1018576 2.0 43 22 1 2 41% 343408 1459 55%
c u 186104.82 425 36 942 9354140  1 325346054 1014310 2.0 43 22 1 2 41% 343408 1459 55%
c v 186111.98 425 36 942 9354140  1 325346054 1010011 2.0 43 22 1 2 41% 343408 1459 55%
c w 186111.99 425 36 942 9354140  1 325346054 1010010 2.0 43 22 1 2 41% 343408 1459 55%
c t 186112.01 425 36 942 9354140  1 325346054 1010007 2.0 43 22 1 2 41% 343408 1459 55%
c W 186634.26 425 31 942 9354287  1 326029852 1559127 2.1 42 20 1 2 42% 343408 1459 55%
c - 186642.61 422 30 943 9354287  1 326038605 981548 2.1 42 20 1 2 42% 343408 1459 55%
c p 186642.87 422 30 943 9354287  1 326038605 981681 2.1 42 20 1 2 42% 343408 1459 55%
c u 186648.59 422 30 943 9354287  1 326038605 977639 2.1 42 20 1 2 42% 343408 1459 55%
c v 186648.66 422 30 943 9354287  1 326038605 977622 2.1 42 20 1 2 42% 343408 1459 55%
c w 186648.68 422 30 943 9354287  1 326038605 977622 2.1 42 20 1 2 42% 343408 1459 55%
c t 186648.69 422 30 943 9354287  1 326038605 977619 2.1 42 20 1 2 42% 343408 1459 55%
c ] 186864.91 422 35 943 9354412  1 326459323 1335785 2.0 41 21 1 2 46% 343408 1459 55%
c { 186864.91 422 15 943 9354412  2 326459323 1335785 2.6 25 9 1 2 46% 343408 1459 55%
c - 187164.90 422 15 944 9371106  2 326731890 984292 2.6 25 9 1 2 46% 343408 1459 55%
c p 187165.18 422 15 944 9371106  2 326731890 984424 2.6 25 9 1 2 46% 343408 1459 55%
c u 187170.88 422 15 944 9371106  2 326731890 980421 2.6 25 9 1 2 46% 343408 1459 55%
c 
c    seconds      reductions        conflicts           size  tier2       variables
c              MB        restarts           redundant      glue  trail         remaining
c               level           rate              size/glue tier1  irredundant
c 
c v 187170.90 422 15 944 9371106  2 326731890 980418 2.6 25 9 1 2 46% 343408 1459 55%
c w 187170.92 422 15 944 9371106  2 326731890 980418 2.6 25 9 1 2 46% 343408 1459 55%
c t 187170.93 422 15 944 9371106  2 326731890 980417 2.6 25 9 1 2 46% 343408 1459 55%
c B 187248.30 422 15 944 9377943  2 326837853 1063123 2.6 25 9 1 2 46% 343408 1459 55%
c s 187556.93 441 15 944 9400475  2 327203370 1347443 2.6 25 9 1 2 46% 343408 1459 55%
c s 187557.90 441 15 944 9400475  2 327203370 1345094 2.6 25 9 1 2 46% 343408 1459 55%
c - 187776.84 443 15 945 9413854  2 327425913 1005855 2.6 24 9 1 2 46% 343408 1459 55%
c p 187777.11 443 15 945 9413854  2 327425913 1005994 2.6 24 9 1 2 46% 343408 1459 55%
c u 187783.73 443 15 945 9413854  2 327425913 1001722 2.6 24 9 1 2 46% 343408 1459 55%
c v 187792.07 443 15 945 9413854  2 327425913 999429 2.6 24 9 1 2 46% 343408 1459 55%
c w 187792.08 443 15 945 9413854  2 327425913 999429 2.6 24 9 1 2 46% 343408 1459 55%
c t 187792.09 443 15 945 9413854  2 327425913 999426 2.6 24 9 1 2 46% 343408 1459 55%
c W 188003.49 443 15 945 9427821  2 327646854 1172369 2.6 25 10 1 2 46% 343408 1459 55%
c - 188453.94 372 15 946 9456886  2 328120670 1021432 2.6 25 10 1 2 46% 343408 1459 55%
c p 188454.22 372 15 946 9456886  2 328120670 1021567 2.6 25 10 1 2 46% 343408 1459 55%
c u 188460.51 377 15 946 9456886  2 328120670 1017568 2.6 25 10 1 2 46% 343408 1459 55%
c v 188469.60 377 15 946 9456886  2 328120670 1014418 2.6 25 10 1 2 46% 343408 1459 55%
c w 188469.62 377 15 946 9456886  2 328120670 1014418 2.6 25 10 1 2 46% 343408 1459 55%
c } 188715.00 377 15 946 9475850  2 328430856 1254838 2.6 24 9 1 2 46% 343408 1459 55%
c [ 188715.00 377 35 946 9475850  1 328430856 1254838 2.0 41 21 1 2 46% 343408 1459 55%
c 
c    seconds      reductions        conflicts            size   tier2       variables
c              MB        restarts            redundant      glue   trail         remaining
c               level           rate               size/glue  tier1  irredundant
c 
c O 188732.21 377 31 946 9475851  1 328456855 1277305 2.1 40 19 1 2 46% 343408 1459 55%
c - 188970.80 378 26 947 9475946  1 328816168 1031159 2.4 38 16 1 2 50% 343408 1459 55%
c p 188971.09 378 26 947 9475946  1 328816168 1031296 2.4 38 16 1 2 50% 343408 1459 55%
c u 188977.54 378 26 947 9475946  1 328816168 1027257 2.4 38 16 1 2 50% 343408 1459 55%
c v 188986.99 378 26 947 9475946  1 328816168 1023926 2.4 38 16 1 2 50% 343408 1459 55%
c w 188987.01 378 26 947 9475946  1 328816168 1023926 2.4 38 16 1 2 50% 343408 1459 55%
c t 188987.02 378 26 947 9475946  1 328816168 1023923 2.4 38 16 1 2 50% 343408 1459 55%
c B 189239.78 378 28 947 9475981  1 329267857 1418061 2.6 39 15 1 2 50% 343408 1459 55%
c - 189393.85 377 30 948 9475982  1 329512400 1025460 2.6 44 17 1 2 50% 343408 1459 55%
c p 189394.12 377 30 948 9475982  1 329512400 1025641 2.6 44 17 1 2 50% 343408 1459 55%
c u 189400.11 377 30 948 9475982  1 329512400 1021815 2.6 44 17 1 2 50% 343415 1459 55%
c v 189409.04 377 30 948 9475982  1 329512400 1018359 2.6 44 17 1 2 50% 343415 1459 55%
c w 189409.09 377 30 948 9475982  1 329512400 1018359 2.6 44 17 1 2 50% 343415 1459 55%
c t 189409.10 377 30 948 9475982  1 329512400 1018347 2.6 44 17 1 2 50% 343415 1459 55%
c s 189649.50 414 29 948 9475995  1 329960951 1408872 2.5 44 17 1 2 50% 343415 1459 55%
c s 189651.03 414 29 948 9475995  1 329960951 1407939 2.5 44 17 1 2 50% 343415 1459 55%
c W 189790.90 414 29 948 9476042  1 330079860 1511727 2.5 43 17 1 2 50% 343415 1459 55%
c - 189872.76 413 35 949 9476076  1 330209368 1012887 2.2 44 20 1 2 48% 343415 1459 55%
c p 189873.04 413 35 949 9476076  1 330209368 1013047 2.2 44 20 1 2 48% 343415 1459 55%
c u 189879.17 413 35 949 9476076  1 330209368 1008840 2.2 44 20 1 2 48% 343415 1459 55%
c 
c    seconds      reductions        conflicts            size   tier2       variables
c              MB        restarts            redundant      glue   trail         remaining
c               level           rate               size/glue  tier1  irredundant
c 
c v 189885.72 413 35 949 9476076  1 330209368 1005033 2.2 44 20 1 2 48% 343415 1459 55%
c w 189885.74 413 35 949 9476076  1 330209368 1005033 2.2 44 20 1 2 48% 343415 1459 55%
c t 189885.75 413 35 949 9476076  1 330209368 1005010 2.2 44 20 1 2 48% 343415 1459 55%
c ] 190213.52 413 39 949 9476235  1 330780846 1491452 1.8 45 24 1 2 43% 343415 1459 55%
c { 190213.52 413 15 949 9476235  2 330780846 1491452 2.6 24 9 1 2 46% 343415 1459 55%
c # 190351.23 413 15 949 9483280  2 330892867 1577937 2.6 25 10 1 2 46% 343415 1459 55%
c - 190372.05 413 15 950 9484294  2 330907077 1010823 2.6 25 10 1 2 46% 343415 1459 55%
c p 190372.33 413 15 950 9484294  2 330907077 1010980 2.6 25 10 1 2 46% 343415 1459 55%
c u 190377.86 413 15 950 9484294  2 330907077 1007080 2.6 25 10 1 2 46% 343415 1459 55%
c v 190383.87 413 15 950 9484294  2 330907077 1004678 2.6 25 10 1 2 46% 343415 1459 55%
c w 190383.88 413 15 950 9484294  2 330907077 1004678 2.6 25 10 1 2 46% 343415 1459 55%
c t 190383.89 413 15 950 9484294  2 330907077 1004663 2.6 25 10 1 2 46% 343415 1459 55%
c - 190995.82 414 14 951 9526499  2 331605523 1020808 2.6 24 9 1 2 46% 343415 1459 55%
c p 190996.10 414 14 951 9526499  2 331605523 1020969 2.6 24 9 1 2 46% 343415 1459 55%
c u 191002.05 414 14 951 9526499  2 331605523 1016853 2.6 24 9 1 2 46% 343415 1459 55%
c v 191009.00 414 14 951 9526499  2 331605523 1013413 2.6 24 9 1 2 46% 343415 1459 55%
c x 191009.63 414 14 951 9526499  2 331605523 1013413 2.6 24 9 1 2 46% 343414 1459 55%
c t 191009.64 414 14 951 9526499  2 331605523 1013408 2.6 24 9 1 2 46% 343412 1459 55%
c B 191086.30 414 15 951 9533117  2 331706868 1091671 2.6 24 9 1 2 46% 343412 1459 55%
c - 191631.99 415 14 952 9569600  2 332304704 1037665 2.6 24 9 1 2 47% 343412 1459 55%
c 
c    seconds      reductions        conflicts            size  tier2       variables
c              MB        restarts            redundant      glue  trail         remaining
c               level           rate               size/glue tier1  irredundant
c 
c p 191632.26 415 14 952 9569600  2 332304704 1037812 2.6 24 9 1 2 47% 343412 1459 55%
c u 191637.83 415 14 952 9569600  2 332304704 1033561 2.6 24 9 1 2 47% 343412 1459 55%
c v 191646.50 415 14 952 9569600  2 332304704 1030655 2.6 24 9 1 2 47% 343412 1459 55%
c w 191646.53 415 14 952 9569600  2 332304704 1030655 2.6 24 9 1 2 47% 343412 1459 55%
c t 191646.55 415 14 952 9569600  2 332304704 1030648 2.6 24 9 1 2 47% 343412 1459 55%
c W 191881.16 415 15 952 9583458  2 332521871 1198236 2.6 25 9 1 2 46% 343412 1459 55%
c s 192076.22 430 14 952 9596287  2 332734300 1360051 2.6 24 9 1 2 46% 343412 1459 55%
c s 192077.83 440 14 952 9596287  2 332734300 1360001 2.6 24 9 1 2 46% 343412 1459 55%
c } 192094.49 440 14 952 9597322  2 332750960 1372763 2.6 24 9 1 2 46% 343412 1459 55%
c [ 192094.49 440 39 952 9597322  1 332750960 1372763 1.8 45 24 1 2 43% 343412 1459 55%
c - 192248.98 441 32 953 9597339  1 333004622 1047097 2.3 42 18 1 2 49% 343412 1459 55%
c p 192249.30 441 32 953 9597339  1 333004622 1047233 2.3 42 18 1 2 49% 343412 1459 55%
c u 192255.76 441 32 953 9597339  1 333004622 1042993 2.3 42 18 1 2 49% 343412 1459 55%
c v 192265.69 441 32 953 9597339  1 333004622 1040436 2.3 42 18 1 2 49% 343412 1459 55%
c w 192265.71 441 32 953 9597339  1 333004622 1040436 2.3 42 18 1 2 49% 343412 1459 55%
c t 192265.72 441 32 953 9597339  1 333004622 1040422 2.3 42 18 1 2 49% 343412 1459 55%
c I 192446.73 441 29 953 9597449  1 333337875 1323937 2.3 39 17 1 2 49% 343412 1459 55%
c - 192691.49 441 39 954 9597544  1 333705276 1040931 2.0 46 22 1 2 41% 343412 1459 55%
c p 192691.73 441 39 954 9597544  1 333705276 1041071 2.0 46 22 1 2 41% 343412 1459 55%
c u 192698.25 441 39 954 9597544  1 333705276 1036937 2.0 46 22 1 2 41% 343412 1459 55%
c 
c    seconds      reductions        conflicts            size   tier2       variables
c              MB        restarts            redundant      glue   trail         remaining
c               level           rate               size/glue  tier1  irredundant
c 
c v 192705.19 441 39 954 9597544  1 333705276 1032640 2.0 46 22 1 2 41% 343412 1459 55%
c w 192705.22 441 39 954 9597544  1 333705276 1032640 2.0 46 22 1 2 41% 343412 1459 55%
c t 192705.23 441 39 954 9597544  1 333705276 1032637 2.0 46 22 1 2 41% 343412 1459 55%
c B 192933.34 441 47 954 9597580  1 334154877 1421753 2.1 52 25 1 2 54% 343412 1459 55%
c - 193201.07 439 43 955 9597621  1 334406667 1015511 1.8 47 26 1 2 44% 343412 1459 55%
c p 193201.34 439 43 955 9597621  1 334406667 1015653 1.8 47 26 1 2 44% 343412 1459 55%
c u 193207.77 439 43 955 9597621  1 334406667 1011543 1.8 47 26 1 2 44% 343412 1459 55%
c v 193207.79 439 43 955 9597621  1 334406667 1011542 1.8 47 26 1 2 44% 343412 1459 55%
c w 193207.80 439 43 955 9597621  1 334406667 1011542 1.8 47 26 1 2 44% 343412 1459 55%
c t 193207.81 439 43 955 9597621  1 334406667 1011536 1.8 47 26 1 2 44% 343412 1459 55%
c W 193583.64 439 30 955 9597770  1 334972879 1494227 2.6 44 17 1 2 51% 343412 1459 55%
c ] 193673.00 439 29 955 9597815  1 335082106 1587514 2.4 40 17 1 2 49% 343412 1459 55%
c { 193673.00 439 14 955 9597815  2 335082106 1587514 2.6 24 9 1 2 46% 343412 1459 55%
c - 193706.92 438 14 956 9599722  2 335108794 1004706 2.6 24 9 1 2 46% 343412 1459 55%
c p 193707.19 438 14 956 9599722  2 335108794 1004849 2.6 24 9 1 2 46% 343412 1459 55%
c u 193712.80 438 14 956 9599722  2 335108794 1000882 2.6 24 9 1 2 46% 343412 1459 55%
c v 193712.82 438 14 956 9599722  2 335108794 1000882 2.6 24 9 1 2 46% 343412 1459 55%
c w 193712.82 438 14 956 9599722  2 335108794 1000882 2.6 24 9 1 2 46% 343412 1459 55%
c t 193712.84 438 14 956 9599722  2 335108794 1000875 2.6 24 9 1 2 46% 343412 1459 55%
c i 193941.11 438 14 956 9617583  2 335402633 1226649 2.6 24 9 1 2 47% 343412 1458 55%
c 
c    seconds      reductions        conflicts            size  tier2       variables
c              MB        restarts            redundant      glue  trail         remaining
c               level           rate               size/glue tier1  irredundant
c 
c s 194051.08 438 15 956 9625984  2 335523402 1319891 2.6 24 9 1 2 46% 343412 1458 55%
c s 194051.59 438 15 956 9625984  2 335523402 1319878 2.6 24 9 1 2 46% 342287 1458 55%
c F 194301.61 438 14 956 9641509  2 335791881 1524840 2.6 24 9 1 2 47% 342287 1458 55%
c - 194324.91 438 14 957 9643062  2 335811661 1010186 2.6 24 9 1 2 47% 342287 1458 55%
c p 194325.18 438 14 957 9643062  2 335811661 1010322 2.6 24 9 1 2 47% 342287 1458 55%
c u 194330.71 438 14 957 9643062  2 335811661 1006285 2.6 24 9 1 2 47% 342287 1458 55%
c v 194339.45 438 14 957 9643062  2 335811661 1002993 2.6 24 9 1 2 47% 342287 1458 55%
c w 194339.47 438 14 957 9643062  2 335811661 1002991 2.6 24 9 1 2 47% 342287 1458 55%
c t 194339.48 438 14 957 9643062  2 335811661 1002988 2.6 24 9 1 2 47% 342287 1458 55%
c - 194965.69 372 15 958 9687155  2 336514611 1029293 2.6 25 9 1 2 46% 342287 1458 55%
c p 194965.98 372 15 958 9687155  2 336514611 1029426 2.6 25 9 1 2 46% 342287 1458 55%
c u 194972.22 372 15 958 9687155  2 336514611 1025155 2.6 25 9 1 2 46% 342287 1458 55%
c v 194981.31 372 15 958 9687155  2 336514611 1021799 2.6 25 9 1 2 46% 342287 1458 55%
c w 194981.34 372 15 958 9687155  2 336514611 1021799 2.6 25 9 1 2 46% 342287 1458 55%
c t 194981.35 372 15 958 9687155  2 336514611 1021795 2.6 25 9 1 2 46% 342287 1458 55%
c B 195052.67 372 14 958 9692357  2 336611883 1095539 2.6 24 9 1 2 47% 342287 1458 55%
c i 195403.37 372 14 958 9717501  2 337017656 1408421 2.6 24 9 1 2 47% 342287 1457 55%
c } 195500.64 372 14 958 9723382  2 337119093 1485150 2.6 24 9 1 2 47% 342287 1457 55%
c [ 195500.64 372 29 958 9723382  1 337119093 1485150 2.4 40 17 1 2 49% 342287 1457 55%
c - 195571.03 373 30 959 9723401  1 337218296 1033266 2.4 40 17 1 2 48% 341299 1457 55%
c 
c    seconds      reductions        conflicts            size   tier2       variables
c              MB        restarts            redundant      glue   trail         remaining
c               level           rate               size/glue  tier1  irredundant
c 
c p 195571.33 373 30 959 9723401  1 337218296 1033398 2.4 40 17 1 2 48% 341299 1457 55%
c u 195577.69 373 30 959 9723401  1 337218296 1029230 2.4 40 17 1 2 48% 341299 1457 55%
c v 195587.20 373 30 959 9723401  1 337218296 1026149 2.4 40 17 1 2 48% 341299 1457 55%
c w 195587.23 373 30 959 9723401  1 337218296 1026149 2.4 40 17 1 2 48% 341299 1457 55%
c t 195587.24 373 30 959 9723401  1 337218296 1026147 2.4 40 17 1 2 48% 341299 1457 55%
c O 195705.41 373 55 959 9723416  1 337432884 1221330 1.9 53 28 1 2 50% 341299 1457 55%
c - 196023.36 384 36 960 9723551  1 337922140 1043708 2.0 43 22 1 2 44% 341299 1457 55%
c p 196023.63 384 36 960 9723551  1 337922140 1043846 2.0 43 22 1 2 44% 341299 1457 55%
c u 196030.07 384 36 960 9723551  1 337922140 1039789 2.0 43 22 1 2 44% 341299 1457 55%
c v 196041.06 384 36 960 9723551  1 337922140 1037114 2.0 43 22 1 2 44% 341299 1457 55%
c t 196041.08 384 36 960 9723551  1 337922140 1037112 2.0 43 22 1 2 44% 341299 1457 55%
c B 196232.41 384 32 960 9723655  1 338254887 1312465 2.1 42 20 1 2 43% 341299 1457 55%
c s 196278.74 416 33 960 9723656  1 338326928 1376501 2.2 43 19 1 2 48% 341299 1457 55%
c s 196280.05 482 33 960 9723656  1 338326928 1371804 2.2 43 19 1 2 48% 341187 1457 55%
c - 196477.39 414 28 961 9723658  1 338626716 1014478 2.6 42 16 1 2 50% 341187 1457 55%
c 2 196477.40 414 28 961 9723658  1 338626716 1014475 2.6 42 16 1 2 50% 341187 1457 55%
c p 196477.64 414 28 961 9723658  1 338626716 1014605 2.6 42 16 1 2 50% 341187 1457 55%
c u 196483.45 414 28 961 9723658  1 338626716 1010505 2.6 42 16 1 2 50% 341187 1457 55%
c v 196490.87 414 28 961 9723658  1 338626716 1006335 2.6 42 16 1 2 50% 341187 1457 55%
c w 196490.91 414 28 961 9723658  1 338626716 1006335 2.6 42 16 1 2 50% 341187 1457 55%
c 
c    seconds      reductions        conflicts            size   tier2       variables
c              MB        restarts            redundant      glue   trail         remaining
c               level           rate               size/glue  tier1  irredundant
c 
c t 196490.93 414 28 961 9723658  1 338626716 1006333 2.6 42 16 1 2 50% 341187 1457 55%
c i 196587.91 414 24 961 9723659  1 338814247 1170850 2.6 37 14 1 2 50% 341187 1456 55%
c W 196841.32 479 63 961 9723659  1 339077890 1258836 1.9 60 31 1 2 52% 340080 1456 55%
c - 197078.84 411 49 962 9723660  1 339331962 966163 1.7 50 29 1 2 43% 340080 1456 55%
c 2 197078.84 411 49 962 9723660  1 339331962 966162 1.7 50 29 1 2 43% 340080 1456 55%
c p 197079.12 411 49 962 9723660  1 339331962 966297 1.7 50 29 1 2 43% 340080 1456 55%
c u 197084.99 411 49 962 9723660  1 339331962 962290 1.7 50 29 1 2 43% 340080 1456 55%
c v 197085.02 411 49 962 9723660  1 339331962 962284 1.7 50 29 1 2 43% 340080 1456 55%
c w 197085.03 411 49 962 9723660  1 339331962 962278 1.7 50 29 1 2 43% 340080 1456 55%
c ] 197119.29 411 45 962 9723660  1 339408106 1031218 1.9 49 25 1 2 47% 340080 1456 55%
c { 197119.29 411 14 962 9723660  2 339408106 1031218 2.6 24 9 1 2 47% 340080 1456 55%
c W 197588.24 411 14 962 9754282  2 339901892 1409310 2.6 24 9 1 2 47% 340080 1456 55%
c - 197730.88 414 14 963 9762342  2 340037291 997277 2.6 24 9 1 2 46% 340080 1456 55%
c p 197731.15 414 14 963 9762342  2 340037291 997413 2.6 24 9 1 2 46% 340080 1456 55%
c u 197736.82 414 14 963 9762342  2 340037291 993205 2.6 24 9 1 2 46% 340080 1456 55%
c v 197748.42 414 14 963 9762342  2 340037291 991240 2.6 24 9 1 2 46% 340080 1456 55%
c # 198368.01 414 14 963 9804131  2 340726895 1515246 2.6 24 9 1 2 47% 340080 1456 55%
c - 198386.22 415 14 964 9805119  2 340743355 1018845 2.6 24 9 1 2 47% 340080 1456 55%
c p 198386.52 415 14 964 9805119  2 340743355 1018983 2.6 24 9 1 2 47% 340080 1456 55%
c u 198392.83 415 14 964 9805119  2 340743355 1014688 2.6 24 9 1 2 47% 340080 1456 55%
c 
c    seconds      reductions        conflicts            size  tier2       variables
c              MB        restarts            redundant      glue  trail         remaining
c               level           rate               size/glue tier1  irredundant
c 
c v 198402.88 415 14 964 9805119  2 340743355 1012588 2.6 24 9 1 2 47% 340080 1456 55%
c w 198402.89 415 14 964 9805119  2 340743355 1012588 2.6 24 9 1 2 47% 340080 1456 55%
c t 198402.90 415 14 964 9805119  2 340743355 1012587 2.6 24 9 1 2 47% 340080 1456 55%
c s 198742.47 425 14 964 9830252  2 341144896 1316358 2.6 24 9 1 2 47% 340080 1456 55%
c s 198743.48 425 14 964 9830252  2 341144896 1315927 2.6 24 9 1 2 47% 340080 1456 55%
c } 199008.64 425 14 964 9846276  2 341415150 1521333 2.6 24 9 1 2 47% 340080 1456 55%
c [ 199008.64 425 45 964 9846276  1 341415150 1521333 1.9 49 25 1 2 47% 340080 1456 55%
c - 199032.17 426 40 965 9846276  1 341450149 1031684 2.0 46 22 1 2 49% 340080 1456 55%
c p 199032.47 426 40 965 9846276  1 341450149 1031823 2.0 46 22 1 2 49% 340080 1456 55%
c u 199038.37 426 40 965 9846276  1 341450149 1027564 2.0 46 22 1 2 49% 340080 1456 55%
c v 199048.49 426 40 965 9846276  1 341450149 1024737 2.0 46 22 1 2 49% 340080 1456 55%
c w 199048.53 426 40 965 9846276  1 341450149 1024737 2.0 46 22 1 2 49% 340080 1456 55%
c t 199048.54 426 40 965 9846276  1 341450149 1024736 2.0 46 22 1 2 49% 340080 1456 55%
c I 199103.11 426 39 965 9846276  1 341552898 1113988 2.0 43 21 1 2 47% 340080 1456 55%
c - 199483.13 427 51 966 9846276  1 342157677 1045188 2.0 55 27 1 2 54% 340080 1456 55%
c p 199483.41 427 51 966 9846276  1 342157677 1045327 2.0 55 27 1 2 54% 340080 1456 55%
c u 199489.50 427 51 966 9846276  1 342157677 1041223 2.0 55 27 1 2 54% 340080 1456 55%
c v 199500.27 427 51 966 9846276  1 342157677 1038502 2.0 55 27 1 2 54% 340080 1456 55%
c w 199500.34 427 51 966 9846276  1 342157677 1038500 2.0 55 27 1 2 54% 340080 1456 55%
c B 199632.40 427 31 966 9846291  1 342379901 1231126 2.5 44 18 1 2 49% 340080 1456 55%
c 
c    seconds      reductions        conflicts            size   tier2       variables
c              MB        restarts            redundant      glue   trail         remaining
c               level           rate               size/glue  tier1  irredundant
c 
c - 199987.51 425 34 967 9846429  1 342865936 1014587 2.2 43 20 1 2 49% 340080 1456 55%
c p 199987.77 425 34 967 9846429  1 342865936 1014719 2.2 43 20 1 2 49% 340080 1456 55%
c u 199994.01 425 34 967 9846429  1 342865936 1010821 2.2 43 20 1 2 49% 340080 1456 55%
c v 200001.64 425 34 967 9846429  1 342865936 1006890 2.2 43 20 1 2 49% 340080 1456 55%
c w 200001.66 425 34 967 9846429  1 342865936 1006890 2.2 43 20 1 2 49% 340080 1456 55%
c W 200292.50 425 31 967 9846529  1 343207905 1298275 2.2 41 19 1 2 44% 340080 1456 55%
c - 200544.01 425 36 968 9846593  1 343574929 1012413 2.1 47 22 1 2 42% 340080 1456 55%
c p 200544.30 425 36 968 9846593  1 343574929 1012548 2.1 47 22 1 2 42% 340080 1456 55%
c u 200550.63 425 36 968 9846593  1 343574929 1008322 2.1 47 22 1 2 42% 340080 1456 55%
c v 200558.47 425 36 968 9846593  1 343574929 1004054 2.1 47 22 1 2 42% 340080 1456 55%
c w 200558.50 425 36 968 9846593  1 343574929 1004054 2.1 47 22 1 2 42% 340080 1456 55%
c t 200558.51 425 36 968 9846593  1 343574929 1004050 2.1 47 22 1 2 42% 340080 1456 55%
c ] 200653.40 425 36 968 9846657  1 343782984 1179656 2.1 47 22 1 2 42% 340080 1456 55%
c { 200653.40 425 14 968 9846657  2 343782984 1179656 2.6 24 9 1 2 47% 340080 1456 55%
c s 200858.09 372 15 968 9859153  2 343977276 1328714 2.6 25 9 1 2 47% 340080 1456 55%
c s 200859.45 413 15 968 9859153  2 343977276 1328564 2.6 25 9 1 2 47% 340080 1456 55%
c B 200917.83 413 14 968 9862034  2 344036909 1373501 2.6 24 9 1 2 47% 340080 1456 55%
c - 201199.61 414 14 969 9877627  2 344284656 1024848 2.6 24 9 1 2 47% 340080 1456 55%
c p 201199.89 414 14 969 9877627  2 344284656 1024982 2.6 24 9 1 2 47% 340080 1456 55%
c u 201206.14 414 14 969 9877627  2 344284656 1020883 2.6 24 9 1 2 47% 340080 1456 55%
c 
c    seconds      reductions        conflicts            size  tier2       variables
c              MB        restarts            redundant      glue  trail         remaining
c               level           rate               size/glue tier1  irredundant
c 
c v 201217.22 414 14 969 9877627  2 344284656 1017666 2.6 24 9 1 2 47% 340080 1456 55%
c w 201217.25 414 14 969 9877627  2 344284656 1017666 2.6 24 9 1 2 47% 340080 1456 55%
c W 201776.38 414 14 969 9913380  2 344866911 1461446 2.6 24 9 1 2 46% 340080 1456 55%
c - 201912.41 415 14 970 9920433  2 344995113 1040385 2.6 24 9 1 2 47% 340080 1456 55%
c p 201912.73 415 14 970 9920433  2 344995113 1040521 2.6 24 9 1 2 47% 340080 1456 55%
c u 201919.39 415 14 970 9920433  2 344995113 1036318 2.6 24 9 1 2 47% 340080 1456 55%
c v 201930.16 415 14 970 9920433  2 344995113 1033905 2.6 24 9 1 2 47% 340080 1456 55%
c w 201930.17 415 14 970 9920433  2 344995113 1033905 2.6 24 9 1 2 47% 340080 1456 55%
c t 201930.19 415 14 970 9920433  2 344995113 1033904 2.6 24 9 1 2 47% 340080 1456 55%
c F 202571.46 415 14 970 9963621  2 345697915 1567337 2.6 24 9 1 2 47% 340080 1456 55%
c - 202582.11 416 14 971 9964224  2 345706304 1051907 2.6 24 9 1 2 47% 340080 1456 55%
c p 202582.42 416 14 971 9964224  2 345706304 1052046 2.6 24 9 1 2 47% 340080 1456 55%
c u 202588.46 416 14 971 9964224  2 345706304 1047740 2.6 24 9 1 2 47% 340080 1456 55%
c v 202597.44 416 14 971 9964224  2 345706304 1044105 2.6 24 9 1 2 47% 340080 1456 55%
c w 202597.44 416 14 971 9964224  2 345706304 1044105 2.6 24 9 1 2 47% 340080 1456 55%
c t 202597.46 416 14 971 9964224  2 345706304 1044103 2.6 24 9 1 2 47% 340080 1456 55%
c } 202632.84 416 14 971 9967014  2 345753537 1080126 2.6 24 9 1 2 47% 340080 1456 55%
c [ 202632.84 416 36 971 9967014  1 345753537 1080126 2.1 47 22 1 2 42% 340080 1456 55%
c i 202839.41 416 23 971 9967099  1 346091762 1375138 2.6 37 14 1 2 49% 340080 1455 55%
c - 203081.16 412 31 972 9967143  1 346418228 987126 2.3 42 18 1 2 45% 339005 1455 55%
c 
c    seconds      reductions        conflicts           size   tier2       variables
c              MB        restarts           redundant      glue   trail         remaining
c               level           rate              size/glue  tier1  irredundant
c 
c p 203081.43 412 31 972 9967143  1 346418228 987261 2.3 42 18 1 2 45% 339005 1455 55%
c u 203087.55 412 31 972 9967143  1 346418228 983138 2.3 42 18 1 2 45% 339005 1455 55%
c v 203087.57 412 31 972 9967143  1 346418228 983137 2.3 42 18 1 2 45% 339005 1455 55%
c w 203087.57 412 31 972 9967143  1 346418228 983137 2.3 42 18 1 2 45% 339005 1455 55%
c O 203136.35 412 31 972 9967144  1 346529917 1079814 2.3 42 18 1 2 45% 339005 1455 55%
c s 203284.18 412 44 972 9967189  1 346825391 1335745 2.1 52 25 1 2 46% 339005 1455 55%
c s 203286.16 485 44 972 9967189  1 346825391 1335707 2.1 52 25 1 2 46% 339005 1455 55%
c i 203497.38 485 25 972 9967270  1 347109685 1578224 2.6 38 15 1 2 49% 339005 1454 55%
c - 203512.02 410 28 973 9967271  1 347130246 949301 2.4 40 17 1 2 47% 337907 1454 55%
c p 203512.28 410 28 973 9967271  1 347130246 949433 2.4 40 17 1 2 47% 337907 1454 55%
c u 203517.65 410 28 973 9967271  1 347130246 945387 2.4 40 17 1 2 47% 337907 1454 55%
c v 203517.65 410 28 973 9967271  1 347130246 945387 2.4 40 17 1 2 47% 337907 1454 55%
c w 203517.66 410 28 973 9967271  1 347130246 945386 2.4 40 17 1 2 47% 337907 1454 55%
c B 203639.02 410 35 973 9967334  1 347362918 1140074 2.1 46 22 1 2 43% 337907 1454 55%
c - 204014.19 414 42 974 9967429  1 347842337 994807 2.1 50 23 1 2 45% 337907 1454 55%
c p 204014.44 414 42 974 9967429  1 347842337 994940 2.1 50 23 1 2 45% 337907 1454 55%
c u 204021.01 414 42 974 9967429  1 347842337 990578 2.1 50 23 1 2 45% 337907 1454 55%
c v 204028.98 414 42 974 9967429  1 347842337 989358 2.1 50 23 1 2 45% 337907 1454 55%
c w 204028.99 414 42 974 9967429  1 347842337 989358 2.1 50 23 1 2 45% 337907 1454 55%
c t 204029.01 414 42 974 9967429  1 347842337 989357 2.1 50 23 1 2 45% 337907 1454 55%
c 
c    seconds      reductions        conflicts            size   tier2       variables
c              MB        restarts            redundant      glue   trail         remaining
c               level           rate               size/glue  tier1  irredundant
c 
c ] 204188.31 414 32 974 9967515  1 348109950 1207279 2.3 45 20 1 2 43% 337907 1454 55%
c { 204188.32 414 14 974 9967515  2 348109950 1207279 2.6 24 9 1 2 47% 337907 1454 55%
c B 204275.46 414 14 974 9972561  2 348196920 1272090 2.6 24 9 1 2 46% 337907 1454 55%
c - 204671.29 414 14 975 9994401  2 348555159 1002777 2.6 24 9 1 2 47% 337907 1454 55%
c p 204671.58 414 14 975 9994401  2 348555159 1002912 2.6 24 9 1 2 47% 337907 1454 55%
c u 204677.78 414 14 975 9994401  2 348555159 998875 2.6 24 9 1 2 47% 337907 1454 55%
c v 204683.40 414 14 975 9994401  2 348555159 997139 2.6 24 9 1 2 47% 337907 1454 55%
c t 204683.42 414 14 975 9994401  2 348555159 997138 2.6 24 9 1 2 47% 337907 1454 55%
c W 205199.96 414 14 975 10023712  2 349031922 1355597 2.6 24 9 1 2 47% 337907 1454 55%
c - 205439.09 416 14 976 10038159  2 349268709 1022193 2.6 24 9 1 2 47% 337907 1454 55%
c p 205439.37 416 14 976 10038159  2 349268709 1022323 2.6 24 9 1 2 47% 337907 1454 55%
c u 205445.27 416 14 976 10038159  2 349268709 1018095 2.6 24 9 1 2 47% 337907 1454 55%
c v 205453.05 416 14 976 10038159  2 349268709 1016418 2.6 24 9 1 2 47% 337907 1454 55%
c w 205453.06 416 14 976 10038159  2 349268709 1016418 2.6 24 9 1 2 47% 337907 1454 55%
c t 205453.08 416 14 976 10038159  2 349268709 1016416 2.6 24 9 1 2 47% 337907 1454 55%
c s 205804.55 416 14 976 10063112  2 349687945 1329832 2.6 24 9 1 2 47% 337907 1454 55%
c s 205805.30 416 14 976 10063112  2 349687945 1328329 2.6 24 9 1 2 47% 337483 1454 55%
c # 205978.08 416 14 976 10073660  2 349867926 1461698 2.6 24 9 1 2 47% 337483 1454 55%
c - 206099.99 416 14 977 10080828  2 349982990 1033376 2.6 24 9 1 2 47% 337483 1454 55%
c 2 206100.00 416 14 977 10080828  2 349982990 1033376 2.6 24 9 1 2 47% 337482 1454 55%
c 
c    seconds      reductions         conflicts            size  tier2       variables
c              MB        restarts             redundant      glue  trail         remaining
c               level            rate               size/glue tier1  irredundant
c 
c p 206100.29 416 14 977 10080828  2 349982990 1033516 2.6 24 9 1 2 47% 337482 1454 55%
c u 206105.33 416 14 977 10080828  2 349982990 1029165 2.6 24 9 1 2 47% 337482 1454 55%
c v 206115.41 416 14 977 10080828  2 349982990 1027050 2.6 24 9 1 2 47% 337482 1454 55%
c w 206115.41 416 14 977 10080828  2 349982990 1027050 2.6 24 9 1 2 47% 337482 1454 55%
c t 206115.43 416 14 977 10080828  2 349982990 1027049 2.6 24 9 1 2 47% 337482 1454 55%
c } 206208.09 416 14 977 10087953  2 350103670 1117014 2.6 24 9 1 2 47% 337482 1454 55%
c [ 206208.09 416 32 977 10087953  1 350103670 1117014 2.3 45 20 1 2 43% 337482 1454 55%
c - 206592.53 417 28 978 10088091  1 350697747 1050682 2.5 41 16 1 2 50% 337482 1454 55%
c p 206592.84 417 28 978 10088091  1 350697747 1050818 2.5 41 16 1 2 50% 337482 1454 55%
c u 206599.31 417 28 978 10088091  1 350697747 1046471 2.5 41 16 1 2 50% 337482 1454 55%
c v 206609.30 417 28 978 10088091  1 350697747 1044102 2.5 41 16 1 2 50% 337482 1454 55%
c w 206609.32 417 28 978 10088091  1 350697747 1044102 2.5 41 16 1 2 50% 337482 1454 55%
c t 206609.33 417 28 978 10088091  1 350697747 1044099 2.5 41 16 1 2 50% 337482 1454 55%
c W 206656.33 417 28 978 10088091  1 350704927 1050581 2.6 41 16 1 2 51% 337482 1454 55%
c - 207061.37 417 35 979 10088094  1 351413233 1049049 2.1 45 21 1 2 40% 337482 1454 55%
c p 207061.67 417 35 979 10088094  1 351413233 1049186 2.1 45 21 1 2 40% 337482 1454 55%
c u 207072.88 417 35 979 10088094  1 351413233 1045008 2.1 45 21 1 2 40% 337482 1454 55%
c v 207083.72 417 35 979 10088094  1 351413233 1042307 2.1 45 21 1 2 40% 337482 1454 55%
c w 207083.74 417 35 979 10088094  1 351413233 1042307 2.1 45 21 1 2 40% 337482 1454 55%
c t 207083.75 417 35 979 10088094  1 351413233 1042305 2.1 45 21 1 2 40% 337482 1454 55%
c 
c    seconds      reductions         conflicts            size   tier2       variables
c              MB        restarts             redundant      glue   trail         remaining
c               level            rate               size/glue  tier1  irredundant
c 
c I 207143.01 417 37 979 10088094  1 351542931 1155481 2.2 45 21 1 2 41% 337482 1454 55%
c - 207567.57 415 30 980 10088235  1 352129448 1027909 2.2 42 19 1 2 44% 337482 1454 55%
c p 207567.87 415 30 980 10088235  1 352129448 1028042 2.2 42 19 1 2 44% 337482 1454 55%
c u 207574.69 415 30 980 10088235  1 352129448 1024103 2.2 42 19 1 2 44% 337482 1454 55%
c v 207585.35 415 30 980 10088235  1 352129448 1020910 2.2 42 19 1 2 44% 337482 1454 55%
c w 207585.38 415 30 980 10088235  1 352129448 1020909 2.2 42 19 1 2 44% 337482 1454 55%
c t 207585.40 415 30 980 10088235  1 352129448 1020906 2.2 42 19 1 2 44% 337482 1454 55%
c B 207724.39 415 34 980 10088315  1 352381935 1230052 2.1 44 21 1 2 40% 337482 1454 55%
c s 207847.12 415 27 980 10088348  1 352564209 1384764 2.4 39 16 1 2 47% 337482 1454 55%
c s 207848.36 484 27 980 10088348  1 352564209 1381422 2.4 39 16 1 2 47% 337482 1454 55%
c ] 207851.59 484 28 980 10088348  1 352570265 1387148 2.4 40 17 1 2 48% 337482 1454 55%
c { 207851.59 484 14 980 10088348  2 352570265 1387148 2.6 24 9 1 2 47% 337482 1454 55%
c - 208174.32 416 14 981 10104924  2 352846398 1033467 2.6 24 9 1 2 47% 337482 1454 55%
c p 208174.64 416 14 981 10104924  2 352846398 1033597 2.6 24 9 1 2 47% 337482 1454 55%
c u 208180.19 416 14 981 10104924  2 352846398 1029612 2.6 24 9 1 2 47% 337482 1454 55%
c v 208190.40 416 14 981 10104924  2 352846398 1026254 2.6 24 9 1 2 47% 337482 1454 55%
c w 208190.41 416 14 981 10104924  2 352846398 1026254 2.6 24 9 1 2 47% 337482 1454 55%
c t 208190.42 416 14 981 10104924  2 352846398 1026251 2.6 24 9 1 2 47% 337482 1454 55%
c B 208511.58 416 14 981 10127577  2 353221936 1306649 2.6 24 9 1 2 47% 337482 1454 55%
c - 208858.30 417 14 982 10148742  2 353564073 1046984 2.6 24 9 1 2 47% 337482 1454 55%
c 
c    seconds      reductions         conflicts            size  tier2       variables
c              MB        restarts             redundant      glue  trail         remaining
c               level            rate               size/glue tier1  irredundant
c 
c p 208858.63 417 14 982 10148742  2 353564073 1047116 2.6 24 9 1 2 47% 337482 1454 55%
c u 208865.26 417 14 982 10148742  2 353564073 1042775 2.6 24 9 1 2 47% 337482 1454 55%
c v 208874.87 417 14 982 10148742  2 353564073 1039427 2.6 24 9 1 2 47% 337482 1454 55%
c w 208874.90 417 14 982 10148742  2 353564073 1039427 2.6 24 9 1 2 47% 337482 1454 55%
c t 208874.91 417 14 982 10148742  2 353564073 1039426 2.6 24 9 1 2 47% 337482 1454 55%
c W 209384.05 417 14 982 10178570  2 354062937 1411976 2.6 24 9 1 2 47% 337482 1454 55%
c - 209612.10 418 14 983 10191672  2 354282476 1060384 2.6 24 9 1 2 47% 337482 1454 55%
c p 209612.42 418 14 983 10191672  2 354282476 1060525 2.6 24 9 1 2 47% 337482 1454 55%
c u 209618.85 418 14 983 10191672  2 354282476 1056337 2.6 24 9 1 2 47% 337482 1454 55%
c v 209628.85 418 14 983 10191672  2 354282476 1053125 2.6 24 9 1 2 47% 337482 1454 55%
c t 209628.87 418 14 983 10191672  2 354282476 1053124 2.6 24 9 1 2 47% 337482 1454 55%
c } 209874.75 418 14 983 10209493  2 354584720 1277615 2.6 24 9 1 2 47% 337482 1454 55%
c [ 209874.75 418 28 983 10209493  1 354584720 1277615 2.4 40 17 1 2 48% 337482 1454 55%
c W 210108.34 418 28 983 10209557  1 354904941 1551640 2.2 38 17 1 2 49% 337482 1454 55%
c - 210177.00 419 33 984 10209588  1 355001609 1073790 2.3 42 19 1 2 50% 337482 1454 55%
c p 210177.30 419 33 984 10209588  1 355001609 1073920 2.3 42 19 1 2 50% 337482 1454 55%
c u 210183.33 419 33 984 10209588  1 355001609 1069555 2.3 42 19 1 2 50% 337482 1454 55%
c v 210198.19 419 33 984 10209588  1 355001609 1067362 2.3 42 19 1 2 50% 337482 1454 55%
c w 210198.21 419 33 984 10209588  1 355001609 1067361 2.3 42 19 1 2 50% 337482 1454 55%
c t 210198.22 419 33 984 10209588  1 355001609 1067359 2.3 42 19 1 2 50% 337482 1454 55%
c 
c    seconds      reductions         conflicts            size   tier2       variables
c              MB        restarts             redundant      glue   trail         remaining
c               level            rate               size/glue  tier1  irredundant
c 
c - 210714.95 418 37 985 10209749  1 355721471 1066248 2.2 47 21 1 2 48% 337482 1454 55%
c p 210715.27 418 37 985 10209749  1 355721471 1066382 2.2 47 21 1 2 48% 337482 1454 55%
c u 210722.60 418 37 985 10209749  1 355721471 1062259 2.2 47 21 1 2 48% 337482 1454 55%
c v 210736.87 418 37 985 10209749  1 355721471 1060184 2.2 47 21 1 2 48% 337482 1454 55%
c w 210736.95 418 37 985 10209749  1 355721471 1060184 2.2 47 21 1 2 48% 337482 1454 55%
c s 210737.75 419 37 985 10209749  1 355721471 1056450 2.2 47 21 1 2 48% 337482 1454 55%
c s 210738.66 419 37 985 10209749  1 355721471 1053716 2.2 47 21 1 2 48% 337482 1454 55%
c O 210755.53 419 38 985 10209749  1 355747942 1077365 2.2 47 21 1 2 48% 337482 1454 55%
c - 211272.99 418 34 986 10209876  1 356442068 1052076 2.2 44 20 1 2 46% 337482 1454 55%
c p 211273.27 418 34 986 10209876  1 356442068 1052215 2.2 44 20 1 2 46% 337482 1454 55%
c u 211280.13 418 34 986 10209876  1 356442068 1048172 2.2 44 20 1 2 46% 337482 1454 55%
c v 211290.33 418 34 986 10209876  1 356442068 1044409 2.2 44 20 1 2 46% 337482 1454 55%
c w 211290.36 418 34 986 10209876  1 356442068 1044409 2.2 44 20 1 2 46% 337482 1454 55%
c B 211380.73 418 37 986 10209908  1 356591947 1177728 2.2 45 20 1 2 47% 337482 1454 55%
c ] 211573.19 418 32 986 10210002  1 356877430 1410871 2.0 41 20 1 2 41% 337482 1454 55%
c { 211573.19 418 14 986 10210002  2 356877430 1410871 2.6 24 9 1 2 47% 337482 1454 55%
c - 211924.91 419 14 987 10226675  2 357163391 1054919 2.5 23 9 1 2 47% 337482 1454 55%
c p 211925.18 419 14 987 10226675  2 357163391 1055071 2.5 23 9 1 2 47% 337482 1454 55%
c u 211931.26 419 14 987 10226675  2 357163391 1051182 2.5 23 9 1 2 47% 337482 1454 55%
c v 211940.78 419 14 987 10226675  2 357163391 1047216 2.5 23 9 1 2 47% 337482 1454 55%
c 
c    seconds      reductions         conflicts            size  tier2       variables
c              MB        restarts             redundant      glue  trail         remaining
c               level            rate               size/glue tier1  irredundant
c 
c w 211940.79 419 14 987 10226675  2 357163391 1047216 2.5 23 9 1 2 47% 337482 1454 55%
c t 211940.81 419 14 987 10226675  2 357163391 1047209 2.5 23 9 1 2 47% 337482 1454 55%
c F 212168.76 419 13 987 10242600  2 357436948 1248630 2.6 23 9 1 2 47% 337482 1454 55%
c i 212226.60 419 13 987 10246251  2 357499584 1294217 2.6 23 9 1 2 47% 337482 1453 55%
c - 212613.06 419 13 988 10269898  2 357885442 1062485 2.6 23 9 1 2 47% 336582 1453 55%
c p 212613.36 419 13 988 10269898  2 357885442 1062617 2.6 23 9 1 2 47% 336582 1453 55%
c u 212619.86 419 13 988 10269898  2 357885442 1058253 2.6 23 9 1 2 47% 336582 1453 55%
c v 212629.36 419 13 988 10269898  2 357885442 1054376 2.6 23 9 1 2 47% 336582 1453 55%
c w 212629.38 419 13 988 10269898  2 357885442 1054376 2.6 23 9 1 2 47% 336582 1453 55%
c t 212629.40 419 13 988 10269898  2 357885442 1054374 2.6 23 9 1 2 47% 336582 1453 55%
c B 212968.50 419 14 988 10293843  2 358282952 1344485 2.6 23 9 1 2 47% 336582 1453 55%
c - 213299.32 420 13 989 10313075  2 358607674 1075310 2.6 24 9 1 2 47% 336582 1453 55%
c p 213299.62 420 13 989 10313075  2 358607674 1075441 2.6 24 9 1 2 47% 336582 1453 55%
c u 213306.34 420 13 989 10313075  2 358607674 1071144 2.6 24 9 1 2 47% 336582 1453 55%
c v 213316.16 420 13 989 10313075  2 358607674 1067565 2.6 24 9 1 2 47% 336582 1453 55%
c w 213316.16 420 13 989 10313075  2 358607674 1067565 2.6 24 9 1 2 47% 336582 1453 55%
c t 213316.18 420 13 989 10313075  2 358607674 1067562 2.6 24 9 1 2 47% 336582 1453 55%
c s 213333.25 432 14 989 10314448  2 358629168 1081459 2.6 24 9 1 2 47% 336582 1453 55%
c s 213334.28 432 14 989 10314448  2 358629168 1079436 2.6 24 9 1 2 47% 336582 1453 55%
c } 213549.82 432 13 989 10329387  2 358886995 1267511 2.6 23 9 1 2 47% 336582 1453 55%
c 
c    seconds      reductions         conflicts            size   tier2       variables
c              MB        restarts             redundant      glue   trail         remaining
c               level            rate               size/glue  tier1  irredundant
c 
c [ 213549.82 432 32 989 10329387  1 358886995 1267511 2.0 41 20 1 2 41% 336582 1453 55%
c W 213813.89 432 38 989 10329391  1 359129954 1486502 2.3 48 21 1 2 50% 336582 1453 55%
c - 214016.19 434 37 990 10329455  1 359330634 1090674 2.1 44 21 1 2 47% 336582 1453 55%
c p 214016.47 434 37 990 10329455  1 359330634 1090804 2.1 44 21 1 2 47% 336582 1453 55%
c u 214022.36 434 37 990 10329455  1 359330634 1086769 2.1 44 21 1 2 47% 336582 1453 55%
c v 214035.47 434 37 990 10329455  1 359330634 1084836 2.1 44 21 1 2 47% 336582 1453 55%
c w 214035.50 434 37 990 10329455  1 359330634 1084836 2.1 44 21 1 2 47% 336582 1453 55%
c t 214035.52 434 37 990 10329455  1 359330634 1084833 2.1 44 21 1 2 47% 336582 1453 55%
c I 214497.39 434 29 990 10329643  1 359977956 1645766 2.3 40 17 1 2 45% 336582 1453 55%
c - 214566.57 434 28 991 10329644  1 360054324 1095746 2.4 41 17 1 2 44% 336582 1453 55%
c p 214566.91 434 28 991 10329644  1 360054324 1095900 2.4 41 17 1 2 44% 336582 1453 55%
c u 214573.95 434 28 991 10329644  1 360054324 1091683 2.4 41 17 1 2 44% 336582 1453 55%
c v 214586.44 434 28 991 10329644  1 360054324 1089294 2.4 41 17 1 2 44% 336582 1453 55%
c w 214586.46 434 28 991 10329644  1 360054324 1089294 2.4 41 17 1 2 44% 336582 1453 55%
c t 214586.48 434 28 991 10329644  1 360054324 1089237 2.4 41 17 1 2 44% 336582 1453 55%
c - 215097.05 434 36 992 10329647  1 360778740 1091939 2.4 47 20 1 2 45% 336582 1453 55%
c p 215097.34 434 36 992 10329647  1 360778740 1092087 2.4 47 20 1 2 45% 336582 1453 55%
c u 215104.18 434 36 992 10329647  1 360778740 1088111 2.4 47 20 1 2 45% 336586 1453 55%
c v 215114.53 434 36 992 10329647  1 360778740 1084920 2.4 47 20 1 2 45% 336586 1453 55%
c w 215114.55 434 36 992 10329647  1 360778740 1084920 2.4 47 20 1 2 45% 336586 1453 55%
c 
c    seconds      reductions         conflicts            size   tier2       variables
c              MB        restarts             redundant      glue   trail         remaining
c               level            rate               size/glue  tier1  irredundant
c 
c t 215114.57 434 36 992 10329647  1 360778740 1084882 2.4 47 20 1 2 45% 336586 1453 55%
c B 215148.96 434 36 992 10329647  1 360826960 1127372 2.3 46 20 1 2 45% 336586 1453 55%
c ] 215341.36 434 34 992 10329648  1 361095875 1362925 2.3 47 20 1 2 46% 336586 1453 55%
c { 215341.36 434 13 992 10329648  2 361095875 1362925 2.6 23 9 1 2 47% 336586 1453 55%
c - 215793.67 434 13 993 10354105  2 361503885 1089713 2.5 23 9 1 2 47% 336586 1453 55%
c p 215793.95 434 13 993 10354105  2 361503885 1089857 2.5 23 9 1 2 47% 336586 1453 55%
c u 215800.51 434 13 993 10354105  2 361503885 1085981 2.5 23 9 1 2 47% 336586 1453 55%
c v 215810.26 434 13 993 10354105  2 361503885 1082373 2.5 23 9 1 2 47% 336586 1453 55%
c t 215810.27 434 13 993 10354105  2 361503885 1082336 2.5 23 9 1 2 47% 336586 1453 55%
c s 215850.48 380 13 993 10356662  2 361551519 1115408 2.6 23 9 1 2 48% 336586 1453 55%
c s 215852.03 423 13 993 10356662  2 361551519 1114956 2.6 23 9 1 2 48% 336586 1453 55%
c W 216020.91 423 13 993 10363731  2 361676961 1205595 2.6 23 9 1 2 48% 336586 1453 55%
c i 216047.67 423 13 993 10365302  2 361709184 1228623 2.6 23 9 1 2 48% 336586 1452 55%
c i 216528.02 423 13 993 10395549  2 362212361 1587983 2.5 22 9 1 2 48% 336586 1451 55%
c - 216548.03 422 13 994 10396791  2 362229761 1067612 2.5 22 9 1 2 48% 334572 1451 55%
c p 216548.32 422 13 994 10396791  2 362229761 1067753 2.5 22 9 1 2 48% 334572 1451 55%
c u 216554.77 422 13 994 10396791  2 362229761 1063625 2.5 22 9 1 2 48% 334572 1451 55%
c v 216563.48 422 13 994 10396791  2 362229761 1059478 2.5 22 9 1 2 48% 334572 1451 55%
c w 216563.50 422 13 994 10396791  2 362229761 1059477 2.5 22 9 1 2 48% 334572 1451 55%
c x 216564.20 422 13 994 10396791  2 362229761 1059472 2.5 22 9 1 2 48% 334564 1451 55%
c 
c    seconds      reductions         conflicts            size  tier2       variables
c              MB        restarts             redundant      glue  trail         remaining
c               level            rate               size/glue tier1  irredundant
c 
c t 216564.22 422 13 994 10396791  2 362229761 1059451 2.5 22 9 1 2 48% 334561 1451 55%
c i 216711.40 422 13 994 10407752  2 362412182 1188167 2.6 22 9 1 2 48% 334561 1450 55%
c # 216812.78 422 13 994 10414991  2 362527963 1270350 2.6 22 9 1 2 48% 334561 1450 55%
c - 217229.42 422 13 995 10441311  2 362955127 1067717 2.6 23 9 1 2 48% 333613 1450 55%
c p 217229.71 422 13 995 10441311  2 362955127 1067857 2.6 23 9 1 2 48% 333613 1450 55%
c u 217236.58 422 13 995 10441311  2 362955127 1063797 2.6 23 9 1 2 48% 333613 1450 55%
c v 217246.13 422 13 995 10441311  2 362955127 1060502 2.6 23 9 1 2 48% 333613 1450 55%
c t 217246.15 422 13 995 10441311  2 362955127 1060499 2.6 23 9 1 2 48% 333613 1450 55%
c } 217368.92 422 13 995 10450249  2 363103709 1167017 2.6 23 9 1 2 48% 333613 1450 55%
c [ 217368.92 422 34 995 10450249  1 363103709 1167017 2.3 47 20 1 2 46% 333613 1450 55%
c W 217610.89 422 35 995 10450249  1 363379966 1406140 2.1 41 20 1 2 47% 333613 1450 55%
c - 217837.81 424 37 996 10450249  1 363680623 1089623 2.3 45 20 1 2 51% 333613 1450 55%
c p 217838.09 424 37 996 10450249  1 363680623 1089801 2.3 45 20 1 2 51% 333613 1450 55%
c u 217844.40 424 37 996 10450249  1 363680623 1085814 2.3 45 20 1 2 51% 333613 1450 55%
c v 217851.97 424 37 996 10450249  1 363680623 1082373 2.3 45 20 1 2 51% 333613 1450 55%
c w 217852.01 424 37 996 10450249  1 363680623 1082372 2.3 45 20 1 2 51% 333613 1450 55%
c t 217852.03 424 37 996 10450249  1 363680623 1082333 2.3 45 20 1 2 51% 333613 1450 55%
c i 218206.31 424 28 996 10450250  1 364176354 1503864 2.1 38 18 1 2 42% 333613 1448 55%
c O 218247.05 424 28 996 10450250  1 364232967 1551899 2.2 39 17 1 2 41% 333613 1448 55%
c i 218271.96 424 26 996 10450250  1 364263908 1578463 2.3 38 16 1 2 44% 333613 1447 55%
c 
c    seconds      reductions         conflicts           size   tier2       variables
c              MB        restarts            redundant      glue   trail         remaining
c               level            rate              size/glue  tier1  irredundant
c 
c - 218376.59 414 38 997 10450250  1 364406844 947737 2.4 48 20 1 2 51% 329227 1447 55%
c 2 218376.60 414 38 997 10450250  1 364406844 947716 2.4 48 20 1 2 51% 329227 1447 55%
c d 218376.69 414 38 997 10450250  1 364406844 940669 2.4 48 20 1 2 51% 329191 1440 55%
c p 218376.97 414 38 997 10450250  1 364406844 940841 2.4 48 20 1 2 51% 329191 1439 55%
c 2 218376.99 414 38 997 10450250  1 364406844 940809 2.4 48 20 1 2 51% 329191 1439 55%
c u 218382.79 414 38 997 10450250  1 364406844 936772 2.4 48 20 1 2 51% 329191 1439 55%
c w 218382.84 414 38 997 10450250  1 364406844 936770 2.4 48 20 1 2 51% 329191 1439 55%
c t 218382.85 414 38 997 10450250  1 364406844 936732 2.4 48 20 1 2 51% 329191 1439 55%
c s 218424.76 414 38 997 10450250  1 364489587 1010343 2.4 47 19 1 2 50% 329191 1439 55%
c t 218424.84 414 38 997 10450250  1 364489587 1010329 2.4 47 19 1 2 50% 329191 1439 55%
c e 218424.90 414 38 997 10450250  1 364489587 1010329 2.4 47 19 1 2 50% 328262 1434 55%
c s 218426.38 414 38 997 10450250  1 364489587 1009495 2.4 47 19 1 2 50% 328246 1434 55%
c i 218807.95 414 28 997 10450250  1 365064202 1514551 2.5 39 15 1 2 51% 328246 1423 54%
c B 218826.59 414 28 997 10450250  1 365086969 1534168 2.5 38 16 1 2 49% 328246 1423 54%
c - 218859.75 402 29 998 10450250  1 365131048 765088 2.4 39 16 1 2 48% 312380 1423 54%
c 2 218859.75 402 29 998 10450250  1 365131048 764831 2.4 39 16 1 2 48% 312378 1423 54%
c d 218859.83 402 29 998 10450250  1 365131048 751850 2.4 39 16 1 2 48% 312304 1420 54%
c p 218860.04 402 29 998 10450250  1 365131048 752172 2.4 39 16 1 2 48% 312304 1420 54%
c 2 218860.05 402 29 998 10450250  1 365131048 752077 2.4 39 16 1 2 48% 312304 1420 54%
c u 218863.43 402 29 998 10450250  1 365131048 748068 2.4 39 16 1 2 48% 312304 1420 54%
c 
c    seconds      reductions         conflicts           size   tier2       variables
c              MB        restarts            redundant      glue   trail         remaining
c               level            rate              size/glue  tier1  irredundant
c 
c v 218863.43 402 29 998 10450250  1 365131048 748068 2.4 39 16 1 2 48% 312304 1420 54%
c w 218863.46 402 29 998 10450250  1 365131048 748068 2.4 39 16 1 2 48% 312304 1420 54%
c t 218863.47 402 29 998 10450250  1 365131048 747980 2.4 39 16 1 2 48% 312304 1420 54%
c i 218871.51 402 28 998 10450250  1 365151178 764998 2.4 38 15 1 2 48% 312304 1419 54%
c i 218928.04 402 28 998 10450250  1 365263333 863725 2.5 38 15 1 2 49% 312304 1401 53%
c i 218928.31 402 28 998 10450250  1 365263628 863991 2.5 38 15 1 2 49% 312304 1400 53%
c i 218933.22 402 27 998 10450250  1 365272130 871321 2.5 38 15 1 2 49% 312304 1295 49%
c i 218933.48 350 27 998 10450250  1 365272175 325389 2.5 38 15 1 2 36% 220563 1293 49%
c i 218933.48 350 27 998 10450250  1 365272178 325391 2.5 38 15 1 2 35% 220563 1241 47%
c ] 218933.48 350 27 998 10450250  1 365272184 325394 2.5 38 15 1 2 34% 220563 847 32%
c 0 218933.48 350 27 998 10450250  1 365272184 325394 2.5 38 15 1 2 34% 220563 847 32%
c 
c --- [ result ] -------------------------------------------------------------
c 
s UNSATISFIABLE
c 
c --- [ run-time profiling ] -------------------------------------------------
c 
c process time taken by individual solving procedures
c (percentage relative to process time for solving)
c 
c    212785.47   97.19% search
c    113066.40   51.64% unstable
c     93030.20   42.49% stable
c      6688.85    3.06% walk
c      6147.89    2.81% simplify
c      5384.14    2.46% vivify
c       342.24    0.16% subsume
c       214.01    0.10% sweep
c       121.86    0.06% probe
c        24.63    0.01% ternary
c        15.82    0.01% elim
c         4.58    0.00% congruence
c         0.83    0.00% backbone
c         0.19    0.00% preprocess
c         0.10    0.00% parse
c         0.03    0.00% fastelim
c         0.00    0.00% lucky
c   =================================
c    218933.38  100.00% solve
c 
c last line shows process time for solving
c (percentage relative to total process time)
c 
c --- [ statistics ] ---------------------------------------------------------
c 
c chronological:          80304149        21.98 %  of conflicts
c conflicts:             365272184      1668.42    per second
c backbone:               13817272    525571.40 %  of vars
c decisions:             660241572      3015.72    per second
c eliminated:                 1090        41.46 %  of all variables
c fixed:                       611        23.24 %  of all variables
c learned:               357529747        97.88 %  per conflict
c learned_lits:        24768090950       100.00 %  learned literals
c minimized:                     0         0.00 %  learned literals
c shrunken:             6276980373        25.34 %  learned literals
c minishrunken:         5057832502        20.42 %  learned literals
c otfs:                     732042         0.20 %  of conflict
c propagations:        51194542388         0.23 M  per second
c reduced:               299171974        81.90 %  per conflict
c rephased:                    854    427719.19    interval
c restarts:               10450250        34.95    interval
c stabilizing:                 166        54.53 %  of conflicts
c substituted:                  81         3.08 %  of all variables
c sweep equivs:                 41         0.34 %  of swept variables
c subsumed:               50792072        14.14 %  of all clauses
c strengthened:            2972087         0.83 %  of all clauses
c ticks:             6179039680499       124.09    propagation
c vivified:                1163472         0.32 %  of all clauses
c walked:                      283   1290714.43    interval
c weakened:                   4862         2.92    average size
c congruence:                   45   8117159.64    interval
c 
c seconds are measured in process time for solving
c 
c --- [ glue usage ] ---------------------------------------------------------
c 
c focused glue 1 used 2161471100 clauses 85.64% accumulated 85.64% tier1
c focused glue 2 used 153302066 clauses 6.074% accumulated 91.72% tier2
c 
c stable glue 1 used 2071092499 clauses 66.51% accumulated 66.51% tier1
c stable glue 2 used 287956774 clauses 9.247% accumulated 75.76% tier2
c 
c 
c --- [ resources ] ----------------------------------------------------------
c 
c total process time since initialization:    218933.48    seconds
c total real time since initialization:       223269.09    seconds
c maximum resident set size of process:          611.39    MB
c 
c --- [ shutting down ] ------------------------------------------------------
c 
c exit 20
cadical exit: 20
