solid OpenSCAD_Model
  facet normal 0.129864 0.51963 -0.844464
    outer loop
      vertex 1.26028 -3.98723 -6.00377
      vertex 1.02553 -3.60994 -5.80771
      vertex 1.31962 -4.00206 -6.00377
    endloop
  endfacet
  facet normal -0.436566 0.872791 0.21828
    outer loop
      vertex 1.31962 -2.00206 -2.00377
      vertex 1.00694 -2.00206 -2.62914
      vertex 1.24597 -2.02048 -2.07742
    endloop
  endfacet
  facet normal 0.66667 0.666665 -0.33333
    outer loop
      vertex 2.31962 -4.00206 -4.00377
      vertex 1.00694 -2.00206 -2.62914
      vertex 1.31962 -2.00206 -2.00377
    endloop
  endfacet
  facet normal 0.666663 0.666667 -0.33334
    outer loop
      vertex 1.00694 -2.00206 -2.62914
      vertex 2.31962 -4.00206 -4.00377
      vertex 1.7482 -3.48459 -4.11166
    endloop
  endfacet
  facet normal 0.666667 0.666651 -0.333364
    outer loop
      vertex 1.76212 -3.51327 -4.1412
      vertex 2.31962 -4.00206 -4.00377
      vertex 1.71617 -3.5193 -4.24515
    endloop
  endfacet
  facet normal 0.666687 0.666732 -0.333161
    outer loop
      vertex 1.7482 -3.48459 -4.11166
      vertex 2.31962 -4.00206 -4.00377
      vertex 1.76212 -3.51327 -4.1412
    endloop
  endfacet
  facet normal -0.557125 0.742786 0.371324
    outer loop
      vertex 1.26936 -2.02588 -2.03153
      vertex -0.680376 -4.00206 -1.00377
      vertex 1.31962 -2.00206 -2.00377
    endloop
  endfacet
  facet normal -0.557105 0.742784 0.371357
    outer loop
      vertex -0.680376 -4.00206 -1.00377
      vertex 1.26936 -2.02588 -2.03153
      vertex -0.698006 -3.99325 -1.04784
    endloop
  endfacet
  facet normal -0.557136 0.742753 0.371372
    outer loop
      vertex 1.26936 -2.02588 -2.03153
      vertex 1.31962 -2.00206 -2.00377
      vertex 1.24597 -2.02048 -2.07742
    endloop
  endfacet
  facet normal 0.666667 -0.333333 0.666666
    outer loop
      vertex 1.31962 -2.00206 -2.00377
      vertex -0.680376 -4.00206 -1.00377
      vertex 2.31962 -4.00206 -4.00377
    endloop
  endfacet
  facet normal 0.816497 -0.408248 -0.408248
    outer loop
      vertex 1.31962 -6.00206 -4.00377
      vertex 1.31962 -4.00206 -6.00377
      vertex 2.31962 -4.00206 -4.00377
    endloop
  endfacet
  facet normal 0.816497 -0.408247 -0.408247
    outer loop
      vertex 1.31962 -4.00206 -6.00377
      vertex 1.31962 -6.00206 -4.00377
      vertex 0.319623 -6.00206 -6.00377
    endloop
  endfacet
  facet normal -0.700385 -0.699934 0.139833
    outer loop
      vertex 0.300474 -5.97256 -5.95202
      vertex 0.319623 -6.00206 -6.00377
      vertex 0.306325 -5.97547 -5.93728
    endloop
  endfacet
  facet normal -0.700071 -0.700195 0.140098
    outer loop
      vertex 0.319623 -6.00206 -6.00377
      vertex 0.300474 -5.97256 -5.95202
      vertex 0.279826 -5.96227 -6.00377
    endloop
  endfacet
  facet normal -0.699791 -0.700513 0.139909
    outer loop
      vertex -0.692646 -4.00039 -1.05678
      vertex -0.680376 -4.00206 -1.00377
      vertex -0.698006 -3.99325 -1.04784
    endloop
  endfacet
  facet normal -0.700208 -0.700073 0.140019
    outer loop
      vertex -0.680376 -4.00206 -1.00377
      vertex -0.692646 -4.00039 -1.05678
      vertex -0.658339 -4.04614 -1.11396
    endloop
  endfacet
  facet normal 0 0 -1
    outer loop
      vertex 0.279826 -5.96227 -6.00377
      vertex 1.31962 -4.00206 -6.00377
      vertex 0.319623 -6.00206 -6.00377
    endloop
  endfacet
  facet normal -0 0 -1
    outer loop
      vertex 1.31962 -4.00206 -6.00377
      vertex 0.279826 -5.96227 -6.00377
      vertex 1.26478 -3.99236 -6.00377
    endloop
  endfacet
  facet normal 0 0 -1
    outer loop
      vertex 1.31962 -4.00206 -6.00377
      vertex 1.26478 -3.99236 -6.00377
      vertex 1.26028 -3.98723 -6.00377
    endloop
  endfacet
  facet normal -0.481481 -0.842721 0.240827
    outer loop
      vertex -0.658339 -4.04614 -1.11396
      vertex 1.31962 -6.00206 -4.00377
      vertex -0.680376 -4.00206 -1.00377
    endloop
  endfacet
  facet normal -0.481524 -0.842707 0.240789
    outer loop
      vertex 1.26971 -5.97419 -4.00604
      vertex 1.31962 -6.00206 -4.00377
      vertex -0.658339 -4.04614 -1.11396
    endloop
  endfacet
  facet normal -0.481526 -0.842713 0.240763
    outer loop
      vertex 0.610616 -5.97508 -5.32734
      vertex 1.31962 -6.00206 -4.00377
      vertex 1.26971 -5.97419 -4.00604
    endloop
  endfacet
  facet normal -0.481463 -0.842758 0.240734
    outer loop
      vertex 0.319623 -6.00206 -6.00377
      vertex 0.610616 -5.97508 -5.32734
      vertex 0.306325 -5.97547 -5.93728
    endloop
  endfacet
  facet normal -0.4815 -0.842732 0.240749
    outer loop
      vertex 0.610616 -5.97508 -5.32734
      vertex 0.319623 -6.00206 -6.00377
      vertex 1.31962 -6.00206 -4.00377
    endloop
  endfacet
  facet normal 0.666667 -0.333334 0.666666
    outer loop
      vertex 2.31962 -4.00206 -4.00377
      vertex -0.680376 -4.00206 -1.00377
      vertex 1.31962 -6.00206 -4.00377
    endloop
  endfacet
  facet normal 0.666667 0.666667 -0.333333
    outer loop
      vertex 2.31962 -4.00206 -4.00377
      vertex 1.02553 -3.60994 -5.80771
      vertex 1.71617 -3.5193 -4.24515
    endloop
  endfacet
  facet normal 0.666667 0.666667 -0.333333
    outer loop
      vertex 1.02553 -3.60994 -5.80771
      vertex 2.31962 -4.00206 -4.00377
      vertex 1.31962 -4.00206 -6.00377
    endloop
  endfacet
  facet normal -0.348151 -0.348191 -0.870376
    outer loop
      vertex -0.806487 -8.18817 -5.99655
      vertex -3.25463 -8.18817 -5.01729
      vertex -0.850082 -8.14458 -5.99655
    endloop
  endfacet
  facet normal 0.816497 -0.408248 -0.408248
    outer loop
      vertex 0.193512 -8.18817 -3.99655
      vertex -0.806487 -8.18817 -5.99655
      vertex 1.19351 -6.18817 -3.99655
    endloop
  endfacet
  facet normal -0.816506 0.408254 0.408224
    outer loop
      vertex -1.82317 -6.17984 -1.03824
      vertex -0.806487 -4.18817 -0.996548
      vertex -0.817777 -4.18253 -1.02477
    endloop
  endfacet
  facet normal -0.816503 0.408253 0.408232
    outer loop
      vertex -0.806487 -4.18817 -0.996548
      vertex -1.82317 -6.17984 -1.03824
      vertex -1.80649 -6.18817 -0.996548
    endloop
  endfacet
  facet normal 0.62754 0.772562 -0.0966507
    outer loop
      vertex -0.806487 -4.18817 -0.996548
      vertex -0.774106 -4.22611 -1.08957
      vertex -0.817777 -4.18253 -1.02477
    endloop
  endfacet
  facet normal 0.627602 0.772516 -0.0966103
    outer loop
      vertex -0.806487 -4.18817 -0.996548
      vertex 1.09805 -6.09827 -3.89781
      vertex -0.774106 -4.22611 -1.08957
    endloop
  endfacet
  facet normal 0.627581 0.772531 -0.0966333
    outer loop
      vertex 1.19351 -6.18817 -3.99655
      vertex 1.09805 -6.09827 -3.89781
      vertex -0.806487 -4.18817 -0.996548
    endloop
  endfacet
  facet normal 0.627603 0.772517 -0.0965997
    outer loop
      vertex 1.19351 -6.18817 -3.99655
      vertex 1.16919 -6.16952 -4.00541
      vertex 1.09805 -6.09827 -3.89781
    endloop
  endfacet
  facet normal 0.627614 0.772501 -0.0966631
    outer loop
      vertex 1.16919 -6.16952 -4.00541
      vertex 1.19351 -6.18817 -3.99655
      vertex 1.16756 -6.16871 -4.00952
    endloop
  endfacet
  facet normal -0.930217 -0.0333779 0.365489
    outer loop
      vertex -1.82317 -6.17984 -1.03824
      vertex -1.82738 -6.21603 -1.05226
      vertex -1.80649 -6.18817 -0.996548
    endloop
  endfacet
  facet normal 0.66659 0.666762 -0.333295
    outer loop
      vertex 0.193512 -6.18817 -5.99655
      vertex 1.16756 -6.16871 -4.00952
      vertex 1.19351 -6.18817 -3.99655
    endloop
  endfacet
  facet normal 0.666684 0.666646 -0.333339
    outer loop
      vertex 1.16756 -6.16871 -4.00952
      vertex 0.193512 -6.18817 -5.99655
      vertex 0.178243 -6.17059 -5.99193
    endloop
  endfacet
  facet normal 0.666292 0.666557 -0.3343
    outer loop
      vertex 0.178243 -6.17059 -5.99193
      vertex 0.193512 -6.18817 -5.99655
      vertex 0.175935 -6.1706 -5.99655
    endloop
  endfacet
  facet normal 0.666666 -0.333334 0.666667
    outer loop
      vertex -1.80649 -6.18817 -0.996548
      vertex -1.80649 -8.18817 -1.99655
      vertex -0.806487 -4.18817 -0.996548
    endloop
  endfacet
  facet normal -0.872872 -0.218218 0.436436
    outer loop
      vertex -1.80649 -8.18817 -1.99655
      vertex -1.82738 -6.21603 -1.05226
      vertex -1.82844 -8.14465 -2.01869
    endloop
  endfacet
  facet normal -0.872881 -0.21821 0.43642
    outer loop
      vertex -1.82738 -6.21603 -1.05226
      vertex -1.80649 -8.18817 -1.99655
      vertex -1.80649 -6.18817 -0.996548
    endloop
  endfacet
  facet normal -0.872872 -0.218218 0.436436
    outer loop
      vertex -1.82845 -8.14469 -2.01873
      vertex -1.80649 -8.18817 -1.99655
      vertex -1.82844 -8.14465 -2.01869
    endloop
  endfacet
  facet normal -0.87289 -0.218257 0.436379
    outer loop
      vertex -1.80649 -8.18817 -1.99655
      vertex -1.82845 -8.14469 -2.01873
      vertex -1.83932 -8.18817 -2.06222
    endloop
  endfacet
  facet normal 0.666667 -0.333334 0.666666
    outer loop
      vertex -0.806487 -4.18817 -0.996548
      vertex -1.80649 -8.18817 -1.99655
      vertex 1.19351 -6.18817 -3.99655
    endloop
  endfacet
  facet normal 0.816497 -0.408248 -0.408248
    outer loop
      vertex 1.19351 -6.18817 -3.99655
      vertex -0.806487 -8.18817 -5.99655
      vertex 0.193512 -6.18817 -5.99655
    endloop
  endfacet
  facet normal 0 0 -1
    outer loop
      vertex -0.838811 -8.13264 -5.99655
      vertex 0.193512 -6.18817 -5.99655
      vertex -0.806487 -8.18817 -5.99655
    endloop
  endfacet
  facet normal -0 0 -1
    outer loop
      vertex 0.193512 -6.18817 -5.99655
      vertex -0.838811 -8.13264 -5.99655
      vertex 0.175935 -6.1706 -5.99655
    endloop
  endfacet
  facet normal 0 0 -1
    outer loop
      vertex -0.806487 -8.18817 -5.99655
      vertex -0.846324 -8.14357 -5.99655
      vertex -0.838811 -8.13264 -5.99655
    endloop
  endfacet
  facet normal 0 0 -1
    outer loop
      vertex -0.806487 -8.18817 -5.99655
      vertex -0.846992 -8.14454 -5.99655
      vertex -0.846324 -8.14357 -5.99655
    endloop
  endfacet
  facet normal 0 -0 -1
    outer loop
      vertex -0.846992 -8.14454 -5.99655
      vertex -0.806487 -8.18817 -5.99655
      vertex -0.850082 -8.14458 -5.99655
    endloop
  endfacet
  facet normal 0.666667 -0.333333 0.666667
    outer loop
      vertex 1.19351 -6.18817 -3.99655
      vertex -1.80649 -8.18817 -1.99655
      vertex 0.193512 -8.18817 -3.99655
    endloop
  endfacet
  facet normal 0 -1 0
    outer loop
      vertex -1.78314 -8.18817 -2.1184
      vertex -1.80649 -8.18817 -1.99655
      vertex -1.83932 -8.18817 -2.06222
    endloop
  endfacet
  facet normal 0 -1 0
    outer loop
      vertex -1.78314 -8.18817 -2.1184
      vertex 0.193512 -8.18817 -3.99655
      vertex -1.80649 -8.18817 -1.99655
    endloop
  endfacet
  facet normal 0 -1 0
    outer loop
      vertex -1.90254 -8.18817 -2.35721
      vertex 0.193512 -8.18817 -3.99655
      vertex -1.78314 -8.18817 -2.1184
    endloop
  endfacet
  facet normal 0 -1 0
    outer loop
      vertex -3.20844 -8.18817 -4.969
      vertex 0.193512 -8.18817 -3.99655
      vertex -1.90254 -8.18817 -2.35721
    endloop
  endfacet
  facet normal 0 -1 0
    outer loop
      vertex -0.806487 -8.18817 -5.99655
      vertex -3.20844 -8.18817 -4.969
      vertex -3.25463 -8.18817 -5.01729
    endloop
  endfacet
  facet normal 0 -1 0
    outer loop
      vertex -3.20844 -8.18817 -4.969
      vertex -0.806487 -8.18817 -5.99655
      vertex 0.193512 -8.18817 -3.99655
    endloop
  endfacet
  facet normal 0.742766 0.557071 -0.371442
    outer loop
      vertex -1.82149 0.199326 -4.86405
      vertex -1.43612 -0.253907 -4.77317
      vertex -1.52378 -0.197623 -4.86405
    endloop
  endfacet
  facet normal 0.742782 0.557083 -0.371394
    outer loop
      vertex 0.946118 -1.80067 -2.32883
      vertex -1.82149 0.199326 -4.86405
      vertex 1.17851 -1.80067 -1.86405
    endloop
  endfacet
  facet normal 0.742779 0.557095 -0.371382
    outer loop
      vertex -1.82149 0.199326 -4.86405
      vertex 0.946118 -1.80067 -2.32883
      vertex -1.43612 -0.253907 -4.77317
    endloop
  endfacet
  facet normal 0.596407 -0.745236 -0.298198
    outer loop
      vertex 0.954277 -1.8015 -2.31045
      vertex 1.17851 -1.80067 -1.86405
      vertex 1.15648 -1.82271 -1.85303
    endloop
  endfacet
  facet normal 0.598339 -0.743295 -0.299172
    outer loop
      vertex 1.17851 -1.80067 -1.86405
      vertex 0.954277 -1.8015 -2.31045
      vertex 0.946118 -1.80067 -2.32883
    endloop
  endfacet
  facet normal -0.754255 -0.61281 0.235717
    outer loop
      vertex -1.84423 -1.80098 1.06238
      vertex -1.82149 -1.80067 1.13595
      vertex -2.98371 -0.929005 -0.316828
    endloop
  endfacet
  facet normal -0.754325 -0.612716 0.235739
    outer loop
      vertex -1.83224 -1.81017 1.07686
      vertex -1.82149 -1.80067 1.13595
      vertex -1.84423 -1.80098 1.06238
    endloop
  endfacet
  facet normal -0.754219 -0.612846 0.23574
    outer loop
      vertex -1.82149 -1.80067 1.13595
      vertex -1.83224 -1.81017 1.07686
      vertex -1.11148 -3.2207 -0.284071
    endloop
  endfacet
  facet normal 0.666669 -0.333333 0.666665
    outer loop
      vertex 0.178512 0.199326 0.135952
      vertex -0.410743 -2.51997 -0.63444
      vertex 0.86453 -1.24471 -1.27209
    endloop
  endfacet
  facet normal 0.66667 -0.333333 0.666663
    outer loop
      vertex -0.410743 -2.51997 -0.63444
      vertex 0.178512 0.199326 0.135952
      vertex -0.531501 -2.64073 -0.574061
    endloop
  endfacet
  facet normal 0.666646 -0.333356 0.666677
    outer loop
      vertex 0.86453 -1.24471 -1.27209
      vertex 1.17851 -1.80067 -1.86405
      vertex 0.178512 0.199326 0.135952
    endloop
  endfacet
  facet normal 0.666798 -0.333193 0.666605
    outer loop
      vertex 1.17851 -1.80067 -1.86405
      vertex 0.86453 -1.24471 -1.27209
      vertex 1.15648 -1.82271 -1.85303
    endloop
  endfacet
  facet normal -0.565445 0.424135 -0.707377
    outer loop
      vertex -1.84744 0.15956 -4.86715
      vertex -1.82149 0.199326 -4.86405
      vertex -1.83983 0.144288 -4.88239
    endloop
  endfacet
  facet normal -0.566264 0.424597 -0.706443
    outer loop
      vertex -1.84987 0.164372 -4.86231
      vertex -1.82149 0.199326 -4.86405
      vertex -1.84744 0.15956 -4.86715
    endloop
  endfacet
  facet normal -0.565676 0.42408 -0.707225
    outer loop
      vertex -1.82149 0.199326 -4.86405
      vertex -1.84987 0.164372 -4.86231
      vertex -1.85835 0.180894 -4.84562
    endloop
  endfacet
  facet normal 0.287128 0.215345 -0.933373
    outer loop
      vertex -1.52378 -0.197623 -4.86405
      vertex -1.83983 0.144288 -4.88239
      vertex -1.82149 0.199326 -4.86405
    endloop
  endfacet
  facet normal 0.666665 -0.333333 0.666668
    outer loop
      vertex -1.82149 -1.80067 1.13595
      vertex -0.531501 -2.64073 -0.574061
      vertex 0.178512 0.199326 0.135952
    endloop
  endfacet
  facet normal 0.666664 -0.333335 0.666669
    outer loop
      vertex -0.531501 -2.64073 -0.574061
      vertex -1.82149 -1.80067 1.13595
      vertex -1.11148 -3.2207 -0.284071
    endloop
  endfacet
  facet normal 0.71247 0.641224 -0.284988
    outer loop
      vertex 1.17851 -1.80067 -1.86405
      vertex -1.82149 0.199326 -4.86405
      vertex 0.178512 0.199326 0.135952
    endloop
  endfacet
  facet normal -0.333333 0.666667 0.666666
    outer loop
      vertex -1.99063 -0.0718167 -0.677476
      vertex -1.82149 -1.80067 1.13595
      vertex 0.178512 0.199326 0.135952
    endloop
  endfacet
  facet normal -0.333334 0.666667 0.666666
    outer loop
      vertex -1.82149 -1.80067 1.13595
      vertex -1.99063 -0.0718167 -0.677476
      vertex -2.98371 -0.929005 -0.316828
    endloop
  endfacet
  facet normal -0.534811 0.801611 -0.267203
    outer loop
      vertex -1.82149 1.19933 -1.86405
      vertex -1.8414 0.288799 -4.5558
      vertex -1.8414 1.17941 -1.88396
    endloop
  endfacet
  facet normal -0.534552 0.801768 -0.267249
    outer loop
      vertex -1.8414 0.288799 -4.5558
      vertex -1.82149 0.199326 -4.86405
      vertex -1.85835 0.180894 -4.84562
    endloop
  endfacet
  facet normal -0.53464 0.801713 -0.267239
    outer loop
      vertex -1.82149 0.199326 -4.86405
      vertex -1.8414 0.288799 -4.5558
      vertex -1.82149 1.19933 -1.86405
    endloop
  endfacet
  facet normal -0.617379 0.771369 -0.154377
    outer loop
      vertex -1.82149 1.19933 -1.86405
      vertex -1.8414 1.17941 -1.88396
      vertex -1.83943 1.18587 -1.85956
    endloop
  endfacet
  facet normal -0.33333 0.66668 0.666654
    outer loop
      vertex 0.178512 0.199326 0.135952
      vertex -1.94549 -0.032856 -0.693868
      vertex -1.99063 -0.0718167 -0.677476
    endloop
  endfacet
  facet normal -0.333334 0.666663 0.666669
    outer loop
      vertex 0.178512 0.199326 0.135952
      vertex -1.10336 0.809298 -1.11495
      vertex -1.94549 -0.032856 -0.693868
    endloop
  endfacet
  facet normal -0.333274 0.666725 0.666638
    outer loop
      vertex -1.82149 1.19933 -1.86405
      vertex -1.10336 0.809298 -1.11495
      vertex 0.178512 0.199326 0.135952
    endloop
  endfacet
  facet normal -0.333334 0.666668 0.666665
    outer loop
      vertex -1.10336 0.809298 -1.11495
      vertex -1.82149 1.19933 -1.86405
      vertex -1.83943 1.18587 -1.85956
    endloop
  endfacet
  facet normal 0.620175 0.744207 -0.24807
    outer loop
      vertex 0.178512 0.199326 0.135952
      vertex -1.82149 0.199326 -4.86405
      vertex -1.82149 1.19933 -1.86405
    endloop
  endfacet
  facet normal -0.267261 -0.265077 0.926448
    outer loop
      vertex 0.210858 -5.9117 -6.19284
      vertex 0.222957 -5.99317 -6.21266
      vertex 0.212499 -5.90951 -6.19174
    endloop
  endfacet
  facet normal -0.26491 -0.264904 0.927172
    outer loop
      vertex 0.222957 -5.99317 -6.21266
      vertex 0.210858 -5.9117 -6.19284
      vertex 0.181128 -5.95134 -6.21266
    endloop
  endfacet
  facet normal 0.816496 -0.408248 -0.408249
    outer loop
      vertex 1.22296 -3.99317 -6.21266
      vertex -0.777042 -5.99317 -8.21266
      vertex 0.222957 -3.99317 -8.21266
    endloop
  endfacet
  facet normal 0 0 -1
    outer loop
      vertex -0.777042 -5.99317 -8.21266
      vertex -1.77704 -1.99317 -8.21266
      vertex 0.222957 -3.99317 -8.21266
    endloop
  endfacet
  facet normal 0 -0 -1
    outer loop
      vertex -1.77704 -1.99317 -8.21266
      vertex -0.777042 -5.99317 -8.21266
      vertex -3.77704 -2.99317 -8.21266
    endloop
  endfacet
  facet normal 0.666663 0.666672 -0.333331
    outer loop
      vertex 0.789798 -3.48807 -6.06877
      vertex 1.22296 -3.99317 -6.21266
      vertex -0.0806465 -3.48807 -7.80966
    endloop
  endfacet
  facet normal 0.666669 0.666673 -0.333317
    outer loop
      vertex 1.22296 -3.99317 -6.21266
      vertex 0.789798 -3.48807 -6.06877
      vertex 0.83926 -3.48158 -5.95686
    endloop
  endfacet
  facet normal 0.666668 0.666665 -0.333334
    outer loop
      vertex -0.0806465 -3.48807 -7.80966
      vertex -1.77704 -1.99317 -8.21266
      vertex -1.57554 -1.99317 -7.80966
    endloop
  endfacet
  facet normal 0.666669 0.666668 -0.333327
    outer loop
      vertex -0.0806465 -3.48807 -7.80966
      vertex 0.222957 -3.99317 -8.21266
      vertex -1.77704 -1.99317 -8.21266
    endloop
  endfacet
  facet normal 0.666664 0.666669 -0.333333
    outer loop
      vertex 0.222957 -3.99317 -8.21266
      vertex -0.0806465 -3.48807 -7.80966
      vertex 1.22296 -3.99317 -6.21266
    endloop
  endfacet
  facet normal -0.666658 -0.666642 0.333401
    outer loop
      vertex 0.181128 -5.95134 -6.21266
      vertex 0.167185 -5.95134 -6.24054
      vertex 0.222957 -5.99317 -6.21266
    endloop
  endfacet
  facet normal -0.666686 -0.666685 0.333258
    outer loop
      vertex -3.75754 -2.99317 -8.17365
      vertex -3.77704 -2.99317 -8.21266
      vertex -3.70098 -3.05022 -8.17463
    endloop
  endfacet
  facet normal -0.666686 -0.666685 0.333258
    outer loop
      vertex -3.77704 -2.99317 -8.21266
      vertex -3.69025 -3.06104 -8.17481
      vertex -3.70098 -3.05022 -8.17463
    endloop
  endfacet
  facet normal -0.666686 -0.666686 0.333255
    outer loop
      vertex -3.77704 -2.99317 -8.21266
      vertex -1.02594 -5.72535 -8.17481
      vertex -3.69025 -3.06104 -8.17481
    endloop
  endfacet
  facet normal -0.666679 -0.666679 0.333284
    outer loop
      vertex -0.777042 -5.99317 -8.21266
      vertex -1.02594 -5.72535 -8.17481
      vertex -3.77704 -2.99317 -8.21266
    endloop
  endfacet
  facet normal -0.666674 -0.666658 0.333337
    outer loop
      vertex -0.777042 -5.99317 -8.21266
      vertex -0.788836 -5.95134 -8.15259
      vertex -0.798961 -5.95134 -8.17284
    endloop
  endfacet
  facet normal -0.666678 -0.666678 0.333286
    outer loop
      vertex -1.02594 -5.72535 -8.17481
      vertex -0.777042 -5.99317 -8.21266
      vertex -0.82215 -5.92914 -8.17481
    endloop
  endfacet
  facet normal -0.666589 -0.666698 0.333425
    outer loop
      vertex -0.777042 -5.99317 -8.21266
      vertex -0.798961 -5.95134 -8.17284
      vertex -0.82215 -5.92914 -8.17481
    endloop
  endfacet
  facet normal -0.666674 -0.666658 0.333337
    outer loop
      vertex -0.788836 -5.95134 -8.15259
      vertex -0.777042 -5.99317 -8.21266
      vertex 0.222957 -5.99317 -6.21266
    endloop
  endfacet
  facet normal -0.666652 -0.666685 0.333325
    outer loop
      vertex -0.788836 -5.95134 -8.15259
      vertex 0.222957 -5.99317 -6.21266
      vertex 0.167185 -5.95134 -6.24054
    endloop
  endfacet
  facet normal 0.365248 -0.182492 0.912848
    outer loop
      vertex 1.22296 -3.99317 -6.21266
      vertex 0.83926 -3.48158 -5.95686
      vertex 1.17146 -3.9916 -6.19174
    endloop
  endfacet
  facet normal 0.365236 -0.182619 0.912827
    outer loop
      vertex 0.212499 -5.90951 -6.19174
      vertex 1.22296 -3.99317 -6.21266
      vertex 1.17146 -3.9916 -6.19174
    endloop
  endfacet
  facet normal 0.365217 -0.182609 0.912836
    outer loop
      vertex 1.22296 -3.99317 -6.21266
      vertex 0.212499 -5.90951 -6.19174
      vertex 0.222957 -5.99317 -6.21266
    endloop
  endfacet
  facet normal 0.816496 -0.408249 -0.408248
    outer loop
      vertex 0.222957 -5.99317 -6.21266
      vertex -0.777042 -5.99317 -8.21266
      vertex 1.22296 -3.99317 -6.21266
    endloop
  endfacet
  facet normal -0.436425 0.872851 0.218322
    outer loop
      vertex -1.77704 -1.99317 -8.21266
      vertex -1.7986 -2.01391 -8.17284
      vertex -1.79738 -2.0133 -8.17284
    endloop
  endfacet
  facet normal -0.436518 0.87282 0.218259
    outer loop
      vertex -1.77704 -1.99317 -8.21266
      vertex -1.79738 -2.0133 -8.17284
      vertex -1.57554 -1.99317 -7.80966
    endloop
  endfacet
  facet normal -0.436466 0.872838 0.218294
    outer loop
      vertex -1.7986 -2.01391 -8.17284
      vertex -1.77704 -1.99317 -8.21266
      vertex -1.8454 -2.0373 -8.17289
    endloop
  endfacet
  facet normal -0.43642 0.87284 0.218375
    outer loop
      vertex -3.77704 -2.99317 -8.21266
      vertex -1.8454 -2.0373 -8.17289
      vertex -1.77704 -1.99317 -8.21266
    endloop
  endfacet
  facet normal -0.436438 0.872884 0.218163
    outer loop
      vertex -1.8454 -2.0373 -8.17289
      vertex -3.77704 -2.99317 -8.21266
      vertex -3.75754 -2.99317 -8.17365
    endloop
  endfacet
  facet normal -0.408248 -0.408248 0.816497
    outer loop
      vertex -4.02899 -6.23817 1.16345
      vertex -6.02899 -8.23817 -0.836548
      vertex -4.02899 -8.23817 0.163451
    endloop
  endfacet
  facet normal 0.13936 0.980251 0.140306
    outer loop
      vertex -2.03665 -6.23434 -0.855698
      vertex -2.04438 -6.23433 -0.84809
      vertex -2.02899 -6.23817 -0.836548
    endloop
  endfacet
  facet normal 0 -1 0
    outer loop
      vertex -6.02899 -8.23817 -0.836548
      vertex -2.02899 -8.23817 -1.83655
      vertex -4.02899 -8.23817 0.163451
    endloop
  endfacet
  facet normal 0 -1 0
    outer loop
      vertex -6.02899 -8.23817 -3.83655
      vertex -2.02899 -8.23817 -1.83655
      vertex -6.02899 -8.23817 -0.836548
    endloop
  endfacet
  facet normal 0 -1 0
    outer loop
      vertex -2.02899 -8.23817 -1.83655
      vertex -6.02899 -8.23817 -3.83655
      vertex -3.52899 -8.23817 -4.83655
    endloop
  endfacet
  facet normal 0.926367 0.168431 -0.336861
    outer loop
      vertex -2.02899 -6.23817 -0.836548
      vertex -2.03749 -8.14935 -1.81552
      vertex -2.03665 -6.23434 -0.855698
    endloop
  endfacet
  facet normal 0.925581 0.166233 -0.340097
    outer loop
      vertex -2.04635 -8.19366 -1.86204
      vertex -2.02899 -8.23817 -1.83655
      vertex -2.04644 -8.1941 -1.8625
    endloop
  endfacet
  facet normal 0.926378 0.168408 -0.336841
    outer loop
      vertex -2.03749 -8.14935 -1.81552
      vertex -2.02899 -8.23817 -1.83655
      vertex -2.04635 -8.19366 -1.86204
    endloop
  endfacet
  facet normal 0.926396 0.168399 -0.336798
    outer loop
      vertex -2.02899 -8.23817 -1.83655
      vertex -2.03749 -8.14935 -1.81552
      vertex -2.02899 -6.23817 -0.836548
    endloop
  endfacet
  facet normal 0.926364 0.168449 -0.33686
    outer loop
      vertex -2.02899 -8.23817 -1.83655
      vertex -2.04726 -8.19409 -1.86475
      vertex -2.04644 -8.1941 -1.8625
    endloop
  endfacet
  facet normal 0.926364 0.168449 -0.33686
    outer loop
      vertex -2.04726 -8.19409 -1.86475
      vertex -2.02899 -8.23817 -1.83655
      vertex -2.05842 -8.19403 -1.89541
    endloop
  endfacet
  facet normal -0.348865 -0.348245 -0.870068
    outer loop
      vertex -3.52899 -8.23817 -4.83655
      vertex -3.54257 -8.19401 -4.84878
      vertex -3.53637 -8.1939 -4.85131
    endloop
  endfacet
  facet normal -0.348436 -0.34817 -0.87027
    outer loop
      vertex -3.52899 -8.23817 -4.83655
      vertex -3.55318 -8.19404 -4.84452
      vertex -3.54257 -8.19401 -4.84878
    endloop
  endfacet
  facet normal -0.348002 -0.347977 -0.870521
    outer loop
      vertex -3.52899 -8.23817 -4.83655
      vertex -3.58695 -8.19409 -4.831
      vertex -3.55318 -8.19404 -4.84452
    endloop
  endfacet
  facet normal -0.348151 -0.34819 -0.870376
    outer loop
      vertex -6.02899 -8.23817 -3.83655
      vertex -3.58695 -8.19409 -4.831
      vertex -3.52899 -8.23817 -4.83655
    endloop
  endfacet
  facet normal -0.348151 -0.34819 -0.870376
    outer loop
      vertex -3.58695 -8.19409 -4.831
      vertex -6.02899 -8.23817 -3.83655
      vertex -5.9996 -8.19409 -3.86594
    endloop
  endfacet
  facet normal -0.707282 0.000234265 -0.706931
    outer loop
      vertex -6.02899 -8.23817 -3.83655
      vertex -6.01974 -8.19412 -3.84579
      vertex -5.9996 -8.19409 -3.86594
    endloop
  endfacet
  facet normal -0.706724 0 -0.707489
    outer loop
      vertex -6.01974 -8.19412 -3.84579
      vertex -6.02899 -8.23817 -3.83655
      vertex -6.02899 -8.1941 -3.83655
    endloop
  endfacet
  facet normal -0.120338 0.963117 0.240676
    outer loop
      vertex -4.05806 -6.22364 1.09077
      vertex -6.02899 -6.23817 0.163451
      vertex -4.02899 -6.23817 1.16345
    endloop
  endfacet
  facet normal -0.120194 0.963212 0.240368
    outer loop
      vertex -6.02899 -6.23817 0.163451
      vertex -4.05806 -6.22364 1.09077
      vertex -6.02899 -6.23527 0.15183
    endloop
  endfacet
  facet normal -1 0 0
    outer loop
      vertex -6.02899 -8.1941 -3.83655
      vertex -6.02899 -8.23817 -3.83655
      vertex -6.02899 -8.1941 -0.880159
    endloop
  endfacet
  facet normal -1 0 0
    outer loop
      vertex -6.02899 -8.01797 -0.739516
      vertex -6.02899 -6.23817 0.163451
      vertex -6.02899 -6.23527 0.15183
    endloop
  endfacet
  facet normal -1 0 0
    outer loop
      vertex -6.02899 -8.23817 -0.836548
      vertex -6.02899 -8.01797 -0.739516
      vertex -6.02899 -8.18962 -0.825346
    endloop
  endfacet
  facet normal -1 -0 0
    outer loop
      vertex -6.02899 -8.01797 -0.739516
      vertex -6.02899 -8.23817 -0.836548
      vertex -6.02899 -6.23817 0.163451
    endloop
  endfacet
  facet normal -1 0 0
    outer loop
      vertex -6.02899 -8.19366 -0.874824
      vertex -6.02899 -8.23817 -0.836548
      vertex -6.02899 -8.18962 -0.825346
    endloop
  endfacet
  facet normal -1 0 0
    outer loop
      vertex -6.02899 -8.1941 -0.880159
      vertex -6.02899 -8.23817 -0.836548
      vertex -6.02899 -8.19366 -0.874824
    endloop
  endfacet
  facet normal -1 0 0
    outer loop
      vertex -6.02899 -8.23817 -0.836548
      vertex -6.02899 -8.1941 -0.880159
      vertex -6.02899 -8.23817 -3.83655
    endloop
  endfacet
  facet normal 0.894427 0 -0.447214
    outer loop
      vertex -3.52899 -8.23817 -4.83655
      vertex -2.05842 -8.19403 -1.89541
      vertex -2.02899 -8.23817 -1.83655
    endloop
  endfacet
  facet normal 0.894428 -0.000101435 -0.447212
    outer loop
      vertex -2.05842 -8.19403 -1.89541
      vertex -3.52899 -8.23817 -4.83655
      vertex -3.52728 -8.19403 -4.83314
    endloop
  endfacet
  facet normal 0.894073 -3.28748e-05 -0.447922
    outer loop
      vertex -3.52728 -8.19403 -4.83314
      vertex -3.52899 -8.23817 -4.83655
      vertex -3.52981 -8.194 -4.83819
    endloop
  endfacet
  facet normal 0.894427 0 -0.447214
    outer loop
      vertex -3.52981 -8.194 -4.83819
      vertex -3.52899 -8.23817 -4.83655
      vertex -3.53637 -8.1939 -4.85131
    endloop
  endfacet
  facet normal 0.666666 -0.333334 0.666667
    outer loop
      vertex -4.02899 -6.23817 1.16345
      vertex -2.02899 -8.23817 -1.83655
      vertex -2.02899 -6.23817 -0.836548
    endloop
  endfacet
  facet normal 0.666667 -0.333333 0.666667
    outer loop
      vertex -2.02899 -8.23817 -1.83655
      vertex -4.02899 -6.23817 1.16345
      vertex -4.02899 -8.23817 0.163451
    endloop
  endfacet
  facet normal 0.140029 0.980196 0.140028
    outer loop
      vertex -4.02899 -6.23817 1.16345
      vertex -2.47852 -6.23335 -0.420768
      vertex -4.02851 -6.22944 1.10186
    endloop
  endfacet
  facet normal 0.13999 0.980207 0.13999
    outer loop
      vertex -2.02899 -6.23817 -0.836548
      vertex -2.47852 -6.23335 -0.420768
      vertex -4.02899 -6.23817 1.16345
    endloop
  endfacet
  facet normal 0.139776 0.980271 0.139758
    outer loop
      vertex -2.47852 -6.23335 -0.420768
      vertex -2.02899 -6.23817 -0.836548
      vertex -2.04438 -6.23433 -0.84809
    endloop
  endfacet
  facet normal 0.139537 0.980265 0.140034
    outer loop
      vertex -4.04244 -6.22671 1.09663
      vertex -4.02899 -6.23817 1.16345
      vertex -4.02851 -6.22944 1.10186
    endloop
  endfacet
  facet normal 0.140167 0.980195 0.139895
    outer loop
      vertex -4.02899 -6.23817 1.16345
      vertex -4.04244 -6.22671 1.09663
      vertex -4.05806 -6.22364 1.09077
    endloop
  endfacet
  facet normal -0.408248 -0.408248 0.816497
    outer loop
      vertex -6.02899 -6.23817 0.163451
      vertex -6.02899 -8.23817 -0.836548
      vertex -4.02899 -6.23817 1.16345
    endloop
  endfacet
  facet normal 0.666664 -0.333332 0.66667
    outer loop
      vertex -2.01038 -1.98706 1.21456
      vertex -2.19073 -3.98706 0.394919
      vertex -1.47072 -3.06637 0.135256
    endloop
  endfacet
  facet normal 0.666666 -0.333331 0.666669
    outer loop
      vertex -2.19073 -3.98706 0.394919
      vertex -2.01038 -1.98706 1.21456
      vertex -4.01038 -3.98706 2.21456
    endloop
  endfacet
  facet normal 0.784294 0.5886 -0.196045
    outer loop
      vertex -2.01716 -1.99385 1.16705
      vertex -2.04327 -1.97062 1.13234
      vertex -2.01038 -1.98706 1.21456
    endloop
  endfacet
  facet normal -0.333329 0.666668 0.666668
    outer loop
      vertex -6.01038 -3.98706 1.21456
      vertex -5.00274 -2.9947 0.726013
      vertex -6.01038 -3.83068 1.05818
    endloop
  endfacet
  facet normal -0.333332 0.666669 0.666665
    outer loop
      vertex -5.00274 -2.9947 0.726013
      vertex -6.01038 -3.98706 1.21456
      vertex -4.01038 -3.98706 2.21456
    endloop
  endfacet
  facet normal -0.333332 0.666667 0.666667
    outer loop
      vertex -4.01038 -2.17139 0.398895
      vertex -2.01038 -1.98706 1.21456
      vertex -2.9441 -1.28677 0.0474134
    endloop
  endfacet
  facet normal -0.333332 0.666666 0.666668
    outer loop
      vertex -2.01038 -1.98706 1.21456
      vertex -4.01038 -2.17139 0.398895
      vertex -4.01038 -3.98706 2.21456
    endloop
  endfacet
  facet normal 0.78602 0.586319 -0.195966
    outer loop
      vertex -2.01038 -1.98706 1.21456
      vertex -2.01661 -1.99434 1.16779
      vertex -2.01716 -1.99385 1.16705
    endloop
  endfacet
  facet normal 0.784494 0.588324 -0.196074
    outer loop
      vertex -2.01661 -1.99434 1.16779
      vertex -2.01038 -1.98706 1.21456
      vertex -1.47072 -3.06637 0.135256
    endloop
  endfacet
  facet normal -0.408248 -0.408248 0.816497
    outer loop
      vertex -4.02461 -5.74225 1.32985
      vertex -4.01038 -5.98706 1.21456
      vertex -4.01038 -3.98706 2.21456
    endloop
  endfacet
  facet normal -0.408583 -0.4082 0.816353
    outer loop
      vertex -4.01038 -5.98706 1.21456
      vertex -4.02461 -5.74225 1.32985
      vertex -4.02041 -5.98706 1.20954
    endloop
  endfacet
  facet normal -0.408246 -0.408249 0.816498
    outer loop
      vertex -4.01038 -3.98706 2.21456
      vertex -5.36652 -4.00345 1.5283
      vertex -4.02461 -5.74225 1.32985
    endloop
  endfacet
  facet normal -0.40829 -0.408041 0.81658
    outer loop
      vertex -6.01038 -3.98706 1.21456
      vertex -5.36652 -4.00345 1.5283
      vertex -4.01038 -3.98706 2.21456
    endloop
  endfacet
  facet normal -0.408414 -0.407334 0.81687
    outer loop
      vertex -5.36652 -4.00345 1.5283
      vertex -6.01038 -3.98706 1.21456
      vertex -6.01038 -3.99077 1.21271
    endloop
  endfacet
  facet normal 0 -1 0
    outer loop
      vertex -3.68845 -5.98706 0.889423
      vertex -4.01038 -5.98706 1.21456
      vertex -4.02041 -5.98706 1.20954
    endloop
  endfacet
  facet normal 0 -1 0
    outer loop
      vertex -4.01038 -5.98706 1.21456
      vertex -3.68845 -5.98706 0.889423
      vertex -3.51842 -5.98706 0.722607
    endloop
  endfacet
  facet normal -0.33334 0.666664 0.666666
    outer loop
      vertex -4.01038 -2.17139 0.398895
      vertex -5.00274 -2.9947 0.726013
      vertex -4.01038 -3.98706 2.21456
    endloop
  endfacet
  facet normal 0.700288 0.699962 -0.140174
    outer loop
      vertex -2.08233 -1.94096 1.08531
      vertex -2.01038 -1.98706 1.21456
      vertex -2.04327 -1.97062 1.13234
    endloop
  endfacet
  facet normal 0.700139 0.700141 -0.140027
    outer loop
      vertex -2.01038 -1.98706 1.21456
      vertex -2.08233 -1.94096 1.08531
      vertex -2.9441 -1.28677 0.0474134
    endloop
  endfacet
  facet normal 0.666669 -0.33333 0.666666
    outer loop
      vertex -4.01038 -3.98706 2.21456
      vertex -3.51842 -5.87352 0.779378
      vertex -2.94252 -5.05492 0.612772
    endloop
  endfacet
  facet normal 0.666661 -0.333336 0.666671
    outer loop
      vertex -4.01038 -5.98706 1.21456
      vertex -3.51842 -5.87352 0.779378
      vertex -4.01038 -3.98706 2.21456
    endloop
  endfacet
  facet normal 0.66666 -0.333341 0.66667
    outer loop
      vertex -3.51842 -5.87352 0.779378
      vertex -4.01038 -5.98706 1.21456
      vertex -3.51842 -5.98706 0.722607
    endloop
  endfacet
  facet normal 0.666665 -0.333335 0.666667
    outer loop
      vertex -2.19594 -3.99372 0.396796
      vertex -4.01038 -3.98706 2.21456
      vertex -2.94252 -5.05492 0.612772
    endloop
  endfacet
  facet normal 0.666599 -0.333599 0.666602
    outer loop
      vertex -4.01038 -3.98706 2.21456
      vertex -2.19594 -3.99372 0.396796
      vertex -2.19073 -3.98706 0.394919
    endloop
  endfacet
  facet normal -1 0 0
    outer loop
      vertex -6.01038 -3.91016 1.13493
      vertex -6.01038 -3.98706 1.21456
      vertex -6.01038 -3.83068 1.05818
    endloop
  endfacet
  facet normal -1 0 -0
    outer loop
      vertex -6.01038 -3.98706 1.21456
      vertex -6.01038 -3.91016 1.13493
      vertex -6.01038 -3.99077 1.21271
    endloop
  endfacet
  facet normal 0.666664 0.666671 -0.333331
    outer loop
      vertex 0.0745714 -6.1559 -6.21488
      vertex 0.0935116 -6.17484 -6.21488
      vertex -0.820021 -6.1559 -8.00407
    endloop
  endfacet
  facet normal 0.666674 0.666674 -0.333304
    outer loop
      vertex -0.906487 -6.17484 -8.21488
      vertex -0.944409 -6.11699 -8.17502
      vertex -0.927929 -6.13347 -8.17502
    endloop
  endfacet
  facet normal 0.666627 0.666687 -0.333372
    outer loop
      vertex -0.906487 -6.17484 -8.21488
      vertex -0.925847 -6.13546 -8.17484
      vertex -0.9045 -6.1559 -8.17303
    endloop
  endfacet
  facet normal 0.666685 0.666644 -0.333342
    outer loop
      vertex -0.906487 -6.17484 -8.21488
      vertex -0.820021 -6.1559 -8.00407
      vertex 0.0935116 -6.17484 -6.21488
    endloop
  endfacet
  facet normal 0.666938 0.666594 -0.332936
    outer loop
      vertex -0.944409 -6.11699 -8.17502
      vertex -0.906487 -6.17484 -8.21488
      vertex -0.946348 -6.11505 -8.17502
    endloop
  endfacet
  facet normal 0.666259 0.666874 -0.333734
    outer loop
      vertex -0.925847 -6.13546 -8.17484
      vertex -0.906487 -6.17484 -8.21488
      vertex -0.927929 -6.13347 -8.17502
    endloop
  endfacet
  facet normal 0.666703 0.666624 -0.333347
    outer loop
      vertex -0.820021 -6.1559 -8.00407
      vertex -0.906487 -6.17484 -8.21488
      vertex -0.9045 -6.1559 -8.17303
    endloop
  endfacet
  facet normal 0.816497 -0.408248 -0.408248
    outer loop
      vertex 0.0935116 -6.17484 -6.21488
      vertex -0.906487 -8.17484 -6.21488
      vertex -0.906487 -6.17484 -8.21488
    endloop
  endfacet
  facet normal -0.816497 0.408248 0.408248
    outer loop
      vertex -3.90649 -3.17484 -8.21488
      vertex -3.89566 -3.19302 -8.17504
      vertex -3.88656 -3.17484 -8.17502
    endloop
  endfacet
  facet normal -0.816497 0.408248 0.408248
    outer loop
      vertex -4.90649 -5.17484 -8.21488
      vertex -3.89566 -3.19302 -8.17504
      vertex -3.90649 -3.17484 -8.21488
    endloop
  endfacet
  facet normal -0.816497 0.408248 0.408248
    outer loop
      vertex -3.89566 -3.19302 -8.17504
      vertex -4.90649 -5.17484 -8.21488
      vertex -4.88657 -5.17484 -8.17504
    endloop
  endfacet
  facet normal -0.894427 0 0.447214
    outer loop
      vertex -4.90649 -5.17484 -8.21488
      vertex -4.88657 -8.13144 -8.17504
      vertex -4.88657 -5.17484 -8.17504
    endloop
  endfacet
  facet normal -0.894427 0 0.447214
    outer loop
      vertex -4.90649 -8.17484 -8.21488
      vertex -4.88657 -8.13144 -8.17504
      vertex -4.90649 -5.17484 -8.21488
    endloop
  endfacet
  facet normal -0.894408 -4.48918e-05 0.447253
    outer loop
      vertex -4.90649 -8.17484 -8.21488
      vertex -4.85664 -8.16586 -8.11519
      vertex -4.88657 -8.13144 -8.17504
    endloop
  endfacet
  facet normal -0.894426 0.000459765 0.447216
    outer loop
      vertex -4.85664 -8.16586 -8.11519
      vertex -4.90649 -8.17484 -8.21488
      vertex -4.25742 -8.17484 -6.91675
    endloop
  endfacet
  facet normal 0.176093 0.176095 0.968495
    outer loop
      vertex 0.0745714 -6.1559 -6.21488
      vertex 0.0595978 -6.19422 -6.20519
      vertex 0.0935116 -6.17484 -6.21488
    endloop
  endfacet
  facet normal 0.666666 0.666667 -0.333333
    outer loop
      vertex -0.946348 -6.11505 -8.17502
      vertex -3.90649 -3.17484 -8.21488
      vertex -3.88656 -3.17484 -8.17502
    endloop
  endfacet
  facet normal 0.66667 0.666671 -0.333319
    outer loop
      vertex -3.90649 -3.17484 -8.21488
      vertex -0.946348 -6.11505 -8.17502
      vertex -0.906487 -6.17484 -8.21488
    endloop
  endfacet
  facet normal 0.365166 -0.182587 0.912862
    outer loop
      vertex -0.864644 -7.99122 -6.1949
      vertex 0.0935116 -6.17484 -6.21488
      vertex 0.0595978 -6.19422 -6.20519
    endloop
  endfacet
  facet normal 0.365046 -0.182523 0.912922
    outer loop
      vertex -0.864644 -7.99122 -6.1949
      vertex -0.906487 -8.17484 -6.21488
      vertex 0.0935116 -6.17484 -6.21488
    endloop
  endfacet
  facet normal 0.365189 -0.182549 0.91286
    outer loop
      vertex -0.936766 -8.13145 -6.19409
      vertex -0.906487 -8.17484 -6.21488
      vertex -0.864644 -7.99122 -6.1949
    endloop
  endfacet
  facet normal 0.316212 -0.221348 0.922505
    outer loop
      vertex -0.936801 -8.1315 -6.19409
      vertex -0.906487 -8.17484 -6.21488
      vertex -0.936766 -8.13145 -6.19409
    endloop
  endfacet
  facet normal 0.365144 -0.182509 0.912886
    outer loop
      vertex -0.944579 -8.14336 -6.19335
      vertex -0.906487 -8.17484 -6.21488
      vertex -0.936801 -8.1315 -6.19409
    endloop
  endfacet
  facet normal 0.365153 -0.182496 0.912885
    outer loop
      vertex -0.906487 -8.17484 -6.21488
      vertex -0.944579 -8.14336 -6.19335
      vertex -2.69419 -8.17484 -5.4998
    endloop
  endfacet
  facet normal 0 -1 0
    outer loop
      vertex -3.03897 -8.17484 -5.86021
      vertex -0.906487 -8.17484 -6.21488
      vertex -2.69419 -8.17484 -5.4998
    endloop
  endfacet
  facet normal 0 -1 0
    outer loop
      vertex -1.90649 -8.17484 -8.21488
      vertex -3.03897 -8.17484 -5.86021
      vertex -4.25742 -8.17484 -6.91675
    endloop
  endfacet
  facet normal 0 -1 0
    outer loop
      vertex -1.90649 -8.17484 -8.21488
      vertex -4.25742 -8.17484 -6.91675
      vertex -4.90649 -8.17484 -8.21488
    endloop
  endfacet
  facet normal 0 -1 0
    outer loop
      vertex -3.03897 -8.17484 -5.86021
      vertex -1.90649 -8.17484 -8.21488
      vertex -0.906487 -8.17484 -6.21488
    endloop
  endfacet
  facet normal 0.816496 -0.408249 -0.408249
    outer loop
      vertex -0.906487 -8.17484 -6.21488
      vertex -1.90649 -8.17484 -8.21488
      vertex -0.906487 -6.17484 -8.21488
    endloop
  endfacet
  facet normal 0 0 -1
    outer loop
      vertex -4.90649 -5.17484 -8.21488
      vertex -0.906487 -6.17484 -8.21488
      vertex -1.90649 -8.17484 -8.21488
    endloop
  endfacet
  facet normal 0 0 -1
    outer loop
      vertex -4.90649 -5.17484 -8.21488
      vertex -1.90649 -8.17484 -8.21488
      vertex -4.90649 -8.17484 -8.21488
    endloop
  endfacet
  facet normal 0 0 -1
    outer loop
      vertex -0.906487 -6.17484 -8.21488
      vertex -4.90649 -5.17484 -8.21488
      vertex -3.90649 -3.17484 -8.21488
    endloop
  endfacet
  facet normal 0.137346 -0.824166 -0.549442
    outer loop
      vertex -5.95899 0.322897 -5.94614
      vertex -6.00149 0.342381 -5.98599
      vertex -5.90444 0.342381 -5.96173
    endloop
  endfacet
  facet normal 0.138741 -0.823241 -0.550477
    outer loop
      vertex -6.00149 0.342381 -5.98599
      vertex -5.95899 0.322897 -5.94614
      vertex -5.96105 0.322162 -5.94556
    endloop
  endfacet
  facet normal 0.137202 -0.823998 -0.549729
    outer loop
      vertex -2.04358 0.322897 -4.96729
      vertex -2.00149 0.342381 -4.98599
      vertex -2.04202 0.322116 -4.96573
    endloop
  endfacet
  facet normal 0.137372 -0.824132 -0.549487
    outer loop
      vertex -2.00149 0.342381 -4.98599
      vertex -2.04358 0.322897 -4.96729
      vertex -2.09813 0.342381 -5.01015
    endloop
  endfacet
  facet normal -0.333333 0.666667 0.666667
    outer loop
      vertex -4.00149 2.34238 -3.98599
      vertex -6.00149 1.34238 -3.98599
      vertex -4.00149 -0.157619 -1.48599
    endloop
  endfacet
  facet normal -0.565896 -0.808472 0.16166
    outer loop
      vertex -4.00149 -0.157619 -1.48599
      vertex -4.03902 -0.148236 -1.57044
      vertex -4.00149 -0.167005 -1.53293
    endloop
  endfacet
  facet normal -0.565859 -0.808496 0.161671
    outer loop
      vertex -5.96914 0.334293 -5.91321
      vertex -6.00149 0.342381 -5.98599
      vertex -5.96105 0.322162 -5.94556
    endloop
  endfacet
  facet normal 0.507071 -0.845174 0.168999
    outer loop
      vertex -4.00149 -0.157619 -1.48599
      vertex -4.00149 -0.167005 -1.53293
      vertex -3.97328 -0.150566 -1.53536
    endloop
  endfacet
  facet normal 0.507051 -0.845196 0.168948
    outer loop
      vertex -2.03796 0.333261 -4.92216
      vertex -2.04202 0.322116 -4.96573
      vertex -2.00149 0.342381 -4.98599
    endloop
  endfacet
  facet normal 0.557086 0.742782 -0.371391
    outer loop
      vertex -2.00149 0.342381 -4.98599
      vertex -4.00149 1.34238 -5.98599
      vertex -4.00149 2.34238 -3.98599
    endloop
  endfacet
  facet normal 0.218218 -0.436436 -0.872872
    outer loop
      vertex -4.00149 1.34238 -5.98599
      vertex -2.09813 0.342381 -5.01015
      vertex -4.00129 1.29396 -5.96173
    endloop
  endfacet
  facet normal 0.218218 -0.436436 -0.872871
    outer loop
      vertex -2.09813 0.342381 -5.01015
      vertex -4.00149 1.34238 -5.98599
      vertex -2.00149 0.342381 -4.98599
    endloop
  endfacet
  facet normal 0.218219 -0.436436 -0.872871
    outer loop
      vertex -5.90444 0.342381 -5.96173
      vertex -4.00149 1.34238 -5.98599
      vertex -4.00129 1.29396 -5.96173
    endloop
  endfacet
  facet normal 0.218201 -0.436402 -0.872893
    outer loop
      vertex -4.00149 1.34238 -5.98599
      vertex -5.90444 0.342381 -5.96173
      vertex -6.00149 0.342381 -5.98599
    endloop
  endfacet
  facet normal 0.620174 0.744209 -0.248069
    outer loop
      vertex -2.00149 0.342381 -4.98599
      vertex -4.00149 2.34238 -3.98599
      vertex -2.00149 1.34238 -1.98599
    endloop
  endfacet
  facet normal 0.620173 -0.744216 0.248048
    outer loop
      vertex -3.97328 -0.150566 -1.53536
      vertex -2.00149 1.34238 -1.98599
      vertex -4.00149 -0.157619 -1.48599
    endloop
  endfacet
  facet normal 0.620173 -0.744209 0.24807
    outer loop
      vertex -2.05027 1.28973 -2.02199
      vertex -2.00149 1.34238 -1.98599
      vertex -3.97328 -0.150566 -1.53536
    endloop
  endfacet
  facet normal 0.619988 -0.744256 0.24839
    outer loop
      vertex -2.03796 1.29894 -2.02512
      vertex -2.00149 1.34238 -1.98599
      vertex -2.05027 1.28973 -2.02199
    endloop
  endfacet
  facet normal 0.620237 -0.744161 0.248053
    outer loop
      vertex -2.03796 0.333261 -4.92216
      vertex -2.00149 1.34238 -1.98599
      vertex -2.03796 1.29894 -2.02512
    endloop
  endfacet
  facet normal 0.620236 -0.744162 0.248054
    outer loop
      vertex -2.00149 1.34238 -1.98599
      vertex -2.03796 0.333261 -4.92216
      vertex -2.00149 0.342381 -4.98599
    endloop
  endfacet
  facet normal -0.333333 0.666667 0.666667
    outer loop
      vertex -4.00149 2.34238 -3.98599
      vertex -4.00149 -0.157619 -1.48599
      vertex -2.00149 1.34238 -1.98599
    endloop
  endfacet
  facet normal -0.775857 -0.564302 0.282151
    outer loop
      vertex -5.96914 0.334293 -5.91321
      vertex -6.00149 1.34238 -3.98599
      vertex -6.00149 0.342381 -5.98599
    endloop
  endfacet
  facet normal -0.775837 -0.564324 0.282163
    outer loop
      vertex -6.00149 1.34238 -3.98599
      vertex -5.96914 0.334293 -5.91321
      vertex -5.96914 1.29668 -3.98844
    endloop
  endfacet
  facet normal -0.775943 -0.564378 0.281762
    outer loop
      vertex -5.95632 1.28844 -3.96964
      vertex -6.00149 1.34238 -3.98599
      vertex -5.96914 1.29668 -3.98844
    endloop
  endfacet
  facet normal -0.77586 -0.564027 0.282692
    outer loop
      vertex -5.94475 1.28102 -3.95269
      vertex -6.00149 1.34238 -3.98599
      vertex -5.95632 1.28844 -3.96964
    endloop
  endfacet
  facet normal -0.775849 -0.564353 0.282072
    outer loop
      vertex -5.80528 1.17646 -3.77827
      vertex -6.00149 1.34238 -3.98599
      vertex -5.94475 1.28102 -3.95269
    endloop
  endfacet
  facet normal -0.775863 -0.56432 0.282097
    outer loop
      vertex -4.00149 -0.157619 -1.48599
      vertex -5.80528 1.17646 -3.77827
      vertex -4.03902 -0.148236 -1.57044
    endloop
  endfacet
  facet normal -0.775844 -0.564368 0.282054
    outer loop
      vertex -5.80528 1.17646 -3.77827
      vertex -4.00149 -0.157619 -1.48599
      vertex -6.00149 1.34238 -3.98599
    endloop
  endfacet
  facet normal -0.408248 0.816497 -0.408248
    outer loop
      vertex -4.00149 1.34238 -5.98599
      vertex -6.00149 1.34238 -3.98599
      vertex -4.00149 2.34238 -3.98599
    endloop
  endfacet
  facet normal -0.408248 0.816497 -0.408248
    outer loop
      vertex -6.00149 1.34238 -3.98599
      vertex -4.00149 1.34238 -5.98599
      vertex -6.00149 0.342381 -5.98599
    endloop
  endfacet
  facet normal 0.557085 0.742782 -0.37139
    outer loop
      vertex -1.96482 0.218492 -5.17488
      vertex -3.96482 0.218492 -8.17488
      vertex -3.96482 1.21849 -6.17488
    endloop
  endfacet
  facet normal -0.408248 0.816497 -0.408248
    outer loop
      vertex -3.96482 0.218492 -8.17488
      vertex -5.96482 -0.781507 -8.17488
      vertex -3.96482 1.21849 -6.17488
    endloop
  endfacet
  facet normal 0.330979 0.24823 0.910404
    outer loop
      vertex -1.96482 0.218492 -5.17488
      vertex -1.9607 0.154024 -5.1588
      vertex -1.61174 -0.252288 -5.17488
    endloop
  endfacet
  facet normal 0.331318 0.248222 0.910283
    outer loop
      vertex -1.96482 0.218492 -5.17488
      vertex -1.9814 0.177473 -5.15766
      vertex -1.9607 0.154024 -5.1588
    endloop
  endfacet
  facet normal 0.330198 0.248781 0.910537
    outer loop
      vertex -1.96482 0.218492 -5.17488
      vertex -1.98655 0.183247 -5.15737
      vertex -1.9814 0.177473 -5.15766
    endloop
  endfacet
  facet normal 0.331114 0.248138 0.910379
    outer loop
      vertex -1.98655 0.183247 -5.15737
      vertex -1.96482 0.218492 -5.17488
      vertex -2.00486 0.198471 -5.15486
    endloop
  endfacet
  facet normal 0.436436 -0.872872 -0.218218
    outer loop
      vertex -3.9624 -2.78151 -8.17004
      vertex -3.96482 -2.78151 -8.17488
      vertex -3.91452 -2.75757 -8.17004
    endloop
  endfacet
  facet normal 0.436436 -0.872872 -0.218218
    outer loop
      vertex -1.96482 -1.78151 -8.17488
      vertex -3.91452 -2.75757 -8.17004
      vertex -3.96482 -2.78151 -8.17488
    endloop
  endfacet
  facet normal 0.436114 -0.873071 -0.218063
    outer loop
      vertex -1.81823 -1.78614 -7.86317
      vertex -1.96482 -1.78151 -8.17488
      vertex -1.76717 -1.78151 -7.77959
    endloop
  endfacet
  facet normal 0.43636 -0.87292 -0.218176
    outer loop
      vertex -2.00529 -1.80314 -8.16928
      vertex -1.96482 -1.78151 -8.17488
      vertex -1.81823 -1.78614 -7.86317
    endloop
  endfacet
  facet normal 0.436513 -0.873022 -0.217462
    outer loop
      vertex -3.91452 -2.75757 -8.17004
      vertex -1.96482 -1.78151 -8.17488
      vertex -2.00529 -1.80314 -8.16928
    endloop
  endfacet
  facet normal -1.85644e-05 0.707108 0.707106
    outer loop
      vertex -1.96482 0.218492 -5.17488
      vertex -2.18637 0.290186 -5.24658
      vertex -2.00486 0.198471 -5.15486
    endloop
  endfacet
  facet normal -5.2987e-05 0.707054 0.707159
    outer loop
      vertex -3.96482 1.21849 -6.17488
      vertex -2.18637 0.290186 -5.24658
      vertex -1.96482 0.218492 -5.17488
    endloop
  endfacet
  facet normal 1.59039e-06 0.707107 0.707107
    outer loop
      vertex -2.18637 0.290186 -5.24658
      vertex -3.96482 1.21849 -6.17488
      vertex -3.96482 1.17941 -6.1358
    endloop
  endfacet
  facet normal 0 0 -1
    outer loop
      vertex -3.96482 -2.78151 -8.17488
      vertex -3.96482 0.218492 -8.17488
      vertex -1.96482 -1.78151 -8.17488
    endloop
  endfacet
  facet normal 0 -0 -1
    outer loop
      vertex -3.96482 0.218492 -8.17488
      vertex -3.96482 -2.78151 -8.17488
      vertex -5.96482 -0.781507 -8.17488
    endloop
  endfacet
  facet normal 0.639602 0.639602 -0.426402
    outer loop
      vertex -1.96482 -1.78151 -8.17488
      vertex -3.96482 0.218492 -8.17488
      vertex -1.96482 0.218492 -5.17488
    endloop
  endfacet
  facet normal -0.666673 -0.666731 0.333191
    outer loop
      vertex -5.9534 0.21278 -6.16346
      vertex -5.96482 0.218492 -6.17488
      vertex -5.95323 0.206903 -6.17488
    endloop
  endfacet
  facet normal -0.333362 0.666687 0.666632
    outer loop
      vertex -3.96482 1.21849 -6.17488
      vertex -4.17621 1.10137 -6.16346
      vertex -3.99802 1.19047 -6.16346
    endloop
  endfacet
  facet normal -0.333333 0.666667 0.666667
    outer loop
      vertex -3.96482 1.21849 -6.17488
      vertex -3.99802 1.19047 -6.16346
      vertex -3.96482 1.17941 -6.1358
    endloop
  endfacet
  facet normal -0.333265 0.666532 0.666836
    outer loop
      vertex -4.17621 1.10137 -6.16346
      vertex -3.96482 1.21849 -6.17488
      vertex -5.96482 0.218492 -6.17488
    endloop
  endfacet
  facet normal -0.333306 0.666616 0.666731
    outer loop
      vertex -4.17621 1.10137 -6.16346
      vertex -5.96482 0.218492 -6.17488
      vertex -5.9534 0.21278 -6.16346
    endloop
  endfacet
  facet normal 0.742781 0.557078 -0.371403
    outer loop
      vertex -1.96482 0.218492 -5.17488
      vertex -1.61174 -0.252288 -5.17488
      vertex -1.66331 -0.24705 -5.27016
    endloop
  endfacet
  facet normal 0.742786 0.557079 -0.371393
    outer loop
      vertex -1.76422 -0.24705 -5.47198
      vertex -1.96482 0.218492 -5.17488
      vertex -1.66331 -0.24705 -5.27016
    endloop
  endfacet
  facet normal 0.742771 0.557097 -0.371395
    outer loop
      vertex -1.96482 -1.78151 -8.17488
      vertex -1.76422 -0.24705 -5.47198
      vertex -1.76717 -1.78151 -7.77959
    endloop
  endfacet
  facet normal 0.742792 0.557076 -0.371385
    outer loop
      vertex -1.76422 -0.24705 -5.47198
      vertex -1.96482 -1.78151 -8.17488
      vertex -1.96482 0.218492 -5.17488
    endloop
  endfacet
  facet normal -0.666609 -0.666667 0.333448
    outer loop
      vertex -5.95323 0.206903 -6.17488
      vertex -5.96482 0.218492 -6.17488
      vertex -5.95306 0.200851 -6.18664
    endloop
  endfacet
  facet normal -0.666865 -0.666418 0.333433
    outer loop
      vertex -3.9624 -2.78151 -8.17004
      vertex -3.96979 -2.77405 -8.16991
      vertex -3.96482 -2.78151 -8.17488
    endloop
  endfacet
  facet normal -0.666698 -0.666641 0.33332
    outer loop
      vertex -5.96482 -0.781507 -8.17488
      vertex -5.95306 0.200851 -6.18664
      vertex -5.96482 0.218492 -6.17488
    endloop
  endfacet
  facet normal -0.666685 -0.666652 0.333326
    outer loop
      vertex -5.96482 -0.781507 -8.17488
      vertex -5.92503 -0.790454 -8.11319
      vertex -5.95306 0.200851 -6.18664
    endloop
  endfacet
  facet normal -0.666591 -0.666786 0.333246
    outer loop
      vertex -5.96482 -0.781507 -8.17488
      vertex -5.9247 -0.801904 -8.13544
      vertex -5.92503 -0.790454 -8.11319
    endloop
  endfacet
  facet normal -0.666655 -0.666656 0.333378
    outer loop
      vertex -5.96482 -0.781507 -8.17488
      vertex -3.96979 -2.77405 -8.16991
      vertex -5.9247 -0.801904 -8.13544
    endloop
  endfacet
  facet normal -0.666518 -0.666517 0.333928
    outer loop
      vertex -3.96979 -2.77405 -8.16991
      vertex -5.96482 -0.781507 -8.17488
      vertex -3.96482 -2.78151 -8.17488
    endloop
  endfacet
  facet normal -0.408248 0.816497 -0.408248
    outer loop
      vertex -3.96482 1.21849 -6.17488
      vertex -5.96482 -0.781507 -8.17488
      vertex -5.96482 0.218492 -6.17488
    endloop
  endfacet
  facet normal -0.408249 -0.408249 0.816496
    outer loop
      vertex -8.24149 -6.23317 -0.881548
      vertex -8.24149 -8.23317 -1.88155
      vertex -6.24149 -8.23317 -0.881548
    endloop
  endfacet
  facet normal -0.120386 0.963087 0.240772
    outer loop
      vertex -8.24149 -5.23317 -4.88155
      vertex -8.19889 -6.21187 -0.94545
      vertex -8.19889 -5.23317 -4.86025
    endloop
  endfacet
  facet normal -0.120375 0.963088 0.240772
    outer loop
      vertex -8.19889 -6.21187 -0.94545
      vertex -8.24149 -5.23317 -4.88155
      vertex -8.24149 -6.23317 -0.881548
    endloop
  endfacet
  facet normal -1 0 0
    outer loop
      vertex -8.24149 -8.23317 -1.88155
      vertex -8.24149 -5.23317 -4.88155
      vertex -8.24149 -8.23317 -4.88155
    endloop
  endfacet
  facet normal -1 0 0
    outer loop
      vertex -8.24149 -5.23317 -4.88155
      vertex -8.24149 -8.23317 -1.88155
      vertex -8.24149 -6.23317 -0.881548
    endloop
  endfacet
  facet normal -0.408248 -0.408248 0.816497
    outer loop
      vertex -6.24149 -6.23317 0.118451
      vertex -8.24149 -6.23317 -0.881548
      vertex -6.24149 -8.23317 -0.881548
    endloop
  endfacet
  facet normal 0 -1 0
    outer loop
      vertex -8.24149 -8.23317 -1.88155
      vertex -6.24149 -8.23317 -3.88155
      vertex -6.24149 -8.23317 -0.881548
    endloop
  endfacet
  facet normal -0 -1 0
    outer loop
      vertex -6.24149 -8.23317 -3.88155
      vertex -8.24149 -8.23317 -1.88155
      vertex -8.24149 -8.23317 -4.88155
    endloop
  endfacet
  facet normal 1 0 0
    outer loop
      vertex -6.24149 -6.23317 0.118451
      vertex -6.24149 -8.16659 -0.915038
      vertex -6.24149 -6.21833 0.0590898
    endloop
  endfacet
  facet normal 1 -0 0
    outer loop
      vertex -6.24149 -8.23317 -0.881548
      vertex -6.24149 -8.16659 -0.915038
      vertex -6.24149 -6.23317 0.118451
    endloop
  endfacet
  facet normal 1 0 0
    outer loop
      vertex -6.24149 -8.16659 -0.915038
      vertex -6.24149 -8.23317 -0.881548
      vertex -6.24149 -8.1892 -0.926339
    endloop
  endfacet
  facet normal 1 0 0
    outer loop
      vertex -6.24149 -8.23317 -0.881548
      vertex -6.24149 -8.19362 -0.980527
      vertex -6.24149 -8.1892 -0.926339
    endloop
  endfacet
  facet normal 1 0 0
    outer loop
      vertex -6.24149 -8.23317 -3.88155
      vertex -6.24149 -8.19362 -0.980527
      vertex -6.24149 -8.23317 -0.881548
    endloop
  endfacet
  facet normal 1 0 0
    outer loop
      vertex -6.24149 -8.19362 -0.980527
      vertex -6.24149 -8.23317 -3.88155
      vertex -6.24149 -8.19362 -3.88155
    endloop
  endfacet
  facet normal -0.120383 0.963088 0.240767
    outer loop
      vertex -8.18975 -6.21833 -0.915038
      vertex -6.24149 -6.23317 0.118451
      vertex -6.24149 -6.21833 0.0590898
    endloop
  endfacet
  facet normal -0.120386 0.963087 0.240772
    outer loop
      vertex -6.24149 -6.23317 0.118451
      vertex -8.18975 -6.21833 -0.915038
      vertex -8.24149 -6.23317 -0.881548
    endloop
  endfacet
  facet normal -0.120386 0.963087 0.240772
    outer loop
      vertex -8.19889 -6.21833 -0.919608
      vertex -8.24149 -6.23317 -0.881548
      vertex -8.18975 -6.21833 -0.915038
    endloop
  endfacet
  facet normal -0.120403 0.963089 0.240754
    outer loop
      vertex -8.24149 -6.23317 -0.881548
      vertex -8.19889 -6.21833 -0.919608
      vertex -8.19889 -6.21187 -0.94545
    endloop
  endfacet
  facet normal 0.447214 0 -0.894427
    outer loop
      vertex -6.24149 -8.23317 -3.88155
      vertex -8.19889 -8.1892 -4.86025
      vertex -6.24149 -8.19362 -3.88155
    endloop
  endfacet
  facet normal 0.447214 2.11724e-16 -0.894427
    outer loop
      vertex -8.24149 -8.23317 -4.88155
      vertex -8.19889 -8.1892 -4.86025
      vertex -6.24149 -8.23317 -3.88155
    endloop
  endfacet
  facet normal 0.447214 0 -0.894427
    outer loop
      vertex -8.24149 -5.23317 -4.88155
      vertex -8.19889 -8.1892 -4.86025
      vertex -8.24149 -8.23317 -4.88155
    endloop
  endfacet
  facet normal 0.447214 0 -0.894427
    outer loop
      vertex -8.19889 -8.1892 -4.86025
      vertex -8.24149 -5.23317 -4.88155
      vertex -8.19889 -5.23317 -4.86025
    endloop
  endfacet
  facet normal -0.408247 -0.408248 0.816497
    outer loop
      vertex -8.24149 -4.01651 0.191785
      vertex -8.24149 -6.01651 -0.808214
      vertex -6.24149 -4.01651 1.19178
    endloop
  endfacet
  facet normal 0.214935 0.876935 -0.42987
    outer loop
      vertex -7.96391 -2.01686 -1.67014
      vertex -6.24149 -2.01651 -0.808214
      vertex -6.24149 -2.01686 -0.808928
    endloop
  endfacet
  facet normal 0.20444 0.889385 -0.408901
    outer loop
      vertex -8.15414 -2.01686 -1.76525
      vertex -6.24149 -2.01651 -0.808214
      vertex -7.96391 -2.01686 -1.67014
    endloop
  endfacet
  facet normal 0.214743 0.877169 -0.429488
    outer loop
      vertex -8.15414 -2.01686 -1.76525
      vertex -8.24149 -2.01651 -1.80821
      vertex -6.24149 -2.01651 -0.808214
    endloop
  endfacet
  facet normal 0.218097 0.872948 -0.436343
    outer loop
      vertex -8.19889 -2.03774 -1.82939
      vertex -8.24149 -2.01651 -1.80821
      vertex -8.15414 -2.01686 -1.76525
    endloop
  endfacet
  facet normal 0.21802 0.872909 -0.436459
    outer loop
      vertex -8.19889 -3.01651 -3.78691
      vertex -8.24149 -2.01651 -1.80821
      vertex -8.19889 -2.03774 -1.82939
    endloop
  endfacet
  facet normal 0.218218 0.872872 -0.436436
    outer loop
      vertex -8.24149 -2.01651 -1.80821
      vertex -8.19889 -3.01651 -3.78691
      vertex -8.24149 -3.01651 -3.80821
    endloop
  endfacet
  facet normal 1 0 0
    outer loop
      vertex -6.24149 -2.01651 -0.808214
      vertex -6.24149 -3.98882 1.1012
      vertex -6.24149 -2.01686 -0.808928
    endloop
  endfacet
  facet normal 1 0 0
    outer loop
      vertex -6.24149 -4.01651 1.19178
      vertex -6.24149 -3.98882 1.1012
      vertex -6.24149 -2.01651 -0.808214
    endloop
  endfacet
  facet normal 1 0 0
    outer loop
      vertex -6.24149 -3.98882 1.1012
      vertex -6.24149 -4.01651 1.19178
      vertex -6.24149 -4.0147 1.12626
    endloop
  endfacet
  facet normal 1 0 0
    outer loop
      vertex -6.24149 -4.01651 1.19178
      vertex -6.24149 -4.03974 1.11413
      vertex -6.24149 -4.0147 1.12626
    endloop
  endfacet
  facet normal 1 0 0
    outer loop
      vertex -6.24149 -6.01651 0.191785
      vertex -6.24149 -4.03974 1.11413
      vertex -6.24149 -4.01651 1.19178
    endloop
  endfacet
  facet normal 1 0 0
    outer loop
      vertex -6.24149 -4.03974 1.11413
      vertex -6.24149 -6.01651 0.191785
      vertex -6.24149 -6.00874 0.160721
    endloop
  endfacet
  facet normal -1 0 0
    outer loop
      vertex -8.24149 -3.01651 -3.80821
      vertex -8.24149 -4.01651 0.191785
      vertex -8.24149 -2.01651 -1.80821
    endloop
  endfacet
  facet normal -1 0 0
    outer loop
      vertex -8.24149 -6.01651 -0.808214
      vertex -8.24149 -3.01651 -3.80821
      vertex -8.24149 -5.01651 -4.80821
    endloop
  endfacet
  facet normal -1 0 0
    outer loop
      vertex -8.24149 -3.01651 -3.80821
      vertex -8.24149 -6.01651 -0.808214
      vertex -8.24149 -4.01651 0.191785
    endloop
  endfacet
  facet normal -0.333333 0.666666 0.666668
    outer loop
      vertex -8.24149 -2.01651 -1.80821
      vertex -6.24149 -4.01651 1.19178
      vertex -6.24149 -2.01651 -0.808214
    endloop
  endfacet
  facet normal -0.333332 0.666666 0.666668
    outer loop
      vertex -6.24149 -4.01651 1.19178
      vertex -8.24149 -2.01651 -1.80821
      vertex -8.24149 -4.01651 0.191785
    endloop
  endfacet
  facet normal 0.120459 -0.963049 -0.240886
    outer loop
      vertex -6.24149 -6.01651 0.191785
      vertex -6.25702 -6.00874 0.152955
      vertex -6.24149 -6.00874 0.160721
    endloop
  endfacet
  facet normal 0.120386 -0.963087 -0.240772
    outer loop
      vertex -8.19889 -5.03781 -4.70171
      vertex -8.24149 -5.01651 -4.80821
      vertex -8.19889 -5.01651 -4.78691
    endloop
  endfacet
  facet normal 0.408248 0.408248 -0.816497
    outer loop
      vertex -8.24149 -5.01651 -4.80821
      vertex -8.19889 -3.01651 -3.78691
      vertex -8.19889 -5.01651 -4.78691
    endloop
  endfacet
  facet normal 0.408248 0.408248 -0.816497
    outer loop
      vertex -8.19889 -3.01651 -3.78691
      vertex -8.24149 -5.01651 -4.80821
      vertex -8.24149 -3.01651 -3.80821
    endloop
  endfacet
  facet normal -0.408248 -0.408247 0.816497
    outer loop
      vertex -6.24149 -4.01651 1.19178
      vertex -8.24149 -6.01651 -0.808214
      vertex -6.24149 -6.01651 0.191785
    endloop
  endfacet
  facet normal 0.120439 -0.963053 -0.240879
    outer loop
      vertex -6.24149 -6.01651 0.191785
      vertex -8.01803 -6.00874 -0.727546
      vertex -6.25702 -6.00874 0.152955
    endloop
  endfacet
  facet normal 0.120451 -0.963046 -0.240902
    outer loop
      vertex -8.24149 -6.01651 -0.808214
      vertex -8.01803 -6.00874 -0.727546
      vertex -6.24149 -6.01651 0.191785
    endloop
  endfacet
  facet normal 0.120451 -0.963046 -0.240901
    outer loop
      vertex -8.24149 -6.01651 -0.808214
      vertex -8.19889 -6.00874 -0.817976
      vertex -8.01803 -6.00874 -0.727546
    endloop
  endfacet
  facet normal 0.120486 -0.963075 -0.240768
    outer loop
      vertex -8.24149 -6.01651 -0.808214
      vertex -8.19889 -5.03781 -4.70171
      vertex -8.19889 -6.00874 -0.817976
    endloop
  endfacet
  facet normal 0.120386 -0.963087 -0.240772
    outer loop
      vertex -8.19889 -5.03781 -4.70171
      vertex -8.24149 -6.01651 -0.808214
      vertex -8.24149 -5.01651 -4.80821
    endloop
  endfacet
  facet normal 0.894426 -0.000206922 -0.447216
    outer loop
      vertex -3.66982 -8.21317 -5.14821
      vertex -5.15031 -8.1693 -8.10919
      vertex -3.67344 -8.19145 -5.15546
    endloop
  endfacet
  facet normal 0.894427 0 -0.447214
    outer loop
      vertex -5.15031 -8.1693 -8.10919
      vertex -5.16982 -8.21317 -8.14821
      vertex -5.16982 -8.14687 -8.14821
    endloop
  endfacet
  facet normal 0.894427 1.79197e-14 -0.447214
    outer loop
      vertex -5.16982 -8.21317 -8.14821
      vertex -5.15031 -8.1693 -8.10919
      vertex -3.66982 -8.21317 -5.14821
    endloop
  endfacet
  facet normal 0.371372 0.000156221 0.928484
    outer loop
      vertex -3.86779 -8.19234 -5.06903
      vertex -3.66982 -8.21317 -5.14821
      vertex -3.68763 -8.1918 -5.14109
    endloop
  endfacet
  facet normal 0.37139 0.000351706 0.928477
    outer loop
      vertex -4.44244 -8.19318 -4.83917
      vertex -3.66982 -8.21317 -5.14821
      vertex -3.86779 -8.19234 -5.06903
    endloop
  endfacet
  facet normal 0.371394 -0 0.928475
    outer loop
      vertex -6.16982 -8.21317 -4.14821
      vertex -4.44244 -8.19318 -4.83917
      vertex -6.16982 -8.19318 -4.14821
    endloop
  endfacet
  facet normal 0.371391 0.000371576 0.928477
    outer loop
      vertex -4.44244 -8.19318 -4.83917
      vertex -6.16982 -8.21317 -4.14821
      vertex -3.66982 -8.21317 -5.14821
    endloop
  endfacet
  facet normal 0.666717 0.333589 0.666488
    outer loop
      vertex -3.68748 -8.1918 -5.14124
      vertex -3.66982 -8.21317 -5.14821
      vertex -3.67344 -8.19145 -5.15546
    endloop
  endfacet
  facet normal 0.666632 0.333472 0.666632
    outer loop
      vertex -3.66982 -8.21317 -5.14821
      vertex -3.68748 -8.1918 -5.14124
      vertex -3.68763 -8.1918 -5.14109
    endloop
  endfacet
  facet normal -1 0 0
    outer loop
      vertex -8.16982 -5.21317 -8.14821
      vertex -8.16982 -8.18108 -6.19988
      vertex -8.16982 -5.21317 -6.19988
    endloop
  endfacet
  facet normal -1 0 0
    outer loop
      vertex -8.16982 -8.21317 -8.14821
      vertex -8.16982 -8.18108 -6.19988
      vertex -8.16982 -5.21317 -8.14821
    endloop
  endfacet
  facet normal -1 0 0
    outer loop
      vertex -8.16982 -8.21317 -5.14821
      vertex -8.16982 -8.18108 -6.19988
      vertex -8.16982 -8.21317 -8.14821
    endloop
  endfacet
  facet normal -1 0 0
    outer loop
      vertex -8.16982 -8.18108 -6.19988
      vertex -8.16982 -8.21317 -5.14821
      vertex -8.16982 -8.18755 -5.14821
    endloop
  endfacet
  facet normal 0 -1 0
    outer loop
      vertex -5.16982 -8.21317 -8.14821
      vertex -6.16982 -8.21317 -4.14821
      vertex -8.16982 -8.21317 -5.14821
    endloop
  endfacet
  facet normal 0 -1 0
    outer loop
      vertex -5.16982 -8.21317 -8.14821
      vertex -8.16982 -8.21317 -5.14821
      vertex -8.16982 -8.21317 -8.14821
    endloop
  endfacet
  facet normal 0 -1 0
    outer loop
      vertex -6.16982 -8.21317 -4.14821
      vertex -5.16982 -8.21317 -8.14821
      vertex -3.66982 -8.21317 -5.14821
    endloop
  endfacet
  facet normal 0 0 -1
    outer loop
      vertex -5.16982 -8.21317 -8.14821
      vertex -6.21027 -8.14687 -8.14821
      vertex -5.16982 -8.14687 -8.14821
    endloop
  endfacet
  facet normal 0 0 -1
    outer loop
      vertex -8.16982 -8.21317 -8.14821
      vertex -6.21027 -8.14687 -8.14821
      vertex -5.16982 -8.21317 -8.14821
    endloop
  endfacet
  facet normal 0 0 -1
    outer loop
      vertex -8.16982 -5.21317 -8.14821
      vertex -6.21027 -8.14687 -8.14821
      vertex -8.16982 -8.21317 -8.14821
    endloop
  endfacet
  facet normal 0 0 -1
    outer loop
      vertex -6.21027 -8.14687 -8.14821
      vertex -8.16982 -5.21317 -8.14821
      vertex -6.21027 -5.21317 -8.14821
    endloop
  endfacet
  facet normal -0.447216 0 0.894426
    outer loop
      vertex -7.61227 -8.18982 -4.86944
      vertex -6.16982 -8.21317 -4.14821
      vertex -6.16982 -8.19318 -4.14821
    endloop
  endfacet
  facet normal -0.447207 0 0.89443
    outer loop
      vertex -8.16982 -8.21317 -5.14821
      vertex -7.61227 -8.18982 -4.86944
      vertex -8.16982 -8.18755 -5.14821
    endloop
  endfacet
  facet normal -0.447214 0.000191526 0.894427
    outer loop
      vertex -7.61227 -8.18982 -4.86944
      vertex -8.16982 -8.21317 -5.14821
      vertex -6.16982 -8.21317 -4.14821
    endloop
  endfacet
  facet normal 0 1 0
    outer loop
      vertex -8.12794 -5.21317 -8.10904
      vertex -8.16982 -5.21317 -8.14821
      vertex -8.16982 -5.21317 -6.19988
    endloop
  endfacet
  facet normal 0 1 0
    outer loop
      vertex -8.16982 -5.21317 -8.14821
      vertex -8.12794 -5.21317 -8.10904
      vertex -6.21027 -5.21317 -8.14821
    endloop
  endfacet
  facet normal 0.3333 -0.666604 -0.666746
    outer loop
      vertex -6.19149 0.20661 -5.93633
      vertex -6.20102 0.201695 -5.93618
      vertex -6.19149 0.215992 -5.94571
    endloop
  endfacet
  facet normal 0.616146 -0.704486 0.352227
    outer loop
      vertex -6.19021 -1.80452 -0.988975
      vertex -6.19149 -1.78401 -0.945714
      vertex -6.19149 -1.80549 -0.988676
    endloop
  endfacet
  facet normal 0.616316 -0.704363 0.352174
    outer loop
      vertex -4.23443 -0.337684 -1.47792
      vertex -6.19149 -1.78401 -0.945714
      vertex -6.19021 -1.80452 -0.988975
    endloop
  endfacet
  facet normal 0.616316 -0.704364 0.352173
    outer loop
      vertex -6.19149 -1.78401 -0.945714
      vertex -4.23443 -0.337684 -1.47792
      vertex -4.19149 -0.284007 -1.44571
    endloop
  endfacet
  facet normal 0.733287 -0.666716 0.133343
    outer loop
      vertex -4.19149 -0.284007 -1.44571
      vertex -4.20475 -0.308001 -1.49276
      vertex -4.19149 -0.294753 -1.49944
    endloop
  endfacet
  facet normal 0.733392 -0.666616 0.133263
    outer loop
      vertex -4.19149 -0.284007 -1.44571
      vertex -4.23239 -0.335647 -1.47894
      vertex -4.20475 -0.308001 -1.49276
    endloop
  endfacet
  facet normal 0.732986 -0.66688 0.134173
    outer loop
      vertex -4.23239 -0.335647 -1.47894
      vertex -4.19149 -0.284007 -1.44571
      vertex -4.23443 -0.337684 -1.47792
    endloop
  endfacet
  facet normal -0.333333 0.666667 0.666667
    outer loop
      vertex -8.19149 0.215992 -3.94571
      vertex -8.19149 -1.78401 -1.94571
      vertex -6.19149 1.21599 -3.94571
    endloop
  endfacet
  facet normal 0.332851 -0.666716 -0.666858
    outer loop
      vertex -6.18225 0.211373 -5.93648
      vertex -6.19149 0.20661 -5.93633
      vertex -6.19149 0.215992 -5.94571
    endloop
  endfacet
  facet normal -0.333333 0.666664 0.666669
    outer loop
      vertex -4.19149 -0.284007 -1.44571
      vertex -8.19149 -1.78401 -1.94571
      vertex -6.19149 -1.78401 -0.945714
    endloop
  endfacet
  facet normal -0.408248 0.816497 -0.408248
    outer loop
      vertex -6.19149 1.21599 -3.94571
      vertex -8.19149 -0.784007 -5.94571
      vertex -8.19149 0.215992 -3.94571
    endloop
  endfacet
  facet normal 0.667132 0.667132 -0.331468
    outer loop
      vertex -6.15167 1.17459 -3.94889
      vertex -6.19149 1.21599 -3.94571
      vertex -6.1485 1.173 -3.94571
    endloop
  endfacet
  facet normal 0.666609 0.666766 -0.333249
    outer loop
      vertex -6.16764 1.1812 -3.96761
      vertex -6.19149 1.21599 -3.94571
      vertex -6.15167 1.17459 -3.94889
    endloop
  endfacet
  facet normal 0.666529 0.666786 -0.333369
    outer loop
      vertex -6.18225 1.18724 -3.98474
      vertex -6.19149 1.21599 -3.94571
      vertex -6.16764 1.1812 -3.96761
    endloop
  endfacet
  facet normal 0.666513 0.666797 -0.33338
    outer loop
      vertex -6.18225 1.09548 -4.16827
      vertex -6.19149 1.21599 -3.94571
      vertex -6.18225 1.18724 -3.98474
    endloop
  endfacet
  facet normal 0.666426 0.666859 -0.33343
    outer loop
      vertex -6.19149 0.215992 -5.94571
      vertex -6.18225 1.09548 -4.16827
      vertex -6.18225 0.211373 -5.93648
    endloop
  endfacet
  facet normal 0.666275 0.66698 -0.33349
    outer loop
      vertex -6.18225 1.09548 -4.16827
      vertex -6.19149 0.215992 -5.94571
      vertex -6.19149 1.21599 -3.94571
    endloop
  endfacet
  facet normal -1 0 0
    outer loop
      vertex -8.19149 0.215992 -3.94571
      vertex -8.19149 -1.85232 -2.44468
      vertex -8.19149 -1.70434 -2.14873
    endloop
  endfacet
  facet normal -1 -0 0
    outer loop
      vertex -8.19149 0.215992 -3.94571
      vertex -8.19149 -2.66323 -4.0665
      vertex -8.19149 -1.85232 -2.44468
    endloop
  endfacet
  facet normal -1 0 0
    outer loop
      vertex -8.19149 -2.66323 -4.0665
      vertex -8.19149 0.215992 -3.94571
      vertex -8.19149 -0.784007 -5.94571
    endloop
  endfacet
  facet normal -1 0 0
    outer loop
      vertex -8.19149 -1.70434 -2.14873
      vertex -8.19149 -1.78401 -1.94571
      vertex -8.19149 0.215992 -3.94571
    endloop
  endfacet
  facet normal -1 0 -0
    outer loop
      vertex -8.19149 -1.78401 -1.94571
      vertex -8.19149 -1.70434 -2.14873
      vertex -8.19149 -1.82513 -2.02795
    endloop
  endfacet
  facet normal -0.218198 -0.872895 0.436398
    outer loop
      vertex -8.14854 -1.80549 -1.9672
      vertex -6.19149 -1.78401 -0.945714
      vertex -8.19149 -1.78401 -1.94571
    endloop
  endfacet
  facet normal -0.21821 -0.872881 0.43642
    outer loop
      vertex -6.19149 -1.78401 -0.945714
      vertex -8.14854 -1.80549 -1.9672
      vertex -6.19149 -1.80549 -0.988676
    endloop
  endfacet
  facet normal -0.219624 -0.873605 0.434257
    outer loop
      vertex -8.19149 -1.78401 -1.94571
      vertex -8.14941 -1.80549 -1.96764
      vertex -8.14854 -1.80549 -1.9672
    endloop
  endfacet
  facet normal -0.221385 -0.874433 0.431689
    outer loop
      vertex -8.19149 -1.78401 -1.94571
      vertex -8.14962 -1.80558 -1.96793
      vertex -8.14941 -1.80549 -1.96764
    endloop
  endfacet
  facet normal -0.218069 -0.872901 0.436451
    outer loop
      vertex -8.14962 -1.80558 -1.96793
      vertex -8.19149 -1.78401 -1.94571
      vertex -8.19149 -1.82513 -2.02795
    endloop
  endfacet
  facet normal -0.333334 0.666667 0.666666
    outer loop
      vertex -6.19149 1.21599 -3.94571
      vertex -8.19149 -1.78401 -1.94571
      vertex -4.19149 -0.284007 -1.44571
    endloop
  endfacet
  facet normal 0.70007 0.700233 -0.139914
    outer loop
      vertex -6.19149 1.21599 -3.94571
      vertex -4.19149 -0.294753 -1.49944
      vertex -6.13966 1.16638 -3.93466
    endloop
  endfacet
  facet normal 0.700078 0.700078 -0.140649
    outer loop
      vertex -6.19149 1.21599 -3.94571
      vertex -6.13966 1.16638 -3.93466
      vertex -6.1485 1.173 -3.94571
    endloop
  endfacet
  facet normal 0.70014 0.700141 -0.140028
    outer loop
      vertex -4.19149 -0.294753 -1.49944
      vertex -6.19149 1.21599 -3.94571
      vertex -4.19149 -0.284007 -1.44571
    endloop
  endfacet
  facet normal -0.408248 0.816497 -0.408248
    outer loop
      vertex -6.19149 0.215992 -5.94571
      vertex -8.19149 -0.784007 -5.94571
      vertex -6.19149 1.21599 -3.94571
    endloop
  endfacet
  facet normal 0.333225 -0.666692 -0.666696
    outer loop
      vertex -8.19149 -0.784007 -5.94571
      vertex -8.14997 -0.828995 -5.87997
      vertex -8.19149 -2.66323 -4.0665
    endloop
  endfacet
  facet normal 0.333401 -0.666573 -0.666726
    outer loop
      vertex -8.19149 -0.784007 -5.94571
      vertex -8.14939 -0.803049 -5.90562
      vertex -8.14997 -0.828995 -5.87997
    endloop
  endfacet
  facet normal 0.333206 -0.666778 -0.666619
    outer loop
      vertex -8.19149 -0.784007 -5.94571
      vertex -8.12419 -0.790056 -5.90602
      vertex -8.14939 -0.803049 -5.90562
    endloop
  endfacet
  facet normal 0.3333 -0.6666 -0.66675
    outer loop
      vertex -6.19149 0.215992 -5.94571
      vertex -8.12419 -0.790056 -5.90602
      vertex -8.19149 -0.784007 -5.94571
    endloop
  endfacet
  facet normal 0.333302 -0.666604 -0.666744
    outer loop
      vertex -8.12419 -0.790056 -5.90602
      vertex -6.19149 0.215992 -5.94571
      vertex -6.20102 0.201695 -5.93618
    endloop
  endfacet
  facet normal -0.333364 0.66659 0.666728
    outer loop
      vertex -8.14617 -0.925039 -6.14036
      vertex -8.15815 -0.92984 -6.14155
      vertex -8.14629 -0.92984 -6.13562
    endloop
  endfacet
  facet normal -0.333419 0.666781 0.66651
    outer loop
      vertex -8.15815 -0.92984 -6.14155
      vertex -8.14617 -0.925039 -6.14036
      vertex -8.08859 -0.895057 -6.14155
    endloop
  endfacet
  facet normal 0 0 -1
    outer loop
      vertex -5.78335 -1.48304 -8.14155
      vertex -6.15815 -0.92984 -8.14155
      vertex -5.72388 -1.36411 -8.14155
    endloop
  endfacet
  facet normal 0 0 -1
    outer loop
      vertex -8.15815 -1.92984 -8.14155
      vertex -5.78335 -1.48304 -8.14155
      vertex -6.38226 -3.67947 -8.14155
    endloop
  endfacet
  facet normal 0 0 -1
    outer loop
      vertex -8.15815 -4.92984 -8.14155
      vertex -6.38226 -3.67947 -8.14155
      vertex -6.51083 -4.92984 -8.14155
    endloop
  endfacet
  facet normal -0 0 -1
    outer loop
      vertex -6.38226 -3.67947 -8.14155
      vertex -8.15815 -4.92984 -8.14155
      vertex -8.15815 -1.92984 -8.14155
    endloop
  endfacet
  facet normal -0 0 -1
    outer loop
      vertex -5.78335 -1.48304 -8.14155
      vertex -8.15815 -1.92984 -8.14155
      vertex -6.15815 -0.92984 -8.14155
    endloop
  endfacet
  facet normal -0.408249 0.816497 -0.408248
    outer loop
      vertex -8.15815 -1.92984 -8.14155
      vertex -6.87785 -0.92984 -7.42185
      vertex -6.2068 -0.949119 -8.13146
    endloop
  endfacet
  facet normal -0.408234 0.816511 -0.408234
    outer loop
      vertex -6.15815 -0.92984 -8.14155
      vertex -6.2068 -0.949119 -8.13146
      vertex -6.16764 -0.92984 -8.13206
    endloop
  endfacet
  facet normal -0.408248 0.816497 -0.408248
    outer loop
      vertex -6.87785 -0.92984 -7.42185
      vertex -8.15815 -1.92984 -8.14155
      vertex -8.15815 -0.92984 -6.14155
    endloop
  endfacet
  facet normal -0.408235 0.81647 -0.408316
    outer loop
      vertex -8.15815 -1.92984 -8.14155
      vertex -6.2068 -0.949119 -8.13146
      vertex -6.15815 -0.92984 -8.14155
    endloop
  endfacet
  facet normal -1 0 0
    outer loop
      vertex -8.15815 -0.92984 -6.14155
      vertex -8.15815 -1.55666 -5.72911
      vertex -8.15815 -1.41374 -5.65765
    endloop
  endfacet
  facet normal -1 0 0
    outer loop
      vertex -8.15815 -1.92984 -8.14155
      vertex -8.15815 -1.55666 -5.72911
      vertex -8.15815 -0.92984 -6.14155
    endloop
  endfacet
  facet normal -1 0 0
    outer loop
      vertex -8.15815 -1.92984 -8.14155
      vertex -8.15815 -3.49598 -6.43172
      vertex -8.15815 -1.55666 -5.72911
    endloop
  endfacet
  facet normal -1 0 0
    outer loop
      vertex -8.15815 -1.92984 -8.14155
      vertex -8.15815 -3.60457 -6.46848
      vertex -8.15815 -3.49598 -6.43172
    endloop
  endfacet
  facet normal -1 0 0
    outer loop
      vertex -8.15815 -4.92984 -8.14155
      vertex -8.15815 -3.60457 -6.46848
      vertex -8.15815 -1.92984 -8.14155
    endloop
  endfacet
  facet normal -1 0 0
    outer loop
      vertex -8.15815 -3.60457 -6.46848
      vertex -8.15815 -4.92984 -8.14155
      vertex -8.15815 -4.92984 -6.68605
    endloop
  endfacet
  facet normal 0.666676 0.666655 -0.333338
    outer loop
      vertex -5.8403 -1.24662 -8.13939
      vertex -6.15815 -0.92984 -8.14155
      vertex -6.15353 -0.92984 -8.13231
    endloop
  endfacet
  facet normal 0.66735 0.66735 -0.330586
    outer loop
      vertex -6.15815 -0.92984 -8.14155
      vertex -5.8403 -1.24662 -8.13939
      vertex -5.72388 -1.36411 -8.14155
    endloop
  endfacet
  facet normal 0.66673 0.666587 -0.333365
    outer loop
      vertex -6.15353 -0.92984 -8.13231
      vertex -6.15815 -0.92984 -8.14155
      vertex -6.15815 -0.925169 -8.13221
    endloop
  endfacet
  facet normal -0.408307 0.816438 -0.408307
    outer loop
      vertex -6.15815 -0.92984 -8.14155
      vertex -6.16764 -0.92984 -8.13206
      vertex -6.15815 -0.925169 -8.13221
    endloop
  endfacet
  facet normal -0.408272 0.816473 -0.408272
    outer loop
      vertex -6.87785 -0.92984 -7.42185
      vertex -8.15815 -0.92984 -6.14155
      vertex -8.08859 -0.895057 -6.14155
    endloop
  endfacet
  facet normal -0.334182 0.666454 0.666454
    outer loop
      vertex -8.15466 -1.2611 -5.80854
      vertex -8.15815 -0.92984 -6.14155
      vertex -8.15815 -1.41374 -5.65765
    endloop
  endfacet
  facet normal -0.333331 0.666672 0.666662
    outer loop
      vertex -8.15815 -0.92984 -6.14155
      vertex -8.15466 -1.2611 -5.80854
      vertex -8.14629 -0.92984 -6.13562
    endloop
  endfacet
  facet normal 0 -1 0
    outer loop
      vertex -8.15815 -4.92984 -8.14155
      vertex -8.12698 -4.92984 -8.10849
      vertex -8.15815 -4.92984 -6.68605
    endloop
  endfacet
  facet normal 0 -1 -0
    outer loop
      vertex -8.12698 -4.92984 -8.10849
      vertex -8.15815 -4.92984 -8.14155
      vertex -6.51083 -4.92984 -8.14155
    endloop
  endfacet
  facet normal -0.0407786 -0.995787 0.0821268
    outer loop
      vertex -6.21889 -8.1892 -0.915038
      vertex -6.02899 -8.1941 -0.880159
      vertex -6.02899 -8.19366 -0.874824
    endloop
  endfacet
  facet normal -0.040619 -0.995867 0.0812308
    outer loop
      vertex -6.24149 -8.19362 -0.980527
      vertex -6.21889 -8.1892 -0.915038
      vertex -6.24149 -8.1892 -0.926339
    endloop
  endfacet
  facet normal -0.0406159 -0.995867 0.0812297
    outer loop
      vertex -6.21889 -8.1892 -0.915038
      vertex -6.24149 -8.19362 -0.980527
      vertex -6.02899 -8.1941 -0.880159
    endloop
  endfacet
  facet normal 0.659573 -0.336143 0.672288
    outer loop
      vertex -3.51842 -5.87352 0.779378
      vertex -2.47852 -6.23335 -0.420768
      vertex -0.713386 -4.00039 -1.03604
    endloop
  endfacet
  facet normal 0.65957 -0.33615 0.672288
    outer loop
      vertex -3.51842 -5.98706 0.722607
      vertex -2.47852 -6.23335 -0.420768
      vertex -3.51842 -5.87352 0.779378
    endloop
  endfacet
  facet normal 0.659574 -0.336155 0.672282
    outer loop
      vertex -4.02851 -6.22944 1.10186
      vertex -3.51842 -5.98706 0.722607
      vertex -3.68845 -5.98706 0.889423
    endloop
  endfacet
  facet normal 0.659571 -0.336145 0.672289
    outer loop
      vertex -4.02851 -6.22944 1.10186
      vertex -3.68845 -5.98706 0.889423
      vertex -4.02851 -6.21414 1.10951
    endloop
  endfacet
  facet normal 0.659573 -0.336142 0.672289
    outer loop
      vertex -3.51842 -5.98706 0.722607
      vertex -4.02851 -6.22944 1.10186
      vertex -2.47852 -6.23335 -0.420768
    endloop
  endfacet
  facet normal -0.408302 -0.408122 0.816533
    outer loop
      vertex -6.24149 -8.16659 -0.915038
      vertex -6.24149 -8.1892 -0.926339
      vertex -6.21889 -8.1892 -0.915038
    endloop
  endfacet
  facet normal -0.408174 -0.408621 0.816347
    outer loop
      vertex -8.19889 -6.2092 -0.915038
      vertex -8.19889 -6.21833 -0.919608
      vertex -8.18975 -6.21833 -0.915038
    endloop
  endfacet
  facet normal 0.529817 -0.662265 0.529811
    outer loop
      vertex -2.04644 -8.1941 -1.8625
      vertex -1.82845 -8.14469 -2.01873
      vertex -2.04635 -8.19366 -1.86204
    endloop
  endfacet
  facet normal 0.529793 -0.662327 0.529757
    outer loop
      vertex -2.04644 -8.1941 -1.8625
      vertex -1.83932 -8.18817 -2.06222
      vertex -1.82845 -8.14469 -2.01873
    endloop
  endfacet
  facet normal 0.530205 -0.661639 0.530205
    outer loop
      vertex -1.83932 -8.18817 -2.06222
      vertex -2.04644 -8.1941 -1.8625
      vertex -1.78314 -8.18817 -2.1184
    endloop
  endfacet
  facet normal 0.657248 -0.321759 0.68154
    outer loop
      vertex -1.84309 -1.82102 1.08229
      vertex -1.47072 -3.06637 0.135256
      vertex -0.713386 -4.00039 -1.03604
    endloop
  endfacet
  facet normal 0.657229 -0.321773 0.681551
    outer loop
      vertex -1.47072 -3.06637 0.135256
      vertex -1.84309 -1.82102 1.08229
      vertex -2.01661 -1.99434 1.16779
    endloop
  endfacet
  facet normal 0.657241 -0.321768 0.681543
    outer loop
      vertex -2.19073 -3.98706 0.394919
      vertex -0.713386 -4.00039 -1.03604
      vertex -1.47072 -3.06637 0.135256
    endloop
  endfacet
  facet normal 0.657176 -0.322035 0.681479
    outer loop
      vertex -0.713386 -4.00039 -1.03604
      vertex -2.19073 -3.98706 0.394919
      vertex -2.19594 -3.99372 0.396796
    endloop
  endfacet
  facet normal -0.389918 -0.411836 0.823623
    outer loop
      vertex -6.02899 -8.01797 -0.739516
      vertex -6.21889 -8.1892 -0.915038
      vertex -6.02899 -8.18962 -0.825346
    endloop
  endfacet
  facet normal -0.389936 -0.411813 0.823626
    outer loop
      vertex -4.02851 -6.21414 1.10951
      vertex -4.04244 -6.22671 1.09663
      vertex -4.02851 -6.22944 1.10186
    endloop
  endfacet
  facet normal 0.6596 -0.31941 0.680371
    outer loop
      vertex -0.531501 -2.64073 -0.574061
      vertex -0.713386 -4.00039 -1.03604
      vertex -0.410743 -2.51997 -0.63444
    endloop
  endfacet
  facet normal 0.659594 -0.319411 0.680376
    outer loop
      vertex -1.11148 -3.2207 -0.284071
      vertex -0.713386 -4.00039 -1.03604
      vertex -0.531501 -2.64073 -0.574061
    endloop
  endfacet
  facet normal 0.659736 -0.319269 0.680306
    outer loop
      vertex -1.84309 -1.82102 1.08229
      vertex -1.11148 -3.2207 -0.284071
      vertex -1.83224 -1.81017 1.07686
    endloop
  endfacet
  facet normal 0.659636 -0.31937 0.680356
    outer loop
      vertex -1.11148 -3.2207 -0.284071
      vertex -1.84309 -1.82102 1.08229
      vertex -0.713386 -4.00039 -1.03604
    endloop
  endfacet
  facet normal 0.664892 -0.340286 0.664924
    outer loop
      vertex 1.26661 -5.9804 -4.00604
      vertex 1.09805 -6.09827 -3.89781
      vertex 1.16919 -6.16952 -4.00541
    endloop
  endfacet
  facet normal -0.0204488 0.00210266 -0.999789
    outer loop
      vertex -4.89724 -5.16144 -8.17504
      vertex -6.51083 -4.92984 -8.14155
      vertex -6.38226 -3.67947 -8.14155
    endloop
  endfacet
  facet normal -0.0204494 0.00209868 -0.999789
    outer loop
      vertex -8.12794 -5.1994 -8.10904
      vertex -6.51083 -4.92984 -8.14155
      vertex -4.89724 -5.16144 -8.17504
    endloop
  endfacet
  facet normal -0.0204517 0.00211277 -0.999789
    outer loop
      vertex -6.51083 -4.92984 -8.14155
      vertex -8.12794 -5.1994 -8.10904
      vertex -8.12698 -4.92984 -8.10849
    endloop
  endfacet
  facet normal -0.000998208 -0.999981 -0.0061463
    outer loop
      vertex -8.19889 -8.1892 -4.87504
      vertex -8.16982 -8.18755 -5.14821
      vertex -7.61227 -8.18982 -4.86944
    endloop
  endfacet
  facet normal -0.00105174 -0.999981 -0.006152
    outer loop
      vertex -8.16982 -8.18755 -5.14821
      vertex -8.19889 -8.1892 -4.87504
      vertex -8.16982 -8.18108 -6.19988
    endloop
  endfacet
  facet normal -0.00100481 -0.99998 -0.00616635
    outer loop
      vertex -3.86779 -8.19234 -5.06903
      vertex -3.58695 -8.19409 -4.831
      vertex -4.44244 -8.19318 -4.83917
    endloop
  endfacet
  facet normal -0.000993497 -0.99998 -0.00617969
    outer loop
      vertex -3.58695 -8.19409 -4.831
      vertex -3.86779 -8.19234 -5.06903
      vertex -3.55318 -8.19404 -4.84452
    endloop
  endfacet
  facet normal -0.338051 0.654681 0.676103
    outer loop
      vertex -6.24149 -3.98882 1.1012
      vertex -6.24149 -4.0147 1.12626
      vertex -6.21889 -4.0147 1.13756
    endloop
  endfacet
  facet normal -0.341408 0.654017 0.675057
    outer loop
      vertex -8.15414 -2.01686 -1.76525
      vertex -8.14854 -1.80549 -1.9672
      vertex -8.14941 -1.80549 -1.96764
    endloop
  endfacet
  facet normal -0.337981 0.654825 0.675998
    outer loop
      vertex -8.14854 -1.80549 -1.9672
      vertex -8.15414 -2.01686 -1.76525
      vertex -7.96391 -2.01686 -1.67014
    endloop
  endfacet
  facet normal -0.321177 0.657795 0.681286
    outer loop
      vertex -1.84309 -1.82102 1.08229
      vertex -2.9441 -1.28677 0.0474134
      vertex -2.08233 -1.94096 1.08531
    endloop
  endfacet
  facet normal -0.321167 0.657806 0.68128
    outer loop
      vertex -4.18939 -0.31952 -1.47356
      vertex -2.9441 -1.28677 0.0474134
      vertex -1.84309 -1.82102 1.08229
    endloop
  endfacet
  facet normal -0.321165 0.657807 0.68128
    outer loop
      vertex -4.18939 -0.31952 -1.47356
      vertex -4.01038 -2.17139 0.398895
      vertex -2.9441 -1.28677 0.0474134
    endloop
  endfacet
  facet normal -0.321173 0.657805 0.681278
    outer loop
      vertex -4.18939 -0.31952 -1.47356
      vertex -5.00274 -2.9947 0.726013
      vertex -4.01038 -2.17139 0.398895
    endloop
  endfacet
  facet normal -0.321159 0.657806 0.681284
    outer loop
      vertex -4.18939 -0.31952 -1.47356
      vertex -6.01038 -3.83068 1.05818
      vertex -5.00274 -2.9947 0.726013
    endloop
  endfacet
  facet normal -0.321222 0.657831 0.68123
    outer loop
      vertex -6.01038 -3.83068 1.05818
      vertex -6.21889 -4.0147 1.13756
      vertex -6.01038 -3.91016 1.13493
    endloop
  endfacet
  facet normal -0.321189 0.657809 0.681267
    outer loop
      vertex -6.21889 -4.0147 1.13756
      vertex -6.01038 -3.83068 1.05818
      vertex -4.18939 -0.31952 -1.47356
    endloop
  endfacet
  facet normal -0.0406083 -0.995861 0.0813145
    outer loop
      vertex -6.02899 -8.18962 -0.825346
      vertex -6.21889 -8.1892 -0.915038
      vertex -6.02899 -8.19366 -0.874824
    endloop
  endfacet
  facet normal -0.317962 0.659061 0.68157
    outer loop
      vertex -1.83224 -1.81017 1.07686
      vertex -1.84423 -1.80098 1.06238
      vertex -1.84309 -1.82102 1.08229
    endloop
  endfacet
  facet normal -0.318056 0.658895 0.681687
    outer loop
      vertex -1.10336 0.809298 -1.11495
      vertex -2.02129 1.2906 -2.00844
      vertex -1.94549 -0.032856 -0.693868
    endloop
  endfacet
  facet normal 0.557108 0.742759 -0.371403
    outer loop
      vertex -2.02129 0.300603 -4.97844
      vertex -2.09813 0.342381 -5.01015
      vertex -2.04358 0.322897 -4.96729
    endloop
  endfacet
  facet normal 0.557133 0.742615 -0.371653
    outer loop
      vertex -4.00129 1.2906 -5.96844
      vertex -2.09813 0.342381 -5.01015
      vertex -2.02129 0.300603 -4.97844
    endloop
  endfacet
  facet normal 0.557162 0.742514 -0.37181
    outer loop
      vertex -2.09813 0.342381 -5.01015
      vertex -4.00129 1.2906 -5.96844
      vertex -4.00129 1.29396 -5.96173
    endloop
  endfacet
  facet normal 0.012191 -0.999833 -0.0135958
    outer loop
      vertex -3.54257 -8.19401 -4.84878
      vertex -3.68748 -8.1918 -5.14124
      vertex -3.53637 -8.1939 -4.85131
    endloop
  endfacet
  facet normal 0.0115128 -0.999846 -0.0132424
    outer loop
      vertex -3.67344 -8.19145 -5.15546
      vertex -3.53637 -8.1939 -4.85131
      vertex -3.68748 -8.1918 -5.14124
    endloop
  endfacet
  facet normal 0.0114816 -0.999847 -0.0132284
    outer loop
      vertex -3.03897 -8.17484 -5.86021
      vertex -3.53637 -8.1939 -4.85131
      vertex -3.67344 -8.19145 -5.15546
    endloop
  endfacet
  facet normal 0.0113475 -0.999847 -0.0132945
    outer loop
      vertex -3.53637 -8.1939 -4.85131
      vertex -3.03897 -8.17484 -5.86021
      vertex -3.52981 -8.194 -4.83819
    endloop
  endfacet
  facet normal 0.0114754 -0.999847 -0.013234
    outer loop
      vertex -3.67344 -8.19145 -5.15546
      vertex -4.25742 -8.17484 -6.91675
      vertex -3.03897 -8.17484 -5.86021
    endloop
  endfacet
  facet normal 0.0114659 -0.999847 -0.0132308
    outer loop
      vertex -5.15031 -8.1693 -8.10919
      vertex -4.25742 -8.17484 -6.91675
      vertex -3.67344 -8.19145 -5.15546
    endloop
  endfacet
  facet normal 0.0114421 -0.999847 -0.013213
    outer loop
      vertex -4.25742 -8.17484 -6.91675
      vertex -5.15031 -8.1693 -8.10919
      vertex -4.85664 -8.16586 -8.11519
    endloop
  endfacet
  facet normal -0.999753 0.00360518 -0.0219076
    outer loop
      vertex -8.12698 -4.92984 -8.10849
      vertex -8.12794 -5.1994 -8.10904
      vertex -8.15815 -4.92984 -6.68605
    endloop
  endfacet
  facet normal -0.999753 0.00359785 -0.0219153
    outer loop
      vertex -8.15815 -4.92984 -6.68605
      vertex -8.19889 -5.2192 -4.87504
      vertex -8.15815 -3.60457 -6.46848
    endloop
  endfacet
  facet normal -0.999753 0.00362382 -0.0219112
    outer loop
      vertex -8.19889 -5.2192 -4.87504
      vertex -8.15815 -4.92984 -6.68605
      vertex -8.12794 -5.1994 -8.10904
    endloop
  endfacet
  facet normal -0.366945 0.733823 0.571712
    outer loop
      vertex -5.95632 1.28844 -3.96964
      vertex -6.15167 1.17459 -3.94889
      vertex -5.94475 1.28102 -3.95269
    endloop
  endfacet
  facet normal -0.366824 0.733665 0.571993
    outer loop
      vertex -6.15167 1.17459 -3.94889
      vertex -5.95632 1.28844 -3.96964
      vertex -6.16764 1.1812 -3.96761
    endloop
  endfacet
  facet normal -0.00108267 -0.999996 -0.00257096
    outer loop
      vertex -6.01974 -8.19412 -3.84579
      vertex -6.16982 -8.19318 -4.14821
      vertex -5.9996 -8.19409 -3.86594
    endloop
  endfacet
  facet normal -0.00103107 -0.999996 -0.00259657
    outer loop
      vertex -6.01974 -8.19412 -3.84579
      vertex -7.61227 -8.18982 -4.86944
      vertex -6.16982 -8.19318 -4.14821
    endloop
  endfacet
  facet normal -0.00103213 -0.999996 -0.00259492
    outer loop
      vertex -7.61227 -8.18982 -4.86944
      vertex -6.01974 -8.19412 -3.84579
      vertex -8.19889 -8.1892 -4.87504
    endloop
  endfacet
  facet normal -0.00103894 -0.999996 -0.00259733
    outer loop
      vertex -4.44244 -8.19318 -4.83917
      vertex -5.9996 -8.19409 -3.86594
      vertex -6.16982 -8.19318 -4.14821
    endloop
  endfacet
  facet normal -0.00103891 -0.999996 -0.00259727
    outer loop
      vertex -5.9996 -8.19409 -3.86594
      vertex -4.44244 -8.19318 -4.83917
      vertex -3.58695 -8.19409 -4.831
    endloop
  endfacet
  facet normal -0.410382 -0.39741 0.820763
    outer loop
      vertex -8.19889 -6.00874 -0.817976
      vertex -8.19889 -6.2092 -0.915038
      vertex -8.01803 -6.00874 -0.727546
    endloop
  endfacet
  facet normal -0.410351 -0.397568 0.820702
    outer loop
      vertex -6.24149 -4.0147 1.12626
      vertex -6.24149 -4.03974 1.11413
      vertex -6.21889 -4.0147 1.13756
    endloop
  endfacet
  facet normal -0.391986 -0.400931 0.82801
    outer loop
      vertex -6.21889 -4.0147 1.13756
      vertex -6.21889 -6.2092 0.0749598
      vertex -4.02851 -6.21414 1.10951
    endloop
  endfacet
  facet normal 0.557172 0.742479 -0.371867
    outer loop
      vertex -2.18637 0.290186 -5.24658
      vertex -4.00129 1.2906 -5.96844
      vertex -2.02129 0.300603 -4.97844
    endloop
  endfacet
  facet normal 0.557172 0.742478 -0.371869
    outer loop
      vertex -3.96482 1.17941 -6.1358
      vertex -4.00129 1.2906 -5.96844
      vertex -2.18637 0.290186 -5.24658
    endloop
  endfacet
  facet normal 0.557164 0.742481 -0.371873
    outer loop
      vertex -4.00129 1.2906 -5.96844
      vertex -3.96482 1.17941 -6.1358
      vertex -3.99802 1.19047 -6.16346
    endloop
  endfacet
  facet normal -0.801635 0.422701 0.422736
    outer loop
      vertex -8.19149 -1.70434 -2.14873
      vertex -8.19889 -2.03469 -1.83244
      vertex -8.19149 -1.82513 -2.02795
    endloop
  endfacet
  facet normal -0.802237 0.42216 0.422133
    outer loop
      vertex -8.14962 -1.80558 -1.96793
      vertex -8.19149 -1.82513 -2.02795
      vertex -8.19889 -2.03469 -1.83244
    endloop
  endfacet
  facet normal 0.0134396 -0.999866 -0.00934182
    outer loop
      vertex -2.04726 -8.19409 -1.86475
      vertex -1.78314 -8.18817 -2.1184
      vertex -2.04644 -8.1941 -1.8625
    endloop
  endfacet
  facet normal 0.0151408 -0.999857 -0.0075701
    outer loop
      vertex -1.78314 -8.18817 -2.1184
      vertex -2.04726 -8.19409 -1.86475
      vertex -1.90254 -8.18817 -2.35721
    endloop
  endfacet
  facet normal 0.656831 -0.323471 0.681131
    outer loop
      vertex -4.02041 -5.98706 1.20954
      vertex -4.02851 -6.21414 1.10951
      vertex -3.68845 -5.98706 0.889423
    endloop
  endfacet
  facet normal 0.656795 -0.323483 0.68116
    outer loop
      vertex -4.02851 -6.21414 1.10951
      vertex -4.02041 -5.98706 1.20954
      vertex -4.02461 -5.74225 1.32985
    endloop
  endfacet
  facet normal 0.656832 -0.323473 0.681129
    outer loop
      vertex -2.94252 -5.05492 0.612772
      vertex -0.713386 -4.00039 -1.03604
      vertex -2.19594 -3.99372 0.396796
    endloop
  endfacet
  facet normal 0.656831 -0.323465 0.681134
    outer loop
      vertex -0.713386 -4.00039 -1.03604
      vertex -2.94252 -5.05492 0.612772
      vertex -3.51842 -5.87352 0.779378
    endloop
  endfacet
  facet normal 0.639449 0.639827 -0.426293
    outer loop
      vertex -1.79909 -2.01159 -8.17284
      vertex -2.00529 -1.80314 -8.16928
      vertex -1.81823 -1.78614 -7.86317
    endloop
  endfacet
  facet normal 0.659597 -0.319405 0.680377
    outer loop
      vertex -0.410743 -2.51997 -0.63444
      vertex 1.26661 -2.0204 -2.02604
      vertex 0.86453 -1.24471 -1.27209
    endloop
  endfacet
  facet normal 0.659597 -0.31941 0.680374
    outer loop
      vertex 1.26661 -2.0204 -2.02604
      vertex -0.410743 -2.51997 -0.63444
      vertex -0.713386 -4.00039 -1.03604
    endloop
  endfacet
  facet normal 0.710151 0.644205 -0.284052
    outer loop
      vertex 0.954277 -1.8015 -2.31045
      vertex 1.15648 -1.82271 -1.85303
      vertex 1.26661 -2.0204 -2.02604
    endloop
  endfacet
  facet normal 0.710116 0.644224 -0.284096
    outer loop
      vertex 0.86453 -1.24471 -1.27209
      vertex 1.26661 -2.0204 -2.02604
      vertex 1.15648 -1.82271 -1.85303
    endloop
  endfacet
  facet normal -0.424059 0.810025 -0.405011
    outer loop
      vertex -5.98129 0.300603 -5.96844
      vertex -6.18225 1.09548 -4.16827
      vertex -5.98129 1.2906 -3.98844
    endloop
  endfacet
  facet normal -0.424074 0.810017 -0.40501
    outer loop
      vertex -6.18225 1.09548 -4.16827
      vertex -5.98129 0.300603 -5.96844
      vertex -6.18225 0.211373 -5.93648
    endloop
  endfacet
  facet normal -0.424061 0.810007 -0.405043
    outer loop
      vertex -6.20102 0.201695 -5.93618
      vertex -8.14939 -0.81452 -5.92856
      vertex -8.12419 -0.790056 -5.90602
    endloop
  endfacet
  facet normal -0.424057 0.809859 -0.405344
    outer loop
      vertex -5.98129 0.300603 -5.96844
      vertex -6.20102 0.201695 -5.93618
      vertex -6.19149 0.20661 -5.93633
    endloop
  endfacet
  facet normal -0.424061 0.809896 -0.405266
    outer loop
      vertex -5.98129 0.300603 -5.96844
      vertex -6.19149 0.20661 -5.93633
      vertex -6.18225 0.211373 -5.93648
    endloop
  endfacet
  facet normal -0.424082 0.810049 -0.404938
    outer loop
      vertex -6.20102 0.201695 -5.93618
      vertex -5.98129 0.300603 -5.96844
      vertex -8.14939 -0.81452 -5.92856
    endloop
  endfacet
  facet normal -0.00225882 -0.999997 0
    outer loop
      vertex -6.24149 -8.19362 -0.980527
      vertex -6.02899 -8.1941 -3.83655
      vertex -6.02899 -8.1941 -0.880159
    endloop
  endfacet
  facet normal -0.00225882 -0.999997 0
    outer loop
      vertex -6.24149 -8.19362 -3.88155
      vertex -6.02899 -8.1941 -3.83655
      vertex -6.24149 -8.19362 -0.980527
    endloop
  endfacet
  facet normal -0.00224191 -0.999997 -7.98401e-05
    outer loop
      vertex -6.24149 -8.19362 -3.88155
      vertex -6.01974 -8.19412 -3.84579
      vertex -6.02899 -8.1941 -3.83655
    endloop
  endfacet
  facet normal -0.00225809 -0.999997 0
    outer loop
      vertex -8.19889 -8.1892 -4.87504
      vertex -6.24149 -8.19362 -3.88155
      vertex -8.19889 -8.1892 -4.86025
    endloop
  endfacet
  facet normal -0.00225325 -0.999997 -9.54693e-06
    outer loop
      vertex -6.24149 -8.19362 -3.88155
      vertex -8.19889 -8.1892 -4.87504
      vertex -6.01974 -8.19412 -3.84579
    endloop
  endfacet
  facet normal -0.379681 -0.388822 0.83944
    outer loop
      vertex -6.21889 -4.0147 1.13756
      vertex -4.02461 -5.74225 1.32985
      vertex -5.36652 -4.00345 1.5283
    endloop
  endfacet
  facet normal -0.379681 -0.388822 0.83944
    outer loop
      vertex -4.02461 -5.74225 1.32985
      vertex -6.21889 -4.0147 1.13756
      vertex -4.02851 -6.21414 1.10951
    endloop
  endfacet
  facet normal -0.389931 -0.411818 0.823626
    outer loop
      vertex -4.02851 -6.21414 1.10951
      vertex -4.05806 -6.22364 1.09077
      vertex -4.04244 -6.22671 1.09663
    endloop
  endfacet
  facet normal -0.389944 -0.411792 0.823633
    outer loop
      vertex -4.02851 -6.21414 1.10951
      vertex -6.02899 -6.23527 0.15183
      vertex -4.05806 -6.22364 1.09077
    endloop
  endfacet
  facet normal -0.389931 -0.411856 0.823607
    outer loop
      vertex -6.21889 -6.2092 0.0749598
      vertex -6.02899 -6.23527 0.15183
      vertex -4.02851 -6.21414 1.10951
    endloop
  endfacet
  facet normal -0.389933 -0.411812 0.823628
    outer loop
      vertex -6.21889 -6.2092 0.0749598
      vertex -6.02899 -8.01797 -0.739516
      vertex -6.02899 -6.23527 0.15183
    endloop
  endfacet
  facet normal -0.389941 -0.411811 0.823625
    outer loop
      vertex -6.02899 -8.01797 -0.739516
      vertex -6.21889 -6.2092 0.0749598
      vertex -6.21889 -8.1892 -0.915038
    endloop
  endfacet
  facet normal 0.620402 0.744037 -0.248012
    outer loop
      vertex -2.02129 1.2906 -2.00844
      vertex -2.03796 0.333261 -4.92216
      vertex -2.03796 1.29894 -2.02512
    endloop
  endfacet
  facet normal 0.620344 0.74416 -0.247787
    outer loop
      vertex -2.04202 0.322116 -4.96573
      vertex -2.02129 0.300603 -4.97844
      vertex -2.04358 0.322897 -4.96729
    endloop
  endfacet
  facet normal 0.620158 0.744195 -0.24815
    outer loop
      vertex -2.03796 0.333261 -4.92216
      vertex -2.02129 0.300603 -4.97844
      vertex -2.04202 0.322116 -4.96573
    endloop
  endfacet
  facet normal 0.620349 0.744077 -0.248025
    outer loop
      vertex -2.02129 0.300603 -4.97844
      vertex -2.03796 0.333261 -4.92216
      vertex -2.02129 1.2906 -2.00844
    endloop
  endfacet
  facet normal 0.627124 0.738985 -0.246204
    outer loop
      vertex -1.83943 1.18587 -1.85956
      vertex -2.02129 1.2906 -2.00844
      vertex -1.10336 0.809298 -1.11495
    endloop
  endfacet
  facet normal 0.627153 0.738938 -0.246272
    outer loop
      vertex -1.8414 1.17941 -1.88396
      vertex -2.02129 1.2906 -2.00844
      vertex -1.83943 1.18587 -1.85956
    endloop
  endfacet
  facet normal 0.627163 0.738918 -0.246305
    outer loop
      vertex -1.8414 0.288799 -4.5558
      vertex -2.02129 1.2906 -2.00844
      vertex -1.8414 1.17941 -1.88396
    endloop
  endfacet
  facet normal 0.627164 0.738917 -0.246305
    outer loop
      vertex -2.02129 1.2906 -2.00844
      vertex -1.8414 0.288799 -4.5558
      vertex -2.02129 0.300603 -4.97844
    endloop
  endfacet
  facet normal -0.789593 0.429169 0.438584
    outer loop
      vertex -8.19889 -2.03469 -1.83244
      vertex -8.14941 -1.80549 -1.96764
      vertex -8.14962 -1.80558 -1.96793
    endloop
  endfacet
  facet normal -0.802161 0.422225 0.422212
    outer loop
      vertex -8.14941 -1.80549 -1.96764
      vertex -8.19889 -2.03469 -1.83244
      vertex -8.15414 -2.01686 -1.76525
    endloop
  endfacet
  facet normal -0.802164 0.422216 0.422216
    outer loop
      vertex -8.15414 -2.01686 -1.76525
      vertex -8.19889 -2.03469 -1.83244
      vertex -8.19889 -2.03774 -1.82939
    endloop
  endfacet
  facet normal -0.999857 0.0151462 -0.00757337
    outer loop
      vertex -8.19149 -1.85232 -2.44468
      vertex -8.19889 -2.03469 -1.83244
      vertex -8.19149 -1.70434 -2.14873
    endloop
  endfacet
  facet normal -0.99986 0.0149571 -0.00747921
    outer loop
      vertex -8.14939 -0.81452 -5.92856
      vertex -8.14997 -0.828995 -5.87997
      vertex -8.14939 -0.803049 -5.90562
    endloop
  endfacet
  facet normal -0.408528 0.816384 -0.408193
    outer loop
      vertex -5.96914 0.334293 -5.91321
      vertex -5.98129 1.2906 -3.98844
      vertex -5.96914 1.29668 -3.98844
    endloop
  endfacet
  facet normal -0.408253 0.816495 -0.408246
    outer loop
      vertex -5.96914 0.334293 -5.91321
      vertex -5.98129 0.300603 -5.96844
      vertex -5.98129 1.2906 -3.98844
    endloop
  endfacet
  facet normal -0.408202 0.816511 -0.408267
    outer loop
      vertex -5.96105 0.322162 -5.94556
      vertex -5.98129 0.300603 -5.96844
      vertex -5.96914 0.334293 -5.91321
    endloop
  endfacet
  facet normal -0.406689 0.816568 -0.409659
    outer loop
      vertex -5.98129 0.300603 -5.96844
      vertex -5.96105 0.322162 -5.94556
      vertex -5.95899 0.322897 -5.94614
    endloop
  endfacet
  facet normal -2.00664e-05 -0.999972 -0.00754371
    outer loop
      vertex -3.68763 -8.1918 -5.14109
      vertex -3.55318 -8.19404 -4.84452
      vertex -3.86779 -8.19234 -5.06903
    endloop
  endfacet
  facet normal -0.000173493 -0.999972 -0.00747416
    outer loop
      vertex -3.55318 -8.19404 -4.84452
      vertex -3.68763 -8.1918 -5.14109
      vertex -3.54257 -8.19401 -4.84878
    endloop
  endfacet
  facet normal -0.0050528 -0.999974 -0.0050528
    outer loop
      vertex -3.54257 -8.19401 -4.84878
      vertex -3.68763 -8.1918 -5.14109
      vertex -3.68748 -8.1918 -5.14124
    endloop
  endfacet
  facet normal 2.18848e-05 -0.866964 -0.498371
    outer loop
      vertex -4.89724 -8.13144 -8.17504
      vertex -5.15031 -8.1693 -8.10919
      vertex -5.16982 -8.14687 -8.14821
    endloop
  endfacet
  facet normal -3.09395e-05 -0.866876 -0.498523
    outer loop
      vertex -5.15031 -8.1693 -8.10919
      vertex -4.89724 -8.13144 -8.17504
      vertex -4.85664 -8.16586 -8.11519
    endloop
  endfacet
  facet normal 0 -0.866867 -0.498539
    outer loop
      vertex -4.85664 -8.16586 -8.11519
      vertex -4.89724 -8.13144 -8.17504
      vertex -4.88657 -8.13144 -8.17504
    endloop
  endfacet
  facet normal 0 -0.866868 -0.498538
    outer loop
      vertex -6.21027 -8.14687 -8.14821
      vertex -4.89724 -8.13144 -8.17504
      vertex -5.16982 -8.14687 -8.14821
    endloop
  endfacet
  facet normal 0.812343 -0.419697 -0.404911
    outer loop
      vertex 0.175935 -6.1706 -5.99655
      vertex 0.180913 -5.97159 -6.19284
      vertex 0.178243 -6.17059 -5.99193
    endloop
  endfacet
  facet normal 0.812048 -0.419982 -0.405208
    outer loop
      vertex 0.175935 -6.1706 -5.99655
      vertex -0.864644 -7.99122 -6.1949
      vertex 0.180913 -5.97159 -6.19284
    endloop
  endfacet
  facet normal 0.81205 -0.419984 -0.405202
    outer loop
      vertex -0.838811 -8.13264 -5.99655
      vertex -0.864644 -7.99122 -6.1949
      vertex 0.175935 -6.1706 -5.99655
    endloop
  endfacet
  facet normal 0.812048 -0.419987 -0.405204
    outer loop
      vertex -0.864644 -7.99122 -6.1949
      vertex -0.838811 -8.13264 -5.99655
      vertex -0.936766 -8.13145 -6.19409
    endloop
  endfacet
  facet normal -0.0204294 -0 -0.999791
    outer loop
      vertex -6.21027 -5.21317 -8.14821
      vertex -4.89724 -8.13144 -8.17504
      vertex -6.21027 -8.14687 -8.14821
    endloop
  endfacet
  facet normal -0.0204294 0 -0.999791
    outer loop
      vertex -4.89724 -8.13144 -8.17504
      vertex -6.21027 -5.21317 -8.14821
      vertex -4.89724 -5.16144 -8.17504
    endloop
  endfacet
  facet normal -0.0204216 -0 -0.999791
    outer loop
      vertex -8.12794 -5.1994 -8.10904
      vertex -6.21027 -5.21317 -8.14821
      vertex -8.12794 -5.21317 -8.10904
    endloop
  endfacet
  facet normal -0.0204228 -0.000167945 -0.999791
    outer loop
      vertex -6.21027 -5.21317 -8.14821
      vertex -8.12794 -5.1994 -8.10904
      vertex -4.89724 -5.16144 -8.17504
    endloop
  endfacet
  facet normal -0.012287 0.00614403 -0.999906
    outer loop
      vertex -3.90724 -3.18144 -8.17504
      vertex -5.78335 -1.48304 -8.14155
      vertex -5.72388 -1.36411 -8.14155
    endloop
  endfacet
  facet normal -0.0122874 0.00614368 -0.999906
    outer loop
      vertex -5.78335 -1.48304 -8.14155
      vertex -3.90724 -3.18144 -8.17504
      vertex -4.89724 -5.16144 -8.17504
    endloop
  endfacet
  facet normal -0.0123926 0.00610308 -0.999905
    outer loop
      vertex -5.94499 -0.812045 -8.13544
      vertex -5.72388 -1.36411 -8.14155
      vertex -5.8403 -1.24662 -8.13939
    endloop
  endfacet
  facet normal -0.0122848 0.00614625 -0.999906
    outer loop
      vertex -5.72388 -1.36411 -8.14155
      vertex -5.94499 -0.812045 -8.13544
      vertex -3.90724 -3.18144 -8.17504
    endloop
  endfacet
  facet normal 0 0 -1
    outer loop
      vertex -4.88657 -8.13144 -8.17504
      vertex -4.89724 -8.13144 -8.17504
      vertex -4.88657 -5.17484 -8.17504
    endloop
  endfacet
  facet normal 0 0 -1
    outer loop
      vertex -4.89724 -5.16144 -8.17504
      vertex -3.89566 -3.19302 -8.17504
      vertex -4.88657 -5.17484 -8.17504
    endloop
  endfacet
  facet normal -0 0 -1
    outer loop
      vertex -3.89566 -3.19302 -8.17504
      vertex -4.89724 -5.16144 -8.17504
      vertex -3.90724 -3.18144 -8.17504
    endloop
  endfacet
  facet normal 0 0 -1
    outer loop
      vertex -4.89724 -5.16144 -8.17504
      vertex -4.88657 -5.17484 -8.17504
      vertex -4.89724 -8.13144 -8.17504
    endloop
  endfacet
  facet normal -0.0177249 0.00483312 -0.999831
    outer loop
      vertex -4.89724 -5.16144 -8.17504
      vertex -6.38226 -3.67947 -8.14155
      vertex -5.78335 -1.48304 -8.14155
    endloop
  endfacet
  facet normal -0.0177276 0.00481719 -0.999831
    outer loop
      vertex -6.15353 -0.92984 -8.13231
      vertex -5.94499 -0.812045 -8.13544
      vertex -5.8403 -1.24662 -8.13939
    endloop
  endfacet
  facet normal -0.0173849 0.00421021 -0.99984
    outer loop
      vertex -6.15815 -0.925169 -8.13221
      vertex -5.94499 -0.812045 -8.13544
      vertex -6.15353 -0.92984 -8.13231
    endloop
  endfacet
  facet normal -0.0241466 0.0169592 -0.999565
    outer loop
      vertex -6.16764 -0.92984 -8.13206
      vertex -5.94499 -0.812045 -8.13544
      vertex -6.15815 -0.925169 -8.13221
    endloop
  endfacet
  facet normal -0.0172079 0.00383606 -0.999845
    outer loop
      vertex -5.94499 -0.812045 -8.13544
      vertex -6.16764 -0.92984 -8.13206
      vertex -6.2068 -0.949119 -8.13146
    endloop
  endfacet
  facet normal -0.999805 0.00658865 -0.0186381
    outer loop
      vertex -8.14629 -0.92984 -6.13562
      vertex -8.14939 -0.81452 -5.92856
      vertex -8.14617 -0.925039 -6.14036
    endloop
  endfacet
  facet normal -0.999802 0.00676328 -0.0187353
    outer loop
      vertex -8.14939 -0.81452 -5.92856
      vertex -8.14629 -0.92984 -6.13562
      vertex -8.15466 -1.2611 -5.80854
    endloop
  endfacet
  facet normal -0.999802 0.00678211 -0.0187197
    outer loop
      vertex -8.15815 -3.49598 -6.43172
      vertex -8.19889 -5.00469 -4.80244
      vertex -8.15815 -1.55666 -5.72911
    endloop
  endfacet
  facet normal -0.999855 0.0153558 -0.00736037
    outer loop
      vertex -8.14939 -0.81452 -5.92856
      vertex -8.19149 -2.66323 -4.0665
      vertex -8.14997 -0.828995 -5.87997
    endloop
  endfacet
  facet normal -0.999857 0.0151584 -0.00755637
    outer loop
      vertex -8.19149 -2.66323 -4.0665
      vertex -8.14939 -0.81452 -5.92856
      vertex -8.19889 -3.02469 -3.81244
    endloop
  endfacet
  facet normal -0.999857 0.0151466 -0.00757328
    outer loop
      vertex -8.19889 -3.02469 -3.81244
      vertex -8.19149 -1.85232 -2.44468
      vertex -8.19149 -2.66323 -4.0665
    endloop
  endfacet
  facet normal -0.999857 0.0151466 -0.00757328
    outer loop
      vertex -8.19149 -1.85232 -2.44468
      vertex -8.19889 -3.02469 -3.81244
      vertex -8.19889 -2.03469 -1.83244
    endloop
  endfacet
  facet normal -0.410542 -0.397388 0.820694
    outer loop
      vertex -6.24149 -6.00874 0.160721
      vertex -6.21889 -4.0147 1.13756
      vertex -6.24149 -4.03974 1.11413
    endloop
  endfacet
  facet normal -0.41049 -0.397399 0.820714
    outer loop
      vertex -6.21889 -4.0147 1.13756
      vertex -6.24149 -6.00874 0.160721
      vertex -6.21889 -6.2092 0.0749598
    endloop
  endfacet
  facet normal -0.410425 -0.397404 0.820744
    outer loop
      vertex -6.25702 -6.00874 0.152955
      vertex -6.21889 -6.2092 0.0749598
      vertex -6.24149 -6.00874 0.160721
    endloop
  endfacet
  facet normal -0.410381 -0.397404 0.820766
    outer loop
      vertex -8.01803 -6.00874 -0.727546
      vertex -6.21889 -6.2092 0.0749598
      vertex -6.25702 -6.00874 0.152955
    endloop
  endfacet
  facet normal -0.410381 -0.397411 0.820763
    outer loop
      vertex -6.21889 -6.2092 0.0749598
      vertex -8.01803 -6.00874 -0.727546
      vertex -8.19889 -6.2092 -0.915038
    endloop
  endfacet
  facet normal -0.408399 -0.408217 0.816437
    outer loop
      vertex -6.24149 -8.16659 -0.915038
      vertex -6.21889 -6.2092 0.0749598
      vertex -6.24149 -6.21833 0.0590898
    endloop
  endfacet
  facet normal -0.408173 -0.408623 0.816347
    outer loop
      vertex -8.19889 -6.2092 -0.915038
      vertex -6.24149 -6.21833 0.0590898
      vertex -6.21889 -6.2092 0.0749598
    endloop
  endfacet
  facet normal -0.408173 -0.40862 0.816348
    outer loop
      vertex -6.24149 -6.21833 0.0590898
      vertex -8.19889 -6.2092 -0.915038
      vertex -8.18975 -6.21833 -0.915038
    endloop
  endfacet
  facet normal -0.408398 -0.408218 0.816437
    outer loop
      vertex -6.21889 -6.2092 0.0749598
      vertex -6.24149 -8.16659 -0.915038
      vertex -6.21889 -8.1892 -0.915038
    endloop
  endfacet
  facet normal -0.320739 0.658179 0.681121
    outer loop
      vertex -2.02129 1.2906 -2.00844
      vertex -1.99063 -0.0718167 -0.677476
      vertex -1.94549 -0.032856 -0.693868
    endloop
  endfacet
  facet normal -0.320753 0.658176 0.681118
    outer loop
      vertex -4.18939 -0.31952 -1.47356
      vertex -1.99063 -0.0718167 -0.677476
      vertex -2.02129 1.2906 -2.00844
    endloop
  endfacet
  facet normal -0.320754 0.658174 0.68112
    outer loop
      vertex -1.99063 -0.0718167 -0.677476
      vertex -4.18939 -0.31952 -1.47356
      vertex -2.98371 -0.929005 -0.316828
    endloop
  endfacet
  facet normal -0.320492 0.658387 0.681037
    outer loop
      vertex -2.98371 -0.929005 -0.316828
      vertex -1.84309 -1.82102 1.08229
      vertex -1.84423 -1.80098 1.06238
    endloop
  endfacet
  facet normal -0.320736 0.658192 0.681111
    outer loop
      vertex -1.84309 -1.82102 1.08229
      vertex -2.98371 -0.929005 -0.316828
      vertex -4.18939 -0.31952 -1.47356
    endloop
  endfacet
  facet normal -0.331236 0.668891 0.665483
    outer loop
      vertex -2.03796 1.29894 -2.02512
      vertex -2.05027 1.28973 -2.02199
      vertex -2.02129 1.2906 -2.00844
    endloop
  endfacet
  facet normal -0.331549 0.668412 0.665808
    outer loop
      vertex -5.94475 1.28102 -3.95269
      vertex -6.13966 1.16638 -3.93466
      vertex -5.80528 1.17646 -3.77827
    endloop
  endfacet
  facet normal -0.331585 0.668462 0.66574
    outer loop
      vertex -6.13966 1.16638 -3.93466
      vertex -5.94475 1.28102 -3.95269
      vertex -6.1485 1.173 -3.94571
    endloop
  endfacet
  facet normal -0.33182 0.668871 0.665212
    outer loop
      vertex -6.1485 1.173 -3.94571
      vertex -5.94475 1.28102 -3.95269
      vertex -6.15167 1.17459 -3.94889
    endloop
  endfacet
  facet normal -0.331766 0.66796 0.666154
    outer loop
      vertex -4.18939 -0.31952 -1.47356
      vertex -4.19149 -0.294753 -1.49944
      vertex -4.20475 -0.308001 -1.49276
    endloop
  endfacet
  facet normal -0.33172 0.667994 0.666143
    outer loop
      vertex -4.03902 -0.148236 -1.57044
      vertex -4.18939 -0.31952 -1.47356
      vertex -4.00149 -0.167005 -1.53293
    endloop
  endfacet
  facet normal -0.332077 0.66826 0.665698
    outer loop
      vertex -4.18939 -0.31952 -1.47356
      vertex -3.97328 -0.150566 -1.53536
      vertex -4.00149 -0.167005 -1.53293
    endloop
  endfacet
  facet normal -0.331714 0.667969 0.666171
    outer loop
      vertex -2.02129 1.2906 -2.00844
      vertex -3.97328 -0.150566 -1.53536
      vertex -4.18939 -0.31952 -1.47356
    endloop
  endfacet
  facet normal -0.331601 0.667868 0.666328
    outer loop
      vertex -3.97328 -0.150566 -1.53536
      vertex -2.02129 1.2906 -2.00844
      vertex -2.05027 1.28973 -2.02199
    endloop
  endfacet
  facet normal -0.33169 0.667982 0.666169
    outer loop
      vertex -4.18939 -0.31952 -1.47356
      vertex -4.03902 -0.148236 -1.57044
      vertex -4.19149 -0.294753 -1.49944
    endloop
  endfacet
  facet normal -0.331703 0.66799 0.666155
    outer loop
      vertex -5.80528 1.17646 -3.77827
      vertex -4.19149 -0.294753 -1.49944
      vertex -4.03902 -0.148236 -1.57044
    endloop
  endfacet
  facet normal -0.331698 0.667993 0.666154
    outer loop
      vertex -4.19149 -0.294753 -1.49944
      vertex -5.80528 1.17646 -3.77827
      vertex -6.13966 1.16638 -3.93466
    endloop
  endfacet
  facet normal -0.324658 0.65949 0.67799
    outer loop
      vertex -1.84309 -1.82102 1.08229
      vertex -2.01716 -1.99385 1.16705
      vertex -2.01661 -1.99434 1.16779
    endloop
  endfacet
  facet normal -0.321017 0.657579 0.68157
    outer loop
      vertex -1.84309 -1.82102 1.08229
      vertex -2.04327 -1.97062 1.13234
      vertex -2.01716 -1.99385 1.16705
    endloop
  endfacet
  facet normal -0.321107 0.657659 0.68145
    outer loop
      vertex -2.04327 -1.97062 1.13234
      vertex -1.84309 -1.82102 1.08229
      vertex -2.08233 -1.94096 1.08531
    endloop
  endfacet
  facet normal -0.321099 0.657592 0.681519
    outer loop
      vertex -6.01038 -3.91016 1.13493
      vertex -6.21889 -4.0147 1.13756
      vertex -6.01038 -3.99077 1.21271
    endloop
  endfacet
  facet normal -0.321099 0.657589 0.681521
    outer loop
      vertex -5.36652 -4.00345 1.5283
      vertex -6.01038 -3.99077 1.21271
      vertex -6.21889 -4.0147 1.13756
    endloop
  endfacet
  facet normal 0.561868 0.737529 -0.374639
    outer loop
      vertex -2.02129 0.300603 -4.97844
      vertex -1.98655 0.183247 -5.15737
      vertex -2.00486 0.198471 -5.15486
    endloop
  endfacet
  facet normal 0.561941 0.737489 -0.374609
    outer loop
      vertex -2.02129 0.300603 -4.97844
      vertex -2.00486 0.198471 -5.15486
      vertex -2.18637 0.290186 -5.24658
    endloop
  endfacet
  facet normal -0.405267 0.810488 -0.422928
    outer loop
      vertex -3.99802 1.19047 -6.16346
      vertex -4.17621 1.10137 -6.16346
      vertex -4.00129 1.2906 -5.96844
    endloop
  endfacet
  facet normal -0.405086 0.810492 -0.423093
    outer loop
      vertex -5.9247 -0.801904 -8.13544
      vertex -5.94499 -0.812045 -8.13544
      vertex -5.92503 -0.790454 -8.11319
    endloop
  endfacet
  facet normal -0.333423 0.666615 0.666673
    outer loop
      vertex -4.20475 -0.308001 -1.49276
      vertex -4.23239 -0.335647 -1.47894
      vertex -4.18939 -0.31952 -1.47356
    endloop
  endfacet
  facet normal -0.338131 0.654609 0.676132
    outer loop
      vertex -6.19149 -1.80549 -0.988676
      vertex -6.16939 -1.80452 -0.978563
      vertex -6.19021 -1.80452 -0.988975
    endloop
  endfacet
  facet normal -0.338065 0.654811 0.675969
    outer loop
      vertex -6.24149 -2.01686 -0.808928
      vertex -6.16939 -1.80452 -0.978563
      vertex -6.19149 -1.80549 -0.988676
    endloop
  endfacet
  facet normal -0.337971 0.654814 0.676013
    outer loop
      vertex -6.16939 -1.80452 -0.978563
      vertex -6.24149 -2.01686 -0.808928
      vertex -6.21889 -4.0147 1.13756
    endloop
  endfacet
  facet normal -0.337999 0.654818 0.675996
    outer loop
      vertex -6.19149 -1.80549 -0.988676
      vertex -7.96391 -2.01686 -1.67014
      vertex -6.24149 -2.01686 -0.808928
    endloop
  endfacet
  facet normal -0.338 0.654813 0.676
    outer loop
      vertex -7.96391 -2.01686 -1.67014
      vertex -6.19149 -1.80549 -0.988676
      vertex -8.14854 -1.80549 -1.9672
    endloop
  endfacet
  facet normal -0.337776 0.654864 0.676062
    outer loop
      vertex -6.21889 -4.0147 1.13756
      vertex -6.24149 -2.01686 -0.808928
      vertex -6.24149 -3.98882 1.1012
    endloop
  endfacet
  facet normal -0.405243 0.810489 -0.42295
    outer loop
      vertex -4.17621 1.10137 -6.16346
      vertex -5.98129 0.300603 -5.96844
      vertex -4.00129 1.2906 -5.96844
    endloop
  endfacet
  facet normal -0.405244 0.810492 -0.422942
    outer loop
      vertex -5.9534 0.21278 -6.16346
      vertex -5.98129 0.300603 -5.96844
      vertex -4.17621 1.10137 -6.16346
    endloop
  endfacet
  facet normal -0.40644 0.809935 -0.422862
    outer loop
      vertex -5.95323 0.206903 -6.17488
      vertex -5.98129 0.300603 -5.96844
      vertex -5.9534 0.21278 -6.16346
    endloop
  endfacet
  facet normal -0.405283 0.81047 -0.422947
    outer loop
      vertex -5.95306 0.200851 -6.18664
      vertex -5.98129 0.300603 -5.96844
      vertex -5.95323 0.206903 -6.17488
    endloop
  endfacet
  facet normal -0.405261 0.810489 -0.422933
    outer loop
      vertex -5.94499 -0.812045 -8.13544
      vertex -5.95306 0.200851 -6.18664
      vertex -5.92503 -0.790454 -8.11319
    endloop
  endfacet
  facet normal -0.405124 0.810543 -0.42296
    outer loop
      vertex -5.95306 0.200851 -6.18664
      vertex -5.94499 -0.812045 -8.13544
      vertex -5.98129 0.300603 -5.96844
    endloop
  endfacet
  facet normal -0.408148 0.816293 -0.408755
    outer loop
      vertex -4.00129 1.29396 -5.96173
      vertex -4.00129 1.2906 -5.96844
      vertex -5.90444 0.342381 -5.96173
    endloop
  endfacet
  facet normal -0.408283 0.81657 -0.408067
    outer loop
      vertex -5.90444 0.342381 -5.96173
      vertex -5.98129 0.300603 -5.96844
      vertex -5.95899 0.322897 -5.94614
    endloop
  endfacet
  facet normal -0.408285 0.816573 -0.408057
    outer loop
      vertex -5.98129 0.300603 -5.96844
      vertex -5.90444 0.342381 -5.96173
      vertex -4.00129 1.2906 -5.96844
    endloop
  endfacet
  facet normal -0.424078 0.810025 -0.404991
    outer loop
      vertex -5.98129 1.2906 -3.98844
      vertex -6.18225 1.09548 -4.16827
      vertex -6.18225 1.18724 -3.98474
    endloop
  endfacet
  facet normal -0.424065 0.810007 -0.405039
    outer loop
      vertex -8.12419 -0.790056 -5.90602
      vertex -8.14939 -0.81452 -5.92856
      vertex -8.14939 -0.803049 -5.90562
    endloop
  endfacet
  facet normal -0.366928 0.733866 0.571668
    outer loop
      vertex -5.98129 1.2906 -3.98844
      vertex -6.16764 1.1812 -3.96761
      vertex -5.95632 1.28844 -3.96964
    endloop
  endfacet
  facet normal -0.367108 0.733613 0.571877
    outer loop
      vertex -5.98129 1.2906 -3.98844
      vertex -5.95632 1.28844 -3.96964
      vertex -5.96914 1.29668 -3.98844
    endloop
  endfacet
  facet normal -0.366917 0.733851 0.571694
    outer loop
      vertex -6.16764 1.1812 -3.96761
      vertex -5.98129 1.2906 -3.98844
      vertex -6.18225 1.18724 -3.98474
    endloop
  endfacet
  facet normal 0.664141 -0.336928 0.66738
    outer loop
      vertex -0.774106 -4.22611 -1.08957
      vertex 1.26661 -5.9804 -4.00604
      vertex -0.713386 -4.00039 -1.03604
    endloop
  endfacet
  facet normal 0.664132 -0.336942 0.667382
    outer loop
      vertex 1.26661 -5.9804 -4.00604
      vertex -0.774106 -4.22611 -1.08957
      vertex 1.09805 -6.09827 -3.89781
    endloop
  endfacet
  facet normal 0.0572317 -0.0285991 -0.997951
    outer loop
      vertex -0.9045 -6.1559 -8.17303
      vertex -0.925847 -6.13546 -8.17484
      vertex -0.809086 -5.97159 -8.17284
    endloop
  endfacet
  facet normal 0.817128 -0.407906 -0.407327
    outer loop
      vertex 1.26661 -5.9804 -4.00604
      vertex 0.610616 -5.97508 -5.32734
      vertex 1.26971 -5.97419 -4.00604
    endloop
  endfacet
  facet normal 0.816908 -0.408457 -0.407215
    outer loop
      vertex 1.26478 -3.99236 -6.00377
      vertex 0.212499 -5.90951 -6.19174
      vertex 1.17146 -3.9916 -6.19174
    endloop
  endfacet
  facet normal 0.816899 -0.408449 -0.407241
    outer loop
      vertex 0.279826 -5.96227 -6.00377
      vertex 0.212499 -5.90951 -6.19174
      vertex 1.26478 -3.99236 -6.00377
    endloop
  endfacet
  facet normal 0.816912 -0.408425 -0.407239
    outer loop
      vertex 0.180913 -5.97159 -6.19284
      vertex 0.212499 -5.90951 -6.19174
      vertex 0.279826 -5.96227 -6.00377
    endloop
  endfacet
  facet normal 0.817484 -0.408742 -0.40577
    outer loop
      vertex 0.212499 -5.90951 -6.19174
      vertex 0.180913 -5.97159 -6.19284
      vertex 0.210858 -5.9117 -6.19284
    endloop
  endfacet
  facet normal 0.816805 -0.408709 -0.407169
    outer loop
      vertex 0.180913 -5.97159 -6.19284
      vertex 0.279826 -5.96227 -6.00377
      vertex 0.300474 -5.97256 -5.95202
    endloop
  endfacet
  facet normal 0.660138 -0.336805 0.671402
    outer loop
      vertex -0.713386 -4.00039 -1.03604
      vertex -0.817777 -4.18253 -1.02477
      vertex -0.774106 -4.22611 -1.08957
    endloop
  endfacet
  facet normal 0.660117 -0.336811 0.67142
    outer loop
      vertex -1.82738 -6.21603 -1.05226
      vertex -2.03665 -6.23434 -0.855698
      vertex -1.82844 -8.14465 -2.01869
    endloop
  endfacet
  facet normal 0.660101 -0.336889 0.671396
    outer loop
      vertex -1.82317 -6.17984 -1.03824
      vertex -2.03665 -6.23434 -0.855698
      vertex -1.82738 -6.21603 -1.05226
    endloop
  endfacet
  facet normal 0.660115 -0.336812 0.671421
    outer loop
      vertex -2.47852 -6.23335 -0.420768
      vertex -1.82317 -6.17984 -1.03824
      vertex -0.817777 -4.18253 -1.02477
    endloop
  endfacet
  facet normal 0.66008 -0.336768 0.671477
    outer loop
      vertex -2.47852 -6.23335 -0.420768
      vertex -0.817777 -4.18253 -1.02477
      vertex -0.713386 -4.00039 -1.03604
    endloop
  endfacet
  facet normal 0.660021 -0.337737 0.671049
    outer loop
      vertex -1.82317 -6.17984 -1.03824
      vertex -2.04438 -6.23433 -0.84809
      vertex -2.03665 -6.23434 -0.855698
    endloop
  endfacet
  facet normal 0.660113 -0.336824 0.671417
    outer loop
      vertex -1.82317 -6.17984 -1.03824
      vertex -2.47852 -6.23335 -0.420768
      vertex -2.04438 -6.23433 -0.84809
    endloop
  endfacet
  facet normal 0.660111 -0.336814 0.671424
    outer loop
      vertex -1.82844 -8.14465 -2.01869
      vertex -2.03665 -6.23434 -0.855698
      vertex -2.03749 -8.14935 -1.81552
    endloop
  endfacet
  facet normal 0.529835 -0.662219 0.52985
    outer loop
      vertex -2.04635 -8.19366 -1.86204
      vertex -1.82844 -8.14465 -2.01869
      vertex -2.03749 -8.14935 -1.81552
    endloop
  endfacet
  facet normal 0.529817 -0.662265 0.529811
    outer loop
      vertex -1.82844 -8.14465 -2.01869
      vertex -2.04635 -8.19366 -1.86204
      vertex -1.82845 -8.14469 -2.01873
    endloop
  endfacet
  facet normal 0.0152963 -0.999855 -0.00752439
    outer loop
      vertex -2.05842 -8.19403 -1.89541
      vertex -1.90254 -8.18817 -2.35721
      vertex -2.04726 -8.19409 -1.86475
    endloop
  endfacet
  facet normal 0.0151486 -0.999857 -0.00757427
    outer loop
      vertex -3.52728 -8.19403 -4.83314
      vertex -1.90254 -8.18817 -2.35721
      vertex -2.05842 -8.19403 -1.89541
    endloop
  endfacet
  facet normal 0.0151489 -0.999857 -0.0075745
    outer loop
      vertex -1.90254 -8.18817 -2.35721
      vertex -3.52728 -8.19403 -4.83314
      vertex -3.20844 -8.18817 -4.969
    endloop
  endfacet
  facet normal 0.0130588 -0.999837 -0.012482
    outer loop
      vertex -3.25463 -8.18817 -5.01729
      vertex -3.52728 -8.19403 -4.83314
      vertex -3.52981 -8.194 -4.83819
    endloop
  endfacet
  facet normal 0.0130551 -0.999837 -0.0124874
    outer loop
      vertex -3.52728 -8.19403 -4.83314
      vertex -3.25463 -8.18817 -5.01729
      vertex -3.20844 -8.18817 -4.969
    endloop
  endfacet
  facet normal 0.0130679 -0.999837 -0.0124681
    outer loop
      vertex -3.03897 -8.17484 -5.86021
      vertex -3.25463 -8.18817 -5.01729
      vertex -3.52981 -8.194 -4.83819
    endloop
  endfacet
  facet normal 0.0130406 -0.999837 -0.0124751
    outer loop
      vertex -3.25463 -8.18817 -5.01729
      vertex -3.03897 -8.17484 -5.86021
      vertex -2.69419 -8.17484 -5.4998
    endloop
  endfacet
  facet normal 0.0130483 -0.999837 -0.0124661
    outer loop
      vertex -2.69419 -8.17484 -5.4998
      vertex -0.850082 -8.14458 -5.99655
      vertex -3.25463 -8.18817 -5.01729
    endloop
  endfacet
  facet normal 0.0129429 -0.999839 -0.012413
    outer loop
      vertex -0.850082 -8.14458 -5.99655
      vertex -0.944579 -8.14336 -6.19335
      vertex -0.846992 -8.14454 -5.99655
    endloop
  endfacet
  facet normal 0.0130489 -0.999837 -0.0124639
    outer loop
      vertex -0.944579 -8.14336 -6.19335
      vertex -0.850082 -8.14458 -5.99655
      vertex -2.69419 -8.17484 -5.4998
    endloop
  endfacet
  facet normal -0.00584732 0.0116946 -0.999915
    outer loop
      vertex -3.90724 -3.18144 -8.17504
      vertex -3.9624 -2.78151 -8.17004
      vertex -3.91452 -2.75757 -8.17004
    endloop
  endfacet
  facet normal -0.00577426 0.0117047 -0.999915
    outer loop
      vertex -3.90724 -3.18144 -8.17504
      vertex -3.96979 -2.77405 -8.16991
      vertex -3.9624 -2.78151 -8.17004
    endloop
  endfacet
  facet normal -0.00583223 0.0116958 -0.999915
    outer loop
      vertex -5.94499 -0.812045 -8.13544
      vertex -3.96979 -2.77405 -8.16991
      vertex -3.90724 -3.18144 -8.17504
    endloop
  endfacet
  facet normal -0.00584112 0.0116869 -0.999915
    outer loop
      vertex -3.96979 -2.77405 -8.16991
      vertex -5.94499 -0.812045 -8.13544
      vertex -5.9247 -0.801904 -8.13544
    endloop
  endfacet
  facet normal 0.639657 0.639675 -0.42621
    outer loop
      vertex -1.76717 -1.78151 -7.77959
      vertex -1.57554 -1.99317 -7.80966
      vertex -1.81823 -1.78614 -7.86317
    endloop
  endfacet
  facet normal 0.63967 0.639683 -0.426179
    outer loop
      vertex -1.76422 -0.24705 -5.47198
      vertex -1.57554 -1.99317 -7.80966
      vertex -1.76717 -1.78151 -7.77959
    endloop
  endfacet
  facet normal 0.639679 0.639677 -0.426174
    outer loop
      vertex -1.57554 -1.99317 -7.80966
      vertex -1.76422 -0.24705 -5.47198
      vertex -0.0806465 -3.48807 -7.80966
    endloop
  endfacet
  facet normal 0.639663 0.63969 -0.426179
    outer loop
      vertex -1.57554 -1.99317 -7.80966
      vertex -1.79909 -2.01159 -8.17284
      vertex -1.81823 -1.78614 -7.86317
    endloop
  endfacet
  facet normal 0.639674 0.639674 -0.426185
    outer loop
      vertex -1.79909 -2.01159 -8.17284
      vertex -1.57554 -1.99317 -7.80966
      vertex -1.79738 -2.0133 -8.17284
    endloop
  endfacet
  facet normal -0.999852 0.00766877 -0.0153683
    outer loop
      vertex -8.15815 -1.41374 -5.65765
      vertex -8.14939 -0.81452 -5.92856
      vertex -8.15466 -1.2611 -5.80854
    endloop
  endfacet
  facet normal -0.999852 0.00765977 -0.0153882
    outer loop
      vertex -8.15815 -1.41374 -5.65765
      vertex -8.19889 -3.02469 -3.81244
      vertex -8.14939 -0.81452 -5.92856
    endloop
  endfacet
  facet normal -0.999852 0.00768367 -0.0153673
    outer loop
      vertex -8.15815 -1.55666 -5.72911
      vertex -8.19889 -3.02469 -3.81244
      vertex -8.15815 -1.41374 -5.65765
    endloop
  endfacet
  facet normal -0.999852 0.00768367 -0.0153673
    outer loop
      vertex -8.19889 -3.02469 -3.81244
      vertex -8.15815 -1.55666 -5.72911
      vertex -8.19889 -5.00469 -4.80244
    endloop
  endfacet
  facet normal -0.421213 0.803937 -0.419838
    outer loop
      vertex -5.94499 -0.812045 -8.13544
      vertex -8.14939 -0.81452 -5.92856
      vertex -5.98129 0.300603 -5.96844
    endloop
  endfacet
  facet normal -0.425194 0.79976 -0.423785
    outer loop
      vertex -8.14939 -0.81452 -5.92856
      vertex -8.08859 -0.895057 -6.14155
      vertex -8.14617 -0.925039 -6.14036
    endloop
  endfacet
  facet normal -0.425153 0.799783 -0.423783
    outer loop
      vertex -8.14939 -0.81452 -5.92856
      vertex -6.87785 -0.92984 -7.42185
      vertex -8.08859 -0.895057 -6.14155
    endloop
  endfacet
  facet normal -0.425172 0.799766 -0.423797
    outer loop
      vertex -5.94499 -0.812045 -8.13544
      vertex -6.87785 -0.92984 -7.42185
      vertex -8.14939 -0.81452 -5.92856
    endloop
  endfacet
  facet normal -0.425171 0.799767 -0.423796
    outer loop
      vertex -6.87785 -0.92984 -7.42185
      vertex -5.94499 -0.812045 -8.13544
      vertex -6.2068 -0.949119 -8.13146
    endloop
  endfacet
  facet normal -0.999759 0 -0.0219311
    outer loop
      vertex -8.16982 -5.21317 -6.19988
      vertex -8.12794 -5.1994 -8.10904
      vertex -8.12794 -5.21317 -8.10904
    endloop
  endfacet
  facet normal -0.999757 -0.00222534 -0.0219471
    outer loop
      vertex -8.16982 -5.21317 -6.19988
      vertex -8.19889 -5.2192 -4.87504
      vertex -8.12794 -5.1994 -8.10904
    endloop
  endfacet
  facet normal -0.999759 0 -0.021937
    outer loop
      vertex -8.16982 -8.18108 -6.19988
      vertex -8.19889 -5.2192 -4.87504
      vertex -8.16982 -5.21317 -6.19988
    endloop
  endfacet
  facet normal -0.999759 -0 -0.021937
    outer loop
      vertex -8.19889 -5.2192 -4.87504
      vertex -8.16982 -8.18108 -6.19988
      vertex -8.19889 -8.1892 -4.87504
    endloop
  endfacet
  facet normal -0.999798 0.00644322 -0.0190334
    outer loop
      vertex -8.15815 -3.60457 -6.46848
      vertex -8.19889 -5.00469 -4.80244
      vertex -8.15815 -3.49598 -6.43172
    endloop
  endfacet
  facet normal -0.999798 0.00644211 -0.0190344
    outer loop
      vertex -8.19889 -5.00469 -4.80244
      vertex -8.15815 -3.60457 -6.46848
      vertex -8.19889 -5.2192 -4.87504
    endloop
  endfacet
  facet normal -0.333409 0.666732 0.666564
    outer loop
      vertex -4.23443 -0.337684 -1.47792
      vertex -6.16939 -1.80452 -0.978563
      vertex -4.18939 -0.31952 -1.47356
    endloop
  endfacet
  facet normal -0.333371 0.6667 0.666615
    outer loop
      vertex -6.16939 -1.80452 -0.978563
      vertex -4.23443 -0.337684 -1.47792
      vertex -6.19021 -1.80452 -0.988975
    endloop
  endfacet
  facet normal -0.333623 0.667466 0.665722
    outer loop
      vertex -4.23443 -0.337684 -1.47792
      vertex -4.18939 -0.31952 -1.47356
      vertex -4.23239 -0.335647 -1.47894
    endloop
  endfacet
  facet normal -0.323641 0.658122 0.679803
    outer loop
      vertex -6.16939 -1.80452 -0.978563
      vertex -6.21889 -4.0147 1.13756
      vertex -4.18939 -0.31952 -1.47356
    endloop
  endfacet
  facet normal 0.702803 0.618535 -0.351401
    outer loop
      vertex 0.789798 -3.48807 -6.06877
      vertex -1.76422 -0.24705 -5.47198
      vertex -1.66331 -0.24705 -5.27016
    endloop
  endfacet
  facet normal 0.702803 0.618535 -0.351401
    outer loop
      vertex -1.76422 -0.24705 -5.47198
      vertex 0.789798 -3.48807 -6.06877
      vertex -0.0806465 -3.48807 -7.80966
    endloop
  endfacet
  facet normal 0.0573347 -0.0286673 -0.997943
    outer loop
      vertex -0.809086 -5.97159 -8.17284
      vertex -0.82215 -5.92914 -8.17481
      vertex -0.798961 -5.95134 -8.17284
    endloop
  endfacet
  facet normal 0.058245 -0.029322 -0.997872
    outer loop
      vertex -0.927929 -6.13347 -8.17502
      vertex -0.809086 -5.97159 -8.17284
      vertex -0.925847 -6.13546 -8.17484
    endloop
  endfacet
  facet normal 0.0573486 -0.028663 -0.997943
    outer loop
      vertex -0.809086 -5.97159 -8.17284
      vertex -0.927929 -6.13347 -8.17502
      vertex -0.82215 -5.92914 -8.17481
    endloop
  endfacet
  facet normal 0.704555 0.61885 -0.347313
    outer loop
      vertex 1.76212 -3.51327 -4.1412
      vertex -1.61174 -0.252288 -5.17488
      vertex -1.9607 0.154024 -5.1588
    endloop
  endfacet
  facet normal 0.704552 0.61884 -0.347338
    outer loop
      vertex 1.71617 -3.5193 -4.24515
      vertex -1.61174 -0.252288 -5.17488
      vertex 1.76212 -3.51327 -4.1412
    endloop
  endfacet
  facet normal 0.704556 0.618852 -0.347307
    outer loop
      vertex -1.61174 -0.252288 -5.17488
      vertex 1.71617 -3.5193 -4.24515
      vertex 0.83926 -3.48158 -5.95686
    endloop
  endfacet
  facet normal 0.704553 0.618857 -0.347306
    outer loop
      vertex 1.02553 -3.60994 -5.80771
      vertex 0.83926 -3.48158 -5.95686
      vertex 1.71617 -3.5193 -4.24515
    endloop
  endfacet
  facet normal 0.704554 0.618854 -0.347309
    outer loop
      vertex 1.26028 -3.98723 -6.00377
      vertex 0.83926 -3.48158 -5.95686
      vertex 1.02553 -3.60994 -5.80771
    endloop
  endfacet
  facet normal 0.704555 0.618855 -0.347305
    outer loop
      vertex 1.26028 -3.98723 -6.00377
      vertex 1.17146 -3.9916 -6.19174
      vertex 0.83926 -3.48158 -5.95686
    endloop
  endfacet
  facet normal 0.704919 0.61835 -0.347466
    outer loop
      vertex 1.17146 -3.9916 -6.19174
      vertex 1.26028 -3.98723 -6.00377
      vertex 1.26478 -3.99236 -6.00377
    endloop
  endfacet
  facet normal 0.704553 0.618852 -0.347316
    outer loop
      vertex 0.83926 -3.48158 -5.95686
      vertex -1.66331 -0.24705 -5.27016
      vertex -1.61174 -0.252288 -5.17488
    endloop
  endfacet
  facet normal 0.704562 0.618854 -0.347292
    outer loop
      vertex -1.66331 -0.24705 -5.27016
      vertex 0.83926 -3.48158 -5.95686
      vertex 0.789798 -3.48807 -6.06877
    endloop
  endfacet
  facet normal 0.666668 -0.333332 0.666666
    outer loop
      vertex 1.26661 -2.0204 -2.02604
      vertex -0.698006 -3.99325 -1.04784
      vertex 1.26936 -2.02588 -2.03153
    endloop
  endfacet
  facet normal 0.666397 -0.332794 0.667206
    outer loop
      vertex -0.713386 -4.00039 -1.03604
      vertex -0.698006 -3.99325 -1.04784
      vertex 1.26661 -2.0204 -2.02604
    endloop
  endfacet
  facet normal 0.666459 -0.334163 0.666459
    outer loop
      vertex -0.698006 -3.99325 -1.04784
      vertex -0.713386 -4.00039 -1.03604
      vertex -0.692646 -4.00039 -1.05678
    endloop
  endfacet
  facet normal 0.812278 -0.41977 -0.404967
    outer loop
      vertex 1.16756 -6.16871 -4.00952
      vertex 0.610616 -5.97508 -5.32734
      vertex 1.26661 -5.9804 -4.00604
    endloop
  endfacet
  facet normal 0.812201 -0.419647 -0.405248
    outer loop
      vertex 0.178243 -6.17059 -5.99193
      vertex 0.300474 -5.97256 -5.95202
      vertex 0.306325 -5.97547 -5.93728
    endloop
  endfacet
  facet normal 0.812277 -0.419772 -0.404967
    outer loop
      vertex 0.178243 -6.17059 -5.99193
      vertex 0.610616 -5.97508 -5.32734
      vertex 1.16756 -6.16871 -4.00952
    endloop
  endfacet
  facet normal 0.812276 -0.419775 -0.404965
    outer loop
      vertex 0.610616 -5.97508 -5.32734
      vertex 0.178243 -6.17059 -5.99193
      vertex 0.306325 -5.97547 -5.93728
    endloop
  endfacet
  facet normal 0.812284 -0.419755 -0.404969
    outer loop
      vertex 0.300474 -5.97256 -5.95202
      vertex 0.178243 -6.17059 -5.99193
      vertex 0.180913 -5.97159 -6.19284
    endloop
  endfacet
  facet normal 0.812308 -0.419787 -0.404888
    outer loop
      vertex 1.26661 -5.9804 -4.00604
      vertex 1.16919 -6.16952 -4.00541
      vertex 1.16756 -6.16871 -4.00952
    endloop
  endfacet
  facet normal 0.811787 -0.419829 -0.405889
    outer loop
      vertex -0.820021 -6.1559 -8.00407
      vertex -0.9045 -6.1559 -8.17303
      vertex -0.809086 -5.97159 -8.17284
    endloop
  endfacet
  facet normal -1 0 0
    outer loop
      vertex -8.19889 -8.1892 -4.87504
      vertex -8.19889 -5.23317 -4.86025
      vertex -8.19889 -5.2192 -4.87504
    endloop
  endfacet
  facet normal -1 -0 0
    outer loop
      vertex -8.19889 -5.23317 -4.86025
      vertex -8.19889 -8.1892 -4.87504
      vertex -8.19889 -8.1892 -4.86025
    endloop
  endfacet
  facet normal -1 -0 0
    outer loop
      vertex -8.19889 -2.03469 -1.83244
      vertex -8.19889 -3.01651 -3.78691
      vertex -8.19889 -2.03774 -1.82939
    endloop
  endfacet
  facet normal -1 0 0
    outer loop
      vertex -8.19889 -3.02469 -3.81244
      vertex -8.19889 -3.01651 -3.78691
      vertex -8.19889 -2.03469 -1.83244
    endloop
  endfacet
  facet normal -1 0 0
    outer loop
      vertex -8.19889 -5.01651 -4.78691
      vertex -8.19889 -3.02469 -3.81244
      vertex -8.19889 -5.00469 -4.80244
    endloop
  endfacet
  facet normal -1 -0 0
    outer loop
      vertex -8.19889 -3.02469 -3.81244
      vertex -8.19889 -5.01651 -4.78691
      vertex -8.19889 -3.01651 -3.78691
    endloop
  endfacet
  facet normal -1 0 0
    outer loop
      vertex -8.19889 -5.2192 -4.87504
      vertex -8.19889 -5.01651 -4.78691
      vertex -8.19889 -5.00469 -4.80244
    endloop
  endfacet
  facet normal -1 0 0
    outer loop
      vertex -8.19889 -5.23317 -4.86025
      vertex -8.19889 -5.01651 -4.78691
      vertex -8.19889 -5.2192 -4.87504
    endloop
  endfacet
  facet normal -1 -0 0
    outer loop
      vertex -8.19889 -5.01651 -4.78691
      vertex -8.19889 -5.23317 -4.86025
      vertex -8.19889 -5.03781 -4.70171
    endloop
  endfacet
  facet normal -1 0 0
    outer loop
      vertex -8.19889 -6.21187 -0.94545
      vertex -8.19889 -5.03781 -4.70171
      vertex -8.19889 -5.23317 -4.86025
    endloop
  endfacet
  facet normal -1 0 0
    outer loop
      vertex -8.19889 -5.03781 -4.70171
      vertex -8.19889 -6.21187 -0.94545
      vertex -8.19889 -6.00874 -0.817976
    endloop
  endfacet
  facet normal -1 0 0
    outer loop
      vertex -8.19889 -6.00874 -0.817976
      vertex -8.19889 -6.21187 -0.94545
      vertex -8.19889 -6.2092 -0.915038
    endloop
  endfacet
  facet normal -1 0 0
    outer loop
      vertex -8.19889 -6.2092 -0.915038
      vertex -8.19889 -6.21187 -0.94545
      vertex -8.19889 -6.21833 -0.919608
    endloop
  endfacet
  facet normal 0 0 -1
    outer loop
      vertex -1.7986 -2.01391 -8.17284
      vertex -1.79909 -2.01159 -8.17284
      vertex -1.79738 -2.0133 -8.17284
    endloop
  endfacet
  facet normal 0.000677181 0.000677181 -1
    outer loop
      vertex -0.944409 -6.11699 -8.17502
      vertex -0.82215 -5.92914 -8.17481
      vertex -0.927929 -6.13347 -8.17502
    endloop
  endfacet
  facet normal 0.000677181 0.000677181 -1
    outer loop
      vertex -0.82215 -5.92914 -8.17481
      vertex -0.944409 -6.11699 -8.17502
      vertex -1.02594 -5.72535 -8.17481
    endloop
  endfacet
  facet normal 0.816497 -0.408248 -0.408248
    outer loop
      vertex -0.788836 -5.95134 -8.15259
      vertex -0.809086 -5.97159 -8.17284
      vertex -0.798961 -5.95134 -8.17284
    endloop
  endfacet
  facet normal 0.000677622 0.000677273 -1
    outer loop
      vertex -0.946348 -6.11505 -8.17502
      vertex -1.02594 -5.72535 -8.17481
      vertex -0.944409 -6.11699 -8.17502
    endloop
  endfacet
  facet normal 0.000677183 0.000677183 -1
    outer loop
      vertex -3.88656 -3.17484 -8.17502
      vertex -1.02594 -5.72535 -8.17481
      vertex -0.946348 -6.11505 -8.17502
    endloop
  endfacet
  facet normal 0.000677179 0.000677179 -1
    outer loop
      vertex -1.02594 -5.72535 -8.17481
      vertex -3.88656 -3.17484 -8.17502
      vertex -3.69025 -3.06104 -8.17481
    endloop
  endfacet
  facet normal 0.000841418 0.000393859 -1
    outer loop
      vertex -3.88656 -3.17484 -8.17502
      vertex -3.90724 -3.18144 -8.17504
      vertex -3.69025 -3.06104 -8.17481
    endloop
  endfacet
  facet normal 0.000733137 0.000733137 -0.999999
    outer loop
      vertex -3.90724 -3.18144 -8.17504
      vertex -3.88656 -3.17484 -8.17502
      vertex -3.89566 -3.19302 -8.17504
    endloop
  endfacet
  facet normal 0.000966367 0.000204103 -1
    outer loop
      vertex -1.7986 -2.01391 -8.17284
      vertex -1.8454 -2.0373 -8.17289
      vertex -1.79909 -2.01159 -8.17284
    endloop
  endfacet
  facet normal -0.00548213 0.0117414 -0.999916
    outer loop
      vertex -3.70098 -3.05022 -8.17463
      vertex -3.90724 -3.18144 -8.17504
      vertex -3.75754 -2.99317 -8.17365
    endloop
  endfacet
  facet normal -0.00527015 0.0114082 -0.999921
    outer loop
      vertex -3.90724 -3.18144 -8.17504
      vertex -3.70098 -3.05022 -8.17463
      vertex -3.69025 -3.06104 -8.17481
    endloop
  endfacet
  facet normal -0.00542293 0.0117126 -0.999917
    outer loop
      vertex -1.8454 -2.0373 -8.17289
      vertex -2.00529 -1.80314 -8.16928
      vertex -1.79909 -2.01159 -8.17284
    endloop
  endfacet
  facet normal -0.00544882 0.0116949 -0.999917
    outer loop
      vertex -3.75754 -2.99317 -8.17365
      vertex -2.00529 -1.80314 -8.16928
      vertex -1.8454 -2.0373 -8.17289
    endloop
  endfacet
  facet normal -0.00544687 0.0116921 -0.999917
    outer loop
      vertex -3.75754 -2.99317 -8.17365
      vertex -3.91452 -2.75757 -8.17004
      vertex -2.00529 -1.80314 -8.16928
    endloop
  endfacet
  facet normal -0.00543227 0.0117018 -0.999917
    outer loop
      vertex -3.91452 -2.75757 -8.17004
      vertex -3.75754 -2.99317 -8.17365
      vertex -3.90724 -3.18144 -8.17504
    endloop
  endfacet
  facet normal 0.711021 0.642102 -0.286626
    outer loop
      vertex 1.24597 -2.02048 -2.07742
      vertex 0.954277 -1.8015 -2.31045
      vertex 1.26661 -2.0204 -2.02604
    endloop
  endfacet
  facet normal 0.711016 0.642116 -0.286606
    outer loop
      vertex 0.954277 -1.8015 -2.31045
      vertex 1.24597 -2.02048 -2.07742
      vertex 1.00694 -2.00206 -2.62914
    endloop
  endfacet
  facet normal 0.710172 0.643191 -0.286287
    outer loop
      vertex 1.24597 -2.02048 -2.07742
      vertex 1.26661 -2.0204 -2.02604
      vertex 1.26936 -2.02588 -2.03153
    endloop
  endfacet
  facet normal 0.710997 0.642131 -0.286619
    outer loop
      vertex 1.00694 -2.00206 -2.62914
      vertex 0.946118 -1.80067 -2.32883
      vertex 0.954277 -1.8015 -2.31045
    endloop
  endfacet
  facet normal 0.711007 0.642123 -0.286612
    outer loop
      vertex 1.00694 -2.00206 -2.62914
      vertex -1.43612 -0.253907 -4.77317
      vertex 0.946118 -1.80067 -2.32883
    endloop
  endfacet
  facet normal 0.711009 0.642118 -0.286618
    outer loop
      vertex -1.43612 -0.253907 -4.77317
      vertex 1.00694 -2.00206 -2.62914
      vertex 1.7482 -3.48459 -4.11166
    endloop
  endfacet
  facet normal 0.71074 0.641723 -0.288167
    outer loop
      vertex -1.83983 0.144288 -4.88239
      vertex -1.9814 0.177473 -5.15766
      vertex -1.84744 0.15956 -4.86715
    endloop
  endfacet
  facet normal 0.710867 0.641543 -0.288254
    outer loop
      vertex -1.9814 0.177473 -5.15766
      vertex -1.83983 0.144288 -4.88239
      vertex -1.9607 0.154024 -5.1588
    endloop
  endfacet
  facet normal 0.710825 0.641599 -0.288234
    outer loop
      vertex -1.52378 -0.197623 -4.86405
      vertex -1.9607 0.154024 -5.1588
      vertex -1.83983 0.144288 -4.88239
    endloop
  endfacet
  facet normal 0.710847 0.641671 -0.288021
    outer loop
      vertex 1.76212 -3.51327 -4.1412
      vertex -1.43612 -0.253907 -4.77317
      vertex 1.7482 -3.48459 -4.11166
    endloop
  endfacet
  facet normal 0.710815 0.64159 -0.288279
    outer loop
      vertex -1.43612 -0.253907 -4.77317
      vertex 1.76212 -3.51327 -4.1412
      vertex -1.52378 -0.197623 -4.86405
    endloop
  endfacet
  facet normal 0.710822 0.64161 -0.288218
    outer loop
      vertex -1.52378 -0.197623 -4.86405
      vertex 1.76212 -3.51327 -4.1412
      vertex -1.9607 0.154024 -5.1588
    endloop
  endfacet
  facet normal 0.666673 -0.333307 0.666673
    outer loop
      vertex -0.713386 -4.00039 -1.03604
      vertex -0.658339 -4.04614 -1.11396
      vertex -0.692646 -4.00039 -1.05678
    endloop
  endfacet
  facet normal 0.666556 -0.333491 0.666698
    outer loop
      vertex 1.26661 -5.9804 -4.00604
      vertex -0.658339 -4.04614 -1.11396
      vertex -0.713386 -4.00039 -1.03604
    endloop
  endfacet
  facet normal 0.666946 -0.332936 0.666586
    outer loop
      vertex -0.658339 -4.04614 -1.11396
      vertex 1.26661 -5.9804 -4.00604
      vertex 1.26971 -5.97419 -4.00604
    endloop
  endfacet
  facet normal 0.816439 -0.408305 -0.408307
    outer loop
      vertex 0.180913 -5.97159 -6.19284
      vertex 0.167185 -5.95134 -6.24054
      vertex 0.181128 -5.95134 -6.21266
    endloop
  endfacet
  facet normal 0.816497 -0.408248 -0.408248
    outer loop
      vertex 0.180913 -5.97159 -6.19284
      vertex 0.181128 -5.95134 -6.21266
      vertex 0.210858 -5.9117 -6.19284
    endloop
  endfacet
  facet normal 0.816537 -0.408147 -0.408268
    outer loop
      vertex -0.809086 -5.97159 -8.17284
      vertex 0.167185 -5.95134 -6.24054
      vertex 0.180913 -5.97159 -6.19284
    endloop
  endfacet
  facet normal 0.816497 -0.40825 -0.408247
    outer loop
      vertex 0.167185 -5.95134 -6.24054
      vertex -0.809086 -5.97159 -8.17284
      vertex -0.788836 -5.95134 -8.15259
    endloop
  endfacet
  facet normal 0.811782 -0.419838 -0.40589
    outer loop
      vertex -0.820021 -6.1559 -8.00407
      vertex 0.180913 -5.97159 -6.19284
      vertex 0.0745714 -6.1559 -6.21488
    endloop
  endfacet
  facet normal 0.811785 -0.419841 -0.405879
    outer loop
      vertex 0.180913 -5.97159 -6.19284
      vertex 0.0595978 -6.19422 -6.20519
      vertex 0.0745714 -6.1559 -6.21488
    endloop
  endfacet
  facet normal 0.811806 -0.419856 -0.405822
    outer loop
      vertex 0.0595978 -6.19422 -6.20519
      vertex 0.180913 -5.97159 -6.19284
      vertex -0.864644 -7.99122 -6.1949
    endloop
  endfacet
  facet normal 0.811784 -0.419832 -0.405892
    outer loop
      vertex 0.180913 -5.97159 -6.19284
      vertex -0.820021 -6.1559 -8.00407
      vertex -0.809086 -5.97159 -8.17284
    endloop
  endfacet
  facet normal 0.758078 -0.530655 -0.379108
    outer loop
      vertex -0.838811 -8.13264 -5.99655
      vertex -0.936801 -8.1315 -6.19409
      vertex -0.936766 -8.13145 -6.19409
    endloop
  endfacet
  facet normal 0.761939 -0.523737 -0.380983
    outer loop
      vertex -0.936801 -8.1315 -6.19409
      vertex -0.838811 -8.13264 -5.99655
      vertex -0.846324 -8.14357 -5.99655
    endloop
  endfacet
  facet normal 0.762053 -0.523542 -0.381024
    outer loop
      vertex -0.846324 -8.14357 -5.99655
      vertex -0.944579 -8.14336 -6.19335
      vertex -0.936801 -8.1315 -6.19409
    endloop
  endfacet
  facet normal 0.761552 -0.524451 -0.380775
    outer loop
      vertex -0.944579 -8.14336 -6.19335
      vertex -0.846324 -8.14357 -5.99655
      vertex -0.846992 -8.14454 -5.99655
    endloop
  endfacet
  facet normal 0.707903 0.645769 -0.286103
    outer loop
      vertex -2.02129 0.300603 -4.97844
      vertex -1.9814 0.177473 -5.15766
      vertex -1.98655 0.183247 -5.15737
    endloop
  endfacet
  facet normal 0.707563 0.645816 -0.286837
    outer loop
      vertex -1.84744 0.15956 -4.86715
      vertex -2.02129 0.300603 -4.97844
      vertex -1.84987 0.164372 -4.86231
    endloop
  endfacet
  facet normal 0.707499 0.646078 -0.286405
    outer loop
      vertex -2.02129 0.300603 -4.97844
      vertex -1.84744 0.15956 -4.86715
      vertex -1.9814 0.177473 -5.15766
    endloop
  endfacet
  facet normal 0.706848 0.648397 -0.282749
    outer loop
      vertex -1.85835 0.180894 -4.84562
      vertex -2.02129 0.300603 -4.97844
      vertex -1.8414 0.288799 -4.5558
    endloop
  endfacet
  facet normal 0.706845 0.648405 -0.282739
    outer loop
      vertex -2.02129 0.300603 -4.97844
      vertex -1.85835 0.180894 -4.84562
      vertex -1.84987 0.164372 -4.86231
    endloop
  endfacet
endsolid OpenSCAD_Model
