flare_id,log,n_flashes,flare_len_s,beacon_id,night,since_dusk_s,glyph,shape_id,flourish,region,cluster,cluster_num,date_seen
FLR-00001,RIDGE,5,1.3356303,0,,,1+1+3,,,R1,U,11,31-03-2015
FLR-00002,RIDGE,5,1.2533,0,,,5R3,,,R2,K,5,03/06/2012
FLR-00003,RIDGE,5,0.7506056,0,,,1+1+3,,,R1,A,1,02/03/2015
FLR-00004,RIDGE,5,1.1783,0,,,5R3,,,R2,K,5,03/06/2012
FLR-00005,RIDGE,5,0.33,0,,,5R1,,,R1,T,10,12/03/2010
FLR-00006,LAMP,19,1.1359224,2,N-011,1926.1059,,17,0,,,,
FLR-00007,RIDGE,5,1.1504,0,,,5R3,,,R2,K,5,02/06/2012
FLR-00008,RIDGE,5,0.3417,6058,,,5R1,,,R1,U,11,11/02/2010
FLR-00009,RIDGE,7,0.503,0,,,7i,,,R1,R,8,19/04/2008
FLR-00010,LAMP,5,1.064225,2,N-001,7257.7969,,2,0,,,,
FLR-00011,LAMP,5,1.3804084,1,N-030,9501.9281,,2,0,,,,
FLR-00012,RIDGE,5,1.1961266,0,,,1+1+3,,,R1,A,1,02/03/2015
FLR-00013,RIDGE,5,1.2458747,0,,,1+1+3,,,R1,U,11,31-03-2015
FLR-00014,RIDGE,5,0.9389,5979,,,1+1+3,,,R1,J,4,31/01/2009
FLR-00015,RIDGE,5,1.226443,0,,,1+1+3,,,R1,F,3,31/03/2015
FLR-00016,LAMP,5,0.2837634,2,N-010,21263.8937,,4,0,,,,
FLR-00017,RIDGE,5,0.634,0,,,2+3,,,R1,V,12,26/01/2010
FLR-00018,RIDGE,5,1.0883,0,,,5R3,,,R2,K,5,03/06/2012
FLR-00019,LAMP,5,1.0299167,1,N-003,15625.9998,,2,0,,,,
FLR-00020,LAMP,5,1.5625084,1,N-044,23828.851,,2,0,,,,
FLR-00021,LAMP,5,1.315475,1,N-014,729.7659,,2,0,,,,
FLR-00022,RIDGE,5,1.3933,0,,,5R3,,,R2,P,7,05/03/2011
FLR-00023,RIDGE,5,0.354,0,,,5R1,,,R1,D,2,18/03/2010
FLR-00024,RIDGE,5,0.3294083,5726,,,5R1,,,R1,S,9,01-04-2015
FLR-00025,RIDGE,5,0.4659613,5151,,,5R2,,,R1,U,11,31-03-2015
FLR-00026,LAMP,6,0.721106,2,N-034,10070.0356,,16,0,,,,
FLR-00027,RIDGE,7,0.3091909,0,,,7i,,,R1,A,1,24-04-2016
FLR-00028,RIDGE,5,0.29,0,,,5R1,,,R1,D,2,21/03/2008
FLR-00029,RIDGE,5,1.2369,5987,,,1+1+3,,,R1,J,4,04/05/2008
FLR-00030,LAMP,5,0.81205,1,N-003,16707.4403,,2,0,,,,
FLR-00031,RIDGE,5,0.325,0,,,5R1,,,R1,T,10,26/01/2010
FLR-00032,RIDGE,5,1.3849,0,,,5R3,,,R2,K,5,03/06/2012
FLR-00033,LAMP,5,0.8888416,1,N-001,278.3621,,2,0,,,,
FLR-00034,LAMP,5,0.3395083,1,N-001,4384.8758,,4,0,,,,
FLR-00035,RIDGE,5,0.4984416,5151,,,5R2,,,R1,U,11,26/03/2015
FLR-00036,RIDGE,5,0.323,5759,,,5R1,,,R1,S,9,01-04-2015
FLR-00037,RIDGE,5,1.2724,5987,,,1+1+3,,,R1,J,4,04/05/2008
FLR-00038,LAMP,5,1.2885333,1,N-012,10020.4345,,2,0,,,,
FLR-00039,RIDGE,5,0.608,0,,,2+3,,,R1,V,12,26/01/2010
FLR-00040,RIDGE,5,1.4827707,0,,,5R3,,,R2,ZZZ,13,12-04-2016
FLR-00041,RIDGE,6,0.2671,5979,,,6i,,,R1,J,4,31/01/2009
FLR-00042,LAMP,5,1.3445583,3,N-020,11057.9493,,2,0,,,,
FLR-00043,RIDGE,5,0.5073814,0,,,5-SMUDGE,,,R1,A,1,02/03/2015
FLR-00044,LAMP,5,0.7831416,2,N-028,27420.2027,,2,0,,,,
FLR-00045,LAMP,17,1.1098811,1,N-001,252.4517,,17,0,,,,
FLR-00046,LAMP,13,0.972975,2,N-036,27001.3616,,17,1,,,,
FLR-00047,RIDGE,4,1.3277226,0,,,4R2,,,R1,A,1,02/03/2015
FLR-00048,RIDGE,5,0.654,0,,,2+3,,,R1,V,12,26/01/2010
FLR-00049,LAMP,5,0.4887664,4,N-009,796.5244,,4,0,,,,
FLR-00050,RIDGE,5,0.9017,0,,,1+1+3,,,R1,J,4,31/01/2009
FLR-00051,RIDGE,5,0.77,0,,,1+1+3,,,R1,N,6,03/04/2010
FLR-00052,RIDGE,5,0.6500649,0,,,1+1+3,,,R1,U,11,26/03/2015
FLR-00053,LAMP,4,1.2521333,2,N-035,30654.9121,,0,0,,,,
FLR-00054,RIDGE,8,0.3373943,0,,,8i,,,R1,A,1,02-03-2015
FLR-00055,LAMP,5,1.2473417,1,N-013,20692.2822,,2,0,,,,
FLR-00056,RIDGE,7,1.435,5722,,,7D1,,,R1,F,3,12/02/2010
FLR-00057,LAMP,5,1.2782866,3,N-019,3693.5358,,2,0,,,,
FLR-00058,RIDGE,5,0.8227,5981,,,1+1+3,,,R1,J,4,03/05/2008
FLR-00059,RIDGE,4,0.739,0,,,1+31,,,R1,V,12,22/01/2010
FLR-00060,RIDGE,5,1.2996,5727,,,1+1+3,,,R1,F,3,04/03/2010
FLR-00061,RIDGE,5,1.1469,0,,,5R3,,,R2,K,5,02/06/2012
FLR-00062,LAMP,5,1.0582238,2,N-003,17512.3923,,2,0,,,,
FLR-00063,RIDGE,7,0.3510353,0,,,7i,,,R1,A,1,16-04-2014
FLR-00064,RIDGE,5,0.356,5125,,,5R1,,,R1,V,12,03/02/2010
FLR-00065,LAMP,5,1.1412916,1,N-003,17433.9222,,2,0,,,,
FLR-00066,RIDGE,5,1.133,0,,,1+1+3,,,R1,A,1,17/03/2010
FLR-00067,RIDGE,5,1.0242,0,,,5R3,,,R2,P,7,24/04/2008
FLR-00068,RIDGE,8,0.274,0,,,8i,,,R1,T,10,04/02/2010
FLR-00069,RIDGE,5,1.4782916,5759,,,1+1+3,,,R1,S,9,29-04-2014
FLR-00070,RIDGE,10,0.36,0,,,10i,,,R1,R,8,19/04/2008
FLR-00071,RIDGE,5,0.351,0,,,5R1,,,R1,N,6,21/03/2010
FLR-00072,RIDGE,5,1.1933053,0,,,5R3,,,R1,A,1,02/03/2015
FLR-00073,LAMP,5,1.0675417,1,N-003,15570.7331,,2,0,,,,
FLR-00074,RIDGE,6,0.8276136,0,,,6-SMUDGE,,,R1,A,1,02-03-2015
FLR-00075,RIDGE,5,0.364,0,,,5R1,,,R1,R,8,10/04/2008
FLR-00076,RIDGE,5,0.363,0,,,5R1,,,R1,D,2,04/04/2008
FLR-00077,RIDGE,5,0.3145772,0,,,5R1,,,R1,S,9,01-04-2015
FLR-00078,RIDGE,6,0.419425,5586,,,6i,,,R1,A,1,02-03-2015
FLR-00079,RIDGE,5,0.3391,5562,,,5R1,,,R1,U,11,13/02/2008
FLR-00080,LAMP,5,1.4123083,1,N-030,9510.1197,,2,0,,,,
FLR-00081,RIDGE,4,0.5229,5722,,,4D,,,R1,F,3,02/02/2010
FLR-00082,RIDGE,5,1.4868837,0,,,5-SMUDGE,,,R1,J,4,12/05/2016
FLR-00083,RIDGE,5,0.748,0,,,1+1+3,,,R1,V,12,03/02/2010
FLR-00084,LAMP,8,0.3294055,4,N-034,10094.6746,,13,0,,,,
FLR-00085,RIDGE,5,0.813638,0,,,1+1+3,,,R1,A,1,02/03/2015
FLR-00086,RIDGE,5,1.0295,5586,,,1+1+3,,,R1,A,1,02/03/2015
FLR-00087,RIDGE,5,0.9101,0,,,1+1+3,,,R1,F,3,03/03/2010
FLR-00088,RIDGE,5,1.3401961,0,,,1+1+3,,,R1,F,3,31/03/2015
FLR-00089,RIDGE,5,1.2840833,0,,,1+1+3,,,R1,F,3,31/03/2015
FLR-00090,RIDGE,5,0.879,0,,,1+1+3,,,R1,R,8,19/04/2008
FLR-00091,RIDGE,5,1.1235,0,,,5R3,,,R2,P,7,05/03/2011
FLR-00092,RIDGE,5,0.3347982,0,,,5R1,,,R1,S,9,01-04-2015
FLR-00093,RIDGE,5,0.7854,6035,,,1+1+3,,,R1,U,11,11/02/2010
FLR-00094,RIDGE,5,0.884,0,,,1+1+3,,,R1,R,8,19/04/2008
FLR-00095,RIDGE,9,0.399,0,,,9i,,,R1,V,12,26/01/2010
FLR-00096,RIDGE,6,0.933,0,,,6-SMUDGE,,,R1,D,2,27/03/2008
FLR-00097,RIDGE,5,1.263225,5560,,,1+1+3,,,R1,F,3,31/03/2015
FLR-00098,RIDGE,5,0.764,0,,,1+1+3,,,R1,T,10,12/03/2010
FLR-00099,RIDGE,5,1.2529,5586,,,1+1+3,,,R1,A,1,02/03/2015
FLR-00100,RIDGE,5,1.2778387,0,,,1+1+3,,,R1,F,3,31/03/2015
FLR-00101,LAMP,5,1.293625,2,N-024,6802.2064,,2,0,,,,
FLR-00102,RIDGE,5,0.312,0,,,5R1,,,R1,R,8,10/04/2008
FLR-00103,LAMP,5,0.9242164,4,N-011,1191.0922,,2,0,,,,
FLR-00104,LAMP,5,0.3145833,1,N-027,13178.8011,,4,0,,,,
FLR-00105,RIDGE,5,1.114336,0,,,1+1+3,,,R1,U,11,26/03/2015
FLR-00106,RIDGE,5,1.341,0,,,5R3,,,R2,P,7,24/04/2008
FLR-00107,RIDGE,5,0.871,0,,,1+1+3,,,R1,R,8,19/04/2008
FLR-00108,LAMP,5,1.207617,2,N-003,17437.4635,,2,0,,,,
FLR-00109,RIDGE,5,0.7920166,0,,,1+1+3,,,R1,S,9,01-04-2015
FLR-00110,RIDGE,4,0.5082,5722,,,4D,,,R1,F,3,02/02/2010
FLR-00111,LAMP,5,0.6488667,2,N-024,6843.1943,,15,0,,,,
FLR-00112,LAMP,5,0.305713,2,N-046,9494.2176,,4,0,,,,
FLR-00113,RIDGE,5,0.9020304,0,,,5-SMUDGE,,,R1,U,11,31-03-2015
FLR-00114,RIDGE,5,1.301675,5151,,,1+1+3,,,R1,U,11,26/03/2015
FLR-00115,RIDGE,5,1.1835,0,,,5R3,,,R2,K,5,03/06/2012
FLR-00116,RIDGE,5,0.8866917,5151,,,1+1+3,,,R1,U,11,19-03-2015
FLR-00117,LAMP,3,0.2961937,2,N-001,562.4021,,5,0,,,,
FLR-00118,RIDGE,5,0.865,0,,,1+1+3,,,R1,A,1,17/03/2010
FLR-00119,RIDGE,5,1.005,0,,,1+1+3,,,R1,D,2,27/03/2008
FLR-00120,RIDGE,4,0.5108,5722,,,4D,,,R1,F,3,04/03/2010
FLR-00121,RIDGE,8,0.4262417,5151,,,8i,,,R1,U,11,31-03-2015
FLR-00122,LAMP,5,1.2988584,1,N-014,1185.5837,,2,0,,,,
FLR-00123,RIDGE,5,0.3117667,0,,,5R1,,,R1,S,9,01-04-2015
FLR-00124,RIDGE,4,1.1580024,0,,,4R2,,,R1,A,1,02/03/2015
FLR-00125,LAMP,5,1.1107,1,N-017,29138.2021,,2,0,,,,
FLR-00126,RIDGE,5,1.1056666,9999,,,5R3,,,R2,ZZZ,13,12-04-2016
FLR-00127,RIDGE,5,0.347,0,,,5R1,,,R1,T,10,04/02/2010
FLR-00128,RIDGE,5,0.3229,5979,,,5R1,,,R1,J,4,03/05/2008
FLR-00129,RIDGE,5,0.9015,5978,,,1+1+3,,,R1,J,4,31/01/2009
FLR-00130,RIDGE,5,1.0930672,0,,,1+1+3,,,R1,U,11,26/03/2015
FLR-00131,RIDGE,5,0.6848,6035,,,5-SMUDGE,,,R1,U,11,11/02/2010
FLR-00132,RIDGE,3,0.1705,6070/6068,,,3R,,,R1,F,3,04/03/2010
FLR-00133,RIDGE,6,0.42,0,,,6i,,,R1,V,12,26/01/2010
FLR-00134,LAMP,8,0.3050584,1,N-036,27585.7261,,13,0,,,,
FLR-00135,RIDGE,7,1.1895384,0,,,7-SMUDGE,,,R1,U,11,26/03/2015
FLR-00136,RIDGE,4,0.4874,5561,,,4D,,,R1,F,3,03/03/2010
FLR-00137,RIDGE,4,0.7482953,0,,,4R2,,,R1,A,1,02/03/2015
FLR-00138,RIDGE,5,1.051,0,,,1+1+3,,,R1,A,1,20/01/2010
FLR-00139,RIDGE,5,0.7810942,0,,,1+1+3,,,R1,A,1,02/03/2015
FLR-00140,RIDGE,5,0.6011,5561,,,5-SMUDGE,,,R1,F,3,03/02/2005
FLR-00141,LAMP,5,1.2647078,2,N-003,16013.4859,,2,0,,,,
FLR-00142,RIDGE,5,2.2833503,0,,,5-SMUDGE,,,R2,ZZZ,13,12-04-2016
FLR-00143,RIDGE,5,1.1281,0,,,5R3,,,R2,K,5,02/06/2012
FLR-00144,RIDGE,5,1.4851,0,,,1+1+3,,,R1,J,4,06/02/2010
FLR-00145,RIDGE,4,0.8335647,0,,,4R2,,,R1,A,1,02/03/2015
FLR-00146,RIDGE,5,0.7829,5981,,,1+1+3,,,R1,J,4,03/05/2008
FLR-00147,LAMP,4,0.9532916,2,N-003,15703.1893,,0,0,,,,
FLR-00148,RIDGE,5,1.3729583,5586,,,1+1+3,,,R1,A,1,02-03-2015
FLR-00149,LAMP,5,1.2048583,1,N-042,1042.8981,,2,0,,,,
FLR-00150,RIDGE,5,1.1451,0,,,5R3,,,R2,P,7,05/03/2011
FLR-00151,RIDGE,5,0.7625,5561,,,1+1+3,,,R1,F,3,09/02/2009
FLR-00152,RIDGE,5,1.1492323,0,,,1+1+3,,,R1,U,11,26/03/2015
FLR-00153,LAMP,5,1.3356303,4,N-020,10995.9931,,2,0,,,,
FLR-00154,LAMP,5,0.3128667,2,N-031,248.3292,,4,0,,,,
FLR-00155,RIDGE,5,1.2998583,5151,,,1+1+3,,,R1,U,11,26/03/2015
FLR-00156,RIDGE,5,0.308025,0,,,5R1,,,R1,S,9,01-04-2015
FLR-00157,LAMP,10,1.6170853,2,N-045,5264.9571,,17,0,,,,
FLR-00158,RIDGE,5,1.2367,5561,,,1+1+3,,,R1,F,3,03/02/2005
FLR-00159,RIDGE,5,0.498175,5151,,,5R2,,,R1,U,11,31-03-2015
FLR-00160,RIDGE,5,1.2680306,0,,,1+1+3,,,R1,F,3,31/03/2015
FLR-00161,LAMP,5,1.3467232,3,N-033,18421.9527,,2,0,,,,
FLR-00162,RIDGE,5,0.7120333,5759,,,1+1+3,,,R1,S,9,07-04-2015
FLR-00163,RIDGE,4,0.391,0,,,1+32,,,R1,N,6,02/04/2010
FLR-00164,LAMP,15,1.2635146,2,N-017,29084.402,,17,0,,,,
FLR-00165,RIDGE,6,0.8553842,0,,,6-SMUDGE,,,R1,A,1,16-04-2014
FLR-00166,LAMP,5,1.2518307,3,N-022,27893.2586,,2,0,,,,
FLR-00167,RIDGE,5,0.969575,5719,,,1+1+3,,,R1,A,1,16-04-2014
FLR-00168,RIDGE,5,1.088,0,,,5R3,,,R1,A,1,04/03/2005
FLR-00169,RIDGE,5,0.767,0,,,1+1+3,,,R1,D,2,01/04/2010
FLR-00170,RIDGE,5,1.1588,0,,,5R3,,,R2,P,7,05/03/2011
FLR-00171,RIDGE,5,1.08825,5151,,,1+1+3,,,R1,U,11,31-03-2015
FLR-00172,RIDGE,5,0.316,5126,,,5R1,,,R1,V,12,26/01/2010
FLR-00173,RIDGE,5,1.3724,5978,,,1+1+3,,,R1,J,4,04/05/2008
FLR-00174,RIDGE,5,1.102,0,,,1+1+3,,,R1,V,12,03/02/2010
FLR-00175,LAMP,5,1.2700012,4,N-017,29233.1744,,2,0,,,,
FLR-00176,RIDGE,5,1.52868,0,,,1+1+3,,,R1,J,4,12/05/2016
FLR-00177,RIDGE,5,0.332,0,,,5R1,,,R1,T,10,04/02/2010
FLR-00178,RIDGE,7,0.577,0,,,7i,,,R1,R,8,19/04/2008
FLR-00179,RIDGE,5,0.3072823,0,,,5R1,,,R1,J,4,12/05/2016
FLR-00180,LAMP,5,1.2458747,3,N-022,27783.5303,,2,0,,,,
FLR-00181,LAMP,24,1.3543084,2,N-035,30929.273,,17,0,,,,
FLR-00182,RIDGE,5,0.9938,0,,,1+1+3,,,R1,F,3,04/03/2010
FLR-00183,RIDGE,4,1.2438323,0,,,4R2,,,R1,A,1,02/03/2015
FLR-00184,LAMP,5,0.9990136,3,N-011,1152.553,,2,0,,,,
FLR-00185,LAMP,5,1.3160387,1,N-038,3585.7823,,2,0,,,,
FLR-00186,RIDGE,5,0.3268417,5560,,,5R1,,,R1,F,3,31/03/2015
FLR-00187,RIDGE,5,0.7576969,0,,,1+1+3,,,R1,A,1,02/03/2015
FLR-00188,RIDGE,5,0.759975,0,,,1+1+3,,,R1,A,1,02/03/2015
FLR-00189,LAMP,5,1.2820022,2,N-014,647.9094,,2,0,,,,
FLR-00190,RIDGE,5,0.528,0,,,5R2,,,R1,N,6,02/04/2010
FLR-00191,RIDGE,5,0.4866187,0,,,5R2,,,R1,F,3,31/03/2015
FLR-00192,RIDGE,5,1.1228,5561,,,1+1+3,,,R1,F,3,02/02/2005
FLR-00193,RIDGE,5,0.3228083,0,,,5R1,,,R1,S,9,01-04-2015
FLR-00194,RIDGE,4,0.248,0,,,4R1,,,R1,T,10,10/03/2010
FLR-00195,LAMP,14,0.6138585,2,N-024,14577.3279,,17,0,,,,
FLR-00196,RIDGE,7,0.3415,0,,,7i,,,R1,F,3,04/03/2010
FLR-00197,LAMP,5,1.2707583,2,N-023,31608.7045,,2,0,,,,
FLR-00198,RIDGE,4,1.2236334,9999,,,4R2,,,R2,ZZZ,13,12-04-2016
FLR-00199,RIDGE,5,1.3325,5987,,,1+1+3,,,R1,J,4,04/05/2008
FLR-00200,RIDGE,5,0.5245,6035,,,5R2,,,R1,U,11,11/02/2010
FLR-00201,RIDGE,6,0.2034,0,,,6i,,,R1,F,3,04/03/2010
FLR-00202,RIDGE,5,0.3196417,5726,,,5R1,,,R1,S,9,01-04-2015
FLR-00203,RIDGE,4,0.5009,5722,,,4D,,,R1,F,3,04/03/2010
FLR-00204,LAMP,5,0.3130794,2,N-031,204.1504,,4,0,,,,
FLR-00205,RIDGE,6,1.5252,5979,,,6-SMUDGE,,,R1,J,4,03/05/2008
FLR-00206,RIDGE,7,1.0814,5722,,,7D1,,,R1,F,3,12/02/2010
FLR-00207,RIDGE,5,1.2897,0,,,5R3,,,R2,K,5,03/06/2012
FLR-00208,LAMP,6,0.3808083,1,N-003,22144.4934,,16,1,,,,
FLR-00209,LAMP,5,1.0063666,2,N-003,17580.2819,,2,0,,,,
FLR-00210,LAMP,8,0.3754055,2,N-002,11100.4533,,13,0,,,,
FLR-00211,RIDGE,5,0.898,0,,,1+1+3,,,R1,R,8,19/04/2008
FLR-00212,LAMP,5,0.8794833,2,N-003,17546.4646,,2,0,,,,
FLR-00213,RIDGE,5,0.311,0,,,5R1,,,R1,D,2,06/02/2010
FLR-00214,RIDGE,5,1.2559417,5560,,,1+1+3,,,R1,F,3,31/03/2015
FLR-00215,RIDGE,5,1.1139,0,,,5R3,,,R2,K,5,02/06/2012
FLR-00216,LAMP,5,1.2848583,1,N-041,3874.8419,,2,0,,,,
FLR-00217,RIDGE,4,1.2468991,0,,,4R2,,,R1,A,1,02-03-2015
FLR-00218,LAMP,8,0.3793188,2,N-046,9427.1193,,13,0,,,,
FLR-00219,RIDGE,5,1.3221918,0,,,1+1+3,,,R1,S,9,29-04-2014
FLR-00220,LAMP,5,1.2784,2,N-022,27777.1389,,2,0,,,,
FLR-00221,RIDGE,5,1.0392,0,,,5R3,,,R2,P,7,25/04/2008
FLR-00222,LAMP,5,1.0998926,2,N-003,16088.0483,,2,0,,,,
FLR-00223,LAMP,5,1.2365334,1,N-011,2181.4972,,2,0,,,,
FLR-00224,RIDGE,8,1.3869,0,,,8R,,,R2,K,5,03/06/2012
FLR-00225,RIDGE,5,1.4749719,0,,,5-SMUDGE,,,R2,ZZZ,13,12-04-2016
FLR-00226,LAMP,5,1.3440323,1,N-041,3870.0953,,2,0,,,,
FLR-00227,RIDGE,4,0.7433,0,,,4R2,,,R2,K,5,03/06/2012
FLR-00228,RIDGE,5,0.3248597,5720,,,5R1,,,R1,A,1,16-04-2014
FLR-00229,LAMP,5,0.3270856,2,N-034,10018.9647,,4,0,,,,
FLR-00230,RIDGE,5,0.6458,5979,,,2+3,,,R1,J,4,03/05/2008
FLR-00231,RIDGE,5,1.3021,5979,,,1+1+3,,,R1,J,4,03/05/2008
FLR-00232,RIDGE,5,0.5077582,0,,,5R2,,,R1,F,3,31/03/2015
FLR-00233,RIDGE,6,0.2664306,0,,,6i,,,R1,A,1,16-04-2014
FLR-00234,RIDGE,5,0.868,0,,,1+1+3,,,R1,D,2,01/04/2010
FLR-00235,LAMP,5,1.2695587,1,N-018,33025.6848,,2,0,,,,
FLR-00236,RIDGE,7,0.2988,5560,,,7i,,,R1,F,3,23/01/2005
FLR-00237,LAMP,8,0.3883416,1,N-029,485.3756,,13,0,,,,
FLR-00238,LAMP,5,1.2493033,4,N-014,5193.6498,,2,0,,,,
FLR-00239,LAMP,5,1.075875,2,N-001,7250.468,,2,0,,,,
FLR-00240,RIDGE,5,0.743,0,,,1+1+3,,,R1,N,6,03/04/2010
FLR-00241,LAMP,3,0.5548603,2,N-002,13788.7296,,5,0,,,,
FLR-00242,LAMP,5,0.787725,1,N-005,3277.2754,,2,0,,,,
FLR-00243,RIDGE,7,0.479,0,,,7i,,,R1,V,12,26/01/2010
FLR-00244,LAMP,5,0.3401021,2,N-010,21300.9795,,2,0,,,,
FLR-00245,RIDGE,6,0.73,0,,,6-SMUDGE,,,R1,A,1,20/01/2010
FLR-00246,RIDGE,5,1.0969452,0,,,1+1+3,,,R1,A,1,02-03-2015
FLR-00247,RIDGE,5,0.8394366,0,,,1+1+3,,,R1,A,1,02/03/2015
FLR-00248,RIDGE,5,0.778,5981,,,1+1+3,,,R1,J,4,03/05/2008
FLR-00249,LAMP,5,1.08995,1,N-003,16762.3386,,2,0,,,,
FLR-00250,RIDGE,5,1.2662759,0,,,1+1+3,,,R1,J,4,10-04-2015
FLR-00251,LAMP,5,1.383025,1,N-038,3569.4753,,2,0,,,,
FLR-00252,RIDGE,5,1.3072583,0,,,1+1+3,,,R1,U,11,31-03-2015
FLR-00253,RIDGE,5,0.5317,5151,,,5R2,,,R1,U,11,11/02/2010
FLR-00254,RIDGE,5,1.3804084,5981,,,1+1+3,,,R1,J,4,10-04-2015
FLR-00255,RIDGE,4,0.392,0,,,1+32,,,R1,N,6,21/03/2010
FLR-00256,LAMP,5,1.2977289,2,N-033,18389.6129,,2,0,,,,
FLR-00257,RIDGE,5,1.2352,5560,,,1+1+3,,,R1,F,3,03/02/2005
FLR-00258,RIDGE,5,0.3154667,0,,,5R1,,,R1,S,9,01-04-2015
FLR-00259,LAMP,5,1.1704083,3,N-020,13219.8664,,2,0,,,,
FLR-00260,RIDGE,5,1.1634917,5586,,,1+1+3,,,R1,A,1,02/03/2015
FLR-00261,RIDGE,6,0.427,0,,,6i,,,R1,D,2,27/03/2008
FLR-00262,LAMP,5,0.7578755,2,N-033,19109.501,,2,0,,,,
FLR-00263,LAMP,5,0.7093778,2,N-028,28112.7082,,2,0,,,,
FLR-00264,LAMP,5,0.327725,1,N-024,7991.5296,,2,0,,,,
FLR-00265,RIDGE,8,0.664,0,,,8i,,,R1,R,8,19/04/2008
FLR-00266,RIDGE,5,0.8286815,0,,,1+1+3,,,R1,A,1,02/03/2015
FLR-00267,RIDGE,5,1.582008,0,,,1+1+3,,,R1,J,4,12/05/2016
FLR-00268,RIDGE,5,0.616,0,,,2+3,,,R1,V,12,26/01/2010
FLR-00269,RIDGE,5,1.2133892,0,,,1+1+3,,,R1,A,1,02/03/2015
FLR-00270,RIDGE,5,1.1626,0,,,1+1+3,,,R1,J,4,06/02/2010
FLR-00271,RIDGE,4,1.101073,0,,,4R2,,,R1,A,1,02/03/2015
FLR-00272,LAMP,4,1.0652464,2,N-003,16972.246,,0,0,,,,
FLR-00273,RIDGE,6,0.412,0,,,6i,,,R1,V,12,26/01/2010
FLR-00274,RIDGE,4,0.5288,5722,,,4D,,,R1,F,3,23/02/2008
FLR-00275,RIDGE,5,1.8306,0,,,5-SMUDGE,,,R2,K,5,03/06/2012
FLR-00276,LAMP,5,1.2901084,1,N-015,13099.6283,,2,0,,,,
FLR-00277,LAMP,9,1.3568254,2,N-046,8910.3561,,6,0,,,,
FLR-00278,LAMP,5,1.2361916,1,N-024,6794.5292,,2,0,,,,
FLR-00279,RIDGE,5,0.870725,0,,,1+1+3,,,R1,A,1,02-03-2015
FLR-00280,LAMP,4,0.8389211,3,N-003,17879.1677,,0,0,,,,
FLR-00281,RIDGE,7,0.3322,0,,,7i,,,R1,U,11,16/02/2009
FLR-00282,RIDGE,5,0.7691354,0,,,1+1+3,,,R1,J,4,12/05/2016
FLR-00283,LAMP,5,1.4745333,1,N-042,181.8285,,2,0,,,,
FLR-00284,RIDGE,5,0.333,0,,,5R1,,,R1,T,10,17/04/2010
FLR-00285,RIDGE,9,1.1975917,0,,,9-SMUDGE,,,R1,A,1,02/03/2015
FLR-00286,RIDGE,6,0.8377,0,,,6-SMUDGE,,,R1,F,3,04/03/2010
FLR-00287,RIDGE,4,0.5310192,0,,,4-SMUDGE,,,R1,A,1,02/03/2015
FLR-00288,RIDGE,5,0.3643167,6070,,,5R1,,,R1,F,3,19/03/2015
FLR-00289,RIDGE,5,0.3216083,5987,,,5R1,,,R1,J,4,12-05-2016
FLR-00290,LAMP,5,1.5085656,2,N-045,5084.4307,,2,0,,,,
FLR-00291,LAMP,5,1.2840833,4,N-020,11014.8157,,2,0,,,,
FLR-00292,RIDGE,5,1.4210833,5759,,,1+1+3,,,R1,S,9,29-04-2014
FLR-00293,LAMP,5,1.2442,2,N-020,13206.694,,2,0,,,,
FLR-00294,RIDGE,5,0.6536,5722,,,5-SMUDGE,,,R1,F,3,04/03/2010
FLR-00295,LAMP,5,0.8942583,2,N-003,17536.7269,,2,0,,,,
FLR-00296,RIDGE,5,0.513,5151,,,5R2,,,R1,U,11,16/02/2009
FLR-00297,RIDGE,8,0.3279,5979,,,8i,,,R1,J,4,03/05/2008
FLR-00298,LAMP,5,1.1748852,2,N-017,29157.9528,,2,0,,,,
FLR-00299,RIDGE,5,0.326,0,,,5R1,,,R1,T,10,21/01/2010
FLR-00300,RIDGE,5,0.774373,0,,,1+1+3,,,R1,A,1,02/03/2015
FLR-00301,LAMP,5,0.3158416,2,N-026,5999.4436,,2,0,,,,
FLR-00302,RIDGE,5,1.3564,0,,,1+1+3,,,R1,F,3,23/01/2005
FLR-00303,LAMP,5,0.3349,2,N-040,158.6726,,2,0,,,,
FLR-00304,RIDGE,5,0.7246583,6070,,,1+1+3,,,R1,F,3,19/03/2015
FLR-00305,RIDGE,5,1.028,0,,,1+1+3,,,R1,V,12,03/02/2010
FLR-00306,RIDGE,6,1.5586,0,,,6R,,,R2,P,7,24/04/2008
FLR-00307,LAMP,5,0.7759865,1,N-036,27044.5192,,2,0,,,,
FLR-00308,RIDGE,5,0.299,0,,,5R1,,,R1,D,2,21/03/2008
FLR-00309,RIDGE,5,0.757,0,,,1+1+3,,,R1,R,8,19/04/2008
FLR-00310,RIDGE,5,0.3172738,0,,,5R1,,,R1,A,1,24-04-2016
FLR-00311,RIDGE,10,0.366,0,,,10i,,,R1,T,10,17/04/2010
FLR-00312,RIDGE,5,1.2381167,5759,,,1+1+3,,,R1,S,9,01-04-2015
FLR-00313,LAMP,6,0.523925,1,N-011,1915.633,,16,0,,,,
FLR-00314,RIDGE,5,0.9147,5727,,,1+1+3,,,R1,F,3,04/03/2010
FLR-00315,RIDGE,5,1.2194,5727,,,1+1+3,,,R1,F,3,23/01/2005
FLR-00316,RIDGE,5,0.3275461,5726,,,5R1,,,R1,S,9,01-04-2015
FLR-00317,LAMP,5,0.7081417,1,N-031,150.5765,,2,0,,,,
FLR-00318,RIDGE,8,0.325,5562,,,8i,,,R1,U,11,24/01/2010
FLR-00319,RIDGE,9,1.2007,0,,,9R,,,R1,J,4,31/01/2009
FLR-00320,RIDGE,5,1.3621129,0,,,1+1+3,,,R1,S,9,29-04-2014
FLR-00321,RIDGE,5,1.2262084,0,,,1+1+3,,,R1,S,9,29-04-2014
FLR-00322,RIDGE,4,1.0652464,0,,,4R2,,,R1,A,1,02/03/2015
FLR-00323,LAMP,5,0.3224628,3,N-003,18866.339,,2,0,,,,
FLR-00324,RIDGE,5,1.347575,0,,,1+1+3,,,R1,J,4,10-04-2015
FLR-00325,RIDGE,5,0.865,0,,,1+1+3,,,R1,V,12,03/02/2010
FLR-00326,RIDGE,5,0.343,5560,,,5R1,,,R1,F,3,18/02/2009
FLR-00327,LAMP,5,0.9664,1,N-003,15685.8098,,2,0,,,,
FLR-00328,RIDGE,5,1.0183704,0,,,1+1+3,,,R1,J,4,12/05/2016
FLR-00329,RIDGE,5,0.8154333,5586,,,1+1+3,,,R1,A,1,02/03/2015
FLR-00330,RIDGE,5,1.2745834,5151,,,1+1+3,,,R1,U,11,19-03-2015
FLR-00331,RIDGE,5,1.245589,0,,,1+1+3,,,R1,U,11,31-03-2015
FLR-00332,LAMP,5,1.1978347,2,N-017,29137.5624,,2,0,,,,
FLR-00333,RIDGE,5,0.324,0,,,5R1,,,R1,T,10,11/03/2010
FLR-00334,RIDGE,4,1.0446083,0,,,4-SMUDGE,,,R1,A,1,02/03/2015
FLR-00335,RIDGE,5,1.4229,0,,,1+1+3,,,R1,U,11,19-03-2015
FLR-00336,RIDGE,5,1.0667,0,,,5R3,,,R2,P,7,25/04/2008
FLR-00337,LAMP,5,0.99164,2,N-045,2449.7009,,2,0,,,,
FLR-00338,LAMP,5,1.2431167,2,N-030,9510.9687,,2,0,,,,
FLR-00339,RIDGE,5,0.7755084,0,,,1+1+3,,,R1,J,4,12-05-2016
FLR-00340,RIDGE,5,0.768474,5979,,,1+1+3,,,R1,J,4,10-04-2015
FLR-00341,RIDGE,5,0.345,0,,,5R1,,,R1,T,10,04/02/2010
FLR-00342,RIDGE,5,1.3901084,5759,,,1+1+3,,,R1,S,9,29-04-2014
FLR-00343,RIDGE,5,1.343025,5560,,,1+1+3,,,R1,F,3,31/03/2015
FLR-00344,RIDGE,5,1.2557917,5151,,,1+1+3,,,R1,U,11,26/03/2015
FLR-00345,RIDGE,9,0.6191303,0,,,9i,,,R1,U,11,31-03-2015
FLR-00346,RIDGE,8,0.3363615,0,,,8i,,,R1,A,1,16-04-2014
FLR-00347,LAMP,5,1.254775,4,N-014,5198.9347,,2,0,,,,
FLR-00348,LAMP,4,0.9013667,2,N-001,246.3526,,0,0,,,,
FLR-00349,RIDGE,5,0.3237319,5759,,,5R1,,,R1,S,9,01-04-2015
FLR-00350,RIDGE,5,0.775775,5586,,,1+1+3,,,R1,A,1,02/03/2015
FLR-00351,RIDGE,5,0.296,0,,,5R1,,,R1,D,2,21/03/2008
FLR-00352,RIDGE,4,0.9199125,0,,,4R2,,,R1,A,1,02/03/2015
FLR-00353,LAMP,5,0.900125,1,N-011,1966.9832,,2,0,,,,
FLR-00354,RIDGE,5,0.3277333,0,,,5R1,,,R1,S,9,01-04-2015
FLR-00355,RIDGE,5,0.33,0,,,5R1,,,R1,T,10,12/03/2010
FLR-00356,LAMP,5,0.8137333,1,N-002,14535.6927,,2,0,,,,
FLR-00357,RIDGE,8,1.7224,5727,,,8-SMUDGE,,,R1,F,3,04/03/2010
FLR-00358,RIDGE,5,1.1331,0,,,5R3,,,R2,K,5,03/06/2012
FLR-00359,RIDGE,4,0.5865,5722,,,4D,,,R1,F,3,09/03/2005
FLR-00360,LAMP,5,0.3175329,2,N-031,145.8432,,2,0,,,,
FLR-00361,LAMP,5,1.2806466,1,N-018,33029.8457,,2,0,,,,
FLR-00362,RIDGE,5,0.8294,0,,,1+1+3,,,R1,J,4,06/02/2010
FLR-00363,RIDGE,4,0.9791,0,,,4R2,,,R2,K,5,03/06/2012
FLR-00364,RIDGE,5,1.0539,0,,,5R3,,,R2,K,5,03/06/2012
FLR-00365,RIDGE,5,1.04,0,,,1+1+3,,,R1,R,8,19/04/2008
FLR-00366,RIDGE,5,0.982525,5759,,,1+1+3,,,R1,S,9,01-04-2015
FLR-00367,RIDGE,5,0.936,0,,,1+1+3,,,R1,A,1,20/01/2010
FLR-00368,RIDGE,5,0.3226273,0,,,5R1,,,R1,A,1,24-04-2016
FLR-00369,RIDGE,4,1.0445317,0,,,4R2,,,R1,A,1,16-04-2014
FLR-00370,LAMP,5,1.2615333,1,N-015,13047.9037,,2,0,,,,
FLR-00371,RIDGE,3,0.2986611,0,,,3D,,,R1,A,1,02/03/2015
FLR-00372,LAMP,4,1.0003497,2,N-003,15694.7248,,0,0,,,,
FLR-00373,RIDGE,5,1.0662,0,,,5R3,,,R2,K,5,03/06/2012
FLR-00374,LAMP,5,1.3410315,2,N-045,5043.4773,,2,0,,,,
FLR-00375,LAMP,5,0.3284584,1,N-014,5887.6821,,2,0,,,,
FLR-00376,RIDGE,3,0.1544135,0,,,3D,,,R1,S,9,29-04-2014
FLR-00377,RIDGE,5,0.5094,5979,,,5R2,,,R1,J,4,31/01/2009
FLR-00378,LAMP,5,1.2778008,1,N-018,33042.4935,,2,0,,,,
FLR-00379,LAMP,5,1.3458955,1,N-006,8644.3819,,2,0,,,,
FLR-00380,RIDGE,7,1.0692,5722,,,7D1,,,R1,F,3,12/02/2010
FLR-00381,RIDGE,5,1.1653194,0,,,1+1+3,,,R1,U,11,19-03-2015
FLR-00382,RIDGE,7,0.9915,5722,,,7D1,,,R1,F,3,12/02/2010
FLR-00383,RIDGE,4,0.5077,5722,,,4D,,,R1,F,3,04/03/2010
FLR-00384,RIDGE,3,0.1188,6070/6068,,,3R,,,R1,F,3,04/03/2010
FLR-00385,RIDGE,5,0.3653,6035,,,5R1,,,R1,U,11,18/02/2009
FLR-00386,RIDGE,5,0.659,0,,,5-SMUDGE,,,R1,R,8,19/04/2008
FLR-00387,RIDGE,5,1.1319,0,,,5R3,,,R2,K,5,03/06/2012
FLR-00388,RIDGE,5,0.765,0,,,1+1+3,,,R1,T,10,10/03/2010
FLR-00389,RIDGE,5,0.3097917,0,,,5R1,,,R1,S,9,01-04-2015
FLR-00390,LAMP,5,1.1114969,4,N-003,15797.3381,,2,0,,,,
FLR-00391,RIDGE,5,0.9714,0,,,5R3,,,R2,K,5,03/06/2012
FLR-00392,LAMP,5,0.3181916,2,N-003,18845.5093,,2,0,,,,
FLR-00393,RIDGE,5,0.814625,5586,,,1+1+3,,,R1,A,1,02/03/2015
FLR-00394,RIDGE,5,0.3295,5560,,,5R1,,,R1,F,3,23/01/2005
FLR-00395,RIDGE,5,1.1683333,5981,,,1+1+3,,,R1,J,4,10-04-2015
FLR-00396,RIDGE,5,1.2558166,0,,,1+1+3,,,R1,F,3,31/03/2015
FLR-00397,RIDGE,5,0.9180026,0,,,1+1+3,,,R1,A,1,02/03/2015
FLR-00398,LAMP,5,0.8290101,2,N-045,5962.7902,,2,0,,,,
FLR-00399,LAMP,5,1.15435,1,N-041,2903.5233,,2,0,,,,
FLR-00400,RIDGE,4,0.5223,5722,,,4D,,,R1,F,3,23/03/2008
FLR-00401,RIDGE,5,1.0434,0,,,5R3,,,R2,K,5,03/06/2012
FLR-00402,LAMP,4,0.9370036,3,N-002,14626.3338,,0,0,,,,
FLR-00403,LAMP,5,1.3818607,2,N-004,25047.5754,,2,0,,,,
FLR-00404,RIDGE,5,1.1689,5561,,,1+1+3,,,R1,F,3,04/03/2010
FLR-00405,RIDGE,5,0.6435,0,,,2+3,,,R1,F,3,23/01/2005
FLR-00406,RIDGE,5,0.525226,0,,,5R2,,,R1,A,1,02/03/2015
FLR-00407,LAMP,5,0.8082583,1,N-032,10131.7706,,2,0,,,,
FLR-00408,RIDGE,5,1.1149,5151,,,1+1+3,,,R1,U,11,19-03-2015
FLR-00409,RIDGE,6,0.4067,0,,,6i,,,R1,J,4,04/05/2008
FLR-00410,RIDGE,5,0.9625322,0,,,1+1+3,,,R1,J,4,12/05/2016
FLR-00411,LAMP,5,0.8866917,1,N-005,862.7423,,2,0,,,,
FLR-00412,RIDGE,6,0.384,0,,,6i,,,R1,V,12,26/01/2010
FLR-00413,RIDGE,4,1.1657,0,,,4-SMUDGE,,,R2,P,7,25/04/2008
FLR-00414,RIDGE,5,1.2017,5561,,,1+1+3,,,R1,F,3,03/02/2005
FLR-00415,RIDGE,5,0.8601,5562,,,1+1+3,,,R1,U,11,24/01/2010
FLR-00416,RIDGE,10,0.4446,5560,,,10i,,,R1,F,3,07/02/2005
FLR-00417,RIDGE,5,0.3222,5726,,,5R1,,,R1,S,9,01-04-2015
FLR-00418,RIDGE,5,0.6097333,5726,,,2+3,,,R1,S,9,01-04-2015
FLR-00419,LAMP,5,1.2564395,2,N-030,9494.9027,,2,0,,,,
FLR-00420,RIDGE,5,0.8128416,5151,,,1+1+3,,,R1,U,11,26/03/2015
FLR-00421,RIDGE,4,0.4912,5722,,,4D,,,R1,F,3,11/02/2010
FLR-00422,LAMP,5,0.9642988,2,N-024,14589.032,,2,0,,,,
FLR-00423,RIDGE,5,0.552,0,,,5R2,,,R1,N,6,02/04/2010
FLR-00424,LAMP,4,0.809764,2,N-003,15649.2835,,0,0,,,,
FLR-00425,RIDGE,4,0.5338,5722,,,4D,,,R1,F,3,23/02/2008
FLR-00426,RIDGE,5,0.8556833,5586,,,1+1+3,,,R1,A,1,02/03/2015
FLR-00427,RIDGE,8,0.4412,6035,,,8i,,,R1,U,11,11/02/2010
FLR-00428,LAMP,5,1.1875911,3,N-033,18497.5899,,2,0,,,,
FLR-00429,LAMP,6,0.7099417,2,N-009,717.4496,,10,0,,,,
FLR-00430,LAMP,4,0.8943575,2,N-001,259.4142,,0,0,,,,
FLR-00431,RIDGE,5,1.1402,0,,,5R3,,,R2,P,7,24/04/2008
FLR-00432,LAMP,5,0.327625,1,N-017,29898.4914,,4,0,,,,
FLR-00433,RIDGE,5,0.9832,5978,,,1+1+3,,,R1,J,4,31/01/2009
FLR-00434,RIDGE,5,1.2521,5978,,,1+1+3,,,R1,J,4,15/02/2007
FLR-00435,RIDGE,5,1.1359794,0,,,1+1+3,,,R1,A,1,02/03/2015
FLR-00436,RIDGE,5,1.049,0,,,1+1+3,,,R1,A,1,20/01/2010
FLR-00437,RIDGE,5,0.8552,5978,,,1+1+3,,,R1,J,4,03/05/2008
FLR-00438,RIDGE,5,0.195,0,,,5-SMUDGE,,,R1,D,2,01/04/2010
FLR-00439,RIDGE,5,1.4612916,5987,,,1+1+3,,,R1,J,4,24-04-2014
FLR-00440,RIDGE,5,0.3137917,5987,,,5R1,,,R1,J,4,12-05-2016
FLR-00441,RIDGE,5,0.4921559,0,,,5R2,,,R1,F,3,31/03/2015
FLR-00442,RIDGE,5,0.334,0,,,5R1,,,R1,V,12,03/02/2010
FLR-00443,LAMP,7,0.5498084,1,N-014,1216.6254,,8,0,,,,
FLR-00444,RIDGE,5,0.3642508,0,,,5R1,,,R1,A,1,02/03/2015
FLR-00445,RIDGE,5,1.2266,0,,,5R3,,,R2,P,7,25/04/2008
FLR-00446,RIDGE,5,1.19745,5151,,,1+1+3,,,R1,U,11,26/03/2015
FLR-00447,RIDGE,5,1.2450834,5560,,,1+1+3,,,R1,F,3,31/03/2015
FLR-00448,LAMP,5,1.1107251,3,N-022,27688.5335,,2,0,,,,
FLR-00449,RIDGE,5,0.9434,0,,,1+1+3,,,R1,F,3,04/03/2010
FLR-00450,RIDGE,5,1.0192204,0,,,1+1+3,,,R1,A,1,02/03/2015
FLR-00451,LAMP,5,1.261975,1,N-011,863.5318,,2,0,,,,
FLR-00452,LAMP,5,1.0699353,3,N-003,15855.6085,,2,0,,,,
FLR-00453,LAMP,5,1.2511417,3,N-033,18518.2259,,2,0,,,,
FLR-00454,RIDGE,6,0.7583,6058,,,6-SMUDGE,,,R1,U,11,11/02/2010
FLR-00455,RIDGE,5,1.3393583,5151,,,1+1+3,,,R1,U,11,26/03/2015
FLR-00456,RIDGE,5,0.7149315,0,,,1+1+3,,,R1,S,9,01-04-2015
FLR-00457,LAMP,5,1.1668047,3,N-012,9518.4736,,2,0,,,,
FLR-00458,RIDGE,5,1.3589398,0,,,1+1+3,,,R1,U,11,31-03-2015
FLR-00459,RIDGE,6,1.6346084,5987,,,6-SMUDGE,,,R1,J,4,24-04-2014
FLR-00460,LAMP,5,1.2818,2,N-014,1109.6497,,2,0,,,,
FLR-00461,RIDGE,5,0.886,0,,,1+1+3,,,R1,D,2,01/04/2010
FLR-00462,RIDGE,5,0.8069,0,,,1+1+3,,,R1,J,4,06/02/2010
FLR-00463,RIDGE,5,0.3519,0,,,5R1,,,R1,U,11,01/02/2010
FLR-00464,RIDGE,7,0.7915,0,,,7D1,,,R1,F,3,04/03/2010
FLR-00465,RIDGE,5,0.6817873,0,,,5-SMUDGE,,,R1,U,11,26/03/2015
FLR-00466,RIDGE,5,1.356,5979,,,1+1+3,,,R1,J,4,04/05/2008
FLR-00467,RIDGE,5,0.3419166,5987,,,5R1,,,R1,J,4,24-04-2014
FLR-00468,RIDGE,5,0.31,0,,,5R1,,,R1,T,10,15/04/2010
FLR-00469,RIDGE,5,0.788,0,,,1+1+3,,,R1,V,12,03/02/2010
FLR-00470,RIDGE,5,0.7301,5727,,,1+1+3,,,R1,F,3,23/03/2008
FLR-00471,LAMP,5,1.2049111,2,N-041,2913.0588,,2,0,,,,
FLR-00472,LAMP,5,1.1853476,2,N-022,27687.8931,,2,0,,,,
FLR-00473,RIDGE,5,1.507,0,,,5R3,,,R2,K,5,02/06/2012
FLR-00474,RIDGE,5,1.0558619,0,,,1+1+3,,,R1,U,11,26/03/2015
FLR-00475,LAMP,5,1.2064134,2,N-038,3582.6646,,2,0,,,,
FLR-00476,LAMP,5,0.7045598,2,N-044,27738.2767,,2,0,,,,
FLR-00477,RIDGE,9,0.334,0,,,9i,,,R1,V,12,26/01/2010
FLR-00478,LAMP,5,0.8143,2,N-003,17562.4562,,2,0,,,,
FLR-00479,RIDGE,5,0.927,0,,,5-SMUDGE,,,R2,K,5,03/06/2012
FLR-00480,RIDGE,4,0.5,5722,,,4D,,,R1,F,3,23/01/2010
FLR-00481,RIDGE,5,0.3148434,0,,,5R1,,,R1,A,1,24-04-2016
FLR-00482,RIDGE,5,1.0598,0,,,5R3,,,R2,K,5,03/06/2012
FLR-00483,RIDGE,4,0.5009,5722,,,4D,,,R1,F,3,27/02/2005
FLR-00484,LAMP,5,0.98795,1,N-002,14446.3369,,2,0,,,,
FLR-00485,LAMP,8,1.4049917,1,N-001,3947.1796,,9,0,,,,
FLR-00486,RIDGE,6,1.3022,0,,,6R,,,R2,K,5,02/06/2012
FLR-00487,RIDGE,5,1.351,5727,,,1+1+3,,,R1,F,3,12/02/2010
FLR-00488,RIDGE,4,0.387,0,,,1+32,,,R1,N,6,02/04/2010
FLR-00489,LAMP,8,0.3114156,3,N-036,27621.7106,,13,0,,,,
FLR-00490,RIDGE,5,0.82,0,,,1+1+3,,,R1,A,1,26/03/2010
FLR-00491,RIDGE,5,1.3265118,0,,,1+1+3,,,R1,F,3,31/03/2015
FLR-00492,RIDGE,4,0.5195,6035,,,4D,,,R1,U,11,11/02/2010
FLR-00493,LAMP,5,1.4225333,1,N-002,13799.2198,,2,0,,,,
FLR-00494,RIDGE,5,1.0144,0,,,5R3,,,R2,K,5,03/06/2012
FLR-00495,RIDGE,5,1.1037,5560,,,1+1+3,,,R1,F,3,01/02/2005
FLR-00496,LAMP,23,1.1675435,2,N-035,30956.4676,,17,0,,,,
FLR-00497,LAMP,21,1.2067012,3,N-046,8924.7572,,17,0,,,,
FLR-00498,RIDGE,6,0.8658083,0,,,6-SMUDGE,,,R1,A,1,02/03/2015
FLR-00499,RIDGE,5,1.4154667,5987,,,1+1+3,,,R1,J,4,24-04-2014
FLR-00500,RIDGE,5,0.8723,5978,,,1+1+3,,,R1,J,4,03/05/2008
FLR-00501,RIDGE,7,1.1577,0,,,7D1,,,R1,F,3,04/03/2010
FLR-00502,RIDGE,5,0.83,0,,,1+1+3,,,R1,D,2,18/03/2010
FLR-00503,RIDGE,5,1.4165,0,,,5R3,,,R2,P,7,25/04/2008
FLR-00504,RIDGE,5,1.0078,0,,,5R3,,,R2,P,7,24/04/2008
FLR-00505,RIDGE,5,0.347,0,,,5R1,,,R1,N,6,21/03/2010
FLR-00506,LAMP,4,0.783075,1,N-034,10070.0355,,0,0,,,,
FLR-00507,RIDGE,5,0.311,0,,,5R1,,,R1,D,2,06/02/2010
FLR-00508,LAMP,18,1.100525,1,N-001,3951.7159,,17,0,,,,
FLR-00509,RIDGE,5,1.1723302,0,,,1+1+3,,,R1,S,9,01-04-2015
FLR-00510,LAMP,4,0.8341406,2,N-001,3887.298,,0,0,,,,
FLR-00511,RIDGE,5,0.351,0,,,5R1,,,R1,R,8,10/04/2008
FLR-00512,LAMP,4,1.03065,2,N-001,160.9444,,0,0,,,,
FLR-00513,LAMP,5,0.7910834,2,N-003,15932.5483,,2,0,,,,
FLR-00514,LAMP,5,1.0942586,3,N-003,15598.3641,,2,0,,,,
FLR-00515,RIDGE,9,0.386181,0,,,9i,,,R1,A,1,02-03-2015
FLR-00516,RIDGE,4,1.2238037,0,,,4R2,,,R1,A,1,02-03-2015
FLR-00517,LAMP,5,1.3811825,2,N-020,11679.3382,,2,0,,,,
FLR-00518,LAMP,22,1.231944,2,N-048,46.6047,,17,0,,,,
FLR-00519,RIDGE,5,1.3927667,5987,,,1+1+3,,,R1,J,4,24-04-2014
FLR-00520,LAMP,5,1.3316934,2,N-004,25032.2946,,2,0,,,,
FLR-00521,RIDGE,5,1.1125,5727,,,1+1+3,,,R1,F,3,03/02/2005
FLR-00522,RIDGE,5,1.0918,0,,,5R3,,,R2,P,7,05/03/2011
FLR-00523,RIDGE,4,0.557,5722,,,4D,,,R1,F,3,06/03/2005
FLR-00524,LAMP,5,1.2768244,2,N-033,18421.7163,,2,0,,,,
FLR-00525,LAMP,1,0,3,N-003,16982.0152,,17,0,,,,
FLR-00526,RIDGE,5,0.71765,5979,,,1+1+3,,,R1,J,4,10-04-2015
FLR-00527,RIDGE,5,0.3341264,0,,,5R1,,,R1,A,1,24-04-2016
FLR-00528,LAMP,5,0.3327917,2,N-029,560.3849,,4,0,,,,
FLR-00529,RIDGE,5,1.11915,5586,,,1+1+3,,,R1,A,1,02/03/2015
FLR-00530,LAMP,5,0.8201478,2,N-003,17508.8065,,2,0,,,,
FLR-00531,RIDGE,7,1.0056,0,,,7D1,,,R1,F,3,04/03/2010
FLR-00532,RIDGE,5,0.4923169,0,,,5R2,,,R1,U,11,19-03-2015
FLR-00533,RIDGE,5,0.3335834,6052,,,5R1,,,R1,S,9,29-04-2014
FLR-00534,RIDGE,5,1.1405055,0,,,1+1+3,,,R1,U,11,26/03/2015
FLR-00535,LAMP,5,0.8541109,3,N-003,15647.8743,,2,0,,,,
FLR-00536,RIDGE,7,0.25,0,,,7i,,,R1,T,10,21/01/2010
FLR-00537,RIDGE,5,1.0039,5722,,,5-SMUDGE,,,R1,F,3,12/02/2010
FLR-00538,RIDGE,5,0.8135655,0,,,1+1+3,,,R1,U,11,26/03/2015
FLR-00539,RIDGE,4,1.1113083,5586,,,4-SMUDGE,,,R1,A,1,02/03/2015
FLR-00540,RIDGE,6,0.411419,0,,,6i,,,R1,A,1,24-04-2016
FLR-00541,LAMP,5,1.1077444,2,N-046,8967.2505,,2,0,,,,
FLR-00542,RIDGE,5,0.518,0,,,5R2,,,R1,N,6,03/04/2010
FLR-00543,RIDGE,5,1.3563166,5151,,,1+1+3,,,R1,U,11,19-03-2015
FLR-00544,RIDGE,4,0.9370036,0,,,4R2,,,R1,A,1,02/03/2015
FLR-00545,RIDGE,5,0.4928917,0,,,5R2,,,R1,F,3,31/03/2015
FLR-00546,RIDGE,5,1.2806,0,,,1+1+3,,,R1,J,4,24-04-2014
FLR-00547,LAMP,5,1.1831167,1,N-015,13084.2902,,2,0,,,,
FLR-00548,LAMP,5,1.0269077,2,N-002,14416.5299,,2,0,,,,
FLR-00549,RIDGE,5,1.2356913,0,,,1+1+3,,,R1,U,11,26/03/2015
FLR-00550,RIDGE,5,0.415,0,,,5R1,,,R1,V,12,26/01/2010
FLR-00551,RIDGE,5,0.8077313,0,,,1+1+3,,,R1,A,1,02/03/2015
FLR-00552,RIDGE,5,1.0571,0,,,5R3,,,R2,K,5,03/06/2012
FLR-00553,LAMP,5,1.173585,2,N-013,21848.4109,,2,0,,,,
FLR-00554,RIDGE,5,1.2720333,0,,,1+1+3,,,R1,A,1,02/03/2015
FLR-00555,RIDGE,10,0.219,0,,,10i,,,R1,T,10,21/01/2010
FLR-00556,LAMP,5,1.1149,1,N-005,3301.271,,2,0,,,,
FLR-00557,RIDGE,5,1.3146,5727,,,1+1+3,,,R1,F,3,12/02/2010
FLR-00558,RIDGE,5,1.3241784,0,,,1+1+3,,,R1,J,4,10-04-2015
FLR-00559,RIDGE,5,1.2271,5561,,,1+1+3,,,R1,F,3,03/02/2005
FLR-00560,RIDGE,5,0.501,0,,,5-SMUDGE,,,R1,V,12,26/01/2010
FLR-00561,LAMP,5,0.3338247,2,N-025,15197.2427,,4,0,,,,
FLR-00562,RIDGE,5,1.2081619,0,,,1+1+3,,,R1,U,11,19-03-2015
FLR-00563,LAMP,5,1.2312114,2,N-003,16761.7842,,2,0,,,,
FLR-00564,LAMP,5,0.7822583,1,N-005,865.4178,,2,0,,,,
FLR-00565,LAMP,5,0.32245,1,N-026,5982.6298,,4,0,,,,
FLR-00566,LAMP,5,1.2857822,3,N-022,27706.8543,,2,0,,,,
FLR-00567,RIDGE,5,0.998,0,,,1+1+3,,,R1,V,12,03/02/2010
FLR-00568,RIDGE,5,0.3114916,0,,,5R1,,,R1,J,4,10-04-2015
FLR-00569,RIDGE,5,1.0582238,0,,,1+1+3,,,R1,A,1,02/03/2015
FLR-00570,LAMP,7,0.457975,1,N-041,4502.0301,,8,0,,,,
FLR-00571,RIDGE,5,0.974,0,,,1+1+3,,,R1,A,1,25/02/2010
FLR-00572,LAMP,5,1.0572583,1,N-003,16976.4422,,2,0,,,,
FLR-00573,LAMP,5,0.7009417,1,N-035,30860.7853,,15,0,,,,
FLR-00574,LAMP,5,1.3436011,1,N-015,13114.6912,,2,0,,,,
FLR-00575,LAMP,5,0.5400417,1,N-014,620.0985,,4,0,,,,
FLR-00576,RIDGE,5,0.3651927,0,,,5-SMUDGE,,,R1,A,1,02/03/2015
FLR-00577,RIDGE,9,0.414,0,,,9i,,,R1,N,6,21/03/2010
FLR-00578,RIDGE,5,1.2620331,0,,,1+1+3,,,R1,J,4,10-04-2015
FLR-00579,RIDGE,4,1.0628417,5719,,,4R2,,,R1,A,1,16-04-2014
FLR-00580,LAMP,19,1.1594167,1,N-001,216.1238,,17,0,,,,
FLR-00581,RIDGE,4,0.8381756,0,,,4R2,,,R2,ZZZ,13,12-04-2016
FLR-00582,RIDGE,5,1.169637,0,,,5R3,,,R2,ZZZ,13,12-04-2016
FLR-00583,RIDGE,5,0.7814,0,,,1+1+3,,,R1,F,3,04/03/2010
FLR-00584,LAMP,8,1.422683,2,N-020,11730.2693,,9,1,,,,
FLR-00585,RIDGE,5,0.9733,0,,,1+1+3,,,R1,U,11,31-03-2015
FLR-00586,LAMP,5,1.0838883,2,N-003,15854.2687,,2,0,,,,
FLR-00587,RIDGE,4,0.1842,0,,,4R1,,,R1,F,3,04/03/2010
FLR-00588,RIDGE,5,1.3902167,6052,,,1+1+3,,,R1,S,9,29-04-2014
FLR-00589,LAMP,4,1.0187389,2,N-001,185.827,,0,0,,,,
FLR-00590,RIDGE,5,0.857,0,,,1+1+3,,,R1,A,1,17/03/2010
FLR-00591,RIDGE,4,0.694,0,,,1+31,,,R1,T,10,06/03/2010
FLR-00592,RIDGE,5,1.1040917,9999,,,5R3,,,R2,ZZZ,13,12-04-2016
FLR-00593,RIDGE,8,1.8624,0,,,8-SMUDGE,,,R2,K,5,02/06/2012
FLR-00594,LAMP,5,0.812872,1,N-048,42.5789,,2,0,,,,
FLR-00595,LAMP,5,1.1110836,3,N-005,3291.3883,,2,0,,,,
FLR-00596,RIDGE,5,0.974,5979,,,1+1+3,,,R1,J,4,31/01/2009
FLR-00597,LAMP,5,1.2267495,3,N-005,3304.8732,,2,0,,,,
FLR-00598,RIDGE,4,0.5306,5722,,,4D,,,R1,F,3,23/03/2008
FLR-00599,RIDGE,5,1.171,0,,,5R3,,,R2,P,7,05/03/2011
FLR-00600,RIDGE,6,0.3357,0,,,6i,,,R1,A,1,02/03/2015
FLR-00601,LAMP,4,0.377682,5,N-003,17348.0777,,0,0,,,,
FLR-00602,LAMP,5,1.010531,2,N-011,1959.3859,,2,0,,,,
FLR-00603,RIDGE,5,1.1473616,0,,,5R3,,,R2,ZZZ,13,12-04-2016
FLR-00604,LAMP,8,0.3360262,3,N-040,217.7204,,13,1,,,,
FLR-00605,RIDGE,5,1.4376667,0,,,1+1+3,,,R1,U,11,19-03-2015
FLR-00606,LAMP,5,0.3776803,3,N-003,17275.3645,,4,0,,,,
FLR-00607,RIDGE,5,0.361,0,,,5R1,,,R1,R,8,10/04/2008
FLR-00608,RIDGE,5,0.9694875,0,,,1+1+3,,,R1,J,4,24-04-2014
FLR-00609,LAMP,5,1.3567,1,N-006,8639.6566,,2,0,,,,
FLR-00610,LAMP,5,0.9263667,1,N-004,24975.4854,,2,0,,,,
FLR-00611,LAMP,5,0.3201583,1,N-041,4493.5077,,2,0,,,,
FLR-00612,RIDGE,5,0.7578917,6070,,,1+1+3,,,R1,F,3,19/03/2015
FLR-00613,RIDGE,4,1.5901361,0,,,4-SMUDGE,,,R2,ZZZ,13,12-04-2016
FLR-00614,RIDGE,7,1.2627,5978,,,7-SMUDGE,,,R1,J,4,31/01/2009
FLR-00615,LAMP,5,0.759325,1,N-003,15492.4026,,2,0,,,,
FLR-00616,LAMP,5,1.3393583,1,N-011,798.2295,,2,0,,,,
FLR-00617,RIDGE,5,1.1717,0,,,5R3,,,R2,K,5,02/06/2012
FLR-00618,RIDGE,5,1.043,0,,,5R3,,,R2,K,5,02/06/2012
FLR-00619,LAMP,6,1.0079768,2,N-003,15655.1602,,16,1,,,,
FLR-00620,RIDGE,5,0.337,0,,,5R1,,,R1,T,10,12/03/2010
FLR-00621,RIDGE,4,0.796,0,,,1+31,,,R1,V,12,04/02/2010
FLR-00622,RIDGE,5,1.274,5727,,,1+1+3,,,R1,F,3,12/02/2010
FLR-00623,RIDGE,5,0.232,0,,,5R1,,,R1,D,2,26/02/2010
FLR-00624,RIDGE,5,1.253575,5560,,,1+1+3,,,R1,F,3,31/03/2015
FLR-00625,RIDGE,5,1.2217333,5560,,,1+1+3,,,R1,F,3,31/03/2015
FLR-00626,RIDGE,5,1.3249786,0,,,1+1+3,,,R1,A,1,02-03-2015
FLR-00627,RIDGE,5,0.9328,5586,,,1+1+3,,,R1,A,1,02-03-2015
FLR-00628,RIDGE,4,0.4803,5722,,,4D,,,R1,F,3,04/03/2010
FLR-00629,RIDGE,8,0.294,5126,,,8i,,,R1,V,12,26/01/2010
FLR-00630,LAMP,4,1.067342,2,N-002,13857.7286,,0,0,,,,
FLR-00631,RIDGE,5,1.0919565,0,,,1+1+3,,,R1,A,1,02/03/2015
FLR-00632,RIDGE,5,0.317525,0,,,5R1,,,R1,A,1,16-04-2014
FLR-00633,RIDGE,5,0.484075,5151,,,5R2,,,R1,U,11,31-03-2015
FLR-00634,RIDGE,4,0.9335833,0,,,4R2,,,R1,A,1,02-03-2015
FLR-00635,RIDGE,9,0.397,0,,,9i,,,R1,T,10,14/04/2010
FLR-00636,RIDGE,4,0.5249,5722,,,4D,,,R1,F,3,11/02/2010
FLR-00637,LAMP,5,1.363775,1,N-002,13791.8055,,2,0,,,,
FLR-00638,RIDGE,5,0.97205,0,,,1+1+3,,,R1,U,11,26/03/2015
FLR-00639,RIDGE,5,1.0595,0,,,5R3,,,R2,K,5,03/06/2012
FLR-00640,RIDGE,5,1.1748703,5560,,,1+1+3,,,R1,F,3,31/03/2015
FLR-00641,RIDGE,5,0.988428,0,,,1+1+3,,,R1,J,4,13-05-2016
FLR-00642,RIDGE,5,0.327,0,,,5R1,,,R1,V,12,03/02/2010
FLR-00643,RIDGE,5,1.0804,0,,,1+1+3,,,R1,J,4,06/02/2010
FLR-00644,RIDGE,5,1.05,0,,,1+1+3,,,R1,V,12,03/02/2010
FLR-00645,RIDGE,6,0.376,0,,,6i,,,R1,A,1,26/03/2010
FLR-00646,RIDGE,5,0.3216083,5759,,,5R1,,,R1,S,9,01-04-2015
FLR-00647,RIDGE,5,1.109,0,,,1+1+3,,,R1,V,12,16/01/2010
FLR-00648,RIDGE,5,1.179475,5586,,,1+1+3,,,R1,A,1,02/03/2015
FLR-00649,LAMP,5,1.2806,2,N-038,3561.9634,,2,0,,,,
FLR-00650,RIDGE,5,1.300823,0,,,1+1+3,,,R1,F,3,31/03/2015
FLR-00651,RIDGE,5,0.3176349,0,,,5R1,,,R1,S,9,01-04-2015
FLR-00652,RIDGE,5,0.9735204,0,,,1+1+3,,,R1,F,3,31/03/2015
FLR-00653,LAMP,5,1.2803234,2,N-011,123.6446,,2,0,,,,
FLR-00654,RIDGE,5,1.3694,5978,,,1+1+3,,,R1,J,4,31/01/2009
FLR-00655,RIDGE,8,0.3511917,5151,,,8i,,,R1,U,11,26/03/2015
FLR-00656,RIDGE,5,0.6378,5561,,,5-SMUDGE,,,R1,F,3,04/03/2010
FLR-00657,RIDGE,5,1.2811749,0,,,1+1+3,,,R1,A,1,02-03-2015
FLR-00658,LAMP,5,1.2838657,2,N-045,5210.4426,,2,0,,,,
FLR-00659,RIDGE,4,0.95,0,,,4R2,,,R1,A,1,26/03/2010
FLR-00660,LAMP,5,1.31115,2,N-003,16802.6791,,2,0,,,,
FLR-00661,LAMP,5,0.3256328,1,N-028,28085.8213,,2,0,,,,
FLR-00662,RIDGE,5,1.196,0,,,1+1+3,,,R1,V,12,03/02/2010
FLR-00663,LAMP,5,1.0007,2,N-003,17860.9902,,2,0,,,,
FLR-00664,RIDGE,7,1.5699,0,,,7R,,,R2,K,5,03/06/2012
FLR-00665,LAMP,5,1.1714,1,N-035,30899.82,,2,0,,,,
FLR-00666,LAMP,5,0.7529816,2,N-003,17282.2957,,2,0,,,,
FLR-00667,RIDGE,5,0.81,0,,,1+1+3,,,R1,V,12,22/01/2010
FLR-00668,RIDGE,5,1.2274192,0,,,1+1+3,,,R1,J,4,12/05/2016
FLR-00669,RIDGE,5,1.2293417,5151,,,1+1+3,,,R1,U,11,26/03/2015
FLR-00670,LAMP,15,0.7003622,2,N-024,14585.6641,,17,0,,,,
FLR-00671,LAMP,5,1.040784,2,N-045,2477.3974,,2,0,,,,
FLR-00672,LAMP,5,0.5101352,3,N-012,9470.32,,4,0,,,,
FLR-00673,LAMP,6,0.3357,4,N-003,18932.7145,,16,0,,,,
FLR-00674,RIDGE,5,0.5254,5151,,,5R2,,,R1,U,11,11/02/2010
FLR-00675,RIDGE,5,1.122,0,,,1+1+3,,,R1,T,10,15/04/2010
FLR-00676,LAMP,5,1.4442666,1,N-041,1988.6128,,2,0,,,,
FLR-00677,RIDGE,5,0.341,0,,,5R1,,,R1,R,8,19/04/2008
FLR-00678,LAMP,5,0.787584,1,N-048,322.7687,,2,0,,,,
FLR-00679,LAMP,9,0.619225,3,N-017,29087.6039,,11,0,,,,
FLR-00680,RIDGE,5,1.911,0,,,5-SMUDGE,,,R2,K,5,03/06/2012
FLR-00681,LAMP,5,1.3649128,2,N-020,11669.2647,,2,0,,,,
FLR-00682,LAMP,5,1.4634833,2,N-001,178.4286,,4,1,,,,
FLR-00683,RIDGE,9,1.6341833,5586,,,9-SMUDGE,,,R1,A,1,02/03/2015
FLR-00684,RIDGE,5,1.1584,0,,,5R3,,,R2,P,7,24/04/2008
FLR-00685,LAMP,5,0.3312833,1,N-002,11210.8086,,2,0,,,,
FLR-00686,RIDGE,7,0.2908,5560,,,7i,,,R1,F,3,23/01/2005
FLR-00687,RIDGE,5,1.460525,6052,,,1+1+3,,,R1,S,9,29-04-2014
FLR-00688,RIDGE,5,0.337,0,,,5R1,,,R1,T,10,12/03/2010
FLR-00689,RIDGE,4,1.0468266,0,,,4R2,,,R1,A,1,02/03/2015
FLR-00690,RIDGE,5,1.3025333,0,,,1+1+3,,,R1,U,11,26/03/2015
FLR-00691,LAMP,10,1.4294844,2,N-032,10078.0887,,17,0,,,,
FLR-00692,LAMP,5,0.337875,1,N-029,673.1572,,2,0,,,,
FLR-00693,LAMP,5,0.2999083,1,N-031,199.5781,,4,0,,,,
FLR-00694,LAMP,5,1.2848666,1,N-042,1064.8597,,2,0,,,,
FLR-00695,RIDGE,4,1.3189334,5720,,,4R2,,,R1,A,1,16-04-2014
FLR-00696,RIDGE,8,0.3570083,5151,,,8i,,,R1,U,11,19-03-2015
FLR-00697,RIDGE,5,1.135284,0,,,1+1+3,,,R1,A,1,16-04-2014
FLR-00698,RIDGE,5,0.2389,0,,,5R1,,,R1,F,3,12/02/2010
FLR-00699,RIDGE,5,0.3053,6035,,,5R1,,,R1,U,11,01/02/2010
FLR-00700,LAMP,5,1.1191799,2,N-046,8954.9944,,2,0,,,,
FLR-00701,LAMP,4,0.2390767,3,N-004,24971.952,,0,0,,,,
FLR-00702,RIDGE,4,0.2468,0,,,4R1,,,R1,F,3,12/02/2010
FLR-00703,RIDGE,5,0.7694,5978,,,1+1+3,,,R1,J,4,03/05/2008
FLR-00704,LAMP,5,0.33005,1,N-027,13187.9774,,4,0,,,,
FLR-00705,LAMP,5,0.3025833,1,N-025,15184.0968,,4,0,,,,
FLR-00706,RIDGE,6,0.442,0,,,6i,,,R1,T,10,10/03/2010
FLR-00707,LAMP,5,1.2529,1,N-004,24973.3847,,2,0,,,,
FLR-00708,RIDGE,5,0.8504,5978,,,1+1+3,,,R1,J,4,03/05/2008
FLR-00709,RIDGE,5,0.9719763,0,,,1+1+3,,,R1,A,1,02/03/2015
FLR-00710,RIDGE,5,0.313,0,,,5R1,,,R1,D,2,21/03/2008
FLR-00711,RIDGE,5,1.2367657,0,,,1+1+3,,,R1,J,4,10-04-2015
FLR-00712,RIDGE,5,0.4910193,0,,,5R2,,,R1,U,11,19-03-2015
FLR-00713,LAMP,4,1.1979666,1,N-035,30610.3552,,0,0,,,,
FLR-00714,RIDGE,5,0.4852416,5151,,,5R2,,,R1,U,11,26/03/2015
FLR-00715,RIDGE,5,1.4454,0,,,5R3,,,R2,P,7,25/04/2008
FLR-00716,RIDGE,5,0.9922666,0,,,1+1+3,,,R1,A,1,02/03/2015
FLR-00717,RIDGE,5,1.2982,5979,,,1+1+3,,,R1,J,4,04/05/2008
FLR-00718,LAMP,5,0.8152182,2,N-003,15664.4331,,2,0,,,,
FLR-00719,RIDGE,4,0.4,0,,,1+32,,,R1,N,6,02/04/2010
FLR-00720,RIDGE,8,0.3895331,0,,,8i,,,R1,J,4,12/05/2016
FLR-00721,RIDGE,4,0.381,0,,,1+32,,,R1,N,6,02/04/2010
FLR-00722,RIDGE,5,0.5397316,0,,,5R2,,,R1,A,1,02/03/2015
FLR-00723,LAMP,5,1.327225,2,N-011,963.771,,2,0,,,,
FLR-00724,RIDGE,5,0.333,0,,,5R1,,,R1,T,10,10/03/2010
FLR-00725,RIDGE,5,1.1889,0,,,5R3,,,R2,K,5,03/06/2012
FLR-00726,RIDGE,5,1.4024953,5586,,,1+1+3,,,R1,A,1,02-03-2015
FLR-00727,LAMP,5,0.3215132,2,N-029,510.2807,,4,0,,,,
FLR-00728,LAMP,5,0.3168738,2,N-031,199.2431,,4,0,,,,
FLR-00729,LAMP,5,0.7409384,2,N-044,27800.1451,,2,0,,,,
FLR-00730,RIDGE,4,0.7663,5720,,,4R2,,,R1,A,1,16-04-2014
FLR-00731,LAMP,5,1.1795,1,N-005,3296.6438,,2,0,,,,
FLR-00732,LAMP,4,0.7816633,3,N-002,14556.0914,,0,0,,,,
FLR-00733,LAMP,5,1.2644416,1,N-015,13038.353,,2,0,,,,
FLR-00734,RIDGE,7,1.3566,5722,,,7D1,,,R1,F,3,12/02/2010
FLR-00735,LAMP,3,0.303904,1,N-040,71.7001,,5,0,,,,
FLR-00736,RIDGE,5,1.1274584,5586,,,1+1+3,,,R1,A,1,02/03/2015
FLR-00737,RIDGE,5,0.728,0,,,1+1+3,,,R1,N,6,02/04/2010
FLR-00738,RIDGE,5,0.3300083,5726,,,5R1,,,R1,S,9,01-04-2015
FLR-00739,LAMP,6,0.9333205,2,N-003,17796.2642,,16,1,,,,
FLR-00740,RIDGE,5,0.998575,0,,,1+1+3,,,R1,A,1,02/03/2015
FLR-00741,RIDGE,5,0.3676,0,,,5R1,,,R1,F,3,04/03/2010
FLR-00742,RIDGE,5,1.319,0,,,1+1+3,,,R1,J,4,10-04-2015
FLR-00743,LAMP,5,1.336875,1,N-015,13053.4426,,2,0,,,,
FLR-00744,LAMP,5,0.6817873,2,N-011,2143.7832,,15,0,,,,
FLR-00745,RIDGE,5,0.35,0,,,5R1,,,R1,A,1,26/03/2010
FLR-00746,RIDGE,5,0.959975,5151,,,1+1+3,,,R1,U,11,31-03-2015
FLR-00747,LAMP,6,1.0473167,2,N-001,7321.8779,,16,0,,,,
FLR-00748,LAMP,5,0.7852417,1,N-002,14816.0896,,2,0,,,,
FLR-00749,LAMP,4,0.8646137,4,N-003,15645.1053,,0,0,,,,
FLR-00750,RIDGE,5,1.4162,0,,,5R3,,,R2,P,7,25/04/2008
FLR-00751,RIDGE,4,0.2359,0,,,4R1,,,R1,F,3,03/03/2010
FLR-00752,RIDGE,5,0.9412,0,,,1+1+3,,,R1,F,3,04/03/2010
FLR-00753,RIDGE,8,0.304,0,,,8i,,,R1,N,6,02/04/2010
FLR-00754,RIDGE,5,0.318625,0,,,5R1,,,R1,S,9,01-04-2015
FLR-00755,LAMP,5,0.3318,2,N-029,597.8032,,4,0,,,,
FLR-00756,RIDGE,5,0.3308,5987,,,5R1,,,R1,J,4,03/05/2008
FLR-00757,RIDGE,5,1.0551777,0,,,1+1+3,,,R1,A,1,02/03/2015
FLR-00758,RIDGE,5,0.325,0,,,5R1,,,R1,T,10,15/04/2010
FLR-00759,RIDGE,5,1.4157,5979,,,1+1+3,,,R1,J,4,04/05/2008
FLR-00760,RIDGE,5,0.833,0,,,1+1+3,,,R1,T,10,15/04/2010
FLR-00761,RIDGE,5,0.841,0,,,1+1+3,,,R1,J,4,06/02/2010
FLR-00762,LAMP,5,1.1997398,4,N-019,3689.1249,,2,0,,,,
FLR-00763,RIDGE,5,1.007,0,,,1+1+3,,,R1,D,2,20/03/2008
FLR-00764,RIDGE,4,0.428,0,,,1+32,,,R1,N,6,21/03/2010
FLR-00765,RIDGE,5,1.183,0,,,1+1+3,,,R1,R,8,19/04/2008
FLR-00766,RIDGE,5,0.3307417,5759,,,5R1,,,R1,S,9,07-04-2015
FLR-00767,LAMP,18,1.2616667,2,N-019,3309.4894,,17,0,,,,
FLR-00768,LAMP,9,0.6383083,1,N-014,609.4861,,11,0,,,,
FLR-00769,RIDGE,8,1.223,0,,,8R,,,R1,V,12,03/02/2010
FLR-00770,RIDGE,5,0.33,0,,,5R1,,,R1,R,8,08/04/2008
FLR-00771,RIDGE,8,0.299,0,,,8i,,,R1,R,8,10/04/2008
FLR-00772,RIDGE,5,0.331,5126,,,5R1,,,R1,V,12,26/01/2010
FLR-00773,LAMP,5,1.0496333,2,N-019,3354.3586,,2,0,,,,
FLR-00774,RIDGE,5,0.3343,5560,,,5R1,,,R1,F,3,09/02/2009
FLR-00775,RIDGE,5,0.887,0,,,1+1+3,,,R1,D,2,27/03/2008
FLR-00776,RIDGE,5,1.2025666,5151,,,1+1+3,,,R1,U,11,19-03-2015
FLR-00777,LAMP,5,1.3551416,3,N-014,5188.6734,,2,0,,,,
FLR-00778,LAMP,4,0.9036166,2,N-001,3879.7066,,3,0,,,,
FLR-00779,RIDGE,5,0.9749583,5586,,,1+1+3,,,R1,A,1,02/03/2015
FLR-00780,RIDGE,5,0.8891166,5586,,,1+1+3,,,R1,A,1,02-03-2015
FLR-00781,RIDGE,5,0.33675,0,,,5R1,,,R1,S,9,01-04-2015
FLR-00782,RIDGE,5,1.0887333,5586,,,1+1+3,,,R1,A,1,02/03/2015
FLR-00783,RIDGE,5,1.1616,6035,,,1+1+3,,,R1,U,11,18/02/2009
FLR-00784,LAMP,5,0.9998,1,N-011,1978.8968,,2,0,,,,
FLR-00785,LAMP,5,0.3218416,1,N-036,27706.3225,,4,0,,,,
FLR-00786,RIDGE,5,0.675,5561,,,5-SMUDGE,,,R1,F,3,09/03/2005
FLR-00787,LAMP,5,1.2137584,1,N-014,5152.0469,,2,0,,,,
FLR-00788,RIDGE,5,0.332,0,,,5R1,,,R1,T,10,21/01/2010
FLR-00789,LAMP,4,0.9628565,3,N-002,14598.2057,,0,0,,,,
FLR-00790,RIDGE,5,0.5489917,0,,,5R2,,,R1,U,11,19-03-2015
FLR-00791,RIDGE,6,0.255,0,,,6i,,,R1,T,10,11/03/2010
FLR-00792,LAMP,5,1.3112309,5,N-015,12408.3582,,2,0,,,,
FLR-00793,RIDGE,5,0.3016551,0,,,5R1,,,R1,J,4,13-05-2016
FLR-00794,LAMP,5,1.1287594,10,N-005,3346.3375,,2,0,,,,
FLR-00795,RIDGE,5,1.4079,0,,,5R3,,,R2,P,7,25/04/2008
FLR-00796,RIDGE,5,0.3274329,0,,,5R1,,,R1,S,9,01-04-2015
FLR-00797,RIDGE,5,1.055,0,,,1+1+3,,,R1,T,10,14/04/2010
FLR-00798,RIDGE,5,0.323,0,,,5R1,,,R1,D,2,21/03/2008
FLR-00799,RIDGE,5,0.7838154,0,,,1+1+3,,,R1,A,1,02/03/2015
FLR-00800,RIDGE,5,0.328,0,,,5R1,,,R1,D,2,21/03/2008
FLR-00801,LAMP,5,0.3340666,1,N-027,13197.0417,,4,0,,,,
FLR-00802,RIDGE,5,0.789,0,,,1+1+3,,,R1,R,8,19/04/2008
FLR-00803,RIDGE,5,1.1214681,0,,,1+1+3,,,R1,A,1,02/03/2015
FLR-00804,RIDGE,5,0.363,0,,,5R1,,,R1,N,6,02/04/2010
FLR-00805,RIDGE,7,1.4068,5561,,,7D1,,,R1,F,3,03/03/2010
FLR-00806,RIDGE,5,0.7578,5727,,,1+1+3,,,R1,F,3,23/03/2008
FLR-00807,LAMP,5,1.1644167,1,N-014,5134.1628,,2,0,,,,
FLR-00808,RIDGE,5,0.3338247,0,,,5R1,,,R1,S,9,01-04-2015
FLR-00809,RIDGE,10,0.4446583,5720,,,10i,,,R1,A,1,16-04-2014
FLR-00810,RIDGE,5,0.326,0,,,5R1,,,R1,T,10,14/04/2010
FLR-00811,LAMP,5,0.3282583,1,N-001,567.3788,,4,0,,,,
FLR-00812,RIDGE,5,0.7211199,0,,,1+1+3,,,R1,J,4,12/05/2016
FLR-00813,RIDGE,6,1.3721511,0,,,6-SMUDGE,,,R1,A,1,02/03/2015
FLR-00814,RIDGE,4,0.786,0,,,4-SMUDGE,,,R1,A,1,26/03/2010
FLR-00815,RIDGE,5,0.3283916,0,,,5R1,,,R1,S,9,01-04-2015
FLR-00816,LAMP,5,1.2864954,2,N-003,16774.1559,,2,0,,,,
FLR-00817,LAMP,5,1.2876063,2,N-014,1131.4417,,2,0,,,,
FLR-00818,RIDGE,5,0.3242667,5726,,,5R1,,,R1,S,9,01-04-2015
FLR-00819,RIDGE,5,0.314625,6052,,,5R1,,,R1,S,9,29-04-2014
FLR-00820,LAMP,5,1.2862792,3,N-045,5210.3834,,2,0,,,,
FLR-00821,RIDGE,5,1.3598,5981,,,1+1+3,,,R1,J,4,04/05/2008
FLR-00822,RIDGE,5,0.178,0,,,5-SMUDGE,,,R1,A,1,20/01/2010
FLR-00823,RIDGE,7,1.3473,5561,,,7D1,,,R1,F,3,03/03/2010
FLR-00824,RIDGE,5,1.297315,0,,,1+1+3,,,R1,F,3,31/03/2015
FLR-00825,LAMP,5,1.0186583,1,N-042,1025.2874,,2,0,,,,
FLR-00826,RIDGE,6,0.2354916,0,,,6i,,,R1,A,1,16-04-2014
FLR-00827,RIDGE,5,0.347,0,,,5R1,,,R1,T,10,16/04/2010
FLR-00828,RIDGE,6,1.4669083,0,,,6-SMUDGE,,,R1,U,11,19-03-2015
FLR-00829,RIDGE,5,0.995,0,,,1+1+3,,,R1,V,12,03/02/2010
FLR-00830,RIDGE,5,0.8414,0,,,1+1+3,,,R1,F,3,04/03/2010
FLR-00831,RIDGE,5,1.6132082,0,,,1+1+3,,,R1,J,4,12/05/2016
FLR-00832,RIDGE,5,0.97,5727,,,1+1+3,,,R1,F,3,04/03/2010
FLR-00833,RIDGE,5,0.306,0,,,5R1,,,R1,D,2,26/02/2010
FLR-00834,RIDGE,4,0.5407,5722,,,4D,,,R1,F,3,23/01/2010
FLR-00835,LAMP,4,0.8716989,2,N-002,14832.6594,,0,0,,,,
FLR-00836,LAMP,5,1.2857167,2,N-003,16806.9314,,2,0,,,,
FLR-00837,RIDGE,5,1.2138097,0,,,1+1+3,,,R1,U,11,31-03-2015
FLR-00838,RIDGE,5,1.262,0,,,1+1+3,,,R1,V,12,26/01/2010
FLR-00839,RIDGE,6,1.3317,0,,,6R,,,R2,K,5,03/06/2012
FLR-00840,LAMP,4,0.9640028,2,N-035,30671.556,,0,0,,,,
FLR-00841,RIDGE,4,0.8943575,0,,,4R2,,,R1,A,1,02-03-2015
FLR-00842,RIDGE,5,0.8077,0,,,5-SMUDGE,,,R1,J,4,06/02/2010
FLR-00843,RIDGE,5,1.0713,5727,,,1+1+3,,,R1,F,3,18/02/2005
FLR-00844,LAMP,5,1.1653194,2,N-005,936.702,,2,0,,,,
FLR-00845,LAMP,5,1.2760429,2,N-014,5129.0051,,2,0,,,,
FLR-00846,LAMP,5,1.3368834,1,N-012,10011.4655,,2,0,,,,
FLR-00847,RIDGE,9,0.3609,5560,,,9i,,,R1,F,3,23/01/2005
FLR-00848,RIDGE,5,1.2267,5560,,,1+1+3,,,R1,F,3,01/02/2005
FLR-00849,LAMP,5,1.2449084,2,N-003,16008.9748,,2,0,,,,
FLR-00850,RIDGE,4,0.127,0,,,4R1,,,R1,R,8,19/04/2008
FLR-00851,LAMP,5,0.7368003,3,N-003,15762.3472,,2,0,,,,
FLR-00852,RIDGE,5,1.280275,0,,,1+1+3,,,R1,F,3,31/03/2015
FLR-00853,RIDGE,5,1.148356,0,,,1+1+3,,,R1,A,1,02/03/2015
FLR-00854,RIDGE,4,0.753879,0,,,4R2,,,R1,A,1,02/03/2015
FLR-00855,RIDGE,5,1.0583,5987,,,1+1+3,,,R1,J,4,06/02/2010
FLR-00856,RIDGE,3,0.1588,6070/6068,,,3R,,,R1,F,3,12/02/2010
FLR-00857,RIDGE,5,0.486,0,,,5R2,,,R1,N,6,02/04/2010
FLR-00858,LAMP,5,1.2470963,1,N-001,7224.8166,,2,0,,,,
FLR-00859,LAMP,5,1.1933351,2,N-017,29141.7927,,2,0,,,,
FLR-00860,RIDGE,7,1.138,5722,,,7D1,,,R1,F,3,02/02/2010
FLR-00861,RIDGE,5,1.1941,0,,,1+1+3,,,R1,F,3,23/01/2005
FLR-00862,LAMP,5,1.2940212,2,N-033,18409.5609,,2,0,,,,
FLR-00863,LAMP,5,0.318945,2,N-029,532.8996,,4,0,,,,
FLR-00864,RIDGE,5,0.5208,0,,,5R2,,,R1,F,3,04/03/2010
FLR-00865,RIDGE,8,0.355,0,,,8i,,,R1,V,12,03/02/2010
FLR-00866,LAMP,5,1.173025,2,N-003,15515.8249,,2,0,,,,
FLR-00867,LAMP,5,1.1361,1,N-017,29142.5039,,2,0,,,,
FLR-00868,RIDGE,5,1.1514,0,,,1+1+3,,,R1,F,3,23/01/2005
FLR-00869,LAMP,16,1.5433786,2,N-017,29079.0749,,17,1,,,,
FLR-00870,LAMP,5,1.3138,1,N-013,21843.6758,,2,0,,,,
FLR-00871,RIDGE,5,0.32245,5726,,,5R1,,,R1,S,9,01-04-2015
FLR-00872,RIDGE,5,1.2369,5978,,,1+1+3,,,R1,J,4,04/05/2008
FLR-00873,RIDGE,5,0.8152182,0,,,1+1+3,,,R1,A,1,02/03/2015
FLR-00874,RIDGE,6,1.031,0,,,6-SMUDGE,,,R1,R,8,19/04/2008
FLR-00875,RIDGE,5,1.0386333,5586,,,1+1+3,,,R1,A,1,02/03/2015
FLR-00876,LAMP,4,1.2438323,2,N-003,17933.2418,,0,0,,,,
FLR-00877,LAMP,5,1.268075,1,N-014,1176.8962,,2,0,,,,
FLR-00878,RIDGE,6,1.089978,5719,,,6-SMUDGE,,,R1,A,1,16-04-2014
FLR-00879,RIDGE,5,2.0853797,0,,,5-SMUDGE,,,R2,ZZZ,13,12-04-2016
FLR-00880,RIDGE,5,0.310925,0,,,5R1,,,R1,J,4,10-04-2015
FLR-00881,LAMP,5,1.3820834,1,N-004,24969.98,,2,0,,,,
FLR-00882,RIDGE,5,1.2155834,0,,,1+1+3,,,R1,U,11,26/03/2015
FLR-00883,LAMP,5,0.8677083,1,N-005,859.6659,,2,0,,,,
FLR-00884,RIDGE,5,1.2217036,0,,,1+1+3,,,R1,U,11,31-03-2015
FLR-00885,RIDGE,5,1.3785,0,,,5-SMUDGE,,,R1,S,9,29-04-2014
FLR-00886,LAMP,5,0.335275,1,N-003,22218.1177,,4,0,,,,
FLR-00887,RIDGE,5,0.8656621,0,,,1+1+3,,,R1,A,1,02/03/2015
FLR-00888,RIDGE,4,0.39,0,,,1+32,,,R1,N,6,02/04/2010
FLR-00889,RIDGE,5,0.3096166,5586,,,5R1,,,R1,A,1,02-03-2015
FLR-00890,RIDGE,6,1.0382,0,,,6R,,,R2,P,7,25/04/2008
FLR-00891,RIDGE,5,0.406,0,,,5-SMUDGE,,,R1,V,12,26/01/2010
FLR-00892,RIDGE,5,0.6272167,0,,,5-SMUDGE,,,R1,S,9,29-04-2014
FLR-00893,RIDGE,5,1.0315,0,,,1+1+3,,,R1,F,3,23/01/2005
FLR-00894,RIDGE,5,0.561,0,,,5-SMUDGE,,,R1,A,1,28/02/2010
FLR-00895,RIDGE,5,1.4201,5979,,,1+1+3,,,R1,J,4,04/05/2008
FLR-00896,RIDGE,4,0.6507,0,,,4R2,,,R1,F,3,04/03/2010
FLR-00897,RIDGE,5,0.9859584,5151,,,1+1+3,,,R1,U,11,31-03-2015
FLR-00898,LAMP,5,1.3381026,3,N-022,27765.9793,,2,0,,,,
FLR-00899,LAMP,5,0.742475,1,N-030,10247.1885,,2,0,,,,
FLR-00900,RIDGE,8,0.367,0,,,8i,,,R1,N,6,02/04/2010
FLR-00901,RIDGE,4,1.0799416,0,,,4R2,,,R1,A,1,02/03/2015
FLR-00902,RIDGE,5,1.1483,5563,,,1+1+3,,,R1,F,3,02/02/2010
FLR-00903,LAMP,5,1.3996787,4,N-019,3734.2991,,2,0,,,,
FLR-00904,RIDGE,5,1.034,0,,,1+1+3,,,R1,R,8,19/04/2008
FLR-00905,RIDGE,5,1.1414,0,,,5R3,,,R2,K,5,03/06/2012
FLR-00906,LAMP,5,1.1183506,1,N-003,15950.8165,,2,0,,,,
FLR-00907,RIDGE,5,0.6315,6035,,,5-SMUDGE,,,R1,U,11,11/02/2010
FLR-00908,RIDGE,4,0.676,0,,,4R2,,,R1,V,12,26/01/2010
FLR-00909,LAMP,5,1.4134417,1,N-041,2962.7149,,2,0,,,,
FLR-00910,RIDGE,5,0.352,0,,,5R1,,,R1,T,10,11/03/2010
FLR-00911,LAMP,5,0.6097333,1,N-028,27442.0006,,15,0,,,,
FLR-00912,RIDGE,6,0.248,0,,,6i,,,R1,D,2,27/03/2008
FLR-00913,RIDGE,8,1.3793,0,,,8R,,,R2,P,7,24/04/2008
FLR-00914,LAMP,4,1.2238037,2,N-002,13867.9248,,0,0,,,,
FLR-00915,LAMP,5,1.2645083,2,N-020,11588.5897,,2,0,,,,
FLR-00916,RIDGE,6,1.3817,0,,,6R,,,R2,K,5,03/06/2012
FLR-00917,RIDGE,5,1.1278,0,,,5R3,,,R2,P,7,25/04/2008
FLR-00918,RIDGE,4,0.5217,5722,,,4D,,,R1,F,3,23/03/2008
FLR-00919,LAMP,5,0.320125,1,N-002,11206.5973,,4,0,,,,
FLR-00920,RIDGE,5,1.3552619,5720,,,1+1+3,,,R1,A,1,16-04-2014
FLR-00921,RIDGE,5,1.2926384,0,,,1+1+3,,,R1,U,11,31-03-2015
FLR-00922,RIDGE,10,0.365,0,,,10i,,,R1,D,2,04/04/2008
FLR-00923,LAMP,5,0.799925,1,N-005,874.1411,,2,0,,,,
FLR-00924,RIDGE,5,1.408475,0,,,1+1+3,,,R1,J,4,10-04-2015
FLR-00925,LAMP,4,0.7801781,2,N-001,578.1646,,0,0,,,,
FLR-00926,RIDGE,5,0.3203,0,,,5-SMUDGE,,,R1,F,3,04/03/2010
FLR-00927,RIDGE,3,0.1471,6070/6068,,,3R,,,R1,F,3,04/03/2010
FLR-00928,RIDGE,5,1.0752493,0,,,1+1+3,,,R1,A,1,02/03/2015
FLR-00929,LAMP,5,1.2329742,3,N-003,17550.9867,,2,0,,,,
FLR-00930,RIDGE,5,1.1689835,5151,,,1+1+3,,,R1,U,11,31-03-2015
FLR-00931,RIDGE,5,1.3131367,0,,,1+1+3,,,R1,F,3,31/03/2015
FLR-00932,LAMP,3,0.3006949,2,N-002,11161.2533,,5,0,,,,
FLR-00933,RIDGE,5,1.085,0,,,1+1+3,,,R1,T,10,14/04/2010
FLR-00934,LAMP,5,0.484075,1,N-019,4442.9583,,4,0,,,,
FLR-00935,RIDGE,5,1.3355,5727,,,1+1+3,,,R1,F,3,12/02/2010
FLR-00936,RIDGE,5,1.027,0,,,1+1+3,,,R1,V,12,03/02/2010
FLR-00937,RIDGE,5,1.1252333,5133,,,5R3,,,R1,N,6,19/03/2015
FLR-00938,RIDGE,6,0.21,0,,,6i,,,R1,T,10,10/03/2010
FLR-00939,LAMP,5,1.3142333,1,N-011,2137.2812,,2,0,,,,
FLR-00940,RIDGE,10,1.6084333,9999,,,10R,,,R2,ZZZ,13,12-04-2016
FLR-00941,LAMP,5,0.775775,1,N-002,14804.9,,4,0,,,,
FLR-00942,RIDGE,7,1.1780936,0,,,7D1,,,R1,U,11,19-03-2015
FLR-00943,RIDGE,5,0.5115,5727,,,5R2,,,R1,F,3,12/02/2010
FLR-00944,RIDGE,5,1.0739,0,,,5R3,,,R2,K,5,03/06/2012
FLR-00945,RIDGE,5,1.0758891,0,,,1+1+3,,,R1,J,4,12/05/2016
FLR-00946,RIDGE,5,0.7512729,0,,,1+1+3,,,R1,A,1,02/03/2015
FLR-00947,RIDGE,5,1.4216084,0,,,1+1+3,,,R1,U,11,19-03-2015
FLR-00948,RIDGE,4,0.5269,5722,,,4D,,,R1,F,3,09/03/2005
FLR-00949,RIDGE,5,1.3943,5727,,,1+1+3,,,R1,F,3,12/02/2010
FLR-00950,RIDGE,5,0.9402,0,,,5-SMUDGE,,,R1,F,3,11/02/2009
FLR-00951,RIDGE,8,0.336,0,,,8i,,,R1,V,12,22/01/2010
FLR-00952,RIDGE,5,1.3951,0,,,5R3,,,R2,P,7,24/04/2008
FLR-00953,LAMP,5,0.3396666,1,N-034,10147.9499,,4,0,,,,
FLR-00954,RIDGE,4,0.828,0,,,4R2,,,R2,P,7,05/03/2011
FLR-00955,RIDGE,5,1.1573238,0,,,1+1+3,,,R1,F,3,31/03/2015
FLR-00956,RIDGE,5,1.0472159,0,,,1+1+3,,,R1,U,11,26/03/2015
FLR-00957,RIDGE,5,1.2750417,0,,,1+1+3,,,R1,U,11,26/03/2015
FLR-00958,RIDGE,5,0.5544,5727,,,5R2,,,R1,F,3,12/02/2010
FLR-00959,RIDGE,5,0.8631037,0,,,1+1+3,,,R1,A,1,02/03/2015
FLR-00960,RIDGE,4,0.9395182,0,,,4R2,,,R1,U,11,19-03-2015
FLR-00961,RIDGE,5,0.3279,5560,,,5R1,,,R1,F,3,23/01/2010
FLR-00962,RIDGE,5,1.2242,5979,,,1+1+3,,,R1,J,4,03/05/2008
FLR-00963,RIDGE,7,1.1076,5722,,,7D1,,,R1,F,3,02/02/2010
FLR-00964,LAMP,5,1.1536815,4,N-003,17880.1492,,2,0,,,,
FLR-00965,LAMP,7,0.4559166,1,N-042,2636.2593,,8,0,,,,
FLR-00966,RIDGE,5,0.4571133,0,,,5R2,,,R1,F,3,31/03/2015
FLR-00967,LAMP,5,1.4350199,2,N-035,30788.3861,,2,0,,,,
FLR-00968,LAMP,4,0.2437739,3,N-004,24966.3899,,0,0,,,,
FLR-00969,RIDGE,5,0.843,0,,,1+1+3,,,R1,D,2,01/04/2010
FLR-00970,RIDGE,5,1.3116,5727,,,1+1+3,,,R1,F,3,12/02/2010
FLR-00971,LAMP,5,0.9956919,2,N-002,14473.1842,,2,0,,,,
FLR-00972,RIDGE,4,0.929,0,,,4R2,,,R1,A,1,26/03/2010
FLR-00973,RIDGE,4,0.811,0,,,1+31,,,R1,V,12,04/02/2010
FLR-00974,RIDGE,6,1.6729,0,,,6R,,,R2,P,7,24/04/2008
FLR-00975,RIDGE,5,1.381179,0,,,5-SMUDGE,,,R1,U,11,31-03-2015
FLR-00976,LAMP,5,1.2081619,3,N-005,3301.0596,,2,0,,,,
FLR-00977,LAMP,5,0.4952035,2,N-013,20613.5984,,4,0,,,,
FLR-00978,RIDGE,3,0.368,0,,,3D,,,R1,A,1,28/02/2010
FLR-00979,RIDGE,5,0.7726364,0,,,1+1+3,,,R1,A,1,02/03/2015
FLR-00980,LAMP,5,1.2462893,2,N-014,643.0662,,2,0,,,,
FLR-00981,RIDGE,5,1.2213475,5586,,,1+1+3,,,R1,A,1,02-03-2015
FLR-00982,RIDGE,4,1.0402583,0,,,4R2,,,R1,A,1,02/03/2015
FLR-00983,RIDGE,5,1.3004,0,,,5R3,,,R2,P,7,05/03/2011
FLR-00984,RIDGE,6,0.4363334,5759,,,6i,,,R1,S,9,07-04-2015
FLR-00985,LAMP,5,0.4940725,2,N-023,32281.0131,,4,0,,,,
FLR-00986,RIDGE,5,0.6963917,6070,,,5-SMUDGE,,,R1,F,3,19/03/2015
FLR-00987,RIDGE,5,0.923,0,,,1+1+3,,,R1,V,12,03/02/2010
FLR-00988,LAMP,20,1.0954031,2,N-011,1897.9643,,17,0,,,,
FLR-00989,RIDGE,5,1.4602833,5759,,,1+1+3,,,R1,S,9,29-04-2014
FLR-00990,LAMP,5,0.5118785,2,N-014,612.2419,,4,0,,,,
FLR-00991,RIDGE,5,1.4754166,5987,,,1+1+3,,,R1,J,4,24-04-2014
FLR-00992,RIDGE,5,1.000957,0,,,1+1+3,,,R1,J,4,13-05-2016
FLR-00993,LAMP,5,0.6982147,1,N-012,9437.0507,,2,0,,,,
FLR-00994,RIDGE,5,0.8451298,0,,,1+1+3,,,R1,A,1,02/03/2015
FLR-00995,RIDGE,5,1.1135,5586,,,1+1+3,,,R1,A,1,02/03/2015
FLR-00996,RIDGE,7,1.2445,0,,,7D1,,,R1,F,3,04/03/2010
FLR-00997,RIDGE,6,0.6474,0,,,6-SMUDGE,,,R1,F,3,04/03/2010
FLR-00998,LAMP,7,0.2958,2,N-001,4423.7897,,8,0,,,,
FLR-00999,RIDGE,5,1.1904192,5151,,,1+1+3,,,R1,U,11,26/03/2015
FLR-01000,LAMP,5,0.5063917,2,N-013,20605.8577,,4,0,,,,
FLR-01001,RIDGE,4,1.3262584,0,,,4R2,,,R1,U,11,31-03-2015
FLR-01002,RIDGE,5,0.336,0,,,5R1,,,R1,T,10,10/03/2010
FLR-01003,LAMP,5,1.2842167,1,N-011,2260.6462,,2,0,,,,
FLR-01004,LAMP,3,0.2941498,2,N-001,4342.9296,,5,0,,,,
FLR-01005,RIDGE,5,1.031,0,,,5R3,,,R2,K,5,03/06/2012
FLR-01006,RIDGE,5,1.4632083,5987,,,1+1+3,,,R1,J,4,24-04-2014
FLR-01007,RIDGE,5,0.2778718,0,,,5R1,,,R1,A,1,16-04-2014
FLR-01008,RIDGE,5,0.9427584,0,,,1+1+3,,,R1,A,1,02/03/2015
FLR-01009,LAMP,9,0.4079,2,N-016,21354.2882,,11,0,,,,
FLR-01010,RIDGE,5,1.6792,0,,,5-SMUDGE,,,R2,K,5,02/06/2012
FLR-01011,RIDGE,5,1.2419646,0,,,5-SMUDGE,,,R1,U,11,26/03/2015
FLR-01012,LAMP,5,1.1830264,3,N-020,11634.5272,,2,0,,,,
FLR-01013,LAMP,5,1.008632,2,N-045,2458.2122,,2,0,,,,
FLR-01014,LAMP,5,0.31685,1,N-028,28123.0645,,4,0,,,,
FLR-01015,RIDGE,10,1.624,0,,,10R,,,R1,V,12,03/02/2010
FLR-01016,RIDGE,5,1.3108252,0,,,1+1+3,,,R1,U,11,19-03-2015
FLR-01017,RIDGE,6,0.9383,0,,,6-SMUDGE,,,R1,F,3,04/03/2010
FLR-01018,RIDGE,9,0.3563,5560,,,9i,,,R1,F,3,07/02/2005
FLR-01019,LAMP,5,0.6363167,2,N-011,2133.9101,,15,0,,,,
FLR-01020,RIDGE,5,0.6061,5561,,,5-SMUDGE,,,R1,F,3,04/03/2010
FLR-01021,LAMP,5,1.2423655,1,N-001,7229.1663,,2,0,,,,
FLR-01022,RIDGE,7,1.8408,0,,,7R,,,R2,P,7,05/03/2011
FLR-01023,RIDGE,5,0.5027834,5151,,,5R2,,,R1,U,11,26/03/2015
FLR-01024,RIDGE,5,1.4669667,5759,,,1+1+3,,,R1,S,9,29-04-2014
FLR-01025,LAMP,5,0.801729,2,N-045,5968.2334,,2,0,,,,
FLR-01026,RIDGE,5,0.7743333,6070,,,1+1+3,,,R1,F,3,19/03/2015
FLR-01027,LAMP,5,0.7414833,2,N-034,10077.3156,,2,0,,,,
FLR-01028,LAMP,5,1.2701917,1,N-014,1180.9755,,2,0,,,,
FLR-01029,RIDGE,5,0.335,0,,,5R1,,,R1,V,12,22/01/2010
FLR-01030,RIDGE,4,0.8836035,0,,,4R2,,,R1,A,1,02/03/2015
FLR-01031,RIDGE,5,0.295,0,,,5R1,,,R1,D,2,21/03/2008
FLR-01032,RIDGE,8,0.2395,5703,,,8i,,,R1,F,3,23/01/2005
FLR-01033,LAMP,5,0.69235,1,N-009,726.177,,2,0,,,,
FLR-01034,RIDGE,5,0.3137475,0,,,5R1,,,R1,J,4,10-04-2015
FLR-01035,RIDGE,8,0.3861227,0,,,8i,,,R1,J,4,12/05/2016
FLR-01036,LAMP,5,1.3269293,2,N-004,25073.571,,2,0,,,,
FLR-01037,LAMP,5,1.3390833,1,N-041,3061.721,,2,0,,,,
FLR-01038,LAMP,21,1.12595,3,N-003,18018.3157,,17,0,,,,
FLR-01039,LAMP,5,0.333575,1,N-042,2602.4322,,4,0,,,,
FLR-01040,LAMP,5,1.2859917,1,N-011,2162.0267,,2,0,,,,
FLR-01041,RIDGE,6,0.262,0,,,6i,,,R1,R,8,19/04/2008
FLR-01042,RIDGE,5,0.7506,5981,,,1+1+3,,,R1,J,4,03/05/2008
FLR-01043,LAMP,5,0.9687667,1,N-019,3328.0288,,2,0,,,,
FLR-01044,LAMP,4,0.7302047,4,N-002,14542.5104,,0,0,,,,
FLR-01045,RIDGE,5,1.1539931,0,,,1+1+3,,,R1,U,11,26/03/2015
FLR-01046,LAMP,5,0.4190967,1,N-001,4398.5919,,2,0,,,,
FLR-01047,LAMP,4,1.0446083,2,N-003,17842.332,,1,0,,,,
FLR-01048,LAMP,5,0.8134845,3,N-002,14430.9113,,2,0,,,,
FLR-01049,RIDGE,5,1.3118333,0,,,1+1+3,,,R1,S,9,29-04-2014
FLR-01050,RIDGE,5,1.0023,0,,,1+1+3,,,R1,F,3,05/05/2008
FLR-01051,RIDGE,5,0.5265,5151,,,5R2,,,R1,U,11,18/02/2009
FLR-01052,RIDGE,5,0.3170768,0,,,5R1,,,R1,S,9,01-04-2015
FLR-01053,RIDGE,5,0.7599333,5979,,,1+1+3,,,R1,J,4,10-04-2015
FLR-01054,RIDGE,5,1.3075,5561,,,1+1+3,,,R1,F,3,03/02/2005
FLR-01055,RIDGE,4,0.8838526,0,,,4R2,,,R2,ZZZ,13,12-04-2016
FLR-01056,RIDGE,5,1.3595919,0,,,1+1+3,,,R1,F,3,31/03/2015
FLR-01057,RIDGE,5,1.4177,5979,,,1+1+3,,,R1,J,4,04/05/2008
FLR-01058,LAMP,5,0.3096166,1,N-002,11191.044,,4,0,,,,
FLR-01059,RIDGE,5,1.1673561,0,,,1+1+3,,,R1,U,11,26/03/2015
FLR-01060,LAMP,5,1.1262917,2,N-003,16033.5974,,2,0,,,,
FLR-01061,RIDGE,3,0.5183468,0,,,3-SMUDGE,,,R2,ZZZ,13,12-04-2016
FLR-01062,RIDGE,3,0.328725,0,,,3D,,,R1,A,1,02/03/2015
FLR-01063,RIDGE,5,0.322,0,,,5R1,,,R1,D,2,06/02/2010
FLR-01064,RIDGE,5,1.1628,5586,,,1+1+3,,,R1,A,1,02/03/2015
FLR-01065,RIDGE,5,1.3174,0,,,1+1+3,,,R1,F,3,11/02/2009
FLR-01066,LAMP,5,0.5086728,2,N-003,15474.6495,,4,0,,,,
FLR-01067,RIDGE,5,1.2031333,5151,,,1+1+3,,,R1,U,11,26/03/2015
FLR-01068,LAMP,6,0.2354916,2,N-036,26944.6121,,10,0,,,,
FLR-01069,RIDGE,4,0.5019,5722,,,4D,,,R1,F,3,04/03/2010
FLR-01070,RIDGE,5,0.85415,5586,,,1+1+3,,,R1,A,1,02/03/2015
FLR-01071,RIDGE,5,0.324,0,,,5R1,,,R1,T,10,26/01/2010
FLR-01072,RIDGE,5,1.039,0,,,1+1+3,,,R1,R,8,19/04/2008
FLR-01073,RIDGE,4,0.1932,0,,,4R1,,,R1,F,3,04/03/2010
FLR-01074,LAMP,5,0.7498283,4,N-003,17446.0799,,4,0,,,,
FLR-01075,RIDGE,7,0.268,0,,,7i,,,R1,T,10,10/03/2010
FLR-01076,RIDGE,5,0.9617,0,,,5R3,,,R2,P,7,05/03/2011
FLR-01077,RIDGE,5,1.15435,6052,,,1+1+3,,,R1,S,9,29-04-2014
FLR-01078,RIDGE,7,0.339,0,,,7i,,,R1,D,2,06/02/2010
FLR-01079,RIDGE,5,0.3331461,5151,,,5R1,,,R1,U,11,31-03-2015
FLR-01080,LAMP,5,1.2837643,3,N-017,29231.915,,2,0,,,,
FLR-01081,RIDGE,5,0.6737,0,,,1+1+3,,,R1,F,3,04/03/2010
FLR-01082,RIDGE,5,0.8923667,0,,,5-SMUDGE,,,R1,S,9,01-04-2015
FLR-01083,LAMP,5,0.5001388,2,N-005,709.2633,,4,0,,,,
FLR-01084,LAMP,5,0.7225417,1,N-031,185.36,,2,0,,,,
FLR-01085,LAMP,4,1.3262584,2,N-020,11633.8564,,0,0,,,,
FLR-01086,RIDGE,6,0.3763,5727,,,6i,,,R1,F,3,12/02/2010
FLR-01087,RIDGE,5,1.3310701,0,,,1+1+3,,,R1,U,11,26/03/2015
FLR-01088,RIDGE,5,0.2476,6035,,,5R1,,,R1,U,11,01/02/2010
FLR-01089,RIDGE,5,0.3096,5562,,,5R1,,,R1,U,11,24/01/2010
FLR-01090,RIDGE,5,1.303125,5151,,,1+1+3,,,R1,U,11,19-03-2015
FLR-01091,RIDGE,9,2.4299,0,,,9-SMUDGE,,,R2,K,5,03/06/2012
FLR-01092,LAMP,5,1.212057,2,N-030,9514.4104,,2,0,,,,
FLR-01093,RIDGE,10,1.6170853,0,,,10R,,,R1,J,4,12/05/2016
FLR-01094,LAMP,5,0.868,2,N-002,7976.8361,,2,0,,,,
FLR-01095,RIDGE,5,0.8094,5978,,,1+1+3,,,R1,J,4,31/01/2009
FLR-01096,LAMP,5,0.3251334,2,N-029,572.3486,,4,0,,,,
FLR-01097,RIDGE,5,0.325,0,,,5R1,,,R1,T,10,12/03/2010
FLR-01098,RIDGE,5,0.766,0,,,1+1+3,,,R1,N,6,03/04/2010
FLR-01099,LAMP,5,1.3178086,3,N-045,5202.1685,,2,0,,,,
FLR-01100,LAMP,5,0.317,1,N-002,11114.3228,,4,0,,,,
FLR-01101,RIDGE,5,0.8638412,0,,,1+1+3,,,R1,A,1,02/03/2015
FLR-01102,LAMP,5,1.2303167,1,N-015,13179.9499,,2,0,,,,
FLR-01103,RIDGE,5,0.3598,0,,,5R1,,,R1,F,3,23/01/2005
FLR-01104,LAMP,5,0.8463917,1,N-003,17355.4769,,2,0,,,,
FLR-01105,RIDGE,5,0.593,0,,,5R2,,,R1,V,12,03/02/2010
FLR-01106,RIDGE,4,0.394,0,,,1+32,,,R1,N,6,21/03/2010
FLR-01107,LAMP,5,0.3243,2,N-026,5995.4597,,2,0,,,,
FLR-01108,RIDGE,4,1.1578,0,,,4R2,,,R2,K,5,03/06/2012
FLR-01109,LAMP,5,1.1821841,2,N-045,5012.376,,2,0,,,,
FLR-01110,LAMP,5,0.3170768,2,N-025,15134.9632,,4,0,,,,
FLR-01111,LAMP,5,0.821225,1,N-003,15664.6899,,2,0,,,,
FLR-01112,LAMP,5,0.926875,1,N-002,14643.7005,,2,0,,,,
FLR-01113,RIDGE,5,0.9677416,5586,,,1+1+3,,,R1,A,1,02/03/2015
FLR-01114,RIDGE,5,1.191,0,,,1+1+3,,,R1,D,2,18/03/2009
FLR-01115,LAMP,5,0.8056583,1,N-032,10127.2326,,2,0,,,,
FLR-01116,RIDGE,5,0.7566,0,,,1+1+3,,,R1,F,3,04/03/2010
FLR-01117,LAMP,5,1.1101,1,N-003,16074.2693,,2,0,,,,
FLR-01118,RIDGE,5,0.323,5562,,,5R1,,,R1,U,11,11/02/2010
FLR-01119,LAMP,5,0.7546562,2,N-009,915.2571,,2,0,,,,
FLR-01120,RIDGE,10,0.291,0,,,10i,,,R1,T,10,21/01/2010
FLR-01121,RIDGE,5,0.41,0,,,5-SMUDGE,,,R1,V,12,22/01/2010
FLR-01122,RIDGE,5,0.8347,5981,,,1+1+3,,,R1,J,4,15/02/2007
FLR-01123,RIDGE,5,0.480025,5151,,,5R2,,,R1,U,11,26/03/2015
FLR-01124,RIDGE,5,0.334,0,,,5R1,,,R1,V,12,03/02/2010
FLR-01125,RIDGE,5,1.1795,5987,,,1+1+3,,,R1,J,4,06/02/2010
FLR-01126,RIDGE,7,1.5733833,5987,,,7D2,,,R1,J,4,12-05-2016
FLR-01127,RIDGE,9,1.4466834,9999,,,9R,,,R2,ZZZ,13,12-04-2016
FLR-01128,RIDGE,5,0.7641793,0,,,1+1+3,,,R1,A,1,02-03-2015
FLR-01129,RIDGE,5,0.8844583,5586,,,1+1+3,,,R1,A,1,02/03/2015
FLR-01130,RIDGE,4,1.3217204,0,,,4R2,,,R1,A,1,02/03/2015
FLR-01131,RIDGE,5,1.1739,5561,,,1+1+3,,,R1,F,3,04/03/2010
FLR-01132,LAMP,4,0.9626522,2,N-036,27027.625,,0,0,,,,
FLR-01133,LAMP,4,1.1313223,2,N-035,30888.597,,0,0,,,,
FLR-01134,RIDGE,5,0.33,0,,,5R1,,,R1,D,2,06/02/2010
FLR-01135,LAMP,5,1.1687416,3,N-036,27083.0205,,2,0,,,,
FLR-01136,RIDGE,5,1.0777,5727,,,1+1+3,,,R1,F,3,04/03/2010
FLR-01137,LAMP,5,0.5489917,3,N-005,3270.5168,,4,0,,,,
FLR-01138,RIDGE,5,0.3256,5987,,,5R1,,,R1,J,4,03/05/2008
FLR-01139,RIDGE,5,0.973,0,,,1+1+3,,,R1,R,8,19/04/2008
FLR-01140,RIDGE,5,1.2319,0,,,5R3,,,R2,K,5,03/06/2012
FLR-01141,LAMP,3,0.3724807,1,N-008,12493.6151,,12,0,,,,
FLR-01142,RIDGE,5,0.7763913,0,,,1+1+3,,,R1,A,1,02/03/2015
FLR-01143,LAMP,4,0.8155733,2,N-003,16994.2201,,0,0,,,,
FLR-01144,RIDGE,5,1.033,0,,,5R3,,,R2,P,7,05/03/2011
FLR-01145,LAMP,5,0.8077313,2,N-003,16707.3569,,2,0,,,,
FLR-01146,RIDGE,5,1.302925,5151,,,1+1+3,,,R1,U,11,26/03/2015
FLR-01147,RIDGE,5,1.06,0,,,1+1+3,,,R1,R,8,19/04/2008
FLR-01148,RIDGE,6,1.7889,0,,,6R,,,R2,P,7,05/03/2011
FLR-01149,RIDGE,4,0.545,5130,,,4D,,,R1,F,3,01/02/2005
FLR-01150,RIDGE,5,1.168,0,,,5R3,,,R2,P,7,24/04/2008
FLR-01151,RIDGE,5,0.32075,0,,,5R1,,,R1,S,9,07-04-2015
FLR-01152,LAMP,5,0.7669348,11,N-042,1705.7876,,2,0,,,,
FLR-01153,RIDGE,5,0.3247,6058,,,5R1,,,R1,U,11,24/01/2010
FLR-01154,LAMP,5,1.2988917,2,N-041,2931.1652,,2,0,,,,
FLR-01155,RIDGE,5,0.3181402,5560,,,5R1,,,R1,F,3,31/03/2015
FLR-01156,RIDGE,5,0.2708833,0,,,5R1,,,R1,A,1,02/03/2015
FLR-01157,RIDGE,5,0.337,0,,,5R1,,,R1,T,10,14/04/2010
FLR-01158,LAMP,5,1.0302917,1,N-003,15574.5024,,2,0,,,,
FLR-01159,LAMP,5,1.2399987,3,N-015,12422.1083,,2,0,,,,
FLR-01160,LAMP,5,1.1877672,2,N-003,15519.8926,,2,0,,,,
FLR-01161,RIDGE,4,1.1395,0,,,4R2,,,R1,A,1,02/03/2015
FLR-01162,RIDGE,4,1.2373819,0,,,4R2,,,R1,A,1,02/03/2015
FLR-01163,RIDGE,5,0.9517,0,,,1+1+3,,,R1,F,3,04/03/2010
FLR-01164,RIDGE,5,0.68315,5979,,,1+1+3,,,R1,J,4,10-04-2015
FLR-01165,RIDGE,5,1.091,0,,,1+1+3,,,R1,R,8,19/04/2008
FLR-01166,RIDGE,7,1.5765083,0,,,7D2,,,R1,U,11,31-03-2015
FLR-01167,LAMP,5,0.3138334,1,N-038,4439.5212,,2,0,,,,
FLR-01168,LAMP,5,1.2213475,1,N-001,7206.9125,,2,0,,,,
FLR-01169,RIDGE,5,1.0751,5560,,,1+1+3,,,R1,F,3,23/01/2005
FLR-01170,RIDGE,5,1.4821,0,,,5R3,,,R2,P,7,25/04/2008
FLR-01171,RIDGE,5,1.5145833,5987,,,1+1+3,,,R1,J,4,24-04-2014
FLR-01172,RIDGE,6,0.402,0,,,6i,,,R1,V,12,26/01/2010
FLR-01173,RIDGE,7,1.3903,5722,,,7D1,,,R1,F,3,12/02/2010
FLR-01174,RIDGE,5,0.369,0,,,5R1,,,R1,V,12,26/01/2010
FLR-01175,RIDGE,5,0.7555,0,,,1+1+3,,,R1,J,4,06/02/2010
FLR-01176,RIDGE,5,0.32,0,,,5R1,,,R1,V,12,03/02/2010
FLR-01177,RIDGE,5,0.9128,5727,,,1+1+3,,,R1,F,3,04/03/2010
FLR-01178,LAMP,5,1.330075,1,N-011,829.8796,,2,0,,,,
FLR-01179,RIDGE,4,0.608,0,,,4D,,,R1,V,12,22/01/2010
FLR-01180,LAMP,5,1.4979589,2,N-047,16260.6768,,2,0,,,,
FLR-01181,RIDGE,5,0.7373,5561,,,1+1+3,,,R1,F,3,09/03/2005
FLR-01182,RIDGE,6,0.1806,5703,,,6i,,,R1,F,3,18/02/2005
FLR-01183,RIDGE,5,1.1999166,5560,,,1+1+3,,,R1,F,3,31/03/2015
FLR-01184,RIDGE,5,1.2242,5727,,,1+1+3,,,R1,F,3,12/02/2010
FLR-01185,RIDGE,5,0.322,0,,,5R1,,,R1,N,6,02/04/2010
FLR-01186,RIDGE,5,0.3211,6058,,,5R1,,,R1,U,11,24/01/2010
FLR-01187,RIDGE,4,0.4981,5561,,,4D,,,R1,F,3,03/03/2010
FLR-01188,RIDGE,5,1.094825,5586,,,1+1+3,,,R1,A,1,02/03/2015
FLR-01189,RIDGE,5,0.8082583,5979,,,1+1+3,,,R1,J,4,10-04-2015
FLR-01190,LAMP,8,1.2806167,2,N-032,10153.3962,,9,0,,,,
FLR-01191,RIDGE,5,0.7233,0,,,1+1+3,,,R2,P,7,25/04/2008
FLR-01192,RIDGE,4,0.5002,5722,,,4D,,,R1,F,3,15/02/2005
FLR-01193,RIDGE,5,1.091,5727,,,1+1+3,,,R1,F,3,23/01/2005
FLR-01194,RIDGE,5,1.2562,0,,,5R3,,,R2,P,7,05/03/2011
FLR-01195,RIDGE,5,1.345975,0,,,1+1+3,,,R1,J,4,24-04-2014
FLR-01196,RIDGE,9,1.3433,0,,,9R,,,R1,J,4,31/01/2009
FLR-01197,RIDGE,5,0.8188583,0,,,1+1+3,,,R1,A,1,02/03/2015
FLR-01198,RIDGE,4,0.9534141,0,,,4R2,,,R2,ZZZ,13,12-04-2016
FLR-01199,RIDGE,5,0.9553,5978,,,1+1+3,,,R1,J,4,31/01/2009
FLR-01200,RIDGE,5,1.3239889,0,,,5R3,,,R2,ZZZ,13,12-04-2016
FLR-01201,RIDGE,5,1.05305,5586,,,5-SMUDGE,,,R1,A,1,02/03/2015
FLR-01202,RIDGE,5,0.339,0,,,5R1,,,R1,V,12,26/01/2010
FLR-01203,RIDGE,5,0.312,0,,,5R1,,,R1,D,2,20/03/2008
FLR-01204,LAMP,5,0.2804667,1,N-036,27688.9928,,4,0,,,,
FLR-01205,LAMP,17,1.1304916,1,N-002,14769.7857,,17,0,,,,
FLR-01206,RIDGE,5,1.3346,5979,,,1+1+3,,,R1,J,4,04/05/2008
FLR-01207,RIDGE,5,0.7464,5586,,,1+1+3,,,R1,A,1,02/03/2015
FLR-01208,LAMP,5,1.3260365,1,N-011,834.623,,2,0,,,,
FLR-01209,RIDGE,7,1.2654,0,,,7D1,,,R1,F,3,04/03/2010
FLR-01210,RIDGE,5,0.4712363,0,,,5R2,,,R1,U,11,26/03/2015
FLR-01211,RIDGE,5,0.336,0,,,5R1,,,R1,T,10,12/03/2010
FLR-01212,RIDGE,6,0.3422301,0,,,6i,,,R1,J,4,12/05/2016
FLR-01213,LAMP,3,0.3054025,2,N-002,11153.4221,,5,0,,,,
FLR-01214,RIDGE,5,0.318945,0,,,5R1,,,R1,S,9,07-04-2015
FLR-01215,LAMP,5,1.318725,2,N-011,867.4219,,2,0,,,,
FLR-01216,RIDGE,5,0.85,0,,,1+1+3,,,R1,N,6,02/04/2010
FLR-01217,RIDGE,5,1.2704833,0,,,1+1+3,,,R1,S,9,29-04-2014
FLR-01218,RIDGE,5,1.1110836,0,,,1+1+3,,,R1,U,11,19-03-2015
FLR-01219,LAMP,9,0.386572,2,N-018,33618.7621,,6,0,,,,
FLR-01220,RIDGE,5,0.7207,5560,,,1+1+3,,,R1,F,3,17/02/2005
FLR-01221,RIDGE,5,0.364,0,,,5R1,,,R1,V,12,22/01/2010
FLR-01222,RIDGE,5,1.0532583,0,,,1+1+3,,,R1,S,9,29-04-2014
FLR-01223,RIDGE,5,1.0742847,5586,,,1+1+3,,,R1,A,1,02/03/2015
FLR-01224,RIDGE,5,0.8764,0,,,1+1+3,,,R1,J,4,06/02/2010
FLR-01225,RIDGE,5,0.9581349,0,,,1+1+3,,,R1,A,1,02/03/2015
FLR-01226,RIDGE,5,1.3187,0,,,5R3,,,R2,P,7,24/04/2008
FLR-01227,RIDGE,5,1.317,0,,,1+1+3,,,R1,V,12,26/01/2010
FLR-01228,RIDGE,5,0.328,0,,,5R1,,,R1,D,2,21/03/2008
FLR-01229,RIDGE,5,1.352,0,,,1+1+3,,,R1,V,12,26/01/2010
FLR-01230,RIDGE,5,1.5085656,0,,,1+1+3,,,R1,J,4,12/05/2016
FLR-01231,LAMP,3,0.3247742,2,N-002,11157.5662,,5,0,,,,
FLR-01232,RIDGE,5,0.8799,5586,,,1+1+3,,,R1,A,1,02/03/2015
FLR-01233,LAMP,5,0.7483763,2,N-001,7129.8734,,4,0,,,,
FLR-01234,RIDGE,5,0.321,0,,,5R1,,,R1,T,10,12/03/2010
FLR-01235,RIDGE,5,1.1767417,5586,,,1+1+3,,,R1,A,1,02/03/2015
FLR-01236,RIDGE,5,1.3156,0,,,5R3,,,R2,P,7,24/04/2008
FLR-01237,RIDGE,5,0.7971833,5586,,,1+1+3,,,R1,A,1,02/03/2015
FLR-01238,LAMP,5,1.2505333,1,N-015,13093.9534,,2,0,,,,
FLR-01239,RIDGE,5,1.1215,0,,,5R3,,,R2,K,5,03/06/2012
FLR-01240,RIDGE,5,1.2462893,0,,,1+1+3,,,R1,F,3,31/03/2015
FLR-01241,RIDGE,5,1.106725,0,,,1+1+3,,,R1,A,1,02/03/2015
FLR-01242,LAMP,5,0.8252396,2,N-002,14552.242,,2,0,,,,
FLR-01243,LAMP,5,0.7310833,1,N-030,10243.282,,2,0,,,,
FLR-01244,RIDGE,5,0.6788,0,,,5-SMUDGE,,,R1,F,3,04/03/2010
FLR-01245,RIDGE,5,1.2018227,5151,,,1+1+3,,,R1,U,11,26/03/2015
FLR-01246,RIDGE,5,0.3173055,0,,,5R1,,,R1,J,4,10-04-2015
FLR-01247,RIDGE,5,0.6351,6058,,,5-SMUDGE,,,R1,U,11,11/02/2010
FLR-01248,RIDGE,7,1.0233,5722,,,7D1,,,R1,F,3,12/02/2010
FLR-01249,RIDGE,5,0.9998,5151,,,1+1+3,,,R1,U,11,26/03/2015
FLR-01250,LAMP,5,1.4746834,1,N-041,2051.9871,,2,0,,,,
FLR-01251,LAMP,5,1.1615922,2,N-042,1039.0928,,2,0,,,,
FLR-01252,RIDGE,4,0.4063,0,,,4R1,,,R1,U,11,11/02/2010
FLR-01253,RIDGE,4,0.393,0,,,1+32,,,R1,N,6,02/04/2010
FLR-01254,LAMP,5,0.8603373,2,N-005,3280.3562,,2,0,,,,
FLR-01255,RIDGE,5,0.32015,5759,,,5R1,,,R1,S,9,29-04-2014
FLR-01256,RIDGE,5,0.845,0,,,1+1+3,,,R1,F,3,04/03/2010
FLR-01257,RIDGE,5,0.683,0,,,1+1+3,,,R1,D,2,20/03/2008
FLR-01258,RIDGE,5,1.2559917,5151,,,1+1+3,,,R1,U,11,26/03/2015
FLR-01259,LAMP,7,1.5293167,1,N-012,9542.1574,,7,0,,,,
FLR-01260,LAMP,5,1.3464189,2,N-023,31539.0297,,2,0,,,,
FLR-01261,RIDGE,9,0.393,0,,,9i,,,R1,T,10,15/04/2010
FLR-01262,LAMP,5,0.8828128,4,N-011,1182.0196,,2,0,,,,
FLR-01263,LAMP,5,0.9956333,1,N-001,170.3441,,2,0,,,,
FLR-01264,LAMP,5,1.2720333,2,N-003,17612.3049,,2,0,,,,
FLR-01265,RIDGE,4,1.053,5720,,,4R2,,,R1,A,1,05/02/2009
FLR-01266,LAMP,5,0.3216071,2,N-025,15170.6379,,4,0,,,,
FLR-01267,RIDGE,5,0.3451,0,,,5R1,,,R1,U,11,16/02/2009
FLR-01268,RIDGE,5,0.33,0,,,5R1,,,R1,D,2,06/02/2010
FLR-01269,RIDGE,5,1.3472923,5560,,,1+1+3,,,R1,F,3,31/03/2015
FLR-01270,RIDGE,9,0.393,0,,,9i,,,R1,N,6,02/04/2010
FLR-01271,RIDGE,6,1.1865403,0,,,6-SMUDGE,,,R1,U,11,19-03-2015
FLR-01272,RIDGE,7,0.3412,5563,,,7i,,,R1,F,3,11/02/2010
FLR-01273,RIDGE,5,0.857,0,,,1+1+3,,,R1,V,12,03/02/2010
FLR-01274,RIDGE,6,0.623,0,,,6i,,,R1,V,12,26/01/2010
FLR-01275,RIDGE,5,0.828,0,,,1+1+3,,,R1,R,8,19/04/2008
FLR-01276,RIDGE,5,0.8,0,,,1+1+3,,,R1,T,10,10/03/2010
FLR-01277,LAMP,5,0.4718501,1,N-013,20609.6686,,4,0,,,,
FLR-01278,RIDGE,5,1.2538833,5151,,,1+1+3,,,R1,U,11,26/03/2015
FLR-01279,RIDGE,5,0.334,0,,,5R1,,,R1,T,10,15/01/2005
FLR-01280,RIDGE,5,0.891,0,,,1+1+3,,,R1,V,12,03/02/2010
FLR-01281,RIDGE,4,0.8058,0,,,4R2,,,R1,J,4,06/02/2010
FLR-01282,LAMP,5,1.2444695,2,N-015,14656.447,,2,0,,,,
FLR-01283,RIDGE,5,0.3404,5563,,,5R1,,,R1,F,3,02/02/2010
FLR-01284,LAMP,5,0.4923169,3,N-005,699.8396,,4,0,,,,
FLR-01285,RIDGE,5,0.884431,0,,,1+1+3,,,R1,A,1,02/03/2015
FLR-01286,RIDGE,5,0.308275,0,,,5R1,,,R1,A,1,02/03/2015
FLR-01287,RIDGE,6,0.3948,0,,,6i,,,R1,U,11,16/02/2009
FLR-01288,RIDGE,5,0.329,0,,,5R1,,,R1,V,12,03/02/2010
FLR-01289,RIDGE,5,0.352,0,,,5R1,,,R1,T,10,10/03/2010
FLR-01290,RIDGE,8,1.2454748,0,,,8-SMUDGE,,,R1,U,11,19-03-2015
FLR-01291,RIDGE,9,0.3761,0,,,9i,,,R1,S,9,07-04-2015
FLR-01292,RIDGE,5,0.296,0,,,5R1,,,R1,D,2,21/03/2008
FLR-01293,LAMP,20,1.1500417,1,N-002,14775.4042,,17,0,,,,
FLR-01294,RIDGE,5,1.052175,5586,,,1+1+3,,,R1,A,1,02/03/2015
FLR-01295,RIDGE,5,0.727,5561,,,1+1+3,,,R1,F,3,09/03/2005
FLR-01296,RIDGE,4,0.8478031,0,,,4R2,,,R1,A,1,02/03/2015
FLR-01297,RIDGE,5,1.065,0,,,1+1+3,,,R1,A,1,20/01/2010
FLR-01298,LAMP,5,1.2766088,2,N-042,2004.7025,,2,0,,,,
FLR-01299,RIDGE,7,1.0399917,0,,,7D1,,,R1,A,1,02/03/2015
FLR-01300,RIDGE,5,1.0789,6058,,,5-SMUDGE,,,R1,U,11,24/01/2010
FLR-01301,RIDGE,4,0.388,0,,,1+32,,,R1,N,6,02/04/2010
FLR-01302,RIDGE,5,0.268,0,,,5R1,,,R1,F,3,04/03/2010
FLR-01303,LAMP,18,0.4993917,2,N-003,17659.0433,,17,0,,,,
FLR-01304,LAMP,4,0.9049469,2,N-001,256.0241,,0,0,,,,
FLR-01305,RIDGE,4,0.5247,5722,,,4D,,,R1,F,3,09/03/2005
FLR-01306,RIDGE,5,1.2444695,0,,,1+1+3,,,R1,F,3,31/03/2015
FLR-01307,LAMP,5,1.300823,2,N-015,13079.0865,,2,0,,,,
FLR-01308,RIDGE,5,1.3591,0,,,5R3,,,R2,P,7,24/04/2008
FLR-01309,RIDGE,5,0.3298916,5151,,,5R1,,,R1,U,11,31-03-2015
FLR-01310,RIDGE,3,0.1281,6070/6068,,,3R,,,R1,F,3,03/03/2010
FLR-01311,RIDGE,5,0.3838083,5759,,,5R1,,,R1,S,9,01-04-2015
FLR-01312,RIDGE,4,0.7804264,0,,,4R2,,,R1,A,1,02/03/2015
FLR-01313,RIDGE,5,1.3225417,0,,,1+1+3,,,R1,U,11,31-03-2015
FLR-01314,LAMP,6,1.389,1,N-004,24982.9791,,10,0,,,,
FLR-01315,RIDGE,5,1.011325,0,,,1+1+3,,,R1,J,4,10-04-2015
FLR-01316,LAMP,5,1.4682038,2,N-042,1995.0016,,2,0,,,,
FLR-01317,LAMP,5,0.4940921,2,N-023,32276.8428,,4,0,,,,
FLR-01318,RIDGE,5,1.1082,0,,,5R3,,,R2,P,7,05/03/2011
FLR-01319,RIDGE,5,0.3185,5979,,,5R1,,,R1,J,4,31/01/2009
FLR-01320,LAMP,5,0.337264,3,N-040,111.1932,,2,0,,,,
FLR-01321,LAMP,5,1.2631496,2,N-003,16765.5788,,2,0,,,,
FLR-01322,LAMP,5,0.3144167,2,N-028,28157.6992,,4,0,,,,
FLR-01323,RIDGE,5,0.3214333,5560,,,5R1,,,R1,F,3,31/03/2015
FLR-01324,LAMP,5,1.294625,1,N-012,10067.2369,,2,0,,,,
FLR-01325,RIDGE,5,0.558,5727,,,5R2,,,R1,F,3,04/03/2010
FLR-01326,RIDGE,5,0.337,0,,,5R1,,,R1,N,6,02/04/2010
FLR-01327,RIDGE,5,0.3138334,5987,,,5R1,,,R1,J,4,24-04-2014
FLR-01328,RIDGE,5,0.341,0,,,5R1,,,R1,V,12,03/02/2010
FLR-01329,LAMP,16,0.4538333,2,N-003,17662.8533,,17,0,,,,
FLR-01330,RIDGE,7,1.0508,5722,,,7D1,,,R1,F,3,02/02/2010
FLR-01331,RIDGE,5,0.7522618,0,,,1+1+3,,,R1,F,3,19/03/2015
FLR-01332,LAMP,5,0.4781722,2,N-023,32260.8345,,4,0,,,,
FLR-01333,RIDGE,5,1.0169916,0,,,1+1+3,,,R1,A,1,02/03/2015
FLR-01334,RIDGE,8,0.315,0,,,8i,,,R1,V,12,22/01/2010
FLR-01335,LAMP,7,0.332025,1,N-027,13067.8532,,8,0,,,,
FLR-01336,RIDGE,5,0.7579918,0,,,1+1+3,,,R1,J,4,12-05-2016
FLR-01337,RIDGE,5,0.304561,0,,,5R1,,,R1,A,1,16-04-2014
FLR-01338,RIDGE,5,0.717,5561,,,1+1+3,,,R1,F,3,09/03/2005
FLR-01339,LAMP,5,1.0831804,3,N-003,15852.3143,,2,0,,,,
FLR-01340,RIDGE,5,0.333,0,,,5R1,,,R1,T,10,11/03/2010
FLR-01341,RIDGE,4,0.389,0,,,1+32,,,R1,N,6,23/03/2009
FLR-01342,LAMP,5,0.7510627,3,N-003,15623.2348,,2,0,,,,
FLR-01343,RIDGE,5,0.346,0,,,5R1,,,R1,N,6,02/04/2010
FLR-01344,RIDGE,5,0.989,0,,,5R3,,,R2,K,5,03/06/2012
FLR-01345,RIDGE,4,0.621,0,,,4-SMUDGE,,,R1,V,12,03/02/2010
FLR-01346,RIDGE,5,0.4103917,0,,,5-SMUDGE,,,R1,A,1,02/03/2015
FLR-01347,LAMP,5,0.9435781,2,N-032,10063.7935,,2,0,,,,
FLR-01348,RIDGE,5,1.0952986,0,,,1+1+3,,,R1,A,1,02/03/2015
FLR-01349,RIDGE,5,0.9803084,5586,,,1+1+3,,,R1,A,1,02-03-2015
FLR-01350,RIDGE,8,0.278,0,,,8i,,,R1,D,2,01/04/2010
FLR-01351,RIDGE,5,0.953,0,,,1+1+3,,,R1,A,1,25/02/2010
FLR-01352,RIDGE,5,1.313875,5560,,,1+1+3,,,R1,F,3,31/03/2015
FLR-01353,RIDGE,5,1.149,0,,,5R3,,,R2,K,5,03/06/2012
FLR-01354,RIDGE,5,1.3306,5987,,,1+1+3,,,R1,J,4,04/05/2008
FLR-01355,RIDGE,4,0.386,0,,,1+32,,,R1,N,6,23/03/2009
FLR-01356,RIDGE,5,1.1866,0,,,5R3,,,R2,K,5,02/06/2012
FLR-01357,LAMP,5,0.7576969,2,N-003,15867.3528,,2,0,,,,
FLR-01358,LAMP,5,0.9238417,1,N-001,3887.328,,2,0,,,,
FLR-01359,RIDGE,5,1.2364052,0,,,5R3,,,R2,ZZZ,13,12-04-2016
FLR-01360,RIDGE,5,0.362,0,,,5R1,,,R1,V,12,03/02/2010
FLR-01361,RIDGE,5,0.8002,6035,,,1+1+3,,,R1,U,11,11/02/2010
FLR-01362,LAMP,5,0.9964279,2,N-003,17770.2423,,2,0,,,,
FLR-01363,RIDGE,5,0.7139,5560,,,1+1+3,,,R1,F,3,17/02/2005
FLR-01364,LAMP,5,1.2824833,2,N-033,18373.0137,,2,0,,,,
FLR-01365,RIDGE,5,1.359,0,,,1+1+3,,,R1,V,12,16/01/2010
FLR-01366,RIDGE,5,0.7703,5561,,,1+1+3,,,R1,F,3,09/02/2009
FLR-01367,RIDGE,4,1.1283,0,,,4-SMUDGE,,,R1,F,3,04/03/2010
FLR-01368,LAMP,5,1.5588901,2,N-045,2748.7135,,2,0,,,,
FLR-01369,LAMP,5,1.1946789,2,N-038,3577.993,,2,0,,,,
FLR-01370,LAMP,5,1.1337917,2,N-041,2901.9492,,2,0,,,,
FLR-01371,RIDGE,4,0.4972,5722,,,4D,,,R1,F,3,11/02/2010
FLR-01372,RIDGE,5,1.0208,0,,,5R3,,,R2,K,5,03/06/2012
FLR-01373,RIDGE,5,1.2793,5987,,,1+1+3,,,R1,J,4,04/05/2008
FLR-01374,RIDGE,5,1.0698667,5586,,,1+1+3,,,R1,A,1,02/03/2015
FLR-01375,RIDGE,4,1.067342,0,,,4R2,,,R1,A,1,02-03-2015
FLR-01376,RIDGE,5,1.1765,0,,,5R3,,,R2,K,5,03/06/2012
FLR-01377,RIDGE,4,0.5158,5722,,,4D,,,R1,F,3,23/01/2010
FLR-01378,RIDGE,5,1.0792,0,,,1+1+3,,,R1,F,3,04/03/2010
FLR-01379,RIDGE,5,0.34,0,,,5R1,,,R1,R,8,11/04/2008
FLR-01380,LAMP,5,1.3218833,2,N-033,18359.477,,2,0,,,,
FLR-01381,LAMP,5,1.135284,3,N-035,30661.7616,,2,0,,,,
FLR-01382,RIDGE,7,0.4509991,0,,,7i,,,R1,A,1,02/03/2015
FLR-01383,LAMP,6,0.627326,2,N-046,9508.9364,,10,1,,,,
FLR-01384,RIDGE,5,0.972,5719,,,1+1+3,,,R1,A,1,05/02/2009
FLR-01385,LAMP,5,1.1767417,1,N-004,25002.6347,,2,0,,,,
FLR-01386,LAMP,5,0.9549659,2,N-024,14579.9648,,2,0,,,,
FLR-01387,LAMP,22,0.7331667,2,N-003,17675.3046,,17,0,,,,
FLR-01388,RIDGE,5,0.4898329,0,,,5R2,,,R1,U,11,31-03-2015
FLR-01389,LAMP,5,0.4923255,2,N-014,616.1882,,4,0,,,,
FLR-01390,LAMP,5,1.1951583,2,N-012,10118.9682,,2,0,,,,
FLR-01391,RIDGE,5,0.343,0,,,5R1,,,R1,D,2,27/03/2008
FLR-01392,RIDGE,9,0.353,0,,,9i,,,R1,V,12,03/02/2010
FLR-01393,RIDGE,9,0.3566417,5720,,,9i,,,R1,A,1,16-04-2014
FLR-01394,RIDGE,5,0.520275,5151,,,5R2,,,R1,U,11,26/03/2015
FLR-01395,LAMP,5,0.3300584,1,N-024,7931.9177,,4,0,,,,
FLR-01396,LAMP,5,1.2397833,2,N-012,10114.4108,,2,0,,,,
FLR-01397,RIDGE,5,1.2932875,0,,,1+1+3,,,R1,A,1,02/03/2015
FLR-01398,RIDGE,5,0.335,0,,,5R1,,,R1,T,10,14/04/2010
FLR-01399,RIDGE,5,1.6158192,0,,,5-SMUDGE,,,R1,J,4,12/05/2016
FLR-01400,RIDGE,5,1.387,0,,,5R3,,,R2,P,7,05/03/2011
FLR-01401,RIDGE,5,0.5487166,5151,,,5R2,,,R1,U,11,26/03/2015
FLR-01402,RIDGE,5,1.2694334,5759,,,1+1+3,,,R1,S,9,29-04-2014
FLR-01403,RIDGE,7,0.907,0,,,7D1,,,R1,A,1,25/03/2008
FLR-01404,RIDGE,5,1.367825,5560,,,1+1+3,,,R1,F,3,31/03/2015
FLR-01405,RIDGE,9,0.299,0,,,9i,,,R1,R,8,10/04/2008
FLR-01406,LAMP,5,1.1147832,3,N-012,9505.3979,,2,0,,,,
FLR-01407,RIDGE,5,0.341,0,,,5R1,,,R1,D,2,20/03/2008
FLR-01408,RIDGE,5,0.327,0,,,5R1,,,R1,D,2,20/03/2008
FLR-01409,RIDGE,5,0.7485,5727,,,1+1+3,,,R1,F,3,26/01/2005
FLR-01410,RIDGE,6,0.523925,5151,,,6i,,,R1,U,11,26/03/2015
FLR-01411,LAMP,5,1.1223176,2,N-007,1946.2053,,2,0,,,,
FLR-01412,RIDGE,5,1.2116,0,,,5R3,,,R2,K,5,03/06/2012
FLR-01413,RIDGE,4,0.9617167,0,,,4R2,,,R1,A,1,02-03-2015
FLR-01414,LAMP,5,0.3148434,2,N-040,209.0575,,4,0,,,,
FLR-01415,RIDGE,5,0.53,0,,,5R2,,,R1,N,6,02/04/2010
FLR-01416,RIDGE,4,1.107,5720,,,4R2,,,R1,A,1,05/02/2009
FLR-01417,RIDGE,5,1.3468865,0,,,1+1+3,,,R1,U,11,26/03/2015
FLR-01418,LAMP,4,0.904492,2,N-001,3970.2593,,0,0,,,,
FLR-01419,LAMP,5,1.0387248,1,N-036,26978.0859,,2,0,,,,
FLR-01420,RIDGE,5,1.407,0,,,1+1+3,,,R1,V,12,26/01/2010
FLR-01421,RIDGE,5,1.1687416,0,,,1+1+3,,,R1,A,1,16-04-2014
FLR-01422,RIDGE,5,0.313,0,,,5R1,,,R1,R,8,10/04/2008
FLR-01423,LAMP,5,1.55784,2,N-047,16281.7994,,2,0,,,,
FLR-01424,LAMP,5,0.296307,2,N-010,21258.8758,,4,0,,,,
FLR-01425,LAMP,5,1.1140417,1,N-003,17469.3181,,2,0,,,,
FLR-01426,RIDGE,8,0.3289,5151,,,8i,,,R1,U,11,01/02/2010
FLR-01427,RIDGE,6,0.9030085,0,,,6-SMUDGE,,,R1,A,1,02/03/2015
FLR-01428,LAMP,5,1.0279385,3,N-022,27642.9006,,2,0,,,,
FLR-01429,LAMP,5,1.0103417,1,N-012,9586.2966,,2,0,,,,
FLR-01430,RIDGE,5,1.2399435,0,,,1+1+3,,,R1,U,11,31-03-2015
FLR-01431,LAMP,4,0.7804264,4,N-002,14519.9181,,0,0,,,,
FLR-01432,RIDGE,6,1.3083,0,,,6R,,,R2,K,5,02/06/2012
FLR-01433,RIDGE,5,0.9043,0,,,5R3,,,R2,K,5,02/06/2012
FLR-01434,RIDGE,9,0.384,0,,,9i,,,R1,D,2,27/03/2008
FLR-01435,RIDGE,5,0.6937,5561,,,1+1+3,,,R1,F,3,09/03/2005
FLR-01436,RIDGE,5,0.341425,5586,,,5R1,,,R1,A,1,02-03-2015
FLR-01437,RIDGE,5,1.1323696,5560,,,1+1+3,,,R1,F,3,31/03/2015
FLR-01438,LAMP,5,1.1999166,1,N-014,5143.4501,,2,0,,,,
FLR-01439,RIDGE,5,1.3041392,0,,,1+1+3,,,R1,S,9,01-04-2015
FLR-01440,RIDGE,5,1.3411,0,,,5R3,,,R2,P,7,24/04/2008
FLR-01441,RIDGE,7,1.2687,5722,,,7D1,,,R1,F,3,12/02/2010
FLR-01442,RIDGE,5,1.1499,0,,,5R3,,,R2,P,7,05/03/2011
FLR-01443,RIDGE,9,0.325,0,,,9i,,,R1,D,2,04/04/2008
FLR-01444,RIDGE,5,1.0641878,0,,,1+1+3,,,R1,J,4,12/05/2016
FLR-01445,LAMP,5,1.3087,1,N-014,1207.7327,,2,0,,,,
FLR-01446,LAMP,8,0.3363615,3,N-034,10104.4429,,13,0,,,,
FLR-01447,RIDGE,10,1.4294844,0,,,10R,,,R1,J,4,10-04-2015
FLR-01448,RIDGE,4,0.2145743,0,,,4R1,,,R1,A,1,16-04-2014
FLR-01449,LAMP,5,0.7895661,2,N-003,17292.4614,,4,0,,,,
FLR-01450,LAMP,5,0.6863199,2,N-044,27734.4169,,2,0,,,,
FLR-01451,RIDGE,4,0.715,0,,,1+31,,,R1,V,12,22/01/2010
FLR-01452,LAMP,5,1.0915008,2,N-003,15511.4451,,2,0,,,,
FLR-01453,RIDGE,5,1.1508,5987,,,1+1+3,,,R1,J,4,06/02/2010
FLR-01454,LAMP,5,0.9431956,2,N-003,16175.5881,,4,0,,,,
FLR-01455,RIDGE,5,1.2840833,0,,,1+1+3,,,R1,U,11,31-03-2015
FLR-01456,RIDGE,6,0.484,6058,,,6i,,,R1,U,11,11/02/2010
FLR-01457,LAMP,5,1.0902167,2,N-002,13792.1002,,2,0,,,,
FLR-01458,LAMP,5,1.08535,1,N-002,13823.0978,,2,0,,,,
FLR-01459,LAMP,5,0.325975,1,N-041,4476.5473,,2,0,,,,
FLR-01460,LAMP,5,0.7442284,2,N-003,17784.2851,,2,0,,,,
FLR-01461,RIDGE,5,0.4389915,0,,,5R2,,,R1,U,11,19-03-2015
FLR-01462,RIDGE,5,1.1134,0,,,1+1+3,,,R1,J,4,06/02/2010
FLR-01463,RIDGE,5,1.3303398,0,,,1+1+3,,,R1,U,11,31-03-2015
FLR-01464,RIDGE,4,0.6386728,0,,,4R2,,,R1,A,1,02-03-2015
FLR-01465,LAMP,5,1.1978531,3,N-045,5022.5487,,2,0,,,,
FLR-01466,LAMP,5,0.8406038,2,N-009,800.1252,,2,0,,,,
FLR-01467,LAMP,6,0.8553842,2,N-034,10066.7899,,16,0,,,,
FLR-01468,RIDGE,5,1.1449333,5586,,,1+1+3,,,R1,A,1,02/03/2015
FLR-01469,RIDGE,5,0.3336,5562,,,5R1,,,R1,U,11,11/02/2010
FLR-01470,RIDGE,5,1.401,0,,,1+1+3,,,R1,V,12,26/01/2010
FLR-01471,RIDGE,3,0.359,0,,,3D,,,R1,A,1,28/02/2010
FLR-01472,RIDGE,5,1.335,0,,,1+1+3,,,R1,V,12,26/01/2010
FLR-01473,LAMP,5,0.3072823,3,N-045,6019.1314,,4,0,,,,
FLR-01474,RIDGE,5,0.3116478,5560,,,5R1,,,R1,F,3,31/03/2015
FLR-01475,LAMP,15,0.479125,2,N-003,17660.9538,,17,0,,,,
FLR-01476,LAMP,5,0.4288439,3,N-003,15718.2475,,2,0,,,,
FLR-01477,RIDGE,5,0.892,0,,,1+1+3,,,R1,D,2,01/04/2010
FLR-01478,RIDGE,5,1.3576084,0,,,1+1+3,,,R1,J,4,10-04-2015
FLR-01479,RIDGE,4,0.697,0,,,1+31,,,R1,V,12,03/02/2010
FLR-01480,LAMP,5,1.2931333,1,N-011,2239.1971,,2,0,,,,
FLR-01481,RIDGE,8,1.7084448,0,,,8D,,,R1,U,11,31-03-2015
FLR-01482,LAMP,6,0.419425,1,N-001,631.1305,,16,1,,,,
FLR-01483,RIDGE,4,1.057,0,,,4R2,,,R1,A,1,26/03/2010
FLR-01484,RIDGE,5,0.1357,5703,,,5-SMUDGE,,,R1,F,3,18/02/2005
FLR-01485,RIDGE,8,0.3549,5560,,,8i,,,R1,F,3,23/01/2010
FLR-01486,RIDGE,5,1.0095,0,,,5R3,,,R2,P,7,25/04/2008
FLR-01487,RIDGE,5,1.0902167,0,,,1+1+3,,,R1,A,1,02-03-2015
FLR-01488,RIDGE,5,0.6458,5561,,,5-SMUDGE,,,R1,F,3,17/02/2005
FLR-01489,LAMP,5,1.3589398,3,N-020,10984.7097,,2,0,,,,
FLR-01490,RIDGE,5,1.3142333,5151,,,1+1+3,,,R1,U,11,26/03/2015
FLR-01491,RIDGE,5,0.3175329,0,,,5R1,,,R1,J,4,10-04-2015
FLR-01492,RIDGE,5,0.382,0,,,5R1,,,R1,V,12,26/01/2010
FLR-01493,LAMP,5,1.3117833,3,N-041,3593.5184,,2,0,,,,
FLR-01494,RIDGE,6,0.8992,5722,,,6-SMUDGE,,,R1,F,3,12/02/2010
FLR-01495,LAMP,5,0.7525667,1,N-003,18865.9903,,2,0,,,,
FLR-01496,LAMP,6,1.2446417,1,N-001,3907.8035,,10,1,,,,
FLR-01497,LAMP,5,1.2119434,3,N-045,5039.2023,,2,0,,,,
FLR-01498,RIDGE,5,0.332,0,,,5R1,,,R1,T,10,17/04/2010
FLR-01499,RIDGE,5,1.3078916,5560,,,1+1+3,,,R1,F,3,31/03/2015
FLR-01500,RIDGE,5,0.7410285,0,,,1+1+3,,,R1,S,9,29-04-2014
FLR-01501,RIDGE,5,0.978,0,,,1+1+3,,,R1,V,12,03/02/2010
FLR-01502,RIDGE,5,1.319935,0,,,1+1+3,,,R1,F,3,31/03/2015
FLR-01503,RIDGE,5,1.502,0,,,1+1+3,,,R1,N,6,23/03/2009
FLR-01504,RIDGE,5,0.6763333,0,,,1+1+3,,,R1,A,1,02/03/2015
FLR-01505,RIDGE,8,1.408,5722,,,8R,,,R1,F,3,12/02/2010
FLR-01506,RIDGE,6,0.385,0,,,6i,,,R1,V,12,26/01/2010
FLR-01507,LAMP,5,1.0484083,1,N-001,166.211,,2,0,,,,
FLR-01508,RIDGE,5,0.738,0,,,1+1+3,,,R1,R,8,19/04/2008
FLR-01509,LAMP,5,1.2559917,1,N-012,9508.8093,,2,0,,,,
FLR-01510,RIDGE,6,0.4012181,0,,,6i,,,R1,A,1,24-04-2016
FLR-01511,LAMP,5,0.3222083,1,N-028,28112.487,,4,0,,,,
FLR-01512,LAMP,5,0.9848812,2,N-003,16165.599,,2,0,,,,
FLR-01513,LAMP,5,0.732004,2,N-044,27794.9141,,2,0,,,,
FLR-01514,RIDGE,5,1.1025,0,,,1+1+3,,,R1,F,3,04/03/2010
FLR-01515,LAMP,5,0.9700084,1,N-019,3294.5631,,2,0,,,,
FLR-01516,LAMP,5,1.2049419,2,N-006,8640.1362,,2,0,,,,
FLR-01517,LAMP,5,0.8886206,4,N-011,1188.0525,,2,0,,,,
FLR-01518,RIDGE,5,0.3273,5979,,,5R1,,,R1,J,4,31/01/2009
FLR-01519,RIDGE,5,1.1155417,9999,,,5R3,,,R2,ZZZ,13,12-04-2016
FLR-01520,RIDGE,4,0.737,0,,,4R2,,,R1,A,1,28/02/2010
FLR-01521,RIDGE,8,0.334,0,,,8i,,,R1,N,6,02/04/2010
FLR-01522,RIDGE,5,0.8273051,0,,,1+1+3,,,R1,A,1,02/03/2015
FLR-01523,LAMP,5,0.7842167,1,N-009,915.1126,,2,0,,,,
FLR-01524,RIDGE,5,0.9431956,0,,,5R3,,,R1,A,1,02/03/2015
FLR-01525,RIDGE,5,1.1819517,0,,,1+1+3,,,R1,A,1,02/03/2015
FLR-01526,RIDGE,5,1.254775,5151,,,1+1+3,,,R1,U,11,26/03/2015
FLR-01527,RIDGE,5,0.6566822,0,,,5-SMUDGE,,,R1,A,1,02/03/2015
FLR-01528,LAMP,7,1.0741178,2,N-032,10132.2379,,7,0,,,,
FLR-01529,RIDGE,5,0.337,0,,,5R1,,,R1,D,2,26/02/2010
FLR-01530,RIDGE,5,1.0149,5560,,,1+1+3,,,R1,F,3,01/02/2005
FLR-01531,RIDGE,5,0.337875,5759,,,5R1,,,R1,S,9,07-04-2015
FLR-01532,LAMP,21,1.1157584,3,N-012,9574.2667,,17,0,,,,
FLR-01533,RIDGE,5,0.9454,5978,,,1+1+3,,,R1,J,4,31/01/2009
FLR-01534,LAMP,5,0.9257805,2,N-003,15496.7841,,2,0,,,,
FLR-01535,RIDGE,5,0.5322,5151,,,5R2,,,R1,U,11,11/02/2010
FLR-01536,RIDGE,6,0.347,0,,,6i,,,R1,A,1,25/03/2008
FLR-01537,RIDGE,5,0.7523623,0,,,1+1+3,,,R1,J,4,12/05/2016
FLR-01538,LAMP,5,0.8684333,1,N-032,10056.6651,,2,0,,,,
FLR-01539,LAMP,5,1.2880285,2,N-033,18484.2605,,2,0,,,,
FLR-01540,RIDGE,8,0.335,0,,,8i,,,R1,N,6,23/03/2009
FLR-01541,RIDGE,5,1.0075,5727,,,1+1+3,,,R1,F,3,23/01/2005
FLR-01542,RIDGE,5,1.0144083,5586,,,1+1+3,,,R1,A,1,02/03/2015
FLR-01543,LAMP,6,0.9030085,2,N-003,17637.5587,,16,1,,,,
FLR-01544,RIDGE,8,0.3561833,5586,,,8i,,,R1,A,1,02-03-2015
FLR-01545,RIDGE,5,0.9733167,0,,,1+1+3,,,R1,U,11,31-03-2015
FLR-01546,RIDGE,5,0.8924916,5586,,,1+1+3,,,R1,A,1,02/03/2015
FLR-01547,LAMP,15,1.4458833,2,N-002,14732.7054,,17,0,,,,
FLR-01548,RIDGE,8,0.383,0,,,8i,,,R1,V,12,03/02/2010
FLR-01549,RIDGE,5,0.307175,5726,,,5R1,,,R1,S,9,01-04-2015
FLR-01550,LAMP,4,0.9850994,3,N-003,17863.9711,,0,0,,,,
FLR-01551,RIDGE,7,0.277,5560,,,7i,,,R1,F,3,17/02/2005
FLR-01552,LAMP,5,1.2982084,2,N-033,18385.8837,,2,0,,,,
FLR-01553,LAMP,5,0.9838975,1,N-011,1982.9861,,2,0,,,,
FLR-01554,RIDGE,8,1.21,0,,,8R,,,R1,V,12,03/02/2010
FLR-01555,RIDGE,8,0.387,0,,,8i,,,R1,T,10,04/02/2010
FLR-01556,LAMP,5,1.1860551,2,N-030,9522.3667,,2,0,,,,
FLR-01557,RIDGE,7,1.1576,0,,,7D1,,,R1,F,3,04/03/2010
FLR-01558,LAMP,5,0.7737184,2,N-005,3188.2981,,2,0,,,,
FLR-01559,RIDGE,5,1.0642667,5586,,,1+1+3,,,R1,A,1,02-03-2015
FLR-01560,LAMP,5,0.3054755,2,N-029,538.5487,,4,0,,,,
FLR-01561,RIDGE,5,0.3296,5562,,,5R1,,,R1,U,11,24/02/2008
FLR-01562,RIDGE,5,1.1439582,0,,,1+1+3,,,R1,J,4,12/05/2016
FLR-01563,RIDGE,5,0.7335,0,,,5-SMUDGE,,,R2,P,7,24/04/2008
FLR-01564,LAMP,5,0.8683833,1,N-003,15672.8881,,2,0,,,,
FLR-01565,RIDGE,5,0.8787,0,,,1+1+3,,,R1,J,4,04/05/2008
FLR-01566,RIDGE,6,0.5781,0,,,6i,,,R2,P,7,24/04/2008
FLR-01567,LAMP,5,1.4138333,1,N-042,1092.5522,,2,0,,,,
FLR-01568,LAMP,5,0.6515885,3,N-003,16828.2891,,2,0,,,,
FLR-01569,RIDGE,5,0.984825,5151,,,1+1+3,,,R1,U,11,31-03-2015
FLR-01570,RIDGE,5,1.319,0,,,1+1+3,,,R1,V,12,26/01/2010
FLR-01571,LAMP,5,1.1829706,2,N-045,5015.7572,,2,0,,,,
FLR-01572,RIDGE,5,1.1059568,0,,,1+1+3,,,R1,U,11,26/03/2015
FLR-01573,RIDGE,5,0.304073,0,,,5R1,,,R1,A,1,16-04-2014
FLR-01574,RIDGE,5,0.327,5759,,,5R1,,,R1,S,9,01-04-2015
FLR-01575,RIDGE,5,0.84525,0,,,1+1+3,,,R1,A,1,02/03/2015
FLR-01576,RIDGE,5,0.8619416,5586,,,1+1+3,,,R1,A,1,02-03-2015
FLR-01577,RIDGE,5,0.332,0,,,5R1,,,R1,N,6,23/03/2009
FLR-01578,LAMP,6,1.0341586,3,N-009,796.2564,,10,0,,,,
FLR-01579,LAMP,5,1.2381167,1,N-024,6790.6807,,2,0,,,,
FLR-01580,LAMP,5,1.2671333,1,N-013,20663.4045,,2,0,,,,
FLR-01581,RIDGE,5,0.738475,5151,,,1+1+3,,,R1,U,11,26/03/2015
FLR-01582,RIDGE,5,0.5066666,5151,,,5R2,,,R1,U,11,31-03-2015
FLR-01583,RIDGE,5,1.3824583,5759,,,1+1+3,,,R1,S,9,29-04-2014
FLR-01584,RIDGE,5,1.1213667,5720,,,1+1+3,,,R1,A,1,16-04-2014
FLR-01585,LAMP,5,0.7228134,1,N-033,19113.1703,,2,0,,,,
FLR-01586,RIDGE,3,0.463,0,,,3D,,,R1,N,6,02/04/2010
FLR-01587,RIDGE,5,0.322,0,,,5R1,,,R1,T,10,21/01/2010
FLR-01588,RIDGE,5,0.3576529,0,,,5R1,,,R1,A,1,02/03/2015
FLR-01589,RIDGE,4,0.714,0,,,1+31,,,R1,V,12,03/02/2010
FLR-01590,LAMP,5,0.8012167,1,N-032,10071.0229,,2,0,,,,
FLR-01591,LAMP,8,1.6578432,1,N-001,7313.8182,,9,1,,,,
FLR-01592,RIDGE,5,0.7496954,0,,,1+1+3,,,R1,J,4,12/05/2016
FLR-01593,RIDGE,8,1.7007723,0,,,8D,,,R1,J,4,10-04-2015
FLR-01594,RIDGE,5,1.391,0,,,1+1+3,,,R1,V,12,03/02/2010
FLR-01595,LAMP,5,1.2381476,2,N-012,10042.4988,,2,0,,,,
FLR-01596,RIDGE,5,1.3654,5727,,,1+1+3,,,R1,F,3,12/02/2010
FLR-01597,LAMP,6,1.6346084,1,N-038,3780.6974,,16,1,,,,
FLR-01598,LAMP,5,0.3446167,1,N-002,11171.0949,,2,0,,,,
FLR-01599,RIDGE,5,1.1552,5561,,,1+1+3,,,R1,F,3,23/01/2005
FLR-01600,RIDGE,5,0.328,0,,,5R1,,,R1,T,10,21/01/2010
FLR-01601,LAMP,8,0.3861227,2,N-046,9433.1051,,13,0,,,,
FLR-01602,RIDGE,5,0.5396,5560,,,5R2,,,R1,F,3,01/02/2005
FLR-01603,RIDGE,5,1.1657275,0,,,1+1+3,,,R1,U,11,26/03/2015
FLR-01604,RIDGE,7,1.465,0,,,7R,,,R2,P,7,05/03/2011
FLR-01605,RIDGE,5,0.34,0,,,5R1,,,R1,N,6,02/04/2010
FLR-01606,LAMP,5,1.4871,1,N-004,24962.427,,2,0,,,,
FLR-01607,RIDGE,5,1.3952391,0,,,1+1+3,,,R1,U,11,19-03-2015
FLR-01608,LAMP,5,1.2476932,2,N-022,27789.0489,,2,0,,,,
FLR-01609,RIDGE,4,0.694,0,,,4R2,,,R1,A,1,28/02/2010
FLR-01610,RIDGE,5,0.3333,5560,,,5R1,,,R1,F,3,23/01/2005
FLR-01611,LAMP,13,0.3737638,2,N-003,17736.942,,17,0,,,,
FLR-01612,RIDGE,4,0.5175,0,,,4D,,,R1,F,3,02/02/2010
FLR-01613,LAMP,5,1.1566,1,N-003,16795.1225,,2,0,,,,
FLR-01614,RIDGE,5,0.662,0,,,5-SMUDGE,,,R1,A,1,20/01/2010
FLR-01615,RIDGE,5,0.52,0,,,5R2,,,R1,N,6,02/04/2010
FLR-01616,LAMP,5,0.790416,2,N-033,19095.3658,,2,0,,,,
FLR-01617,RIDGE,5,1.1061,0,,,5R3,,,R2,K,5,02/06/2012
FLR-01618,RIDGE,4,0.851,0,,,4R2,,,R1,A,1,26/03/2010
FLR-01619,LAMP,5,0.3137584,1,N-028,28139.195,,4,0,,,,
FLR-01620,RIDGE,5,1.2754666,0,,,1+1+3,,,R1,F,3,31/03/2015
FLR-01621,LAMP,5,1.5424785,2,N-047,16256.7038,,2,0,,,,
FLR-01622,RIDGE,5,0.7530659,0,,,1+1+3,,,R1,A,1,02/03/2015
FLR-01623,RIDGE,5,0.324,0,,,5R1,,,R1,N,6,02/04/2010
FLR-01624,RIDGE,5,0.3152833,5586,,,5R1,,,R1,A,1,02/03/2015
FLR-01625,RIDGE,5,0.6992917,0,,,1+1+3,,,R1,A,1,02/03/2015
FLR-01626,RIDGE,7,1.4303357,0,,,7D2,,,R1,S,9,01-04-2015
FLR-01627,RIDGE,7,1.4059,5722,,,7D1,,,R1,F,3,12/02/2010
FLR-01628,LAMP,5,0.8981394,2,N-003,16178.8804,,2,0,,,,
FLR-01629,RIDGE,9,1.2097,5978,,,9R,,,R1,J,4,31/01/2009
FLR-01630,RIDGE,5,0.349,0,,,5R1,,,R1,V,12,03/02/2010
FLR-01631,RIDGE,6,0.3889,5727,,,6i,,,R1,F,3,23/02/2008
FLR-01632,RIDGE,5,0.463,0,,,5-SMUDGE,,,R1,D,2,20/03/2008
FLR-01633,LAMP,5,0.3480166,1,N-002,11215.3523,,2,0,,,,
FLR-01634,RIDGE,6,0.4309804,0,,,6i,,,R1,A,1,16-04-2014
FLR-01635,LAMP,5,1.4229,3,N-006,8768.8952,,2,0,,,,
FLR-01636,LAMP,5,0.3218961,1,N-044,27799.9336,,2,0,,,,
FLR-01637,RIDGE,7,1.445675,0,,,7D2,,,R1,U,11,31-03-2015
FLR-01638,RIDGE,5,1.2596863,0,,,5R3,,,R2,ZZZ,13,12-04-2016
FLR-01639,LAMP,5,1.0706167,2,N-002,13809.6232,,2,0,,,,
FLR-01640,LAMP,5,0.6726917,2,N-024,6823.7387,,15,0,,,,
FLR-01641,RIDGE,5,1.074,0,,,1+1+3,,,R1,V,12,03/02/2010
FLR-01642,RIDGE,5,0.8175,5978,,,1+1+3,,,R1,J,4,15/02/2007
FLR-01643,RIDGE,4,0.5219,5722,,,4D,,,R1,F,3,04/03/2010
FLR-01644,RIDGE,5,1.036,0,,,1+1+3,,,R1,V,12,03/02/2010
FLR-01645,RIDGE,5,1.1116,6035,,,1+1+3,,,R1,U,11,18/02/2009
FLR-01646,RIDGE,5,0.9133559,0,,,1+1+3,,,R1,A,1,02/03/2015
FLR-01647,RIDGE,5,1.0788583,5586,,,1+1+3,,,R1,A,1,02/03/2015
FLR-01648,RIDGE,5,0.3181334,5987,,,5R1,,,R1,J,4,12-05-2016
FLR-01649,RIDGE,3,0.304896,5712,,,3D,,,R1,A,1,24-04-2016
FLR-01650,RIDGE,5,0.823,0,,,1+1+3,,,R1,D,2,27/03/2008
FLR-01651,LAMP,5,1.2589518,2,N-019,3865.314,,2,0,,,,
FLR-01652,RIDGE,5,0.7402584,5979,,,1+1+3,,,R1,J,4,10-04-2015
FLR-01653,LAMP,5,0.828728,1,N-048,35.9564,,2,0,,,,
FLR-01654,RIDGE,9,0.6383083,5560,,,9i,,,R1,F,3,31/03/2015
FLR-01655,RIDGE,5,0.333,0,,,5R1,,,R1,T,10,14/04/2010
FLR-01656,LAMP,12,0.9144333,2,N-036,27006.0766,,17,0,,,,
FLR-01657,RIDGE,5,0.7851834,5586,,,5-SMUDGE,,,R1,A,1,02/03/2015
FLR-01658,RIDGE,5,0.3549083,5586,,,5R1,,,R1,A,1,02-03-2015
FLR-01659,RIDGE,5,1.2017,5563,,,1+1+3,,,R1,F,3,02/02/2010
FLR-01660,RIDGE,5,0.3358,5987,,,5R1,,,R1,J,4,03/05/2008
FLR-01661,RIDGE,5,0.7461,6035,,,1+1+3,,,R1,U,11,11/02/2010
FLR-01662,RIDGE,5,1.1419,5727,,,1+1+3,,,R1,F,3,23/01/2005
FLR-01663,LAMP,5,0.3181334,1,N-044,27712.6584,,2,0,,,,
FLR-01664,LAMP,5,1.084925,1,N-003,16114.8219,,2,0,,,,
FLR-01665,LAMP,5,0.8133,1,N-032,10136.9911,,2,0,,,,
FLR-01666,RIDGE,6,0.375,0,,,6i,,,R1,D,2,26/02/2010
FLR-01667,RIDGE,5,0.340278,0,,,5R1,,,R1,U,11,26/03/2015
FLR-01668,LAMP,6,1.4693917,1,N-012,9531.4073,,16,0,,,,
FLR-01669,RIDGE,5,1.1277,0,,,1+1+3,,,R1,F,3,04/03/2010
FLR-01670,RIDGE,5,0.9569,0,,,5R3,,,R2,P,7,24/04/2008
FLR-01671,RIDGE,5,1.2318505,0,,,1+1+3,,,R1,F,3,31/03/2015
FLR-01672,RIDGE,5,0.9959,0,,,5R3,,,R2,K,5,03/06/2012
FLR-01673,RIDGE,5,0.8045703,0,,,1+1+3,,,R1,U,11,26/03/2015
FLR-01674,RIDGE,5,0.3074564,0,,,5R1,,,R1,J,4,13-05-2016
FLR-01675,RIDGE,10,1.46484,5981,,,10R,,,R1,J,4,13-05-2016
FLR-01676,RIDGE,4,0.4083,5987,,,4R1,,,R1,J,4,06/02/2010
FLR-01677,LAMP,5,1.3602667,1,N-038,3785.7136,,2,0,,,,
FLR-01678,RIDGE,5,1.3434194,0,,,1+1+3,,,R1,S,9,29-04-2014
FLR-01679,RIDGE,5,0.805409,0,,,1+1+3,,,R1,A,1,02/03/2015
FLR-01680,RIDGE,5,0.787,0,,,1+1+3,,,R1,A,1,20/01/2010
FLR-01681,RIDGE,5,1.122,0,,,1+1+3,,,R1,R,8,19/04/2008
FLR-01682,RIDGE,5,1.389875,5981,,,1+1+3,,,R1,J,4,10-04-2015
FLR-01683,RIDGE,5,0.345,5979,,,5R1,,,R1,J,4,31/01/2009
FLR-01684,RIDGE,5,0.9372,5727,,,1+1+3,,,R1,F,3,23/01/2005
FLR-01685,LAMP,1,0,2,N-013,20611.574,,17,0,,,,
FLR-01686,RIDGE,5,1.1421,0,,,5R3,,,R2,K,5,03/06/2012
FLR-01687,RIDGE,5,1.24725,0,,,1+1+3,,,R1,J,4,24-04-2014
FLR-01688,RIDGE,5,0.6997833,5151,,,1+1+3,,,R1,U,11,19-03-2015
FLR-01689,RIDGE,4,1.069,5720,,,4R2,,,R1,A,1,05/02/2009
FLR-01690,RIDGE,4,0.882,5720,,,4R2,,,R1,A,1,05/02/2009
FLR-01691,RIDGE,7,1.3311,5722,,,7D1,,,R1,F,3,12/02/2010
FLR-01692,RIDGE,4,0.5591,5722,,,4D,,,R1,F,3,09/03/2005
FLR-01693,RIDGE,5,1.3036834,0,,,1+1+3,,,R1,U,11,31-03-2015
FLR-01694,RIDGE,5,0.8223793,0,,,1+1+3,,,R1,A,1,02/03/2015
FLR-01695,RIDGE,5,0.33005,5726,,,5R1,,,R1,S,9,01-04-2015
FLR-01696,RIDGE,3,0.788,0,,,3-SMUDGE,,,R1,A,1,17/03/2010
FLR-01697,RIDGE,5,0.3479,5560,,,5R1,,,R1,F,3,04/03/2010
FLR-01698,RIDGE,5,0.799,0,,,1+1+3,,,R1,T,10,12/03/2010
FLR-01699,RIDGE,5,0.7944679,5151,,,1+1+3,,,R1,U,11,26/03/2015
FLR-01700,RIDGE,5,0.7766,5978,,,1+1+3,,,R1,J,4,03/05/2008
FLR-01701,RIDGE,5,0.2827,0,,,5R1,,,R1,F,3,12/02/2010
FLR-01702,RIDGE,5,1.2722516,0,,,1+1+3,,,R1,A,1,02/03/2015
FLR-01703,RIDGE,5,0.7737184,0,,,1+1+3,,,R1,U,11,19-03-2015
FLR-01704,RIDGE,5,1.067875,5586,,,1+1+3,,,R1,A,1,02/03/2015
FLR-01705,RIDGE,5,1.1134,0,,,5R3,,,R2,K,5,02/06/2012
FLR-01706,LAMP,5,0.982675,3,N-003,17892.3628,,2,0,,,,
FLR-01707,LAMP,5,1.2430583,1,N-002,13918.3486,,2,0,,,,
FLR-01708,LAMP,4,0.4167417,1,N-003,16127.5154,,0,0,,,,
FLR-01709,RIDGE,7,0.321,0,,,7i,,,R1,R,8,19/04/2008
FLR-01710,LAMP,5,0.726176,1,N-048,334.4149,,2,0,,,,
FLR-01711,RIDGE,7,1.2267,5722,,,7D1,,,R1,F,3,12/02/2010
FLR-01712,LAMP,7,1.2002264,4,N-005,3281.3193,,7,0,,,,
FLR-01713,RIDGE,7,0.432,5727,,,7i,,,R1,F,3,04/03/2010
FLR-01714,LAMP,5,1.2503205,2,N-003,16830.7533,,2,0,,,,
FLR-01715,RIDGE,5,0.33,0,,,5R1,,,R1,V,12,03/02/2010
FLR-01716,RIDGE,5,1.0295,0,,,1+1+3,,,R1,J,4,06/02/2010
FLR-01717,RIDGE,5,0.521,5151,,,5R2,,,R1,U,11,16/02/2009
FLR-01718,RIDGE,5,1.2864954,0,,,1+1+3,,,R1,A,1,02/03/2015
FLR-01719,LAMP,5,1.01,1,N-003,16741.6921,,2,0,,,,
FLR-01720,LAMP,8,1.5554333,2,N-005,413.2443,,9,1,,,,
FLR-01721,RIDGE,7,0.343,0,,,7i,,,R1,A,1,25/03/2008
FLR-01722,RIDGE,5,0.324,0,,,5R1,,,R1,T,10,16/04/2010
FLR-01723,RIDGE,7,1.3075,5722,,,7D1,,,R1,F,3,12/02/2010
FLR-01724,LAMP,10,0.4263812,1,N-034,10026.9265,,14,0,,,,
FLR-01725,RIDGE,5,1.3964785,0,,,1+1+3,,,R1,A,1,02-03-2015
FLR-01726,RIDGE,5,1.0111,6035,,,1+1+3,,,R1,U,11,18/02/2009
FLR-01727,RIDGE,5,0.7404793,0,,,1+1+3,,,R1,J,4,10-04-2015
FLR-01728,LAMP,6,1.3078167,1,N-004,25056.3934,,16,1,,,,
FLR-01729,LAMP,5,0.3196417,1,N-027,13170.4392,,4,0,,,,
FLR-01730,RIDGE,5,0.3320417,0,,,5R1,,,R1,S,9,01-04-2015
FLR-01731,RIDGE,5,1.2574,5727,,,1+1+3,,,R1,F,3,12/02/2010
FLR-01732,RIDGE,4,0.386,0,,,1+32,,,R1,N,6,23/03/2009
FLR-01733,RIDGE,5,0.3226917,6052,,,5R1,,,R1,S,9,29-04-2014
FLR-01734,RIDGE,4,0.4785,5561,,,4D,,,R1,F,3,03/03/2010
FLR-01735,LAMP,5,1.2604601,2,N-005,921.5391,,2,0,,,,
FLR-01736,RIDGE,5,0.8500333,5151,,,1+1+3,,,R1,U,11,26/03/2015
FLR-01737,RIDGE,5,0.3266,6058,,,5R1,,,R1,U,11,24/01/2010
FLR-01738,LAMP,15,1.2944167,2,N-019,3273.0228,,17,0,,,,
FLR-01739,RIDGE,5,1.1454714,0,,,1+1+3,,,R1,U,11,26/03/2015
FLR-01740,LAMP,5,0.4696667,2,N-023,32225.8632,,4,0,,,,
FLR-01741,RIDGE,5,0.888,0,,,1+1+3,,,R1,A,1,20/01/2010
FLR-01742,RIDGE,5,0.768,0,,,5-SMUDGE,,,R2,P,7,05/03/2011
FLR-01743,RIDGE,5,1.05,0,,,5R3,,,R2,K,5,03/06/2012
FLR-01744,LAMP,5,0.3358634,3,N-023,32252.7596,,4,0,,,,
FLR-01745,RIDGE,4,0.2413,0,,,4R1,,,R1,F,3,12/02/2010
FLR-01746,RIDGE,5,1.3499,5586,,,1+1+3,,,R1,A,1,02-03-2015
FLR-01747,RIDGE,5,0.329,0,,,5R1,,,R1,V,12,26/01/2010
FLR-01748,RIDGE,5,0.317497,0,,,5R1,,,R1,S,9,01-04-2015
FLR-01749,RIDGE,5,0.8442,0,,,1+1+3,,,R1,J,4,06/02/2010
FLR-01750,LAMP,5,0.3173834,2,N-019,4447.2479,,2,0,,,,
FLR-01751,RIDGE,5,0.8003,6035,,,1+1+3,,,R1,U,11,11/02/2010
FLR-01752,RIDGE,9,1.323,0,,,9R,,,R1,V,12,03/02/2010
FLR-01753,RIDGE,5,0.517,0,,,5R2,,,R1,R,8,19/04/2008
FLR-01754,LAMP,5,1.1355416,3,N-011,1200.8606,,2,0,,,,
FLR-01755,LAMP,5,0.8633918,1,N-001,7182.5412,,2,0,,,,
FLR-01756,LAMP,5,1.429825,1,N-041,2056.6678,,2,0,,,,
FLR-01757,RIDGE,7,0.2032,5703,,,7i,,,R1,F,3,23/01/2005
FLR-01758,RIDGE,5,0.6507333,0,,,2+3,,,R1,U,11,26/03/2015
FLR-01759,RIDGE,9,1.3654,5563,,,9R,,,R1,F,3,02/02/2010
FLR-01760,RIDGE,6,1.202,0,,,6-SMUDGE,,,R1,D,2,27/03/2008
FLR-01761,RIDGE,5,1.1784333,5151,,,1+1+3,,,R1,U,11,26/03/2015
FLR-01762,RIDGE,6,0.394275,0,,,6i,,,R1,A,1,02/03/2015
FLR-01763,LAMP,4,0.7375622,2,N-002,14784.8851,,0,0,,,,
FLR-01764,RIDGE,5,0.311608,0,,,5R1,,,R1,J,4,10-04-2015
FLR-01765,RIDGE,5,0.8361,5978,,,1+1+3,,,R1,J,4,15/02/2007
FLR-01766,RIDGE,5,0.3224417,0,,,5R1,,,R1,S,9,01-04-2015
FLR-01767,RIDGE,5,0.3345,5987,,,5R1,,,R1,J,4,24-04-2014
FLR-01768,RIDGE,4,0.839,0,,,4R2,,,R1,A,1,25/02/2010
FLR-01769,RIDGE,5,1.2774,5151,,,1+1+3,,,R1,U,11,26/03/2015
FLR-01770,LAMP,5,0.8591189,2,N-013,20632.8718,,2,0,,,,
FLR-01771,RIDGE,7,1.2267,0,,,7R,,,R2,K,5,02/06/2012
FLR-01772,RIDGE,5,0.3631,5987,,,5R1,,,R1,J,4,03/05/2008
FLR-01773,RIDGE,5,0.335,0,,,5R1,,,R1,T,10,11/03/2010
FLR-01774,LAMP,5,0.7711057,2,N-003,15483.6846,,2,0,,,,
FLR-01775,LAMP,5,1.1856,1,N-014,669.1474,,2,0,,,,
FLR-01776,RIDGE,6,1.040589,5586,,,6-SMUDGE,,,R1,A,1,02-03-2015
FLR-01777,RIDGE,5,1.011,0,,,1+1+3,,,R1,V,12,03/02/2010
FLR-01778,RIDGE,5,0.2979794,0,,,5R1,,,R1,A,1,16-04-2014
FLR-01779,LAMP,5,0.3029917,2,N-028,28108.6985,,4,0,,,,
FLR-01780,LAMP,5,0.8381397,2,N-013,20625.4096,,2,0,,,,
FLR-01781,RIDGE,5,0.8151432,0,,,1+1+3,,,R1,A,1,02/03/2015
FLR-01782,RIDGE,5,1.3271334,9999,,,5R3,,,R2,ZZZ,13,12-04-2016
FLR-01783,LAMP,5,0.6686917,1,N-028,27435.5321,,15,0,,,,
FLR-01784,RIDGE,5,0.631,0,,,2+3,,,R1,A,1,28/02/2010
FLR-01785,LAMP,5,1.4684667,4,N-006,8773.3096,,2,0,,,,
FLR-01786,RIDGE,5,0.352,0,,,5R1,,,R1,V,12,03/02/2010
FLR-01787,LAMP,8,0.3454833,1,N-033,19052.0166,,13,0,,,,
FLR-01788,LAMP,5,0.3274329,2,N-025,15154.1788,,4,0,,,,
FLR-01789,LAMP,5,1.1865684,3,N-028,27416.072,,2,0,,,,
FLR-01790,RIDGE,5,0.7717,5561,,,1+1+3,,,R1,F,3,02/02/2005
FLR-01791,RIDGE,5,1.3939028,0,,,1+1+3,,,R1,U,11,31-03-2015
FLR-01792,RIDGE,5,1.0157916,0,,,1+1+3,,,R1,U,11,31-03-2015
FLR-01793,LAMP,5,0.5457752,3,N-022,27668.5068,,4,0,,,,
FLR-01794,RIDGE,5,0.3304,0,,,5R1,,,R1,F,3,23/01/2005
FLR-01795,LAMP,5,1.6885917,2,N-011,1087.7498,,2,0,,,,
FLR-01796,LAMP,5,0.8390417,1,N-002,14787.9498,,2,0,,,,
FLR-01797,RIDGE,5,1.141576,0,,,1+1+3,,,R1,U,11,26/03/2015
FLR-01798,RIDGE,5,1.4518,5981,,,1+1+3,,,R1,J,4,03/05/2008
FLR-01799,LAMP,5,1.28485,2,N-041,2935.0205,,2,0,,,,
FLR-01800,RIDGE,6,0.934675,5720,,,6-SMUDGE,,,R1,A,1,16-04-2014
FLR-01801,RIDGE,5,0.736,0,,,1+1+3,,,R1,N,6,02/04/2010
FLR-01802,RIDGE,5,0.4583843,0,,,5R2,,,R1,F,3,31/03/2015
FLR-01803,LAMP,5,0.8480559,3,N-005,708.3991,,2,0,,,,
FLR-01804,LAMP,5,0.7812167,1,N-003,15495.842,,2,0,,,,
FLR-01805,LAMP,5,1.1361171,3,N-022,27692.8354,,2,0,,,,
FLR-01806,RIDGE,5,1.0156916,5560,,,1+1+3,,,R1,F,3,31/03/2015
FLR-01807,RIDGE,5,1.2597417,0,,,1+1+3,,,R1,U,11,26/03/2015
FLR-01808,RIDGE,5,0.3282,5560,,,5R1,,,R1,F,3,17/02/2005
FLR-01809,RIDGE,5,1.4453,0,,,5R3,,,R2,P,7,05/03/2011
FLR-01810,RIDGE,5,0.333,0,,,5R1,,,R1,N,6,02/04/2010
FLR-01811,RIDGE,5,1.0542667,5586,,,1+1+3,,,R1,A,1,02/03/2015
FLR-01812,LAMP,5,0.8038083,1,N-030,10200.2567,,2,0,,,,
FLR-01813,LAMP,5,0.5201416,1,N-011,2812.5127,,4,0,,,,
FLR-01814,RIDGE,5,1.4106,0,,,5R3,,,R2,P,7,25/04/2008
FLR-01815,RIDGE,5,1.3365,5727,,,1+1+3,,,R1,F,3,12/02/2010
FLR-01816,RIDGE,5,0.6985833,0,,,1+1+3,,,R1,U,11,26/03/2015
FLR-01817,RIDGE,4,0.214,0,,,4R1,,,R1,F,3,04/03/2010
FLR-01818,RIDGE,5,1.397475,0,,,1+1+3,,,R1,U,11,19-03-2015
FLR-01819,LAMP,5,0.8904765,2,N-004,24995.0803,,2,0,,,,
FLR-01820,LAMP,5,1.1289154,1,N-036,26986.7417,,2,0,,,,
FLR-01821,RIDGE,5,0.7520881,0,,,1+1+3,,,R1,A,1,02/03/2015
FLR-01822,RIDGE,7,0.2828367,0,,,7i,,,R1,J,4,12/05/2016
FLR-01823,RIDGE,6,1.0240417,5151,,,6-SMUDGE,,,R1,U,11,26/03/2015
FLR-01824,LAMP,8,0.356175,1,N-013,22541.6133,,13,0,,,,
FLR-01825,RIDGE,5,0.817,0,,,1+1+3,,,R1,V,12,03/02/2010
FLR-01826,LAMP,7,1.5765083,2,N-020,13216.9766,,7,0,,,,
FLR-01827,RIDGE,5,0.9453416,5151,,,1+1+3,,,R1,U,11,31-03-2015
FLR-01828,RIDGE,5,0.5235,5151,,,5R2,,,R1,U,11,01/02/2010
FLR-01829,LAMP,5,0.7515738,2,N-003,15950.2212,,2,0,,,,
FLR-01830,LAMP,5,0.8451298,2,N-004,24987.888,,2,0,,,,
FLR-01831,LAMP,5,0.8233084,1,N-003,18038.3308,,2,0,,,,
FLR-01832,LAMP,5,1.0930672,3,N-011,1171.1727,,2,0,,,,
FLR-01833,LAMP,5,1.1547333,1,N-003,16778.841,,2,0,,,,
FLR-01834,LAMP,6,0.3664166,1,N-033,19075.2042,,16,0,,,,
FLR-01835,RIDGE,6,0.3793583,5586,,,6i,,,R1,A,1,02-03-2015
FLR-01836,RIDGE,5,0.822,0,,,1+1+3,,,R1,V,12,03/02/2010
FLR-01837,RIDGE,5,1.13155,5151,,,1+1+3,,,R1,U,11,26/03/2015
FLR-01838,LAMP,5,0.9625322,3,N-046,8919.2608,,2,0,,,,
FLR-01839,RIDGE,5,1.3016667,0,,,1+1+3,,,R1,J,4,24-04-2014
FLR-01840,RIDGE,9,0.40325,5151,,,9i,,,R1,U,11,31-03-2015
FLR-01841,LAMP,6,0.8588481,3,N-002,14539.1742,,16,1,,,,
FLR-01842,LAMP,5,1.285558,1,N-011,71.2486,,2,0,,,,
FLR-01843,RIDGE,6,1.1905858,0,,,6-SMUDGE,,,R1,A,1,02-03-2015
FLR-01844,RIDGE,5,0.337,0,,,5R1,,,R1,R,8,10/04/2008
FLR-01845,RIDGE,5,1.0838883,0,,,1+1+3,,,R1,A,1,02/03/2015
FLR-01846,RIDGE,5,0.29,0,,,5-SMUDGE,,,R1,D,2,26/02/2010
FLR-01847,LAMP,5,0.9572636,2,N-003,18063.1584,,2,0,,,,
FLR-01848,RIDGE,9,1.5759,0,,,9R,,,R2,P,7,05/03/2011
FLR-01849,RIDGE,5,1.19,0,,,1+1+3,,,R1,R,8,19/04/2008
FLR-01850,RIDGE,5,1.2225584,5759,,,1+1+3,,,R1,S,9,29-04-2014
FLR-01851,RIDGE,5,1.0484083,5586,,,1+1+3,,,R1,A,1,02-03-2015
FLR-01852,RIDGE,5,0.1822,5703,,,5-SMUDGE,,,R1,F,3,18/02/2005
FLR-01853,RIDGE,5,1.2399987,0,,,1+1+3,,,R1,F,3,31/03/2015
FLR-01854,LAMP,5,1.33905,1,N-042,1191.559,,2,0,,,,
FLR-01855,LAMP,5,0.8045726,3,N-003,17279.9036,,2,0,,,,
FLR-01856,RIDGE,5,1.1532902,0,,,1+1+3,,,R1,U,11,31-03-2015
FLR-01857,LAMP,5,0.3166036,2,N-031,185.64,,4,0,,,,
FLR-01858,LAMP,4,0.4589666,2,N-003,17773.4178,,0,0,,,,
FLR-01859,RIDGE,5,1.0957,0,,,1+1+3,,,R1,F,3,03/03/2010
FLR-01860,LAMP,5,1.010392,2,N-003,15505.5123,,2,0,,,,
FLR-01861,LAMP,6,1.2482609,4,N-020,10967.9341,,16,1,,,,
FLR-01862,RIDGE,7,1.029,0,,,7D1,,,R1,V,12,03/02/2010
FLR-01863,RIDGE,5,0.357,0,,,5R1,,,R1,R,8,10/04/2008
FLR-01864,RIDGE,5,0.6697,0,,,2+3,,,R1,F,3,23/01/2005
FLR-01865,RIDGE,5,0.4777167,0,,,5R2,,,R1,A,1,02/03/2015
FLR-01866,RIDGE,4,0.9918333,5133,,,4R2,,,R1,N,6,19/03/2015
FLR-01867,RIDGE,5,0.5071253,0,,,5R2,,,R1,U,11,31-03-2015
FLR-01868,RIDGE,5,1.1730752,0,,,1+1+3,,,R1,F,3,31/03/2015
FLR-01869,RIDGE,5,0.315,0,,,5R1,,,R1,T,10,15/04/2010
FLR-01870,RIDGE,5,1.015632,0,,,1+1+3,,,R1,J,4,12/05/2016
FLR-01871,RIDGE,5,1.2267495,0,,,1+1+3,,,R1,U,11,19-03-2015
FLR-01872,LAMP,5,1.4076624,5,N-015,12421.804,,2,0,,,,
FLR-01873,RIDGE,5,0.7750512,0,,,1+1+3,,,R1,A,1,02/03/2015
FLR-01874,LAMP,5,1.2474629,3,N-020,10955.1038,,2,0,,,,
FLR-01875,LAMP,5,1.3829739,4,N-006,8732.2897,,2,0,,,,
FLR-01876,RIDGE,10,0.395,0,,,10i,,,R1,N,6,23/03/2009
FLR-01877,LAMP,5,0.3339333,2,N-029,580.4219,,4,0,,,,
FLR-01878,RIDGE,4,0.386,0,,,1+32,,,R1,N,6,21/03/2010
FLR-01879,RIDGE,5,0.5115,5727,,,5R2,,,R1,F,3,12/02/2010
FLR-01880,RIDGE,5,0.321,5589,,,5R1,,,R1,V,12,26/01/2010
FLR-01881,LAMP,5,0.663,1,N-010,21233.7835,,2,0,,,,
FLR-01882,RIDGE,5,0.9642,5978,,,1+1+3,,,R1,J,4,31/01/2009
FLR-01883,RIDGE,5,0.825,0,,,1+1+3,,,R1,D,2,20/03/2008
FLR-01884,LAMP,20,1.2111982,2,N-011,1979.2131,,17,0,,,,
FLR-01885,RIDGE,5,0.361,0,,,5R1,,,R1,R,8,10/04/2008
FLR-01886,RIDGE,5,0.349,0,,,5R1,,,R1,T,10,10/03/2010
FLR-01887,RIDGE,5,0.7510627,0,,,1+1+3,,,R1,A,1,02/03/2015
FLR-01888,RIDGE,5,1.1602725,0,,,1+1+3,,,R1,U,11,26/03/2015
FLR-01889,RIDGE,9,0.6163,5727,,,9i,,,R1,F,3,04/03/2010
FLR-01890,RIDGE,5,0.392,0,,,5R1,,,R1,V,12,26/01/2010
FLR-01891,RIDGE,4,0.5514,5978,,,4D,,,R1,J,4,31/01/2009
FLR-01892,RIDGE,5,1.1509417,9999,,,5R3,,,R2,ZZZ,13,12-04-2016
FLR-01893,RIDGE,10,2.1590861,0,,,10-SMUDGE,,,R1,A,1,02/03/2015
FLR-01894,LAMP,5,0.783992,2,N-048,413.8995,,2,0,,,,
FLR-01895,RIDGE,4,0.7779417,5720,,,4R2,,,R1,A,1,16-04-2014
FLR-01896,RIDGE,7,1.1452,0,,,7D1,,,R1,F,3,04/03/2010
FLR-01897,LAMP,6,0.4075167,1,N-001,602.2991,,16,1,,,,
FLR-01898,LAMP,5,0.3124833,1,N-025,15198.2063,,4,0,,,,
FLR-01899,RIDGE,9,1.318,0,,,9R,,,R1,V,12,03/02/2010
FLR-01900,RIDGE,5,0.9557787,0,,,1+1+3,,,R1,A,1,02/03/2015
FLR-01901,RIDGE,5,0.333,0,,,5R1,,,R1,T,10,26/01/2010
FLR-01902,RIDGE,5,0.9063,0,,,1+1+3,,,R1,F,3,04/03/2010
FLR-01903,LAMP,7,1.1172917,1,N-003,15689.8289,,7,1,,,,
FLR-01904,RIDGE,5,0.53,0,,,5-SMUDGE,,,R1,A,1,28/02/2010
FLR-01905,LAMP,3,0.298584,1,N-040,67.0387,,5,0,,,,
FLR-01906,RIDGE,5,1.101,5727,,,1+1+3,,,R1,F,3,04/03/2010
FLR-01907,RIDGE,4,0.329,0,,,4R1,,,R1,T,10,10/03/2010
FLR-01908,RIDGE,5,0.4892767,0,,,5R2,,,R1,F,3,31/03/2015
FLR-01909,LAMP,5,1.314225,1,N-011,58.5288,,2,0,,,,
FLR-01910,RIDGE,5,1.179175,5586,,,1+1+3,,,R1,A,1,02/03/2015
FLR-01911,RIDGE,5,0.654,0,,,2+3,,,R1,V,12,26/01/2010
FLR-01912,RIDGE,5,0.327,5126,,,5R1,,,R1,V,12,26/01/2010
FLR-01913,RIDGE,5,1.2365334,5151,,,1+1+3,,,R1,U,11,26/03/2015
FLR-01914,RIDGE,5,1.014712,0,,,1+1+3,,,R1,J,4,12/05/2016
FLR-01915,RIDGE,5,0.341,0,,,5R1,,,R1,N,6,02/04/2010
FLR-01916,LAMP,5,0.7494882,3,N-028,27419.9484,,2,0,,,,
FLR-01917,RIDGE,5,1.0332,0,,,5R3,,,R2,K,5,03/06/2012
FLR-01918,RIDGE,5,1.1712,0,,,5R3,,,R2,K,5,03/06/2012
FLR-01919,RIDGE,5,0.7007,5727,,,1+1+3,,,R1,F,3,23/03/2008
FLR-01920,RIDGE,7,0.29,0,,,7i,,,R1,T,10,11/03/2010
FLR-01921,RIDGE,5,1.2782333,0,,,1+1+3,,,R1,F,3,31/03/2015
FLR-01922,RIDGE,5,0.3287583,0,,,5R1,,,R1,S,9,01-04-2015
FLR-01923,RIDGE,7,1.1871,0,,,7D1,,,R2,K,5,02/06/2012
FLR-01924,RIDGE,5,0.869,0,,,1+1+3,,,R1,D,2,27/03/2008
FLR-01925,LAMP,15,0.6977369,1,N-024,7469.4224,,17,0,,,,
FLR-01926,RIDGE,5,0.348,0,,,5R1,,,R1,N,6,02/04/2010
FLR-01927,RIDGE,5,0.5243,5727,,,5R2,,,R1,F,3,04/03/2010
FLR-01928,RIDGE,5,1.4571083,0,,,1+1+3,,,R1,U,11,19-03-2015
FLR-01929,LAMP,5,1.29595,1,N-035,30852.0521,,2,0,,,,
FLR-01930,RIDGE,4,0.8482559,0,,,4R2,,,R1,A,1,16-04-2014
FLR-01931,RIDGE,4,1.4019333,9999,,,4R2,,,R2,ZZZ,13,12-04-2016
FLR-01932,RIDGE,4,1.1290581,0,,,4R2,,,R1,A,1,02/03/2015
FLR-01933,LAMP,5,0.6272167,4,N-041,3633.4568,,15,0,,,,
FLR-01934,RIDGE,5,1.1786861,5560,,,1+1+3,,,R1,F,3,31/03/2015
FLR-01935,LAMP,5,1.3827167,3,N-015,12499.6995,,2,0,,,,
FLR-01936,LAMP,5,1.4401,1,N-041,2001.77,,2,0,,,,
FLR-01937,RIDGE,5,1.0561,0,,,1+1+3,,,R1,F,3,04/03/2010
FLR-01938,RIDGE,5,0.7842167,6070,,,1+1+3,,,R1,F,3,19/03/2015
FLR-01939,RIDGE,6,0.3727,5562,,,6i,,,R1,U,11,24/02/2008
FLR-01940,RIDGE,5,1.048,0,,,1+1+3,,,R1,V,12,03/02/2010
FLR-01941,RIDGE,7,1.1416,5722,,,7D1,,,R1,F,3,12/02/2010
FLR-01942,RIDGE,5,0.338,5562,,,5R1,,,R1,U,11,13/02/2008
FLR-01943,RIDGE,5,1.1306,0,,,1+1+3,,,R1,F,3,04/03/2010
FLR-01944,RIDGE,4,0.5145,5722,,,4D,,,R1,F,3,23/03/2008
FLR-01945,RIDGE,6,0.7170608,0,,,6-SMUDGE,,,R1,A,1,02-03-2015
FLR-01946,RIDGE,5,0.78215,5719,,,1+1+3,,,R1,A,1,16-04-2014
FLR-01947,LAMP,4,1.1274417,1,N-035,30903.8823,,0,0,,,,
FLR-01948,LAMP,5,1.1844871,2,N-013,21844.1208,,2,0,,,,
FLR-01949,RIDGE,5,0.3411,5560,,,5R1,,,R1,F,3,23/01/2005
FLR-01950,LAMP,5,0.3283661,1,N-026,5894.2634,,4,0,,,,
FLR-01951,LAMP,5,0.3234095,2,N-027,13158.73,,2,0,,,,
FLR-01952,RIDGE,4,1.2123,0,,,4R2,,,R2,K,5,03/06/2012
FLR-01953,RIDGE,7,1.208,5722,,,7D1,,,R1,F,3,12/02/2010
FLR-01954,RIDGE,5,0.322,0,,,5R1,,,R1,V,12,03/02/2010
FLR-01955,LAMP,5,0.9427584,2,N-003,17849.3173,,2,0,,,,
FLR-01956,RIDGE,5,1.0217,0,,,5R3,,,R2,K,5,03/06/2012
FLR-01957,RIDGE,5,0.307,0,,,5R1,,,R1,D,2,04/04/2008
FLR-01958,RIDGE,7,0.2923,5560,,,7i,,,R1,F,3,17/02/2005
FLR-01959,RIDGE,5,1.347,0,,,5R3,,,R2,P,7,25/04/2008
FLR-01960,RIDGE,5,1.318725,0,,,1+1+3,,,R1,U,11,26/03/2015
FLR-01961,RIDGE,4,1.1339197,0,,,4R2,,,R1,A,1,02/03/2015
FLR-01962,RIDGE,5,0.3290583,0,,,5R1,,,R1,S,9,07-04-2015
FLR-01963,LAMP,5,0.4865666,2,N-022,28429.1653,,4,0,,,,
FLR-01964,RIDGE,5,1.0212042,0,,,1+1+3,,,R1,A,1,02/03/2015
FLR-01965,LAMP,5,1.1803163,2,N-003,16757.6731,,2,0,,,,
FLR-01966,LAMP,5,0.3271334,1,N-027,13153.9804,,4,0,,,,
FLR-01967,LAMP,5,0.3181402,1,N-017,29933.4002,,4,0,,,,
FLR-01968,RIDGE,4,0.4821,5722,,,4D,,,R1,F,3,11/02/2010
FLR-01969,RIDGE,5,0.8312316,0,,,1+1+3,,,R1,F,3,19/03/2015
FLR-01970,RIDGE,4,0.4969,5722,,,4D,,,R1,F,3,11/02/2010
FLR-01971,RIDGE,5,1.2706333,0,,,1+1+3,,,R1,S,9,29-04-2014
FLR-01972,RIDGE,7,0.1945,5703,,,7i,,,R1,F,3,23/01/2005
FLR-01973,LAMP,5,0.308044,2,N-025,15148.3373,,4,0,,,,
FLR-01974,RIDGE,6,1.0057167,5586,,,6-SMUDGE,,,R1,A,1,02/03/2015
FLR-01975,RIDGE,5,1.3258583,0,,,1+1+3,,,R1,F,3,31/03/2015
FLR-01976,RIDGE,5,1.2297417,0,,,1+1+3,,,R1,S,9,29-04-2014
FLR-01977,RIDGE,4,0.396,0,,,1+32,,,R1,N,6,21/03/2010
FLR-01978,LAMP,5,1.0208584,1,N-003,16746.0403,,2,0,,,,
FLR-01979,RIDGE,4,0.5091,5722,,,4D,,,R1,F,3,27/02/2005
FLR-01980,RIDGE,6,0.395,0,,,6i,,,R1,V,12,26/01/2010
FLR-01981,RIDGE,5,1.0572583,5586,,,1+1+3,,,R1,A,1,02/03/2015
FLR-01982,RIDGE,5,0.8828128,0,,,1+1+3,,,R1,U,11,26/03/2015
FLR-01983,RIDGE,7,1.4383683,0,,,7D2,,,R1,A,1,02/03/2015
FLR-01984,LAMP,5,1.1855,1,N-019,3351.3751,,2,0,,,,
FLR-01985,LAMP,5,1.2266416,1,N-011,2194.4303,,2,0,,,,
FLR-01986,LAMP,5,0.8197104,2,N-003,15651.8727,,2,0,,,,
FLR-01987,LAMP,5,0.8399434,2,N-036,27048.6135,,4,1,,,,
FLR-01988,RIDGE,5,0.356,0,,,5R1,,,R1,N,6,02/04/2010
FLR-01989,RIDGE,5,1.2771,0,,,1+1+3,,,R1,J,4,06/02/2010
FLR-01990,RIDGE,5,0.937,0,,,1+1+3,,,R1,V,12,03/02/2010
FLR-01991,LAMP,5,1.3916417,1,N-015,13129.088,,2,0,,,,
FLR-01992,RIDGE,5,0.3029917,0,,,5R1,,,R1,S,9,01-04-2015
FLR-01993,RIDGE,7,0.5498084,5560,,,7i,,,R1,F,3,31/03/2015
FLR-01994,LAMP,5,1.1380165,3,N-003,16986.7137,,2,0,,,,
FLR-01995,LAMP,8,0.3462333,1,N-021,19909.7291,,13,0,,,,
FLR-01996,RIDGE,5,1.275275,0,,,1+1+3,,,R1,J,4,24-04-2014
FLR-01997,RIDGE,8,0.6136,5727,,,8i,,,R1,F,3,04/03/2010
FLR-01998,LAMP,5,1.3330184,6,N-041,3660.7275,,2,0,,,,
FLR-01999,RIDGE,8,0.315,0,,,8i,,,R1,T,10,15/04/2010
FLR-02000,RIDGE,5,1.5481166,5987,,,1+1+3,,,R1,J,4,12-05-2016
FLR-02001,RIDGE,4,0.78475,5720,,,4R2,,,R1,A,1,16-04-2014
FLR-02002,RIDGE,5,0.7877,0,,,1+1+3,,,R1,F,3,04/03/2010
FLR-02003,RIDGE,5,1.23,0,,,1+1+3,,,R1,R,8,19/04/2008
FLR-02004,RIDGE,5,0.9549659,0,,,1+1+3,,,R1,S,9,01-04-2015
FLR-02005,RIDGE,5,0.7529816,0,,,1+1+3,,,R1,A,1,02/03/2015
FLR-02006,RIDGE,5,0.8748,0,,,1+1+3,,,R1,J,4,06/02/2010
FLR-02007,RIDGE,5,1.37845,0,,,1+1+3,,,R1,S,9,29-04-2014
FLR-02008,LAMP,5,0.3348083,1,N-003,22180.5536,,2,0,,,,
FLR-02009,RIDGE,5,1.1817146,0,,,1+1+3,,,R1,J,4,12/05/2016
FLR-02010,RIDGE,6,0.313,0,,,6i,,,R1,A,1,25/02/2010
FLR-02011,RIDGE,5,1.0892424,5586,,,1+1+3,,,R1,A,1,02/03/2015
FLR-02012,LAMP,4,0.8021451,3,N-003,15664.7757,,0,0,,,,
FLR-02013,RIDGE,5,0.6569,5561,,,5-SMUDGE,,,R1,F,3,23/01/2005
FLR-02014,RIDGE,4,0.5236,5722,,,4D,,,R1,F,3,02/02/2010
FLR-02015,LAMP,5,1.0861666,2,N-028,27418.3861,,2,0,,,,
FLR-02016,RIDGE,5,0.336,0,,,5R1,,,R1,T,10,12/03/2010
FLR-02017,RIDGE,10,1.4152,0,,,10R,,,R2,K,5,02/06/2012
FLR-02018,RIDGE,5,1.125,0,,,1+1+3,,,R1,R,8,19/04/2008
FLR-02019,RIDGE,6,0.3365285,0,,,6i,,,R2,ZZZ,13,12-04-2016
FLR-02020,LAMP,5,0.3074564,3,N-048,420.2977,,4,0,,,,
FLR-02021,LAMP,5,0.6507333,2,N-011,2139.2722,,15,0,,,,
FLR-02022,RIDGE,4,0.727,0,,,1+31,,,R1,V,12,03/02/2010
FLR-02023,LAMP,20,0.9620221,2,N-011,1951.7857,,17,0,,,,
FLR-02024,LAMP,5,0.7383112,2,N-003,15928.796,,2,0,,,,
FLR-02025,LAMP,5,0.5111917,2,N-017,29913.5836,,4,0,,,,
FLR-02026,RIDGE,5,0.7475,5561,,,1+1+3,,,R1,F,3,04/03/2010
FLR-02027,RIDGE,5,0.9748676,0,,,1+1+3,,,R1,A,1,02/03/2015
FLR-02028,LAMP,5,0.313525,1,N-033,19061.963,,2,0,,,,
FLR-02029,RIDGE,5,0.5168987,0,,,5R2,,,R1,A,1,02/03/2015
FLR-02030,LAMP,5,1.000957,2,N-048,24.0949,,2,0,,,,
FLR-02031,RIDGE,5,1.3064212,0,,,1+1+3,,,R1,A,1,02/03/2015
FLR-02032,LAMP,5,1.557875,1,N-044,23837.3716,,2,0,,,,
FLR-02033,RIDGE,5,1.1422,5130,,,1+1+3,,,R1,F,3,02/02/2005
FLR-02034,RIDGE,3,0.2908199,0,,,3D,,,R1,A,1,02-03-2015
FLR-02035,LAMP,9,0.4296083,2,N-023,32182.8062,,11,0,,,,
FLR-02036,RIDGE,4,0.5067,5722,,,4D,,,R1,F,3,12/02/2010
FLR-02037,RIDGE,8,1.350072,0,,,8D,,,R1,U,11,19-03-2015
FLR-02038,RIDGE,4,0.5352,5722,,,4D,,,R1,F,3,23/01/2010
FLR-02039,LAMP,5,0.32595,1,N-042,2606.3744,,2,0,,,,
FLR-02040,LAMP,9,1.6341833,1,N-004,25081.7048,,6,0,,,,
FLR-02041,RIDGE,5,0.791,0,,,1+1+3,,,R1,A,1,20/01/2010
FLR-02042,RIDGE,5,1.1272,0,,,5R3,,,R2,K,5,03/06/2012
FLR-02043,LAMP,6,1.1895,1,N-004,24991.1605,,16,1,,,,
FLR-02044,RIDGE,5,1.029,0,,,1+1+3,,,R1,F,3,23/01/2005
FLR-02045,LAMP,5,1.3076887,2,N-001,7228.6652,,2,0,,,,
FLR-02046,RIDGE,7,1.1312416,0,,,7D1,,,R1,U,11,31-03-2015
FLR-02047,LAMP,12,1.4107917,2,N-001,3933.405,,17,0,,,,
FLR-02048,LAMP,5,1.4154667,1,N-038,3548.0571,,2,0,,,,
FLR-02049,RIDGE,7,1.2153,0,,,7D1,,,R2,P,7,25/04/2008
FLR-02050,RIDGE,5,0.6738,6035,,,5-SMUDGE,,,R1,U,11,11/02/2010
FLR-02051,RIDGE,5,0.334,0,,,5R1,,,R1,V,12,03/02/2010
FLR-02052,RIDGE,10,1.4508333,9999,,,10R,,,R2,ZZZ,13,12-04-2016
FLR-02053,RIDGE,3,0.3606061,0,,,3D,,,R1,A,1,02-03-2015
FLR-02054,RIDGE,5,1.1656583,5586,,,1+1+3,,,R1,A,1,02/03/2015
FLR-02055,LAMP,4,1.1890122,2,N-002,13907.6475,,0,0,,,,
FLR-02056,RIDGE,5,1.1728,0,,,5R3,,,R2,P,7,25/04/2008
FLR-02057,LAMP,4,1.152117,3,N-002,14583.4949,,0,0,,,,
FLR-02058,RIDGE,5,0.869675,5151,,,1+1+3,,,R1,U,11,19-03-2015
FLR-02059,RIDGE,5,0.52,0,,,5R2,,,R1,N,6,02/04/2010
FLR-02060,RIDGE,5,0.5665585,0,,,5-SMUDGE,,,R1,U,11,19-03-2015
FLR-02061,RIDGE,5,1.2771114,0,,,1+1+3,,,R1,A,1,02/03/2015
FLR-02062,RIDGE,5,1.22,0,,,1+1+3,,,R1,V,12,26/01/2010
FLR-02063,RIDGE,6,0.1159,5703,,,6i,,,R1,F,3,18/02/2005
FLR-02064,RIDGE,5,1.2587865,0,,,1+1+3,,,R1,F,3,31/03/2015
FLR-02065,RIDGE,5,0.326,0,,,5R1,,,R1,T,10,06/03/2010
FLR-02066,RIDGE,5,0.901,0,,,1+1+3,,,R1,N,6,02/04/2010
FLR-02067,LAMP,5,0.3516043,3,N-040,100.537,,2,0,,,,
FLR-02068,RIDGE,5,0.7237724,0,,,1+1+3,,,R1,J,4,12-05-2016
FLR-02069,RIDGE,5,1.1149333,9999,,,5R3,,,R2,ZZZ,13,12-04-2016
FLR-02070,RIDGE,4,0.5328,5722,,,4D,,,R1,F,3,11/02/2005
FLR-02071,LAMP,7,0.7579,2,N-003,16856.4197,,7,0,,,,
FLR-02072,LAMP,5,1.2874395,1,N-012,10062.8867,,2,0,,,,
FLR-02073,RIDGE,5,0.3174434,5726,,,6-SMUDGE,,,R1,S,9,01-04-2015
FLR-02074,LAMP,5,1.4151532,1,N-030,9505.8276,,2,0,,,,
FLR-02075,LAMP,5,0.3367982,2,N-040,73.3341,,2,0,,,,
FLR-02076,RIDGE,4,1.0375,0,,,4R2,,,R2,K,5,02/06/2012
FLR-02077,RIDGE,5,0.3145691,0,,,5R1,,,R1,J,4,10-04-2015
FLR-02078,LAMP,5,1.0987328,2,N-003,17494.9677,,2,0,,,,
FLR-02079,RIDGE,7,1.2002264,0,,,7D1,,,R1,U,11,19-03-2015
FLR-02080,RIDGE,5,0.8343443,0,,,1+1+3,,,R1,A,1,02/03/2015
FLR-02081,RIDGE,4,0.383,0,,,1+32,,,R1,N,6,02/04/2010
FLR-02082,RIDGE,1,0,0,,,1-SMUDGE,,,R1,J,4,12/05/2016
FLR-02083,RIDGE,5,0.3170666,5726,,,5R1,,,R1,S,9,01-04-2015
FLR-02084,RIDGE,5,1.2561368,0,,,1+1+3,,,R1,U,11,19-03-2015
FLR-02085,LAMP,5,1.5489164,2,N-046,8384.5294,,2,0,,,,
FLR-02086,RIDGE,5,0.3297,5562,,,5R1,,,R1,U,11,11/02/2010
FLR-02087,RIDGE,4,1.023,5720,,,4R2,,,R1,A,1,05/02/2009
FLR-02088,RIDGE,5,1.3053167,5151,,,1+1+3,,,R1,U,11,19-03-2015
FLR-02089,LAMP,5,0.7617083,2,N-044,27763.7586,,2,0,,,,
FLR-02090,RIDGE,5,0.8384833,5981,,,1+1+3,,,R1,J,4,10-04-2015
FLR-02091,RIDGE,7,1.3231,5561,,,7D1,,,R1,F,3,03/03/2010
FLR-02092,RIDGE,5,1.3401334,0,,,1+1+3,,,R1,U,11,31-03-2015
FLR-02093,RIDGE,5,1.3449606,0,,,1+1+3,,,R1,S,9,29-04-2014
FLR-02094,RIDGE,5,1.0519,5981,,,1+1+3,,,R1,J,4,31/01/2009
FLR-02095,LAMP,5,1.3160167,2,N-033,18368.3268,,2,0,,,,
FLR-02096,RIDGE,5,1.1848333,5560,,,1+1+3,,,R1,F,3,31/03/2015
FLR-02097,RIDGE,10,1.5979,0,,,10R,,,R2,K,5,03/06/2012
FLR-02098,RIDGE,7,0.2169,5703,,,7i,,,R1,F,3,23/01/2005
FLR-02099,RIDGE,6,0.58,0,,,6-SMUDGE,,,R1,R,8,19/04/2008
FLR-02100,RIDGE,9,0.426925,5151,,,9i,,,R1,U,11,26/03/2015
FLR-02101,RIDGE,5,0.329,0,,,5R1,,,R1,T,10,14/04/2010
FLR-02102,RIDGE,5,1.3296,0,,,5R3,,,R2,P,7,25/04/2008
FLR-02103,RIDGE,5,1.3274,5727,,,1+1+3,,,R1,F,3,12/02/2010
FLR-02104,LAMP,5,0.9070912,2,N-004,24999.0644,,2,0,,,,
FLR-02105,RIDGE,4,0.527,5722,,,4D,,,R1,F,3,11/02/2005
FLR-02106,LAMP,5,0.3118765,2,N-022,28497.1521,,4,0,,,,
FLR-02107,RIDGE,5,1.3199917,9999,,,5R3,,,R2,ZZZ,13,12-04-2016
FLR-02108,LAMP,8,1.5725584,2,N-003,21506.5554,,9,0,,,,
FLR-02109,RIDGE,7,1.1263,5722,,,7D1,,,R1,F,3,12/02/2010
FLR-02110,RIDGE,5,1.236,0,,,1+1+3,,,R1,R,8,19/04/2008
FLR-02111,LAMP,5,1.361975,1,N-015,13124.021,,2,0,,,,
FLR-02112,RIDGE,5,1.10305,5586,,,1+1+3,,,R1,A,1,02/03/2015
FLR-02113,RIDGE,5,1.255275,5759,,,1+1+3,,,R1,S,9,29-04-2014
FLR-02114,RIDGE,5,0.7108,5979,,,2+3,,,R1,J,4,03/05/2008
FLR-02115,RIDGE,5,0.2954,6058,,,5R1,,,R1,U,11,24/02/2008
FLR-02116,RIDGE,5,1.0716,5727,,,1+1+3,,,R1,F,3,04/03/2010
FLR-02117,LAMP,5,0.305688,2,N-044,27815.2857,,2,0,,,,
FLR-02118,LAMP,5,0.3359833,1,N-010,21214.1686,,2,0,,,,
FLR-02119,RIDGE,5,1.2148,0,,,5R3,,,R2,K,5,03/06/2012
FLR-02120,LAMP,5,1.3552619,1,N-035,30842.4579,,2,0,,,,
FLR-02121,RIDGE,5,1.1346,0,,,1+1+3,,,R1,F,3,23/01/2005
FLR-02122,LAMP,5,1.3894306,3,N-020,10980.438,,2,0,,,,
FLR-02123,LAMP,5,1.2465667,1,N-011,878.5916,,2,0,,,,
FLR-02124,LAMP,5,0.3270246,3,N-023,32249.1541,,4,0,,,,
FLR-02125,RIDGE,5,0.711,0,,,1+1+3,,,R1,R,8,19/04/2008
FLR-02126,RIDGE,5,1.2771,5560,,,1+1+3,,,R1,F,3,12/02/2010
FLR-02127,RIDGE,5,0.7943,5981,,,1+1+3,,,R1,J,4,03/05/2008
FLR-02128,RIDGE,5,1.1266747,0,,,1+1+3,,,R1,A,1,02/03/2015
FLR-02129,RIDGE,7,0.2303,5703,,,7i,,,R1,F,3,23/01/2005
FLR-02130,RIDGE,5,0.3495,5560,,,5R1,,,R1,F,3,02/03/2005
FLR-02131,RIDGE,5,1.124,0,,,1+1+3,,,R1,V,12,03/02/2010
FLR-02132,RIDGE,5,0.356,0,,,5R1,,,R1,V,12,03/02/2010
FLR-02133,RIDGE,5,0.9156,6058,,,1+1+3,,,R1,U,11,24/01/2010
FLR-02134,RIDGE,5,1.065625,5586,,,1+1+3,,,R1,A,1,02/03/2015
FLR-02135,RIDGE,5,0.329,0,,,5R1,,,R1,R,8,10/04/2008
FLR-02136,RIDGE,5,1.2543334,5586,,,1+1+3,,,R1,A,1,02-03-2015
FLR-02137,LAMP,5,1.2202084,2,N-045,5022.3551,,2,0,,,,
FLR-02138,RIDGE,3,0.342827,0,,,3D,,,R1,A,1,02-03-2015
FLR-02139,LAMP,5,0.7552547,3,N-009,920.3448,,2,0,,,,
FLR-02140,RIDGE,5,1.3651424,0,,,1+1+3,,,R1,A,1,02/03/2015
FLR-02141,RIDGE,5,0.351,0,,,5R1,,,R1,D,2,20/03/2008
FLR-02142,RIDGE,5,1.0706167,0,,,1+1+3,,,R1,A,1,02-03-2015
FLR-02143,RIDGE,5,0.4970166,5151,,,5R2,,,R1,U,11,26/03/2015
FLR-02144,RIDGE,5,0.821,0,,,1+1+3,,,R1,F,3,04/03/2010
FLR-02145,RIDGE,5,1.1989167,5151,,,1+1+3,,,R1,U,11,26/03/2015
FLR-02146,LAMP,4,0.7769746,4,N-002,14552.5999,,0,0,,,,
FLR-02147,RIDGE,5,0.7597,5561,,,1+1+3,,,R1,F,3,09/02/2009
FLR-02148,RIDGE,5,0.1413,5703,,,5-SMUDGE,,,R1,F,3,18/02/2005
FLR-02149,LAMP,5,1.3244916,1,N-013,21835.6309,,2,0,,,,
FLR-02150,LAMP,5,0.8638683,3,N-005,712.4861,,2,0,,,,
FLR-02151,LAMP,5,0.3216583,2,N-012,10517.9414,,4,0,,,,
FLR-02152,LAMP,5,0.911825,2,N-003,16876.611,,2,0,,,,
FLR-02153,LAMP,5,0.343512,3,N-040,124.5655,,4,0,,,,
FLR-02154,RIDGE,5,0.33,0,,,5R1,,,R1,D,2,18/03/2009
FLR-02155,RIDGE,5,0.866,0,,,1+1+3,,,R1,R,8,19/04/2008
FLR-02156,RIDGE,5,1.192,0,,,1+1+3,,,R1,R,8,19/04/2008
FLR-02157,RIDGE,5,1.2414952,5560,,,1+1+3,,,R1,F,3,31/03/2015
FLR-02158,RIDGE,5,0.345,0,,,5R1,,,R1,D,2,20/03/2008
FLR-02159,RIDGE,5,0.354,0,,,5R1,,,R1,R,8,10/04/2008
FLR-02160,RIDGE,6,1.0308,0,,,6-SMUDGE,,,R2,P,7,24/04/2008
FLR-02161,LAMP,6,0.8658083,2,N-003,15921.2139,,16,1,,,,
FLR-02162,RIDGE,5,0.6933,5561,,,5-SMUDGE,,,R1,F,3,03/02/2005
FLR-02163,RIDGE,6,0.366,0,,,6i,,,R1,V,12,26/01/2010
FLR-02164,LAMP,5,0.7919774,1,N-005,3252.6584,,2,0,,,,
FLR-02165,RIDGE,8,1.1916,5563,,,8R,,,R1,F,3,02/02/2010
FLR-02166,RIDGE,5,0.7959417,5979,,,1+1+3,,,R1,J,4,10-04-2015
FLR-02167,LAMP,5,0.7107427,3,N-046,9468.1158,,4,0,,,,
FLR-02168,RIDGE,5,1.203505,0,,,5R3,,,R2,ZZZ,13,12-04-2016
FLR-02169,RIDGE,5,1.0491,5727,,,1+1+3,,,R1,F,3,23/01/2005
FLR-02170,LAMP,5,0.839199,4,N-003,17792.6125,,2,0,,,,
FLR-02171,RIDGE,4,0.2418,0,,,4R1,,,R1,F,3,12/02/2010
FLR-02172,LAMP,5,0.3151661,2,N-022,28483.7403,,4,0,,,,
FLR-02173,RIDGE,4,0.387,0,,,1+32,,,R1,N,6,21/03/2010
FLR-02174,LAMP,5,0.3243484,2,N-031,177.0345,,4,0,,,,
FLR-02175,LAMP,6,0.4678583,1,N-029,665.3028,,16,1,,,,
FLR-02176,RIDGE,8,2.3268547,0,,,8-SMUDGE,,,R1,A,1,02/03/2015
FLR-02177,LAMP,5,1.2418917,3,N-006,8678.9463,,2,0,,,,
FLR-02178,LAMP,5,0.3068,2,N-027,13188.5436,,4,0,,,,
FLR-02179,RIDGE,5,1.1778959,0,,,1+1+3,,,R1,A,1,02/03/2015
FLR-02180,RIDGE,5,1.3445469,0,,,1+1+3,,,R1,U,11,26/03/2015
FLR-02181,LAMP,5,0.3306817,2,N-019,4428.8006,,2,0,,,,
FLR-02182,RIDGE,10,0.4880145,0,,,10i,,,R1,F,3,31/03/2015
FLR-02183,RIDGE,5,0.897,0,,,1+1+3,,,R1,A,1,17/03/2010
FLR-02184,RIDGE,5,1.1081663,0,,,1+1+3,,,R1,J,4,12/05/2016
FLR-02185,LAMP,5,1.2068386,2,N-003,15550.4781,,2,0,,,,
FLR-02186,RIDGE,5,0.3314,5560,,,5R1,,,R1,F,3,23/01/2005
FLR-02187,RIDGE,5,0.2783,6058,,,5R1,,,R1,U,11,24/02/2008
FLR-02188,LAMP,5,1.0952986,3,N-003,16983.2214,,2,0,,,,
FLR-02189,LAMP,5,0.3275461,1,N-027,13158.8135,,4,0,,,,
FLR-02190,RIDGE,6,1.16165,0,,,6-SMUDGE,,,R1,A,1,02/03/2015
FLR-02191,RIDGE,5,0.8197104,0,,,1+1+3,,,R1,A,1,02/03/2015
FLR-02192,RIDGE,4,1.510241,0,,,4-SMUDGE,,,R1,U,11,19-03-2015
FLR-02193,RIDGE,4,0.5145,5722,,,4D,,,R1,F,3,11/02/2010
FLR-02194,RIDGE,5,1.1593907,0,,,1+1+3,,,R1,U,11,19-03-2015
FLR-02195,RIDGE,5,0.2991995,0,,,5R1,,,R1,J,4,10-04-2015
FLR-02196,LAMP,4,0.92075,2,N-001,3900.3918,,0,0,,,,
FLR-02197,RIDGE,5,0.8597,0,,,1+1+3,,,R1,J,4,06/02/2010
FLR-02198,LAMP,5,0.3255592,3,N-003,17427.3404,,4,0,,,,
FLR-02199,RIDGE,5,0.823021,0,,,1+1+3,,,R1,A,1,02/03/2015
FLR-02200,RIDGE,4,0.4345,5722,,,4D,,,R1,F,3,04/03/2010
FLR-02201,RIDGE,7,1.4578167,5586,,,7D2,,,R1,A,1,02-03-2015
FLR-02202,RIDGE,4,0.729,0,,,1+31,,,R1,V,12,26/01/2010
FLR-02203,RIDGE,5,1.0132415,0,,,1+1+3,,,R1,U,11,26/03/2015
FLR-02204,LAMP,5,0.3340833,2,N-027,13121.2576,,4,0,,,,
FLR-02205,RIDGE,5,0.329,0,,,5R1,,,R1,T,10,21/01/2010
FLR-02206,RIDGE,4,0.5503,5722,,,4D,,,R1,F,3,18/02/2009
FLR-02207,RIDGE,5,1.2022339,0,,,1+1+3,,,R1,F,3,19/03/2015
FLR-02208,RIDGE,5,0.838825,5586,,,1+1+3,,,R1,A,1,02-03-2015
FLR-02209,RIDGE,7,0.884,0,,,7D1,,,R1,A,1,25/03/2008
FLR-02210,RIDGE,6,1.4091,0,,,6R,,,R2,P,7,05/03/2011
FLR-02211,RIDGE,5,1.2518307,0,,,1+1+3,,,R1,U,11,31-03-2015
FLR-02212,LAMP,5,1.3434949,3,N-033,18453.8313,,2,0,,,,
FLR-02213,RIDGE,5,0.3452,5987,,,5R1,,,R1,J,4,15/02/2007
FLR-02214,RIDGE,5,0.306,0,,,5R1,,,R1,F,3,04/03/2010
FLR-02215,RIDGE,4,1.1274667,0,,,4R2,,,R1,A,1,16-04-2014
FLR-02216,RIDGE,5,1.002025,5151,,,1+1+3,,,R1,U,11,26/03/2015
FLR-02217,LAMP,5,0.7602213,4,N-003,17352.4882,,2,0,,,,
FLR-02218,RIDGE,5,0.8098139,0,,,1+1+3,,,R1,A,1,02/03/2015
FLR-02219,RIDGE,5,1.0973417,0,,,1+1+3,,,R1,U,11,26/03/2015
FLR-02220,RIDGE,8,1.287928,0,,,8R,,,R1,J,4,12/05/2016
FLR-02221,RIDGE,4,0.5141,5722,,,4D,,,R1,F,3,27/02/2005
FLR-02222,RIDGE,5,0.737,0,,,1+1+3,,,R1,T,10,15/04/2010
FLR-02223,LAMP,5,0.4927833,1,N-021,19946.1599,,4,0,,,,
FLR-02224,RIDGE,5,0.8544901,5586,,,1+1+3,,,R1,A,1,02/03/2015
FLR-02225,RIDGE,5,0.6739417,0,,,2+3,,,R1,S,9,29-04-2014
FLR-02226,RIDGE,5,0.8036,5979,,,1+1+3,,,R1,J,4,31/01/2009
FLR-02227,RIDGE,5,0.3710417,5759,,,5R1,,,R1,S,9,01-04-2015
FLR-02228,RIDGE,4,0.8396361,0,,,4R2,,,R1,A,1,02/03/2015
FLR-02229,RIDGE,4,1.0187389,0,,,4R2,,,R1,A,1,02-03-2015
FLR-02230,RIDGE,5,0.8315995,0,,,1+1+3,,,R1,A,1,02/03/2015
FLR-02231,RIDGE,9,0.3,0,,,9i,,,R1,T,10,15/04/2010
FLR-02232,LAMP,5,0.9036768,2,N-009,917.3701,,2,0,,,,
FLR-02233,RIDGE,5,0.3415,6035,,,5R1,,,R1,U,11,11/02/2010
FLR-02234,RIDGE,5,0.509,5151,,,5R2,,,R1,U,11,16/02/2009
FLR-02235,RIDGE,8,0.868,0,,,8-SMUDGE,,,R1,A,1,25/03/2008
FLR-02236,RIDGE,9,0.7117167,5151,,,9i,,,R1,U,11,26/03/2015
FLR-02237,RIDGE,5,0.75,5981,,,1+1+3,,,R1,J,4,30/03/2010
FLR-02238,LAMP,5,0.4389915,2,N-005,690.4903,,4,0,,,,
FLR-02239,LAMP,5,1.2640235,3,N-003,16160.904,,2,0,,,,
FLR-02240,LAMP,5,1.0022666,1,N-002,14465.583,,2,0,,,,
FLR-02241,RIDGE,6,0.53,0,,,6i,,,R1,D,2,04/04/2008
FLR-02242,LAMP,8,0.35607,2,N-045,5957.7916,,13,0,,,,
FLR-02243,RIDGE,5,1.0686,0,,,5R3,,,R2,P,7,24/04/2008
FLR-02244,LAMP,6,0.3901584,1,N-001,4393.9103,,16,1,,,,
FLR-02245,RIDGE,5,1.3295071,0,,,1+1+3,,,R1,A,1,02/03/2015
FLR-02246,LAMP,5,0.7668961,2,N-012,9429.0123,,2,0,,,,
FLR-02247,LAMP,5,0.8259237,2,N-004,24978.8395,,2,0,,,,
FLR-02248,RIDGE,10,1.6265,5563,,,10R,,,R1,F,3,02/02/2010
FLR-02249,RIDGE,5,0.7398,5561,,,1+1+3,,,R1,F,3,09/02/2009
FLR-02250,RIDGE,8,1.5655,0,,,8R,,,R2,P,7,05/03/2011
FLR-02251,RIDGE,5,0.7578755,0,,,1+1+3,,,R1,J,4,10-04-2015
FLR-02252,LAMP,5,0.3172738,2,N-040,204.7074,,4,0,,,,
FLR-02253,LAMP,5,1.3952391,4,N-006,8723.0315,,2,0,,,,
FLR-02254,LAMP,5,1.3827083,3,N-020,11049.9332,,2,0,,,,
FLR-02255,LAMP,4,1.0445317,2,N-036,27010.4581,,0,0,,,,
FLR-02256,RIDGE,8,1.56,5727,,,8D,,,R1,F,3,12/02/2010
FLR-02257,RIDGE,8,0.3114156,0,,,8i,,,R1,A,1,16-04-2014
FLR-02258,RIDGE,5,0.316,0,,,5R1,,,R1,D,2,20/03/2008
FLR-02259,RIDGE,5,1.4921,0,,,5R3,,,R2,K,5,03/06/2012
FLR-02260,RIDGE,5,0.803,0,,,1+1+3,,,R1,R,8,19/04/2008
FLR-02261,LAMP,5,0.3360333,1,N-024,7882.0711,,2,0,,,,
FLR-02262,LAMP,5,1.280025,2,N-022,27756.9493,,2,0,,,,
FLR-02263,RIDGE,5,0.6415,0,,,2+3,,,R1,S,9,29-04-2014
FLR-02264,RIDGE,5,0.8690416,5981,,,1+1+3,,,R1,J,4,10-04-2015
FLR-02265,RIDGE,5,0.821,0,,,1+1+3,,,R1,D,2,20/03/2008
FLR-02266,LAMP,5,1.2846587,2,N-015,14660.7511,,2,0,,,,
FLR-02267,LAMP,5,1.005983,2,N-015,14648.3078,,2,0,,,,
FLR-02268,RIDGE,5,0.9863833,5586,,,1+1+3,,,R1,A,1,02/03/2015
FLR-02269,LAMP,5,1.2941881,2,N-024,6790.1106,,2,0,,,,
FLR-02270,RIDGE,5,0.799575,0,,,1+1+3,,,R1,S,9,29-04-2014
FLR-02271,RIDGE,5,1.2688,0,,,5R3,,,R2,K,5,03/06/2012
FLR-02272,RIDGE,6,1.4474,5727,,,6-SMUDGE,,,R1,F,3,04/03/2010
FLR-02273,RIDGE,8,1.237264,5981,,,8R,,,R1,J,4,13-05-2016
FLR-02274,RIDGE,8,0.28,0,,,8i,,,R1,V,12,06/02/2010
FLR-02275,RIDGE,5,1.1949,5987,,,1+1+3,,,R1,J,4,06/02/2010
FLR-02276,RIDGE,5,0.339,0,,,5R1,,,R1,N,6,23/03/2009
FLR-02277,RIDGE,5,1.1114,0,,,5R3,,,R2,P,7,24/04/2008
FLR-02278,LAMP,5,1.2317571,2,N-023,31545.3273,,2,0,,,,
FLR-02279,RIDGE,5,1.0691833,9999,,,5R3,,,R2,ZZZ,13,12-04-2016
FLR-02280,RIDGE,5,0.5039,5560,,,5R2,,,R1,F,3,03/02/2005
FLR-02281,LAMP,5,1.1263333,1,N-003,15610.7591,,2,0,,,,
FLR-02282,RIDGE,5,0.3163417,5987,,,5R1,,,R1,J,4,12-05-2016
FLR-02283,LAMP,5,0.468125,2,N-023,32232.4318,,4,0,,,,
FLR-02284,RIDGE,5,0.349,0,,,5R1,,,R1,V,12,03/02/2010
FLR-02285,RIDGE,5,1.2518417,5586,,,1+1+3,,,R1,A,1,02/03/2015
FLR-02286,LAMP,5,0.8523833,1,N-005,3241.7563,,2,0,,,,
FLR-02287,LAMP,5,1.5950417,1,N-043,10313.6073,,2,0,,,,
FLR-02288,RIDGE,5,0.3328473,5987,,,5R1,,,R1,J,4,12-05-2016
FLR-02289,RIDGE,5,0.3135943,0,,,5R1,,,R1,S,9,01-04-2015
FLR-02290,RIDGE,5,0.203,0,,,5-SMUDGE,,,R1,V,12,26/01/2010
FLR-02291,RIDGE,5,0.9618,0,,,1+1+3,,,R1,F,3,04/03/2010
FLR-02292,RIDGE,8,0.251,0,,,8i,,,R1,T,10,12/03/2010
FLR-02293,LAMP,5,1.0668667,1,N-001,190.8496,,2,0,,,,
FLR-02294,RIDGE,8,1.1768,5727,,,8R,,,R1,F,3,04/03/2010
FLR-02295,RIDGE,5,0.366,0,,,5R1,,,R1,N,6,02/04/2010
FLR-02296,RIDGE,5,0.3354,5562,,,5R1,,,R1,U,11,24/02/2008
FLR-02297,RIDGE,5,1.0681,0,,,5R3,,,R2,K,5,02/06/2012
FLR-02298,RIDGE,5,1.2502417,5151,,,1+1+3,,,R1,U,11,31-03-2015
FLR-02299,RIDGE,5,0.5261,5151,,,5R2,,,R1,U,11,18/02/2009
FLR-02300,RIDGE,4,1.012,5720,,,4R2,,,R1,A,1,05/02/2009
FLR-02301,LAMP,4,0.388171,2,N-012,9393.2957,,0,0,,,,
FLR-02302,RIDGE,5,0.338,0,,,5R1,,,R1,T,10,10/03/2010
FLR-02303,LAMP,5,1.2300549,3,N-011,1222.9873,,2,0,,,,
FLR-02304,RIDGE,5,1.3356,0,,,5R3,,,R2,P,7,25/04/2008
FLR-02305,LAMP,5,1.125675,1,N-005,3313.9285,,2,0,,,,
FLR-02306,RIDGE,5,1.0411916,0,,,1+1+3,,,R1,A,1,02/03/2015
FLR-02307,RIDGE,6,1.209,5561,,,6-SMUDGE,,,R1,F,3,03/03/2010
FLR-02308,RIDGE,4,1.113,0,,,4R2,,,R1,A,1,20/01/2010
FLR-02309,LAMP,5,0.4865512,2,N-007,1956.9686,,4,0,,,,
FLR-02310,RIDGE,5,0.808,0,,,1+1+3,,,R1,N,6,02/04/2010
FLR-02311,RIDGE,5,1.056125,0,,,1+1+3,,,R1,A,1,02-03-2015
FLR-02312,LAMP,5,0.8662084,2,N-003,15942.9023,,2,0,,,,
FLR-02313,RIDGE,5,0.314,0,,,5R1,,,R1,D,2,20/03/2008
FLR-02314,RIDGE,9,1.3467667,5586,,,9-SMUDGE,,,R1,A,1,02/03/2015
FLR-02315,RIDGE,7,1.0295,5722,,,7D1,,,R1,F,3,12/02/2010
FLR-02316,LAMP,5,0.8394366,2,N-003,17792.4512,,2,0,,,,
FLR-02317,RIDGE,4,0.1927,0,,,4R1,,,R1,F,3,04/03/2010
FLR-02318,RIDGE,5,0.7989,0,,,1+1+3,,,R1,U,11,16/02/2009
FLR-02319,RIDGE,5,0.9770417,0,,,1+1+3,,,R1,U,11,31-03-2015
FLR-02320,RIDGE,4,0.167,0,,,4R1,,,R1,R,8,19/04/2008
FLR-02321,LAMP,5,0.3204871,2,N-031,208.5567,,4,0,,,,
FLR-02322,RIDGE,9,1.5774,0,,,9R,,,R2,P,7,05/03/2011
FLR-02323,RIDGE,5,0.919,0,,,1+1+3,,,R1,A,1,26/03/2010
FLR-02324,RIDGE,5,0.885,0,,,1+1+3,,,R1,V,12,03/02/2010
FLR-02325,RIDGE,5,1.1582638,0,,,1+1+3,,,R1,S,9,01-04-2015
FLR-02326,LAMP,5,0.4438498,2,N-023,32252.6932,,4,0,,,,
FLR-02327,RIDGE,5,0.5109,5560,,,5R2,,,R1,F,3,03/02/2005
FLR-02328,RIDGE,4,0.5831417,0,,,4D,,,R1,A,1,02/03/2015
FLR-02329,RIDGE,6,1.1588,5979,,,6R,,,R1,J,4,04/05/2008
FLR-02330,RIDGE,5,1.7995,0,,,5-SMUDGE,,,R2,K,5,03/06/2012
FLR-02331,LAMP,8,1.262475,2,N-003,16852.9764,,9,0,,,,
FLR-02332,RIDGE,5,0.354,0,,,5R1,,,R1,N,6,02/04/2010
FLR-02333,RIDGE,5,0.306,0,,,5R1,,,R1,D,2,21/03/2008
FLR-02334,RIDGE,5,0.7641,0,,,5-SMUDGE,,,R2,P,7,24/04/2008
FLR-02335,LAMP,11,0.6744933,1,N-035,31356.9555,,17,0,,,,
FLR-02336,LAMP,5,0.3086945,2,N-045,5978.9209,,2,0,,,,
FLR-02337,RIDGE,9,0.39305,5586,,,9i,,,R1,A,1,02-03-2015
FLR-02338,RIDGE,5,1.225,0,,,1+1+3,,,R1,R,8,19/04/2008
FLR-02339,RIDGE,5,1.13355,5586,,,1+1+3,,,R1,A,1,02/03/2015
FLR-02340,RIDGE,8,0.3662,5563,,,8i,,,R1,F,3,11/02/2010
FLR-02341,LAMP,5,0.8981999,2,N-002,14395.5826,,2,0,,,,
FLR-02342,RIDGE,6,0.8735,5722,,,6-SMUDGE,,,R1,F,3,12/02/2010
FLR-02343,RIDGE,5,0.3344,5560,,,5R1,,,R1,F,3,23/01/2005
FLR-02344,RIDGE,4,0.389,0,,,1+32,,,R1,N,6,02/04/2010
FLR-02345,RIDGE,5,0.355,5125,,,5R1,,,R1,V,12,03/02/2010
FLR-02346,LAMP,5,0.3360706,2,N-026,5881.828,,2,0,,,,
FLR-02347,RIDGE,5,0.847,0,,,1+1+3,,,R1,A,1,28/02/2010
FLR-02348,RIDGE,5,0.9069,0,,,1+1+3,,,R1,F,3,04/03/2010
FLR-02349,RIDGE,6,0.1831,5703,,,6i,,,R1,F,3,26/01/2005
FLR-02350,LAMP,5,1.1847674,3,N-045,5250.8272,,2,0,,,,
FLR-02351,LAMP,5,1.2916612,3,N-003,17795.4201,,2,1,,,,
FLR-02352,RIDGE,9,1.6993238,0,,,9-SMUDGE,,,R1,J,4,12/05/2016
FLR-02353,RIDGE,4,0.5691,5722,,,4D,,,R1,F,3,18/02/2009
FLR-02354,RIDGE,5,0.3269333,5726,,,5R1,,,R1,S,9,01-04-2015
FLR-02355,LAMP,5,0.3225336,2,N-019,4442.2854,,2,0,,,,
FLR-02356,LAMP,5,0.7663477,2,N-003,15812.7969,,2,0,,,,
FLR-02357,RIDGE,5,0.3413417,5759,,,5R1,,,R1,S,9,29-04-2014
FLR-02358,RIDGE,5,0.8252,5978,,,1+1+3,,,R1,J,4,15/02/2007
FLR-02359,RIDGE,5,0.3047,0,,,5R1,,,R1,A,1,02/03/2015
FLR-02360,LAMP,5,1.1833703,2,N-014,1083.8384,,2,0,,,,
FLR-02361,RIDGE,5,1.1948,0,,,5R3,,,R2,P,7,05/03/2011
FLR-02362,RIDGE,4,0.5157,5722,,,4D,,,R1,F,3,23/02/2008
FLR-02363,LAMP,5,1.2406007,1,N-003,17516.965,,2,0,,,,
FLR-02364,RIDGE,6,1.0549,5722,,,6-SMUDGE,,,R1,F,3,12/02/2010
FLR-02365,LAMP,5,0.9390916,1,N-014,698.2052,,2,0,,,,
FLR-02366,LAMP,5,0.9207646,2,N-003,15746.651,,2,0,,,,
FLR-02367,RIDGE,5,0.313,0,,,5R1,,,R1,D,2,21/03/2008
FLR-02368,RIDGE,6,1.3982,0,,,6R,,,R2,P,7,24/04/2008
FLR-02369,RIDGE,5,1.2904167,0,,,1+1+3,,,R1,U,11,31-03-2015
FLR-02370,RIDGE,5,0.7483763,0,,,5-SMUDGE,,,R1,A,1,02-03-2015
FLR-02371,RIDGE,5,0.3342333,0,,,5R1,,,R1,S,9,07-04-2015
FLR-02372,LAMP,6,1.0240417,1,N-011,1944.1772,,10,1,,,,
FLR-02373,RIDGE,4,0.23,0,,,4R1,,,R1,R,8,19/04/2008
FLR-02374,RIDGE,4,0.5102,5722,,,4D,,,R1,F,3,12/02/2010
FLR-02375,RIDGE,4,0.3402833,0,,,4R1,,,R1,A,1,02/03/2015
FLR-02376,RIDGE,5,1.2513012,0,,,1+1+3,,,R1,F,3,31/03/2015
FLR-02377,RIDGE,5,0.333,0,,,5R1,,,R1,V,12,22/01/2010
FLR-02378,LAMP,5,0.7149315,2,N-028,28117.9849,,2,0,,,,
FLR-02379,RIDGE,5,1.1559333,5586,,,1+1+3,,,R1,A,1,02/03/2015
FLR-02380,RIDGE,5,0.8158686,5719,,,1+1+3,,,R1,A,1,16-04-2014
FLR-02381,RIDGE,3,0.333,0,,,3D,,,R1,A,1,28/02/2010
FLR-02382,LAMP,5,1.3945753,5,N-015,12417.288,,2,0,,,,
FLR-02383,RIDGE,5,0.8768083,5586,,,1+1+3,,,R1,A,1,02-03-2015
FLR-02384,RIDGE,4,0.5125,5722,,,4D,,,R1,F,3,11/02/2010
FLR-02385,RIDGE,5,0.3291,0,,,5R1,,,R1,S,9,01-04-2015
FLR-02386,LAMP,5,0.6985833,4,N-011,1142.5609,,2,0,,,,
FLR-02387,LAMP,5,1.335725,1,N-012,10047.2119,,2,0,,,,
FLR-02388,LAMP,5,1.3078916,1,N-014,1197.855,,2,0,,,,
FLR-02389,LAMP,5,0.7637667,2,N-045,6032.1292,,2,0,,,,
FLR-02390,RIDGE,5,1.3484,0,,,5R3,,,R2,P,7,05/03/2011
FLR-02391,RIDGE,5,1.2086065,0,,,1+1+3,,,R1,U,11,19-03-2015
FLR-02392,LAMP,5,0.9584166,2,N-003,16193.0505,,2,0,,,,
FLR-02393,LAMP,6,0.7819003,4,N-011,1150.0763,,16,1,,,,
FLR-02394,RIDGE,5,1.3820834,5586,,,1+1+3,,,R1,A,1,02/03/2015
FLR-02395,RIDGE,5,0.79,0,,,1+1+3,,,R1,D,2,20/03/2008
FLR-02396,RIDGE,8,0.377,0,,,8i,,,R1,F,3,04/03/2010
FLR-02397,RIDGE,5,0.7722083,5151,,,1+1+3,,,R1,U,11,26/03/2015
FLR-02398,RIDGE,5,1.0975,0,,,5R3,,,R2,P,7,24/04/2008
FLR-02399,RIDGE,5,1.1355416,0,,,1+1+3,,,R1,U,11,26/03/2015
FLR-02400,RIDGE,5,0.9881334,0,,,1+1+3,,,R1,U,11,31-03-2015
FLR-02401,RIDGE,6,0.6410584,5151,,,6i,,,R1,U,11,26/03/2015
FLR-02402,LAMP,5,0.3044833,1,N-029,533.3848,,4,0,,,,
FLR-02403,LAMP,5,0.7810942,3,N-003,15695.3863,,2,1,,,,
FLR-02404,LAMP,5,1.2107843,3,N-003,17754.0269,,2,0,,,,
FLR-02405,RIDGE,5,1.0479,0,,,1+1+3,,,R1,F,3,03/03/2010
FLR-02406,RIDGE,5,0.3051,5979,,,5R1,,,R1,J,4,03/05/2008
FLR-02407,RIDGE,6,0.4,0,,,6i,,,R1,V,12,26/01/2010
FLR-02408,LAMP,5,0.3088333,1,N-044,27730.3669,,2,0,,,,
FLR-02409,RIDGE,5,0.762,0,,,1+1+3,,,R1,D,2,20/03/2008
FLR-02410,LAMP,5,0.3284583,1,N-027,13072.2369,,4,0,,,,
FLR-02411,RIDGE,6,0.9817834,0,,,6-SMUDGE,,,R1,A,1,02/03/2015
FLR-02412,RIDGE,5,0.527,0,,,5R2,,,R1,N,6,02/04/2010
FLR-02413,RIDGE,5,0.821,0,,,1+1+3,,,R1,D,2,27/03/2008
FLR-02414,RIDGE,5,1.134,5978,,,1+1+3,,,R1,J,4,04/05/2008
FLR-02415,LAMP,5,1.1464805,2,N-013,20664.1143,,2,0,,,,
FLR-02416,RIDGE,5,1.1638458,0,,,1+1+3,,,R1,U,11,26/03/2015
FLR-02417,RIDGE,5,1.064,0,,,1+1+3,,,R1,T,10,14/04/2010
FLR-02418,RIDGE,5,0.7491652,0,,,1+1+3,,,R1,A,1,02/03/2015
FLR-02419,RIDGE,5,0.7776,5561,,,1+1+3,,,R1,F,3,03/02/2005
FLR-02420,LAMP,5,0.50025,2,N-016,21391.3168,,4,0,,,,
FLR-02421,RIDGE,5,1.1223176,0,,,1+1+3,,,R1,N,6,19/03/2015
FLR-02422,RIDGE,6,0.72046,5979,,,6-SMUDGE,,,R1,J,4,10-04-2015
FLR-02423,RIDGE,5,0.313525,5979,,,5R1,,,R1,J,4,10-04-2015
FLR-02424,RIDGE,5,0.477284,5151,,,5R2,,,R1,U,11,26/03/2015
FLR-02425,LAMP,7,0.3939667,1,N-024,7865.2618,,7,0,,,,
FLR-02426,RIDGE,9,0.3952583,5151,,,9i,,,R1,U,11,31-03-2015
FLR-02427,LAMP,7,0.29945,2,N-031,118.1406,,8,0,,,,
FLR-02428,RIDGE,5,0.9837467,0,,,1+1+3,,,R1,A,1,02/03/2015
FLR-02429,RIDGE,4,1.154544,0,,,4R2,,,R1,A,1,02/03/2015
FLR-02430,LAMP,5,0.4792331,2,N-023,32256.7131,,4,0,,,,
FLR-02431,RIDGE,5,1.2558428,0,,,1+1+3,,,R1,U,11,26/03/2015
FLR-02432,RIDGE,6,0.188,0,,,6i,,,R1,R,8,19/04/2008
FLR-02433,LAMP,5,0.794025,2,N-003,17310.0109,,2,0,,,,
FLR-02434,RIDGE,5,0.355,0,,,5R1,,,R1,D,2,20/03/2008
FLR-02435,LAMP,5,1.254691,3,N-019,3749.1307,,2,0,,,,
FLR-02436,RIDGE,10,0.4789167,0,,,10i,,,R1,U,11,31-03-2015
FLR-02437,LAMP,5,1.034075,1,N-003,15618.8316,,2,0,,,,
FLR-02438,LAMP,5,1.3596298,2,N-023,31564.533,,2,0,,,,
FLR-02439,LAMP,5,1.015632,2,N-045,2454.1218,,2,0,,,,
FLR-02440,RIDGE,5,1.1951722,0,,,1+1+3,,,R1,U,11,26/03/2015
FLR-02441,RIDGE,5,1.2857167,0,,,1+1+3,,,R1,A,1,02/03/2015
FLR-02442,LAMP,5,1.401385,3,N-033,18409.5609,,2,0,,,,
FLR-02443,RIDGE,4,0.1538,0,,,4R1,,,R1,F,3,04/03/2010
FLR-02444,RIDGE,5,0.344,0,,,5R1,,,R1,D,2,20/03/2008
FLR-02445,RIDGE,5,0.344,0,,,5R1,,,R1,T,10,17/04/2010
FLR-02446,RIDGE,3,0.1561,6070/6068,,,3R,,,R1,F,3,04/03/2010
FLR-02447,RIDGE,5,1.4672,0,,,1+1+3,,,R1,J,4,06/02/2010
FLR-02448,RIDGE,8,0.1904,5703,,,8i,,,R1,F,3,26/01/2005
FLR-02449,LAMP,5,0.9030722,2,N-003,15500.7239,,2,0,,,,
FLR-02450,RIDGE,5,1.0837,0,,,5R3,,,R2,K,5,03/06/2012
FLR-02451,RIDGE,6,0.414,0,,,6i,,,R1,T,10,21/01/2010
FLR-02452,RIDGE,5,0.6852,5561,,,5-SMUDGE,,,R1,F,3,23/01/2005
FLR-02453,RIDGE,5,1.0323,0,,,5R3,,,R2,K,5,03/06/2012
FLR-02454,LAMP,5,0.3938,1,N-003,22168.3197,,2,0,,,,
FLR-02455,RIDGE,5,0.4288439,0,,,5R1,,,R1,A,1,02/03/2015
FLR-02456,RIDGE,5,0.352,0,,,5R1,,,R1,V,12,03/02/2010
FLR-02457,RIDGE,5,0.9390916,5560,,,1+1+3,,,R1,F,3,31/03/2015
FLR-02458,RIDGE,7,1.2712,5722,,,7D1,,,R1,F,3,12/02/2010
FLR-02459,LAMP,4,1.0820167,2,N-001,165.8769,,0,0,,,,
FLR-02460,LAMP,5,0.327401,2,N-029,503.5685,,4,0,,,,
FLR-02461,RIDGE,5,0.7596496,0,,,1+1+3,,,R1,A,1,02-03-2015
FLR-02462,LAMP,5,0.4910193,2,N-005,3177.9807,,4,0,,,,
FLR-02463,RIDGE,3,0.349,0,,,3D,,,R1,A,1,28/02/2010
FLR-02464,RIDGE,5,1.6086333,5987,,,1+1+3,,,R1,J,4,12-05-2016
FLR-02465,RIDGE,4,0.9935083,0,,,4R2,,,R1,A,1,02-03-2015
FLR-02466,RIDGE,10,1.3473,0,,,10i,,,R2,K,5,03/06/2012
FLR-02467,RIDGE,5,1.1438,5978,,,1+1+3,,,R1,J,4,04/05/2008
FLR-02468,LAMP,5,0.805409,2,N-002,14520.6601,,2,0,,,,
FLR-02469,LAMP,4,0.785872,2,N-048,35.0206,,1,0,,,,
FLR-02470,RIDGE,5,1.1999453,0,,,1+1+3,,,R1,U,11,31-03-2015
FLR-02471,RIDGE,5,0.836,0,,,1+1+3,,,R1,D,2,01/04/2010
FLR-02472,LAMP,5,0.328859,2,N-012,10525.2777,,4,0,,,,
FLR-02473,RIDGE,5,0.8155095,0,,,1+1+3,,,R1,A,1,02/03/2015
FLR-02474,RIDGE,5,1.345,0,,,1+1+3,,,R1,V,12,26/01/2010
FLR-02475,RIDGE,4,0.7834142,0,,,4R2,,,R1,A,1,02-03-2015
FLR-02476,LAMP,5,0.7726319,4,N-003,15595.7349,,2,0,,,,
FLR-02477,RIDGE,5,1.2751083,5151,,,1+1+3,,,R1,U,11,26/03/2015
FLR-02478,RIDGE,4,0.5099,5722,,,4D,,,R1,F,3,04/03/2010
FLR-02479,LAMP,5,1.3209167,3,N-014,5165.4122,,2,0,,,,
FLR-02480,LAMP,5,0.2937071,3,N-003,18870.7982,,2,0,,,,
FLR-02481,RIDGE,5,1.0104,0,,,5R3,,,R2,K,5,03/06/2012
FLR-02482,LAMP,7,1.4461013,2,N-015,14672.68,,7,0,,,,
FLR-02483,LAMP,5,1.2998583,1,N-011,924.9364,,2,0,,,,
FLR-02484,RIDGE,5,0.6726917,0,,,2+3,,,R1,S,9,01-04-2015
FLR-02485,LAMP,5,0.304073,2,N-034,10063.8264,,4,0,,,,
FLR-02486,LAMP,14,1.2312417,2,N-022,27620.7965,,17,0,,,,
FLR-02487,LAMP,5,0.3271114,1,N-018,33698.8003,,4,0,,,,
FLR-02488,RIDGE,5,1.0587,0,,,1+1+3,,,R1,J,4,06/02/2010
FLR-02489,RIDGE,5,0.3443,5562,,,5R1,,,R1,U,11,11/02/2010
FLR-02490,RIDGE,5,1.0527,0,,,5R3,,,R2,P,7,05/03/2011
FLR-02491,RIDGE,5,1.2901084,5560,,,1+1+3,,,R1,F,3,31/03/2015
FLR-02492,RIDGE,6,0.326,0,,,6i,,,R1,V,12,26/01/2010
FLR-02493,RIDGE,5,1.2807715,0,,,1+1+3,,,R1,U,11,26/03/2015
FLR-02494,LAMP,5,0.3327166,1,N-024,7945.0552,,4,0,,,,
FLR-02495,LAMP,5,1.1923126,2,N-011,2186.2536,,2,0,,,,
FLR-02496,LAMP,5,0.9850867,2,N-003,16285.1147,,2,0,,,,
FLR-02497,LAMP,4,0.8051695,3,N-002,14559.6282,,0,0,,,,
FLR-02498,RIDGE,5,1.1756417,0,,,1+1+3,,,R1,U,11,26/03/2015
FLR-02499,RIDGE,5,0.9940583,5586,,,1+1+3,,,R1,A,1,02/03/2015
FLR-02500,RIDGE,5,0.513,0,,,5R2,,,R1,N,6,02/04/2010
FLR-02501,RIDGE,5,0.336,5125,,,5R1,,,R1,V,12,03/02/2010
FLR-02502,LAMP,5,1.161175,1,N-012,9460.2289,,2,0,,,,
FLR-02503,RIDGE,5,1.08995,5586,,,1+1+3,,,R1,A,1,02/03/2015
FLR-02504,RIDGE,7,1.357,5722,,,7D1,,,R1,F,3,12/02/2010
FLR-02505,RIDGE,5,1.1340241,0,,,5R3,,,R2,ZZZ,13,12-04-2016
FLR-02506,LAMP,5,0.8045703,2,N-012,9408.2207,,2,0,,,,
FLR-02507,RIDGE,5,1.2864,5561,,,1+1+3,,,R1,F,3,03/02/2005
FLR-02508,LAMP,5,0.8765334,1,N-003,17373.0661,,2,0,,,,
FLR-02509,LAMP,5,0.841865,4,N-011,1185.1192,,2,0,,,,
FLR-02510,LAMP,5,1.0551777,2,N-002,14450.2942,,2,0,,,,
FLR-02511,RIDGE,8,0.306,0,,,8i,,,R1,T,10,04/02/2010
FLR-02512,RIDGE,5,1.272275,0,,,1+1+3,,,R1,A,1,02-03-2015
FLR-02513,LAMP,5,1.3241784,3,N-033,18483.5035,,2,0,,,,
FLR-02514,RIDGE,5,0.6518334,0,,,5-SMUDGE,,,R1,U,11,26/03/2015
FLR-02515,RIDGE,9,1.4686,0,,,9R,,,R2,P,7,24/04/2008
FLR-02516,RIDGE,8,0.3567441,0,,,8i,,,R1,J,4,12/05/2016
FLR-02517,RIDGE,4,0.4846,5722,,,4D,,,R1,F,3,12/02/2010
FLR-02518,LAMP,5,0.327575,1,N-029,528.1824,,4,0,,,,
FLR-02519,RIDGE,5,1.2924637,0,,,1+1+3,,,R1,U,11,31-03-2015
FLR-02520,RIDGE,6,0.923,5722,,,6-SMUDGE,,,R1,F,3,12/02/2010
FLR-02521,RIDGE,5,0.7801331,0,,,1+1+3,,,R1,J,4,10-04-2015
FLR-02522,LAMP,5,0.866256,1,N-048,28.444,,2,0,,,,
FLR-02523,RIDGE,5,1.2407446,0,,,5R3,,,R2,ZZZ,13,12-04-2016
FLR-02524,RIDGE,6,1.2731,0,,,6R,,,R2,P,7,24/04/2008
FLR-02525,LAMP,3,0.1211066,3,N-002,7989.1709,,12,0,,,,
FLR-02526,RIDGE,6,0.84,0,,,6-SMUDGE,,,R1,A,1,25/03/2008
FLR-02527,LAMP,4,1.2468991,2,N-001,3921.249,,0,0,,,,
FLR-02528,LAMP,7,1.553375,2,N-020,11720.7729,,7,0,,,,
FLR-02529,LAMP,5,1.0251,1,N-003,17395.9917,,2,0,,,,
FLR-02530,RIDGE,5,1.4128584,0,,,1+1+3,,,R1,U,11,31-03-2015
FLR-02531,RIDGE,5,0.339,0,,,5R1,,,R1,N,6,23/03/2009
FLR-02532,RIDGE,5,0.5794,5151,,,5-SMUDGE,,,R1,U,11,11/02/2010
FLR-02533,RIDGE,5,0.663,0,,,2+3,,,R1,V,12,26/01/2010
FLR-02534,RIDGE,4,0.3311,0,,,4R1,,,R1,F,3,04/03/2010
FLR-02535,RIDGE,5,0.9405,5978,,,1+1+3,,,R1,J,4,31/01/2009
FLR-02536,RIDGE,5,0.7093778,0,,,1+1+3,,,R1,S,9,01-04-2015
FLR-02537,RIDGE,5,0.7212899,0,,,1+1+3,,,R1,J,4,10-04-2015
FLR-02538,RIDGE,5,0.812872,5981,,,1+1+3,,,R1,J,4,13-05-2016
FLR-02539,RIDGE,5,0.8488,5978,,,1+1+3,,,R1,J,4,03/05/2008
FLR-02540,LAMP,5,0.8500219,2,N-003,17463.6727,,2,0,,,,
FLR-02541,RIDGE,5,0.7436,5561,,,1+1+3,,,R1,F,3,23/01/2005
FLR-02542,RIDGE,5,1.315475,5560,,,1+1+3,,,R1,F,3,31/03/2015
FLR-02543,RIDGE,5,0.346,0,,,5R1,,,R1,V,12,22/01/2010
FLR-02544,RIDGE,4,0.385,0,,,1+32,,,R1,N,6,02/04/2010
FLR-02545,RIDGE,5,0.7722093,0,,,1+1+3,,,R1,A,1,02/03/2015
FLR-02546,LAMP,5,1.3785,3,N-042,1719.3342,,2,0,,,,
FLR-02547,LAMP,5,0.6994667,2,N-003,17715.2644,,2,0,,,,
FLR-02548,LAMP,5,1.3118333,3,N-042,1723.3574,,2,0,,,,
FLR-02549,RIDGE,5,1.0783277,0,,,1+1+3,,,R1,U,11,26/03/2015
FLR-02550,LAMP,20,1.187875,1,N-001,219.8922,,17,1,,,,
FLR-02551,RIDGE,5,0.3481,5562,,,5R1,,,R1,U,11,13/02/2008
FLR-02552,LAMP,8,0.3561833,1,N-001,521.3508,,13,0,,,,
FLR-02553,RIDGE,5,0.329,0,,,5R1,,,R1,T,10,12/03/2010
FLR-02554,RIDGE,5,0.357,0,,,5R1,,,R1,D,2,21/03/2008
FLR-02555,RIDGE,8,0.699,0,,,8i,,,R1,R,8,19/04/2008
FLR-02556,RIDGE,5,1.007,0,,,1+1+3,,,R1,R,8,19/04/2008
FLR-02557,LAMP,5,0.8556858,2,N-045,6039.0859,,2,0,,,,
FLR-02558,RIDGE,5,0.364,0,,,5R1,,,R1,T,10,14/04/2010
FLR-02559,RIDGE,5,1.1136,0,,,5R3,,,R2,P,7,25/04/2008
FLR-02560,RIDGE,6,0.4552,5727,,,6i,,,R1,F,3,12/02/2010
FLR-02561,RIDGE,7,1.1552525,0,,,7D1,,,R1,J,4,12-05-2016
FLR-02562,RIDGE,3,0.2961937,0,,,3D,,,R1,A,1,02-03-2015
FLR-02563,RIDGE,5,0.3130906,0,,,5R1,,,R1,S,9,01-04-2015
FLR-02564,RIDGE,5,0.32415,5759,,,5R1,,,R1,S,9,01-04-2015
FLR-02565,RIDGE,4,0.747,0,,,1+31,,,R1,V,12,22/01/2010
FLR-02566,RIDGE,4,0.5174,5722,,,4D,,,R1,F,3,02/02/2010
FLR-02567,RIDGE,5,0.7794616,0,,,1+1+3,,,R1,A,1,02/03/2015
FLR-02568,LAMP,5,1.2964729,2,N-003,16823.3661,,2,0,,,,
FLR-02569,RIDGE,5,0.3334345,0,,,5R1,,,R1,J,4,13-05-2016
FLR-02570,RIDGE,5,0.31,0,,,5R1,,,R1,T,10,15/04/2010
FLR-02571,RIDGE,5,1.1360083,5586,,,1+1+3,,,R1,A,1,02/03/2015
FLR-02572,LAMP,5,0.759978,3,N-003,18063.1432,,2,0,,,,
FLR-02573,LAMP,9,0.3288833,1,N-010,21326.7315,,11,0,,,,
FLR-02574,RIDGE,4,1.2722801,0,,,4R2,,,R1,A,1,16-04-2014
FLR-02575,RIDGE,5,1.1139,5561,,,1+1+3,,,R1,F,3,23/01/2005
FLR-02576,LAMP,5,0.8312316,2,N-009,813.7047,,2,0,,,,
FLR-02577,RIDGE,5,1.2766917,5759,,,1+1+3,,,R1,S,9,29-04-2014
FLR-02578,LAMP,5,0.7506056,2,N-003,15487.758,,2,0,,,,
FLR-02579,LAMP,4,1.2918833,2,N-002,13883.8442,,0,0,,,,
FLR-02580,RIDGE,5,0.351,0,,,5R1,,,R1,R,8,08/04/2008
FLR-02581,RIDGE,4,0.7611,0,,,4R2,,,R1,F,3,04/03/2010
FLR-02582,RIDGE,5,0.7368003,0,,,1+1+3,,,R1,A,1,02/03/2015
FLR-02583,RIDGE,5,0.8110917,0,,,1+1+3,,,R1,A,1,02/03/2015
FLR-02584,RIDGE,5,0.3238936,5979,,,5R1,,,R1,J,4,10-04-2015
FLR-02585,RIDGE,5,1.242825,5560,,,1+1+3,,,R1,F,3,31/03/2015
FLR-02586,LAMP,5,1.1115677,2,N-003,17634.0218,,2,0,,,,
FLR-02587,RIDGE,5,0.6189,5561,,,5-SMUDGE,,,R1,F,3,23/01/2005
FLR-02588,RIDGE,5,0.3225336,0,,,5R1,,,R1,U,11,31-03-2015
FLR-02589,RIDGE,5,1.2504167,5586,,,1+1+3,,,R1,A,1,02-03-2015
FLR-02590,RIDGE,5,1.0269,0,,,5R3,,,R2,K,5,03/06/2012
FLR-02591,LAMP,5,0.4984416,1,N-012,9394.7067,,4,0,,,,
FLR-02592,RIDGE,8,0.315,0,,,8i,,,R1,R,8,19/04/2008
FLR-02593,RIDGE,5,1.1516,0,,,5R3,,,R2,K,5,03/06/2012
FLR-02594,RIDGE,6,1.8029,0,,,6R,,,R2,P,7,05/03/2011
FLR-02595,RIDGE,5,1.1933351,0,,,1+1+3,,,R1,F,3,31/03/2015
FLR-02596,LAMP,5,0.3170666,1,N-027,13148.1385,,4,0,,,,
FLR-02597,LAMP,4,0.9366183,2,N-003,16980.0652,,0,0,,,,
FLR-02598,RIDGE,10,0.405,0,,,10i,,,R1,T,10,14/04/2010
FLR-02599,RIDGE,5,1.2919667,5759,,,1+1+3,,,R1,S,9,29-04-2014
FLR-02600,LAMP,5,1.41395,2,N-035,30796.6983,,2,0,,,,
FLR-02601,RIDGE,10,0.3961917,5586,,,10i,,,R1,A,1,02-03-2015
FLR-02602,RIDGE,5,0.939928,0,,,1+1+3,,,R1,J,4,12/05/2016
FLR-02603,LAMP,5,1.4976584,1,N-044,23816.2503,,2,0,,,,
FLR-02604,LAMP,5,0.7308625,2,N-044,27721.4253,,2,0,,,,
FLR-02605,RIDGE,5,1.1621872,0,,,1+1+3,,,R1,J,4,10-04-2015
FLR-02606,RIDGE,5,0.3091,5987,,,5R1,,,R1,J,4,13/04/2010
FLR-02607,RIDGE,5,1.3787,0,,,5R3,,,R2,P,7,25/04/2008
FLR-02608,RIDGE,5,0.5649,5151,,,5R2,,,R1,U,11,11/02/2010
FLR-02609,RIDGE,5,0.858,0,,,1+1+3,,,R1,V,12,03/02/2010
FLR-02610,RIDGE,4,0.388,0,,,1+32,,,R1,N,6,02/04/2010
FLR-02611,LAMP,4,1.196175,1,N-036,27122.621,,0,0,,,,
FLR-02612,RIDGE,5,1.0011,0,,,1+1+3,,,R1,J,4,06/02/2010
FLR-02613,RIDGE,7,1.2526,5722,,,7D1,,,R1,F,3,12/02/2010
FLR-02614,RIDGE,5,1.302867,5151,,,1+1+3,,,R1,U,11,26/03/2015
FLR-02615,LAMP,5,1.0691167,1,N-001,195.2481,,2,0,,,,
FLR-02616,LAMP,5,0.4268522,2,N-013,20618.53657,,4,0,,,,
FLR-02617,LAMP,5,1.2481443,2,N-003,16827.1919,,2,0,,,,
FLR-02618,LAMP,5,1.2658826,4,N-003,17433.3341,,2,0,,,,
FLR-02619,RIDGE,5,1.0105,0,,,5R3,,,R2,K,5,03/06/2012
FLR-02620,RIDGE,4,0.744,0,,,1+31,,,R1,V,12,03/02/2010
FLR-02621,RIDGE,5,1.099,0,,,1+1+3,,,R1,R,8,19/04/2008
FLR-02622,LAMP,5,1.2901833,4,N-014,5179.7329,,2,0,,,,
FLR-02623,RIDGE,5,1.0151,0,,,5R3,,,R2,K,5,03/06/2012
FLR-02624,RIDGE,5,0.3302,5987,,,5R1,,,R1,J,4,30/03/2010
FLR-02625,RIDGE,9,0.345,0,,,9i,,,R1,T,10,15/04/2010
FLR-02626,RIDGE,4,1.1384136,0,,,4R2,,,R1,A,1,02/03/2015
FLR-02627,RIDGE,5,0.7170722,0,,,1+1+3,,,R1,J,4,12/05/2016
FLR-02628,RIDGE,6,0.2639,0,,,6i,,,R1,U,11,16/02/2009
FLR-02629,LAMP,5,0.334525,1,N-041,4480.866,,4,0,,,,
FLR-02630,LAMP,5,1.1410596,3,N-011,1190.8675,,2,0,,,,
FLR-02631,RIDGE,5,0.2985,6058,,,5R1,,,R1,U,11,11/02/2010
FLR-02632,LAMP,5,0.8053276,3,N-003,18048.718,,2,0,,,,
FLR-02633,RIDGE,5,1.009325,0,,,5-SMUDGE,,,R1,A,1,02/03/2015
FLR-02634,LAMP,5,0.3563667,1,N-010,21263.7635,,4,0,,,,
FLR-02635,RIDGE,5,0.2857117,5719,,,5R1,,,R1,A,1,16-04-2014
FLR-02636,LAMP,5,1.582008,2,N-046,8372.5948,,2,0,,,,
FLR-02637,RIDGE,5,0.7552547,0,,,1+1+3,,,R1,F,3,19/03/2015
FLR-02638,RIDGE,5,1.2126503,0,,,1+1+3,,,R1,J,4,10-04-2015
FLR-02639,RIDGE,5,0.969,0,,,1+1+3,,,R1,T,10,14/04/2010
FLR-02640,LAMP,5,1.1811332,2,N-003,16138.5233,,2,0,,,,
FLR-02641,RIDGE,6,1.7871,0,,,6R,,,R2,P,7,05/03/2011
FLR-02642,RIDGE,5,0.4687,5727,,,5R2,,,R1,F,3,12/02/2010
FLR-02643,LAMP,5,1.3380818,2,N-004,25052.1386,,2,0,,,,
FLR-02644,RIDGE,5,0.7408668,0,,,1+1+3,,,R1,A,1,02/03/2015
FLR-02645,RIDGE,4,0.832,0,,,4R2,,,R1,A,1,25/02/2010
FLR-02646,RIDGE,5,0.6213,5561,,,5-SMUDGE,,,R1,F,3,23/01/2005
FLR-02647,RIDGE,5,1.0825,0,,,5R3,,,R2,K,5,03/06/2012
FLR-02648,RIDGE,5,0.994275,0,,,1+1+3,,,R1,U,11,31-03-2015
FLR-02649,LAMP,5,0.7887806,2,N-003,16716.8391,,2,0,,,,
FLR-02650,RIDGE,9,0.585725,5560,,,9i,,,R1,F,3,31/03/2015
FLR-02651,RIDGE,5,0.821,0,,,1+1+3,,,R1,D,2,27/03/2008
FLR-02652,RIDGE,5,0.9266,5979,,,1+1+3,,,R1,J,4,31/01/2009
FLR-02653,RIDGE,5,1.0656083,5586,,,1+1+3,,,R1,A,1,02/03/2015
FLR-02654,LAMP,5,0.4911218,2,N-009,711.0936,,4,0,,,,
FLR-02655,RIDGE,7,1.618525,0,,,7D2,,,R1,S,9,01-04-2015
FLR-02656,RIDGE,5,0.5067771,5560,,,5R2,,,R1,F,3,31/03/2015
FLR-02657,RIDGE,5,0.7984,5979,,,1+1+3,,,R1,J,4,31/01/2009
FLR-02658,LAMP,7,1.4364316,2,N-030,9653.6693,,7,0,,,,
FLR-02659,RIDGE,5,0.3079,0,,,5R1,,,R1,U,11,11/02/2010
FLR-02660,RIDGE,5,0.3468,0,,,5R1,,,R1,U,11,01/02/2010
FLR-02661,RIDGE,6,1.6914,0,,,6R,,,R2,P,7,24/04/2008
FLR-02662,RIDGE,7,1.3822,5561,,,7D1,,,R1,F,3,03/03/2010
FLR-02663,RIDGE,5,1.2742583,0,,,1+1+3,,,R1,J,4,10-04-2015
FLR-02664,LAMP,5,1.1479083,3,N-002,14397.2368,,2,0,,,,
FLR-02665,RIDGE,5,1.1315699,0,,,1+1+3,,,R1,U,11,26/03/2015
FLR-02666,LAMP,5,1.5420916,1,N-044,23812.2783,,2,0,,,,
FLR-02667,LAMP,5,1.271325,2,N-014,1120.7078,,2,0,,,,
FLR-02668,RIDGE,5,1.2491341,0,,,1+1+3,,,R1,J,4,10-04-2015
FLR-02669,LAMP,5,1.3525168,4,N-011,1112.1868,,2,0,,,,
FLR-02670,RIDGE,5,1.0782,0,,,5R3,,,R2,K,5,03/06/2012
FLR-02671,LAMP,5,0.925048,2,N-048,38.5344,,2,0,,,,
FLR-02672,RIDGE,5,0.50025,0,,,5R2,,,R1,F,3,31/03/2015
FLR-02673,RIDGE,5,1.283,0,,,1+1+3,,,R1,R,8,19/04/2008
FLR-02674,RIDGE,5,0.372175,0,,,5R1,,,R1,A,1,02/03/2015
FLR-02675,RIDGE,5,1.2919334,0,,,1+1+3,,,R1,S,9,29-04-2014
FLR-02676,RIDGE,8,0.304769,0,,,8i,,,R1,A,1,16-04-2014
FLR-02677,LAMP,5,0.5546017,2,N-012,9432.6578,,4,0,,,,
FLR-02678,LAMP,19,0.9715166,2,N-024,14601.022,,17,0,,,,
FLR-02679,LAMP,5,0.8151432,2,N-003,15954.1389,,2,0,,,,
FLR-02680,RIDGE,5,0.3201333,0,,,5R1,,,R1,S,9,01-04-2015
FLR-02681,RIDGE,5,0.3327,5562,,,5R1,,,R1,U,11,24/01/2010
FLR-02682,RIDGE,5,0.339,0,,,5R1,,,R1,V,12,03/02/2010
FLR-02683,RIDGE,5,1.0445,0,,,1+1+3,,,R1,F,3,23/01/2005
FLR-02684,RIDGE,5,0.306,0,,,5R1,,,R1,D,2,18/03/2010
FLR-02685,LAMP,5,1.4217236,2,N-045,5194.3489,,2,0,,,,
FLR-02686,RIDGE,4,0.674,0,,,4-SMUDGE,,,R1,V,12,03/02/2010
FLR-02687,RIDGE,5,1.0766,0,,,1+1+3,,,R1,J,4,06/02/2010
FLR-02688,LAMP,5,0.9689138,2,N-005,877.1331,,2,0,,,,
FLR-02689,RIDGE,8,0.35607,0,,,8i,,,R1,J,4,12/05/2016
FLR-02690,LAMP,5,0.6413667,5,N-042,1779.6998,,15,0,,,,
FLR-02691,RIDGE,7,0.392,0,,,7i,,,R1,A,1,25/03/2008
FLR-02692,RIDGE,5,0.3270856,0,,,5R1,,,R1,A,1,16-04-2014
FLR-02693,RIDGE,5,1.1228,0,,,5R3,,,R2,P,7,05/03/2011
FLR-02694,RIDGE,5,0.327,0,,,5R1,,,R1,T,10,15/04/2010
FLR-02695,RIDGE,5,1.2890328,0,,,1+1+3,,,R1,F,3,31/03/2015
FLR-02696,LAMP,5,0.6970387,2,N-044,27703.4662,,2,0,,,,
FLR-02697,RIDGE,6,0.695,6059,,,6-SMUDGE,,,R1,D,2,09/03/2010
FLR-02698,RIDGE,5,1.2113467,0,,,1+1+3,,,R1,U,11,31-03-2015
FLR-02699,RIDGE,5,0.336,0,,,5R1,,,R1,N,6,02/04/2010
FLR-02700,RIDGE,5,0.3120602,0,,,5R1,,,R1,J,4,12/05/2016
FLR-02701,RIDGE,5,1.023,0,,,1+1+3,,,R1,R,8,19/04/2008
FLR-02702,RIDGE,5,1.4082833,5981,,,1+1+3,,,R1,J,4,10-04-2015
FLR-02703,RIDGE,5,0.8417,0,,,1+1+3,,,R1,J,4,06/02/2010
FLR-02704,RIDGE,7,1.2123,0,,,7D1,,,R2,K,5,03/06/2012
FLR-02705,LAMP,5,1.389875,1,N-030,9525.3286,,2,0,,,,
FLR-02706,LAMP,4,0.9512917,2,N-001,3907.5365,,0,0,,,,
FLR-02707,LAMP,5,0.3224917,2,N-003,18894.809,,2,0,,,,
FLR-02708,RIDGE,5,1.2953,0,,,1+1+3,,,R1,F,3,11/02/2009
FLR-02709,LAMP,5,0.3178499,2,N-024,7890.0952,,4,0,,,,
FLR-02710,RIDGE,7,0.253,0,,,7i,,,R1,T,10,04/02/2010
FLR-02711,RIDGE,5,0.3345,5979,,,5R1,,,R1,J,4,31/01/2009
FLR-02712,LAMP,5,1.1434238,2,N-011,808.859,,2,0,,,,
FLR-02713,RIDGE,5,0.3066166,0,,,5R1,,,R1,S,9,01-04-2015
FLR-02714,RIDGE,5,1.5427722,0,,,1+1+3,,,R1,S,9,29-04-2014
FLR-02715,RIDGE,5,0.7695,0,,,1+1+3,,,R1,F,3,04/03/2010
FLR-02716,LAMP,8,0.628575,2,N-022,27631.70177,,13,0,,,,
FLR-02717,RIDGE,5,1.0961584,5586,,,1+1+3,,,R1,A,1,02-03-2015
FLR-02718,RIDGE,6,1.1591,0,,,6-SMUDGE,,,R1,F,3,04/03/2010
FLR-02719,RIDGE,5,0.3344,5562,,,5R1,,,R1,U,11,11/02/2010
FLR-02720,RIDGE,6,0.9885,5727,,,6-SMUDGE,,,R1,F,3,26/01/2005
FLR-02721,RIDGE,5,0.837,0,,,1+1+3,,,R1,A,1,25/02/2010
FLR-02722,RIDGE,5,0.8316,0,,,1+1+3,,,R1,F,3,04/03/2010
FLR-02723,RIDGE,5,1.5359,0,,,5R3,,,R2,P,7,25/04/2008
FLR-02724,RIDGE,5,1.1701191,0,,,1+1+3,,,R1,U,11,26/03/2015
FLR-02725,RIDGE,5,0.8957787,5151,,,1+1+3,,,R1,U,11,19-03-2015
FLR-02726,RIDGE,5,1.0718,0,,,5R3,,,R2,K,5,03/06/2012
FLR-02727,RIDGE,7,1.1938,5722,,,7D1,,,R1,F,3,12/02/2010
FLR-02728,RIDGE,5,0.304,0,,,5R1,,,R1,D,2,21/03/2008
FLR-02729,RIDGE,8,1.255,0,,,8R,,,R1,V,12,03/02/2010
FLR-02730,RIDGE,5,1.0786,0,,,5R3,,,R2,K,5,03/06/2012
FLR-02731,RIDGE,5,0.7481,0,,,1+1+3,,,R1,J,4,06/02/2010
FLR-02732,LAMP,5,1.0106084,3,N-020,13190.8381,,2,0,,,,
FLR-02733,LAMP,5,1.3291536,2,N-045,5037.8046,,2,0,,,,
FLR-02734,LAMP,5,0.8315995,2,N-003,15725.6467,,2,1,,,,
FLR-02735,RIDGE,5,0.321,0,,,5R1,,,R1,D,2,06/02/2010
FLR-02736,LAMP,5,0.870725,2,N-002,7980.9239,,2,0,,,,
FLR-02737,RIDGE,5,1.2906489,0,,,1+1+3,,,R1,A,1,02/03/2015
FLR-02738,LAMP,5,1.22485,2,N-038,3573.9281,,2,0,,,,
FLR-02739,RIDGE,4,0.714,0,,,1+31,,,R1,V,12,03/02/2010
FLR-02740,RIDGE,4,0.5167,5722,,,4D,,,R1,F,3,09/03/2005
FLR-02741,RIDGE,5,0.3362,0,,,5R1,,,R1,F,3,23/01/2005
FLR-02742,LAMP,5,0.2994166,2,N-003,17734.5846,,4,0,,,,
FLR-02743,RIDGE,5,0.7928376,0,,,1+1+3,,,R1,A,1,02/03/2015
FLR-02744,LAMP,5,0.5132409,2,N-007,1939.7778,,4,0,,,,
FLR-02745,RIDGE,5,1.0791,0,,,5R3,,,R2,P,7,24/04/2008
FLR-02746,RIDGE,5,1.4185579,0,,,5-SMUDGE,,,R1,U,11,26/03/2015
FLR-02747,LAMP,5,1.0892424,1,N-003,16766.524,,2,0,,,,
FLR-02748,RIDGE,4,0.5175,5722,,,4D,,,R1,F,3,23/03/2008
FLR-02749,RIDGE,5,0.36,0,,,5R1,,,R1,R,8,19/04/2008
FLR-02750,RIDGE,4,0.377682,0,,,4R1,,,R1,A,1,02/03/2015
FLR-02751,RIDGE,5,1.3410315,0,,,1+1+3,,,R1,J,4,12/05/2016
FLR-02752,RIDGE,5,1.1253498,0,,,1+1+3,,,R1,U,11,26/03/2015
FLR-02753,RIDGE,4,0.9858137,0,,,4R2,,,R2,ZZZ,13,12-04-2016
FLR-02754,RIDGE,5,1.5307164,0,,,1+1+3,,,R1,S,9,29-04-2014
FLR-02755,RIDGE,9,1.4597,0,,,9R,,,R2,K,5,03/06/2012
FLR-02756,RIDGE,5,1.2991166,5151,,,1+1+3,,,R1,U,11,19-03-2015
FLR-02757,LAMP,5,1.1756417,2,N-012,10031.7223,,2,0,,,,
FLR-02758,RIDGE,5,0.7922,5727,,,1+1+3,,,R1,F,3,23/03/2008
FLR-02759,RIDGE,4,0.396,0,,,1+32,,,R1,N,6,02/04/2010
FLR-02760,LAMP,5,0.7404859,2,N-044,27694.8961,,2,0,,,,
FLR-02761,RIDGE,5,0.8686,5727,,,1+1+3,,,R1,F,3,23/01/2005
FLR-02762,LAMP,5,0.5028584,2,N-005,698.1705,,4,0,,,,
FLR-02763,RIDGE,5,0.999,0,,,1+1+3,,,R1,N,6,02/04/2010
FLR-02764,LAMP,5,0.3145691,2,N-030,10238.8243,,4,0,,,,
FLR-02765,LAMP,7,1.4242583,1,N-012,10123.6949,,7,0,,,,
FLR-02766,RIDGE,5,1.01,5586,,,1+1+3,,,R1,A,1,02/03/2015
FLR-02767,RIDGE,7,1.487216,0,,,7D2,,,R1,J,4,12/05/2016
FLR-02768,RIDGE,5,1.2023,0,,,5R3,,,R2,P,7,25/04/2008
FLR-02769,RIDGE,5,1.0829,0,,,5R3,,,R2,K,5,03/06/2012
FLR-02770,LAMP,5,1.1523917,1,N-003,16065.4513,,2,0,,,,
FLR-02771,RIDGE,5,1.1077444,0,,,1+1+3,,,R1,J,4,12/05/2016
FLR-02772,RIDGE,6,1.1713916,5586,,,6-SMUDGE,,,R1,A,1,02/03/2015
FLR-02773,RIDGE,5,1.031875,5586,,,1+1+3,,,R1,A,1,02-03-2015
FLR-02774,LAMP,5,0.8233758,2,N-004,24984.6279,,2,0,,,,
FLR-02775,RIDGE,5,0.925048,0,,,1+1+3,,,R1,J,4,13-05-2016
FLR-02776,RIDGE,5,0.338,0,,,5R1,,,R1,N,6,23/03/2009
FLR-02777,RIDGE,4,0.9676584,0,,,4R2,,,R1,A,1,02/03/2015
FLR-02778,LAMP,5,1.0922833,1,N-003,16165.7382,,2,0,,,,
FLR-02779,RIDGE,5,1.03784,0,,,1+1+3,,,R1,J,4,12/05/2016
FLR-02780,RIDGE,5,0.327575,5759,,,5R1,,,R1,S,9,07-04-2015
FLR-02781,LAMP,5,0.3246333,1,N-034,10153.61,,4,0,,,,
FLR-02782,LAMP,5,1.179175,1,N-003,17532.4228,,2,0,,,,
FLR-02783,RIDGE,4,0.4966,5722,,,4D,,,R1,F,3,04/03/2010
FLR-02784,RIDGE,3,0.1897,6070/6068,,,3R,,,R1,F,3,05/05/2008
FLR-02785,RIDGE,5,1.11705,5586,,,1+1+3,,,R1,A,1,02/03/2015
FLR-02786,RIDGE,5,1.2983791,0,,,1+1+3,,,R1,A,1,02/03/2015
FLR-02787,RIDGE,5,0.89,5719,,,1+1+3,,,R1,A,1,05/02/2009
FLR-02788,RIDGE,10,0.829,0,,,10i,,,R1,F,3,04/03/2010
FLR-02789,RIDGE,5,0.9884,5727,,,1+1+3,,,R1,F,3,04/03/2010
FLR-02790,RIDGE,5,1.2667,0,,,5R3,,,R2,K,5,03/06/2012
FLR-02791,LAMP,5,1.3982334,1,N-042,1185.8,,2,0,,,,
FLR-02792,RIDGE,4,0.7815689,0,,,4R2,,,R1,A,1,02-03-2015
FLR-02793,RIDGE,7,1.2977661,0,,,7-SMUDGE,,,R1,U,11,31-03-2015
FLR-02794,RIDGE,8,1.4033,5722,,,8R,,,R1,F,3,12/02/2010
FLR-02795,RIDGE,6,1.444,0,,,6R,,,R2,P,7,05/03/2011
FLR-02796,LAMP,5,1.156217,2,N-013,20684.0981,,2,0,,,,
FLR-02797,LAMP,5,1.26305,4,N-014,5189.6294,,2,0,,,,
FLR-02798,RIDGE,5,0.3211256,0,,,5R1,,,R1,F,3,19/03/2015
FLR-02799,RIDGE,4,0.803023,0,,,4R2,,,R1,A,1,02-03-2015
FLR-02800,RIDGE,5,1.0089,0,,,1+1+3,,,R1,J,4,06/02/2010
FLR-02801,RIDGE,5,1.1866061,0,,,1+1+3,,,R1,U,11,26/03/2015
FLR-02802,LAMP,8,0.4261739,2,N-016,21369.4257,,13,0,,,,
FLR-02803,LAMP,5,1.33655,1,N-012,10071.9573,,2,0,,,,
FLR-02804,RIDGE,5,0.9945,0,,,5R3,,,R2,K,5,03/06/2012
FLR-02805,RIDGE,5,0.342,5560,,,5R1,,,R1,F,3,02/03/2005
FLR-02806,RIDGE,5,1.2623905,0,,,1+1+3,,,R1,U,11,31-03-2015
FLR-02807,RIDGE,5,1.226,0,,,1+1+3,,,R1,S,9,29-04-2014
FLR-02808,RIDGE,5,0.331,0,,,5R1,,,R1,T,10,12/03/2010
FLR-02809,LAMP,19,1.0174417,1,N-001,3966.4483,,17,0,,,,
FLR-02810,LAMP,5,0.884431,2,N-003,18051.0889,,2,0,,,,
FLR-02811,RIDGE,6,1.408,0,,,6R,,,R2,K,5,03/06/2012
FLR-02812,RIDGE,9,0.32,0,,,9i,,,R1,T,10,04/02/2010
FLR-02813,RIDGE,9,0.4352,5151,,,9i,,,R1,U,11,16/02/2009
FLR-02814,RIDGE,5,1.1825,0,,,1+1+3,,,R1,F,3,04/03/2010
FLR-02815,LAMP,5,0.9497891,2,N-005,870.5714,,2,0,,,,
FLR-02816,RIDGE,5,0.4347645,0,,,5R2,,,R1,U,11,19-03-2015
FLR-02817,LAMP,5,1.2722516,2,N-003,16782.1094,,2,0,,,,
FLR-02818,RIDGE,6,1.8206,0,,,6R,,,R2,P,7,24/04/2008
FLR-02819,RIDGE,5,1.091,0,,,1+1+3,,,R1,V,12,03/02/2010
FLR-02820,RIDGE,5,0.777,0,,,1+1+3,,,R1,A,1,28/02/2010
FLR-02821,RIDGE,5,1.0034,0,,,1+1+3,,,R1,J,4,31/01/2009
FLR-02822,RIDGE,5,0.337,5126,,,5R1,,,R1,V,12,26/01/2010
FLR-02823,LAMP,5,0.8317167,1,N-003,16710.5417,,2,0,,,,
FLR-02824,RIDGE,6,0.7664,0,,,6-SMUDGE,,,R1,J,4,06/02/2010
FLR-02825,RIDGE,4,0.3665,0,,,4-SMUDGE,,,R2,K,5,03/06/2012
FLR-02826,LAMP,4,0.7735304,2,N-036,27052.3671,,0,0,,,,
FLR-02827,LAMP,5,0.7424465,2,N-033,19104.9029,,2,0,,,,
FLR-02828,RIDGE,5,1.2862331,0,,,1+1+3,,,R1,A,1,02/03/2015
FLR-02829,RIDGE,5,1.4558,0,,,5R3,,,R2,P,7,24/04/2008
FLR-02830,RIDGE,5,1.477,0,,,1+1+3,,,R1,N,6,23/03/2009
FLR-02831,RIDGE,5,1.2175046,0,,,5-SMUDGE,,,R1,F,3,31/03/2015
FLR-02832,LAMP,5,0.8275417,1,N-001,152.9482,,2,0,,,,
FLR-02833,LAMP,5,1.0302692,3,N-012,9489.7666,,2,0,,,,
FLR-02834,LAMP,6,1.447575,1,N-005,949.1403,,16,0,,,,
FLR-02835,LAMP,5,1.1546952,3,N-003,15841.8318,,2,0,,,,
FLR-02836,RIDGE,4,0.752,0,,,4R2,,,R1,A,1,28/02/2010
FLR-02837,LAMP,5,0.865575,1,N-001,135.5877,,2,0,,,,
FLR-02838,RIDGE,5,1.0619,0,,,5R3,,,R2,K,5,03/06/2012
FLR-02839,LAMP,9,0.398175,1,N-014,5838.6976,,11,1,,,,
FLR-02840,RIDGE,5,0.3141753,0,,,5R1,,,R1,J,4,10-04-2015
FLR-02841,LAMP,6,0.8967975,2,N-028,27423.9997,,16,1,,,,
FLR-02842,RIDGE,6,1.1832,0,,,6R,,,R2,K,5,02/06/2012
FLR-02843,RIDGE,5,1.026,0,,,5-SMUDGE,,,R1,V,12,26/01/2010
FLR-02844,RIDGE,5,1.3291536,0,,,1+1+3,,,R1,J,4,12/05/2016
FLR-02845,RIDGE,4,1.2103,0,,,4R2,,,R1,A,1,02-03-2015
FLR-02846,RIDGE,6,0.9957,5722,,,6-SMUDGE,,,R1,F,3,12/02/2010
FLR-02847,RIDGE,4,0.5087,5722,,,4D,,,R1,F,3,11/02/2010
FLR-02848,RIDGE,3,0.3024221,0,,,3D,,,R1,A,1,02-03-2015
FLR-02849,RIDGE,5,1.320675,5151,,,1+1+3,,,R1,U,11,26/03/2015
FLR-02850,RIDGE,5,0.5457752,0,,,5R2,,,R1,U,11,31-03-2015
FLR-02851,RIDGE,3,0.3489916,5133,,,3-SMUDGE,,,R1,N,6,19/03/2015
FLR-02852,RIDGE,5,0.978,0,,,1+1+3,,,R1,D,2,27/03/2008
FLR-02853,LAMP,5,1.1360083,1,N-003,17465.7324,,2,0,,,,
FLR-02854,RIDGE,5,1.2821,5151,,,1+1+3,,,R1,U,11,26/03/2015
FLR-02855,LAMP,5,1.3951433,3,N-024,6774.8585,,2,0,,,,
FLR-02856,LAMP,5,1.1820328,2,N-003,16753.8159,,2,0,,,,
FLR-02857,RIDGE,5,0.7272,5561,,,1+1+3,,,R1,F,3,03/02/2005
FLR-02858,RIDGE,5,1.383034,0,,,1+1+3,,,R1,J,4,10-04-2015
FLR-02859,RIDGE,5,1.0831804,0,,,1+1+3,,,R1,A,1,02/03/2015
FLR-02860,RIDGE,4,1.0665186,0,,,4R2,,,R1,A,1,02/03/2015
FLR-02861,RIDGE,5,1.1224,6058,,,1+1+3,,,R1,U,11,24/01/2010
FLR-02862,RIDGE,5,1.2931333,5151,,,1+1+3,,,R1,U,11,26/03/2015
FLR-02863,LAMP,5,0.8573154,3,N-003,15801.2747,,2,0,,,,
FLR-02864,LAMP,5,1.441425,1,N-038,3552.183,,2,0,,,,
FLR-02865,RIDGE,8,1.2496,5722,,,8R,,,R1,F,3,12/02/2010
FLR-02866,LAMP,5,0.50715,1,N-022,28463.9207,,4,0,,,,
FLR-02867,RIDGE,7,0.2875,5560,,,7i,,,R1,F,3,07/02/2005
FLR-02868,RIDGE,5,0.224,0,,,5-SMUDGE,,,R1,A,1,25/02/2010
FLR-02869,RIDGE,5,0.7804,0,,,1+1+3,,,R1,F,3,04/03/2010
FLR-02870,RIDGE,5,0.345625,6070,,,5R1,,,R1,F,3,19/03/2015
FLR-02871,RIDGE,5,1.5635,0,,,5R3,,,R2,P,7,24/04/2008
FLR-02872,RIDGE,5,0.848,5978,,,1+1+3,,,R1,J,4,30/03/2010
FLR-02873,RIDGE,5,0.4570912,0,,,5R2,,,R1,U,11,31-03-2015
FLR-02874,RIDGE,7,1.4214,5722,,,7D1,,,R1,F,3,12/02/2010
FLR-02875,RIDGE,5,0.3207666,5987,,,5R1,,,R1,J,4,24-04-2014
FLR-02876,RIDGE,5,1.075875,0,,,1+1+3,,,R1,A,1,02-03-2015
FLR-02877,LAMP,8,0.3506743,3,N-040,228.9519,,13,0,,,,
FLR-02878,LAMP,5,0.779904,1,N-048,330.6266,,2,0,,,,
FLR-02879,RIDGE,6,0.41,0,,,6i,,,R1,V,12,22/01/2010
FLR-02880,RIDGE,5,0.327,0,,,5R1,,,R1,R,8,11/04/2008
FLR-02881,RIDGE,5,0.8981999,0,,,1+1+3,,,R1,A,1,02/03/2015
FLR-02882,RIDGE,7,0.925,0,,,7D1,,,R1,A,1,25/03/2008
FLR-02883,RIDGE,5,0.367,0,,,5R1,,,R1,N,6,02/04/2010
FLR-02884,RIDGE,5,1.19735,0,,,1+1+3,,,R1,U,11,31-03-2015
FLR-02885,LAMP,5,0.494275,2,N-018,33714.2744,,4,0,,,,
FLR-02886,RIDGE,5,1.4400333,5759,,,1+1+3,,,R1,S,9,29-04-2014
FLR-02887,RIDGE,5,1.3118809,0,,,1+1+3,,,R1,F,3,31/03/2015
FLR-02888,RIDGE,5,0.326,0,,,5R1,,,R1,T,10,04/02/2010
FLR-02889,LAMP,14,0.4572737,3,N-002,14444.393,,17,0,,,,
FLR-02890,RIDGE,4,1.041175,5719,,,4R2,,,R1,A,1,16-04-2014
FLR-02891,LAMP,5,1.240351,2,N-011,65.1071,,2,0,,,,
FLR-02892,RIDGE,3,0.3083409,0,,,3D,,,R1,A,1,02-03-2015
FLR-02893,RIDGE,4,0.9093083,0,,,4R2,,,R1,A,1,02-03-2015
FLR-02894,RIDGE,5,0.7521,5561,,,1+1+3,,,R1,F,3,09/02/2009
FLR-02895,LAMP,5,0.8274333,1,N-005,3249.9974,,2,0,,,,
FLR-02896,LAMP,5,0.7707167,1,N-030,10225.9466,,2,0,,,,
FLR-02897,RIDGE,4,0.8790005,0,,,4R2,,,R2,ZZZ,13,12-04-2016
FLR-02898,LAMP,5,0.6739417,4,N-042,1752.2495,,15,0,,,,
FLR-02899,RIDGE,5,0.89825,5586,,,1+1+3,,,R1,A,1,02-03-2015
FLR-02900,RIDGE,4,0.941825,0,,,4R2,,,R1,A,1,02-03-2015
FLR-02901,RIDGE,5,0.32656,0,,,5R1,,,R1,A,1,24-04-2016
FLR-02902,RIDGE,5,1.05435,0,,,1+1+3,,,R1,A,1,02/03/2015
FLR-02903,LAMP,5,0.3176349,2,N-024,8049.1017,,4,0,,,,
FLR-02904,LAMP,20,1.2128417,1,N-002,14008.2459,,17,0,,,,
FLR-02905,RIDGE,5,0.33,0,,,5R1,,,R1,T,10,12/03/2010
FLR-02906,RIDGE,5,1.2766,5560,,,1+1+3,,,R1,F,3,12/02/2010
FLR-02907,RIDGE,5,0.7720416,0,,,1+1+3,,,R1,S,9,29-04-2014
FLR-02908,RIDGE,6,0.4034916,0,,,6i,,,R1,J,4,10-04-2015
FLR-02909,LAMP,5,0.3080701,2,N-044,27821.2971,,2,0,,,,
FLR-02910,RIDGE,5,1.2111883,0,,,1+1+3,,,R1,U,11,26/03/2015
FLR-02911,RIDGE,5,1.2060229,0,,,1+1+3,,,R1,U,11,31-03-2015
FLR-02912,LAMP,5,1.10305,1,N-003,16758.4018,,2,0,,,,
FLR-02913,RIDGE,5,0.546,0,,,5R2,,,R1,N,6,02/04/2010
FLR-02914,RIDGE,5,0.6532,0,,,2+3,,,R1,F,3,23/01/2005
FLR-02915,LAMP,7,1.4578167,1,N-001,7319.2284,,7,0,,,,
FLR-02916,LAMP,5,0.9476766,2,N-002,14409.4529,,2,0,,,,
FLR-02917,RIDGE,5,1.3172,0,,,5R3,,,R2,K,5,03/06/2012
FLR-02918,RIDGE,5,0.32,0,,,5R1,,,R1,T,10,15/04/2010
FLR-02919,RIDGE,5,1.1094,5987,,,1+1+3,,,R1,J,4,06/02/2010
FLR-02920,RIDGE,5,0.52085,5151,,,5R2,,,R1,U,11,26/03/2015
FLR-02921,RIDGE,5,0.582,0,,,5-SMUDGE,,,R1,N,6,02/04/2010
FLR-02922,RIDGE,5,1.55784,0,,,1+1+3,,,R1,J,4,12/05/2016
FLR-02923,LAMP,5,0.3335834,1,N-042,2627.4537,,2,0,,,,
FLR-02924,LAMP,5,1.1693736,2,N-022,27722.1108,,2,0,,,,
FLR-02925,RIDGE,5,0.323,5589,,,5R1,,,R1,V,12,26/01/2010
FLR-02926,LAMP,5,1.2877105,2,N-045,5029.7154,,2,0,,,,
FLR-02927,RIDGE,5,0.320792,0,,,5R1,,,R1,A,1,24-04-2016
FLR-02928,LAMP,20,1.1436928,2,N-011,1993.9804,,17,0,,,,
FLR-02929,RIDGE,5,0.343512,0,,,5R1,,,R1,A,1,24-04-2016
FLR-02930,LAMP,7,0.3937822,2,N-026,5865.0198,,7,1,,,,
FLR-02931,RIDGE,5,0.799925,5151,,,1+1+3,,,R1,U,11,19-03-2015
FLR-02932,LAMP,5,1.3125418,1,N-017,29161.6159,,2,0,,,,
FLR-02933,RIDGE,5,0.8991,5151,,,1+1+3,,,R1,U,11,19-03-2015
FLR-02934,RIDGE,5,0.7354,5561,,,1+1+3,,,R1,F,3,02/02/2005
FLR-02935,RIDGE,5,1.4437,0,,,5R3,,,R2,P,7,25/04/2008
FLR-02936,RIDGE,5,0.995,0,,,1+1+3,,,R1,R,8,19/04/2008
FLR-02937,RIDGE,6,0.1339,0,,,6i,,,R1,F,3,23/01/2005
FLR-02938,LAMP,5,1.0180324,3,N-003,17363.9262,,2,0,,,,
FLR-02939,LAMP,5,1.571944,2,N-046,8380.5249,,2,0,,,,
FLR-02940,RIDGE,6,0.6241,5727,,,6i,,,R1,F,3,12/02/2010
FLR-02941,LAMP,5,0.7622167,2,N-003,15994.536,,2,0,,,,
FLR-02942,LAMP,5,1.1783,1,N-011,2275.6554,,2,0,,,,
FLR-02943,RIDGE,8,0.373,5560,,,8i,,,R1,F,3,07/02/2005
FLR-02944,LAMP,5,0.3693,2,N-027,13116.6745,,4,0,,,,
FLR-02945,RIDGE,4,0.8565811,0,,,4R2,,,R2,ZZZ,13,12-04-2016
FLR-02946,RIDGE,4,1.291125,5720,,,4R2,,,R1,A,1,16-04-2014
FLR-02947,LAMP,5,0.32015,1,N-042,2623.3346,,2,0,,,,
FLR-02948,LAMP,5,1.1143331,1,N-001,3933.7924,,2,0,,,,
FLR-02949,RIDGE,5,1.3440323,6052,,,1+1+3,,,R1,S,9,29-04-2014
FLR-02950,RIDGE,5,1.052,0,,,1+1+3,,,R1,T,10,14/04/2010
FLR-02951,RIDGE,6,1.389,5586,,,6-SMUDGE,,,R1,A,1,02/03/2015
FLR-02952,LAMP,5,1.2986333,1,N-006,8797.0878,,2,0,,,,
FLR-02953,RIDGE,5,0.1561,5703,,,5-SMUDGE,,,R1,F,3,18/02/2005
FLR-02954,LAMP,5,0.3642508,3,N-003,18847.1653,,4,0,,,,
FLR-02955,RIDGE,5,1.0968,0,,,5R3,,,R2,K,5,03/06/2012
FLR-02956,RIDGE,6,0.998,0,,,6-SMUDGE,,,R1,D,2,01/04/2010
FLR-02957,RIDGE,5,0.3170917,5726,,,5R1,,,R1,S,9,01-04-2015
FLR-02958,RIDGE,4,1.1430333,5720,,,4R2,,,R1,A,1,16-04-2014
FLR-02959,RIDGE,5,0.334,0,,,5R1,,,R1,T,10,16/04/2010
FLR-02960,RIDGE,2,0.7985602,0,,,2-SMUDGE,,,R1,U,11,26/03/2015
FLR-02961,LAMP,4,1.1290581,2,N-003,15790.2336,,0,0,,,,
FLR-02962,LAMP,5,0.5067771,1,N-014,612.7989,,4,0,,,,
FLR-02963,LAMP,12,0.379965,2,N-003,17678.1415,,17,0,,,,
FLR-02964,RIDGE,7,1.0480591,0,,,7i,,,R1,A,1,02-03-2015
FLR-02965,RIDGE,4,0.2502,0,,,4R1,,,R1,F,3,04/03/2010
FLR-02966,LAMP,3,0.304896,1,N-040,76.6511,,5,0,,,,
FLR-02967,RIDGE,8,0.3513058,0,,,8i,,,R1,J,4,13-05-2016
FLR-02968,RIDGE,5,0.8541109,0,,,1+1+3,,,R1,A,1,02/03/2015
FLR-02969,RIDGE,5,0.4911218,0,,,5R2,,,R1,F,3,19/03/2015
FLR-02970,LAMP,1,0,7,N-001,7200.504,,17,0,,,,
FLR-02971,RIDGE,4,0.757,0,,,1+31,,,R1,V,12,03/02/2010
FLR-02972,RIDGE,5,0.7048,0,,,2+3,,,R1,F,3,23/01/2005
FLR-02973,RIDGE,8,1.5725584,0,,,8D,,,R1,A,1,02/03/2015
FLR-02974,LAMP,5,0.52085,1,N-011,2816.6923,,4,0,,,,
FLR-02975,LAMP,6,1.8232916,1,N-042,1114.6403,,10,1,,,,
FLR-02976,LAMP,5,1.254825,1,N-013,20675.3737,,2,0,,,,
FLR-02977,RIDGE,5,1.045,0,,,1+1+3,,,R1,V,12,03/02/2010
FLR-02978,RIDGE,5,0.7468167,5586,,,1+1+3,,,R1,A,1,02/03/2015
FLR-02979,RIDGE,5,1.1505031,0,,,1+1+3,,,R1,U,11,26/03/2015
FLR-02980,RIDGE,6,0.484,0,,,6i,,,R1,D,2,01/04/2010
FLR-02981,RIDGE,5,1.2768084,0,,,1+1+3,,,R1,S,9,29-04-2014
FLR-02982,RIDGE,5,1.24485,5560,,,1+1+3,,,R1,F,3,31/03/2015
FLR-02983,RIDGE,5,0.865575,5586,,,1+1+3,,,R1,A,1,02-03-2015
FLR-02984,RIDGE,5,0.7362,0,,,1+1+3,,,R2,P,7,25/04/2008
FLR-02985,RIDGE,5,0.321,0,,,5R1,,,R1,T,10,15/01/2005
FLR-02986,RIDGE,5,1.3526916,0,,,1+1+3,,,R1,U,11,31-03-2015
FLR-02987,RIDGE,5,0.705,0,,,5-SMUDGE,,,R1,A,1,25/02/2010
FLR-02988,RIDGE,5,1.212525,5560,,,1+1+3,,,R1,F,3,31/03/2015
FLR-02989,RIDGE,5,1.421,0,,,1+1+3,,,R1,T,10,16/04/2010
FLR-02990,RIDGE,5,1.4072,0,,,5R3,,,R2,P,7,24/04/2008
FLR-02991,RIDGE,5,0.7221,5561,,,1+1+3,,,R1,F,3,09/02/2009
FLR-02992,LAMP,5,0.31405,1,N-026,5986.9378,,4,0,,,,
FLR-02993,RIDGE,5,0.4718501,5151,,,5R2,,,R1,U,11,26/03/2015
FLR-02994,LAMP,5,1.4296833,1,N-042,186.5091,,2,0,,,,
FLR-02995,RIDGE,5,0.3120062,0,,,5R1,,,R1,J,4,12/05/2016
FLR-02996,RIDGE,5,1.1385,5130,,,1+1+3,,,R1,F,3,01/02/2005
FLR-02997,RIDGE,9,0.399975,5151,,,9i,,,R1,U,11,26/03/2015
FLR-02998,RIDGE,5,0.3234095,0,,,5R1,,,R1,S,9,01-04-2015
FLR-02999,RIDGE,3,0.2982791,0,,,3D,,,R1,A,1,02/03/2015
FLR-03000,RIDGE,5,0.3140842,0,,,5R1,,,R1,J,4,12/05/2016
FLR-03001,LAMP,9,0.386181,2,N-002,11105.651,,11,0,,,,
FLR-03002,RIDGE,4,0.8711697,0,,,4R2,,,R1,A,1,02-03-2015
FLR-03003,RIDGE,5,1.2991667,5151,,,1+1+3,,,R1,U,11,26/03/2015
FLR-03004,RIDGE,4,0.9693559,0,,,4R2,,,R1,A,1,02/03/2015
FLR-03005,RIDGE,5,1.0362583,0,,,5R3,,,R2,ZZZ,13,12-04-2016
FLR-03006,RIDGE,5,0.332,0,,,5R1,,,R1,D,2,21/03/2008
FLR-03007,RIDGE,6,1.0021,5722,,,6-SMUDGE,,,R1,F,3,02/02/2010
FLR-03008,LAMP,9,1.4022983,2,N-032,10105.3366,,6,1,,,,
FLR-03009,RIDGE,4,0.2454,0,,,4R1,,,R1,F,3,12/02/2010
FLR-03010,RIDGE,5,0.3178499,0,,,5R1,,,R1,S,9,01-04-2015
FLR-03011,RIDGE,5,1.3545,5981,,,1+1+3,,,R1,J,4,04/05/2008
FLR-03012,RIDGE,9,1.497,0,,,9R,,,R2,P,7,24/04/2008
FLR-03013,LAMP,5,0.9594173,4,N-011,1194.3203,,2,0,,,,
FLR-03014,LAMP,5,1.305018,2,N-013,21875.1264,,2,0,,,,
FLR-03015,LAMP,4,0.2499925,4,N-003,15805.8565,,0,0,,,,
FLR-03016,LAMP,5,1.522225,1,N-041,3855.4277,,2,0,,,,
FLR-03017,RIDGE,5,0.6266417,0,,,2+3,,,R1,S,9,29-04-2014
FLR-03018,RIDGE,5,1.3512,0,,,5R3,,,R2,P,7,25/04/2008
FLR-03019,LAMP,5,1.2012972,8,N-005,3336.2581,,2,0,,,,
FLR-03020,RIDGE,4,0.5637,5722,,,4D,,,R1,F,3,06/03/2005
FLR-03021,RIDGE,10,1.55,0,,,10R,,,R1,V,12,03/02/2010
FLR-03022,LAMP,5,1.2993318,2,N-004,25056.1835,,2,0,,,,
FLR-03023,LAMP,5,1.408525,1,N-030,9521.5726,,2,0,,,,
FLR-03024,LAMP,5,1.3085512,4,N-006,8832.967,,2,0,,,,
FLR-03025,RIDGE,4,1.013,0,,,4R2,,,R1,A,1,25/02/2010
FLR-03026,RIDGE,3,0.3204355,0,,,3D,,,R1,A,1,02-03-2015
FLR-03027,RIDGE,5,0.3245,5562,,,5R1,,,R1,U,11,01/02/2010
FLR-03028,LAMP,5,1.1961266,2,N-003,15527.1262,,2,0,,,,
FLR-03029,LAMP,8,0.3513058,2,N-048,330.0007,,13,0,,,,
FLR-03030,RIDGE,5,0.397,0,,,5R1,,,R1,V,12,03/02/2010
FLR-03031,RIDGE,5,1.17455,5560,,,1+1+3,,,R1,F,3,31/03/2015
FLR-03032,RIDGE,9,1.6367166,5586,,,9-SMUDGE,,,R1,A,1,02/03/2015
FLR-03033,RIDGE,4,0.2523,0,,,4R1,,,R1,F,3,04/03/2010
FLR-03034,LAMP,12,0.564,1,N-024,14575.7433,,17,0,,,,
FLR-03035,RIDGE,5,1.4078627,0,,,1+1+3,,,R1,U,11,31-03-2015
FLR-03036,LAMP,5,0.796768,1,N-048,327.1805,,2,0,,,,
FLR-03037,LAMP,5,0.7838154,6,N-002,14505.4865,,2,0,,,,
FLR-03038,RIDGE,5,0.3495,5727,,,5R1,,,R1,F,3,23/03/2008
FLR-03039,RIDGE,4,1.0307062,0,,,4R2,,,R1,A,1,02/03/2015
FLR-03040,RIDGE,5,1.3190417,5151,,,1+1+3,,,R1,U,11,26/03/2015
FLR-03041,LAMP,8,0.3719417,1,N-041,4442.0789,,9,0,,,,
FLR-03042,RIDGE,5,0.8851,0,,,1+1+3,,,R1,J,4,04/05/2008
FLR-03043,RIDGE,5,0.342,0,,,5R1,,,R1,T,10,17/04/2010
FLR-03044,LAMP,5,0.3164,2,N-028,28237.4539,,4,0,,,,
FLR-03045,RIDGE,5,1.0855,0,,,5R3,,,R2,P,7,24/04/2008
FLR-03046,RIDGE,8,2.1668,0,,,8-SMUDGE,,,R2,P,7,25/04/2008
FLR-03047,LAMP,5,0.4659613,1,N-019,4438.0758,,4,0,,,,
FLR-03048,RIDGE,5,0.3411,0,,,5R1,,,R1,A,1,02/03/2015
FLR-03049,RIDGE,5,1.3007936,0,,,1+1+3,,,R1,A,1,02/03/2015
FLR-03050,RIDGE,5,1.178983,0,,,1+1+3,,,R1,U,11,26/03/2015
FLR-03051,RIDGE,5,0.342,0,,,5R1,,,R1,T,10,11/03/2010
FLR-03052,RIDGE,5,0.687,0,,,2+3,,,R1,T,10,16/04/2010
FLR-03053,RIDGE,7,1.0084,5727,,,7D1,,,R1,F,3,04/03/2010
FLR-03054,RIDGE,5,0.3079,5562,,,5R1,,,R1,U,11,24/01/2010
FLR-03055,LAMP,5,1.0004083,2,N-003,17867.514,,2,0,,,,
FLR-03056,LAMP,5,1.2045072,2,N-006,8644.6929,,2,0,,,,
FLR-03057,RIDGE,8,0.3573,0,,,8i,,,R1,F,3,04/03/2010
FLR-03058,RIDGE,5,0.3224917,0,,,5R1,,,R1,A,1,02/03/2015
FLR-03059,RIDGE,5,1.5312,0,,,5R3,,,R2,P,7,25/04/2008
FLR-03060,RIDGE,5,1.0106084,0,,,1+1+3,,,R1,U,11,31-03-2015
FLR-03061,RIDGE,5,1.205,0,,,1+1+3,,,R1,D,2,20/03/2008
FLR-03062,RIDGE,5,0.326,0,,,5R1,,,R1,V,12,03/02/2010
FLR-03063,LAMP,5,1.1642071,2,N-022,27717.396,,2,0,,,,
FLR-03064,RIDGE,5,0.884,0,,,1+1+3,,,R1,D,2,27/03/2008
FLR-03065,LAMP,5,0.3190883,2,N-024,8041.1999,,4,0,,,,
FLR-03066,RIDGE,4,0.5329,5722,,,4D,,,R1,F,3,23/01/2010
FLR-03067,LAMP,5,0.7522618,2,N-009,896.9845,,2,0,,,,
FLR-03068,RIDGE,5,0.8480559,0,,,1+1+3,,,R1,U,11,19-03-2015
FLR-03069,RIDGE,5,1.003,0,,,1+1+3,,,R1,R,8,19/04/2008
FLR-03070,RIDGE,7,0.4409,0,,,7i,,,R1,F,3,04/03/2010
FLR-03071,RIDGE,5,0.806,0,,,1+1+3,,,R1,R,8,19/04/2008
FLR-03072,RIDGE,5,1.3496807,0,,,1+1+3,,,R1,F,3,31/03/2015
FLR-03073,RIDGE,5,1.2988607,0,,,1+1+3,,,R1,U,11,26/03/2015
FLR-03074,RIDGE,5,0.9762917,0,,,1+1+3,,,R1,A,1,02/03/2015
FLR-03075,RIDGE,7,0.306,0,,,7i,,,R1,V,12,03/02/2010
FLR-03076,LAMP,5,1.55764,2,N-046,8376.5396,,2,0,,,,
FLR-03077,RIDGE,5,1.0554,5561,,,1+1+3,,,R1,F,3,23/01/2005
FLR-03078,RIDGE,5,1.163,0,,,1+1+3,,,R1,R,8,19/04/2008
FLR-03079,LAMP,5,0.3098333,1,N-001,526.7953,,4,0,,,,
FLR-03080,RIDGE,5,1.232997,0,,,1+1+3,,,R1,U,11,26/03/2015
FLR-03081,RIDGE,5,0.3479833,5586,,,5R1,,,R1,A,1,02-03-2015
FLR-03082,RIDGE,5,0.357,0,,,5R1,,,R1,T,10,15/04/2010
FLR-03083,RIDGE,5,0.74,0,,,1+1+3,,,R1,T,10,15/04/2010
FLR-03084,RIDGE,5,0.785,0,,,1+1+3,,,R1,D,2,20/03/2008
FLR-03085,RIDGE,5,1.0118,5981,,,1+1+3,,,R1,J,4,31/01/2009
FLR-03086,RIDGE,5,0.337,5126,,,5R1,,,R1,V,12,26/01/2010
FLR-03087,RIDGE,5,1.2617333,0,,,1+1+3,,,R1,U,11,31-03-2015
FLR-03088,LAMP,5,1.0033839,3,N-012,9482.3963,,2,0,,,,
FLR-03089,RIDGE,6,0.3989,6035,,,6i,,,R1,U,11,11/02/2010
FLR-03090,LAMP,5,0.3535667,2,N-003,18847.3693,,2,0,,,,
FLR-03091,RIDGE,5,1.3445583,0,,,1+1+3,,,R1,U,11,31-03-2015
FLR-03092,LAMP,5,1.3205417,1,N-041,3889.0316,,2,0,,,,
FLR-03093,LAMP,5,0.331224,2,N-040,69.6108,,2,0,,,,
FLR-03094,RIDGE,5,0.9242,0,,,1+1+3,,,R1,J,4,06/02/2010
FLR-03095,LAMP,5,1.2517583,1,N-017,29342.9283,,2,0,,,,
FLR-03096,RIDGE,5,0.332825,5726,,,5R1,,,R1,S,9,01-04-2015
FLR-03097,RIDGE,5,1.0794,0,,,5R3,,,R2,P,7,24/04/2008
FLR-03098,LAMP,4,1.3219157,3,N-003,15875.3585,,0,0,,,,
FLR-03099,LAMP,5,0.8286815,3,N-003,15644.489,,2,0,,,,
FLR-03100,RIDGE,5,0.3199917,0,,,5R1,,,R1,S,9,01-04-2015
FLR-03101,LAMP,5,1.2715251,3,N-003,17924.9517,,2,0,,,,
FLR-03102,RIDGE,5,0.856,0,,,1+1+3,,,R1,N,6,02/04/2010
FLR-03103,RIDGE,5,0.98,0,,,1+1+3,,,R1,R,8,19/04/2008
FLR-03104,RIDGE,7,1.0917,0,,,7D1,,,R1,F,3,04/03/2010
FLR-03105,RIDGE,6,0.721106,0,,,6-SMUDGE,,,R1,A,1,16-04-2014
FLR-03106,RIDGE,4,0.4893,0,,,1+32,,,R2,P,7,25/04/2008
FLR-03107,RIDGE,5,1.1287594,0,,,1+1+3,,,R1,U,11,19-03-2015
FLR-03108,RIDGE,5,0.659,5561,,,5-SMUDGE,,,R1,F,3,03/02/2005
FLR-03109,RIDGE,5,0.344225,5586,,,5R1,,,R1,A,1,02-03-2015
FLR-03110,RIDGE,5,0.335,0,,,5R1,,,R1,N,6,02/04/2010
FLR-03111,RIDGE,5,0.7603,5981,,,1+1+3,,,R1,J,4,03/05/2008
FLR-03112,LAMP,9,0.399975,1,N-013,22546.3392,,11,1,,,,
FLR-03113,RIDGE,5,1.2446,5560,,,1+1+3,,,R1,F,3,03/02/2005
FLR-03114,LAMP,5,0.8057833,1,N-013,20621.5148,,2,0,,,,
FLR-03115,RIDGE,6,1.6798,0,,,6R,,,R2,P,7,05/03/2011
FLR-03116,RIDGE,5,1.2208273,0,,,1+1+3,,,R1,A,1,16-04-2014
FLR-03117,LAMP,5,1.4398862,2,N-045,5198.4677,,2,0,,,,
FLR-03118,RIDGE,7,1.1738,0,,,7D1,,,R2,K,5,03/06/2012
FLR-03119,LAMP,8,1.2404648,2,N-032,10117.3682,,9,0,,,,
FLR-03120,LAMP,5,0.3199917,2,N-025,15130.5614,,4,0,,,,
FLR-03121,RIDGE,7,1.2459202,0,,,7D1,,,R1,F,3,19/03/2015
FLR-03122,LAMP,5,1.226443,3,N-017,29216.196,,2,0,,,,
FLR-03123,RIDGE,4,1.0165829,0,,,4R2,,,R1,A,1,02/03/2015
FLR-03124,LAMP,7,0.3062583,2,N-031,122.0923,,8,0,,,,
FLR-03125,RIDGE,5,1.2969167,0,,,1+1+3,,,R1,J,4,10-04-2015
FLR-03126,RIDGE,7,0.3488,0,,,7i,,,R2,K,5,03/06/2012
FLR-03127,RIDGE,5,0.337,0,,,5R1,,,R1,T,10,16/04/2010
FLR-03128,RIDGE,5,0.322,0,,,5R1,,,R1,D,2,06/02/2010
FLR-03129,RIDGE,5,0.37,0,,,5R1,,,R1,V,12,22/01/2010
FLR-03130,RIDGE,9,1.8856,0,,,9-SMUDGE,,,R2,P,7,05/03/2011
FLR-03131,RIDGE,5,0.7507,5978,,,1+1+3,,,R1,J,4,30/03/2010
FLR-03132,LAMP,5,1.1393674,2,N-012,9494.1559,,2,0,,,,
FLR-03133,RIDGE,5,0.9556928,0,,,1+1+3,,,R1,A,1,02-03-2015
FLR-03134,RIDGE,5,1.2495912,0,,,1+1+3,,,R1,U,11,31-03-2015
FLR-03135,RIDGE,8,2.2607888,0,,,8-SMUDGE,,,R1,A,1,02/03/2015
FLR-03136,RIDGE,5,1.2867487,0,,,1+1+3,,,R1,U,11,31-03-2015
FLR-03137,LAMP,6,0.887225,1,N-010,21227.0198,,10,1,,,,
FLR-03138,LAMP,5,0.3137917,1,N-044,27758.9675,,2,0,,,,
FLR-03139,RIDGE,7,0.333,0,,,7i,,,R1,D,2,27/03/2008
FLR-03140,RIDGE,9,0.2393,5703,,,9i,,,R1,F,3,18/02/2005
FLR-03141,RIDGE,6,1.5765,0,,,6R,,,R2,P,7,25/04/2008
FLR-03142,LAMP,5,0.3262917,1,N-026,5994.9864,,4,0,,,,
FLR-03143,RIDGE,5,1.362,0,,,1+1+3,,,R1,V,12,26/01/2010
FLR-03144,RIDGE,5,1.3399529,5987,,,1+1+3,,,R1,J,4,24-04-2014
FLR-03145,RIDGE,8,1.0154607,5586,,,8-SMUDGE,,,R1,A,1,02-03-2015
FLR-03146,RIDGE,5,1.3237522,0,,,1+1+3,,,R1,U,11,19-03-2015
FLR-03147,RIDGE,5,0.6404553,0,,,2+3,,,R1,U,11,26/03/2015
FLR-03148,RIDGE,5,0.8072,0,,,1+1+3,,,R1,F,3,04/03/2010
FLR-03149,RIDGE,5,1.4452,0,,,1+1+3,,,R1,J,4,06/02/2010
FLR-03150,RIDGE,5,0.804368,5981,,,1+1+3,,,R1,J,4,13-05-2016
FLR-03151,RIDGE,5,1.1668047,0,,,1+1+3,,,R1,U,11,26/03/2015
FLR-03152,RIDGE,4,1.1274417,5720,,,4R2,,,R1,A,1,16-04-2014
FLR-03153,RIDGE,5,1.2967,5561,,,1+1+3,,,R1,F,3,03/02/2005
FLR-03154,LAMP,5,1.056125,2,N-001,7262.6495,,2,0,,,,
FLR-03155,RIDGE,5,0.755,0,,,1+1+3,,,R1,D,2,27/03/2008
FLR-03156,RIDGE,9,0.694425,5151,,,9i,,,R1,U,11,19-03-2015
FLR-03157,RIDGE,5,0.8958917,5586,,,1+1+3,,,R1,A,1,02/03/2015
FLR-03158,RIDGE,5,1.1412916,5586,,,1+1+3,,,R1,A,1,02/03/2015
FLR-03159,LAMP,5,1.212525,1,N-017,29356.1797,,2,0,,,,
FLR-03160,RIDGE,7,0.2958,0,,,7i,,,R1,A,1,02-03-2015
FLR-03161,RIDGE,5,0.938768,0,,,1+1+3,,,R1,J,4,12/05/2016
FLR-03162,RIDGE,5,0.8497,0,,,1+1+3,,,R1,F,3,04/03/2010
FLR-03163,RIDGE,6,1.5557,0,,,6R,,,R2,P,7,24/04/2008
FLR-03164,RIDGE,5,0.3242508,0,,,5R1,,,R1,S,9,01-04-2015
FLR-03165,LAMP,5,0.9922,1,N-005,855.7913,,2,0,,,,
FLR-03166,LAMP,5,1.4088966,2,N-045,5202.1368,,2,0,,,,
FLR-03167,RIDGE,4,0.4939,5561,,,4D,,,R1,F,3,03/03/2010
FLR-03168,RIDGE,9,0.4633583,5151,,,9i,,,R1,U,11,19-03-2015
FLR-03169,RIDGE,5,0.7494,5978,,,1+1+3,,,R1,J,4,03/05/2008
FLR-03170,RIDGE,5,0.3085167,5987,,,5R1,,,R1,J,4,12-05-2016
FLR-03171,RIDGE,5,0.3216071,0,,,5R1,,,R1,S,9,01-04-2015
FLR-03172,RIDGE,7,1.3604,5561,,,7D1,,,R1,F,3,03/03/2010
FLR-03173,RIDGE,5,0.875,0,,,1+1+3,,,R1,A,1,20/01/2010
FLR-03174,RIDGE,5,1.075,0,,,5R3,,,R2,P,7,05/03/2011
FLR-03175,RIDGE,5,1.3945641,0,,,1+1+3,,,R1,U,11,31-03-2015
FLR-03176,RIDGE,9,0.3672,5560,,,9i,,,R1,F,3,07/02/2005
FLR-03177,LAMP,8,1.4512667,2,N-002,14614.0617,,9,0,,,,
FLR-03178,RIDGE,5,0.7196309,0,,,1+1+3,,,R1,U,11,26/03/2015
FLR-03179,RIDGE,5,1.368,0,,,1+1+3,,,R1,V,12,26/01/2010
FLR-03180,RIDGE,5,1.2481584,5151,,,1+1+3,,,R1,U,11,26/03/2015
FLR-03181,LAMP,5,0.7282136,4,N-003,15606.9875,,2,0,,,,
FLR-03182,RIDGE,5,1.1308667,5586,,,1+1+3,,,R1,A,1,02/03/2015
FLR-03183,RIDGE,4,0.1425,0,,,4R1,,,R1,F,3,03/03/2010
FLR-03184,RIDGE,5,1.2704857,0,,,1+1+3,,,R1,U,11,31-03-2015
FLR-03185,RIDGE,4,0.5049,5561,,,4D,,,R1,F,3,03/03/2010
FLR-03186,RIDGE,4,0.5138,5722,,,4D,,,R1,F,3,11/02/2010
FLR-03187,RIDGE,5,1.3359,0,,,5R3,,,R2,P,7,24/04/2008
FLR-03188,RIDGE,5,0.829,0,,,1+1+3,,,R1,A,1,26/03/2010
FLR-03189,RIDGE,8,0.404,0,,,8i,,,R1,V,12,03/02/2010
FLR-03190,LAMP,5,1.3038152,2,N-018,33034.0356,,2,0,,,,
FLR-03191,RIDGE,5,0.6856,5561,,,1+1+3,,,R1,F,3,04/03/2010
FLR-03192,LAMP,5,1.1059568,3,N-011,1178.1237,,2,0,,,,
FLR-03193,RIDGE,5,0.3299,5979,,,5R1,,,R1,J,4,03/05/2008
FLR-03194,RIDGE,5,1.162775,5151,,,1+1+3,,,R1,U,11,19-03-2015
FLR-03195,RIDGE,5,0.5112,5979,,,5R2,,,R1,J,4,31/01/2009
FLR-03196,RIDGE,5,0.356,0,,,5R1,,,R1,R,8,25/03/2008
FLR-03197,RIDGE,5,1.1114969,0,,,1+1+3,,,R1,A,1,02/03/2015
FLR-03198,RIDGE,5,1.27815,0,,,1+1+3,,,R1,U,11,31-03-2015
FLR-03199,RIDGE,4,1.0451701,0,,,4R2,,,R1,A,1,02/03/2015
FLR-03200,LAMP,4,1.3217204,3,N-003,17833.9579,,0,0,,,,
FLR-03201,RIDGE,5,0.8172,5978,,,1+1+3,,,R1,J,4,03/05/2008
FLR-03202,LAMP,5,0.8077417,1,N-003,16987.4642,,2,0,,,,
FLR-03203,RIDGE,5,0.9928,0,,,1+1+3,,,R1,F,3,04/03/2010
FLR-03204,LAMP,5,0.7212899,2,N-033,19100.3548,,2,0,,,,
FLR-03205,RIDGE,5,1.0384,0,,,5R3,,,R2,K,5,03/06/2012
FLR-03206,RIDGE,5,0.367,0,,,5R1,,,R1,V,12,03/02/2010
FLR-03207,RIDGE,5,1.1227,0,,,5R3,,,R2,K,5,03/06/2012
FLR-03208,RIDGE,5,1.283,0,,,1+1+3,,,R1,R,8,19/04/2008
FLR-03209,RIDGE,9,0.37,0,,,9i,,,R1,A,1,26/03/2010
FLR-03210,RIDGE,5,1.363775,5586,,,1+1+3,,,R1,A,1,02-03-2015
FLR-03211,RIDGE,8,0.296,0,,,8i,,,R1,V,12,22/01/2010
FLR-03212,LAMP,4,0.7037386,3,N-003,15808.789,,0,0,,,,
FLR-03213,LAMP,5,1.0872432,3,N-003,15837.1514,,2,0,,,,
FLR-03214,RIDGE,8,1.422683,0,,,8D,,,R1,U,11,31-03-2015
FLR-03215,RIDGE,6,0.645,5727,,,6-SMUDGE,,,R1,F,3,06/03/2005
FLR-03216,RIDGE,4,0.393,0,,,1+32,,,R1,N,6,02/04/2010
FLR-03217,RIDGE,5,1.2245,0,,,5R3,,,R2,K,5,02/06/2012
FLR-03218,LAMP,8,0.6085834,1,N-005,3233.7,,13,0,,,,
FLR-03219,LAMP,4,0.9900942,3,N-003,15686.4059,,0,0,,,,
FLR-03220,LAMP,21,1.1680917,2,N-024,14611.7157,,17,0,,,,
FLR-03221,RIDGE,5,0.3322,5727,,,5R1,,,R1,F,3,12/02/2010
FLR-03222,LAMP,5,0.3162975,3,N-003,18890.7501,,4,0,,,,
FLR-03223,RIDGE,5,1.3112,0,,,5R3,,,R2,P,7,05/03/2011
FLR-03224,RIDGE,5,1.2695,0,,,1+1+3,,,R1,J,4,10-04-2015
FLR-03225,RIDGE,5,0.3118166,5586,,,5R1,,,R1,A,1,02/03/2015
FLR-03226,RIDGE,4,0.5527,5722,,,4D,,,R1,F,3,23/01/2010
FLR-03227,RIDGE,5,1.169,0,,,1+1+3,,,R1,V,12,03/02/2010
FLR-03228,RIDGE,5,1.2476267,5586,,,1+1+3,,,R1,A,1,02-03-2015
FLR-03229,LAMP,5,0.8048833,1,N-002,14539.1084,,2,0,,,,
FLR-03230,LAMP,5,1.2367657,2,N-033,18454.6039,,2,0,,,,
FLR-03231,RIDGE,7,0.488,0,,,7i,,,R1,V,12,26/01/2010
FLR-03232,RIDGE,5,0.5238402,0,,,5R2,,,R1,F,3,31/03/2015
FLR-03233,RIDGE,5,1.167475,5586,,,1+1+3,,,R1,A,1,02-03-2015
FLR-03234,RIDGE,5,1.215575,5151,,,1+1+3,,,R1,U,11,26/03/2015
FLR-03235,RIDGE,5,1.0939,0,,,5R3,,,R2,K,5,03/06/2012
FLR-03236,LAMP,5,1.1458971,3,N-032,10032.5412,,2,0,,,,
FLR-03237,RIDGE,5,1.2323,5560,,,1+1+3,,,R1,F,3,01/02/2005
FLR-03238,RIDGE,5,0.9038,5979,,,1+1+3,,,R1,J,4,31/01/2009
FLR-03239,RIDGE,7,1.1809,0,,,7D1,,,R1,F,3,04/03/2010
FLR-03240,RIDGE,5,1.2879417,0,,,1+1+3,,,R1,U,11,26/03/2015
FLR-03241,LAMP,9,0.3952583,2,N-016,21349.0685,,11,0,,,,
FLR-03242,RIDGE,5,1.2760429,0,,,1+1+3,,,R1,F,3,31/03/2015
FLR-03243,RIDGE,5,1.473,0,,,1+1+3,,,R1,N,6,02/04/2010
FLR-03244,RIDGE,5,0.8758395,0,,,1+1+3,,,R1,A,1,02/03/2015
FLR-03245,LAMP,5,0.7706246,3,N-003,17298.7853,,2,0,,,,
FLR-03246,RIDGE,5,0.654,0,,,2+3,,,R1,F,3,23/01/2005
FLR-03247,RIDGE,5,1.3434949,0,,,1+1+3,,,R1,J,4,10-04-2015
FLR-03248,RIDGE,5,1.1311156,5586,,,1+1+3,,,R1,A,1,02-03-2015
FLR-03249,RIDGE,5,1.2013667,5560,,,1+1+3,,,R1,F,3,31/03/2015
FLR-03250,RIDGE,5,0.9408,0,,,1+1+3,,,R1,F,3,04/03/2010
FLR-03251,LAMP,8,0.3387518,2,N-011,2719.7838,,13,1,,,,
FLR-03252,LAMP,5,0.9762917,2,N-003,17591.9103,,2,0,,,,
FLR-03253,LAMP,5,0.3226834,1,N-001,4348.5757,,2,0,,,,
FLR-03254,RIDGE,6,0.9990958,5586,,,6-SMUDGE,,,R1,A,1,02-03-2015
FLR-03255,RIDGE,9,1.5193,0,,,9R,,,R2,P,7,24/04/2008
FLR-03256,LAMP,5,1.011075,1,N-012,9574.9008,,2,0,,,,
FLR-03257,RIDGE,5,0.325,0,,,5R1,,,R1,D,2,21/03/2008
FLR-03258,LAMP,5,1.245589,4,N-020,10984.8083,,2,0,,,,
FLR-03259,RIDGE,5,1.3997,0,,,5R3,,,R2,P,7,25/04/2008
FLR-03260,RIDGE,5,1.2438,5978,,,1+1+3,,,R1,J,4,31/01/2009
FLR-03261,RIDGE,5,0.3341,5987,,,5R1,,,R1,J,4,12-05-2016
FLR-03262,RIDGE,5,0.3023,5562,,,5R1,,,R1,U,11,11/02/2010
FLR-03263,RIDGE,6,1.0473167,0,,,6-SMUDGE,,,R1,A,1,02-03-2015
FLR-03264,RIDGE,5,1.2579,5727,,,1+1+3,,,R1,F,3,12/02/2010
FLR-03265,RIDGE,5,0.3176,5562,,,5R1,,,R1,U,11,01/02/2010
FLR-03266,LAMP,5,1.2826427,2,N-045,5214.7333,,2,0,,,,
FLR-03267,RIDGE,6,0.8756,0,,,6-SMUDGE,,,R1,F,3,04/03/2010
FLR-03268,RIDGE,4,0.388171,0,,,4R1,,,R1,U,11,26/03/2015
FLR-03269,RIDGE,5,1.2880285,0,,,1+1+3,,,R1,J,4,10-04-2015
FLR-03270,LAMP,5,1.0433136,3,N-012,9494.4161,,2,0,,,,
FLR-03271,LAMP,1,0,2,N-011,1868.6206,,17,0,,,,
FLR-03272,RIDGE,5,0.3284584,5560,,,5R1,,,R1,F,3,31/03/2015
FLR-03273,RIDGE,5,0.326,5562,,,5R1,,,R1,U,11,11/02/2010
FLR-03274,LAMP,5,0.967213,2,N-001,152.8085,,2,1,,,,
FLR-03275,LAMP,5,1.2867487,2,N-023,31588.0751,,2,0,,,,
FLR-03276,RIDGE,4,0.9679894,0,,,4R2,,,R1,A,1,02/03/2015
FLR-03277,RIDGE,4,1.1313223,0,,,4R2,,,R1,A,1,16-04-2014
FLR-03278,LAMP,5,1.1578423,2,N-011,2157.7902,,2,0,,,,
FLR-03279,RIDGE,4,1.089,5720,,,4R2,,,R1,A,1,05/02/2009
FLR-03280,LAMP,5,0.7632467,2,N-003,17276.2407,,2,0,,,,
FLR-03281,RIDGE,5,0.3288681,0,,,5R1,,,R1,S,9,01-04-2015
FLR-03282,RIDGE,5,1.2054333,5560,,,1+1+3,,,R1,F,3,31/03/2015
FLR-03283,RIDGE,5,1.427,0,,,1+1+3,,,R1,D,2,20/03/2008
FLR-03284,RIDGE,5,0.7623166,5151,,,1+1+3,,,R1,U,11,26/03/2015
FLR-03285,RIDGE,5,1.2919217,0,,,1+1+3,,,R1,F,3,31/03/2015
FLR-03286,LAMP,5,1.0192,2,N-045,2473.5481,,2,0,,,,
FLR-03287,LAMP,5,1.4943084,1,N-004,25018.183,,2,0,,,,
FLR-03288,RIDGE,9,0.398175,5560,,,9i,,,R1,F,3,31/03/2015
FLR-03289,RIDGE,5,0.3308,5562,,,5R1,,,R1,U,11,24/01/2010
FLR-03290,RIDGE,5,1.1840359,0,,,1+1+3,,,R1,U,11,26/03/2015
FLR-03291,RIDGE,8,0.5889,5727,,,8i,,,R1,F,3,23/02/2008
FLR-03292,LAMP,20,1.271925,1,N-002,14000.303,,17,0,,,,
FLR-03293,RIDGE,7,1.1481,5722,,,7D1,,,R1,F,3,12/02/2010
FLR-03294,LAMP,8,1.7084448,2,N-023,31629.5819,,9,0,,,,
FLR-03295,RIDGE,5,1.1643,0,,,5R3,,,R2,K,5,03/06/2012
FLR-03296,RIDGE,6,1.0079768,0,,,6-SMUDGE,,,R1,A,1,02/03/2015
FLR-03297,RIDGE,5,0.327,0,,,5R1,,,R1,T,10,12/03/2010
FLR-03298,LAMP,8,0.3462333,2,N-016,21359.4428,,13,0,,,,
FLR-03299,RIDGE,5,0.3351,0,,,5R1,,,R1,U,11,16/02/2009
FLR-03300,LAMP,5,1.210275,1,N-003,17536.1068,,2,0,,,,
FLR-03301,LAMP,5,1.26988,1,N-006,8732.7524,,2,0,,,,
FLR-03302,RIDGE,6,0.8576,0,,,6-SMUDGE,,,R2,K,5,03/06/2012
FLR-03303,LAMP,5,1.14084,3,N-002,14478.1254,,2,0,,,,
FLR-03304,RIDGE,5,0.7766,5981,,,1+1+3,,,R1,J,4,30/03/2010
FLR-03305,RIDGE,5,0.7797583,5151,,,1+1+3,,,R1,U,11,19-03-2015
FLR-03306,RIDGE,7,0.3235,0,,,7i,,,R2,P,7,25/04/2008
FLR-03307,RIDGE,5,1.0745886,0,,,1+1+3,,,R1,A,1,02-03-2015
FLR-03308,LAMP,5,0.3297916,1,N-001,588.3308,,4,0,,,,
FLR-03309,RIDGE,6,1.2859917,5151,,,6-SMUDGE,,,R1,U,11,26/03/2015
FLR-03310,RIDGE,5,1.2109,5727,,,1+1+3,,,R1,F,3,12/02/2010
FLR-03311,LAMP,5,0.3140842,3,N-045,5973.8761,,4,0,,,,
FLR-03312,RIDGE,5,0.349,0,,,5R1,,,R1,R,8,10/04/2008
FLR-03313,RIDGE,8,1.1589,5722,,,8R,,,R1,F,3,12/02/2010
FLR-03314,RIDGE,5,1.1688333,9999,,,5R3,,,R2,ZZZ,13,12-04-2016
FLR-03315,RIDGE,5,0.9584166,0,,,1+1+3,,,R1,A,1,02/03/2015
FLR-03316,LAMP,5,1.3120374,2,N-045,5033.769,,2,0,,,,
FLR-03317,LAMP,5,1.4782916,1,N-042,195.9187,,2,0,,,,
FLR-03318,LAMP,4,1.2399667,2,N-003,17925.0346,,0,0,,,,
FLR-03319,RIDGE,5,0.3322769,0,,,5R1,,,R1,A,1,24-04-2016
FLR-03320,RIDGE,3,0.7044847,0,,,3-SMUDGE,,,R2,ZZZ,13,12-04-2016
FLR-03321,RIDGE,5,0.75,0,,,1+1+3,,,R1,F,3,04/03/2010
FLR-03322,LAMP,5,0.7360095,2,N-003,17279.4066,,2,0,,,,
FLR-03323,LAMP,5,0.8077253,3,N-003,17277.4572,,2,0,,,,
FLR-03324,LAMP,5,0.8805834,1,N-002,14837.8233,,2,0,,,,
FLR-03325,LAMP,5,0.307175,1,N-027,13118.0015,,4,0,,,,
FLR-03326,RIDGE,5,0.8791,5978,,,1+1+3,,,R1,J,4,04/05/2008
FLR-03327,RIDGE,5,1.0668,0,,,1+1+3,,,R1,J,4,06/02/2010
FLR-03328,RIDGE,5,1.3483144,0,,,1+1+3,,,R1,U,11,31-03-2015
FLR-03329,RIDGE,8,1.5508,0,,,8R,,,R2,P,7,05/03/2011
FLR-03330,LAMP,5,0.9578333,2,N-003,17587.7127,,2,0,,,,
FLR-03331,LAMP,9,0.4078,1,N-021,19904.5745,,11,0,,,,
FLR-03332,RIDGE,4,1.2944968,0,,,4R2,,,R1,A,1,02/03/2015
FLR-03333,RIDGE,5,1.173,0,,,1+1+3,,,R1,V,12,03/02/2010
FLR-03334,LAMP,5,1.5173401,2,N-045,5076.6379,,2,0,,,,
FLR-03335,RIDGE,5,0.9694,5727,,,1+1+3,,,R1,F,3,23/01/2005
FLR-03336,RIDGE,3,0.1416,6070/6068,,,3R,,,R1,F,3,04/03/2010
FLR-03337,RIDGE,5,0.9954,5722,,,1+1+3,,,R1,F,3,12/02/2010
FLR-03338,RIDGE,5,0.352,0,,,5R1,,,R1,D,2,01/04/2010
FLR-03339,RIDGE,5,0.5209667,6052,,,5R2,,,R1,S,9,29-04-2014
FLR-03340,RIDGE,5,0.9704917,5586,,,1+1+3,,,R1,A,1,02-03-2015
FLR-03341,RIDGE,5,0.312,0,,,5R1,,,R1,V,12,03/02/2010
FLR-03342,RIDGE,5,0.86,0,,,1+1+3,,,R1,A,1,05/02/2009
FLR-03343,RIDGE,5,1.2124998,0,,,1+1+3,,,R1,U,11,31-03-2015
FLR-03344,RIDGE,5,0.7781667,0,,,1+1+3,,,R1,A,1,02/03/2015
FLR-03345,RIDGE,5,0.327,0,,,5R1,,,R1,T,10,06/03/2010
FLR-03346,RIDGE,5,0.7987834,5151,,,1+1+3,,,R1,U,11,26/03/2015
FLR-03347,RIDGE,5,1.2556,0,,,5R3,,,R2,K,5,02/06/2012
FLR-03348,RIDGE,5,1.2132589,0,,,1+1+3,,,R1,A,1,02/03/2015
FLR-03349,LAMP,5,0.3002957,2,N-046,9513.7651,,4,0,,,,
FLR-03350,LAMP,5,0.8304167,1,N-005,3280.5324,,2,0,,,,
FLR-03351,RIDGE,3,0.3247742,0,,,3D,,,R1,A,1,02-03-2015
FLR-03352,LAMP,5,1.343025,1,N-015,13109.2123,,2,0,,,,
FLR-03353,LAMP,5,0.3909007,3,N-003,15721.339,,4,0,,,,
FLR-03354,RIDGE,5,0.3006863,0,,,5R1,,,R1,J,4,12/05/2016
FLR-03355,RIDGE,7,1.329,5561,,,7D1,,,R1,F,3,03/03/2010
FLR-03356,RIDGE,6,0.4543,6035,,,6i,,,R1,U,11,18/02/2009
FLR-03357,LAMP,5,1.2450834,1,N-017,29360.8854,,2,0,,,,
FLR-03358,RIDGE,5,0.8433333,5586,,,1+1+3,,,R1,A,1,02/03/2015
FLR-03359,LAMP,5,0.3085167,1,N-043,7747.1979,,2,0,,,,
FLR-03360,RIDGE,5,1.2796672,0,,,1+1+3,,,R1,F,3,31/03/2015
FLR-03361,RIDGE,5,0.3713333,0,,,5R1,,,R1,S,9,01-04-2015
FLR-03362,RIDGE,5,1.2923859,0,,,1+1+3,,,R1,J,4,12/05/2016
FLR-03363,RIDGE,5,1.1416,0,,,5R3,,,R2,K,5,03/06/2012
FLR-03364,RIDGE,5,0.4898833,5151,,,5R2,,,R1,U,11,31-03-2015
FLR-03365,LAMP,5,0.296432,2,N-028,28103.5731,,4,0,,,,
FLR-03366,RIDGE,5,1.2212396,0,,,1+1+3,,,R1,U,11,31-03-2015
FLR-03367,LAMP,5,0.2991995,2,N-030,10246.9149,,4,0,,,,
FLR-03368,RIDGE,5,1.7539,0,,,5-SMUDGE,,,R2,K,5,02/06/2012
FLR-03369,RIDGE,3,0.3054025,0,,,3D,,,R1,A,1,02-03-2015
FLR-03370,LAMP,5,1.2623586,3,N-023,31568.3792,,2,0,,,,
FLR-03371,RIDGE,5,0.782,5719,,,1+1+3,,,R1,A,1,05/02/2009
FLR-03372,RIDGE,5,1.1319,5560,,,1+1+3,,,R1,F,3,03/02/2005
FLR-03373,RIDGE,5,1.2232,0,,,5R3,,,R2,P,7,24/04/2008
FLR-03374,RIDGE,5,1.0699353,0,,,1+1+3,,,R1,A,1,02/03/2015
FLR-03375,LAMP,5,0.804368,1,N-048,39.0385,,2,0,,,,
FLR-03376,LAMP,5,1.1988167,1,N-002,13843.5774,,2,0,,,,
FLR-03377,RIDGE,5,0.9810579,0,,,1+1+3,,,R1,A,1,02/03/2015
FLR-03378,RIDGE,5,1.401385,0,,,1+1+3,,,R1,J,4,10-04-2015
FLR-03379,RIDGE,5,0.779904,5981,,,1+1+3,,,R1,J,4,13-05-2016
FLR-03380,RIDGE,9,0.291,0,,,9i,,,R1,T,10,11/03/2010
FLR-03381,LAMP,5,0.7641793,2,N-001,7117.781,,2,0,,,,
FLR-03382,RIDGE,4,0.8422,0,,,1+31,,,R1,U,11,26/03/2015
FLR-03383,LAMP,5,0.9916971,3,N-012,9486.2447,,2,0,,,,
FLR-03384,RIDGE,5,0.3129,0,,,5R1,,,R1,U,11,16/02/2009
FLR-03385,RIDGE,5,0.341,0,,,5R1,,,R1,V,12,22/01/2010
FLR-03386,RIDGE,9,0.4284,5727,,,9i,,,R1,F,3,04/03/2010
FLR-03387,RIDGE,5,1.0022666,5586,,,1+1+3,,,R1,A,1,02/03/2015
FLR-03388,LAMP,6,1.299475,1,N-003,16828.0384,,16,1,,,,
FLR-03389,LAMP,5,0.7188831,4,N-005,3306.0465,,2,0,,,,
FLR-03390,LAMP,8,1.237264,1,N-048,14.2357,,9,0,,,,
FLR-03391,LAMP,5,0.8427962,4,N-011,1177.9515,,2,0,,,,
FLR-03392,RIDGE,5,0.3283,5720,,,5R1,,,R1,A,1,16-04-2014
FLR-03393,RIDGE,3,0.3128583,5133,,,3-SMUDGE,,,R1,N,6,19/03/2015
FLR-03394,RIDGE,1,0,5133,,,1-SMUDGE,,,R1,N,6,19/03/2015
FLR-03395,RIDGE,5,0.8301075,0,,,1+1+3,,,R1,U,11,26/03/2015
FLR-03396,RIDGE,5,0.736125,5586,,,1+1+3,,,R1,A,1,02-03-2015
FLR-03397,RIDGE,5,0.953,0,,,1+1+3,,,R1,V,12,03/02/2010
FLR-03398,LAMP,5,0.32656,2,N-040,64.5882,,2,0,,,,
FLR-03399,LAMP,7,1.2227463,2,N-028,27449.1645,,7,0,,,,
FLR-03400,RIDGE,8,1.3852,0,,,8R,,,R2,K,5,03/06/2012
FLR-03401,RIDGE,8,1.2686,0,,,8R,,,R2,K,5,03/06/2012
FLR-03402,RIDGE,5,0.8131458,0,,,1+1+3,,,R1,A,1,02/03/2015
FLR-03403,RIDGE,5,0.33,0,,,5R1,,,R1,R,8,19/04/2008
FLR-03404,RIDGE,5,1.006,0,,,1+1+3,,,R1,R,8,19/04/2008
FLR-03405,LAMP,9,0.4297167,2,N-018,33632.4548,,11,0,,,,
FLR-03406,RIDGE,10,1.6526,0,,,10R,,,R2,K,5,03/06/2012
FLR-03407,RIDGE,4,0.7816633,0,,,4R2,,,R1,A,1,02/03/2015
FLR-03408,RIDGE,5,1.0689328,0,,,1+1+3,,,R1,A,1,02/03/2015
FLR-03409,RIDGE,5,0.3096709,0,,,5R1,,,R1,J,4,10-04-2015
FLR-03410,RIDGE,5,1.139,0,,,1+1+3,,,R1,T,10,15/04/2010
FLR-03411,RIDGE,6,1.3413731,0,,,6-SMUDGE,,,R1,F,3,31/03/2015
FLR-03412,RIDGE,5,1.083,0,,,5R3,,,R2,K,5,03/06/2012
FLR-03413,RIDGE,4,0.5148,5722,,,4D,,,R1,F,3,23/01/2010
FLR-03414,RIDGE,4,0.998775,9999,,,4R2,,,R2,ZZZ,13,12-04-2016
FLR-03415,RIDGE,5,0.4942184,0,,,5R2,,,R1,F,3,31/03/2015
FLR-03416,RIDGE,4,0.5507,5130,,,4D,,,R1,F,3,07/02/2005
FLR-03417,RIDGE,10,0.341,0,,,10i,,,R1,T,10,15/04/2010
FLR-03418,RIDGE,8,0.4087,5987,,,8i,,,R1,J,4,30/03/2010
FLR-03419,RIDGE,4,0.5249,5722,,,4D,,,R1,F,3,09/03/2005
FLR-03420,LAMP,5,1.2431916,2,N-014,692.5156,,2,0,,,,
FLR-03421,RIDGE,5,0.328,5987,,,5R1,,,R1,J,4,15/02/2007
FLR-03422,RIDGE,5,0.318,0,,,5R1,,,R1,T,10,26/01/2010
FLR-03423,RIDGE,5,1.2337,0,,,5R3,,,R2,K,5,03/06/2012
FLR-03424,RIDGE,5,0.32675,6052,,,5R1,,,R1,S,9,29-04-2014
FLR-03425,RIDGE,8,0.3374327,0,,,8i,,,R1,A,1,16-04-2014
FLR-03426,RIDGE,5,0.34,0,,,5R1,,,R1,N,6,02/04/2010
FLR-03427,RIDGE,5,0.9329,5978,,,1+1+3,,,R1,J,4,31/01/2009
FLR-03428,RIDGE,5,0.3180676,0,,,5R1,,,R1,A,1,02/03/2015
FLR-03429,LAMP,5,0.3308085,2,N-025,15159.0138,,4,0,,,,
FLR-03430,RIDGE,5,0.9017583,5726,,,1+1+3,,,R1,S,9,01-04-2015
FLR-03431,RIDGE,7,0.544,0,,,7i,,,R1,V,12,26/01/2010
FLR-03432,LAMP,5,1.3576084,3,N-033,18434.6557,,2,0,,,,
FLR-03433,LAMP,5,1.1383333,1,N-001,3921.6469,,2,0,,,,
FLR-03434,RIDGE,5,1.3527,5560,,,1+1+3,,,R1,F,3,12/02/2010
FLR-03435,LAMP,5,0.5359333,1,N-041,3564.7702,,4,0,,,,
FLR-03436,LAMP,5,1.2422698,2,N-001,7239.5201,,2,0,,,,
FLR-03437,RIDGE,5,1.0542,0,,,1+1+3,,,R1,F,3,05/05/2008
FLR-03438,RIDGE,10,0.306,0,,,10i,,,R1,T,10,12/03/2010
FLR-03439,LAMP,4,0.7482953,4,N-002,14545.5251,,0,0,,,,
FLR-03440,RIDGE,5,1.2278,5979,,,1+1+3,,,R1,J,4,04/05/2008
FLR-03441,RIDGE,5,0.3238,5562,,,5R1,,,R1,U,11,24/01/2010
FLR-03442,LAMP,5,1.4149031,3,N-033,18448.8443,,2,0,,,,
FLR-03443,RIDGE,5,1.3184708,0,,,1+1+3,,,R1,U,11,31-03-2015
FLR-03444,RIDGE,5,0.823,0,,,1+1+3,,,R1,D,2,18/03/2010
FLR-03445,RIDGE,3,0.545,0,,,3-SMUDGE,,,R1,A,1,25/02/2010
FLR-03446,RIDGE,5,1.1647,5727,,,1+1+3,,,R1,F,3,12/02/2010
FLR-03447,LAMP,5,0.3268851,2,N-029,543.7869,,4,0,,,,
FLR-03448,RIDGE,5,0.3215,5987,,,5R1,,,R1,J,4,13/04/2010
FLR-03449,RIDGE,8,0.3785,5560,,,8i,,,R1,F,3,07/02/2005
FLR-03450,LAMP,7,1.4148167,1,N-012,10134.3635,,7,0,,,,
FLR-03451,RIDGE,5,0.337,0,,,5R1,,,R1,R,8,08/04/2008
FLR-03452,RIDGE,4,0.5272,5722,,,4D,,,R1,F,3,02/02/2010
FLR-03453,RIDGE,5,1.1958,0,,,5R3,,,R2,K,5,03/06/2012
FLR-03454,RIDGE,5,1.0523216,0,,,1+1+3,,,R1,J,4,12/05/2016
FLR-03455,LAMP,4,0.8788253,2,N-002,14828.5285,,0,0,,,,
FLR-03456,LAMP,5,1.5432667,1,N-044,23824.5982,,2,0,,,,
FLR-03457,RIDGE,7,1.5930834,5586,,,7D2,,,R1,A,1,02-03-2015
FLR-03458,RIDGE,6,0.644,0,,,6-SMUDGE,,,R1,A,1,20/01/2010
FLR-03459,LAMP,5,1.3901084,1,N-042,1096.7866,,2,0,,,,
FLR-03460,RIDGE,5,1.3525168,0,,,1+1+3,,,R1,U,11,26/03/2015
FLR-03461,RIDGE,5,0.917,0,,,1+1+3,,,R1,R,8,19/04/2008
FLR-03462,RIDGE,4,0.7623649,0,,,4R2,,,R1,A,1,02/03/2015
FLR-03463,RIDGE,3,0.314048,5712,,,3D,,,R1,A,1,24-04-2016
FLR-03464,RIDGE,5,1.1438,5727,,,1+1+3,,,R1,F,3,23/01/2005
FLR-03465,RIDGE,5,1.1431,5560,,,1+1+3,,,R1,F,3,03/02/2005
FLR-03466,RIDGE,5,1.0677,0,,,5R3,,,R2,P,7,25/04/2008
FLR-03467,RIDGE,6,0.3719,6058,,,6i,,,R1,U,11,11/02/2010
FLR-03468,RIDGE,5,0.327,0,,,5R1,,,R1,D,2,20/03/2008
FLR-03469,RIDGE,5,0.8992,0,,,1+1+3,,,R1,J,4,06/02/2010
FLR-03470,RIDGE,5,1.4728221,0,,,5R3,,,R2,ZZZ,13,12-04-2016
FLR-03471,RIDGE,4,0.7348552,0,,,4R2,,,R1,A,1,02/03/2015
FLR-03472,RIDGE,5,1.3369,5978,,,1+1+3,,,R1,J,4,15/02/2007
FLR-03473,LAMP,6,1.189125,1,N-002,14493.3155,,16,0,,,,
FLR-03474,RIDGE,5,0.546977,0,,,5R2,,,R1,U,11,26/03/2015
FLR-03475,LAMP,12,0.35405,5,N-003,18959.0324,,17,0,,,,
FLR-03476,RIDGE,5,1.445,0,,,1+1+3,,,R1,N,6,02/04/2010
FLR-03477,RIDGE,4,0.5143,5722,,,4D,,,R1,F,3,04/03/2010
FLR-03478,LAMP,5,0.7739798,4,N-011,1165.3769,,2,0,,,,
FLR-03479,RIDGE,5,0.886,0,,,1+1+3,,,R1,V,12,03/02/2010
FLR-03480,LAMP,11,0.7992583,1,N-014,2342.5678,,17,0,,,,
FLR-03481,RIDGE,5,0.6188,5561,,,5-SMUDGE,,,R1,F,3,17/02/2005
FLR-03482,LAMP,9,0.3761,2,N-029,685.2187,,11,0,,,,
FLR-03483,RIDGE,6,1.2085,0,,,6R,,,R2,K,5,03/06/2012
FLR-03484,LAMP,5,1.3190417,1,N-011,2142.8302,,2,0,,,,
FLR-03485,RIDGE,5,1.2549472,0,,,1+1+3,,,R1,F,3,31/03/2015
FLR-03486,LAMP,8,1.3081443,2,N-046,8977.1416,,9,0,,,,
FLR-03487,RIDGE,9,0.3996667,5720,,,9i,,,R1,A,1,16-04-2014
FLR-03488,RIDGE,7,1.0741178,0,,,7D1,,,R1,J,4,10-04-2015
FLR-03489,RIDGE,5,1.2614434,0,,,1+1+3,,,R1,A,1,02-03-2015
FLR-03490,LAMP,5,0.8110917,2,N-003,17686.6675,,4,0,,,,
FLR-03491,LAMP,5,1.2073205,2,N-013,20655.138,,2,0,,,,
FLR-03492,LAMP,8,0.4262417,1,N-021,19919.7119,,13,0,,,,
FLR-03493,RIDGE,4,0.2494,0,,,4R1,,,R1,F,3,04/03/2010
FLR-03494,LAMP,5,0.767025,1,N-002,11122.4273,,2,0,,,,
FLR-03495,RIDGE,5,0.8265,5978,,,1+1+3,,,R1,J,4,31/01/2009
FLR-03496,RIDGE,5,1.2681917,0,,,1+1+3,,,R1,S,9,29-04-2014
FLR-03497,RIDGE,5,1.0864,0,,,5-SMUDGE,,,R1,F,3,04/03/2010
FLR-03498,RIDGE,5,0.327725,5759,,,5R1,,,R1,S,9,01-04-2015
FLR-03499,LAMP,5,0.8500333,1,N-011,1962.8852,,2,0,,,,
FLR-03500,RIDGE,5,0.8942583,0,,,1+1+3,,,R1,A,1,02/03/2015
FLR-03501,RIDGE,4,0.4821,5722,,,4D,,,R1,F,3,04/03/2010
FLR-03502,RIDGE,7,1.4311,5722,,,7D1,,,R1,F,3,12/02/2010
FLR-03503,RIDGE,6,1.172941,5586,,,6-SMUDGE,,,R1,A,1,02/03/2015
FLR-03504,LAMP,5,0.4993084,3,N-012,9475.9232,,4,0,,,,
FLR-03505,RIDGE,5,0.6271167,0,,,5-SMUDGE,,,R1,S,9,29-04-2014
FLR-03506,RIDGE,5,1.417,0,,,1+1+3,,,R1,D,2,20/03/2008
FLR-03507,LAMP,5,1.2470617,4,N-015,12404.8711,,2,0,,,,
FLR-03508,RIDGE,5,1.2865319,0,,,1+1+3,,,R1,F,3,31/03/2015
FLR-03509,RIDGE,5,0.733768,0,,,1+1+3,,,R1,J,4,12/05/2016
FLR-03510,RIDGE,4,0.9628565,0,,,4R2,,,R1,A,1,02/03/2015
FLR-03511,RIDGE,5,0.76,0,,,1+1+3,,,R1,D,2,06/02/2010
FLR-03512,RIDGE,5,0.6830844,0,,,5-SMUDGE,,,R1,A,1,02/03/2015
FLR-03513,RIDGE,5,0.351,0,,,5R1,,,R1,D,2,20/03/2008
FLR-03514,LAMP,5,0.7464,1,N-003,15479.5377,,2,0,,,,
FLR-03515,RIDGE,1,0,0,,,1-SMUDGE,,,R1,F,3,31/03/2015
FLR-03516,RIDGE,4,0.409,0,,,1+32,,,R1,N,6,02/04/2010
FLR-03517,RIDGE,5,0.406,0,,,5R1,,,R1,V,12,03/02/2010
FLR-03518,RIDGE,5,1.441425,5987,,,1+1+3,,,R1,J,4,24-04-2014
FLR-03519,LAMP,5,0.5397316,2,N-003,17331.9478,,4,0,,,,
FLR-03520,LAMP,5,1.2605083,1,N-013,20683.1446,,2,0,,,,
FLR-03521,RIDGE,5,0.762,0,,,1+1+3,,,R1,R,8,19/04/2008
FLR-03522,RIDGE,9,0.311,0,,,9i,,,R1,R,8,25/03/2008
FLR-03523,RIDGE,5,0.6686917,5726,,,2+3,,,R1,S,9,01-04-2015
FLR-03524,RIDGE,6,1.447575,5151,,,6-SMUDGE,,,R1,U,11,19-03-2015
FLR-03525,RIDGE,5,0.3341,5560,,,5R1,,,R1,F,3,23/01/2005
FLR-03526,RIDGE,5,0.8427962,0,,,1+1+3,,,R1,U,11,26/03/2015
FLR-03527,RIDGE,5,0.341,0,,,5R1,,,R1,R,8,19/04/2008
FLR-03528,RIDGE,5,1.4088964,0,,,1+1+3,,,R1,A,1,02-03-2015
FLR-03529,RIDGE,5,1.2625159,5560,,,1+1+3,,,R1,F,3,31/03/2015
FLR-03530,LAMP,5,1.0411916,2,N-003,17845.1938,,2,0,,,,
FLR-03531,RIDGE,5,1.2593235,0,,,1+1+3,,,R1,U,11,31-03-2015
FLR-03532,RIDGE,5,1.1575256,0,,,1+1+3,,,R1,A,1,02/03/2015
FLR-03533,RIDGE,5,0.336,0,,,5R1,,,R1,D,2,06/02/2010
FLR-03534,RIDGE,5,1.333,5560,,,1+1+3,,,R1,F,3,31/03/2015
FLR-03535,LAMP,5,0.5299796,2,N-005,3273.7837,,4,0,,,,
FLR-03536,RIDGE,5,0.341,0,,,5R1,,,R1,D,2,04/04/2008
FLR-03537,RIDGE,6,0.5175,5727,,,6i,,,R1,F,3,12/02/2010
FLR-03538,RIDGE,4,1.0130381,0,,,4R2,,,R1,A,1,02/03/2015
FLR-03539,LAMP,5,0.7823666,1,N-011,1932.2515,,2,0,,,,
FLR-03540,RIDGE,5,1.5091,0,,,1+1+3,,,R1,J,4,06/02/2010
FLR-03541,RIDGE,5,0.377,0,,,5-SMUDGE,,,R1,D,2,04/04/2008
FLR-03542,RIDGE,5,1.335725,5151,,,1+1+3,,,R1,U,11,26/03/2015
FLR-03543,RIDGE,5,0.7910834,0,,,1+1+3,,,R1,A,1,02/03/2015
FLR-03544,LAMP,5,0.3171911,2,N-026,6048.8585,,4,0,,,,
FLR-03545,LAMP,5,0.2994296,1,N-031,208.7242,,4,0,,,,
FLR-03546,RIDGE,5,0.8112,5978,,,1+1+3,,,R1,J,4,03/05/2008
FLR-03547,LAMP,5,0.7781667,2,N-003,16710.5044,,2,0,,,,
FLR-03548,RIDGE,7,0.7579,0,,,7-SMUDGE,,,R1,A,1,02/03/2015
FLR-03549,LAMP,5,1.2876182,2,N-011,878.03,,2,0,,,,
FLR-03550,RIDGE,3,0.5127533,0,,,3-SMUDGE,,,R2,ZZZ,13,12-04-2016
FLR-03551,RIDGE,3,0.1544416,6052,,,3R,,,R1,S,9,29-04-2014
FLR-03552,LAMP,8,0.3666936,2,N-046,9421.7921,,13,0,,,,
FLR-03553,RIDGE,5,1.1016183,0,,,1+1+3,,,R1,A,1,02/03/2015
FLR-03554,RIDGE,9,0.403069,0,,,9i,,,R1,F,3,31/03/2015
FLR-03555,RIDGE,4,0.736,0,,,1+31,,,R1,V,12,03/02/2010
FLR-03556,LAMP,5,1.0598584,1,N-001,186.5992,,2,0,,,,
FLR-03557,RIDGE,5,1.9293,0,,,5-SMUDGE,,,R2,K,5,03/06/2012
FLR-03558,RIDGE,5,1.0665,0,,,5R3,,,R2,K,5,03/06/2012
FLR-03559,RIDGE,7,2.1092,0,,,7-SMUDGE,,,R2,P,7,24/04/2008
FLR-03560,RIDGE,5,1.010531,0,,,1+1+3,,,R1,U,11,26/03/2015
FLR-03561,RIDGE,5,1.0798,0,,,5R3,,,R2,K,5,03/06/2012
FLR-03562,LAMP,5,1.3472923,1,N-017,29166.0592,,2,0,,,,
FLR-03563,LAMP,5,1.1902011,2,N-022,27692.1235,,2,0,,,,
FLR-03564,RIDGE,5,0.8042204,0,,,1+1+3,,,R1,A,1,02/03/2015
FLR-03565,RIDGE,5,1.5173401,0,,,1+1+3,,,R1,J,4,12/05/2016
FLR-03566,LAMP,5,0.314625,1,N-041,4453.1452,,4,0,,,,
FLR-03567,RIDGE,5,1.1561256,0,,,1+1+3,,,R1,U,11,31-03-2015
FLR-03568,RIDGE,5,0.342,0,,,5R1,,,R1,N,6,02/04/2010
FLR-03569,RIDGE,5,1.0503,0,,,5R3,,,R2,K,5,03/06/2012
FLR-03570,RIDGE,5,0.9861666,0,,,1+1+3,,,R1,U,11,31-03-2015
FLR-03571,RIDGE,5,1.2986333,5151,,,1+1+3,,,R1,U,11,19-03-2015
FLR-03572,RIDGE,3,0.391,0,,,3D,,,R1,N,6,23/03/2009
FLR-03573,RIDGE,5,0.7991,5978,,,1+1+3,,,R1,J,4,31/01/2009
FLR-03574,RIDGE,5,1.0154,0,,,5R3,,,R2,K,5,03/06/2012
FLR-03575,LAMP,5,1.2664417,1,N-024,6782.5496,,2,0,,,,
FLR-03576,LAMP,5,0.3029835,2,N-048,352.266,,2,0,,,,
FLR-03577,RIDGE,5,0.89385,5586,,,1+1+3,,,R1,A,1,02/03/2015
FLR-03578,RIDGE,5,0.568,0,,,5R2,,,R1,V,12,26/01/2010
FLR-03579,RIDGE,5,1.3695083,5720,,,1+1+3,,,R1,A,1,16-04-2014
FLR-03580,RIDGE,7,1.35595,0,,,7D2,,,R1,U,11,31-03-2015
FLR-03581,RIDGE,4,0.5437,0,,,4D,,,R1,F,3,04/03/2010
FLR-03582,LAMP,4,1.2944968,2,N-003,17943.6483,,0,0,,,,
FLR-03583,LAMP,5,1.03784,2,N-045,2469.5585,,2,0,,,,
FLR-03584,RIDGE,5,0.748,0,,,1+1+3,,,R1,T,10,10/03/2010
FLR-03585,RIDGE,5,0.3220035,0,,,5R1,,,R1,S,9,01-04-2015
FLR-03586,RIDGE,5,0.3593167,6070,,,5R1,,,R1,F,3,19/03/2015
FLR-03587,LAMP,5,0.9752834,1,N-001,202.5901,,2,0,,,,
FLR-03588,RIDGE,8,0.7003,5727,,,8i,,,R1,F,3,04/03/2010
FLR-03589,LAMP,5,1.290439,3,N-019,3729.9284,,2,0,,,,
FLR-03590,RIDGE,5,1.3112309,0,,,1+1+3,,,R1,F,3,31/03/2015
FLR-03591,LAMP,4,0.5096726,3,N-003,15794.7792,,3,0,,,,
FLR-03592,RIDGE,5,0.8339171,0,,,1+1+3,,,R1,A,1,02/03/2015
FLR-03593,RIDGE,5,0.883,0,,,1+1+3,,,R1,R,8,19/04/2008
FLR-03594,LAMP,5,1.25815,4,N-020,11019.2431,,2,0,,,,
FLR-03595,RIDGE,5,0.3221,5987,,,5R1,,,R1,J,4,13/04/2010
FLR-03596,RIDGE,5,0.832,0,,,1+1+3,,,R1,R,8,19/04/2008
FLR-03597,RIDGE,5,0.3068381,0,,,5R1,,,R1,J,4,10-04-2015
FLR-03598,LAMP,5,0.7574833,2,N-041,3572.1475,,2,0,,,,
FLR-03599,RIDGE,5,0.9888,0,,,5R3,,,R2,P,7,24/04/2008
FLR-03600,RIDGE,4,1.32297,0,,,4R2,,,R1,A,1,02/03/2015
FLR-03601,RIDGE,5,0.5494,5987,,,5R2,,,R1,J,4,06/02/2010
FLR-03602,RIDGE,6,1.2590776,0,,,6-SMUDGE,,,R1,U,11,31-03-2015
FLR-03603,RIDGE,5,0.858,0,,,1+1+3,,,R1,A,1,20/01/2010
FLR-03604,RIDGE,4,1.6022175,0,,,4-SMUDGE,,,R2,ZZZ,13,12-04-2016
FLR-03605,RIDGE,5,1.2085464,0,,,1+1+3,,,R1,U,11,31-03-2015
FLR-03606,RIDGE,5,0.367,0,,,5R1,,,R1,V,12,03/02/2010
FLR-03607,RIDGE,5,0.9700084,5151,,,1+1+3,,,R1,U,11,31-03-2015
FLR-03608,RIDGE,5,0.361344,0,,,5R1,,,R1,A,1,02/03/2015
FLR-03609,RIDGE,4,1.1077092,0,,,4R2,,,R1,A,1,02/03/2015
FLR-03610,LAMP,5,0.8447039,3,N-002,14536.4045,,2,0,,,,
FLR-03611,RIDGE,5,0.8556858,0,,,1+1+3,,,R1,J,4,12/05/2016
FLR-03612,RIDGE,4,1.369019,0,,,4R2,,,R1,A,1,02/03/2015
FLR-03613,LAMP,5,0.489075,1,N-012,9405.645133,,4,0,,,,
FLR-03614,RIDGE,8,0.31,0,,,8i,,,R1,T,10,04/02/2010
FLR-03615,RIDGE,5,1.314,0,,,1+1+3,,,R1,N,6,23/03/2009
FLR-03616,RIDGE,5,1.3063,0,,,1+1+3,,,R1,F,3,11/02/2009
FLR-03617,LAMP,5,1.1905666,1,N-002,13929.0972,,2,0,,,,
FLR-03618,LAMP,5,0.9885917,1,N-001,3900.8927,,2,0,,,,
FLR-03619,RIDGE,5,0.6812,5561,,,5-SMUDGE,,,R1,F,3,23/01/2005
FLR-03620,RIDGE,5,0.7810254,0,,,1+1+3,,,R1,A,1,02/03/2015
FLR-03621,LAMP,5,0.5241987,3,N-005,3259.8845,,4,0,,,,
FLR-03622,RIDGE,5,0.992,0,,,1+1+3,,,R1,T,10,14/04/2010
FLR-03623,LAMP,18,0.6050232,2,N-009,930.9291,,17,0,,,,
FLR-03624,RIDGE,5,0.9848,0,,,5R3,,,R2,K,5,03/06/2012
FLR-03625,LAMP,5,0.3070849,3,N-048,414.0303,,4,0,,,,
FLR-03626,RIDGE,5,0.3461,5560,,,5R1,,,R1,F,3,04/03/2010
FLR-03627,LAMP,5,1.1602725,2,N-011,840.0194,,2,0,,,,
FLR-03628,RIDGE,4,0.7854666,0,,,4R2,,,R2,ZZZ,13,12-04-2016
FLR-03629,RIDGE,5,1.0008622,5151,,,1+1+3,,,R1,U,11,31-03-2015
FLR-03630,RIDGE,1,0,0,,,1-SMUDGE,,,R2,ZZZ,13,12-04-2016
FLR-03631,RIDGE,5,0.8138178,0,,,1+1+3,,,R1,A,1,02-03-2015
FLR-03632,RIDGE,5,0.3185334,0,,,5R1,,,R1,J,4,10-04-2015
FLR-03633,LAMP,13,0.484725,2,N-003,17684.7257,,17,0,,,,
FLR-03634,RIDGE,5,0.3218416,5719,,,5R1,,,R1,A,1,16-04-2014
FLR-03635,RIDGE,5,1.1566,5586,,,1+1+3,,,R1,A,1,02/03/2015
FLR-03636,RIDGE,4,1.0461902,5719,,,4R2,,,R1,A,1,16-04-2014
FLR-03637,RIDGE,7,1.6709,0,,,7R,,,R2,K,5,03/06/2012
FLR-03638,LAMP,5,1.0520833,1,N-003,15633.5823,,2,0,,,,
FLR-03639,LAMP,5,0.4965274,2,N-018,33717.9761,,4,0,,,,
FLR-03640,RIDGE,5,0.8263584,0,,,1+1+3,,,R1,A,1,02/03/2015
FLR-03641,RIDGE,5,1.1919,5727,,,1+1+3,,,R1,F,3,04/03/2010
FLR-03642,LAMP,5,0.8898652,2,N-003,17780.1264,,2,0,,,,
FLR-03643,LAMP,5,1.2355804,4,N-011,1130.1124,,2,0,,,,
FLR-03644,LAMP,7,0.3591001,2,N-034,10010.8316,,8,0,,,,
FLR-03645,RIDGE,4,0.39,0,,,1+32,,,R1,N,6,02/04/2010
FLR-03646,RIDGE,10,1.6525,0,,,10R,,,R2,K,5,02/06/2012
FLR-03647,LAMP,5,1.3647333,3,N-006,8696.1051,,2,0,,,,
FLR-03648,RIDGE,5,1.0993486,0,,,1+1+3,,,R1,A,1,16-04-2014
FLR-03649,RIDGE,5,0.8683833,5586,,,1+1+3,,,R1,A,1,02/03/2015
FLR-03650,RIDGE,4,1.4353083,5720,,,4R2,,,R1,A,1,16-04-2014
FLR-03651,RIDGE,9,0.335,0,,,9i,,,R1,D,2,04/04/2008
FLR-03652,LAMP,5,1.269425,1,N-013,20688.0043,,2,0,,,,
FLR-03653,RIDGE,5,1.2831334,5151,,,1+1+3,,,R1,U,11,26/03/2015
FLR-03654,LAMP,6,0.9990958,1,N-001,7289.7994,,16,1,,,,
FLR-03655,RIDGE,5,1.1683732,0,,,5R3,,,R2,ZZZ,13,12-04-2016
FLR-03656,LAMP,6,0.3916359,3,N-034,10094.4769,,16,0,,,,
FLR-03657,LAMP,4,0.9316936,2,N-001,220.0687,,0,0,,,,
FLR-03658,LAMP,4,0.7866667,2,N-003,17648.0443,,0,0,,,,
FLR-03659,RIDGE,5,0.7804057,0,,,1+1+3,,,R1,A,1,02/03/2015
FLR-03660,RIDGE,5,0.33,0,,,5R1,,,R1,V,12,03/02/2010
FLR-03661,RIDGE,5,0.577,0,,,5R2,,,R1,N,6,02/04/2010
FLR-03662,RIDGE,8,0.3283,6035,,,8i,,,R1,U,11,11/02/2010
FLR-03663,LAMP,5,1.2043833,1,N-014,5300.5731,,2,0,,,,
FLR-03664,LAMP,5,1.2419648,2,N-012,10102.1648,,2,0,,,,
FLR-03665,LAMP,23,1.3107833,2,N-024,14617.2795,,17,0,,,,
FLR-03666,RIDGE,5,0.7838,5981,,,1+1+3,,,R1,J,4,13/04/2010
FLR-03667,LAMP,5,0.3268417,1,N-014,5878.6021,,2,0,,,,
FLR-03668,RIDGE,4,0.778,0,,,1+31,,,R1,V,12,04/02/2010
FLR-03669,RIDGE,5,0.385,0,,,5R1,,,R1,D,2,18/03/2010
FLR-03670,RIDGE,5,0.824,5978,,,1+1+3,,,R1,J,4,03/05/2008
FLR-03671,RIDGE,5,0.356,5560,,,5R1,,,R1,F,3,04/03/2010
FLR-03672,RIDGE,6,0.581,0,,,6i,,,R1,A,1,17/03/2010
FLR-03673,RIDGE,5,0.2999083,5979,,,5R1,,,R1,J,4,10-04-2015
FLR-03674,RIDGE,4,0.2234,0,,,4R1,,,R1,F,3,04/03/2010
FLR-03675,LAMP,5,1.204675,1,N-015,14662.1304,,2,0,,,,
FLR-03676,RIDGE,4,0.468,0,,,4-SMUDGE,,,R1,V,12,03/02/2010
FLR-03677,RIDGE,5,0.388,0,,,5R1,,,R1,T,10,16/04/2010
FLR-03678,LAMP,4,0.9937249,3,N-003,17459.1095,,0,0,,,,
FLR-03679,RIDGE,4,0.5112,0,,,4D,,,R1,F,3,02/02/2010
FLR-03680,LAMP,4,0.9617167,2,N-001,3962.9399,,0,0,,,,
FLR-03681,RIDGE,4,0.8341406,0,,,4R2,,,R1,A,1,02-03-2015
FLR-03682,RIDGE,4,0.696,0,,,4-SMUDGE,,,R1,V,12,03/02/2010
FLR-03683,RIDGE,5,0.3267833,5759,,,5R1,,,R1,S,9,07-04-2015
FLR-03684,RIDGE,5,0.3099,5562,,,5R1,,,R1,U,11,24/01/2010
FLR-03685,LAMP,1,0,4,N-014,5897.5138,,17,0,,,,
FLR-03686,RIDGE,5,1.0110091,0,,,1+1+3,,,R1,A,1,02/03/2015
FLR-03687,RIDGE,5,0.499,5727,,,5R2,,,R1,F,3,04/03/2010
FLR-03688,RIDGE,10,0.373,0,,,10i,,,R1,R,8,08/04/2008
FLR-03689,LAMP,5,1.2767626,3,N-019,3706.7759,,2,0,,,,
FLR-03690,RIDGE,5,1.066,0,,,1+1+3,,,R1,R,8,19/04/2008
FLR-03691,RIDGE,7,1.2098,5722,,,7D1,,,R1,F,3,12/02/2010
FLR-03692,RIDGE,5,0.874,0,,,1+1+3,,,R1,F,3,04/03/2010
FLR-03693,LAMP,18,1.0236833,2,N-020,13189.9927,,17,0,,,,
FLR-03694,RIDGE,5,0.84015,5151,,,1+1+3,,,R1,U,11,19-03-2015
FLR-03695,RIDGE,5,0.368,0,,,5R1,,,R1,N,6,02/04/2010
FLR-03696,RIDGE,5,1.315,0,,,5R3,,,R2,P,7,24/04/2008
FLR-03697,RIDGE,5,0.9508,5978,,,1+1+3,,,R1,J,4,31/01/2009
FLR-03698,RIDGE,5,1.3938166,0,,,1+1+3,,,R1,F,3,31/03/2015
FLR-03699,LAMP,5,0.8359097,2,N-003,16005.1167,,2,0,,,,
FLR-03700,RIDGE,6,0.2672,6058,,,6i,,,R1,U,11,11/02/2010
FLR-03701,LAMP,5,0.8545083,1,N-001,3979.0454,,2,0,,,,
FLR-03702,RIDGE,9,1.5587,0,,,9R,,,R2,K,5,02/06/2012
FLR-03703,LAMP,5,1.2751083,1,N-011,916.0257,,2,0,,,,
FLR-03704,LAMP,5,0.8269103,2,N-003,15873.7138,,2,0,,,,
FLR-03705,RIDGE,5,0.2935,6035,,,5R1,,,R1,U,11,01/02/2010
FLR-03706,LAMP,5,0.3229417,1,N-003,22175.3906,,2,0,,,,
FLR-03707,RIDGE,5,0.7848303,0,,,1+1+3,,,R1,A,1,02/03/2015
FLR-03708,LAMP,6,1.2329025,3,N-003,17476.7731,,16,0,,,,
FLR-03709,RIDGE,5,1.1553,0,,,5R3,,,R2,K,5,02/06/2012
FLR-03710,RIDGE,6,0.814,0,,,6-SMUDGE,,,R1,V,12,03/02/2010
FLR-03711,RIDGE,5,1.5337,0,,,5R3,,,R2,P,7,25/04/2008
FLR-03712,RIDGE,8,0.358,0,,,8i,,,R1,D,2,18/03/2009
FLR-03713,RIDGE,5,1.019,0,,,1+1+3,,,R1,A,1,25/02/2010
FLR-03714,RIDGE,5,1.2556,0,,,1+1+3,,,R1,J,4,06/02/2010
FLR-03715,RIDGE,6,0.4,0,,,6i,,,R1,T,10,15/04/2010
FLR-03716,RIDGE,5,1.057796,0,,,1+1+3,,,R1,U,11,26/03/2015
FLR-03717,LAMP,5,0.77085,1,N-002,11131.0594,,2,0,,,,
FLR-03718,RIDGE,5,0.7230583,5586,,,1+1+3,,,R1,A,1,02/03/2015
FLR-03719,RIDGE,5,0.817,0,,,1+1+3,,,R1,N,6,02/04/2010
FLR-03720,RIDGE,4,0.8694561,0,,,4R2,,,R2,ZZZ,13,12-04-2016
FLR-03721,RIDGE,5,1.4073,0,,,5R3,,,R2,P,7,25/04/2008
FLR-03722,RIDGE,5,0.9642988,0,,,1+1+3,,,R1,S,9,01-04-2015
FLR-03723,RIDGE,5,0.3635,0,,,5R1,,,R1,U,11,16/02/2009
FLR-03724,RIDGE,5,0.335525,0,,,5R1,,,R1,S,9,07-04-2015
FLR-03725,LAMP,4,0.7905475,3,N-003,15668.7648,,0,0,,,,
FLR-03726,RIDGE,5,1.3173,0,,,5R3,,,R2,P,7,05/03/2011
FLR-03727,LAMP,5,0.834425,2,N-003,15945.0451,,2,0,,,,
FLR-03728,RIDGE,5,0.7407666,5151,,,1+1+3,,,R1,U,11,26/03/2015
FLR-03729,RIDGE,5,0.354,0,,,5R1,,,R1,T,10,21/01/2010
FLR-03730,LAMP,5,1.2754666,3,N-015,12473.0809,,2,0,,,,
FLR-03731,RIDGE,5,0.485625,0,,,5R2,,,R1,U,11,19-03-2015
FLR-03732,RIDGE,5,0.2978,5979,,,5R1,,,R1,J,4,31/01/2009
FLR-03733,RIDGE,5,0.4740667,0,,,5R2,,,R1,U,11,19-03-2015
FLR-03734,RIDGE,5,0.3216583,0,,,5R1,,,R1,U,11,26/03/2015
FLR-03735,LAMP,9,0.7375,2,N-019,3286.0944,,11,0,,,,
FLR-03736,RIDGE,5,1.4399001,0,,,1+1+3,,,R1,U,11,19-03-2015
FLR-03737,RIDGE,8,0.1763,5703,,,8i,,,R1,F,3,23/01/2005
FLR-03738,LAMP,5,1.4024953,1,N-002,13787.797,,2,0,,,,
FLR-03739,RIDGE,5,1.1002,0,,,5R3,,,R2,K,5,03/06/2012
FLR-03740,RIDGE,5,1.3833,0,,,5R3,,,R2,P,7,25/04/2008
FLR-03741,RIDGE,5,0.777,0,,,1+1+3,,,R1,N,6,02/04/2010
FLR-03742,RIDGE,5,0.3226917,5726,,,5R1,,,R1,S,9,01-04-2015
FLR-03743,RIDGE,5,1.0721,5727,,,1+1+3,,,R1,F,3,23/01/2005
FLR-03744,RIDGE,5,1.1054,0,,,5R3,,,R2,K,5,03/06/2012
FLR-03745,LAMP,5,0.3146759,2,N-040,190.6756,,4,0,,,,
FLR-03746,RIDGE,7,1.1254,0,,,7D1,,,R1,F,3,04/03/2010
FLR-03747,RIDGE,5,1.273,0,,,1+1+3,,,R1,R,8,19/04/2008
FLR-03748,RIDGE,4,0.698,0,,,1+31,,,R1,T,10,06/03/2010
FLR-03749,LAMP,5,0.3479833,1,N-001,597.804,,4,0,,,,
FLR-03750,RIDGE,5,1.1107,5560,,,1+1+3,,,R1,F,3,31/03/2015
FLR-03751,RIDGE,5,1.1968,5727,,,1+1+3,,,R1,F,3,12/02/2010
FLR-03752,LAMP,7,1.4624,2,N-005,408.5222,,7,0,,,,
FLR-03753,RIDGE,5,0.4837,5151,,,5R2,,,R1,U,11,26/03/2015
FLR-03754,RIDGE,5,0.958,0,,,1+1+3,,,R1,A,1,20/01/2010
FLR-03755,RIDGE,7,1.4015,5561,,,7D1,,,R1,F,3,03/03/2010
FLR-03756,RIDGE,5,1.4139,5987,,,1+1+3,,,R1,J,4,24-04-2014
FLR-03757,RIDGE,5,1.2877105,0,,,1+1+3,,,R1,J,4,12/05/2016
FLR-03758,LAMP,5,1.323261,4,N-006,8828.822,,2,0,,,,
FLR-03759,RIDGE,5,1.4848,5979,,,1+1+3,,,R1,J,4,03/05/2008
FLR-03760,LAMP,5,0.5487166,1,N-012,9432.4499,,4,0,,,,
FLR-03761,LAMP,5,1.2680083,2,N-023,31603.0916,,2,0,,,,
FLR-03762,RIDGE,4,0.8428146,0,,,4R2,,,R1,A,1,16-04-2014
FLR-03763,RIDGE,5,1.125,0,,,5R3,,,R1,A,1,04/03/2005
FLR-03764,LAMP,5,0.3342909,1,N-014,5883.3871,,2,0,,,,
FLR-03765,RIDGE,4,0.2643,0,,,4R1,,,R1,F,3,12/02/2010
FLR-03766,RIDGE,4,0.72,0,,,1+31,,,R1,V,12,03/02/2010
FLR-03767,RIDGE,9,1.333,0,,,9R,,,R1,V,12,03/02/2010
FLR-03768,RIDGE,5,0.333,0,,,5R1,,,R1,V,12,03/02/2010
FLR-03769,RIDGE,6,0.286,0,,,6i,,,R1,D,2,01/04/2010
FLR-03770,LAMP,5,0.3710417,1,N-025,15129.8927,,4,0,,,,
FLR-03771,LAMP,5,1.3038148,2,N-015,13071.3366,,2,0,,,,
FLR-03772,RIDGE,5,0.7525667,5586,,,1+1+3,,,R1,A,1,02/03/2015
FLR-03773,RIDGE,5,1.1139144,0,,,5R3,,,R2,ZZZ,13,12-04-2016
FLR-03774,RIDGE,6,0.3683,6035,,,6i,,,R1,U,11,01/02/2010
FLR-03775,RIDGE,7,0.4559166,5759,,,7i,,,R1,S,9,29-04-2014
FLR-03776,LAMP,5,0.7944679,1,N-011,1941.1709,,2,0,,,,
FLR-03777,LAMP,5,0.3427528,1,N-018,33710.3546,,2,0,,,,
FLR-03778,RIDGE,5,0.317175,5586,,,5R1,,,R1,A,1,02-03-2015
FLR-03779,LAMP,5,0.7618583,1,N-011,1938.2262,,2,0,,,,
FLR-03780,RIDGE,4,0.5446,5722,,,4D,,,R1,F,3,18/02/2009
FLR-03781,RIDGE,10,2.1110769,0,,,10-SMUDGE,,,R1,A,1,02/03/2015
FLR-03782,RIDGE,5,1.1855751,0,,,1+1+3,,,R1,A,1,02/03/2015
FLR-03783,RIDGE,5,0.3256328,5726,,,5R1,,,R1,S,9,01-04-2015
FLR-03784,RIDGE,5,0.790416,0,,,1+1+3,,,R1,J,4,10-04-2015
FLR-03785,RIDGE,5,0.327625,5560,,,5R1,,,R1,F,3,31/03/2015
FLR-03786,RIDGE,5,0.309425,0,,,5R1,,,R1,S,9,01-04-2015
FLR-03787,RIDGE,4,0.867,0,,,4R2,,,R1,A,1,26/03/2010
FLR-03788,RIDGE,5,1.3120174,0,,,1+1+3,,,R1,S,9,29-04-2014
FLR-03789,LAMP,5,1.3041392,2,N-024,6793.9005,,2,0,,,,
FLR-03790,LAMP,5,1.2704833,3,N-041,3609.6368,,2,0,,,,
FLR-03791,RIDGE,5,0.1974,0,,,5-SMUDGE,,,R1,F,3,03/03/2010
FLR-03792,RIDGE,5,1.146,0,,,1+1+3,,,R1,D,2,20/03/2008
FLR-03793,RIDGE,5,0.235,0,,,5R1,,,R1,R,8,19/04/2008
FLR-03794,RIDGE,5,1.2552083,0,,,1+1+3,,,R1,S,9,29-04-2014
FLR-03795,RIDGE,5,0.339,0,,,5R1,,,R1,N,6,02/04/2010
FLR-03796,RIDGE,5,1.349,0,,,1+1+3,,,R1,V,12,26/01/2010
FLR-03797,RIDGE,5,0.337,0,,,5R1,,,R1,V,12,26/01/2010
FLR-03798,RIDGE,5,1.2074,0,,,5R3,,,R2,K,5,03/06/2012
FLR-03799,RIDGE,5,1.25155,5151,,,1+1+3,,,R1,U,11,26/03/2015
FLR-03800,RIDGE,4,0.5556,5722,,,4D,,,R1,F,3,06/03/2005
FLR-03801,LAMP,5,1.019675,1,N-003,17307.1018,,2,0,,,,
FLR-03802,LAMP,5,0.3146167,1,N-028,28134.9769,,4,0,,,,
FLR-03803,RIDGE,5,1.2400167,5560,,,1+1+3,,,R1,F,3,31/03/2015
FLR-03804,RIDGE,5,1.1964,0,,,5R3,,,R2,K,5,03/06/2012
FLR-03805,LAMP,5,0.3368335,2,N-025,15192.8101,,4,0,,,,
FLR-03806,RIDGE,4,0.888,0,,,4R2,,,R1,A,1,26/03/2010
FLR-03807,RIDGE,5,0.5682,5987,,,5R2,,,R1,J,4,06/02/2010
FLR-03808,LAMP,5,1.3654644,2,N-013,21897.4175,,2,0,,,,
FLR-03809,RIDGE,5,0.304,0,,,5R1,,,R1,T,10,15/04/2010
FLR-03810,RIDGE,5,1.3402312,0,,,1+1+3,,,R1,U,11,31-03-2015
FLR-03811,LAMP,5,1.1323696,1,N-014,1131.8697,,2,0,,,,
FLR-03812,LAMP,5,1.581728,2,N-046,8360.6106,,2,0,,,,
FLR-03813,RIDGE,5,1.1309,5560,,,1+1+3,,,R1,F,3,03/02/2005
FLR-03814,RIDGE,5,0.8004,0,,,1+1+3,,,R1,J,4,06/02/2010
FLR-03815,LAMP,1,0,1,N-008,12484.8194,,17,0,,,,
FLR-03816,RIDGE,5,0.6185,0,,,5-SMUDGE,,,R1,F,3,04/03/2010
FLR-03817,RIDGE,5,0.87,0,,,1+1+3,,,R1,A,1,17/03/2010
FLR-03818,RIDGE,5,0.3182084,5726,,,5R1,,,R1,S,9,01-04-2015
FLR-03819,RIDGE,4,0.819,0,,,1+31,,,R1,V,12,22/01/2010
FLR-03820,RIDGE,5,1.3431583,0,,,1+1+3,,,R1,U,11,31-03-2015
FLR-03821,RIDGE,5,0.829,0,,,5-SMUDGE,,,R1,V,12,03/02/2010
FLR-03822,RIDGE,4,1.1768167,0,,,4R2,,,R1,A,1,16-04-2014
FLR-03823,RIDGE,5,1.0454083,0,,,1+1+3,,,R1,A,1,02/03/2015
FLR-03824,LAMP,5,1.05305,1,N-003,16157.5075,,2,0,,,,
FLR-03825,RIDGE,5,1.2678,0,,,5R3,,,R2,P,7,05/03/2011
FLR-03826,LAMP,5,0.78215,1,N-036,27055.6196,,2,0,,,,
FLR-03827,RIDGE,7,0.998,0,,,7D1,,,R1,R,8,19/04/2008
FLR-03828,RIDGE,5,0.326,0,,,5R1,,,R1,V,12,03/02/2010
FLR-03829,RIDGE,5,0.7325083,5981,,,1+1+3,,,R1,J,4,10-04-2015
FLR-03830,RIDGE,5,1.105,0,,,1+1+3,,,R1,N,6,02/04/2010
FLR-03831,RIDGE,5,0.343,0,,,5R1,,,R1,N,6,02/04/2010
FLR-03832,RIDGE,5,1.0967789,0,,,1+1+3,,,R1,A,1,02/03/2015
FLR-03833,LAMP,5,1.3759654,3,N-033,18438.9446,,2,0,,,,
FLR-03834,LAMP,9,0.687925,1,N-008,13216.9504,,11,0,,,,
FLR-03835,RIDGE,5,1.1221418,0,,,1+1+3,,,R1,F,3,19/03/2015
FLR-03836,LAMP,3,0.31324,1,N-040,86.0369,,5,0,,,,
FLR-03837,LAMP,5,0.304561,3,N-035,31370.6963,,4,0,,,,
FLR-03838,LAMP,5,0.8461526,2,N-005,3270.1172,,2,0,,,,
FLR-03839,LAMP,5,1.3619083,1,N-041,3884.3686,,2,0,,,,
FLR-03840,RIDGE,5,0.7365,5561,,,1+1+3,,,R1,F,3,23/01/2005
FLR-03841,RIDGE,5,0.9423083,5151,,,1+1+3,,,R1,U,11,31-03-2015
FLR-03842,RIDGE,5,1.1219,0,,,5R3,,,R2,P,7,05/03/2011
FLR-03843,LAMP,5,1.602752,2,N-046,8352.416,,2,0,,,,
FLR-03844,LAMP,5,0.4750857,2,N-018,33706.363,,4,0,,,,
FLR-03845,RIDGE,5,0.6612,0,,,2+3,,,R1,F,3,23/01/2005
FLR-03846,RIDGE,6,0.7759865,5719,,,6-SMUDGE,,,R1,A,1,16-04-2014
FLR-03847,LAMP,5,0.7170722,3,N-046,9508.4162,,2,0,,,,
FLR-03848,LAMP,5,1.0005395,2,N-002,14454.5098,,2,0,,,,
FLR-03849,LAMP,6,1.0595333,2,N-001,7247.1479,,10,1,,,,
FLR-03850,RIDGE,5,0.8350972,0,,,1+1+3,,,R1,A,1,02/03/2015
FLR-03851,LAMP,7,1.0480591,2,N-001,6945.7537,,8,0,,,,
FLR-03852,RIDGE,5,1.0483,5727,,,1+1+3,,,R1,F,3,07/02/2005
FLR-03853,LAMP,5,0.7579918,2,N-044,27690.0222,,2,0,,,,
FLR-03854,RIDGE,5,0.291,0,,,5R1,,,R1,A,1,26/03/2010
FLR-03855,LAMP,5,0.3272917,2,N-026,5873.1549,,4,0,,,,
FLR-03856,RIDGE,5,0.814326,5979,,,1+1+3,,,R1,J,4,10-04-2015
FLR-03857,RIDGE,5,0.3053,5726,,,5R1,,,R1,S,9,01-04-2015
FLR-03858,LAMP,5,0.3063706,4,N-034,10104.2231,,4,0,,,,
FLR-03859,RIDGE,5,1.1862,0,,,5R3,,,R2,P,7,05/03/2011
FLR-03860,LAMP,5,1.2969167,3,N-033,18522.4948,,2,0,,,,
FLR-03861,RIDGE,5,1.2514,5560,,,1+1+3,,,R1,F,3,12/02/2010
FLR-03862,RIDGE,5,1.2585,0,,,5R3,,,R2,P,7,25/04/2008
FLR-03863,RIDGE,5,0.334,0,,,5R1,,,R1,N,6,02/04/2010
FLR-03864,LAMP,5,1.2413428,2,N-011,799.3067,,2,0,,,,
FLR-03865,RIDGE,5,0.338,0,,,5R1,,,R1,V,12,03/02/2010
FLR-03866,LAMP,4,1.0595726,2,N-001,194.4938,,0,0,,,,
FLR-03867,LAMP,5,0.8604444,2,N-003,16295.9715,,2,0,,,,
FLR-03868,RIDGE,5,0.8913898,0,,,1+1+3,,,R1,A,1,02-03-2015
FLR-03869,RIDGE,3,0.5777239,0,,,3-SMUDGE,,,R2,ZZZ,13,12-04-2016
FLR-03870,RIDGE,5,0.368,0,,,5R1,,,R1,D,2,04/04/2008
FLR-03871,RIDGE,7,0.351,0,,,7i,,,R1,D,2,27/03/2008
FLR-03872,LAMP,4,0.81994,4,N-002,14513.5299,,0,0,,,,
FLR-03873,RIDGE,5,1.2803,5151,,,1+1+3,,,R1,U,11,26/03/2015
FLR-03874,LAMP,4,0.9935083,2,N-001,3938.2503,,0,0,,,,
FLR-03875,RIDGE,5,0.3239183,0,,,5R1,,,R1,A,1,24-04-2016
FLR-03876,LAMP,5,0.3576529,3,N-003,18852.7393,,4,0,,,,
FLR-03877,RIDGE,6,0.437,5987,,,6i,,,R1,J,4,03/05/2008
FLR-03878,RIDGE,5,1.017,0,,,5R3,,,R2,K,5,03/06/2012
FLR-03879,LAMP,5,1.301675,1,N-012,10042.2626,,2,0,,,,
FLR-03880,RIDGE,5,1.184,0,,,1+1+3,,,R1,R,8,19/04/2008
FLR-03881,RIDGE,5,0.8904,0,,,1+1+3,,,R1,J,4,31/01/2009
FLR-03882,RIDGE,5,0.323,0,,,5R1,,,R1,D,2,18/03/2010
FLR-03883,RIDGE,5,1.2564395,0,,,1+1+3,,,R1,J,4,10-04-2015
FLR-03884,RIDGE,5,1.2640235,0,,,1+1+3,,,R1,A,1,02/03/2015
FLR-03885,RIDGE,5,1.1763,0,,,5R3,,,R2,K,5,03/06/2012
FLR-03886,RIDGE,5,0.9102,5979,,,1+1+3,,,R1,J,4,31/01/2009
FLR-03887,RIDGE,5,1.0186583,5759,,,1+1+3,,,R1,S,9,29-04-2014
FLR-03888,RIDGE,7,1.3303,5722,,,7D1,,,R1,F,3,12/02/2010
FLR-03889,RIDGE,5,1.172,0,,,1+1+3,,,R1,V,12,16/01/2010
FLR-03890,RIDGE,5,1.1847674,0,,,1+1+3,,,R1,J,4,12/05/2016
FLR-03891,LAMP,4,1.137375,1,N-035,30880.9584,,0,0,,,,
FLR-03892,RIDGE,5,1.2671333,5151,,,1+1+3,,,R1,U,11,26/03/2015
FLR-03893,RIDGE,5,1.0998926,0,,,1+1+3,,,R1,A,1,02/03/2015
FLR-03894,LAMP,9,0.694425,1,N-005,3225.6685,,11,0,,,,
FLR-03895,RIDGE,5,0.709,0,,,2+3,,,R1,V,12,26/01/2010
FLR-03896,RIDGE,8,1.7472583,0,,,8D,,,R1,A,1,02-03-2015
FLR-03897,LAMP,11,2.001372,2,N-045,5238.7228,,17,1,,,,
FLR-03898,RIDGE,5,1.3697,0,,,5R3,,,R2,P,7,25/04/2008
FLR-03899,LAMP,5,1.2873714,2,N-018,33037.7248,,2,0,,,,
FLR-03900,RIDGE,5,0.7940216,0,,,1+1+3,,,R1,A,1,02/03/2015
FLR-03901,RIDGE,5,1.1855,5151,,,1+1+3,,,R1,U,11,31-03-2015
FLR-03902,RIDGE,5,0.31865,5759,,,5R1,,,R1,S,9,29-04-2014
FLR-03903,RIDGE,5,1.0045,0,,,1+1+3,,,R1,J,4,06/02/2010
FLR-03904,RIDGE,5,0.8193,5978,,,1+1+3,,,R1,J,4,30/03/2010
FLR-03905,RIDGE,5,1.4163,5981,,,1+1+3,,,R1,J,4,03/05/2008
FLR-03906,RIDGE,4,1.2392304,0,,,4R2,,,R1,A,1,02-03-2015
FLR-03907,RIDGE,5,1.1499,0,,,5R3,,,R2,K,5,03/06/2012
FLR-03908,RIDGE,5,0.9721834,5586,,,1+1+3,,,R1,A,1,02/03/2015
FLR-03909,RIDGE,5,0.7934845,0,,,1+1+3,,,R1,A,1,02/03/2015
FLR-03910,RIDGE,5,0.831,0,,,1+1+3,,,R1,A,1,28/02/2010
FLR-03911,LAMP,5,1.335544,3,N-015,12445.759,,2,0,,,,
FLR-03912,RIDGE,5,0.3137584,5726,,,5R1,,,R1,S,9,01-04-2015
FLR-03913,RIDGE,5,1.084,0,,,1+1+3,,,R1,R,8,19/04/2008
FLR-03914,RIDGE,7,0.7162292,0,,,7i,,,R1,F,3,19/03/2015
FLR-03915,RIDGE,5,0.332,0,,,5R1,,,R1,V,12,03/02/2010
FLR-03916,RIDGE,5,1.0322,0,,,5R3,,,R2,P,7,25/04/2008
FLR-03917,RIDGE,5,1.2191237,0,,,1+1+3,,,R1,U,11,31-03-2015
FLR-03918,RIDGE,5,1.3486,0,,,5R3,,,R2,P,7,25/04/2008
FLR-03919,LAMP,5,0.990975,4,N-011,1138.1064,,2,0,,,,
FLR-03920,LAMP,5,1.2128291,2,N-013,20692.4017,,2,0,,,,
FLR-03921,RIDGE,5,0.31515,0,,,5R1,,,R1,S,9,01-04-2015
FLR-03922,LAMP,5,0.31352,2,N-048,375.9581,,4,0,,,,
FLR-03923,LAMP,5,0.4103917,2,N-003,17732.4138,,4,0,,,,
FLR-03924,RIDGE,5,1.027,0,,,1+1+3,,,R1,T,10,14/04/2010
FLR-03925,RIDGE,4,0.1731,0,,,4R1,,,R1,F,3,04/03/2010
FLR-03926,RIDGE,5,0.314,0,,,5R1,,,R1,T,10,15/04/2010
FLR-03927,RIDGE,5,0.3380185,0,,,5-SMUDGE,,,R1,A,1,24-04-2016
FLR-03928,RIDGE,5,0.33,0,,,5R1,,,R1,D,2,18/03/2010
FLR-03929,RIDGE,5,1.0502,5978,,,1+1+3,,,R1,J,4,31/01/2009
FLR-03930,LAMP,5,0.4938083,2,N-023,32264.6288,,4,0,,,,
FLR-03931,LAMP,5,0.3215334,1,N-026,5940.7877,,4,0,,,,
FLR-03932,RIDGE,5,1.044,0,,,1+1+3,,,R1,T,10,15/04/2010
FLR-03933,RIDGE,6,0.669,0,,,6i,,,R1,D,2,27/03/2008
FLR-03934,RIDGE,5,1.084925,5586,,,1+1+3,,,R1,A,1,02/03/2015
FLR-03935,RIDGE,4,0.7704,0,,,4-SMUDGE,,,R2,P,7,25/04/2008
FLR-03936,RIDGE,5,1.1638,5130,,,1+1+3,,,R1,F,3,01/02/2005
FLR-03937,RIDGE,7,0.986,0,,,7D1,,,R1,V,12,03/02/2010
FLR-03938,RIDGE,5,0.3539,6035,,,5R1,,,R1,U,11,11/02/2010
FLR-03939,RIDGE,5,1.0598,5978,,,1+1+3,,,R1,J,4,15/02/2007
FLR-03940,RIDGE,5,0.699575,0,,,2+3,,,R1,S,9,01-04-2015
FLR-03941,RIDGE,5,0.3269,5560,,,5R1,,,R1,F,3,17/02/2005
FLR-03942,LAMP,5,0.3085249,2,N-031,212.9932,,4,0,,,,
FLR-03943,RIDGE,5,1.2043833,5560,,,1+1+3,,,R1,F,3,31/03/2015
FLR-03944,LAMP,5,0.7307017,3,N-003,17772.0553,,4,0,,,,
FLR-03945,RIDGE,5,0.494275,0,,,5R2,,,R1,F,3,31/03/2015
FLR-03946,RIDGE,5,0.8591189,0,,,1+1+3,,,R1,U,11,26/03/2015
FLR-03947,RIDGE,9,0.696,0,,,9i,,,R1,R,8,19/04/2008
FLR-03948,RIDGE,5,0.3283,0,,,5R1,,,R1,U,11,16/02/2009
FLR-03949,RIDGE,5,0.3331599,5560,,,5R1,,,R1,F,3,31/03/2015
FLR-03950,LAMP,5,0.3180584,1,N-029,507.5125,,4,0,,,,
FLR-03951,LAMP,5,0.7975417,1,N-009,934.0189,,2,0,,,,
FLR-03952,LAMP,7,0.3694651,3,N-034,10085.9597,,8,1,,,,
FLR-03953,LAMP,5,0.982525,1,N-024,14601.4891,,2,0,,,,
FLR-03954,RIDGE,5,1.4210916,6052,,,1+1+3,,,R1,S,9,29-04-2014
FLR-03955,RIDGE,5,1.2776,5979,,,1+1+3,,,R1,J,4,04/05/2008
FLR-03956,LAMP,5,1.2690167,1,N-024,6799.5577,,2,0,,,,
FLR-03957,RIDGE,5,0.77,0,,,1+1+3,,,R1,A,1,20/01/2010
FLR-03958,RIDGE,5,0.89,0,,,1+1+3,,,R1,D,2,01/04/2010
FLR-03959,RIDGE,9,1.8239644,0,,,9-SMUDGE,,,R1,J,4,12/05/2016
FLR-03960,RIDGE,5,1.3212,5561,,,1+1+3,,,R1,F,3,03/02/2005
FLR-03961,RIDGE,5,0.75086,0,,,1+1+3,,,R1,A,1,02/03/2015
FLR-03962,RIDGE,9,1.3568254,0,,,9R,,,R1,J,4,12/05/2016
FLR-03963,RIDGE,5,0.32,0,,,5R1,,,R1,T,10,26/01/2010
FLR-03964,RIDGE,10,0.5525,0,,,10i,,,R2,P,7,25/04/2008
FLR-03965,LAMP,5,0.31025,2,N-027,13170.8784,,4,0,,,,
FLR-03966,RIDGE,5,1.1115677,0,,,1+1+3,,,R1,A,1,02/03/2015
FLR-03967,LAMP,5,1.1709423,2,N-003,17569.6722,,2,0,,,,
FLR-03968,LAMP,9,0.4015,1,N-011,2731.139,,6,0,,,,
FLR-03969,RIDGE,5,0.3382,0,,,5R1,,,R1,S,9,01-04-2015
FLR-03970,RIDGE,5,1.1610584,9999,,,5R3,,,R2,ZZZ,13,12-04-2016
FLR-03971,RIDGE,5,0.362,0,,,5R1,,,R1,T,10,16/04/2010
FLR-03972,LAMP,5,0.8656621,2,N-002,14507.261,,2,0,,,,
FLR-03973,RIDGE,7,0.972,0,,,7D1,,,R1,A,1,25/03/2008
FLR-03974,RIDGE,5,1.2630665,0,,,1+1+3,,,R1,U,11,31-03-2015
FLR-03975,RIDGE,5,1.447,0,,,1+1+3,,,R1,A,1,20/01/2010
FLR-03976,LAMP,5,0.9704917,1,N-001,7192.8012,,2,0,,,,
FLR-03977,LAMP,5,1.2996083,1,N-011,838.959,,2,0,,,,
FLR-03978,LAMP,5,0.8327917,1,N-003,16722.9689,,2,0,,,,
FLR-03979,RIDGE,5,0.322,5562,,,5R1,,,R1,U,11,24/01/2010
FLR-03980,RIDGE,5,0.7726332,0,,,1+1+3,,,R1,S,9,29-04-2014
FLR-03981,RIDGE,5,1.0940417,0,,,1+1+3,,,R1,U,11,31-03-2015
FLR-03982,RIDGE,5,0.3781,6058,,,5R1,,,R1,U,11,24/01/2010
FLR-03983,RIDGE,5,0.5241,5151,,,5R2,,,R1,U,11,16/02/2009
FLR-03984,LAMP,5,1.1311156,1,N-001,7199.4665,,2,0,,,,
FLR-03985,RIDGE,5,1.2803234,0,,,1+1+3,,,R1,U,11,26/03/2015
FLR-03986,LAMP,5,1.3449606,2,N-042,2023.5648,,2,0,,,,
FLR-03987,RIDGE,5,1.4931,5560,,,1+1+3,,,R1,F,3,05/05/2008
FLR-03988,LAMP,5,0.9020304,2,N-022,27663.8112,,2,0,,,,
FLR-03989,LAMP,5,0.6566822,2,N-002,14755.9234,,4,0,,,,
FLR-03990,RIDGE,5,0.353,0,,,5R1,,,R1,N,6,02/04/2010
FLR-03991,RIDGE,7,0.954,0,,,7D1,,,R1,A,1,25/03/2008
FLR-03992,RIDGE,5,1.557875,5987,,,1+1+3,,,R1,J,4,12-05-2016
FLR-03993,RIDGE,4,0.5118,5722,,,4D,,,R1,F,3,18/02/2009
FLR-03994,LAMP,8,0.6288833,3,N-017,29081.3684,,13,0,,,,
FLR-03995,LAMP,4,1.369019,3,N-003,15861.9268,,0,0,,,,
FLR-03996,LAMP,5,0.496032,2,N-005,699.7439,,4,0,,,,
FLR-03997,LAMP,3,0.2928291,2,N-001,4362.5235,,5,0,,,,
FLR-03998,RIDGE,5,1.1107251,0,,,1+1+3,,,R1,U,11,31-03-2015
FLR-03999,RIDGE,8,0.3582918,0,,,8i,,,R1,U,11,31-03-2015
FLR-04000,RIDGE,6,0.356,0,,,6i,,,R1,A,1,25/03/2008
FLR-04001,RIDGE,8,0.3883416,5759,,,8i,,,R1,S,9,07-04-2015
FLR-04002,RIDGE,6,1.365,0,,,6-SMUDGE,,,R1,V,12,26/01/2010
FLR-04003,RIDGE,5,0.318,0,,,5R1,,,R1,V,12,22/01/2010
FLR-04004,LAMP,5,1.1946962,2,N-003,15523.4873,,2,0,,,,
FLR-04005,RIDGE,5,1.123,0,,,1+1+3,,,R1,A,1,17/03/2010
FLR-04006,LAMP,5,1.162775,1,N-005,961.4082,,2,0,,,,
FLR-04007,RIDGE,5,0.8259237,0,,,1+1+3,,,R1,A,1,02/03/2015
FLR-04008,RIDGE,5,1.034,5727,,,1+1+3,,,R1,F,3,04/03/2010
FLR-04009,RIDGE,5,1.199,0,,,1+1+3,,,R1,D,2,20/03/2008
FLR-04010,LAMP,5,1.3247002,1,N-012,10051.9856,,2,0,,,,
FLR-04011,LAMP,5,0.3278,1,N-024,7894.579,,2,0,,,,
FLR-04012,LAMP,5,1.2766917,1,N-042,1073.7358,,2,0,,,,
FLR-04013,RIDGE,5,1.2984,0,,,5R3,,,R2,P,7,24/04/2008
FLR-04014,LAMP,5,0.38335,1,N-001,4389.419,,2,0,,,,
FLR-04015,RIDGE,5,1.018925,5586,,,1+1+3,,,R1,A,1,02/03/2015
FLR-04016,RIDGE,5,0.328,0,,,5R1,,,R1,T,10,17/04/2010
FLR-04017,RIDGE,5,0.2069,0,,,5-SMUDGE,,,R1,F,3,04/03/2010
FLR-04018,RIDGE,5,0.21,0,,,5-SMUDGE,,,R1,F,3,04/03/2010
FLR-04019,LAMP,5,1.387294,3,N-045,5206.0818,,2,0,,,,
FLR-04020,LAMP,5,0.9815167,1,N-024,14597.028,,2,0,,,,
FLR-04021,RIDGE,7,1.1205,5722,,,7D1,,,R1,F,3,02/02/2010
FLR-04022,RIDGE,5,0.9974209,0,,,1+1+3,,,R1,U,11,26/03/2015
FLR-04023,RIDGE,5,0.276,0,,,5R1,,,R1,D,2,21/03/2008
FLR-04024,RIDGE,5,1.049,0,,,1+1+3,,,R1,V,12,03/02/2010
FLR-04025,RIDGE,5,0.834,0,,,1+1+3,,,R1,D,2,01/04/2010
FLR-04026,RIDGE,5,0.8406038,0,,,1+1+3,,,R1,F,3,19/03/2015
FLR-04027,RIDGE,4,0.5174,5722,,,4D,,,R1,F,3,23/01/2010
FLR-04028,LAMP,5,0.3220646,2,N-029,495.0989,,4,0,,,,
FLR-04029,RIDGE,2,0.2486007,5133,,,2-SMUDGE,,,R1,N,6,19/03/2015
FLR-04030,LAMP,5,1.2991917,1,N-014,1087.9716,,2,0,,,,
FLR-04031,RIDGE,5,1.3123,0,,,1+1+3,,,R1,J,4,06/02/2010
FLR-04032,RIDGE,5,1.1643931,0,,,1+1+3,,,R1,F,3,31/03/2015
FLR-04033,RIDGE,5,1.369,0,,,1+1+3,,,R1,V,12,16/01/2010
FLR-04034,RIDGE,5,1.300934,5151,,,1+1+3,,,R1,U,11,26/03/2015
FLR-04035,RIDGE,5,1.08535,5586,,,1+1+3,,,R1,A,1,02-03-2015
FLR-04036,RIDGE,3,0.349,0,,,3D,,,R1,A,1,28/02/2010
FLR-04037,RIDGE,4,0.697,0,,,1+31,,,R1,V,12,03/02/2010
FLR-04038,LAMP,5,0.3092083,1,N-036,27694.8782,,4,0,,,,
FLR-04039,RIDGE,5,1.1553,5727,,,1+1+3,,,R1,F,3,04/03/2010
FLR-04040,LAMP,5,1.2292307,4,N-003,17456.2656,,2,0,,,,
FLR-04041,RIDGE,5,1.3649128,0,,,1+1+3,,,R1,U,11,31-03-2015
FLR-04042,RIDGE,5,1.188,0,,,5R3,,,R1,A,1,04/03/2005
FLR-04043,RIDGE,5,0.4707,5979,,,5R2,,,R1,J,4,31/01/2009
FLR-04044,RIDGE,8,0.6288833,0,,,8i,,,R1,F,3,31/03/2015
FLR-04045,LAMP,5,1.3964785,2,N-001,7232.3415,,2,0,,,,
FLR-04046,RIDGE,4,0.81994,0,,,4R2,,,R1,A,1,02/03/2015
FLR-04047,RIDGE,5,1.558,0,,,1+1+3,,,R1,D,2,20/03/2008
FLR-04048,RIDGE,5,1.195,0,,,1+1+3,,,R1,D,2,20/03/2008
FLR-04049,LAMP,5,0.7726332,11,N-042,1701.9882,,2,0,,,,
FLR-04050,RIDGE,5,0.3374,5560,,,5R1,,,R1,F,3,23/01/2005
FLR-04051,LAMP,5,1.1822317,3,N-033,18505.9194,,2,0,,,,
FLR-04052,RIDGE,8,0.7062325,0,,,8-SMUDGE,,,R1,J,4,12/05/2016
FLR-04053,RIDGE,5,0.69235,6070,,,1+1+3,,,R1,F,3,19/03/2015
FLR-04054,RIDGE,5,0.338,0,,,5R1,,,R1,R,8,19/04/2008
FLR-04055,RIDGE,5,0.8228,5981,,,1+1+3,,,R1,J,4,13/04/2010
FLR-04056,RIDGE,5,1.1214,0,,,1+1+3,,,R1,J,4,06/02/2010
FLR-04057,RIDGE,5,0.3255,5979,,,5R1,,,R1,J,4,31/01/2009
FLR-04058,LAMP,5,0.3116478,1,N-017,29939.6624,,4,0,,,,
FLR-04059,RIDGE,10,0.384,0,,,10i,,,R1,T,10,17/04/2010
FLR-04060,RIDGE,5,1.1195,0,,,5R3,,,R2,K,5,03/06/2012
FLR-04061,RIDGE,10,0.406,0,,,10i,,,R1,T,10,10/03/2010
FLR-04062,RIDGE,5,1.2857521,5560,,,1+1+3,,,R1,F,3,31/03/2015
FLR-04063,LAMP,5,0.344225,1,N-002,11166.2832,,2,0,,,,
FLR-04064,LAMP,5,1.1085834,1,N-003,16754.3778,,2,0,,,,
FLR-04065,LAMP,9,1.8621824,1,N-005,954.9187,,6,0,,,,
FLR-04066,RIDGE,5,1.1978,5560,,,1+1+3,,,R1,F,3,01/02/2005
FLR-04067,RIDGE,5,0.5017102,0,,,5R2,,,R1,F,3,31/03/2015
FLR-04068,LAMP,5,1.2778387,2,N-018,33029.9764,,2,0,,,,
FLR-04069,LAMP,5,1.1656583,1,N-003,16836.1561,,2,0,,,,
FLR-04070,LAMP,10,1.46484,1,N-048,19.5367,,17,1,,,,
FLR-04071,LAMP,20,1.1149727,2,N-011,1941.5009,,17,0,,,,
FLR-04072,LAMP,5,1.2402464,6,N-005,3317.7395,,2,0,,,,
FLR-04073,RIDGE,4,1.1075,0,,,4R2,,,R2,K,5,02/06/2012
FLR-04074,LAMP,4,0.9693559,3,N-003,17870.9934,,0,0,,,,
FLR-04075,RIDGE,5,0.9368239,0,,,1+1+3,,,R1,A,1,02/03/2015
FLR-04076,LAMP,19,1.0957583,1,N-003,17183.795,,17,1,,,,
FLR-04077,RIDGE,5,1.067,0,,,1+1+3,,,R1,D,2,01/04/2010
FLR-04078,RIDGE,7,0.3025,6035,,,7i,,,R1,U,11,11/02/2010
FLR-04079,RIDGE,7,1.3038,5561,,,7D1,,,R1,F,3,03/03/2010
FLR-04080,RIDGE,5,0.3120584,5759,,,5R1,,,R1,S,9,01-04-2015
FLR-04081,LAMP,5,0.838825,1,N-001,145.8571,,2,0,,,,
FLR-04082,RIDGE,5,1.1226,5561,,,1+1+3,,,R1,F,3,23/01/2005
FLR-04083,LAMP,5,0.8053243,2,N-003,17348.4242,,2,0,,,,
FLR-04084,RIDGE,5,0.318,5126,,,5R1,,,R1,V,12,26/01/2010
FLR-04085,LAMP,5,1.2426742,3,N-020,11725.0108,,2,0,,,,
FLR-04086,RIDGE,5,1.2837666,0,,,1+1+3,,,R1,U,11,26/03/2015
FLR-04087,RIDGE,5,1.269425,5151,,,1+1+3,,,R1,U,11,26/03/2015
FLR-04088,RIDGE,5,0.3357,5560,,,5R1,,,R1,F,3,24/02/2008
FLR-04089,RIDGE,4,0.783075,5720,,,4R2,,,R1,A,1,16-04-2014
FLR-04090,RIDGE,4,1.0003497,0,,,4R2,,,R1,A,1,02/03/2015
FLR-04091,LAMP,5,0.4583843,2,N-014,5883.4281,,4,0,,,,
FLR-04092,RIDGE,5,1.0264,5727,,,1+1+3,,,R1,F,3,07/02/2005
FLR-04093,LAMP,5,1.011325,2,N-032,10049.7249,,2,0,,,,
FLR-04094,LAMP,9,1.709325,1,N-001,7325.9475,,6,0,,,,
FLR-04095,RIDGE,5,0.3255592,0,,,5R1,,,R1,A,1,02/03/2015
FLR-04096,LAMP,5,1.1778959,2,N-003,15534.9107,,2,0,,,,
FLR-04097,RIDGE,5,1.235,0,,,1+1+3,,,R1,A,1,20/01/2010
FLR-04098,RIDGE,5,1.147725,5586,,,1+1+3,,,R1,A,1,02/03/2015
FLR-04099,RIDGE,8,0.67705,5151,,,8i,,,R1,U,11,26/03/2015
FLR-04100,RIDGE,5,0.3088333,5987,,,5R1,,,R1,J,4,12-05-2016
FLR-04101,RIDGE,5,0.8576044,0,,,1+1+3,,,R1,U,11,19-03-2015
FLR-04102,RIDGE,5,1.0271166,5586,,,1+1+3,,,R1,A,1,02/03/2015
FLR-04103,RIDGE,8,0.3709334,0,,,8i,,,R1,F,3,31/03/2015
FLR-04104,RIDGE,5,1.1352,0,,,5-SMUDGE,,,R1,F,3,04/03/2010
FLR-04105,RIDGE,5,1.23505,5560,,,1+1+3,,,R1,F,3,31/03/2015
FLR-04106,RIDGE,5,0.32,0,,,5R1,,,R1,T,10,04/02/2010
FLR-04107,LAMP,5,0.7753499,1,N-003,18056.3061,,2,0,,,,
FLR-04108,RIDGE,7,1.2333,5722,,,7D1,,,R1,F,3,12/02/2010
FLR-04109,RIDGE,5,0.8038083,5981,,,1+1+3,,,R1,J,4,10-04-2015
FLR-04110,RIDGE,5,0.3654,5563,,,5R1,,,R1,F,3,02/02/2010
FLR-04111,RIDGE,5,1.2601084,0,,,1+1+3,,,R1,S,9,01-04-2015
FLR-04112,RIDGE,5,0.3402084,5759,,,5R1,,,R1,S,9,07-04-2015
FLR-04113,LAMP,5,1.2727833,1,N-011,2224.0438,,2,0,,,,
FLR-04114,LAMP,5,1.339575,2,N-019,3846.8738,,2,0,,,,
FLR-04115,RIDGE,5,0.329,0,,,5R1,,,R1,T,10,10/03/2010
FLR-04116,RIDGE,5,0.315,0,,,5R1,,,R1,D,2,18/03/2010
FLR-04117,RIDGE,5,0.334,0,,,5R1,,,R1,T,10,26/01/2010
FLR-04118,RIDGE,5,0.3336,5562,,,5R1,,,R1,U,11,13/02/2008
FLR-04119,RIDGE,5,0.412,0,,,5-SMUDGE,,,R1,R,8,19/04/2008
FLR-04120,LAMP,6,1.336725,1,N-003,16816.2662,,16,1,,,,
FLR-04121,RIDGE,5,0.742,0,,,1+1+3,,,R1,N,6,03/04/2010
FLR-04122,LAMP,5,0.8923667,2,N-024,6941.3055,,15,0,,,,
FLR-04123,RIDGE,5,1.2988584,5560,,,1+1+3,,,R1,F,3,31/03/2015
FLR-04124,RIDGE,5,0.4806,0,,,5R2,,,R1,F,3,04/03/2010
FLR-04125,RIDGE,5,0.8273,5981,,,1+1+3,,,R1,J,4,15/02/2007
FLR-04126,RIDGE,5,0.372,0,,,5R1,,,R1,D,2,20/03/2008
FLR-04127,RIDGE,7,1.2416,5722,,,7D1,,,R1,F,3,12/02/2010
FLR-04128,RIDGE,5,1.4582898,6052,,,1+1+3,,,R1,S,9,29-04-2014
FLR-04129,LAMP,4,0.9741236,5,N-002,14756.7761,,0,0,,,,
FLR-04130,RIDGE,10,0.8033068,0,,,10i,,,R1,A,1,16-04-2014
FLR-04131,RIDGE,5,1.3375834,5151,,,1+1+3,,,R1,U,11,26/03/2015
FLR-04132,RIDGE,5,0.9005049,0,,,1+1+3,,,R1,U,11,19-03-2015
FLR-04133,RIDGE,4,0.9059166,0,,,4R2,,,R1,A,1,02-03-2015
FLR-04134,RIDGE,5,0.3198,6058,,,5R1,,,R1,U,11,01/02/2010
FLR-04135,RIDGE,5,0.787,5978,,,1+1+3,,,R1,J,4,31/01/2009
FLR-04136,RIDGE,5,0.3294833,5759,,,5R1,,,R1,S,9,01-04-2015
FLR-04137,RIDGE,5,1.228251,0,,,1+1+3,,,R1,A,1,02/03/2015
FLR-04138,RIDGE,5,0.3136713,5726,,,5R1,,,R1,S,9,01-04-2015
FLR-04139,RIDGE,5,0.3185,5979,,,5R1,,,R1,J,4,31/01/2009
FLR-04140,LAMP,5,1.3031714,3,N-002,14482.584,,2,0,,,,
FLR-04141,LAMP,5,0.333062,2,N-024,7894.5069,,4,0,,,,
FLR-04142,RIDGE,4,0.882,0,,,4R2,,,R1,A,1,05/02/2009
FLR-04143,RIDGE,8,0.3617669,0,,,8i,,,R1,U,11,31-03-2015
FLR-04144,LAMP,5,1.3445469,2,N-011,897.292,,2,0,,,,
FLR-04145,RIDGE,5,0.8126677,0,,,1+1+3,,,R1,A,1,02/03/2015
FLR-04146,RIDGE,5,0.336,0,,,5R1,,,R1,T,10,14/04/2010
FLR-04147,LAMP,4,0.2453182,2,N-025,15163.0666,,0,0,,,,
FLR-04148,RIDGE,5,1.145,0,,,1+1+3,,,R1,R,8,19/04/2008
FLR-04149,RIDGE,5,1.3982334,5759,,,1+1+3,,,R1,S,9,29-04-2014
FLR-04150,RIDGE,5,0.747,0,,,1+1+3,,,R1,D,2,27/03/2008
FLR-04151,LAMP,5,1.1539931,3,N-012,9581.4063,,2,0,,,,
FLR-04152,RIDGE,5,1.0279385,0,,,1+1+3,,,R1,U,11,31-03-2015
FLR-04153,RIDGE,5,0.819,0,,,1+1+3,,,R1,D,2,06/02/2010
FLR-04154,LAMP,5,1.1560496,3,N-003,15846.2759,,2,0,,,,
FLR-04155,RIDGE,5,0.8888,0,,,1+1+3,,,R1,F,3,11/02/2009
FLR-04156,RIDGE,6,0.1121,5703,,,6i,,,R1,F,3,18/02/2005
FLR-04157,LAMP,5,1.2262953,2,N-022,27766.5265,,2,0,,,,
FLR-04158,RIDGE,8,0.5625061,0,,,8R,,,R1,U,11,31-03-2015
FLR-04159,RIDGE,5,1.1094497,0,,,1+1+3,,,R1,U,11,26/03/2015
FLR-04160,RIDGE,4,1.0307395,0,,,4R2,,,R1,A,1,02-03-2015
FLR-04161,RIDGE,5,1.200672,0,,,1+1+3,,,R1,J,4,12/05/2016
FLR-04162,LAMP,4,1.1274667,2,N-035,30895.1941,,0,0,,,,
FLR-04163,RIDGE,5,0.7827077,0,,,1+1+3,,,R1,J,4,10-04-2015
FLR-04164,RIDGE,5,1.1197735,0,,,1+1+3,,,R1,U,11,26/03/2015
FLR-04165,LAMP,5,1.3442992,2,N-042,1999.9475,,2,0,,,,
FLR-04166,RIDGE,5,0.986,0,,,1+1+3,,,R1,V,12,03/02/2010
FLR-04167,RIDGE,5,0.3273466,5720,,,5R1,,,R1,A,1,16-04-2014
FLR-04168,LAMP,5,0.956275,1,N-003,15512.0031,,2,0,,,,
FLR-04169,RIDGE,5,0.7009417,5720,,,5-SMUDGE,,,R1,A,1,16-04-2014
FLR-04170,RIDGE,5,1.2707,0,,,1+1+3,,,R1,U,11,19-03-2015
FLR-04171,RIDGE,5,0.304,5589,,,5R1,,,R1,V,12,26/01/2010
FLR-04172,LAMP,5,1.2354917,2,N-001,7242.9962,,2,0,,,,
FLR-04173,RIDGE,5,1.1896,5563,,,1+1+3,,,R1,F,3,02/02/2010
FLR-04174,RIDGE,5,1.129,5561,,,1+1+3,,,R1,F,3,23/01/2005
FLR-04175,LAMP,4,0.9997651,2,N-001,182.2411,,0,0,,,,
FLR-04176,RIDGE,6,0.4860833,0,,,6i,,,R1,A,1,02/03/2015
FLR-04177,LAMP,17,0.9277916,1,N-001,126.0372,,17,0,,,,
FLR-04178,LAMP,5,1.3564583,1,N-002,13795.5212,,2,0,,,,
FLR-04179,RIDGE,7,1.2674,5722,,,7D1,,,R1,F,3,12/02/2010
FLR-04180,LAMP,3,0.3024221,2,N-001,642.1682,,5,0,,,,
FLR-04181,RIDGE,5,1.1798,0,,,5R3,,,R2,K,5,03/06/2012
FLR-04182,LAMP,5,1.34805,1,N-013,21918.8369,,2,0,,,,
FLR-04183,RIDGE,5,1.3599199,0,,,1+1+3,,,R1,A,1,02/03/2015
FLR-04184,RIDGE,6,1.2323,0,,,6-SMUDGE,,,R1,F,3,04/03/2010
FLR-04185,LAMP,5,1.2642084,1,N-013,20696.049,,2,0,,,,
FLR-04186,RIDGE,5,1.3264,0,,,5R3,,,R2,P,7,24/04/2008
FLR-04187,LAMP,5,0.7928376,4,N-003,17436.8293,,2,0,,,,
FLR-04188,RIDGE,5,0.569,0,,,5R2,,,R1,N,6,02/04/2010
FLR-04189,RIDGE,5,1.174525,5560,,,1+1+3,,,R1,F,3,31/03/2015
FLR-04190,RIDGE,5,1.0168134,0,,,1+1+3,,,R1,A,1,02/03/2015
FLR-04191,RIDGE,5,1.2224,0,,,5R3,,,R2,P,7,05/03/2011
FLR-04192,RIDGE,5,1.0046542,5759,,,1+1+3,,,R1,S,9,29-04-2014
FLR-04193,RIDGE,5,1.3827167,0,,,1+1+3,,,R1,F,3,31/03/2015
FLR-04194,RIDGE,5,1.2329742,0,,,1+1+3,,,R1,A,1,02/03/2015
FLR-04195,RIDGE,5,1.5433215,0,,,1+1+3,,,R1,J,4,12/05/2016
FLR-04196,LAMP,5,0.9178718,2,N-005,855.4842,,2,0,,,,
FLR-04197,RIDGE,5,0.3238,5562,,,5R1,,,R1,U,11,11/02/2010
FLR-04198,LAMP,5,0.7971833,1,N-003,18063.2586,,2,0,,,,
FLR-04199,LAMP,5,0.9525416,1,N-001,178.667,,2,0,,,,
FLR-04200,LAMP,6,1.0887583,2,N-003,16909.7536,,16,0,,,,
FLR-04201,RIDGE,5,0.8804833,5586,,,1+1+3,,,R1,A,1,02-03-2015
FLR-04202,RIDGE,4,0.883649,0,,,4R2,,,R1,A,1,02/03/2015
FLR-04203,RIDGE,5,0.7381834,6070,,,1+1+3,,,R1,F,3,19/03/2015
FLR-04204,LAMP,5,1.2491341,3,N-033,18459.2507,,2,0,,,,
FLR-04205,RIDGE,6,1.299475,5586,,,6-SMUDGE,,,R1,A,1,02/03/2015
FLR-04206,LAMP,5,1.2673084,1,N-018,33046.8997,,2,0,,,,
FLR-04207,LAMP,5,0.4393,1,N-013,20616.6788,,4,0,,,,
FLR-04208,LAMP,4,1.32297,3,N-003,15880.3528,,0,0,,,,
FLR-04209,RIDGE,7,1.2562,5722,,,7D1,,,R1,F,3,12/02/2010
FLR-04210,RIDGE,5,0.3069343,0,,,5R1,,,R1,J,4,12/05/2016
FLR-04211,RIDGE,5,0.661,0,,,2+3,,,R1,V,12,26/01/2010
FLR-04212,RIDGE,5,1.2982084,0,,,1+1+3,,,R1,J,4,10-04-2015
FLR-04213,RIDGE,4,0.9049469,0,,,4R2,,,R1,A,1,02-03-2015
FLR-04214,RIDGE,5,0.3192,5562,,,5R1,,,R1,U,11,11/02/2010
FLR-04215,RIDGE,5,0.7546562,0,,,1+1+3,,,R1,F,3,19/03/2015
FLR-04216,LAMP,21,1.093575,2,N-005,3252.9095,,17,0,,,,
FLR-04217,LAMP,4,1.0066215,3,N-003,15690.02,,0,0,,,,
FLR-04218,RIDGE,5,0.386,0,,,5R1,,,R1,D,2,20/03/2008
FLR-04219,RIDGE,5,0.7817203,0,,,1+1+3,,,R1,A,1,02/03/2015
FLR-04220,RIDGE,5,1.333,0,,,1+1+3,,,R1,D,2,20/03/2008
FLR-04221,RIDGE,5,1.1503583,5586,,,1+1+3,,,R1,A,1,02/03/2015
FLR-04222,RIDGE,5,0.691,0,,,1+1+3,,,R1,D,2,06/02/2010
FLR-04223,RIDGE,5,0.39,0,,,5R1,,,R1,T,10,11/03/2010
FLR-04224,LAMP,9,1.6993238,3,N-045,5238.7587,,6,0,,,,
FLR-04225,LAMP,5,1.3134689,2,N-033,18480.3466,,2,0,,,,
FLR-04226,RIDGE,5,1.3032,0,,,5R3,,,R2,P,7,24/04/2008
FLR-04227,LAMP,5,0.7722083,1,N-012,9440.9375,,2,0,,,,
FLR-04228,RIDGE,5,0.3909007,0,,,5R1,,,R1,A,1,02/03/2015
FLR-04229,RIDGE,8,1.4237,5722,,,8R,,,R1,F,3,12/02/2010
FLR-04230,RIDGE,5,0.315,0,,,5R1,,,R1,T,10,12/03/2010
FLR-04231,RIDGE,5,0.3491084,0,,,5R1,,,R1,A,1,02/03/2015
FLR-04232,RIDGE,6,0.7732,6035,,,6-SMUDGE,,,R1,U,11,11/02/2010
FLR-04233,RIDGE,5,1.2528112,0,,,5R3,,,R2,ZZZ,13,12-04-2016
FLR-04234,LAMP,4,1.3306083,2,N-003,17920.6427,,0,0,,,,
FLR-04235,RIDGE,5,1.2819416,5759,,,1+1+3,,,R1,S,9,01-04-2015
FLR-04236,RIDGE,5,1.3255666,0,,,1+1+3,,,R1,F,3,31/03/2015
FLR-04237,RIDGE,4,1.03065,0,,,4R2,,,R1,A,1,02-03-2015
FLR-04238,RIDGE,6,0.4075167,5586,,,6i,,,R1,A,1,02-03-2015
FLR-04239,RIDGE,6,0.8092,5722,,,6-SMUDGE,,,R1,F,3,04/03/2010
FLR-04240,LAMP,5,0.4940917,1,N-013,20601.0818,,4,0,,,,
FLR-04241,LAMP,5,0.7691354,3,N-045,5994.1476,,2,0,,,,
FLR-04242,RIDGE,9,0.4296083,0,,,9i,,,R1,U,11,31-03-2015
FLR-04243,LAMP,5,1.3434194,2,N-042,2028.2487,,2,0,,,,
FLR-04244,LAMP,5,1.427875,1,N-038,3556.0626,,2,0,,,,
FLR-04245,LAMP,5,1.3384833,3,N-041,3585.1595,,2,0,,,,
FLR-04246,RIDGE,5,0.317,0,,,5R1,,,R1,D,2,20/03/2008
FLR-04247,RIDGE,5,1.1263333,5586,,,1+1+3,,,R1,A,1,02/03/2015
FLR-04248,LAMP,5,0.3106923,2,N-030,10242.8003,,2,0,,,,
FLR-04249,LAMP,5,0.828325,1,N-003,16704.0778,,2,0,,,,
FLR-04250,RIDGE,5,1.3589508,0,,,1+1+3,,,R1,J,4,10-04-2015
FLR-04251,RIDGE,5,0.8301,5561,,,1+1+3,,,R1,F,3,23/01/2005
FLR-04252,RIDGE,8,0.292,0,,,8i,,,R1,V,12,03/02/2010
FLR-04253,RIDGE,5,0.5028584,0,,,5R2,,,R1,U,11,19-03-2015
FLR-04254,LAMP,5,1.1901833,1,N-019,3855.9019,,2,0,,,,
FLR-04255,RIDGE,5,0.357,59871,,,5-SMUDGE,,,R1,J,4,13/04/2010
FLR-04256,RIDGE,5,1.101425,5586,,,1+1+3,,,R1,A,1,02/03/2015
FLR-04257,RIDGE,5,1.3779,0,,,1+1+3,,,R1,J,4,10-04-2015
FLR-04258,RIDGE,4,0.83,0,,,4R2,,,R1,A,1,25/02/2010
FLR-04259,LAMP,5,0.3306834,2,N-029,564.4365,,4,0,,,,
FLR-04260,RIDGE,5,0.7811,5727,,,1+1+3,,,R1,F,3,23/03/2008
FLR-04261,RIDGE,5,1.3053,0,,,5R3,,,R2,K,5,03/06/2012
FLR-04262,LAMP,5,0.759975,2,N-003,17316.5881,,4,0,,,,
FLR-04263,RIDGE,5,0.336,0,,,5R1,,,R1,T,10,12/03/2010
FLR-04264,RIDGE,5,0.76985,5586,,,1+1+3,,,R1,A,1,02/03/2015
FLR-04265,RIDGE,9,1.7874624,0,,,9-SMUDGE,,,R1,A,1,02/03/2015
FLR-04266,LAMP,5,1.1665856,3,N-003,17444.7205,,2,0,,,,
FLR-04267,RIDGE,5,0.997,0,,,1+1+3,,,R1,R,8,19/04/2008
FLR-04268,RIDGE,5,1.1413,0,,,5R3,,,R2,K,5,02/06/2012
FLR-04269,RIDGE,5,0.309646,0,,,5R1,,,R1,J,4,10-04-2015
FLR-04270,RIDGE,10,0.311,0,,,10i,,,R1,T,10,12/03/2010
FLR-04271,RIDGE,5,0.9384,5727,,,1+1+3,,,R1,F,3,04/03/2010
FLR-04272,RIDGE,5,0.3155,5562,,,5R1,,,R1,U,11,01/02/2010
FLR-04273,RIDGE,5,1.052,0,,,1+1+3,,,R1,R,8,19/04/2008
FLR-04274,RIDGE,5,1.5451583,6052,,,5-SMUDGE,,,R1,S,9,29-04-2014
FLR-04275,RIDGE,7,0.3197281,0,,,7i,,,R1,A,1,16-04-2014
FLR-04276,RIDGE,4,0.5068,5722,,,4D,,,R1,F,3,23/02/2008
FLR-04277,RIDGE,5,0.311,0,,,5R1,,,R1,T,10,15/04/2010
FLR-04278,RIDGE,4,0.5121,5722,,,4D,,,R1,F,3,15/02/2005
FLR-04279,RIDGE,6,1.401,0,,,6-SMUDGE,,,R1,R,8,19/04/2008
FLR-04280,LAMP,19,1.1129,1,N-001,259.0066,,17,1,,,,
FLR-04281,RIDGE,5,0.8746667,0,,,1+1+3,,,R1,A,1,02/03/2015
FLR-04282,RIDGE,5,0.809,0,,,5-SMUDGE,,,R1,A,1,28/02/2010
FLR-04283,RIDGE,4,0.548,0,,,4D,,,R1,R,8,19/04/2008
FLR-04284,RIDGE,5,1.3204667,5151,,,1+1+3,,,R1,U,11,26/03/2015
FLR-04285,RIDGE,5,1.2460333,5586,,,1+1+3,,,R1,A,1,02/03/2015
FLR-04286,RIDGE,5,0.323,0,,,5R1,,,R1,R,8,10/04/2008
FLR-04287,RIDGE,5,0.846,0,,,1+1+3,,,R1,N,6,02/04/2010
FLR-04288,RIDGE,5,1.249125,0,,,1+1+3,,,R1,U,11,26/03/2015
FLR-04289,RIDGE,5,0.3117706,0,,,5R1,,,R1,S,9,01-04-2015
FLR-04290,RIDGE,5,0.543,5151,,,5R2,,,R1,U,11,11/02/2010
FLR-04291,RIDGE,5,1.02805,5586,,,1+1+3,,,R1,A,1,02/03/2015
FLR-04292,LAMP,5,1.02805,1,N-002,14422.2446,,2,0,,,,
FLR-04293,LAMP,5,1.143225,2,N-002,13805.4356,,2,0,,,,
FLR-04294,RIDGE,5,0.9011,0,,,1+1+3,,,R1,F,3,04/03/2010
FLR-04295,RIDGE,3,0.408,0,,,3D,,,R1,N,6,23/03/2009
FLR-04296,RIDGE,5,1.1752,0,,,5-SMUDGE,,,R1,F,3,05/05/2008
FLR-04297,RIDGE,5,1.3158695,0,,,1+1+3,,,R1,U,11,26/03/2015
FLR-04298,RIDGE,5,0.787584,5981,,,1+1+3,,,R1,J,4,13-05-2016
FLR-04299,RIDGE,5,1.4138333,5759,,,1+1+3,,,R1,S,9,29-04-2014
FLR-04300,RIDGE,5,1.2953329,0,,,1+1+3,,,R1,U,11,31-03-2015
FLR-04301,RIDGE,5,1.1274,0,,,5R3,,,R2,K,5,03/06/2012
FLR-04302,RIDGE,5,0.638,0,,,2+3,,,R1,V,12,26/01/2010
FLR-04303,LAMP,5,1.1424184,2,N-011,2214.9142,,2,0,,,,
FLR-04304,RIDGE,5,1.3192,0,,,5-SMUDGE,,,R2,K,5,03/06/2012
FLR-04305,RIDGE,5,1.193525,5560,,,1+1+3,,,R1,F,3,31/03/2015
FLR-04306,LAMP,5,1.2879417,2,N-011,955.5746,,2,0,,,,
FLR-04307,LAMP,5,1.3583357,3,N-020,10976.2924,,2,0,,,,
FLR-04308,RIDGE,4,0.375,0,,,1+32,,,R1,N,6,02/04/2010
FLR-04309,RIDGE,8,0.1761,5703,,,8i,,,R1,F,3,23/01/2005
FLR-04310,RIDGE,5,1.0927,5130,,,1+1+3,,,R1,F,3,01/02/2005
FLR-04311,RIDGE,5,0.367,0,,,5R1,,,R1,V,12,03/02/2010
FLR-04312,RIDGE,5,0.3094,5759,,,5R1,,,R1,S,9,01-04-2015
FLR-04313,LAMP,5,0.7849512,2,N-044,27789.2497,,2,0,,,,
FLR-04314,LAMP,5,1.3087139,1,N-017,29179.1963,,2,0,,,,
FLR-04315,RIDGE,5,0.7618583,5151,,,1+1+3,,,R1,U,11,26/03/2015
FLR-04316,LAMP,4,0.9313333,2,N-001,3966.6285,,0,0,,,,
FLR-04317,LAMP,5,0.3543334,3,N-003,18886.8609,,4,0,,,,
FLR-04318,LAMP,5,1.2774509,4,N-019,3674.7324,,2,0,,,,
FLR-04319,RIDGE,5,1.179,0,,,5R3,,,R2,P,7,25/04/2008
FLR-04320,LAMP,5,0.9261698,3,N-001,7128.3216,,4,0,,,,
FLR-04321,LAMP,5,1.19745,1,N-012,9501.121,,2,0,,,,
FLR-04322,LAMP,5,1.1761665,3,N-011,1197.1311,,2,0,,,,
FLR-04323,LAMP,5,0.6518334,4,N-011,1162.0755,,2,0,,,,
FLR-04324,RIDGE,5,1.4492,0,,,5R3,,,R2,K,5,03/06/2012
FLR-04325,LAMP,5,0.3007732,2,N-045,5998.334,,2,0,,,,
FLR-04326,RIDGE,4,0.7272572,0,,,4R2,,,R1,A,1,02/03/2015
FLR-04327,LAMP,5,0.333625,2,N-029,605.9191,,4,0,,,,
FLR-04328,RIDGE,7,0.329,5151,,,7i,,,R1,U,11,01/02/2010
FLR-04329,RIDGE,4,0.5327,5130,,,4D,,,R1,F,3,15/02/2005
FLR-04330,LAMP,5,1.2662759,2,N-033,18417.4982,,2,0,,,,
FLR-04331,RIDGE,6,1.0217,0,,,6-SMUDGE,,,R2,P,7,05/03/2011
FLR-04332,RIDGE,5,0.977,0,,,1+1+3,,,R1,R,8,19/04/2008
FLR-04333,RIDGE,5,0.8372,5151,,,1+1+3,,,R1,U,11,26/03/2015
FLR-04334,RIDGE,5,0.337,5560,,,5R1,,,R1,F,3,23/01/2010
FLR-04335,RIDGE,9,0.1898,5703,,,9i,,,R1,F,3,23/01/2005
FLR-04336,RIDGE,5,1.3134689,0,,,1+1+3,,,R1,J,4,10-04-2015
FLR-04337,LAMP,7,1.2454748,4,N-005,3293.4443,,7,0,,,,
FLR-04338,RIDGE,5,0.8129524,0,,,1+1+3,,,R1,A,1,02/03/2015
FLR-04339,RIDGE,5,0.337,0,,,5R1,,,R1,V,12,03/02/2010
FLR-04340,RIDGE,5,0.7051,6035,,,1+1+3,,,R1,U,11,11/02/2010
FLR-04341,LAMP,8,0.7062325,2,N-046,9440.6544,,13,0,,,,
FLR-04342,LAMP,5,0.3222657,2,N-025,15166.9788,,4,0,,,,
FLR-04343,RIDGE,5,0.343,0,,,5R1,,,R1,V,12,03/02/2010
FLR-04344,RIDGE,4,0.7769746,0,,,4R2,,,R1,A,1,02/03/2015
FLR-04345,RIDGE,5,0.3270083,5759,,,5R1,,,R1,S,9,29-04-2014
FLR-04346,RIDGE,5,0.284,0,,,5-SMUDGE,,,R1,U,11,16/02/2009
FLR-04347,RIDGE,5,0.9870084,5586,,,1+1+3,,,R1,A,1,02-03-2015
FLR-04348,RIDGE,5,1.2431916,0,,,1+1+3,,,R1,F,3,31/03/2015
FLR-04349,RIDGE,5,0.8635,0,,,1+1+3,,,R1,J,4,04/05/2008
FLR-04350,RIDGE,5,0.995,0,,,1+1+3,,,R1,T,10,14/04/2010
FLR-04351,RIDGE,5,1.2012,0,,,1+1+3,,,R1,F,3,04/03/2010
FLR-04352,LAMP,4,0.7663,1,N-034,10067.0455,,0,0,,,,
FLR-04353,LAMP,5,1.109975,2,N-014,628.2929,,2,0,,,,
FLR-04354,RIDGE,5,0.8468334,5586,,,1+1+3,,,R1,A,1,02-03-2015
FLR-04355,RIDGE,5,0.3415,0,,,5R1,,,R1,U,11,16/02/2009
FLR-04356,RIDGE,5,0.818,0,,,1+1+3,,,R1,A,1,17/03/2010
FLR-04357,LAMP,4,0.8762039,2,N-003,17476.5072,,0,0,,,,
FLR-04358,RIDGE,7,0.3085134,0,,,7i,,,R1,J,4,13-05-2016
FLR-04359,RIDGE,5,0.349,0,,,5R1,,,R1,V,12,26/01/2010
FLR-04360,LAMP,4,1.1430333,1,N-035,30937.8553,,0,0,,,,
FLR-04361,RIDGE,5,0.52,5151,,,5R2,,,R1,U,11,18/02/2009
FLR-04362,LAMP,5,0.4946773,2,N-013,20617.5416,,4,0,,,,
FLR-04363,LAMP,23,1.323775,2,N-024,7463.6857,,17,0,,,,
FLR-04364,RIDGE,5,0.3260834,5987,,,5R1,,,R1,J,4,12-05-2016
FLR-04365,LAMP,5,1.2504167,1,N-002,13922.022,,2,0,,,,
FLR-04366,LAMP,5,0.774373,2,N-002,14532.3654,,2,0,,,,
FLR-04367,RIDGE,5,1.3826065,5586,,,5-SMUDGE,,,R1,A,1,02/03/2015
FLR-04368,RIDGE,4,0.4037675,0,,,4R1,,,R1,U,11,26/03/2015
FLR-04369,RIDGE,6,0.4112,6058,,,6i,,,R1,U,11,24/01/2010
FLR-04370,LAMP,5,1.210559,2,N-011,98.6152,,2,0,,,,
FLR-04371,RIDGE,8,1.8733,0,,,8-SMUDGE,,,R2,P,7,25/04/2008
FLR-04372,LAMP,5,1.2502417,1,N-019,3872.9333,,2,0,,,,
FLR-04373,RIDGE,7,0.292,0,,,7i,,,R1,N,6,02/04/2010
FLR-04374,LAMP,5,0.9929262,2,N-009,890.604,,2,0,,,,
FLR-04375,LAMP,4,1.510241,4,N-006,8813.5369,,0,0,,,,
FLR-04376,RIDGE,5,0.27,0,,,5R1,,,R1,A,1,25/03/2008
FLR-04377,RIDGE,7,1.4461013,0,,,7D2,,,R1,F,3,31/03/2015
FLR-04378,LAMP,5,1.1449333,1,N-003,16972.1369,,2,0,,,,
FLR-04379,LAMP,5,1.3184708,3,N-022,27788.9517,,2,0,,,,
FLR-04380,LAMP,4,1.0017667,2,N-001,206.3303,,0,0,,,,
FLR-04381,RIDGE,5,1.0192,0,,,1+1+3,,,R1,J,4,12/05/2016
FLR-04382,RIDGE,5,1.1140417,5586,,,1+1+3,,,R1,A,1,02/03/2015
FLR-04383,RIDGE,5,1.300186,0,,,1+1+3,,,R1,A,1,02/03/2015
FLR-04384,RIDGE,4,1.152117,0,,,4R2,,,R1,A,1,02/03/2015
FLR-04385,RIDGE,4,1.1164636,5720,,,4R2,,,R1,A,1,16-04-2014
FLR-04386,LAMP,5,1.2851333,2,N-003,16811.1824,,2,0,,,,
FLR-04387,LAMP,5,1.101425,1,N-003,16161.9751,,2,0,,,,
FLR-04388,RIDGE,5,1.168,0,,,1+1+3,,,R1,R,8,19/04/2008
FLR-04389,RIDGE,5,0.846168,5981,,,1+1+3,,,R1,J,4,13-05-2016
FLR-04390,RIDGE,5,1.3388,0,,,1+1+3,,,R1,F,3,23/01/2005
FLR-04391,LAMP,5,1.1904192,1,N-011,2242.1695,,2,0,,,,
FLR-04392,RIDGE,5,0.3596916,5586,,,5-SMUDGE,,,R1,A,1,02-03-2015
FLR-04393,LAMP,5,1.3107873,2,N-013,21879.6936,,2,0,,,,
FLR-04394,RIDGE,5,1.3672,0,,,5R3,,,R2,P,7,24/04/2008
FLR-04395,RIDGE,5,1.453,0,,,1+1+3,,,R1,T,10,06/03/2010
FLR-04396,RIDGE,5,1.20455,5586,,,1+1+3,,,R1,A,1,02-03-2015
FLR-04397,LAMP,6,1.1905858,2,N-002,13982.7637,,16,0,,,,
FLR-04398,RIDGE,5,1.1771417,5560,,,1+1+3,,,R1,F,3,31/03/2015
FLR-04399,RIDGE,5,1.166,5130,,,1+1+3,,,R1,F,3,01/02/2005
FLR-04400,RIDGE,5,0.7107427,0,,,1+1+3,,,R1,J,4,12/05/2016
FLR-04401,LAMP,19,1.1160166,2,N-022,27646.3144,,17,0,,,,
FLR-04402,RIDGE,5,1.2072833,0,,,1+1+3,,,R1,J,4,24-04-2014
FLR-04403,RIDGE,5,0.512,0,,,5R2,,,R1,R,8,19/04/2008
FLR-04404,RIDGE,5,0.972,0,,,1+1+3,,,R1,D,2,20/03/2008
FLR-04405,RIDGE,5,0.8812492,0,,,1+1+3,,,R1,A,1,02/03/2015
FLR-04406,RIDGE,5,0.500125,5151,,,5R2,,,R1,U,11,31-03-2015
FLR-04407,RIDGE,5,0.317,0,,,5R1,,,R1,T,10,06/03/2010
FLR-04408,RIDGE,5,0.788,0,,,1+1+3,,,R1,T,10,10/03/2010
FLR-04409,LAMP,5,0.6830844,4,N-003,15591.3291,,4,0,,,,
FLR-04410,RIDGE,5,1.1386,0,,,1+1+3,,,R1,J,4,06/02/2010
FLR-04411,RIDGE,5,0.7312588,0,,,5-SMUDGE,,,R1,A,1,02-03-2015
FLR-04412,RIDGE,5,0.6319,5722,,,5-SMUDGE,,,R1,F,3,23/02/2008
FLR-04413,LAMP,5,0.9682667,1,N-003,16980.3174,,2,0,,,,
FLR-04414,RIDGE,6,1.8232,6052,,,6-SMUDGE,,,R1,S,9,29-04-2014
FLR-04415,RIDGE,5,0.892,0,,,1+1+3,,,R1,N,6,02/04/2010
FLR-04416,RIDGE,5,0.3246333,5720,,,5R1,,,R1,A,1,16-04-2014
FLR-04417,RIDGE,5,0.885,0,,,1+1+3,,,R1,D,2,06/02/2010
FLR-04418,RIDGE,5,0.806,0,,,1+1+3,,,R1,D,2,18/03/2010
FLR-04419,RIDGE,5,0.801,0,,,1+1+3,,,R1,D,2,18/03/2010
FLR-04420,LAMP,5,1.2423349,2,N-033,18439.9184,,2,0,,,,
FLR-04421,LAMP,4,0.9059166,2,N-001,3951.5984,,0,0,,,,
FLR-04422,RIDGE,6,1.282,0,,,6R,,,R2,K,5,03/06/2012
FLR-04423,RIDGE,5,0.296432,0,,,5R1,,,R1,S,9,01-04-2015
FLR-04424,RIDGE,5,0.4068863,0,,,5-SMUDGE,,,R1,A,1,02/03/2015
FLR-04425,LAMP,5,0.8129524,2,N-003,16704.0263,,2,0,,,,
FLR-04426,RIDGE,5,0.7363,5560,,,1+1+3,,,R1,F,3,17/02/2005
FLR-04427,RIDGE,5,0.328,0,,,5R1,,,R1,T,10,12/03/2010
FLR-04428,LAMP,5,1.274625,1,N-011,171.5708,,2,0,,,,
FLR-04429,RIDGE,5,1.2848666,5759,,,1+1+3,,,R1,S,9,29-04-2014
FLR-04430,RIDGE,5,0.9856559,0,,,1+1+3,,,R1,J,4,24-04-2014
FLR-04431,RIDGE,5,0.351,0,,,5R1,,,R1,D,2,20/03/2008
FLR-04432,RIDGE,5,1.0709346,0,,,1+1+3,,,R1,A,1,02/03/2015
FLR-04433,RIDGE,6,0.463,0,,,6i,,,R1,T,10,10/03/2010
FLR-04434,RIDGE,8,0.3666936,0,,,8i,,,R1,J,4,12/05/2016
FLR-04435,LAMP,3,0.1544135,2,N-042,1025.689,,12,0,,,,
FLR-04436,RIDGE,6,0.1553,5703,,,6i,,,R1,F,3,18/02/2005
FLR-04437,LAMP,4,0.9739753,2,N-002,14808.053,,0,0,,,,
FLR-04438,RIDGE,6,0.4401,5727,,,6i,,,R1,F,3,12/02/2010
FLR-04439,RIDGE,5,1.0894333,5151,,,1+1+3,,,R1,U,11,26/03/2015
FLR-04440,RIDGE,5,1.1747,5560,,,1+1+3,,,R1,F,3,03/02/2005
FLR-04441,LAMP,5,0.7598417,1,N-032,10085.9514,,2,0,,,,
FLR-04442,RIDGE,5,1.0302917,5586,,,1+1+3,,,R1,A,1,02/03/2015
FLR-04443,RIDGE,8,0.304,0,,,8i,,,R1,R,8,08/04/2008
FLR-04444,LAMP,5,1.2425167,1,N-002,13911.0156,,2,0,,,,
FLR-04445,RIDGE,10,2.5997416,0,,,10-SMUDGE,,,R1,S,9,01-04-2015
FLR-04446,RIDGE,10,1.5238,0,,,10R,,,R2,K,5,03/06/2012
FLR-04447,RIDGE,6,1.0008667,0,,,6-SMUDGE,,,R1,A,1,02/03/2015
FLR-04448,RIDGE,5,1.1019,0,,,5-SMUDGE,,,R1,F,3,03/03/2010
FLR-04449,RIDGE,5,1.2473417,5151,,,1+1+3,,,R1,U,11,26/03/2015
FLR-04450,RIDGE,6,1.3853416,5151,,,6-SMUDGE,,,R1,U,11,19-03-2015
FLR-04451,RIDGE,5,1.3523167,5151,,,1+1+3,,,R1,U,11,19-03-2015
FLR-04452,LAMP,5,1.3651424,2,N-004,25023.4553,,2,0,,,,
FLR-04453,RIDGE,4,0.236217,0,,,4R1,,,R1,A,1,02/03/2015
FLR-04454,LAMP,4,0.7815689,2,N-001,588.8675,,0,0,,,,
FLR-04455,RIDGE,5,0.3006584,5979,,,5R1,,,R1,J,4,10-04-2015
FLR-04456,LAMP,20,1.1082534,2,N-022,27642.9384,,17,0,,,,
FLR-04457,RIDGE,5,0.9916902,0,,,1+1+3,,,R1,A,1,02/03/2015
FLR-04458,RIDGE,5,0.6419,5561,,,5-SMUDGE,,,R1,F,3,04/03/2010
FLR-04459,RIDGE,4,0.8458417,5720,,,4R2,,,R1,A,1,16-04-2014
FLR-04460,LAMP,5,1.3108252,2,N-006,8662.0929,,2,0,,,,
FLR-04461,RIDGE,5,0.8928,5978,,,1+1+3,,,R1,J,4,03/05/2008
FLR-04462,RIDGE,7,0.351,0,,,7i,,,R1,V,12,26/01/2010
FLR-04463,RIDGE,5,0.8057931,0,,,1+1+3,,,R1,A,1,02-03-2015
FLR-04464,LAMP,5,1.2303851,3,N-020,11730.1877,,2,0,,,,
FLR-04465,RIDGE,5,0.349,0,,,5R1,,,R1,N,6,23/03/2009
FLR-04466,RIDGE,5,0.526,5151,,,5R2,,,R1,U,11,11/02/2010
FLR-04467,LAMP,3,0.1544416,1,N-041,2895.8483,,12,0,,,,
FLR-04468,RIDGE,5,0.34,0,,,5R1,,,R1,N,6,02/04/2010
FLR-04469,RIDGE,5,0.339,0,,,5R1,,,R1,R,8,10/04/2008
FLR-04470,RIDGE,5,0.312,0,,,5R1,,,R1,T,10,15/04/2010
FLR-04471,RIDGE,5,0.4765916,0,,,5R2,,,R1,F,3,31/03/2015
FLR-04472,RIDGE,5,1.0051,0,,,5R3,,,R2,K,5,03/06/2012
FLR-04473,RIDGE,5,0.326,0,,,5R1,,,R1,D,2,06/02/2010
FLR-04474,LAMP,5,1.2046584,3,N-020,13212.3763,,2,0,,,,
FLR-04475,RIDGE,5,1.1303097,0,,,5R3,,,R2,ZZZ,13,12-04-2016
FLR-04476,LAMP,5,0.7989152,2,N-002,14545.5448,,2,0,,,,
FLR-04477,RIDGE,5,0.8313245,0,,,1+1+3,,,R1,A,1,02/03/2015
FLR-04478,RIDGE,5,0.3268851,0,,,5R1,,,R1,S,9,07-04-2015
FLR-04479,LAMP,5,1.5307164,2,N-042,1985.2798,,2,0,,,,
FLR-04480,RIDGE,5,0.8499,5978,,,1+1+3,,,R1,J,4,04/05/2008
FLR-04481,RIDGE,5,0.5196333,0,,,5R2,,,R1,F,3,31/03/2015
FLR-04482,LAMP,5,1.2388842,2,N-011,144.3248,,2,0,,,,
FLR-04483,LAMP,5,0.3141753,2,N-031,172.9094,,4,0,,,,
FLR-04484,RIDGE,5,0.4882,5727,,,5R2,,,R1,F,3,12/02/2010
FLR-04485,LAMP,5,1.2559417,1,N-014,720.3851,,2,0,,,,
FLR-04486,LAMP,5,0.307125,2,N-025,15118.2005,,4,0,,,,
FLR-04487,RIDGE,8,3.0351729,0,,,8-SMUDGE,,,R2,ZZZ,13,12-04-2016
FLR-04488,RIDGE,5,0.346,0,,,5R1,,,R1,R,8,08/04/2008
FLR-04489,LAMP,5,1.0144083,1,N-003,15535.6717,,2,0,,,,
FLR-04490,RIDGE,5,1.1751097,0,,,1+1+3,,,R1,U,11,19-03-2015
FLR-04491,LAMP,5,0.7448267,4,N-011,1174.5713,,2,0,,,,
FLR-04492,RIDGE,5,1.4181167,5586,,,1+1+3,,,R1,A,1,02/03/2015
FLR-04493,RIDGE,4,0.9532916,0,,,4R2,,,R1,A,1,02/03/2015
FLR-04494,LAMP,13,1.0401583,2,N-036,26961.369,,17,0,,,,
FLR-04495,LAMP,15,0.667,1,N-024,14580.0813,,17,0,,,,
FLR-04496,LAMP,5,0.8612744,3,N-002,14420.5797,,2,0,,,,
FLR-04497,LAMP,2,0.0686583,1,N-008,12488.4885,,17,0,,,,
FLR-04498,RIDGE,3,0.1507,6070/6068,,,3R,,,R1,F,3,12/02/2010
FLR-04499,RIDGE,5,1.396,5979,,,1+1+3,,,R1,J,4,03/05/2008
FLR-04500,RIDGE,5,0.329,5126,,,5R1,,,R1,V,12,26/01/2010
FLR-04501,LAMP,5,1.1266747,2,N-003,17533.9643,,2,0,,,,
FLR-04502,LAMP,6,0.4034916,3,N-031,112.937,,10,1,,,,
FLR-04503,LAMP,3,0.3022229,2,N-001,541.7312,,5,0,,,,
FLR-04504,LAMP,5,1.1855751,2,N-003,15542.4777,,2,0,,,,
FLR-04505,LAMP,5,0.313656,2,N-031,233.1335,,4,0,,,,
FLR-04506,RIDGE,5,0.571,0,,,2+3,,,R1,A,1,28/02/2010
FLR-04507,RIDGE,5,0.867,0,,,1+1+3,,,R1,J,4,06/02/2010
FLR-04508,LAMP,5,0.3277877,2,N-026,5894.3358,,2,0,,,,
FLR-04509,RIDGE,5,1.083,0,,,1+1+3,,,R1,V,12,03/02/2010
FLR-04510,RIDGE,5,0.8463917,5586,,,1+1+3,,,R1,A,1,02/03/2015
FLR-04511,RIDGE,4,0.5066,5722,,,4D,,,R1,F,3,11/02/2010
FLR-04512,RIDGE,5,0.7895,5978,,,1+1+3,,,R1,J,4,31/01/2009
FLR-04513,LAMP,5,0.3137917,2,N-028,28188.1189,,4,0,,,,
FLR-04514,LAMP,6,1.4972188,2,N-011,1876.7449,,16,0,,,,
FLR-04515,LAMP,4,1.1449065,3,N-002,14651.0934,,0,0,,,,
FLR-04516,RIDGE,5,1.2989084,5759,,,1+1+3,,,R1,S,9,29-04-2014
FLR-04517,RIDGE,5,1.3204667,0,,,1+1+3,,,R1,F,3,31/03/2015
FLR-04518,RIDGE,5,0.347,0,,,5R1,,,R1,D,2,26/02/2010
FLR-04519,LAMP,5,1.2592612,3,N-013,20708.3024,,2,1,,,,
FLR-04520,RIDGE,5,0.4864199,0,,,5R2,,,R1,F,3,19/03/2015
FLR-04521,RIDGE,5,0.771925,0,,,1+1+3,,,R1,S,9,29-04-2014
FLR-04522,RIDGE,5,1.2759674,5151,,,1+1+3,,,R1,U,11,26/03/2015
FLR-04523,RIDGE,9,0.4255,5151,,,9i,,,R1,U,11,11/02/2010
FLR-04524,RIDGE,5,0.829,0,,,1+1+3,,,R1,R,8,19/04/2008
FLR-04525,RIDGE,5,1.3665334,9999,,,5R3,,,R2,ZZZ,13,12-04-2016
FLR-04526,RIDGE,5,1.4350199,0,,,1+1+3,,,R1,A,1,16-04-2014
FLR-04527,LAMP,5,0.4928917,2,N-016,21395.876,,4,0,,,,
FLR-04528,LAMP,5,0.528326,2,N-003,16723.4427,,4,0,,,,
FLR-04529,RIDGE,4,0.5119,0,,,4D,,,R1,F,3,04/03/2010
FLR-04530,RIDGE,5,0.7377668,0,,,1+1+3,,,R1,J,4,12/05/2016
FLR-04531,LAMP,5,1.2806325,2,N-033,18449.7905,,2,0,,,,
FLR-04532,RIDGE,5,0.9218497,0,,,1+1+3,,,R1,J,4,10-04-2015
FLR-04533,RIDGE,5,1.13985,5586,,,1+1+3,,,R1,A,1,02-03-2015
FLR-04534,LAMP,5,1.24815,1,N-014,716.1405,,2,0,,,,
FLR-04535,LAMP,5,0.312675,2,N-027,13198.0105,,4,0,,,,
FLR-04536,RIDGE,5,0.3275084,5151,,,5R1,,,R1,U,11,31-03-2015
FLR-04537,LAMP,5,0.5238402,2,N-017,29114.0277,,4,0,,,,
FLR-04538,RIDGE,7,1.2079,5722,,,7D1,,,R1,F,3,12/02/2010
FLR-04539,LAMP,5,1.1636603,1,N-030,9664.8623,,2,0,,,,
FLR-04540,LAMP,8,0.3895331,3,N-045,5963.0277,,13,0,,,,
FLR-04541,RIDGE,5,0.3339,6058,,,5R1,,,R1,U,11,11/02/2010
FLR-04542,RIDGE,5,0.3378,0,,,5R1,,,R1,U,11,16/02/2009
FLR-04543,RIDGE,7,0.482,0,,,7i,,,R1,A,1,25/02/2010
FLR-04544,RIDGE,5,0.30575,0,,,5R1,,,R1,S,9,01-04-2015
FLR-04545,LAMP,5,0.3328473,1,N-044,27794.9073,,2,0,,,,
FLR-04546,RIDGE,7,0.1792,5703,,,7i,,,R1,F,3,07/02/2005
FLR-04547,LAMP,5,1.242825,1,N-015,13174.7728,,2,0,,,,
FLR-04548,RIDGE,9,0.4140833,5151,,,9i,,,R1,U,11,26/03/2015
FLR-04549,LAMP,5,1.2587865,5,N-015,12397.1676,,2,0,,,,
FLR-04550,LAMP,5,1.1967584,1,N-002,13925.6715,,2,0,,,,
FLR-04551,RIDGE,5,1.3292,5979,,,1+1+3,,,R1,J,4,04/05/2008
FLR-04552,RIDGE,5,0.8301261,5979,,,1+1+3,,,R1,J,4,10-04-2015
FLR-04553,LAMP,4,0.6053649,3,N-003,17293.8609,,0,0,,,,
FLR-04554,RIDGE,6,0.407,0,,,6i,,,R1,V,12,26/01/2010
FLR-04555,LAMP,5,1.0549583,1,N-001,3942.3997,,2,0,,,,
FLR-04556,RIDGE,5,1.2634986,0,,,1+1+3,,,R1,F,3,31/03/2015
FLR-04557,RIDGE,5,0.6957049,0,,,1+1+3,,,R1,J,4,12-05-2016
FLR-04558,RIDGE,5,0.7648167,5586,,,1+1+3,,,R1,A,1,02-03-2015
FLR-04559,LAMP,5,0.5665585,4,N-005,3270.998,,4,0,,,,
FLR-04560,RIDGE,9,1.6081,0,,,9R,,,R2,K,5,02/06/2012
FLR-04561,RIDGE,5,1.1361,5560,,,1+1+3,,,R1,F,3,31/03/2015
FLR-04562,LAMP,5,0.3130083,2,N-029,552.1704,,4,0,,,,
FLR-04563,LAMP,4,1.0461902,1,N-036,26952.7584,,0,0,,,,
FLR-04564,RIDGE,5,1.2625397,5560,,,1+1+3,,,R1,F,3,31/03/2015
FLR-04565,RIDGE,5,1.0083,0,,,1+1+3,,,R1,F,3,04/03/2010
FLR-04566,RIDGE,5,0.3051167,0,,,5R1,,,R1,J,4,10-04-2015
FLR-04567,LAMP,6,1.1895384,4,N-011,1223.6811,,16,1,,,,
FLR-04568,RIDGE,5,1.119,0,,,5R3,,,R2,K,5,02/06/2012
FLR-04569,RIDGE,5,1.329,0,,,1+1+3,,,R1,V,12,16/01/2010
FLR-04570,RIDGE,5,0.6441732,0,,,2+3,,,R1,U,11,26/03/2015
FLR-04571,RIDGE,5,1.3635,0,,,5R3,,,R2,P,7,05/03/2011
FLR-04572,RIDGE,4,0.5354,5130,,,4D,,,R1,F,3,07/02/2005
FLR-04573,RIDGE,8,0.3617833,5560,,,8i,,,R1,F,3,31/03/2015
FLR-04574,RIDGE,5,0.3340833,0,,,5R1,,,R1,S,9,01-04-2015
FLR-04575,RIDGE,5,1.2889,0,,,1+1+3,,,R1,J,4,31/01/2009
FLR-04576,LAMP,5,0.308025,2,N-027,13175.0889,,4,0,,,,
FLR-04577,LAMP,5,0.8619416,1,N-001,142.7881,,2,0,,,,
FLR-04578,RIDGE,5,0.9885917,5586,,,1+1+3,,,R1,A,1,02-03-2015
FLR-04579,LAMP,5,1.2569666,1,N-006,8851.0972,,2,0,,,,
FLR-04580,RIDGE,5,0.7360095,0,,,1+1+3,,,R1,A,1,02/03/2015
FLR-04581,RIDGE,6,0.3734917,5586,,,6i,,,R1,A,1,02-03-2015
FLR-04582,RIDGE,5,1.2173583,9999,,,5R3,,,R2,ZZZ,13,12-04-2016
FLR-04583,RIDGE,5,0.7515,5727,,,1+1+3,,,R1,F,3,23/03/2008
FLR-04584,RIDGE,5,0.37,0,,,5R1,,,R1,R,8,08/04/2008
FLR-04585,LAMP,4,0.936775,2,N-001,3943.0902,,0,0,,,,
FLR-04586,LAMP,5,1.42695,1,N-042,105.7594,,2,0,,,,
FLR-04587,LAMP,5,1.3016667,2,N-038,3553.5552,,2,0,,,,
FLR-04588,RIDGE,5,0.3264,6058,,,5R1,,,R1,U,11,01/02/2010
FLR-04589,LAMP,20,1.1082532,2,N-017,29092.6077,,17,0,,,,
FLR-04590,LAMP,5,0.9936333,2,N-003,17864.1962,,2,0,,,,
FLR-04591,LAMP,9,1.281504,1,N-048,24.2957,,6,0,,,,
FLR-04592,LAMP,5,1.1579889,3,N-045,5274.999,,2,0,,,,
FLR-04593,LAMP,5,0.3031083,1,N-042,2579.8006,,2,0,,,,
FLR-04594,LAMP,5,0.6763333,2,N-003,17692.78,,2,0,,,,
FLR-04595,RIDGE,5,1.008925,0,,,1+1+3,,,R1,U,11,31-03-2015
FLR-04596,RIDGE,5,1.2924,5560,,,1+1+3,,,R1,F,3,31/03/2015
FLR-04597,LAMP,5,1.1252333,1,N-008,12480.0555,,4,0,,,,
FLR-04598,LAMP,5,1.177566,2,N-003,15850.6261,,2,0,,,,
FLR-04599,RIDGE,5,1.0735,0,,,5R3,,,R2,K,5,03/06/2012
FLR-04600,RIDGE,9,0.4501084,5151,,,9i,,,R1,U,11,19-03-2015
FLR-04601,RIDGE,5,0.803864,0,,,1+1+3,,,R1,J,4,13-05-2016
FLR-04602,RIDGE,5,0.325975,6052,,,5R1,,,R1,S,9,29-04-2014
FLR-04603,LAMP,6,0.2437333,2,N-028,28197.0459,,10,0,,,,
FLR-04604,RIDGE,5,0.34,0,,,5R1,,,R1,T,10,12/03/2010
FLR-04605,RIDGE,4,0.5302,5722,,,4D,,,R1,F,3,23/01/2010
FLR-04606,RIDGE,8,1.3081443,0,,,8R,,,R1,J,4,12/05/2016
FLR-04607,LAMP,5,1.3560833,2,N-033,18430.8304,,2,0,,,,
FLR-04608,LAMP,5,0.9379677,2,N-002,14501.178,,2,0,,,,
FLR-04609,RIDGE,8,0.302,0,,,8i,,,R1,T,10,12/03/2010
FLR-04610,RIDGE,5,1.167398,0,,,1+1+3,,,R1,U,11,26/03/2015
FLR-04611,RIDGE,5,0.9937732,0,,,1+1+3,,,R1,A,1,16-04-2014
FLR-04612,LAMP,5,1.2926384,4,N-020,10951.1805,,2,0,,,,
FLR-04613,RIDGE,5,1.3078584,5151,,,1+1+3,,,R1,U,11,26/03/2015
FLR-04614,RIDGE,5,0.327,0,,,5R1,,,R1,V,12,22/01/2010
FLR-04615,RIDGE,5,1.2604,5979,,,1+1+3,,,R1,J,4,04/05/2008
FLR-04616,LAMP,6,0.3793583,1,N-001,647.5471,,16,1,,,,
FLR-04617,RIDGE,4,0.9618074,0,,,4R2,,,R1,A,1,02/03/2015
FLR-04618,RIDGE,4,0.9997651,0,,,4R2,,,R1,A,1,02-03-2015
FLR-04619,LAMP,2,0.2117615,1,N-008,13214.214,,17,0,,,,
FLR-04620,LAMP,5,0.7520881,2,N-003,17285.4878,,4,0,,,,
FLR-04621,LAMP,5,0.8468197,2,N-003,18040.0928,,2,0,,,,
FLR-04622,LAMP,5,0.9748676,2,N-002,14428.7074,,2,0,,,,
FLR-04623,RIDGE,5,0.592,0,,,5-SMUDGE,,,R1,A,1,20/01/2010
FLR-04624,RIDGE,5,1.1967584,5586,,,1+1+3,,,R1,A,1,02-03-2015
FLR-04625,LAMP,5,0.479818,2,N-019,4420.9249,,4,0,,,,
FLR-04626,RIDGE,5,1.295603,0,,,1+1+3,,,R1,F,3,31/03/2015
FLR-04627,LAMP,9,0.3407558,2,N-034,10009.1278,,11,0,,,,
FLR-04628,RIDGE,5,1.170147,0,,,1+1+3,,,R1,U,11,31-03-2015
FLR-04629,LAMP,5,0.4701288,3,N-003,16818.8159,,4,0,,,,
FLR-04630,RIDGE,7,0.4581,5759,,,7i,,,R1,S,9,29-04-2014
FLR-04631,RIDGE,10,0.339,0,,,10i,,,R1,R,8,10/04/2008
FLR-04632,LAMP,5,1.0295,1,N-002,14461.9152,,2,0,,,,
FLR-04633,RIDGE,5,1.407,0,,,1+1+3,,,R1,T,10,16/04/2010
FLR-04634,RIDGE,5,1.0314,0,,,5R3,,,R2,P,7,05/03/2011
FLR-04635,RIDGE,5,0.7454917,0,,,1+1+3,,,R1,A,1,02/03/2015
FLR-04636,LAMP,5,1.3824583,1,N-042,1104.9319,,2,0,,,,
FLR-04637,RIDGE,5,1.3552217,0,,,1+1+3,,,R1,U,11,31-03-2015
FLR-04638,RIDGE,5,0.307125,0,,,5R1,,,R1,S,9,01-04-2015
FLR-04639,LAMP,19,1.2020833,1,N-001,3956.7175,,17,1,,,,
FLR-04640,RIDGE,5,1.294625,5151,,,1+1+3,,,R1,U,11,26/03/2015
FLR-04641,RIDGE,5,0.7301566,0,,,1+1+3,,,R1,J,4,12-05-2016
FLR-04642,RIDGE,5,0.30735,0,,,5R1,,,R1,S,9,01-04-2015
FLR-04643,RIDGE,5,0.8067667,5586,,,1+1+3,,,R1,A,1,02/03/2015
FLR-04644,RIDGE,7,0.302,0,,,7i,,,R1,D,2,27/03/2008
FLR-04645,RIDGE,9,0.374,0,,,9i,,,R1,V,12,03/02/2010
FLR-04646,RIDGE,5,0.7142,0,,,1+1+3,,,R1,J,4,06/02/2010
FLR-04647,LAMP,5,1.3826065,1,N-004,25022.7806,,2,0,,,,
FLR-04648,LAMP,5,1.2796956,3,N-019,3688.8266,,2,0,,,,
FLR-04649,RIDGE,9,0.4078,5151,,,9i,,,R1,U,11,31-03-2015
FLR-04650,RIDGE,3,0.133,6070/6068,,,3R,,,R1,F,3,03/03/2010
FLR-04651,RIDGE,4,1.2581925,0,,,4R2,,,R1,A,1,02/03/2015
FLR-04652,RIDGE,5,0.317,0,,,5R1,,,R1,V,12,22/01/2010
FLR-04653,LAMP,4,0.9093083,2,N-001,3947.3243,,0,0,,,,
FLR-04654,RIDGE,5,0.2972219,0,,,5R1,,,R1,J,4,12/05/2016
FLR-04655,RIDGE,5,0.3199,6058,,,5R1,,,R1,U,11,11/02/2010
FLR-04656,RIDGE,6,0.52,0,,,6i,,,R1,A,1,17/03/2010
FLR-04657,LAMP,5,1.2366583,2,N-003,17994.2313,,2,0,,,,
FLR-04658,RIDGE,7,1.1647,5722,,,7D1,,,R1,F,3,12/02/2010
FLR-04659,LAMP,5,1.1533666,2,N-003,16218.7977,,2,0,,,,
FLR-04660,LAMP,10,0.7887666,1,N-005,3219.375,,14,1,,,,
FLR-04661,RIDGE,5,1.2312114,0,,,1+1+3,,,R1,A,1,02/03/2015
FLR-04662,RIDGE,5,1.38525,0,,,1+1+3,,,R1,J,4,10-04-2015
FLR-04663,LAMP,5,1.121675,1,N-012,9559.7775,,2,0,,,,
FLR-04664,RIDGE,10,1.5668667,9999,,,10R,,,R2,ZZZ,13,12-04-2016
FLR-04665,RIDGE,5,1.2481443,0,,,1+1+3,,,R1,A,1,02/03/2015
FLR-04666,RIDGE,5,0.6262,5561,,,5-SMUDGE,,,R1,F,3,17/02/2005
FLR-04667,RIDGE,5,0.732004,0,,,1+1+3,,,R1,J,4,12-05-2016
FLR-04668,RIDGE,5,0.5573,5981,,,5R2,,,R1,J,4,04/05/2008
FLR-04669,LAMP,5,1.2336584,1,N-012,9504.8368,,2,0,,,,
FLR-04670,LAMP,5,0.85415,1,N-003,17201.5473,,2,0,,,,
FLR-04671,LAMP,5,0.3152083,1,N-026,5975.4749,,4,0,,,,
FLR-04672,RIDGE,5,1.2458,5978,,,1+1+3,,,R1,J,4,04/05/2008
FLR-04673,RIDGE,5,0.7945,5727,,,1+1+3,,,R1,F,3,26/01/2005
FLR-04674,LAMP,5,1.21751,2,N-018,32991.2487,,2,0,,,,
FLR-04675,RIDGE,5,1.473,5981,,,1+1+3,,,R1,J,4,03/05/2008
FLR-04676,LAMP,5,1.2919217,2,N-014,5147.4841,,2,0,,,,
FLR-04677,RIDGE,5,0.816,0,,,1+1+3,,,R1,R,8,19/04/2008
FLR-04678,RIDGE,8,1.061,0,,,8R,,,R1,A,1,25/03/2008
FLR-04679,LAMP,5,0.3085333,3,N-031,108.8363,,2,0,,,,
FLR-04680,RIDGE,8,0.308,0,,,8i,,,R1,R,8,10/04/2008
FLR-04681,RIDGE,6,1.009,0,,,6-SMUDGE,,,R1,D,2,01/04/2010
FLR-04682,LAMP,5,1.3139916,3,N-023,31548.728,,2,0,,,,
FLR-04683,LAMP,5,0.7371005,3,N-045,6028.1145,,2,0,,,,
FLR-04684,LAMP,5,1.3088,1,N-014,1189.9905,,2,0,,,,
FLR-04685,RIDGE,8,1.51085,0,,,8D,,,R1,S,9,01-04-2015
FLR-04686,RIDGE,6,1.2108,5722,,,6-SMUDGE,,,R1,F,3,12/02/2010
FLR-04687,RIDGE,5,1.3224,0,,,5R3,,,R2,P,7,25/04/2008
FLR-04688,RIDGE,5,0.718432,5981,,,1+1+3,,,R1,J,4,13-05-2016
FLR-04689,RIDGE,5,1.408,0,,,5R3,,,R2,K,5,03/06/2012
FLR-04690,LAMP,5,1.167475,1,N-002,13847.8539,,2,0,,,,
FLR-04691,RIDGE,8,0.3775166,5560,,,8i,,,R1,F,3,31/03/2015
FLR-04692,RIDGE,5,0.783992,0,,,1+1+3,,,R1,J,4,13-05-2016
FLR-04693,RIDGE,5,1.2123,0,,,5R3,,,R2,P,7,05/03/2011
FLR-04694,RIDGE,4,0.84,0,,,4R2,,,R1,A,1,25/02/2010
FLR-04695,RIDGE,4,0.389,0,,,1+32,,,R1,N,6,02/04/2010
FLR-04696,RIDGE,5,0.3024,5562,,,5R1,,,R1,U,11,24/01/2010
FLR-04697,LAMP,5,0.8371613,2,N-003,17468.7782,,2,0,,,,
FLR-04698,RIDGE,3,0.309,0,,,3D,,,R1,A,1,28/02/2010
FLR-04699,LAMP,5,1.0008622,1,N-019,3290.5348,,2,0,,,,
FLR-04700,LAMP,5,1.2538833,1,N-013,20667.9942,,2,0,,,,
FLR-04701,RIDGE,5,1.4076624,0,,,1+1+3,,,R1,F,3,31/03/2015
FLR-04702,RIDGE,5,1.3247002,5151,,,1+1+3,,,R1,U,11,26/03/2015
FLR-04703,LAMP,5,1.0366667,1,N-003,15543.7144,,2,0,,,,
FLR-04704,RIDGE,5,1.2376333,5151,,,1+1+3,,,R1,U,11,26/03/2015
FLR-04705,RIDGE,5,0.347,0,,,5R1,,,R1,V,12,03/02/2010
FLR-04706,RIDGE,4,1.5568946,0,,,4-SMUDGE,,,R2,ZZZ,13,12-04-2016
FLR-04707,RIDGE,5,0.781,0,,,1+1+3,,,R1,N,6,03/04/2010
FLR-04708,RIDGE,5,0.8449,0,,,1+1+3,,,R1,J,4,06/02/2010
FLR-04709,RIDGE,4,0.8247,5978,,,1+31,,,R1,J,4,31/01/2009
FLR-04710,LAMP,4,0.7272572,4,N-002,14536.033,,0,0,,,,
FLR-04711,RIDGE,5,1.0453,0,,,5R3,,,R2,P,7,24/04/2008
FLR-04712,RIDGE,5,1.2432834,0,,,1+1+3,,,R1,J,4,24-04-2014
FLR-04713,RIDGE,5,0.805,0,,,1+1+3,,,R1,R,8,19/04/2008
FLR-04714,RIDGE,5,0.4901667,5151,,,5R2,,,R1,U,11,26/03/2015
FLR-04715,LAMP,5,0.3292285,2,N-028,28251.5768,,4,0,,,,
FLR-04716,LAMP,6,1.4367417,5,N-015,12526.8836,,16,0,,,,
FLR-04717,RIDGE,5,0.718,0,,,1+1+3,,,R1,T,10,10/03/2010
FLR-04718,RIDGE,5,1.2366002,0,,,1+1+3,,,R1,U,11,26/03/2015
FLR-04719,RIDGE,5,0.9815167,5759,,,1+1+3,,,R1,S,9,01-04-2015
FLR-04720,RIDGE,4,0.1775,0,,,4R1,,,R1,F,3,04/03/2010
FLR-04721,RIDGE,5,1.039,0,,,1+1+3,,,R1,V,12,03/02/2010
FLR-04722,RIDGE,5,1.3439091,0,,,1+1+3,,,R1,A,1,02/03/2015
FLR-04723,RIDGE,5,1.0812,0,,,5R3,,,R2,K,5,03/06/2012
FLR-04724,RIDGE,5,0.342,0,,,5R1,,,R1,T,10,17/04/2010
FLR-04725,RIDGE,5,1.08,0,,,1+1+3,,,R1,R,8,19/04/2008
FLR-04726,LAMP,6,1.5583583,5,N-015,12520.723,,16,0,,,,
FLR-04727,LAMP,5,0.8384833,1,N-030,10185.2647,,2,0,,,,
FLR-04728,RIDGE,5,0.9768084,5586,,,1+1+3,,,R1,A,1,02/03/2015
FLR-04729,LAMP,11,0.4432333,1,N-002,11094.4943,,17,0,,,,
FLR-04730,RIDGE,8,0.3744,5979,,,8i,,,R1,J,4,03/05/2008
FLR-04731,RIDGE,5,0.326,0,,,5R1,,,R1,T,10,04/02/2010
FLR-04732,LAMP,5,0.332825,1,N-026,5944.8104,,4,0,,,,
FLR-04733,LAMP,5,0.7755084,2,N-044,27782.9794,,2,0,,,,
FLR-04734,RIDGE,9,0.2932,6058,,,9i,,,R1,U,11,24/01/2010
FLR-04735,LAMP,5,0.3194618,2,N-031,189.9119,,4,0,,,,
FLR-04736,RIDGE,5,0.331,5589,,,5R1,,,R1,V,12,26/01/2010
FLR-04737,RIDGE,5,1.0289,0,,,5R3,,,R2,K,5,03/06/2012
FLR-04738,RIDGE,6,1.8997,0,,,6R,,,R2,P,7,24/04/2008
FLR-04739,RIDGE,5,0.332,0,,,5R1,,,R1,T,10,10/03/2010
FLR-04740,RIDGE,8,0.5,5727,,,8i,,,R1,F,3,04/03/2010
FLR-04741,LAMP,5,1.3114702,4,N-020,10958.5905,,2,0,,,,
FLR-04742,RIDGE,5,0.8201478,0,,,1+1+3,,,R1,A,1,02/03/2015
FLR-04743,RIDGE,9,0.302,0,,,9i,,,R1,T,10,14/04/2010
FLR-04744,RIDGE,5,0.8778333,0,,,1+1+3,,,R1,A,1,02/03/2015
FLR-04745,RIDGE,5,0.7783383,0,,,1+1+3,,,R1,F,3,19/03/2015
FLR-04746,RIDGE,10,0.86,0,,,10i,,,R1,R,8,19/04/2008
FLR-04747,RIDGE,5,0.3145833,5726,,,5R1,,,R1,S,9,01-04-2015
FLR-04748,LAMP,5,1.2948525,2,N-014,5310.638,,2,0,,,,
FLR-04749,RIDGE,6,1.0188,5722,,,6-SMUDGE,,,R1,F,3,12/02/2010
FLR-04750,LAMP,5,0.8118857,2,N-013,20629.2302,,2,0,,,,
FLR-04751,RIDGE,5,0.344,0,,,5R1,,,R1,T,10,26/01/2010
FLR-04752,RIDGE,5,0.3092083,5719,,,5R1,,,R1,A,1,16-04-2014
FLR-04753,LAMP,5,1.2810663,3,N-023,31580.1949,,2,0,,,,
FLR-04754,RIDGE,5,0.3341,5586,,,5R1,,,R1,A,1,02-03-2015
FLR-04755,LAMP,6,0.408925,2,N-003,18898.2867,,10,1,,,,
FLR-04756,RIDGE,8,1.5237,5561,,,8R,,,R1,F,3,03/03/2010
FLR-04757,RIDGE,5,0.1417,5703,,,5-SMUDGE,,,R1,F,3,26/01/2005
FLR-04758,RIDGE,6,0.3246834,6070,,,6i,,,R1,F,3,19/03/2015
FLR-04759,RIDGE,4,0.9746389,0,,,4R2,,,R1,A,1,02/03/2015
FLR-04760,RIDGE,5,0.3405443,0,,,5-SMUDGE,,,R1,S,9,07-04-2015
FLR-04761,LAMP,3,0.2704286,2,N-002,11111.2142,,5,0,,,,
FLR-04762,LAMP,18,0.9976667,1,N-032,10049.7903,,17,0,,,,
FLR-04763,LAMP,5,0.3207666,1,N-038,4444.5484,,2,0,,,,
FLR-04764,RIDGE,4,0.6053649,0,,,1+31,,,R1,A,1,02/03/2015
FLR-04765,RIDGE,5,1.0690917,5586,,,1+1+3,,,R1,A,1,02/03/2015
FLR-04766,LAMP,5,0.8413295,3,N-003,18032.9279,,2,0,,,,
FLR-04767,RIDGE,5,0.3368335,0,,,5R1,,,R1,S,9,01-04-2015
FLR-04768,LAMP,5,1.2677761,4,N-003,17425.3794,,2,0,,,,
FLR-04769,LAMP,5,1.3599199,2,N-004,25018.9452,,2,0,,,,
FLR-04770,RIDGE,4,0.392,0,,,1+32,,,R1,N,6,21/03/2010
FLR-04771,RIDGE,5,0.989,0,,,1+1+3,,,R1,R,8,19/04/2008
FLR-04772,RIDGE,5,0.3063706,0,,,5R1,,,R1,A,1,16-04-2014
FLR-04773,LAMP,5,1.2924637,2,N-020,10943.4179,,2,0,,,,
FLR-04774,RIDGE,5,1.1380165,0,,,1+1+3,,,R1,A,1,02/03/2015
FLR-04775,RIDGE,5,0.347,0,,,5R1,,,R1,V,12,03/02/2010
FLR-04776,RIDGE,5,1.148,0,,,1+1+3,,,R1,R,8,19/04/2008
FLR-04777,RIDGE,5,0.3086916,5759,,,5R1,,,R1,S,9,07-04-2015
FLR-04778,RIDGE,7,1.4524,0,,,7R,,,R2,K,5,03/06/2012
FLR-04779,RIDGE,5,1.2670333,5759,,,1+1+3,,,R1,S,9,29-04-2014
FLR-04780,RIDGE,5,1.0669,5727,,,1+1+3,,,R1,F,3,04/03/2010
FLR-04781,RIDGE,4,0.9036166,0,,,4-SMUDGE,,,R1,A,1,02-03-2015
FLR-04782,RIDGE,5,1.047,0,,,1+1+3,,,R1,V,12,03/02/2010
FLR-04783,RIDGE,5,0.828,0,,,1+1+3,,,R1,V,12,26/01/2010
FLR-04784,RIDGE,6,0.2575,0,,,6i,,,R2,K,5,03/06/2012
FLR-04785,LAMP,5,0.355075,1,N-036,27700.8951,,4,0,,,,
FLR-04786,RIDGE,5,0.8024833,0,,,1+1+3,,,R1,J,4,10-04-2015
FLR-04787,RIDGE,5,0.6656167,0,,,2+3,,,R1,S,9,01-04-2015
FLR-04788,RIDGE,4,1.220875,0,,,4R2,,,R1,A,1,16-04-2014
FLR-04789,LAMP,5,0.31515,2,N-024,7975.7185,,4,0,,,,
FLR-04790,RIDGE,4,0.9170917,0,,,4R2,,,R1,A,1,02-03-2015
FLR-04791,RIDGE,5,1.06,0,,,1+1+3,,,R1,V,12,03/02/2010
FLR-04792,LAMP,4,1.0165829,3,N-003,17455.0822,,0,0,,,,
FLR-04793,LAMP,5,0.3280417,1,N-038,4463.2979,,2,0,,,,
FLR-04794,LAMP,4,0.9685108,2,N-003,15716.8063,,0,0,,,,
FLR-04795,RIDGE,3,0.38,0,,,3D,,,R1,N,6,23/03/2009
FLR-04796,RIDGE,5,0.313575,6052,,,5R1,,,R1,S,9,29-04-2014
FLR-04797,RIDGE,5,1.0103,0,,,5R3,,,R2,P,7,24/04/2008
FLR-04798,RIDGE,5,0.4289,5586,,,5-SMUDGE,,,R1,A,1,02-03-2015
FLR-04799,RIDGE,5,0.345,0,,,5R1,,,R1,V,12,03/02/2010
FLR-04800,RIDGE,6,1.3447,0,,,6R,,,R2,K,5,03/06/2012
FLR-04801,LAMP,5,0.8758395,2,N-002,14436.0927,,2,0,,,,
FLR-04802,RIDGE,5,0.4840309,0,,,5R2,,,R1,U,11,26/03/2015
FLR-04803,LAMP,5,1.2518417,1,N-003,17520.9153,,2,0,,,,
FLR-04804,RIDGE,5,0.324,0,,,5R1,,,R1,D,2,20/03/2008
FLR-04805,RIDGE,5,1.0299167,5586,,,1+1+3,,,R1,A,1,02/03/2015
FLR-04806,RIDGE,5,1.218,0,,,1+1+3,,,R1,R,8,19/04/2008
FLR-04807,LAMP,5,0.1871083,1,N-002,14512.2344,,4,0,,,,
FLR-04808,LAMP,5,0.3349068,1,N-024,7987.3457,,4,0,,,,
FLR-04809,LAMP,5,0.5070901,2,N-017,29918.6012,,4,0,,,,
FLR-04810,RIDGE,5,0.341,0,,,5R1,,,R1,N,6,02/04/2010
FLR-04811,RIDGE,5,1.2018,5727,,,1+1+3,,,R1,F,3,12/02/2010
FLR-04812,RIDGE,5,0.352,0,,,5R1,,,R1,R,8,10/04/2008
FLR-04813,LAMP,3,0.3128583,1,N-008,12486.4567,,12,1,,,,
FLR-04814,RIDGE,8,0.3050584,5719,,,8i,,,R1,A,1,16-04-2014
FLR-04815,RIDGE,5,1.194074,0,,,1+1+3,,,R1,U,11,26/03/2015
FLR-04816,RIDGE,5,1.211598,0,,,1+1+3,,,R1,U,11,26/03/2015
FLR-04817,LAMP,5,1.2020583,1,N-003,15615.0804,,2,0,,,,
FLR-04818,RIDGE,5,0.954,0,,,1+1+3,,,R1,R,8,19/04/2008
FLR-04819,RIDGE,5,1.1704544,0,,,1+1+3,,,R1,A,1,02/03/2015
FLR-04820,RIDGE,5,0.50715,5151,,,5R2,,,R1,U,11,31-03-2015
FLR-04821,LAMP,5,0.8024833,2,N-033,19067.1903,,2,0,,,,
FLR-04822,LAMP,5,1.2449104,2,N-003,16741.2167,,2,0,,,,
FLR-04823,RIDGE,5,0.353,0,,,5R1,,,R1,T,10,10/03/2010
FLR-04824,RIDGE,5,1.043,0,,,1+1+3,,,R1,V,12,03/02/2010
FLR-04825,LAMP,7,0.4581,1,N-042,2631.8573,,8,0,,,,
FLR-04826,RIDGE,3,0.3006949,0,,,3D,,,R1,A,1,02-03-2015
FLR-04827,RIDGE,5,1.1223,0,,,5R3,,,R2,K,5,03/06/2012
FLR-04828,RIDGE,5,0.294,0,,,5R1,,,R1,D,2,06/02/2010
FLR-04829,RIDGE,5,1.427875,5987,,,1+1+3,,,R1,J,4,24-04-2014
FLR-04830,RIDGE,5,0.316,0,,,5R1,,,R1,D,2,04/04/2008
FLR-04831,LAMP,9,1.6367166,1,N-004,25086.9932,,6,0,,,,
FLR-04832,RIDGE,5,1.2996083,5151,,,1+1+3,,,R1,U,11,26/03/2015
FLR-04833,RIDGE,5,0.334525,6052,,,5R1,,,R1,S,9,29-04-2014
FLR-04834,RIDGE,5,0.374,0,,,5R1,,,R1,V,12,26/01/2010
FLR-04835,LAMP,21,0.4405,2,N-003,17716.875,,17,0,,,,
FLR-04836,RIDGE,5,0.3236,5987,,,5R1,,,R1,J,4,13/04/2010
FLR-04837,LAMP,6,0.3179034,1,N-026,5889.8519,,10,1,,,,
FLR-04838,LAMP,5,1.3566917,1,N-006,8672.1662,,2,0,,,,
FLR-04839,LAMP,5,0.7385334,1,N-003,18052.1039,,2,0,,,,
FLR-04840,RIDGE,4,1.1979666,5720,,,4R2,,,R1,A,1,16-04-2014
FLR-04841,RIDGE,5,1.2171687,0,,,1+1+3,,,R1,A,1,02/03/2015
FLR-04842,LAMP,10,0.359025,5,N-003,18963.7469,,14,0,,,,
FLR-04843,LAMP,5,0.739375,2,N-044,27725.9194,,2,0,,,,
FLR-04844,RIDGE,5,1.2613,5151,,,1+1+3,,,R1,U,11,26/03/2015
FLR-04845,RIDGE,4,0.9608118,0,,,4R2,,,R1,A,1,02/03/2015
FLR-04846,RIDGE,10,1.4838,0,,,10R,,,R2,K,5,02/06/2012
FLR-04847,RIDGE,5,1.2863,5979,,,1+1+3,,,R1,J,4,04/05/2008
FLR-04848,LAMP,4,1.0187518,3,N-002,14618.5953,,0,0,,,,
FLR-04849,LAMP,5,1.2790844,2,N-003,16770.0191,,2,0,,,,
FLR-04850,LAMP,5,1.2187911,2,N-006,8650.0777,,2,0,,,,
FLR-04851,RIDGE,5,1.3102,5978,,,1+1+3,,,R1,J,4,04/05/2008
FLR-04852,LAMP,5,0.8690416,1,N-030,10219.1204,,2,0,,,,
FLR-04853,RIDGE,5,0.3396,5987,,,5R1,,,R1,J,4,03/05/2008
FLR-04854,LAMP,5,0.3225417,1,N-014,5892.0869,,2,0,,,,
FLR-04855,RIDGE,3,0.302,0,,,3D,,,R1,A,1,28/02/2010
FLR-04856,LAMP,4,1.0468266,3,N-003,17856.9319,,0,0,,,,
FLR-04857,RIDGE,5,1.3377519,5586,,,1+1+3,,,R1,A,1,02-03-2015
FLR-04858,RIDGE,5,0.8795,5981,,,1+1+3,,,R1,J,4,13/04/2010
FLR-04859,LAMP,5,1.24485,1,N-014,1068.1983,,2,0,,,,
FLR-04860,LAMP,5,0.8229488,2,N-012,9414.8393,,2,0,,,,
FLR-04861,LAMP,5,1.2181454,3,N-045,5030.8848,,2,0,,,,
FLR-04862,RIDGE,5,0.8600301,0,,,1+1+3,,,R1,A,1,02/03/2015
FLR-04863,RIDGE,6,0.161,5703,,,6i,,,R1,F,3,23/01/2005
FLR-04864,RIDGE,5,0.483,0,,,5-SMUDGE,,,R1,A,1,28/02/2010
FLR-04865,RIDGE,5,1.2833,5561,,,1+1+3,,,R1,F,3,03/02/2005
FLR-04866,RIDGE,5,1.0279305,0,,,1+1+3,,,R1,F,3,31/03/2015
FLR-04867,RIDGE,5,1.209,0,,,1+1+3,,,R1,R,8,19/04/2008
FLR-04868,RIDGE,5,1.1768,5987,,,1+1+3,,,R1,J,4,06/02/2010
FLR-04869,RIDGE,5,1.2882,0,,,5R3,,,R2,K,5,03/06/2012
FLR-04870,RIDGE,5,0.8518963,0,,,1+1+3,,,R1,A,1,02/03/2015
FLR-04871,LAMP,5,1.3681584,3,N-023,31552.8257,,2,0,,,,
FLR-04872,RIDGE,10,1.503,0,,,10R,,,R1,V,12,03/02/2010
FLR-04873,RIDGE,4,0.511,0,,,4D,,,R1,D,2,27/03/2008
FLR-04874,LAMP,4,1.1263083,2,N-003,18009.9515,,0,0,,,,
FLR-04875,RIDGE,7,0.25,0,,,7i,,,R1,T,10,11/03/2010
FLR-04876,LAMP,5,1.0480417,1,N-003,15622.4986,,2,0,,,,
FLR-04877,RIDGE,5,1.0095,5727,,,1+1+3,,,R1,F,3,04/03/2010
FLR-04878,LAMP,5,1.1897917,1,N-005,908.6351,,2,0,,,,
FLR-04879,RIDGE,5,1.2975638,0,,,1+1+3,,,R1,A,1,02/03/2015
FLR-04880,LAMP,5,0.9719763,4,N-003,15810.5465,,2,1,,,,
FLR-04881,RIDGE,5,0.8037417,5586,,,1+1+3,,,R1,A,1,02/03/2015
FLR-04882,RIDGE,5,0.54569,0,,,5R2,,,R1,F,3,31/03/2015
FLR-04883,RIDGE,5,1.0136,0,,,5R3,,,R2,P,7,05/03/2011
FLR-04884,RIDGE,7,0.996,0,,,7D1,,,R1,R,8,19/04/2008
FLR-04885,RIDGE,5,0.327,0,,,5R1,,,R1,T,10,26/01/2010
FLR-04886,LAMP,5,1.2865951,4,N-020,10954.4048,,2,0,,,,
FLR-04887,RIDGE,7,0.3694651,0,,,7i,,,R1,A,1,16-04-2014
FLR-04888,RIDGE,5,0.7669348,0,,,1+1+3,,,R1,S,9,29-04-2014
FLR-04889,RIDGE,5,0.3115669,0,,,5R1,,,R1,U,11,31-03-2015
FLR-04890,RIDGE,5,0.9779916,0,,,1+1+3,,,R1,A,1,02/03/2015
FLR-04891,LAMP,5,1.184736,3,N-045,5269.559,,2,0,,,,
FLR-04892,RIDGE,5,1.0758,0,,,5R3,,,R2,K,5,03/06/2012
FLR-04893,LAMP,5,1.2301164,2,N-014,720.6804,,2,0,,,,
FLR-04894,RIDGE,5,0.341,0,,,5R1,,,R1,V,12,03/02/2010
FLR-04895,LAMP,5,1.280275,3,N-017,29206.6187,,2,0,,,,
FLR-04896,LAMP,5,0.6963917,1,N-009,924.9411,,4,0,,,,
FLR-04897,RIDGE,5,1.2461958,0,,,1+1+3,,,R1,F,3,31/03/2015
FLR-04898,RIDGE,6,0.2001,0,,,6i,,,R1,F,3,12/02/2010
FLR-04899,RIDGE,5,1.2523,0,,,1+1+3,,,R1,J,4,06/02/2010
FLR-04900,RIDGE,5,0.3419,0,,,5R1,,,R1,F,3,23/01/2005
FLR-04901,LAMP,5,1.3023952,2,N-003,16778.0326,,2,0,,,,
FLR-04902,RIDGE,5,0.3321,5562,,,5R1,,,R1,U,11,24/01/2010
FLR-04903,LAMP,5,0.7822593,3,N-003,18059.5202,,2,0,,,,
FLR-04904,LAMP,5,0.3342667,1,N-028,28102.7363,,4,0,,,,
FLR-04905,RIDGE,5,1.1820328,0,,,1+1+3,,,R1,A,1,02/03/2015
FLR-04906,RIDGE,5,1.1695638,0,,,1+1+3,,,R1,U,11,26/03/2015
FLR-04907,RIDGE,9,0.298,0,,,9i,,,R1,T,10,14/04/2010
FLR-04908,LAMP,5,0.3358957,1,N-018,33702.4057,,4,0,,,,
FLR-04909,LAMP,5,1.3306998,2,N-018,33018.1486,,2,0,,,,
FLR-04910,LAMP,5,0.3643167,1,N-010,21218.1454,,4,0,,,,
FLR-04911,LAMP,5,0.7796557,1,N-032,10074.541,,2,0,,,,
FLR-04912,RIDGE,8,0.3582833,5560,,,8i,,,R1,F,3,31/03/2015
FLR-04913,LAMP,5,0.8768917,1,N-002,14833.9625,,2,0,,,,
FLR-04914,LAMP,5,0.3269269,2,N-048,472.0492,,2,0,,,,
FLR-04915,RIDGE,5,0.9860084,5151,,,1+1+3,,,R1,U,11,26/03/2015
FLR-04916,LAMP,5,1.32375,1,N-014,1212.9023,,2,0,,,,
FLR-04917,RIDGE,6,0.3235,0,,,6i,,,R1,U,11,16/02/2009
FLR-04918,LAMP,5,0.3288681,2,N-025,15183.5023,,4,0,,,,
FLR-04919,RIDGE,4,0.517,5722,,,4D,,,R1,F,3,09/03/2005
FLR-04920,RIDGE,7,1.4692,0,,,7R,,,R2,K,5,03/06/2012
FLR-04921,LAMP,5,0.546977,2,N-012,9436.8903,,4,0,,,,
FLR-04922,RIDGE,4,1.246301,0,,,4R2,,,R1,A,1,02/03/2015
FLR-04923,RIDGE,4,0.384,0,,,1+32,,,R1,N,6,02/04/2010
FLR-04924,LAMP,6,0.4309804,2,N-034,10031.2367,,16,1,,,,
FLR-04925,RIDGE,5,1.149,0,,,1+1+3,,,R1,V,12,03/02/2010
FLR-04926,LAMP,5,1.2133892,2,N-003,17484.3833,,2,0,,,,
FLR-04927,RIDGE,5,1.2035333,5151,,,1+1+3,,,R1,U,11,31-03-2015
FLR-04928,RIDGE,7,1.3607,0,,,7R,,,R2,K,5,03/06/2012
FLR-04929,RIDGE,5,1.1971,0,,,1+1+3,,,R1,F,3,23/01/2005
FLR-04930,LAMP,4,0.7657319,2,N-003,15807.1487,,0,0,,,,
FLR-04931,RIDGE,5,0.3220646,0,,,5R1,,,R1,S,9,07-04-2015
FLR-04932,RIDGE,5,1.4269584,6052,,,1+1+3,,,R1,S,9,29-04-2014
FLR-04933,RIDGE,8,0.3728,5151,,,8i,,,R1,U,11,16/02/2009
FLR-04934,RIDGE,8,1.4085858,0,,,8R,,,R1,J,4,10-04-2015
FLR-04935,RIDGE,5,1.3483252,0,,,1+1+3,,,R1,F,3,31/03/2015
FLR-04936,LAMP,5,1.2958667,1,N-006,8832.4995,,2,0,,,,
FLR-04937,LAMP,5,0.3363752,1,N-036,27604.949,,4,0,,,,
FLR-04938,LAMP,5,0.308608,2,N-046,9454.5095,,2,0,,,,
FLR-04939,RIDGE,4,0.2026,0,,,4R1,,,R1,F,3,04/03/2010
FLR-04940,RIDGE,5,1.3958,0,,,5R3,,,R2,P,7,25/04/2008
FLR-04941,RIDGE,5,0.361,0,,,5R1,,,R1,N,6,02/04/2010
FLR-04942,RIDGE,5,0.3255,5562,,,5R1,,,R1,U,11,24/01/2010
FLR-04943,LAMP,5,0.3382083,1,N-027,13084.7945,,4,0,,,,
FLR-04944,LAMP,22,1.2200882,2,N-011,1983.1866,,17,1,,,,
FLR-04945,RIDGE,5,1.372,5981,,,1+1+3,,,R1,J,4,03/05/2008
FLR-04946,LAMP,5,1.05435,2,N-003,17603.8492,,2,0,,,,
FLR-04947,LAMP,5,1.1657083,2,N-041,2905.4793,,2,0,,,,
FLR-04948,LAMP,5,1.2461377,4,N-020,10980.5813,,2,0,,,,
FLR-04949,LAMP,5,0.3180676,3,N-003,18898.0837,,4,0,,,,
FLR-04950,LAMP,5,0.803864,2,N-048,418.0619,,2,0,,,,
FLR-04951,RIDGE,5,0.9777,0,,,5R3,,,R2,P,7,24/04/2008
FLR-04952,RIDGE,5,1.2037167,5560,,,1+1+3,,,R1,F,3,31/03/2015
FLR-04953,RIDGE,4,0.5139,5722,,,4D,,,R1,F,3,15/02/2005
FLR-04954,RIDGE,5,0.33,0,,,5R1,,,R1,T,10,04/02/2010
FLR-04955,LAMP,5,1.2975638,2,N-004,25066.956,,2,0,,,,
FLR-04956,RIDGE,9,0.3652,0,,,9i,,,R1,J,4,10-04-2015
FLR-04957,RIDGE,5,0.3405417,5586,,,5R1,,,R1,A,1,02-03-2015
FLR-04958,RIDGE,10,0.4788333,0,,,10i,,,R1,F,3,31/03/2015
FLR-04959,RIDGE,6,1.1704,5727,,,6-SMUDGE,,,R1,F,3,04/03/2010
FLR-04960,LAMP,5,0.3331599,1,N-017,29888.2164,,2,0,,,,
FLR-04961,RIDGE,9,0.973,0,,,9i,,,R1,A,1,20/01/2010
FLR-04962,RIDGE,5,0.8894,5978,,,1+1+3,,,R1,J,4,30/03/2010
FLR-04963,RIDGE,5,0.317,6058,,,5R1,,,R1,U,11,24/01/2010
FLR-04964,LAMP,5,0.793325,2,N-034,10081.4644,,2,0,,,,
FLR-04965,RIDGE,5,1.2558844,0,,,1+1+3,,,R1,A,1,02/03/2015
FLR-04966,LAMP,5,0.7722093,2,N-003,15819.0281,,2,0,,,,
FLR-04967,RIDGE,10,1.008,5727,,,10i,,,R1,F,3,04/03/2010
FLR-04968,RIDGE,6,0.3065,0,,,6i,,,R2,K,5,03/06/2012
FLR-04969,RIDGE,5,1.1533,0,,,5R3,,,R2,P,7,24/04/2008
FLR-04970,LAMP,5,1.3531372,4,N-019,3720.0424,,2,0,,,,
FLR-04971,LAMP,5,0.6500649,4,N-011,1152.2521,,2,0,,,,
FLR-04972,LAMP,5,1.2203583,1,N-015,13185.2294,,2,0,,,,
FLR-04973,LAMP,5,0.46625,1,N-013,20613.0441,,4,0,,,,
FLR-04974,RIDGE,7,1.3533,5722,,,7D1,,,R1,F,3,12/02/2010
FLR-04975,RIDGE,5,0.754053,0,,,1+1+3,,,R1,A,1,02/03/2015
FLR-04976,LAMP,5,1.2651083,2,N-014,682.5989,,2,0,,,,
FLR-04977,RIDGE,8,0.292,0,,,8i,,,R1,D,2,27/03/2008
FLR-04978,RIDGE,5,1.2107843,0,,,1+1+3,,,R1,A,1,02/03/2015
FLR-04979,LAMP,5,0.3315917,1,N-027,13080.4948,,4,0,,,,
FLR-04980,RIDGE,5,0.4912372,0,,,5R2,,,R1,N,6,19/03/2015
FLR-04981,LAMP,5,0.3130906,2,N-024,7878.1244,,4,0,,,,
FLR-04982,RIDGE,4,0.791,0,,,4R2,,,R1,A,1,28/02/2010
FLR-04983,LAMP,5,0.7106333,1,N-003,18857.5693,,2,0,,,,
FLR-04984,RIDGE,5,0.4736941,0,,,5R2,,,R1,U,11,31-03-2015
FLR-04985,RIDGE,5,0.3339333,0,,,5R1,,,R1,S,9,07-04-2015
FLR-04986,RIDGE,5,0.88,0,,,1+1+3,,,R1,R,8,19/04/2008
FLR-04987,RIDGE,5,0.4438498,0,,,5R2,,,R1,U,11,31-03-2015
FLR-04988,LAMP,5,0.334525,1,N-042,2610.693,,4,0,,,,
FLR-04989,RIDGE,7,1.1144,5722,,,7D1,,,R1,F,3,02/02/2010
FLR-04990,RIDGE,5,0.755,0,,,1+1+3,,,R1,A,1,26/03/2010
FLR-04991,RIDGE,5,1.2985834,0,,,1+1+3,,,R1,S,9,29-04-2014
FLR-04992,LAMP,14,0.582033,3,N-003,17287.44177,,17,0,,,,
FLR-04993,LAMP,5,0.9974209,2,N-011,1935.0535,,2,0,,,,
FLR-04994,RIDGE,3,0.2923125,0,,,3D,,,R1,A,1,02/03/2015
FLR-04995,LAMP,4,1.2510656,2,N-003,17960.499,,0,0,,,,
FLR-04996,RIDGE,5,1.1946789,0,,,1+1+3,,,R1,J,4,24-04-2014
FLR-04997,RIDGE,5,0.345,0,,,5R1,,,R1,T,10,11/03/2010
FLR-04998,LAMP,5,0.4765916,4,N-014,5870.7265,,4,0,,,,
FLR-04999,RIDGE,5,1.3748096,0,,,1+1+3,,,R1,A,1,02/03/2015
FLR-05000,RIDGE,6,1.0007,5722,,,6-SMUDGE,,,R1,F,3,12/02/2010
FLR-05001,RIDGE,9,1.37,0,,,9R,,,R1,V,12,03/02/2010
FLR-05002,RIDGE,5,1.0651,0,,,1+1+3,,,R1,J,4,06/02/2010
FLR-05003,RIDGE,5,0.4171,5727,,,5R2,,,R1,F,3,12/02/2010
FLR-05004,RIDGE,5,0.34,0,,,5R1,,,R1,V,12,26/01/2010
FLR-05005,RIDGE,5,0.888,0,,,1+1+3,,,R1,V,12,03/02/2010
FLR-05006,RIDGE,5,1.345,0,,,1+1+3,,,R1,F,3,23/01/2005
FLR-05007,LAMP,5,1.0001916,1,N-002,14435.9423,,2,0,,,,
FLR-05008,RIDGE,5,0.931,0,,,1+1+3,,,R1,R,8,19/04/2008
FLR-05009,RIDGE,5,0.3497451,0,,,5R1,,,R1,A,1,02/03/2015
FLR-05010,RIDGE,6,1.3699433,0,,,6R,,,R2,ZZZ,13,12-04-2016
FLR-05011,LAMP,6,1.060625,1,N-001,282.5159,,16,1,,,,
FLR-05012,RIDGE,5,1.01,0,,,1+1+3,,,R1,D,2,18/03/2009
FLR-05013,LAMP,5,0.7402584,1,N-031,162.5588,,2,0,,,,
FLR-05014,LAMP,5,0.4958666,1,N-012,9398.592,,4,0,,,,
FLR-05015,RIDGE,5,1.4225333,5586,,,1+1+3,,,R1,A,1,02-03-2015
FLR-05016,RIDGE,4,0.5623,5722,,,4D,,,R1,F,3,06/03/2005
FLR-05017,RIDGE,5,1.33315,5586,,,1+1+3,,,R1,A,1,02-03-2015
FLR-05018,RIDGE,5,0.825,0,,,1+1+3,,,R1,D,2,20/03/2008
FLR-05019,RIDGE,9,1.385,0,,,9R,,,R1,V,12,03/02/2010
FLR-05020,RIDGE,9,0.339,0,,,9i,,,R1,D,2,27/03/2008
FLR-05021,RIDGE,5,0.7484,5981,,,1+1+3,,,R1,J,4,13/04/2010
FLR-05022,RIDGE,5,0.349,0,,,5R1,,,R1,T,10,17/04/2010
FLR-05023,RIDGE,5,0.763,5561,,,1+1+3,,,R1,F,3,09/02/2009
FLR-05024,RIDGE,5,1.212,0,,,1+1+3,,,R1,R,8,19/04/2008
FLR-05025,RIDGE,6,1.2285,0,,,6R,,,R2,K,5,03/06/2012
FLR-05026,LAMP,5,0.9881334,2,N-019,3345.6412,,2,0,,,,
FLR-05027,RIDGE,9,1.9169,0,,,9R,,,R2,P,7,24/04/2008
FLR-05028,LAMP,5,1.3226417,1,N-015,13032.6041,,2,0,,,,
FLR-05029,RIDGE,5,1.3075,0,,,5R3,,,R2,P,7,25/04/2008
FLR-05030,RIDGE,7,0.3139,0,,,7i,,,R1,J,4,31/01/2009
FLR-05031,RIDGE,5,0.9933,0,,,5R3,,,R2,K,5,03/06/2012
FLR-05032,RIDGE,5,1.141,0,,,1+1+3,,,R1,A,1,17/03/2010
FLR-05033,RIDGE,5,1.0433136,0,,,1+1+3,,,R1,U,11,26/03/2015
FLR-05034,RIDGE,5,1.2851333,0,,,1+1+3,,,R1,A,1,02/03/2015
FLR-05035,LAMP,5,1.275475,4,N-020,11023.315,,2,0,,,,
FLR-05036,LAMP,5,0.84995,4,N-003,17334.0539,,2,0,,,,
FLR-05037,RIDGE,8,0.28,0,,,8i,,,R1,V,12,22/01/2010
FLR-05038,RIDGE,5,0.846975,0,,,1+1+3,,,R1,A,1,02/03/2015
FLR-05039,RIDGE,7,1.3539,5722,,,7D1,,,R1,F,3,12/02/2010
FLR-05040,RIDGE,5,1.2310355,0,,,5R3,,,R2,ZZZ,13,12-04-2016
FLR-05041,RIDGE,5,0.606,0,,,2+3,,,R1,V,12,26/01/2010
FLR-05042,LAMP,5,1.3156882,3,N-003,17947.5472,,2,0,,,,
FLR-05043,RIDGE,5,1.3160333,0,,,1+1+3,,,R1,U,11,31-03-2015
FLR-05044,RIDGE,5,1.165,0,,,1+1+3,,,R1,R,8,19/04/2008
FLR-05045,RIDGE,5,0.921,0,,,1+1+3,,,R1,R,8,19/04/2008
FLR-05046,RIDGE,5,0.833768,5981,,,1+1+3,,,R1,J,4,13-05-2016
FLR-05047,RIDGE,5,0.9842,0,,,5R3,,,R2,P,7,25/04/2008
FLR-05048,LAMP,5,0.327025,1,N-041,4456.7676,,4,0,,,,
FLR-05049,RIDGE,4,0.5203,5722,,,4D,,,R1,F,3,23/01/2010
FLR-05050,RIDGE,5,0.799,0,,,1+1+3,,,R1,N,6,03/04/2010
FLR-05051,LAMP,5,0.5234243,2,N-001,7182.7559,,4,0,,,,
FLR-05052,RIDGE,5,0.347,0,,,5R1,,,R1,V,12,03/02/2010
FLR-05053,RIDGE,5,0.3232,5562,,,5R1,,,R1,U,11,24/01/2010
FLR-05054,RIDGE,5,0.3031084,6052,,,5R1,,,R1,S,9,29-04-2014
FLR-05055,RIDGE,5,0.811225,5586,,,1+1+3,,,R1,A,1,02/03/2015
FLR-05056,LAMP,5,0.567214,2,N-017,29110.1645,,4,0,,,,
FLR-05057,RIDGE,5,0.33,0,,,5R1,,,R1,T,10,10/03/2010
FLR-05058,RIDGE,5,0.3271,5979,,,5R1,,,R1,J,4,03/05/2008
FLR-05059,RIDGE,5,0.3294,0,,,5R1,,,R1,U,11,11/02/2010
FLR-05060,RIDGE,5,2.4065546,0,,,5-SMUDGE,,,R2,ZZZ,13,12-04-2016
FLR-05061,RIDGE,5,0.8251,5981,,,1+1+3,,,R1,J,4,15/02/2007
FLR-05062,RIDGE,9,1.327552,0,,,9R,,,R1,J,4,12/05/2016
FLR-05063,LAMP,5,0.3267833,1,N-029,494.7035,,4,0,,,,
FLR-05064,LAMP,8,1.2538079,2,N-023,31650.4556,,9,0,,,,
FLR-05065,RIDGE,5,0.838,5978,,,1+1+3,,,R1,J,4,15/02/2007
FLR-05066,RIDGE,5,1.1125,0,,,5R3,,,R2,K,5,03/06/2012
FLR-05067,RIDGE,5,1.4474,0,,,1+1+3,,,R1,A,1,16-04-2014
FLR-05068,LAMP,5,0.7851834,1,N-002,14793.7828,,4,0,,,,
FLR-05069,RIDGE,4,0.9248544,0,,,4R2,,,R1,A,1,02/03/2015
FLR-05070,RIDGE,4,0.7565726,0,,,4R2,,,R1,A,1,02/03/2015
FLR-05071,RIDGE,5,1.1893,0,,,5R3,,,R2,K,5,03/06/2012
FLR-05072,LAMP,5,0.3261153,2,N-040,168.3724,,4,0,,,,
FLR-05073,RIDGE,4,0.383,0,,,4R1,,,R1,V,12,03/02/2010
FLR-05074,RIDGE,5,1.2202333,5586,,,1+1+3,,,R1,A,1,02/03/2015
FLR-05075,RIDGE,5,0.509,5979,,,5R2,,,R1,J,4,31/01/2009
FLR-05076,LAMP,8,0.67705,1,N-011,1920.7977,,13,0,,,,
FLR-05077,LAMP,5,0.3248597,1,N-035,31362.2188,,2,0,,,,
FLR-05078,RIDGE,5,1.3436011,5560,,,1+1+3,,,R1,F,3,31/03/2015
FLR-05079,RIDGE,5,0.676,0,,,1+1+3,,,R1,T,10,15/04/2010
FLR-05080,RIDGE,5,1.3872,0,,,5R3,,,R2,P,7,24/04/2008
FLR-05081,RIDGE,5,0.6355,5722,,,5-SMUDGE,,,R1,F,3,23/03/2008
FLR-05082,RIDGE,5,0.8317167,5586,,,1+1+3,,,R1,A,1,02/03/2015
FLR-05083,LAMP,4,1.07565,2,N-001,170.5812,,0,0,,,,
FLR-05084,LAMP,5,0.806575,1,N-002,14542.9113,,2,0,,,,
FLR-05085,RIDGE,6,0.2961,0,,,6i,,,R2,K,5,03/06/2012
FLR-05086,RIDGE,5,1.1074,0,,,5R3,,,R2,K,5,03/06/2012
FLR-05087,RIDGE,6,1.4674,5979,,,6R,,,R1,J,4,04/05/2008
FLR-05088,RIDGE,4,0.877,5720,,,4R2,,,R1,A,1,05/02/2009
FLR-05089,RIDGE,5,0.8137333,5586,,,1+1+3,,,R1,A,1,02/03/2015
FLR-05090,RIDGE,5,0.328,0,,,5R1,,,R1,N,6,02/04/2010
FLR-05091,LAMP,4,0.7772375,2,N-003,16983.8092,,0,0,,,,
FLR-05092,RIDGE,5,0.9662924,0,,,1+1+3,,,R1,A,1,02/03/2015
FLR-05093,RIDGE,5,0.4991,5727,,,5R2,,,R1,F,3,04/03/2010
FLR-05094,LAMP,5,1.4236584,1,N-039,21878.8125,,2,0,,,,
FLR-05095,RIDGE,5,0.8413295,0,,,1+1+3,,,R1,A,1,02/03/2015
FLR-05096,RIDGE,5,0.357,5125,,,5R1,,,R1,V,12,03/02/2010
FLR-05097,RIDGE,4,0.5311,5130,,,4D,,,R1,F,3,07/02/2005
FLR-05098,RIDGE,5,0.316,0,,,5R1,,,R1,D,2,18/03/2009
FLR-05099,RIDGE,5,0.3112333,0,,,5R1,,,R1,J,4,10-04-2015
FLR-05100,RIDGE,5,1.254825,5151,,,1+1+3,,,R1,U,11,26/03/2015
FLR-05101,RIDGE,5,0.3301,5987,,,5R1,,,R1,J,4,03/05/2008
FLR-05102,RIDGE,5,0.318,0,,,5R1,,,R1,D,2,04/04/2008
FLR-05103,RIDGE,5,1.38,0,,,1+1+3,,,R1,V,12,16/01/2010
FLR-05104,RIDGE,5,0.2989993,0,,,5R1,,,R1,J,4,12/05/2016
FLR-05105,RIDGE,5,0.8408,5978,,,1+1+3,,,R1,J,4,03/05/2008
FLR-05106,RIDGE,5,1.1193,0,,,5R3,,,R2,K,5,03/06/2012
FLR-05107,LAMP,5,1.3523167,1,N-006,8719.066,,2,0,,,,
FLR-05108,RIDGE,7,0.975,0,,,7D1,,,R1,A,1,25/03/2008
FLR-05109,LAMP,5,0.7454917,2,N-003,17303.4746,,2,0,,,,
FLR-05110,RIDGE,5,0.2804667,5719,,,5R1,,,R1,A,1,16-04-2014
FLR-05111,RIDGE,5,0.9000833,5726,,,1+1+3,,,R1,S,9,01-04-2015
FLR-05112,RIDGE,5,1.25815,0,,,1+1+3,,,R1,U,11,31-03-2015
FLR-05113,RIDGE,6,1.5095,0,,,6R,,,R2,P,7,05/03/2011
FLR-05114,RIDGE,5,1.0468,0,,,5R3,,,R2,K,5,03/06/2012
FLR-05115,LAMP,7,1.618525,2,N-024,6998.8138,,7,0,,,,
FLR-05116,LAMP,5,0.3260834,1,N-044,27742.6589,,2,0,,,,
FLR-05117,RIDGE,5,1.0862,0,,,5R3,,,R2,P,7,05/03/2011
FLR-05118,RIDGE,7,1.8603,0,,,7-SMUDGE,,,R2,P,7,05/03/2011
FLR-05119,RIDGE,5,1.1761584,5151,,,1+1+3,,,R1,U,11,26/03/2015
FLR-05120,RIDGE,5,1.2367464,0,,,1+1+3,,,R1,J,4,10-04-2015
FLR-05121,RIDGE,5,0.3326,6058,,,5R1,,,R1,U,11,24/01/2010
FLR-05122,RIDGE,4,0.5108,5722,,,4D,,,R1,F,3,02/02/2010
FLR-05123,RIDGE,5,0.7902768,0,,,1+1+3,,,R1,A,1,02/03/2015
FLR-05124,RIDGE,5,1.3158587,0,,,1+1+3,,,R1,F,3,31/03/2015
FLR-05125,LAMP,5,1.275275,2,N-038,3557.7264,,2,0,,,,
FLR-05126,LAMP,5,0.7731,2,N-003,17319.0485,,2,0,,,,
FLR-05127,LAMP,5,0.833768,1,N-048,47.2508,,2,0,,,,
FLR-05128,LAMP,5,1.3483252,3,N-015,12441.5103,,2,0,,,,
FLR-05129,LAMP,5,0.340546,2,N-029,589.0983,,4,0,,,,
FLR-05130,LAMP,5,1.2906489,2,N-004,25059.9778,,2,0,,,,
FLR-05131,RIDGE,5,0.4940921,0,,,5R2,,,R1,U,11,31-03-2015
FLR-05132,RIDGE,5,0.8996847,0,,,1+1+3,,,R1,S,9,01-04-2015
FLR-05133,RIDGE,3,0.332,0,,,3D,,,R1,A,1,28/02/2010
FLR-05134,RIDGE,5,0.8256869,0,,,1+1+3,,,R1,A,1,02/03/2015
FLR-05135,RIDGE,5,0.8187,0,,,5-SMUDGE,,,R2,P,7,24/04/2008
FLR-05136,RIDGE,4,1.0820167,0,,,4R2,,,R1,A,1,02-03-2015
FLR-05137,RIDGE,4,1.061,0,,,4R2,,,R1,A,1,25/02/2010
FLR-05138,RIDGE,5,1.3473272,0,,,1+1+3,,,R1,U,11,31-03-2015
FLR-05139,RIDGE,5,1.29595,5720,,,1+1+3,,,R1,A,1,16-04-2014
FLR-05140,RIDGE,5,0.7849512,0,,,1+1+3,,,R1,J,4,12-05-2016
FLR-05141,RIDGE,5,1.1252,0,,,5R3,,,R2,K,5,03/06/2012
FLR-05142,RIDGE,5,0.2142,0,,,5-SMUDGE,,,R1,F,3,04/03/2010
FLR-05143,LAMP,20,1.11755,2,N-001,3978.6087,,17,0,,,,
FLR-05144,RIDGE,5,0.338,0,,,5R1,,,R1,N,6,02/04/2010
FLR-05145,RIDGE,5,1.103,0,,,1+1+3,,,R1,R,8,19/04/2008
FLR-05146,RIDGE,5,0.344,0,,,5R1,,,R1,V,12,03/02/2010
FLR-05147,RIDGE,5,0.6914795,0,,,1+1+3,,,R1,U,11,26/03/2015
FLR-05148,RIDGE,5,1.2690167,5759,,,1+1+3,,,R1,S,9,01-04-2015
FLR-05149,LAMP,5,0.8040417,1,N-011,1947.7227,,2,0,,,,
FLR-05150,LAMP,4,1.0307062,3,N-003,17852.8906,,0,0,,,,
FLR-05151,RIDGE,5,0.3262917,5726,,,5R1,,,R1,S,9,01-04-2015
FLR-05152,LAMP,5,1.2774,1,N-013,21847.9878,,2,0,,,,
FLR-05153,RIDGE,4,0.396,0,,,1+32,,,R1,N,6,02/04/2010
FLR-05154,RIDGE,8,1.5554333,0,,,8D,,,R1,U,11,19-03-2015
FLR-05155,RIDGE,5,0.331,0,,,5R1,,,R1,T,10,11/03/2010
FLR-05156,RIDGE,5,0.326,0,,,5R1,,,R1,R,8,10/04/2008
FLR-05157,LAMP,5,1.114336,2,N-011,85.1106,,2,0,,,,
FLR-05158,RIDGE,7,0.3182681,0,,,7i,,,R1,A,1,16-04-2014
FLR-05159,RIDGE,5,0.347,0,,,5R1,,,R1,T,10,14/04/2010
FLR-05160,RIDGE,5,0.6363,0,,,5-SMUDGE,,,R2,K,5,03/06/2012
FLR-05161,RIDGE,5,1.2346908,0,,,5R3,,,R2,ZZZ,13,12-04-2016
FLR-05162,RIDGE,5,0.9674,5727,,,1+1+3,,,R1,F,3,12/02/2010
FLR-05163,RIDGE,5,1.4308,5979,,,1+1+3,,,R1,J,4,04/05/2008
FLR-05164,RIDGE,5,0.999,0,,,1+1+3,,,R1,A,1,25/02/2010
FLR-05165,RIDGE,5,1.373,0,,,1+1+3,,,R1,V,12,26/01/2010
FLR-05166,RIDGE,6,0.4051,5586,,,6i,,,R1,A,1,02-03-2015
FLR-05167,LAMP,4,0.8320603,2,N-003,15805.6536,,0,0,,,,
FLR-05168,LAMP,5,1.2989084,1,N-042,1061.0044,,2,0,,,,
FLR-05169,RIDGE,5,1.5464,5981,,,1+1+3,,,R1,J,4,03/05/2008
FLR-05170,RIDGE,5,1.5186266,6052,,,1+1+3,,,R1,S,9,29-04-2014
FLR-05171,LAMP,5,1.13355,1,N-003,17437.8254,,2,0,,,,
FLR-05172,LAMP,5,1.2453,3,N-022,27911.2159,,2,0,,,,
FLR-05173,LAMP,5,0.311925,1,N-014,5902.2603,,4,0,,,,
FLR-05174,RIDGE,5,1.1286736,0,,,1+1+3,,,R1,U,11,31-03-2015
FLR-05175,RIDGE,5,0.9714,5722,,,1+1+3,,,R1,F,3,12/02/2010
FLR-05176,RIDGE,5,0.3079917,5759,,,5R1,,,R1,S,9,01-04-2015
FLR-05177,LAMP,5,1.1738007,2,N-022,27712.943,,2,0,,,,
FLR-05178,RIDGE,1,0,5151,,,1-SMUDGE,,,R1,U,11,31-03-2015
FLR-05179,RIDGE,8,0.693,0,,,8i,,,R1,V,12,03/02/2010
FLR-05180,RIDGE,5,1.1917417,0,,,5R3,,,R2,ZZZ,13,12-04-2016
FLR-05181,RIDGE,5,1.034,0,,,1+1+3,,,R1,R,8,19/04/2008
FLR-05182,RIDGE,5,0.3483,5560,,,5R1,,,R1,F,3,02/03/2005
FLR-05183,RIDGE,5,0.758,0,,,1+1+3,,,R1,A,1,20/01/2010
FLR-05184,LAMP,5,1.5626015,2,N-047,16273.2786,,2,0,,,,
FLR-05185,RIDGE,6,0.9831,5978,,,6-SMUDGE,,,R1,J,4,31/01/2009
FLR-05186,LAMP,5,0.4583686,1,N-019,4433.6265,,4,0,,,,
FLR-05187,RIDGE,5,0.7602213,0,,,1+1+3,,,R1,A,1,02/03/2015
FLR-05188,LAMP,5,0.6987031,1,N-033,19104.6784,,2,0,,,,
FLR-05189,LAMP,6,0.902825,2,N-003,17549.5889,,10,1,,,,
FLR-05190,RIDGE,9,0.4079,0,,,9i,,,R1,F,3,31/03/2015
FLR-05191,RIDGE,5,1.1095,5987,,,1+1+3,,,R1,J,4,06/02/2010
FLR-05192,RIDGE,5,0.338,0,,,5R1,,,R1,T,10,26/01/2010
FLR-05193,RIDGE,5,0.5225,5151,,,5R2,,,R1,U,11,11/02/2010
FLR-05194,RIDGE,5,0.8491584,5719,,,1+1+3,,,R1,A,1,16-04-2014
FLR-05195,RIDGE,5,0.3135,5987,,,5R1,,,R1,J,4,15/02/2007
FLR-05196,LAMP,6,0.2305284,1,N-010,21321.3021,,10,0,,,,
FLR-05197,LAMP,5,0.8717,3,N-035,30671.8396,,2,0,,,,
FLR-05198,LAMP,5,0.5139868,10,N-042,1702.5017,,4,0,,,,
FLR-05199,RIDGE,5,0.8152833,5981,,,1+1+3,,,R1,J,4,10-04-2015
FLR-05200,RIDGE,8,0.5798,5727,,,8i,,,R1,F,3,04/03/2010
FLR-05201,RIDGE,5,1.0260833,5586,,,1+1+3,,,R1,A,1,02/03/2015
FLR-05202,RIDGE,5,1.1546952,0,,,1+1+3,,,R1,A,1,02/03/2015
FLR-05203,RIDGE,5,0.9788,0,,,5R3,,,R2,P,7,24/04/2008
FLR-05204,RIDGE,4,0.5066,5722,,,4D,,,R1,F,3,02/02/2010
FLR-05205,LAMP,5,0.3224384,2,N-025,15126.3294,,4,0,,,,
FLR-05206,RIDGE,7,0.286,0,,,7i,,,R1,V,12,03/02/2010
FLR-05207,RIDGE,5,0.31025,0,,,5R1,,,R1,S,9,01-04-2015
FLR-05208,RIDGE,5,1.2873714,0,,,1+1+3,,,R1,F,3,31/03/2015
FLR-05209,LAMP,5,0.3283916,2,N-028,28222.0666,,2,0,,,,
FLR-05210,RIDGE,5,1.204675,5560,,,1+1+3,,,R1,F,3,31/03/2015
FLR-05211,LAMP,5,0.7270583,2,N-024,6838.2752,,15,0,,,,
FLR-05212,RIDGE,5,1.2735,0,,,5R3,,,R2,K,5,03/06/2012
FLR-05213,RIDGE,5,1.3434416,6052,,,1+1+3,,,R1,S,9,29-04-2014
FLR-05214,RIDGE,5,1.3772575,0,,,1+1+3,,,R1,F,3,31/03/2015
FLR-05215,LAMP,5,1.2285241,2,N-030,9518.6222,,2,0,,,,
FLR-05216,LAMP,5,1.2764916,1,N-014,1083.4913,,2,0,,,,
FLR-05217,RIDGE,4,0.5179,5722,,,4D,,,R1,F,3,11/02/2010
FLR-05218,RIDGE,5,0.342,0,,,5R1,,,R1,T,10,12/03/2010
FLR-05219,RIDGE,4,0.252,6069,,,4R1,,,R1,D,2,26/02/2010
FLR-05220,RIDGE,5,1.1748852,0,,,1+1+3,,,R1,F,3,31/03/2015
FLR-05221,LAMP,7,1.2459202,2,N-009,826.6211,,7,0,,,,
FLR-05222,RIDGE,5,1.3404936,0,,,1+1+3,,,R1,F,3,31/03/2015
FLR-05223,RIDGE,5,0.3006633,0,,,5R1,,,R1,J,4,12/05/2016
FLR-05224,RIDGE,5,0.312125,0,,,5R1,,,R1,U,11,31-03-2015
FLR-05225,LAMP,4,1.1598084,1,N-035,30930.0969,,0,0,,,,
FLR-05226,RIDGE,5,1.1539673,0,,,1+1+3,,,R1,U,11,26/03/2015
FLR-05227,LAMP,5,1.2782615,2,N-014,5143.341,,2,0,,,,
FLR-05228,RIDGE,5,1.0926,5727,,,1+1+3,,,R1,F,3,12/02/2010
FLR-05229,LAMP,4,1.0436344,3,N-002,14592.2145,,0,0,,,,
FLR-05230,RIDGE,5,1.1731822,0,,,1+1+3,,,R1,A,1,02/03/2015
FLR-05231,LAMP,5,0.501525,1,N-021,19954.7361,,4,0,,,,
FLR-05232,RIDGE,5,0.342,0,,,5R1,,,R1,V,12,03/02/2010
FLR-05233,LAMP,8,1.2213132,2,N-032,10089.2739,,9,0,,,,
FLR-05234,RIDGE,10,1.6749,0,,,10R,,,R2,P,7,24/04/2008
FLR-05235,LAMP,17,1.05265,1,N-001,256.0976,,17,0,,,,
FLR-05236,RIDGE,10,0.7887666,5151,,,10i,,,R1,U,11,19-03-2015
FLR-05237,LAMP,3,0.2977084,2,N-003,22205.394,,5,0,,,,
FLR-05238,LAMP,5,0.3291,2,N-025,15107.0135,,4,0,,,,
FLR-05239,RIDGE,5,0.31575,0,,,5R1,,,R1,J,4,10-04-2015
FLR-05240,RIDGE,5,1.4072,5979,,,1+1+3,,,R1,J,4,04/05/2008
FLR-05241,RIDGE,5,0.83445,0,,,1+1+3,,,R1,A,1,02/03/2015
FLR-05242,LAMP,5,1.2400167,1,N-014,739.9088,,2,0,,,,
FLR-05243,RIDGE,4,0.5136,5722,,,4D,,,R1,F,3,23/02/2008
FLR-05244,LAMP,5,1.3434416,1,N-041,3898.3956,,2,0,,,,
FLR-05245,RIDGE,4,0.2268,0,,,4R1,,,R1,F,3,04/03/2010
FLR-05246,RIDGE,5,0.35,0,,,5R1,,,R1,T,10,12/03/2010
FLR-05247,LAMP,3,0.3155375,2,N-002,11127.0379,,5,0,,,,
FLR-05248,LAMP,5,0.4921559,2,N-017,29894.1267,,4,0,,,,
FLR-05249,RIDGE,5,1.3205417,6052,,,1+1+3,,,R1,S,9,29-04-2014
FLR-05250,LAMP,5,0.8957787,1,N-005,3283.9849,,2,0,,,,
FLR-05251,LAMP,5,1.1562098,2,N-017,29179.8375,,2,0,,,,
FLR-05252,RIDGE,4,0.5599,5722,,,4D,,,R1,F,3,18/02/2009
FLR-05253,RIDGE,5,1.1187,0,,,5R3,,,R2,K,5,03/06/2012
FLR-05254,RIDGE,5,0.559,0,,,5R2,,,R1,T,10,10/03/2010
FLR-05255,RIDGE,5,1.0069,0,,,5R3,,,R2,K,5,03/06/2012
FLR-05256,RIDGE,5,0.7385334,5586,,,1+1+3,,,R1,A,1,02/03/2015
FLR-05257,RIDGE,5,0.8022,5978,,,1+1+3,,,R1,J,4,31/01/2009
FLR-05258,RIDGE,5,1.1183506,5586,,,1+1+3,,,R1,A,1,02/03/2015
FLR-05259,LAMP,5,1.5949283,2,N-045,2757.8957,,2,0,,,,
FLR-05260,RIDGE,5,0.3144,5562,,,5R1,,,R1,U,11,11/02/2010
FLR-05261,LAMP,5,0.9768417,1,N-017,29100.0856,,2,0,,,,
FLR-05262,RIDGE,5,0.4992,5560,,,5R2,,,R1,F,3,03/02/2005
FLR-05263,RIDGE,9,0.7375,0,,,9i,,,R1,U,11,31-03-2015
FLR-05264,RIDGE,5,1.032,0,,,1+1+3,,,R1,R,8,19/04/2008
FLR-05265,LAMP,5,0.7750512,2,N-003,17800.2574,,2,0,,,,
FLR-05266,RIDGE,5,1.1933732,0,,,1+1+3,,,R1,U,11,31-03-2015
FLR-05267,RIDGE,4,0.5197,5722,,,4D,,,R1,F,3,27/02/2005
FLR-05268,RIDGE,5,0.6544,6035,,,1+1+3,,,R1,U,11,11/02/2010
FLR-05269,RIDGE,5,1.0351,0,,,5R3,,,R2,K,5,03/06/2012
FLR-05270,RIDGE,5,1,5719,,,1+1+3,,,R1,A,1,05/02/2009
FLR-05271,RIDGE,7,0.423,0,,,7i,,,R1,F,3,04/03/2010
FLR-05272,LAMP,4,0.9335833,2,N-001,3903.9766,,0,0,,,,
FLR-05273,LAMP,5,0.7345833,1,N-031,180.6926,,2,0,,,,
FLR-05274,RIDGE,5,1.3119083,0,,,1+1+3,,,R1,S,9,29-04-2014
FLR-05275,RIDGE,5,1.374,0,,,1+1+3,,,R1,V,12,26/01/2010
FLR-05276,LAMP,5,0.4289,1,N-001,4367.6731,,4,0,,,,
FLR-05277,RIDGE,5,1.2371,5978,,,1+1+3,,,R1,J,4,15/02/2007
FLR-05278,RIDGE,5,0.837,0,,,1+1+3,,,R1,D,2,18/03/2010
FLR-05279,RIDGE,5,0.7774,5981,,,1+1+3,,,R1,J,4,15/02/2007
FLR-05280,RIDGE,5,1.0496333,0,,,1+1+3,,,R1,U,11,31-03-2015
FLR-05281,RIDGE,5,0.313,0,,,5R1,,,R1,D,2,21/03/2008
FLR-05282,LAMP,5,0.8433333,1,N-003,17364.2349,,2,0,,,,
FLR-05283,RIDGE,5,1.143,0,,,1+1+3,,,R1,R,8,19/04/2008
FLR-05284,RIDGE,5,1.1112,0,,,5R3,,,R2,K,5,02/06/2012
FLR-05285,LAMP,3,0.2923125,2,N-003,22222.5757,,5,0,,,,
FLR-05286,RIDGE,5,0.82,0,,,1+1+3,,,R1,R,8,19/04/2008
FLR-05287,RIDGE,5,1.0279584,5586,,,1+1+3,,,R1,A,1,02/03/2015
FLR-05288,LAMP,5,1.2803,1,N-011,2132.2347,,2,0,,,,
FLR-05289,RIDGE,5,1.087585,0,,,1+1+3,,,R1,J,4,13-05-2016
FLR-05290,RIDGE,5,0.823,0,,,1+1+3,,,R1,R,8,19/04/2008
FLR-05291,RIDGE,9,0.338,0,,,9i,,,R1,N,6,23/03/2009
FLR-05292,LAMP,5,0.3270666,1,N-042,2598.6989,,2,0,,,,
FLR-05293,RIDGE,5,1.0339,0,,,5R3,,,R2,K,5,03/06/2012
FLR-05294,RIDGE,4,0.661,0,,,4-SMUDGE,,,R1,A,1,20/01/2010
FLR-05295,LAMP,5,1.2271333,1,N-014,5156.6761,,2,0,,,,
FLR-05296,RIDGE,5,1.0269077,0,,,1+1+3,,,R1,A,1,02/03/2015
FLR-05297,LAMP,5,0.872275,1,N-002,13857.8265,,2,0,,,,
FLR-05298,RIDGE,4,1.07,0,,,4R2,,,R1,A,1,25/02/2010
FLR-05299,LAMP,4,1.154544,3,N-002,14663.5961,,0,0,,,,
FLR-05300,LAMP,4,0.6386728,2,N-001,7143.7766,,0,0,,,,
FLR-05301,RIDGE,7,1.1999,5722,,,7D1,,,R1,F,3,12/02/2010
FLR-05302,RIDGE,5,0.7749,0,,,5-SMUDGE,,,R2,P,7,24/04/2008
FLR-05303,RIDGE,5,1.0103417,5151,,,1+1+3,,,R1,U,11,26/03/2015
FLR-05304,RIDGE,7,0.332,0,,,7i,,,R1,D,2,18/03/2010
FLR-05305,RIDGE,5,0.339,0,,,5R1,,,R1,A,1,25/03/2008
FLR-05306,RIDGE,5,0.326,0,,,5R1,,,R1,T,10,04/02/2010
FLR-05307,RIDGE,5,1.0389334,5586,,,1+1+3,,,R1,A,1,02/03/2015
FLR-05308,RIDGE,5,0.816,5719,,,1+1+3,,,R1,A,1,05/02/2009
FLR-05309,RIDGE,5,1.1381,0,,,5R3,,,R2,K,5,03/06/2012
FLR-05310,RIDGE,5,1.1658084,9999,,,5R3,,,R2,ZZZ,13,12-04-2016
FLR-05311,LAMP,5,1.0110091,2,N-003,15630.228,,2,0,,,,
FLR-05312,LAMP,5,1.35295,3,N-014,5169.8468,,2,0,,,,
FLR-05313,RIDGE,5,1.2114,0,,,5R3,,,R2,K,5,03/06/2012
FLR-05314,RIDGE,5,0.316,0,,,5R1,,,R1,T,10,11/03/2010
FLR-05315,RIDGE,5,1.1494833,0,,,1+1+3,,,R1,A,1,02-03-2015
FLR-05316,LAMP,5,1.3691666,2,N-011,852.0513,,2,0,,,,
FLR-05317,LAMP,5,0.9721834,1,N-003,15954.7155,,2,0,,,,
FLR-05318,RIDGE,5,0.6548,5979,,,5-SMUDGE,,,R1,J,4,03/05/2008
FLR-05319,RIDGE,5,1.1856,9999,,,5R3,,,R2,ZZZ,13,12-04-2016
FLR-05320,RIDGE,5,0.7106333,5586,,,1+1+3,,,R1,A,1,02/03/2015
FLR-05321,RIDGE,5,1.212057,0,,,1+1+3,,,R1,J,4,10-04-2015
FLR-05322,RIDGE,5,1.0538,5560,,,1+1+3,,,R1,F,3,23/01/2005
FLR-05323,LAMP,5,1.1560553,2,N-003,16078.9933,,2,0,,,,
FLR-05324,RIDGE,5,1.334,0,,,1+1+3,,,R1,V,12,16/01/2010
FLR-05325,RIDGE,5,0.9778728,5979,,,1+1+3,,,R1,J,4,10-04-2015
FLR-05326,RIDGE,5,0.3362,5562,,,5R1,,,R1,U,11,24/02/2008
FLR-05327,LAMP,14,0.9780556,2,N-036,26939.5457,,17,0,,,,
FLR-05328,RIDGE,5,1.257,5560,,,1+1+3,,,R1,F,3,12/02/2010
FLR-05329,RIDGE,4,0.3489,59871,,,4-SMUDGE,,,R1,J,4,13/04/2010
FLR-05330,RIDGE,7,1.2234,5722,,,7D1,,,R1,F,3,04/03/2010
FLR-05331,RIDGE,5,0.794,0,,,1+1+3,,,R1,A,1,28/02/2010
FLR-05332,RIDGE,5,1.1286583,5560,,,1+1+3,,,R1,F,3,31/03/2015
FLR-05333,RIDGE,5,0.3237616,0,,,5R1,,,R1,S,9,01-04-2015
FLR-05334,RIDGE,5,0.3089,5979,,,5R1,,,R1,J,4,03/05/2008
FLR-05335,LAMP,18,1.0657084,1,N-001,266.0988,,17,0,,,,
FLR-05336,RIDGE,5,0.6739584,0,,,2+3,,,R1,S,9,29-04-2014
FLR-05337,RIDGE,5,0.3131833,5726,,,5R1,,,R1,S,9,01-04-2015
FLR-05338,RIDGE,5,0.3184667,5726,,,5R1,,,R1,S,9,01-04-2015
FLR-05339,LAMP,5,1.0454083,2,N-002,14485.2122,,2,0,,,,
FLR-05340,RIDGE,10,1.621767,0,,,10R,,,R1,J,4,12/05/2016
FLR-05341,LAMP,5,1.1823991,3,N-045,5012.5993,,2,0,,,,
FLR-05342,RIDGE,5,0.9736854,0,,,1+1+3,,,R1,A,1,02/03/2015
FLR-05343,LAMP,5,1.4864379,4,N-006,8808.3415,,2,1,,,,
FLR-05344,LAMP,5,1.3449167,1,N-041,3893.7117,,2,0,,,,
FLR-05345,RIDGE,5,1.210275,5586,,,1+1+3,,,R1,A,1,02/03/2015
FLR-05346,LAMP,6,0.390875,1,N-001,583.1763,,16,1,,,,
FLR-05347,RIDGE,5,0.9456667,5586,,,1+1+3,,,R1,A,1,02/03/2015
FLR-05348,RIDGE,5,0.6709,5561,,,5-SMUDGE,,,R1,F,3,23/01/2005
FLR-05349,RIDGE,5,0.326,0,,,5R1,,,R1,V,12,22/01/2010
FLR-05350,LAMP,4,0.9437294,3,N-003,17875.6331,,0,0,,,,
FLR-05351,RIDGE,5,1.3581474,0,,,1+1+3,,,R1,F,3,31/03/2015
FLR-05352,RIDGE,7,0.4283,5727,,,7i,,,R1,F,3,04/03/2010
FLR-05353,RIDGE,5,0.8107122,5151,,,1+1+3,,,R1,U,11,19-03-2015
FLR-05354,LAMP,6,1.040589,1,N-001,7176.4674,,16,0,,,,
FLR-05355,RIDGE,5,0.330243,0,,,5R1,,,R1,S,9,01-04-2015
FLR-05356,RIDGE,6,1.349475,5151,,,6-SMUDGE,,,R1,U,11,19-03-2015
FLR-05357,RIDGE,4,0.969535,0,,,4R2,,,R1,A,1,02-03-2015
FLR-05358,RIDGE,8,0.291,0,,,8i,,,R1,D,2,27/03/2008
FLR-05359,RIDGE,8,0.317,5126,,,8i,,,R1,V,12,26/01/2010
FLR-05360,RIDGE,5,1.049,0,,,5R3,,,R2,K,5,02/06/2012
FLR-05361,LAMP,5,0.8960667,3,N-001,7157.7214,,2,0,,,,
FLR-05362,RIDGE,6,1.7278,0,,,6R,,,R2,P,7,05/03/2011
FLR-05363,RIDGE,5,0.3079,5979,,,5R1,,,R1,J,4,03/05/2008
FLR-05364,RIDGE,5,0.4993,5727,,,5R2,,,R1,F,3,12/02/2010
FLR-05365,RIDGE,5,0.872,0,,,1+1+3,,,R1,N,6,02/04/2010
FLR-05366,RIDGE,5,1.1708831,0,,,1+1+3,,,R1,U,11,19-03-2015
FLR-05367,LAMP,5,0.3068381,2,N-031,141.4264,,4,0,,,,
FLR-05368,RIDGE,5,0.8677083,5151,,,1+1+3,,,R1,U,11,19-03-2015
FLR-05369,RIDGE,5,1.4351,0,,,1+1+3,,,R1,J,4,06/02/2010
FLR-05370,RIDGE,5,0.308044,0,,,5R1,,,R1,S,9,01-04-2015
FLR-05371,RIDGE,5,0.8933083,0,,,5-SMUDGE,,,R1,A,1,02/03/2015
FLR-05372,RIDGE,7,0.9318,0,,,7D1,,,R1,F,3,23/01/2005
FLR-05373,RIDGE,5,1.22485,0,,,1+1+3,,,R1,J,4,24-04-2014
FLR-05374,RIDGE,4,0.1922,0,,,4R1,,,R1,F,3,04/03/2010
FLR-05375,LAMP,5,0.8254166,1,N-011,1935.282,,2,0,,,,
FLR-05376,LAMP,5,1.2013667,1,N-014,1105.427,,2,0,,,,
FLR-05377,RIDGE,5,0.3300084,5726,,,5R1,,,R1,S,9,01-04-2015
FLR-05378,RIDGE,6,1.2288,0,,,6R,,,R2,K,5,03/06/2012
FLR-05379,LAMP,5,0.3114916,3,N-031,117.1664,,2,0,,,,
FLR-05380,RIDGE,5,1.429825,6052,,,1+1+3,,,R1,S,9,29-04-2014
FLR-05381,LAMP,5,0.9133559,2,N-003,17372.7817,,2,0,,,,
FLR-05382,LAMP,4,1.1580024,2,N-003,15844.5497,,0,0,,,,
FLR-05383,RIDGE,5,0.3064828,0,,,5R1,,,R1,J,4,12/05/2016
FLR-05384,RIDGE,9,1.341,5563,,,9R,,,R1,F,3,02/02/2010
FLR-05385,LAMP,5,0.4587898,1,N-019,4428.8991,,4,0,,,,
FLR-05386,RIDGE,4,0.38,0,,,1+32,,,R1,N,6,02/04/2010
FLR-05387,LAMP,5,1.277225,1,N-011,2147.8134,,2,0,,,,
FLR-05388,RIDGE,4,0.5117,5561,,,4D,,,R1,F,3,03/03/2010
FLR-05389,LAMP,5,0.86144,1,N-048,51.4763,,2,0,,,,
FLR-05390,RIDGE,5,0.3348083,5586,,,5R1,,,R1,A,1,02/03/2015
FLR-05391,LAMP,5,0.3786167,3,N-003,17326.9092,,4,0,,,,
FLR-05392,RIDGE,3,0.2704286,0,,,3D,,,R1,A,1,02-03-2015
FLR-05393,RIDGE,5,1.0886917,5586,,,1+1+3,,,R1,A,1,02/03/2015
FLR-05394,LAMP,5,1.4629098,2,N-035,30784.2873,,2,0,,,,
FLR-05395,LAMP,5,0.327,1,N-024,7936.6211,,4,0,,,,
FLR-05396,RIDGE,5,0.4587241,0,,,5R2,,,R1,F,3,31/03/2015
FLR-05397,LAMP,5,1.008925,2,N-019,3340.1864,,2,0,,,,
FLR-05398,LAMP,5,0.814326,1,N-032,10067.539,,2,0,,,,
FLR-05399,LAMP,5,1.32125,1,N-012,10024.8993,,2,0,,,,
FLR-05400,RIDGE,5,0.4801037,0,,,5R2,,,R1,U,11,19-03-2015
FLR-05401,RIDGE,5,1.1605167,9999,,,5R3,,,R2,ZZZ,13,12-04-2016
FLR-05402,RIDGE,5,0.803,0,,,1+1+3,,,R1,R,8,19/04/2008
FLR-05403,RIDGE,5,0.525,0,,,5R2,,,R1,N,6,02/04/2010
FLR-05404,LAMP,5,0.8152833,1,N-030,10190.5764,,2,0,,,,
FLR-05405,LAMP,5,0.321132,3,N-003,18882.3648,,4,0,,,,
FLR-05406,RIDGE,5,0.3360333,5759,,,5R1,,,R1,S,9,01-04-2015
FLR-05407,LAMP,8,0.3374327,2,N-036,27600.6613,,13,1,,,,
FLR-05408,RIDGE,5,1.1731,5727,,,1+1+3,,,R1,F,3,04/03/2010
FLR-05409,RIDGE,5,0.9497891,0,,,1+1+3,,,R1,U,11,19-03-2015
FLR-05410,RIDGE,5,0.9274173,0,,,1+1+3,,,R1,A,1,02/03/2015
FLR-05411,RIDGE,5,0.3401021,0,,,5R1,,,R1,F,3,19/03/2015
FLR-05412,LAMP,5,0.4901667,1,N-012,10510.1142,,4,0,,,,
FLR-05413,RIDGE,5,0.9454,5979,,,1+1+3,,,R1,J,4,31/01/2009
FLR-05414,RIDGE,5,1.1052,5130,,,1+1+3,,,R1,F,3,02/02/2005
FLR-05415,RIDGE,5,0.3026167,0,,,5R1,,,R1,S,9,01-04-2015
FLR-05416,RIDGE,5,1.1562098,0,,,1+1+3,,,R1,F,3,31/03/2015
FLR-05417,RIDGE,5,1.4142833,5759,,,1+1+3,,,R1,S,9,29-04-2014
FLR-05418,RIDGE,5,0.2994166,0,,,5R1,,,R1,A,1,02/03/2015
FLR-05419,RIDGE,4,0.7596,5561,,,4-SMUDGE,,,R1,F,3,23/01/2005
FLR-05420,RIDGE,5,1.091,0,,,1+1+3,,,R1,R,8,19/04/2008
FLR-05421,RIDGE,9,0.299,0,,,9i,,,R1,T,10,12/03/2010
FLR-05422,RIDGE,9,0.407,0,,,9i,,,R1,N,6,21/03/2010
FLR-05423,RIDGE,5,0.8859675,5586,,,1+1+3,,,R1,A,1,02/03/2015
FLR-05424,RIDGE,5,0.3331,5560,,,5R1,,,R1,F,3,24/02/2008
FLR-05425,RIDGE,5,1.227,0,,,1+1+3,,,R1,V,12,26/01/2010
FLR-05426,RIDGE,6,0.495,0,,,6i,,,R1,R,8,25/03/2008
FLR-05427,RIDGE,5,1.0427,0,,,5R3,,,R2,K,5,03/06/2012
FLR-05428,RIDGE,5,0.5495,6058,,,5-SMUDGE,,,R1,U,11,11/02/2010
FLR-05429,RIDGE,5,0.9513,0,,,1+1+3,,,R1,F,3,04/03/2010
FLR-05430,RIDGE,5,0.3146417,5759,,,5R1,,,R1,S,9,29-04-2014
FLR-05431,LAMP,5,1.13155,1,N-012,9481.123,,2,0,,,,
FLR-05432,RIDGE,5,0.9025667,5586,,,1+1+3,,,R1,A,1,02/03/2015
FLR-05433,RIDGE,5,0.3298425,5560,,,5R1,,,R1,F,3,31/03/2015
FLR-05434,RIDGE,8,0.33,0,,,8i,,,R1,T,10,26/01/2010
FLR-05435,LAMP,5,1.2975918,2,N-023,31555.1157,,2,0,,,,
FLR-05436,RIDGE,5,0.315,0,,,5R1,,,R1,T,10,15/04/2010
FLR-05437,LAMP,5,1.4210334,3,N-020,11041.2988,,2,0,,,,
FLR-05438,RIDGE,5,1.0001916,5586,,,1+1+3,,,R1,A,1,02/03/2015
FLR-05439,LAMP,5,0.8276136,3,N-001,7149.8788,,2,0,,,,
FLR-05440,LAMP,5,0.9328,1,N-001,3883.6449,,2,0,,,,
FLR-05441,LAMP,5,0.3118916,2,N-019,4452.4584,,4,0,,,,
FLR-05442,RIDGE,5,0.7572739,0,,,1+1+3,,,R1,J,4,12/05/2016
FLR-05443,RIDGE,8,0.374225,5151,,,8i,,,R1,U,11,31-03-2015
FLR-05444,RIDGE,5,0.344,0,,,5R1,,,R1,T,10,14/04/2010
FLR-05445,LAMP,5,0.33304,3,N-040,120.3701,,2,0,,,,
FLR-05446,RIDGE,5,1.3023952,0,,,1+1+3,,,R1,A,1,02/03/2015
FLR-05447,LAMP,6,1.16165,2,N-003,17874.3473,,16,1,,,,
FLR-05448,LAMP,5,0.9677416,1,N-003,15523.9813,,2,0,,,,
FLR-05449,RIDGE,5,0.8589,5978,,,1+1+3,,,R1,J,4,31/01/2009
FLR-05450,RIDGE,5,0.305,0,,,5R1,,,R1,D,2,06/02/2010
FLR-05451,RIDGE,5,0.2941,6058,,,5R1,,,R1,U,11,01/02/2010
FLR-05452,LAMP,5,1.1370206,1,N-028,27450.2866,,2,0,,,,
FLR-05453,RIDGE,5,1.284,0,,,5R3,,,R2,K,5,03/06/2012
FLR-05454,RIDGE,5,0.3384333,5586,,,5R1,,,R1,A,1,02-03-2015
FLR-05455,RIDGE,6,1.5583583,0,,,6-SMUDGE,,,R1,F,3,31/03/2015
FLR-05456,LAMP,5,0.5204223,10,N-042,1706.0702,,4,0,,,,
FLR-05457,RIDGE,5,1.1864917,0,,,1+1+3,,,R1,A,1,16-04-2014
FLR-05458,LAMP,5,0.3300084,1,N-026,5931.6744,,4,0,,,,
FLR-05459,RIDGE,5,0.333,0,,,5R1,,,R1,T,10,04/02/2010
FLR-05460,RIDGE,5,0.881,0,,,1+1+3,,,R1,A,1,20/01/2010
FLR-05461,LAMP,7,1.375472,3,N-002,14496.9876,,7,1,,,,
FLR-05462,RIDGE,4,0.759,0,,,4R2,,,R1,A,1,28/02/2010
FLR-05463,RIDGE,5,0.917,0,,,1+1+3,,,R1,A,1,20/01/2010
FLR-05464,LAMP,7,0.3510353,2,N-035,31375.9274,,8,0,,,,
FLR-05465,LAMP,5,1.3429176,4,N-011,1120.2649,,2,0,,,,
FLR-05466,RIDGE,8,0.3529078,0,,,8i,,,R1,J,4,13-05-2016
FLR-05467,RIDGE,4,0.4167417,5586,,,4-SMUDGE,,,R1,A,1,02/03/2015
FLR-05468,LAMP,15,1.3385584,2,N-023,31640.8342,,17,0,,,,
FLR-05469,RIDGE,5,1.0505,0,,,5R3,,,R2,K,5,03/06/2012
FLR-05470,RIDGE,5,0.809,0,,,1+1+3,,,R1,N,6,02/04/2010
FLR-05471,RIDGE,5,0.9037,0,,,1+1+3,,,R1,J,4,06/02/2010
FLR-05472,LAMP,5,1.2109916,1,N-004,25060.5247,,2,0,,,,
FLR-05473,RIDGE,4,0.5074,5722,,,4D,,,R1,F,3,02/02/2010
FLR-05474,LAMP,5,1.1908787,3,N-045,5008.7285,,2,0,,,,
FLR-05475,RIDGE,5,1.2402265,0,,,1+1+3,,,R1,U,11,19-03-2015
FLR-05476,LAMP,5,0.3006584,1,N-031,140.8842,,4,0,,,,
FLR-05477,LAMP,3,0.5048252,2,N-036,27043.951,,5,0,,,,
FLR-05478,RIDGE,5,0.7244977,0,,,1+1+3,,,R1,S,9,01-04-2015
FLR-05479,LAMP,5,0.7435,1,N-029,543.9125,,2,0,,,,
FLR-05480,LAMP,4,0.9733872,2,N-003,15643.1071,,0,0,,,,
FLR-05481,RIDGE,5,1.635384,0,,,1+1+3,,,R1,J,4,12/05/2016
FLR-05482,RIDGE,7,1.3175,5722,,,7D1,,,R1,F,3,12/02/2010
FLR-05483,RIDGE,5,1.250525,0,,,1+1+3,,,R1,U,11,31-03-2015
FLR-05484,RIDGE,5,0.7604,5978,,,1+1+3,,,R1,J,4,31/01/2009
FLR-05485,RIDGE,7,1.3299,5722,,,7D1,,,R1,F,3,12/02/2010
FLR-05486,LAMP,5,0.9780357,2,N-046,8923.6243,,2,0,,,,
FLR-05487,RIDGE,5,0.7548363,0,,,1+1+3,,,R1,A,1,02/03/2015
FLR-05488,LAMP,5,1.1575256,2,N-003,17573.35,,2,0,,,,
FLR-05489,RIDGE,5,1.2704294,0,,,1+1+3,,,R1,U,11,31-03-2015
FLR-05490,RIDGE,10,0.386,0,,,10i,,,R1,A,1,26/03/2010
FLR-05491,LAMP,4,0.9753956,3,N-002,14622.5006,,0,0,,,,
FLR-05492,RIDGE,5,0.9555,5981,,,1+1+3,,,R1,J,4,31/01/2009
FLR-05493,RIDGE,6,0.7329,0,,,6-SMUDGE,,,R1,F,3,04/03/2010
FLR-05494,RIDGE,7,1.4561,0,,,7R,,,R2,K,5,02/06/2012
FLR-05495,LAMP,5,0.7699393,2,N-003,15825.8766,,2,0,,,,
FLR-05496,RIDGE,5,0.3776803,0,,,5-SMUDGE,,,R1,A,1,02/03/2015
FLR-05497,LAMP,5,0.3324417,1,N-028,28090.7323,,4,0,,,,
FLR-05498,RIDGE,5,0.8495883,0,,,1+1+3,,,R1,A,1,02/03/2015
FLR-05499,LAMP,5,1.320675,1,N-013,21852.6157,,2,0,,,,
FLR-05500,RIDGE,5,1.2006,5979,,,1+1+3,,,R1,J,4,03/05/2008
FLR-05501,RIDGE,5,0.33304,0,,,5R1,,,R1,A,1,24-04-2016
FLR-05502,LAMP,6,0.7170608,3,N-001,7170.7012,,16,1,,,,
FLR-05503,LAMP,9,0.40325,1,N-021,19894.4135,,11,0,,,,
FLR-05504,RIDGE,5,1.5505599,6052,,,1+1+3,,,R1,S,9,29-04-2014
FLR-05505,RIDGE,5,1.1673,0,,,5R3,,,R2,P,7,05/03/2011
FLR-05506,RIDGE,7,1.2748629,0,,,7-SMUDGE,,,R1,U,11,31-03-2015
FLR-05507,RIDGE,5,0.3289,5987,,,5R1,,,R1,J,4,13/04/2010
FLR-05508,RIDGE,5,1.2556883,5151,,,1+1+3,,,R1,U,11,26/03/2015
FLR-05509,RIDGE,8,0.295,0,,,8i,,,R1,T,10,21/01/2010
FLR-05510,RIDGE,5,0.92,0,,,1+1+3,,,R1,V,12,03/02/2010
FLR-05511,RIDGE,6,1.7384,0,,,6R,,,R2,P,7,05/03/2011
FLR-05512,LAMP,5,0.7691667,2,N-003,17689.3732,,2,0,,,,
FLR-05513,LAMP,5,1.2488,1,N-011,873.4968,,2,0,,,,
FLR-05514,RIDGE,5,0.3768,6035,,,5R1,,,R1,U,11,11/02/2010
FLR-05515,LAMP,5,0.5077582,2,N-018,33721.7597,,4,0,,,,
FLR-05516,RIDGE,7,0.6124,6035,,,7i,,,R1,U,11,11/02/2010
FLR-05517,RIDGE,5,0.38,0,,,5R1,,,R1,R,8,10/04/2008
FLR-05518,RIDGE,5,1.3501,0,,,5R3,,,R2,P,7,25/04/2008
FLR-05519,LAMP,8,0.5625061,3,N-022,27635.3629,,13,0,,,,
FLR-05520,RIDGE,5,1.0134416,5586,,,1+1+3,,,R1,A,1,02/03/2015
FLR-05521,RIDGE,6,0.275,0,,,6i,,,R1,D,2,18/03/2010
FLR-05522,RIDGE,5,1.4549,0,,,5R3,,,R2,K,5,03/06/2012
FLR-05523,RIDGE,5,0.3312917,0,,,5R1,,,R1,S,9,01-04-2015
FLR-05524,RIDGE,5,0.1439,0,,,5-SMUDGE,,,R1,F,3,23/01/2005
FLR-05525,RIDGE,5,0.3565,6058,,,5R1,,,R1,U,11,24/01/2010
FLR-05526,RIDGE,5,1.0787,5981,,,1+1+3,,,R1,J,4,15/02/2007
FLR-05527,LAMP,18,1.0523917,1,N-002,14510.78952,,17,0,,,,
FLR-05528,LAMP,5,1.3474917,1,N-042,1109.583,,2,0,,,,
FLR-05529,RIDGE,10,0.322,0,,,10i,,,R1,T,10,15/01/2005
FLR-05530,LAMP,5,0.4684,2,N-018,33682.0745,,4,0,,,,
FLR-05531,LAMP,5,1.08825,1,N-019,3336.9243,,2,0,,,,
FLR-05532,RIDGE,5,0.346,0,,,5R1,,,R1,V,12,22/01/2010
FLR-05533,RIDGE,9,0.4973,5727,,,9i,,,R1,F,3,23/02/2008
FLR-05534,RIDGE,5,0.3324417,5726,,,5R1,,,R1,S,9,01-04-2015
FLR-05535,LAMP,5,0.477284,1,N-012,10524.9926,,4,0,,,,
FLR-05536,LAMP,5,0.99392,2,N-045,2462.12,,2,0,,,,
FLR-05537,RIDGE,5,1.0315,0,,,5R3,,,R2,P,7,24/04/2008
FLR-05538,LAMP,5,1.2529417,2,N-020,11593.6617,,2,0,,,,
FLR-05539,RIDGE,5,1.1740385,0,,,1+1+3,,,R1,F,3,31/03/2015
FLR-05540,RIDGE,5,0.513,0,,,5-SMUDGE,,,R1,F,3,04/03/2010
FLR-05541,RIDGE,7,0.3865,0,,,7i,,,R2,K,5,03/06/2012
FLR-05542,RIDGE,6,0.455,0,,,6i,,,R1,T,10,15/04/2010
FLR-05543,LAMP,19,1.0997912,4,N-002,14753.6178,,17,0,,,,
FLR-05544,RIDGE,5,1.053,0,,,1+1+3,,,R1,R,8,19/04/2008
FLR-05545,LAMP,5,0.8047103,2,N-001,7125.8437,,2,0,,,,
FLR-05546,RIDGE,5,1.128825,9999,,,5R3,,,R2,ZZZ,13,12-04-2016
FLR-05547,RIDGE,5,1.076,0,,,5R3,,,R2,P,7,05/03/2011
FLR-05548,LAMP,5,0.341425,1,N-001,531.8491,,2,0,,,,
FLR-05549,LAMP,5,1.295603,4,N-015,12393.1832,,2,0,,,,
FLR-05550,LAMP,6,1.0336833,1,N-005,3263.094,,10,1,,,,
FLR-05551,RIDGE,5,0.8346667,5586,,,1+1+3,,,R1,A,1,02/03/2015
FLR-05552,RIDGE,5,0.891,0,,,1+1+3,,,R1,R,8,19/04/2008
FLR-05553,RIDGE,5,1.567,0,,,5R3,,,R2,K,5,02/06/2012
FLR-05554,RIDGE,5,0.3535667,0,,,5R1,,,R1,A,1,02/03/2015
FLR-05555,RIDGE,5,1.022,0,,,1+1+3,,,R1,R,8,19/04/2008
FLR-05556,RIDGE,5,0.8768917,5586,,,1+1+3,,,R1,A,1,02/03/2015
FLR-05557,LAMP,7,1.3998083,2,N-001,7309.6296,,7,0,,,,
FLR-05558,RIDGE,5,0.9899,5727,,,1+1+3,,,R1,F,3,07/02/2005
FLR-05559,RIDGE,5,1.1269,0,,,1+1+3,,,R1,J,4,06/02/2010
FLR-05560,RIDGE,8,0.3404583,0,,,8i,,,R1,J,4,10-04-2015
FLR-05561,LAMP,9,1.5466,2,N-035,30881.0453,,6,0,,,,
FLR-05562,RIDGE,5,1.215,0,,,5R3,,,R2,K,5,03/06/2012
FLR-05563,RIDGE,6,0.3707417,5586,,,6i,,,R1,A,1,02-03-2015
FLR-05564,RIDGE,5,1.3039833,0,,,1+1+3,,,R1,U,11,31-03-2015
FLR-05565,LAMP,5,0.3402084,1,N-029,669.1049,,2,0,,,,
FLR-05566,RIDGE,6,0.346,0,,,6i,,,R1,D,2,06/02/2010
FLR-05567,RIDGE,7,1.3135,5722,,,7D1,,,R1,F,3,12/02/2010
FLR-05568,RIDGE,4,0.5053,5722,,,4D,,,R1,F,3,04/03/2010
FLR-05569,RIDGE,5,0.319,0,,,5R1,,,R1,T,10,15/01/2005
FLR-05570,LAMP,5,1.2681917,3,N-041,3601.7081,,2,0,,,,
FLR-05571,RIDGE,5,1.3297,0,,,1+1+3,,,R1,U,11,19-03-2015
FLR-05572,RIDGE,5,0.3094,5987,,,5R1,,,R1,J,4,15/02/2007
FLR-05573,RIDGE,5,1.2885333,5151,,,1+1+3,,,R1,U,11,26/03/2015
FLR-05574,LAMP,3,0.2988411,2,N-001,537.1559,,5,0,,,,
FLR-05575,LAMP,6,0.3860833,1,N-033,19070.5419,,16,0,,,,
FLR-05576,LAMP,3,0.3308464,1,N-040,100.6375,,5,0,,,,
FLR-05577,RIDGE,7,1.1113,5722,,,7D1,,,R1,F,3,02/02/2010
FLR-05578,RIDGE,5,1.458275,5759,,,1+1+3,,,R1,S,9,29-04-2014
FLR-05579,RIDGE,5,0.2858,6058,,,5R1,,,R1,U,11,11/02/2010
FLR-05580,RIDGE,6,0.522,0,,,6i,,,R1,R,8,25/03/2008
FLR-05581,RIDGE,7,1.081,0,,,7D1,,,R1,F,3,04/03/2010
FLR-05582,LAMP,5,1.0260833,1,N-002,14738.1523,,2,0,,,,
FLR-05583,RIDGE,5,0.537,0,,,5R2,,,R1,N,6,02/04/2010
FLR-05584,LAMP,7,0.2828367,2,N-046,9532.6898,,8,0,,,,
FLR-05585,RIDGE,5,0.82005,0,,,1+1+3,,,R1,A,1,02/03/2015
FLR-05586,RIDGE,5,1.079,0,,,1+1+3,,,R1,R,8,19/04/2008
FLR-05587,RIDGE,5,0.8371613,0,,,1+1+3,,,R1,A,1,02/03/2015
FLR-05588,LAMP,5,1.0156916,1,N-017,29104.9366,,2,0,,,,
FLR-05589,RIDGE,5,0.34,0,,,5R1,,,R1,N,6,23/03/2009
FLR-05590,LAMP,5,1.4129667,3,N-015,12495.5714,,2,0,,,,
FLR-05591,RIDGE,5,1.24,0,,,1+1+3,,,R1,R,8,19/04/2008
FLR-05592,LAMP,8,1.3046982,2,N-032,10113.6472,,13,0,,,,
FLR-05593,LAMP,5,0.9581349,3,N-002,14424.2075,,2,0,,,,
FLR-05594,RIDGE,9,1.4657,0,,,9R,,,R2,P,7,25/04/2008
FLR-05595,RIDGE,5,0.7155,6035,,,1+1+3,,,R1,U,11,11/02/2010
FLR-05596,LAMP,5,0.3091833,2,N-028,28151.8205,,4,0,,,,
FLR-05597,RIDGE,5,1.0382417,5586,,,1+1+3,,,R1,A,1,02-03-2015
FLR-05598,RIDGE,5,0.33,5589,,,5R1,,,R1,V,12,26/01/2010
FLR-05599,LAMP,4,0.7347783,4,N-002,14530.1014,,0,0,,,,
FLR-05600,RIDGE,5,1.1742,0,,,5R3,,,R2,P,7,24/04/2008
FLR-05601,RIDGE,9,0.3642731,0,,,9i,,,R1,A,1,02-03-2015
FLR-05602,RIDGE,5,0.333,0,,,5R1,,,R1,R,8,10/04/2008
FLR-05603,LAMP,5,1.1757468,2,N-013,20688.3877,,2,0,,,,
FLR-05604,RIDGE,4,0.5628,5722,,,4D,,,R1,F,3,18/02/2009
FLR-05605,LAMP,5,1.3676917,1,N-042,1100.7753,,2,0,,,,
FLR-05606,RIDGE,2,0.2117615,5133,,,2-SMUDGE,,,R1,N,6,19/03/2015
FLR-05607,RIDGE,5,0.546,0,,,5R2,,,R1,N,6,03/04/2010
FLR-05608,RIDGE,5,0.8373947,0,,,1+1+3,,,R1,F,3,19/03/2015
FLR-05609,RIDGE,5,1.1092,0,,,1+1+3,,,R1,F,3,23/01/2005
FLR-05610,LAMP,8,0.3617669,2,N-019,4407.0969,,13,0,,,,
FLR-05611,RIDGE,4,0.406,0,,,1+32,,,R1,N,6,02/04/2010
FLR-05612,LAMP,5,1.1443636,1,N-001,7203.226,,2,0,,,,
FLR-05613,RIDGE,5,0.7092,6035,,,1+1+3,,,R1,U,11,11/02/2010
FLR-05614,RIDGE,5,0.321,0,,,5R1,,,R1,T,10,26/01/2010
FLR-05615,RIDGE,5,1.1547333,5586,,,1+1+3,,,R1,A,1,02/03/2015
FLR-05616,RIDGE,5,0.2756,6035,,,5R1,,,R1,U,11,01/02/2010
FLR-05617,RIDGE,5,0.942,0,,,1+1+3,,,R1,A,1,20/01/2010
FLR-05618,RIDGE,5,1.3278,0,,,5R3,,,R2,P,7,24/04/2008
FLR-05619,RIDGE,5,0.810248,0,,,1+1+3,,,R1,J,4,13-05-2016
FLR-05620,RIDGE,5,0.30616,0,,,5R1,,,R1,J,4,12/05/2016
FLR-05621,RIDGE,7,1.2756,5722,,,7D1,,,R1,F,3,12/02/2010
FLR-05622,RIDGE,5,0.7371005,0,,,1+1+3,,,R1,J,4,12/05/2016
FLR-05623,RIDGE,5,0.7456188,0,,,1+1+3,,,R1,A,1,02/03/2015
FLR-05624,LAMP,5,1.0967789,2,N-002,14493.2286,,2,0,,,,
FLR-05625,RIDGE,4,0.391,0,,,1+32,,,R1,N,6,21/03/2010
FLR-05626,RIDGE,5,1.277225,5151,,,1+1+3,,,R1,U,11,26/03/2015
FLR-05627,LAMP,5,1.3036834,2,N-020,11621.5741,,2,0,,,,
FLR-05628,LAMP,5,1.1625578,2,N-013,20659.5377,,2,0,,,,
FLR-05629,RIDGE,5,0.7864,0,,,1+1+3,,,R2,P,7,25/04/2008
FLR-05630,RIDGE,5,0.8904765,0,,,1+1+3,,,R1,A,1,02/03/2015
FLR-05631,LAMP,5,1.5920616,2,N-047,16277.4634,,2,0,,,,
FLR-05632,RIDGE,5,1.2740451,5151,,,1+1+3,,,R1,U,11,26/03/2015
FLR-05633,LAMP,7,1.4429163,2,N-030,9648.623,,7,0,,,,
FLR-05634,RIDGE,4,0.2793,5562,,,4R1,,,R1,U,11,13/02/2008
FLR-05635,RIDGE,4,0.399,0,,,1+32,,,R1,N,6,23/03/2009
FLR-05636,RIDGE,4,0.5347,0,,,4D,,,R1,F,3,02/02/2010
FLR-05637,RIDGE,5,0.862775,5586,,,1+1+3,,,R1,A,1,02/03/2015
FLR-05638,LAMP,5,0.3016551,2,N-048,357.0464,,4,0,,,,
FLR-05639,RIDGE,5,0.639,0,,,2+3,,,R1,V,12,16/01/2010
FLR-05640,LAMP,5,1.3297,3,N-006,8691.4802,,2,0,,,,
FLR-05641,RIDGE,5,1.271325,0,,,1+1+3,,,R1,F,3,31/03/2015
FLR-05642,RIDGE,5,0.333,0,,,5R1,,,R1,T,10,11/03/2010
FLR-05643,LAMP,5,0.799728,2,N-045,5973.1953,,2,0,,,,
FLR-05644,RIDGE,8,1.2051318,0,,,8R,,,R1,J,4,10-04-2015
FLR-05645,RIDGE,5,0.8833,6058,,,1+1+3,,,R1,U,11,11/02/2010
FLR-05646,RIDGE,5,0.41,0,,,5-SMUDGE,,,R1,V,12,26/01/2010
FLR-05647,RIDGE,5,0.3168738,0,,,5R1,,,R1,J,4,10-04-2015
FLR-05648,RIDGE,5,0.32,0,,,5R1,,,R1,T,10,12/03/2010
FLR-05649,RIDGE,5,0.5024454,0,,,5R2,,,R1,U,11,19-03-2015
FLR-05650,RIDGE,5,1.0332,0,,,5R3,,,R2,K,5,03/06/2012
FLR-05651,LAMP,5,1.014712,2,N-045,2465.8436,,2,0,,,,
FLR-05652,RIDGE,5,1.1593,0,,,5R3,,,R2,P,7,24/04/2008
FLR-05653,RIDGE,9,0.29,0,,,9i,,,R1,T,10,15/04/2010
FLR-05654,RIDGE,5,1.1265,0,,,5R3,,,R2,P,7,24/04/2008
FLR-05655,LAMP,5,0.7827077,2,N-033,19113.6906,,2,0,,,,
FLR-05656,LAMP,5,1.3383834,4,N-017,29215.6485,,2,0,,,,
FLR-05657,RIDGE,7,1.4023,5722,,,7D1,,,R1,F,3,12/02/2010
FLR-05658,LAMP,5,0.7907666,1,N-032,10077.5913,,2,0,,,,
FLR-05659,RIDGE,5,0.7241,5727,,,1+1+3,,,R1,F,3,23/03/2008
FLR-05660,RIDGE,5,1.4123,5981,,,1+1+3,,,R1,J,4,03/05/2008
FLR-05661,LAMP,5,1.1740385,2,N-017,29162.613,,2,0,,,,
FLR-05662,LAMP,5,1.1494833,2,N-002,13801.2004,,2,0,,,,
FLR-05663,RIDGE,5,0.7622167,0,,,1+1+3,,,R1,A,1,02/03/2015
FLR-05664,RIDGE,4,0.395,0,,,1+32,,,R1,N,6,02/04/2010
FLR-05665,RIDGE,5,0.767025,5586,,,1+1+3,,,R1,A,1,02-03-2015
FLR-05666,RIDGE,5,1.2916612,0,,,1+1+3,,,R1,A,1,02/03/2015
FLR-05667,RIDGE,5,1.2461,5560,,,1+1+3,,,R1,F,3,03/02/2005
FLR-05668,LAMP,5,1.2018227,1,N-011,2190.5884,,2,0,,,,
FLR-05669,RIDGE,5,0.8684,0,,,1+1+3,,,R1,F,3,04/03/2010
FLR-05670,LAMP,5,1.37845,3,N-041,3589.4956,,2,0,,,,
FLR-05671,RIDGE,5,1.1378,0,,,5R3,,,R2,P,7,25/04/2008
FLR-05672,RIDGE,4,0.2281,59871,,,4R1,,,R1,J,4,13/04/2010
FLR-05673,RIDGE,9,1.2997,0,,,9R,,,R2,K,5,03/06/2012
FLR-05674,LAMP,6,0.4914449,2,N-027,13148.1558,,10,1,,,,
FLR-05675,LAMP,5,0.9837467,2,N-003,16110.545,,2,0,,,,
FLR-05676,LAMP,5,0.3307417,1,N-029,490.0265,,2,0,,,,
FLR-05677,RIDGE,5,0.3178,5560,,,5R1,,,R1,F,3,23/01/2005
FLR-05678,LAMP,5,0.8345672,2,N-012,9445.1333,,2,0,,,,
FLR-05679,RIDGE,5,0.7668966,0,,,1+1+3,,,R1,U,11,26/03/2015
FLR-05680,RIDGE,3,0.3159,5981/5978,,,3D,,,R1,J,4,06/02/2010
FLR-05681,LAMP,4,0.6328417,1,N-037,24044.2975,,0,0,,,,
FLR-05682,RIDGE,5,0.339,5973,,,5R1,,,R1,D,2,26/02/2010
FLR-05683,RIDGE,5,1.0939,0,,,5R3,,,R2,P,7,05/03/2011
FLR-05684,LAMP,5,1.1866061,2,N-011,2148.3984,,2,0,,,,
FLR-05685,RIDGE,5,0.351,0,,,5R1,,,R1,N,6,02/04/2010
FLR-05686,RIDGE,5,0.3359,5562,,,5R1,,,R1,U,11,24/02/2008
FLR-05687,RIDGE,7,0.587,0,,,7i,,,R1,R,8,19/04/2008
FLR-05688,RIDGE,5,0.3146083,0,,,5R1,,,R1,S,9,01-04-2015
FLR-05689,RIDGE,5,1.4206478,0,,,1+1+3,,,R1,J,4,12/05/2016
FLR-05690,RIDGE,4,0.9450416,0,,,4R2,,,R1,A,1,02-03-2015
FLR-05691,LAMP,5,0.6441732,2,N-011,2126.8757,,15,0,,,,
FLR-05692,RIDGE,5,1.3008,0,,,5R3,,,R2,P,7,24/04/2008
FLR-05693,RIDGE,6,0.821,0,,,6-SMUDGE,,,R1,V,12,03/02/2010
FLR-05694,LAMP,5,1.2526416,1,N-011,2171.9127,,2,0,,,,
FLR-05695,RIDGE,5,0.3098333,5586,,,5R1,,,R1,A,1,02-03-2015
FLR-05696,RIDGE,5,0.9956919,0,,,1+1+3,,,R1,A,1,02/03/2015
FLR-05697,LAMP,5,0.991525,1,N-003,16737.7871,,2,0,,,,
FLR-05698,RIDGE,8,0.3360262,0,,,8i,,,R1,A,1,24-04-2016
FLR-05699,RIDGE,5,0.8327917,5586,,,1+1+3,,,R1,A,1,02/03/2015
FLR-05700,RIDGE,5,0.354,0,,,5R1,,,R1,T,10,04/02/2010
FLR-05701,RIDGE,8,2.08625,9999,,,8-SMUDGE,,,R2,ZZZ,13,12-04-2016
FLR-05702,LAMP,5,1.2820667,2,N-003,17421.6169,,2,0,,,,
FLR-05703,RIDGE,7,0.258,0,,,7i,,,R1,D,2,27/03/2008
FLR-05704,RIDGE,5,0.821225,5586,,,1+1+3,,,R1,A,1,02/03/2015
FLR-05705,RIDGE,3,0.374,0,,,3D,,,R1,A,1,28/02/2010
FLR-05706,RIDGE,5,0.32,5126,,,5R1,,,R1,V,12,26/01/2010
FLR-05707,RIDGE,9,0.619225,0,,,9i,,,R1,F,3,31/03/2015
FLR-05708,RIDGE,5,0.734,0,,,1+1+3,,,R1,T,10,12/03/2010
FLR-05709,RIDGE,5,0.7146082,0,,,5-SMUDGE,,,R1,A,1,02-03-2015
FLR-05710,LAMP,5,1.2069833,1,N-003,17528.7807,,2,0,,,,
FLR-05711,RIDGE,5,0.9927,0,,,5R3,,,R2,P,7,05/03/2011
FLR-05712,LAMP,5,0.8083916,1,N-030,10195.3741,,2,0,,,,
FLR-05713,RIDGE,5,1.2131,0,,,5R3,,,R2,K,5,03/06/2012
FLR-05714,LAMP,8,1.350072,2,N-005,956.38,,9,0,,,,
FLR-05715,RIDGE,5,1.1479,0,,,5R3,,,R2,P,7,05/03/2011
FLR-05716,RIDGE,4,0.5091,5722,,,4D,,,R1,F,3,02/02/2010
FLR-05717,RIDGE,5,1.2020356,0,,,1+1+3,,,R1,U,11,26/03/2015
FLR-05718,RIDGE,5,1.1831167,5560,,,1+1+3,,,R1,F,3,31/03/2015
FLR-05719,RIDGE,5,0.368,0,,,5R1,,,R1,V,12,03/02/2010
FLR-05720,RIDGE,7,1.6536333,0,,,7D2,,,R1,U,11,31-03-2015
FLR-05721,LAMP,5,0.3382,2,N-025,15084.9967,,4,0,,,,
FLR-05722,LAMP,4,0.2654138,3,N-004,24974.028,,0,0,,,,
FLR-05723,RIDGE,5,0.6725,5561,,,1+1+3,,,R1,F,3,17/02/2005
FLR-05724,RIDGE,5,0.8765334,5586,,,1+1+3,,,R1,A,1,02/03/2015
FLR-05725,RIDGE,5,1.30265,5151,,,1+1+3,,,R1,U,11,19-03-2015
FLR-05726,RIDGE,7,1.1419,5722,,,7D1,,,R1,F,3,02/02/2010
FLR-05727,RIDGE,5,0.765125,0,,,1+1+3,,,R1,S,9,29-04-2014
FLR-05728,RIDGE,5,1.3765,0,,,5R3,,,R2,K,5,03/06/2012
FLR-05729,RIDGE,5,1.2814,0,,,5R3,,,R2,P,7,24/04/2008
FLR-05730,RIDGE,5,0.303,0,,,5R1,,,R1,D,2,21/03/2008
FLR-05731,RIDGE,5,0.924,0,,,1+1+3,,,R1,R,8,19/04/2008
FLR-05732,RIDGE,5,0.1569,0,,,5-SMUDGE,,,R2,P,7,25/04/2008
FLR-05733,RIDGE,5,0.8562,0,,,1+1+3,,,R1,A,1,02/03/2015
FLR-05734,LAMP,21,1.0550589,3,N-003,18013.7115,,17,0,,,,
FLR-05735,LAMP,5,1.106725,2,N-003,17766.488,,2,0,,,,
FLR-05736,RIDGE,5,0.5907431,0,,,5-SMUDGE,,,R1,A,1,02-03-2015
FLR-05737,RIDGE,5,1.0572295,0,,,1+1+3,,,R1,A,1,02/03/2015
FLR-05738,RIDGE,3,0.2977084,0,,,3D,,,R1,A,1,02/03/2015
FLR-05739,LAMP,5,1.23925,1,N-006,8746.1366,,2,0,,,,
FLR-05740,RIDGE,5,0.3493,5560,,,5R1,,,R1,F,3,23/01/2005
FLR-05741,RIDGE,5,0.887,0,,,1+1+3,,,R1,A,1,20/01/2010
FLR-05742,RIDGE,4,1.1483334,0,,,4R2,,,R1,A,1,02-03-2015
FLR-05743,RIDGE,4,0.2559,0,,,4R1,,,R1,F,3,03/03/2010
FLR-05744,LAMP,5,1.3064212,3,N-003,17955.0622,,2,0,,,,
FLR-05745,LAMP,4,0.8499348,4,N-002,14764.6764,,0,0,,,,
FLR-05746,RIDGE,5,1.2649529,0,,,1+1+3,,,R1,A,1,02/03/2015
FLR-05747,RIDGE,5,0.7563,5727,,,1+1+3,,,R1,F,3,23/03/2008
FLR-05748,RIDGE,5,0.355075,5719,,,5R1,,,R1,A,1,16-04-2014
FLR-05749,RIDGE,5,0.307825,5987,,,5R1,,,R1,J,4,12-05-2016
FLR-05750,LAMP,5,1.0886917,1,N-004,24998.7125,,2,0,,,,
FLR-05751,LAMP,5,0.9024082,2,N-003,17625.2822,,2,0,,,,
FLR-05752,RIDGE,5,1.0598584,5586,,,1+1+3,,,R1,A,1,02-03-2015
FLR-05753,LAMP,9,0.386575,2,N-023,32169.1133,,6,0,,,,
FLR-05754,RIDGE,5,1.3677,0,,,1+1+3,,,R1,F,3,23/01/2005
FLR-05755,RIDGE,4,0.4999,5722,,,4D,,,R1,F,3,04/03/2010
FLR-05756,RIDGE,5,1.132,0,,,5R3,,,R1,A,1,04/03/2005
FLR-05757,LAMP,5,0.83,1,N-003,15668.6743,,2,0,,,,
FLR-05758,RIDGE,4,0.1516,0,,,4R1,,,R1,F,3,12/02/2010
FLR-05759,RIDGE,5,1.1951583,0,,,1+1+3,,,R1,U,11,26/03/2015
FLR-05760,RIDGE,5,1.4573,5561,,,1+1+3,,,R1,F,3,23/01/2005
FLR-05761,LAMP,5,1.3945641,3,N-020,10967.5215,,2,0,,,,
FLR-05762,RIDGE,5,0.8888,5978,,,1+1+3,,,R1,J,4,30/03/2010
FLR-05763,RIDGE,4,0.541,5722,,,4D,,,R1,F,3,09/03/2005
FLR-05764,RIDGE,5,1.5451987,0,,,5-SMUDGE,,,R1,S,9,29-04-2014
FLR-05765,LAMP,5,1.052175,1,N-003,17481.1091,,2,0,,,,
FLR-05766,RIDGE,4,0.667,0,,,4-SMUDGE,,,R1,V,12,03/02/2010
FLR-05767,RIDGE,3,0.3475596,0,,,3D,,,R1,A,1,02-03-2015
FLR-05768,LAMP,4,1.291125,1,N-035,30601.845,,0,0,,,,
FLR-05769,RIDGE,4,0.852,0,,,4R2,,,R1,A,1,26/03/2010
FLR-05770,RIDGE,7,1.1154837,0,,,7D1,,,R1,J,4,12/05/2016
FLR-05771,RIDGE,4,1.0249117,5719,,,4R2,,,R1,A,1,16-04-2014
FLR-05772,RIDGE,5,0.9364153,0,,,1+1+3,,,R1,A,1,02/03/2015
FLR-05773,RIDGE,8,0.282,5126,,,8i,,,R1,V,12,26/01/2010
FLR-05774,LAMP,6,0.4233177,1,N-043,7738.1382,,10,1,,,,
FLR-05775,LAMP,5,1.033875,1,N-003,15539.6736,,2,0,,,,
FLR-05776,RIDGE,5,1.1560553,0,,,1+1+3,,,R1,A,1,02/03/2015
FLR-05777,LAMP,5,0.9974917,1,N-012,9582.5006,,2,0,,,,
FLR-05778,LAMP,5,0.4788667,1,N-014,615.9376,,4,0,,,,
FLR-05779,LAMP,5,1.0204971,2,N-002,14458.5681,,2,0,,,,
FLR-05780,RIDGE,5,0.348,5125,,,5R1,,,R1,V,12,03/02/2010
FLR-05781,RIDGE,5,0.825,0,,,1+1+3,,,R1,D,2,01/04/2010
FLR-05782,RIDGE,5,1.1399,0,,,5R3,,,R2,P,7,25/04/2008
FLR-05783,RIDGE,4,0.398,0,,,1+32,,,R1,N,6,02/04/2010
FLR-05784,RIDGE,5,0.5239184,0,,,5R2,,,R1,U,11,31-03-2015
FLR-05785,RIDGE,5,1.0398027,0,,,1+1+3,,,R1,U,11,19-03-2015
FLR-05786,RIDGE,5,0.4940725,0,,,5R2,,,R1,U,11,31-03-2015
FLR-05787,RIDGE,5,0.813,5981,,,1+1+3,,,R1,J,4,13/04/2010
FLR-05788,RIDGE,6,0.1585,5703,,,6i,,,R1,F,3,23/01/2005
FLR-05789,RIDGE,5,1.2664417,5759,,,1+1+3,,,R1,S,9,01-04-2015
FLR-05790,RIDGE,4,1.098975,0,,,4R2,,,R1,A,1,16-04-2014
FLR-05791,RIDGE,5,1.1803163,0,,,1+1+3,,,R1,A,1,02/03/2015
FLR-05792,RIDGE,5,0.8824339,0,,,1+1+3,,,R1,A,1,02/03/2015
FLR-05793,LAMP,5,1.5910576,2,N-046,8348.1924,,2,0,,,,
FLR-05794,RIDGE,10,0.3823,5560,,,10i,,,R1,F,3,23/01/2005
FLR-05795,RIDGE,5,0.53725,6052,,,5R2,,,R1,S,9,29-04-2014
FLR-05796,LAMP,5,0.8913898,5,N-001,7194.9355,,2,0,,,,
FLR-05797,RIDGE,5,0.323,0,,,5R1,,,R1,V,12,03/02/2010
FLR-05798,LAMP,18,0.9904833,1,N-003,17191.8796,,17,0,,,,
FLR-05799,RIDGE,5,0.7989781,5759,,,1+1+3,,,R1,S,9,29-04-2014
FLR-05800,RIDGE,3,0.46,0,,,3D,,,R1,N,6,02/04/2010
FLR-05801,RIDGE,5,1.0769538,0,,,5-SMUDGE,,,R1,A,1,02-03-2015
FLR-05802,RIDGE,5,0.3205,5979,,,5R1,,,R1,J,4,03/05/2008
FLR-05803,RIDGE,6,0.4233177,5987,,,6i,,,R1,J,4,12-05-2016
FLR-05804,RIDGE,5,0.38335,5586,,,5R1,,,R1,A,1,02-03-2015
FLR-05805,LAMP,5,1.2098083,1,N-011,144.6802,,2,0,,,,
FLR-05806,RIDGE,5,1.082,0,,,1+1+3,,,R1,A,1,25/02/2010
FLR-05807,LAMP,5,1.1809584,1,N-011,2246.2911,,2,0,,,,
FLR-05808,RIDGE,5,1.2979049,0,,,1+1+3,,,R1,U,11,26/03/2015
FLR-05809,RIDGE,5,0.866256,5981,,,1+1+3,,,R1,J,4,13-05-2016
FLR-05810,RIDGE,7,1.047,0,,,7D1,,,R1,V,12,03/02/2010
FLR-05811,RIDGE,5,0.77085,5586,,,1+1+3,,,R1,A,1,02-03-2015
FLR-05812,LAMP,5,1.2782333,3,N-017,29226.8076,,2,0,,,,
FLR-05813,LAMP,5,0.3278806,2,N-031,181.0396,,4,0,,,,
FLR-05814,RIDGE,5,0.933,0,,,1+1+3,,,R1,J,4,06/02/2010
FLR-05815,LAMP,5,1.3255666,2,N-014,1150.0517,,2,0,,,,
FLR-05816,RIDGE,1,0,0,,,1-SMUDGE,,,R1,U,11,26/03/2015
FLR-05817,RIDGE,5,1.1757362,0,,,5R3,,,R2,ZZZ,13,12-04-2016
FLR-05818,RIDGE,9,1.4593583,5151,,,9-SMUDGE,,,R1,U,11,19-03-2015
FLR-05819,RIDGE,5,1.2958667,5151,,,1+1+3,,,R1,U,11,19-03-2015
FLR-05820,RIDGE,5,1.2150338,0,,,1+1+3,,,R1,A,1,02/03/2015
FLR-05821,LAMP,9,0.39305,1,N-001,516.0025,,11,1,,,,
FLR-05822,RIDGE,5,0.3407,5562,,,5R1,,,R1,U,11,24/02/2008
FLR-05823,RIDGE,5,0.359,0,,,5R1,,,R1,D,2,20/03/2008
FLR-05824,RIDGE,5,0.3017231,0,,,5R1,,,R1,J,4,12/05/2016
FLR-05825,RIDGE,5,0.371,0,,,5R1,,,R1,D,2,06/02/2010
FLR-05826,RIDGE,5,0.7699393,0,,,1+1+3,,,R1,A,1,02/03/2015
FLR-05827,RIDGE,5,0.336,0,,,5R1,,,R1,N,6,02/04/2010
FLR-05828,LAMP,5,0.3341264,2,N-040,149.1494,,2,0,,,,
FLR-05829,RIDGE,4,0.732,0,,,4R2,,,R1,A,1,28/02/2010
FLR-05830,RIDGE,5,1.2824833,0,,,1+1+3,,,R1,J,4,10-04-2015
FLR-05831,RIDGE,10,0.7746,5727,,,10i,,,R1,F,3,12/02/2010
FLR-05832,RIDGE,5,1.3374889,5987,,,1+1+3,,,R1,J,4,24-04-2014
FLR-05833,RIDGE,5,1.3172974,5151,,,1+1+3,,,R1,U,11,26/03/2015
FLR-05834,LAMP,5,0.3549083,1,N-001,4372.9507,,4,0,,,,
FLR-05835,RIDGE,5,0.869,0,,,1+1+3,,,R1,D,2,01/04/2010
FLR-05836,RIDGE,5,1.223,0,,,5-SMUDGE,,,R1,A,1,20/01/2010
FLR-05837,LAMP,5,0.3303166,2,N-025,15076.5705,,4,0,,,,
FLR-05838,LAMP,5,1.2865319,5,N-015,12404.1724,,2,0,,,,
FLR-05839,RIDGE,3,0.1348413,0,,,3R,,,R1,S,9,29-04-2014
FLR-05840,LAMP,5,0.3042741,1,N-036,27710.5666,,4,0,,,,
FLR-05841,RIDGE,5,1.3140993,0,,,1+1+3,,,R1,S,9,29-04-2014
FLR-05842,RIDGE,5,1.087075,0,,,5R3,,,R2,ZZZ,13,12-04-2016
FLR-05843,LAMP,4,1.0451701,4,N-002,14498.1046,,0,0,,,,
FLR-05844,RIDGE,5,0.9992,0,,,1+1+3,,,R1,J,4,06/02/2010
FLR-05845,LAMP,5,0.719168,1,N-048,343.4783,,2,0,,,,
FLR-05846,LAMP,5,0.9940583,1,N-003,17399.5963,,2,0,,,,
FLR-05847,RIDGE,5,0.364,0,,,5R1,,,R1,V,12,22/01/2010
FLR-05848,RIDGE,5,1.318,5727,,,1+1+3,,,R1,F,3,12/02/2010
FLR-05849,LAMP,5,0.9329917,1,N-011,1970.8727,,2,0,,,,
FLR-05850,RIDGE,5,1.1388,0,,,5R3,,,R2,P,7,24/04/2008
FLR-05851,LAMP,5,1.174525,1,N-014,707.2983,,2,0,,,,
FLR-05852,LAMP,5,0.3320417,2,N-025,15080.6967,,4,0,,,,
FLR-05853,RIDGE,5,1.025424,0,,,1+1+3,,,R1,J,4,12/05/2016
FLR-05854,LAMP,5,0.736125,1,N-002,11144.2495,,2,0,,,,
FLR-05855,RIDGE,5,0.775,0,,,1+1+3,,,R1,N,6,03/04/2010
FLR-05856,LAMP,5,1.2882,2,N-033,18377.3466,,2,0,,,,
FLR-05857,LAMP,5,1.2771114,4,N-002,14490.6254,,2,1,,,,
FLR-05858,RIDGE,5,1.0086,0,,,5R3,,,R2,P,7,24/04/2008
FLR-05859,RIDGE,5,0.321,0,,,5R1,,,R1,D,2,04/04/2008
FLR-05860,LAMP,5,0.3006633,2,N-046,9518.0289,,4,0,,,,
FLR-05861,RIDGE,5,0.8703,5978,,,1+1+3,,,R1,J,4,27/03/2008
FLR-05862,RIDGE,5,1.2001929,0,,,1+1+3,,,R1,F,3,19/03/2015
FLR-05863,RIDGE,5,1.107,0,,,1+1+3,,,R1,V,12,26/01/2010
FLR-05864,LAMP,5,1.2126503,3,N-033,18488.9136,,2,0,,,,
FLR-05865,RIDGE,5,0.353,0,,,5R1,,,R1,T,10,17/04/2010
FLR-05866,RIDGE,5,0.8252396,0,,,1+1+3,,,R1,A,1,02/03/2015
FLR-05867,RIDGE,5,1.2273,5978,,,1+1+3,,,R1,J,4,04/05/2008
FLR-05868,RIDGE,5,1.363,0,,,1+1+3,,,R1,F,3,23/01/2005
FLR-05869,RIDGE,5,0.422,0,,,5R1,,,R1,V,12,26/01/2010
FLR-05870,LAMP,21,1.297875,2,N-019,3328.0709,,17,0,,,,
FLR-05871,RIDGE,5,0.273,6069,,,5-SMUDGE,,,R1,D,2,26/02/2010
FLR-05872,LAMP,5,1.3258393,4,N-006,8837.0811,,2,0,,,,
FLR-05873,LAMP,9,1.4593583,1,N-005,3336.2376,,6,0,,,,
FLR-05874,RIDGE,5,1.3178086,0,,,1+1+3,,,R1,J,4,12/05/2016
FLR-05875,RIDGE,6,1.4972188,0,,,6-SMUDGE,,,R1,U,11,26/03/2015
FLR-05876,LAMP,5,1.3309136,3,N-011,1211.8718,,2,0,,,,
FLR-05877,LAMP,5,1.0745886,2,N-002,13819.1866,,2,0,,,,
FLR-05878,RIDGE,5,0.303,0,,,5R1,,,R1,T,10,15/04/2010
FLR-05879,LAMP,5,0.9588667,2,N-032,10053.3329,,2,0,,,,
FLR-05880,RIDGE,5,1.0218,5978,,,1+1+3,,,R1,J,4,31/01/2009
FLR-05881,RIDGE,5,0.3229417,5586,,,5R1,,,R1,A,1,02/03/2015
FLR-05882,RIDGE,4,0.5043,0,,,4D,,,R1,F,3,04/03/2010
FLR-05883,RIDGE,5,0.317,0,,,5R1,,,R1,D,2,18/03/2010
FLR-05884,RIDGE,8,1.7233,0,,,8R,,,R2,P,7,05/03/2011
FLR-05885,LAMP,5,1.3445334,3,N-015,12507.7156,,2,0,,,,
FLR-05886,LAMP,5,1.0759,2,N-003,17595.7224,,2,0,,,,
FLR-05887,LAMP,5,0.3175883,2,N-045,5988.8438,,4,0,,,,
FLR-05888,RIDGE,5,1.2225,5560,,,1+1+3,,,R1,F,3,01/02/2005
FLR-05889,RIDGE,5,1.218,5979,,,1+1+3,,,R1,J,4,04/05/2008
FLR-05890,RIDGE,6,0.419,0,,,6i,,,R1,V,12,26/01/2010
FLR-05891,RIDGE,3,0.9744393,0,,,3-SMUDGE,,,R2,ZZZ,13,12-04-2016
FLR-05892,LAMP,5,0.9585582,2,N-003,17853.3243,,2,0,,,,
FLR-05893,RIDGE,5,1.1465686,5586,,,1+1+3,,,R1,A,1,02/03/2015
FLR-05894,LAMP,5,1.3330101,2,N-020,11608.2016,,2,0,,,,
FLR-05895,LAMP,5,1.1840359,2,N-011,2224.2343,,2,0,,,,
FLR-05896,LAMP,4,1.3277226,3,N-003,15870.9245,,0,0,,,,
FLR-05897,RIDGE,6,0.409,0,,,6i,,,R1,V,12,03/02/2010
FLR-05898,LAMP,5,1.0665214,3,N-003,17605.8989,,2,0,,,,
FLR-05899,LAMP,8,1.4931167,1,N-005,3330.1934,,9,0,,,,
FLR-05900,RIDGE,6,1.7251,0,,,6R,,,R2,P,7,05/03/2011
FLR-05901,RIDGE,5,0.3297083,5759,,,5R1,,,R1,S,9,01-04-2015
FLR-05902,RIDGE,5,1.1868,5981,,,1+1+3,,,R1,J,4,03/05/2008
FLR-05903,RIDGE,5,0.3358584,5586,,,5R1,,,R1,A,1,02-03-2015
FLR-05904,RIDGE,5,0.819,0,,,1+1+3,,,R1,A,1,20/01/2010
FLR-05905,RIDGE,5,0.8244,6035,,,1+1+3,,,R1,U,11,11/02/2010
FLR-05906,RIDGE,5,0.3292285,0,,,5R1,,,R1,S,9,01-04-2015
FLR-05907,RIDGE,5,1.2988917,0,,,1+1+3,,,R1,S,9,29-04-2014
FLR-05908,RIDGE,5,1.1096155,0,,,1+1+3,,,R1,U,11,26/03/2015
FLR-05909,RIDGE,5,1.106,0,,,1+1+3,,,R1,V,12,03/02/2010
FLR-05910,RIDGE,8,0.368,0,,,8i,,,R1,V,12,26/01/2010
FLR-05911,RIDGE,5,1.25605,5151,,,1+1+3,,,R1,U,11,26/03/2015
FLR-05912,RIDGE,9,0.4188917,0,,,9i,,,R1,S,9,07-04-2015
FLR-05913,LAMP,5,1.4754166,1,N-038,3762.726,,2,0,,,,
FLR-05914,RIDGE,5,1.1274668,0,,,1+1+3,,,R1,J,4,12/05/2016
FLR-05915,LAMP,19,1.0857417,1,N-002,14772.0434,,17,0,,,,
FLR-05916,RIDGE,4,0.183,0,,,4R1,,,R1,F,3,04/03/2010
FLR-05917,RIDGE,5,0.9797473,0,,,1+1+3,,,R1,J,4,24-04-2014
FLR-05918,LAMP,5,1.0827715,3,N-012,9585.1627,,2,0,,,,
FLR-05919,RIDGE,5,0.3360706,0,,,5R1,,,R1,S,9,01-04-2015
FLR-05920,LAMP,5,0.3290583,2,N-029,568.4356,,4,0,,,,
FLR-05921,RIDGE,5,0.3318,0,,,5R1,,,R1,S,9,07-04-2015
FLR-05922,RIDGE,4,0.396,0,,,1+32,,,R1,N,6,23/03/2009
FLR-05923,RIDGE,4,0.9238565,0,,,4R2,,,R1,A,1,02/03/2015
FLR-05924,RIDGE,5,0.33048,0,,,5R1,,,R1,A,1,24-04-2016
FLR-05925,RIDGE,5,1.1875911,0,,,1+1+3,,,R1,J,4,10-04-2015
FLR-05926,RIDGE,4,0.414,0,,,1+32,,,R1,N,6,02/04/2010
FLR-05927,LAMP,5,0.3064828,2,N-046,9448.0946,,2,0,,,,
FLR-05928,LAMP,3,0.27962,2,N-001,4353.5827,,5,0,,,,
FLR-05929,RIDGE,5,0.798,0,,,1+1+3,,,R1,V,12,03/02/2010
FLR-05930,LAMP,5,0.8177277,2,N-003,15684.1546,,2,0,,,,
FLR-05931,RIDGE,4,0.5715,5722,,,4D,,,R1,F,3,06/03/2005
FLR-05932,LAMP,20,1.096875,2,N-024,14596.4364,,17,0,,,,
FLR-05933,LAMP,5,0.8138178,2,N-002,8136.8143,,2,0,,,,
FLR-05934,LAMP,5,1.2045666,1,N-011,901.9896,,2,0,,,,
FLR-05935,RIDGE,5,0.3164,0,,,5R1,,,R1,S,9,01-04-2015
FLR-05936,RIDGE,5,0.7492084,5979,,,1+1+3,,,R1,J,4,10-04-2015
FLR-05937,RIDGE,5,1.335544,0,,,1+1+3,,,R1,F,3,31/03/2015
FLR-05938,RIDGE,5,0.3144167,0,,,5R1,,,R1,S,9,01-04-2015
FLR-05939,RIDGE,4,0.927527,0,,,4R2,,,R1,A,1,02/03/2015
FLR-05940,RIDGE,5,0.9814,0,,,1+1+3,,,R1,F,3,04/03/2010
FLR-05941,RIDGE,5,0.8097,0,,,5-SMUDGE,,,R2,K,5,03/06/2012
FLR-05942,RIDGE,5,0.337,0,,,5R1,,,R1,T,10,12/03/2010
FLR-05943,RIDGE,5,0.3413583,6052,,,5R1,,,R1,S,9,29-04-2014
FLR-05944,RIDGE,5,1.0692,0,,,1+1+3,,,R1,F,3,05/05/2008
FLR-05945,RIDGE,5,0.8876,0,,,1+1+3,,,R1,J,4,04/05/2008
FLR-05946,RIDGE,5,1.2823,5979,,,1+1+3,,,R1,J,4,04/05/2008
FLR-05947,RIDGE,5,1.299,0,,,1+1+3,,,R1,V,12,26/01/2010
FLR-05948,RIDGE,5,1.3789,5561,,,1+1+3,,,R1,F,3,03/02/2005
FLR-05949,LAMP,4,0.8265359,2,N-002,14798.765,,0,0,,,,
FLR-05950,RIDGE,6,0.7228,5727,,,6i,,,R1,F,3,04/03/2010
FLR-05951,RIDGE,4,0.496,5722,,,4D,,,R1,F,3,04/03/2010
FLR-05952,RIDGE,5,1.144,0,,,1+1+3,,,R1,V,12,16/01/2010
FLR-05953,LAMP,5,1.393725,2,N-038,3535.8049,,2,0,,,,
FLR-05954,RIDGE,5,1.2804,0,,,5R3,,,R2,P,7,05/03/2011
FLR-05955,RIDGE,5,1.2120229,0,,,1+1+3,,,R1,U,11,31-03-2015
FLR-05956,RIDGE,5,1.0702,5727,,,1+1+3,,,R1,F,3,04/03/2010
FLR-05957,RIDGE,6,1.5264,0,,,6R,,,R2,P,7,24/04/2008
FLR-05958,RIDGE,6,0.3403,6058,,,6i,,,R1,U,11,24/02/2008
FLR-05959,RIDGE,5,0.886,0,,,1+1+3,,,R1,D,2,27/03/2008
FLR-05960,RIDGE,5,1.1139,5560,,,1+1+3,,,R1,F,3,01/02/2005
FLR-05961,RIDGE,5,1.1337,5130,,,1+1+3,,,R1,F,3,01/02/2005
FLR-05962,LAMP,5,1.3328779,6,N-042,1790.5733,,2,0,,,,
FLR-05963,RIDGE,5,0.7605,5981,,,1+1+3,,,R1,J,4,03/05/2008
FLR-05964,RIDGE,5,0.8077,6058,,,1+1+3,,,R1,U,11,11/02/2010
FLR-05965,LAMP,5,1.1284212,3,N-012,9513.6855,,2,0,,,,
FLR-05966,RIDGE,5,1.285558,5151,,,1+1+3,,,R1,U,11,26/03/2015
FLR-05967,RIDGE,6,0.455,0,,,6i,,,R1,V,12,22/01/2010
FLR-05968,RIDGE,5,0.3223,5726,,,5R1,,,R1,S,9,01-04-2015
FLR-05969,RIDGE,5,0.8077417,5586,,,1+1+3,,,R1,A,1,02/03/2015
FLR-05970,RIDGE,5,0.981,0,,,5R3,,,R1,R,8,19/04/2008
FLR-05971,RIDGE,5,0.365,0,,,5R1,,,R1,R,8,08/04/2008
FLR-05972,RIDGE,5,0.341,0,,,5R1,,,R1,V,12,03/02/2010
FLR-05973,RIDGE,5,1.07485,5586,,,1+1+3,,,R1,A,1,02/03/2015
FLR-05974,LAMP,5,0.3015783,3,N-048,429.3604,,4,0,,,,
FLR-05975,RIDGE,6,0.2162,5703,,,6i,,,R1,F,3,18/02/2005
FLR-05976,RIDGE,5,0.941431,0,,,1+1+3,,,R1,S,9,29-04-2014
FLR-05977,RIDGE,5,1.3859,0,,,5R3,,,R2,K,5,03/06/2012
FLR-05978,RIDGE,5,0.363,0,,,5R1,,,R1,R,8,10/04/2008
FLR-05979,RIDGE,5,1.2858417,5151,,,1+1+3,,,R1,U,11,19-03-2015
FLR-05980,RIDGE,5,1.154864,0,,,1+1+3,,,R1,U,11,31-03-2015
FLR-05981,RIDGE,5,0.3264,5562,,,5R1,,,R1,U,11,11/02/2010
FLR-05982,RIDGE,5,0.967213,0,,,5-SMUDGE,,,R1,A,1,02-03-2015
FLR-05983,RIDGE,5,0.903464,0,,,1+1+3,,,R1,A,1,02/03/2015
FLR-05984,RIDGE,4,0.779,0,,,1+31,,,R1,V,12,22/01/2010
FLR-05985,RIDGE,5,1.3238681,0,,,5R3,,,R2,ZZZ,13,12-04-2016
FLR-05986,RIDGE,9,0.298,0,,,9i,,,R1,T,10,15/04/2010
FLR-05987,RIDGE,5,1.018411,0,,,1+1+3,,,R1,S,9,29-04-2014
FLR-05988,RIDGE,5,1.1336,0,,,5R3,,,R2,P,7,24/04/2008
FLR-05989,RIDGE,5,0.5177,5151,,,5R2,,,R1,U,11,16/02/2009
FLR-05990,RIDGE,5,0.318675,6052,,,5R1,,,R1,S,9,29-04-2014
FLR-05991,RIDGE,5,1.207617,0,,,1+1+3,,,R1,A,1,02/03/2015
FLR-05992,LAMP,5,1.5451583,1,N-041,3860.0969,,2,0,,,,
FLR-05993,RIDGE,5,0.826,0,,,1+1+3,,,R1,D,2,18/03/2010
FLR-05994,LAMP,4,1.2669873,2,N-001,3916.9475,,0,0,,,,
FLR-05995,RIDGE,5,0.78,0,,,1+1+3,,,R2,P,7,25/04/2008
FLR-05996,RIDGE,5,0.353,0,,,5R1,,,R1,V,12,26/01/2010
FLR-05997,RIDGE,5,1.038,0,,,1+1+3,,,R1,R,8,19/04/2008
FLR-05998,RIDGE,7,1.0573,5722,,,7D1,,,R1,F,3,12/02/2010
FLR-05999,RIDGE,3,0.3155375,0,,,3D,,,R1,A,1,02-03-2015
FLR-06000,LAMP,5,0.3298425,1,N-017,29893.6189,,2,0,,,,
FLR-06001,RIDGE,5,1.6885917,0,,,5-SMUDGE,,,R1,U,11,26/03/2015
FLR-06002,LAMP,5,1.1399583,1,N-012,9464.9846,,2,0,,,,
FLR-06003,LAMP,4,1.0799416,2,N-003,17220.4742,,0,0,,,,
FLR-06004,RIDGE,5,0.738152,5981,,,1+1+3,,,R1,J,4,13-05-2016
FLR-06005,RIDGE,5,1.0176,0,,,5R3,,,R2,K,5,03/06/2012
FLR-06006,RIDGE,5,0.931,0,,,1+1+3,,,R1,J,4,06/02/2010
FLR-06007,RIDGE,5,0.9780357,0,,,1+1+3,,,R1,J,4,12/05/2016
FLR-06008,LAMP,5,0.6922555,2,N-005,3193.0627,,2,0,,,,
FLR-06009,LAMP,5,1.1942862,3,N-033,18509.9745,,2,0,,,,
FLR-06010,RIDGE,5,1.0827,0,,,5R3,,,R2,K,5,03/06/2012
FLR-06011,RIDGE,5,0.78165,5979,,,1+1+3,,,R1,J,4,10-04-2015
FLR-06012,LAMP,5,1.0961584,1,N-002,13814.8271,,2,0,,,,
FLR-06013,RIDGE,5,0.3397333,5586,,,5R1,,,R1,A,1,02/03/2015
FLR-06014,RIDGE,5,0.338,0,,,5R1,,,R1,N,6,23/03/2009
FLR-06015,RIDGE,5,0.3,0,,,5R1,,,R1,D,2,21/03/2008
FLR-06016,RIDGE,5,0.725,0,,,5-SMUDGE,,,R1,V,12,26/01/2010
FLR-06017,RIDGE,5,1.2738917,5151,,,1+1+3,,,R1,U,11,26/03/2015
FLR-06018,RIDGE,5,1.2150417,5560,,,1+1+3,,,R1,F,3,31/03/2015
FLR-06019,RIDGE,5,0.926,0,,,1+1+3,,,R1,V,12,03/02/2010
FLR-06020,RIDGE,5,1.0291,0,,,1+1+3,,,R1,F,3,05/05/2008
FLR-06021,LAMP,24,1.200803,2,N-011,1908.05,,17,0,,,,
FLR-06022,RIDGE,5,0.3300584,5759,,,5R1,,,R1,S,9,01-04-2015
FLR-06023,RIDGE,5,1.2865951,0,,,1+1+3,,,R1,U,11,31-03-2015
FLR-06024,LAMP,5,0.9937732,2,N-036,26952.8205,,2,0,,,,
FLR-06025,LAMP,5,1.1718321,1,N-011,2209.7305,,2,0,,,,
FLR-06026,RIDGE,5,0.5205666,6052,,,5R2,,,R1,S,9,29-04-2014
FLR-06027,RIDGE,5,1.0922833,5586,,,1+1+3,,,R1,A,1,02/03/2015
FLR-06028,RIDGE,4,1.2635917,0,,,4R2,,,R1,A,1,02-03-2015
FLR-06029,RIDGE,5,0.218,0,,,5-SMUDGE,,,R1,D,2,01/04/2010
FLR-06030,LAMP,5,0.3190069,2,N-040,194.9714,,4,0,,,,
FLR-06031,RIDGE,5,0.3691,6035,,,5R1,,,R1,U,11,11/02/2010
FLR-06032,RIDGE,4,0.8746717,0,,,4R2,,,R2,ZZZ,13,12-04-2016
FLR-06033,RIDGE,5,0.326,0,,,5R1,,,R1,A,1,25/03/2008
FLR-06034,RIDGE,5,1.3557084,5560,,,1+1+3,,,R1,F,3,31/03/2015
FLR-06035,RIDGE,5,1.0228,0,,,5R3,,,R2,K,5,03/06/2012
FLR-06036,LAMP,5,1.2625159,1,N-018,32994.5776,,2,0,,,,
FLR-06037,LAMP,4,1.0742521,2,N-003,15836.5597,,0,0,,,,
FLR-06038,RIDGE,5,1.1738,0,,,5R3,,,R2,P,7,24/04/2008
FLR-06039,LAMP,8,0.3582833,1,N-014,5851.4774,,13,0,,,,
FLR-06040,LAMP,25,2.1826666,2,N-012,9381.5722,,17,0,,,,
FLR-06041,LAMP,5,1.26735,1,N-011,79.8897,,2,0,,,,
FLR-06042,RIDGE,8,1.2853,0,,,8R,,,R2,K,5,02/06/2012
FLR-06043,RIDGE,5,0.4096,6058,,,5-SMUDGE,,,R1,U,11,11/02/2010
FLR-06044,LAMP,5,1.2797945,2,N-023,31576.2578,,2,0,,,,
FLR-06045,RIDGE,5,0.7440083,5586,,,1+1+3,,,R1,A,1,02/03/2015
FLR-06046,LAMP,5,0.8359044,3,N-003,15819.3771,,2,0,,,,
FLR-06047,RIDGE,7,1.6034416,5151,,,7D2,,,R1,U,11,26/03/2015
FLR-06048,RIDGE,5,0.99392,0,,,1+1+3,,,R1,J,4,12/05/2016
FLR-06049,RIDGE,5,0.355,0,,,5R1,,,R1,N,6,02/04/2010
FLR-06050,RIDGE,5,1.1984,0,,,5R3,,,R2,P,7,24/04/2008
FLR-06051,RIDGE,5,0.5331,5727,,,5R2,,,R1,F,3,12/02/2010
FLR-06052,LAMP,5,0.480025,1,N-012,10549.3932,,4,0,,,,
FLR-06053,RIDGE,5,0.502,0,,,5R2,,,R1,N,6,02/04/2010
FLR-06054,LAMP,4,0.9509917,2,N-001,210.19,,0,0,,,,
FLR-06055,LAMP,9,0.426925,1,N-011,2737.2171,,11,0,,,,
FLR-06056,RIDGE,5,1.0835,0,,,5R3,,,R2,P,7,24/04/2008
FLR-06057,RIDGE,8,0.3454833,5979,,,8i,,,R1,J,4,10-04-2015
FLR-06058,LAMP,21,1.3451897,2,N-001,273.3661,,17,0,,,,
FLR-06059,RIDGE,5,0.8126785,0,,,1+1+3,,,R1,A,1,02/03/2015
FLR-06060,RIDGE,5,1.274625,5151,,,1+1+3,,,R1,U,11,26/03/2015
FLR-06061,RIDGE,5,0.7895784,5133,,,1+1+3,,,R1,N,6,19/03/2015
FLR-06062,RIDGE,5,1.054,5130,,,1+1+3,,,R1,F,3,01/02/2005
FLR-06063,RIDGE,5,1.2355804,0,,,1+1+3,,,R1,U,11,26/03/2015
FLR-06064,RIDGE,7,0.343,0,,,7i,,,R1,D,2,06/02/2010
FLR-06065,RIDGE,5,1.2618334,5151,,,1+1+3,,,R1,U,11,26/03/2015
FLR-06066,LAMP,5,1.0472159,2,N-012,9489.9353,,2,0,,,,
FLR-06067,RIDGE,5,0.349,0,,,5R1,,,R1,T,10,10/03/2010
FLR-06068,RIDGE,10,0.386575,0,,,10i,,,R1,U,11,31-03-2015
FLR-06069,LAMP,5,1.1702584,1,N-015,14669.6205,,2,0,,,,
FLR-06070,RIDGE,5,0.573225,0,,,5R2,,,R1,U,11,31-03-2015
FLR-06071,RIDGE,8,0.376,0,,,8i,,,R1,T,10,21/01/2010
FLR-06072,RIDGE,5,0.315,0,,,5R1,,,R1,D,2,20/03/2008
FLR-06073,RIDGE,5,1.2375,5561,,,1+1+3,,,R1,F,3,03/02/2005
FLR-06074,RIDGE,5,0.331,5973,,,5R1,,,R1,D,2,26/02/2010
FLR-06075,RIDGE,5,1.2856583,5151,,,1+1+3,,,R1,U,11,26/03/2015
FLR-06076,RIDGE,5,1.2427417,5151,,,1+1+3,,,R1,U,11,26/03/2015
FLR-06077,RIDGE,5,0.6409,0,,,5-SMUDGE,,,R2,P,7,24/04/2008
FLR-06078,RIDGE,6,0.61,0,,,6i,,,R1,A,1,28/02/2010
FLR-06079,RIDGE,5,1.4233,0,,,5R3,,,R2,P,7,25/04/2008
FLR-06080,LAMP,5,0.7848303,2,N-003,15676.9028,,2,0,,,,
FLR-06081,RIDGE,5,1.1563,5978,,,1+1+3,,,R1,J,4,31/01/2009
FLR-06082,RIDGE,5,0.903,0,,,1+1+3,,,R1,A,1,20/01/2010
FLR-06083,RIDGE,5,0.37,0,,,5R1,,,R1,R,8,08/04/2008
FLR-06084,LAMP,5,1.300186,2,N-003,16834.3966,,2,0,,,,
FLR-06085,LAMP,5,1.065875,2,N-003,16092.7311,,2,0,,,,
FLR-06086,RIDGE,5,0.298,0,,,5R1,,,R1,D,2,06/02/2010
FLR-06087,RIDGE,5,1.3038148,0,,,1+1+3,,,R1,F,3,31/03/2015
FLR-06088,RIDGE,5,1.23925,5151,,,1+1+3,,,R1,U,11,19-03-2015
FLR-06089,RIDGE,5,1.2592612,0,,,1+1+3,,,R1,U,11,26/03/2015
FLR-06090,RIDGE,5,0.2882167,6070,,,5R1,,,R1,F,3,19/03/2015
FLR-06091,RIDGE,7,1.4429163,0,,,7D2,,,R1,J,4,10-04-2015
FLR-06092,RIDGE,5,1.0431,0,,,5R3,,,R2,K,5,03/06/2012
FLR-06093,LAMP,5,1.3782666,3,N-006,8700.732,,2,0,,,,
FLR-06094,LAMP,5,1.0271166,1,N-003,15547.3317,,2,0,,,,
FLR-06095,RIDGE,5,0.7424465,0,,,1+1+3,,,R1,J,4,10-04-2015
FLR-06096,LAMP,5,0.7990123,2,N-002,14542.4012,,2,0,,,,
FLR-06097,RIDGE,5,0.354152,5560,,,5R1,,,R1,F,3,31/03/2015
FLR-06098,LAMP,5,0.9870084,1,N-001,3897.0592,,2,0,,,,
FLR-06099,LAMP,9,0.7117167,1,N-011,1925.6063,,11,0,,,,
FLR-06100,RIDGE,5,1.2607,5978,,,1+1+3,,,R1,J,4,31/01/2009
FLR-06101,RIDGE,5,0.335,0,,,5R1,,,R1,T,10,16/04/2010
FLR-06102,RIDGE,6,0.2874,0,,,6i,,,R1,J,4,06/02/2010
FLR-06103,LAMP,7,0.322875,1,N-027,13063.5948,,8,0,,,,
FLR-06104,LAMP,5,0.3047,2,N-003,18890.6868,,4,0,,,,
FLR-06105,RIDGE,5,1.124,0,,,1+1+3,,,R1,V,12,03/02/2010
FLR-06106,RIDGE,5,0.9663,0,,,1+1+3,,,R1,F,3,11/02/2009
FLR-06107,RIDGE,5,1.4071,0,,,5R3,,,R2,P,7,05/03/2011
FLR-06108,LAMP,6,0.4012181,2,N-040,216.5458,,16,1,,,,
FLR-06109,RIDGE,5,1.343,0,,,5R3,,,R2,P,7,25/04/2008
FLR-06110,RIDGE,9,0.70375,5151,,,9i,,,R1,U,11,19-03-2015
FLR-06111,LAMP,5,0.7987834,1,N-012,9411.8413,,2,0,,,,
FLR-06112,LAMP,5,1.2843584,2,N-020,13210.9974,,2,0,,,,
FLR-06113,RIDGE,5,1.0642751,5586,,,1+1+3,,,R1,A,1,02/03/2015
FLR-06114,LAMP,4,1.2292841,2,N-002,13915.2093,,0,0,,,,
FLR-06115,LAMP,5,1.2852657,2,N-013,21883.972,,2,0,,,,
FLR-06116,LAMP,5,0.3287583,2,N-025,15072.439,,4,0,,,,
FLR-06117,RIDGE,5,1.022,0,,,1+1+3,,,R1,R,8,19/04/2008
FLR-06118,RIDGE,5,1.0546962,0,,,1+1+3,,,R1,A,1,02/03/2015
FLR-06119,RIDGE,4,0.2499925,0,,,4R1,,,R1,A,1,02/03/2015
FLR-06120,RIDGE,4,1.6648823,0,,,4-SMUDGE,,,R2,ZZZ,13,12-04-2016
FLR-06121,RIDGE,5,0.3204871,0,,,5R1,,,R1,J,4,10-04-2015
FLR-06122,RIDGE,4,0.5111,0,,,4D,,,R1,F,3,04/03/2010
FLR-06123,LAMP,4,0.9211486,3,N-002,14630.366,,0,0,,,,
FLR-06124,RIDGE,7,1.8727,0,,,7-SMUDGE,,,R2,P,7,25/04/2008
FLR-06125,LAMP,5,0.5637888,3,N-022,27660.4958,,4,0,,,,
FLR-06126,RIDGE,5,1.01,0,,,1+1+3,,,R1,D,2,27/03/2008
FLR-06127,RIDGE,5,0.3529,5560,,,5R1,,,R1,F,3,04/03/2010
FLR-06128,RIDGE,5,0.33,0,,,5R1,,,R1,T,10,06/03/2010
FLR-06129,RIDGE,5,1.093,0,,,1+1+3,,,R1,T,10,15/04/2010
FLR-06130,LAMP,7,1.5722166,3,N-003,17985.0412,,7,0,,,,
FLR-06131,LAMP,4,0.9275084,1,N-034,10043.0934,,0,0,,,,
FLR-06132,RIDGE,5,0.501525,5151,,,5R2,,,R1,U,11,31-03-2015
FLR-06133,RIDGE,5,1.4506666,0,,,1+1+3,,,R1,U,11,19-03-2015
FLR-06134,LAMP,5,1.2683218,3,N-020,10947.3269,,2,0,,,,
FLR-06135,LAMP,5,0.8301075,2,N-012,9441.1555,,2,0,,,,
FLR-06136,LAMP,5,1.2989721,2,N-003,17989.2928,,2,0,,,,
FLR-06137,RIDGE,5,0.485,5560,,,5R2,,,R1,F,3,03/02/2005
FLR-06138,RIDGE,4,1.2327404,0,,,4R2,,,R1,A,1,02-03-2015
FLR-06139,LAMP,5,0.317175,1,N-001,578.1766,,4,0,,,,
FLR-06140,RIDGE,5,1.4951,0,,,1+1+3,,,R1,J,4,06/02/2010
FLR-06141,LAMP,4,0.9918333,1,N-008,12476.8466,,0,0,,,,
FLR-06142,RIDGE,10,1.5481316,0,,,10R,,,R1,J,4,12/05/2016
FLR-06143,RIDGE,5,1.404,0,,,1+1+3,,,R1,V,12,26/01/2010
FLR-06144,LAMP,5,1.0257786,2,N-003,16097.095,,2,0,,,,
FLR-06145,RIDGE,5,1.341,0,,,1+1+3,,,R1,V,12,26/01/2010
FLR-06146,RIDGE,5,1.0431,5981,,,1+1+3,,,R1,J,4,31/01/2009
FLR-06147,LAMP,8,0.366725,2,N-029,677.0376,,13,1,,,,
FLR-06148,LAMP,4,1.1933816,1,N-036,27129.7718,,0,0,,,,
FLR-06149,LAMP,5,1.2219667,1,N-011,2186.1384,,2,0,,,,
FLR-06150,RIDGE,5,0.381,0,,,5R1,,,R1,V,12,03/02/2010
FLR-06151,RIDGE,10,0.366,0,,,10i,,,R1,T,10,10/03/2010
FLR-06152,RIDGE,10,1.4959,0,,,10R,,,R2,K,5,02/06/2012
FLR-06153,RIDGE,8,1.8605849,0,,,8D,,,R1,J,4,10-04-2015
FLR-06154,LAMP,5,0.7720416,2,N-041,3565.4501,,2,0,,,,
FLR-06155,LAMP,5,1.2613,1,N-013,20700.0391,,2,0,,,,
FLR-06156,RIDGE,5,0.9725,5978,,,1+1+3,,,R1,J,4,31/01/2009
FLR-06157,RIDGE,5,0.382,0,,,5R1,,,R1,V,12,22/01/2010
FLR-06158,RIDGE,5,1.1201,5560,,,1+1+3,,,R1,F,3,23/01/2005
FLR-06159,RIDGE,7,1.4058,5722,,,7D1,,,R1,F,3,12/02/2010
FLR-06160,RIDGE,5,0.332,0,,,5R1,,,R1,R,8,10/04/2008
FLR-06161,LAMP,5,0.7934845,3,N-002,14433.8524,,2,0,,,,
FLR-06162,RIDGE,6,1.4477917,0,,,6-SMUDGE,,,R1,A,1,02/03/2015
FLR-06163,RIDGE,5,0.3693083,5586,,,5R1,,,R1,A,1,02-03-2015
FLR-06164,LAMP,5,1.4612916,1,N-038,3776.1673,,2,0,,,,
FLR-06165,RIDGE,4,0.383,0,,,1+32,,,R1,N,6,02/04/2010
FLR-06166,RIDGE,5,0.3446167,5586,,,5R1,,,R1,A,1,02-03-2015
FLR-06167,LAMP,5,1.147725,1,N-003,17453.1499,,2,0,,,,
FLR-06168,RIDGE,5,0.348,0,,,5R1,,,R1,V,12,22/01/2010
FLR-06169,RIDGE,6,0.3916359,0,,,6i,,,R1,A,1,16-04-2014
FLR-06170,RIDGE,6,0.385,0,,,6i,,,R1,A,1,25/03/2008
FLR-06171,LAMP,5,0.7777416,2,N-044,27774.265,,2,0,,,,
FLR-06172,RIDGE,4,0.968,0,,,4R2,,,R1,A,1,20/01/2010
FLR-06173,LAMP,6,1.172941,1,N-003,17391.8177,,16,1,,,,
FLR-06174,RIDGE,6,1.2136,0,,,6-SMUDGE,,,R1,F,3,04/03/2010
FLR-06175,LAMP,9,0.403069,2,N-016,21344.1275,,11,0,,,,
FLR-06176,RIDGE,5,1.1702167,5560,,,1+1+3,,,R1,F,3,31/03/2015
FLR-06177,RIDGE,5,0.983475,5151,,,1+1+3,,,R1,U,11,31-03-2015
FLR-06178,RIDGE,5,1.0671,0,,,5R3,,,R2,P,7,25/04/2008
FLR-06179,LAMP,5,0.6271167,4,N-042,1763.2993,,15,0,,,,
FLR-06180,RIDGE,5,0.305,0,,,5R1,,,R1,V,12,26/01/2010
FLR-06181,RIDGE,5,1.323261,0,,,1+1+3,,,R1,U,11,19-03-2015
FLR-06182,RIDGE,10,1.6013333,9999,,,10R,,,R2,ZZZ,13,12-04-2016
FLR-06183,LAMP,5,0.3051167,2,N-030,10259.9315,,4,0,,,,
FLR-06184,RIDGE,5,1.2782866,0,,,1+1+3,,,R1,U,11,31-03-2015
FLR-06185,RIDGE,5,0.90795,5586,,,1+1+3,,,R1,A,1,02-03-2015
FLR-06186,RIDGE,5,1.1004,0,,,5R3,,,R2,K,5,03/06/2012
FLR-06187,RIDGE,5,1.0206,0,,,5R3,,,R2,P,7,24/04/2008
FLR-06188,RIDGE,5,1.0575,0,,,1+1+3,,,R1,F,3,04/03/2010
FLR-06189,RIDGE,5,1.1848,0,,,1+1+3,,,R1,J,4,06/02/2010
FLR-06190,RIDGE,5,0.962,0,,,1+1+3,,,R1,V,12,03/02/2010
FLR-06191,LAMP,4,0.7185,1,N-003,15676.9691,,0,0,,,,
FLR-06192,RIDGE,5,0.3562,0,,,5R1,,,R1,U,11,16/02/2009
FLR-06193,RIDGE,5,0.3396666,5720,,,5R1,,,R1,A,1,16-04-2014
FLR-06194,RIDGE,5,1.2516,0,,,5R3,,,R2,P,7,24/04/2008
FLR-06195,LAMP,4,0.9066083,2,N-001,3896.0999,,0,0,,,,
FLR-06196,LAMP,5,0.525226,2,N-002,14559.1611,,4,0,,,,
FLR-06197,RIDGE,5,1.276,0,,,1+1+3,,,R1,D,2,20/03/2008
FLR-06198,LAMP,5,0.3222,1,N-026,5949.0311,,4,0,,,,
FLR-06199,LAMP,5,0.8343443,3,N-003,15790.6702,,2,0,,,,
FLR-06200,RIDGE,5,1.5312,0,,,5R3,,,R2,K,5,03/06/2012
FLR-06201,LAMP,5,0.3689834,1,N-025,15116.8733,,4,0,,,,
FLR-06202,RIDGE,5,1.1822317,0,,,1+1+3,,,R1,J,4,10-04-2015
FLR-06203,LAMP,5,0.8043667,1,N-011,1959.3827,,2,0,,,,
FLR-06204,RIDGE,5,0.7434667,5981,,,1+1+3,,,R1,J,4,10-04-2015
FLR-06205,RIDGE,5,0.89,0,,,1+1+3,,,R1,D,2,27/03/2008
FLR-06206,LAMP,5,0.8924916,1,N-003,17377.6511,,2,0,,,,
FLR-06207,LAMP,5,1.1864917,3,N-036,27078.1591,,2,0,,,,
FLR-06208,LAMP,5,0.3368,1,N-025,15125.7774,,2,0,,,,
FLR-06209,RIDGE,4,0.284,0,,,4R1,,,R1,D,2,20/03/2008
FLR-06210,LAMP,5,0.7700268,2,N-001,7181.3096,,4,0,,,,
FLR-06211,RIDGE,5,0.7996631,0,,,1+1+3,,,R1,J,4,12/05/2016
FLR-06212,RIDGE,5,1.3124771,0,,,1+1+3,,,R1,F,3,31/03/2015
FLR-06213,RIDGE,5,0.3047084,0,,,5R1,,,R1,J,4,10-04-2015
FLR-06214,RIDGE,5,0.158,5703,,,5-SMUDGE,,,R1,F,3,18/02/2005
FLR-06215,RIDGE,4,1.0436344,0,,,4R2,,,R1,A,1,02/03/2015
FLR-06216,RIDGE,5,0.349,0,,,5R1,,,R1,V,12,26/01/2010
FLR-06217,LAMP,5,0.8975,1,N-001,7186.7002,,2,0,,,,
FLR-06218,RIDGE,5,0.7990123,0,,,1+1+3,,,R1,A,1,02/03/2015
FLR-06219,RIDGE,5,1.1143331,5586,,,1+1+3,,,R1,A,1,02-03-2015
FLR-06220,RIDGE,5,0.3447,5560,,,5R1,,,R1,F,3,04/03/2010
FLR-06221,RIDGE,5,0.7598417,5979,,,1+1+3,,,R1,J,4,10-04-2015
FLR-06222,RIDGE,5,0.885,0,,,1+1+3,,,R1,V,12,26/01/2010
FLR-06223,LAMP,5,0.4068863,4,N-003,18065.0564,,4,0,,,,
FLR-06224,LAMP,5,1.3586449,2,N-017,29334.2309,,2,0,,,,
FLR-06225,RIDGE,9,1.3657,0,,,9R,,,R2,K,5,03/06/2012
FLR-06226,RIDGE,5,0.7414833,0,,,1+1+3,,,R1,A,1,16-04-2014
FLR-06227,LAMP,4,1.2392304,2,N-002,13918.7901,,0,0,,,,
FLR-06228,LAMP,5,0.5432506,2,N-012,9401.3227,,4,0,,,,
FLR-06229,LAMP,14,1.2306784,2,N-017,29070.4784,,17,0,,,,
FLR-06230,LAMP,5,0.7381362,3,N-045,5998.419,,2,0,,,,
FLR-06231,RIDGE,7,1.0237,5722,,,7D1,,,R1,F,3,12/02/2010
FLR-06232,RIDGE,5,1.1351917,5720,,,1+1+3,,,R1,A,1,16-04-2014
FLR-06233,RIDGE,5,0.311,0,,,5R1,,,R1,T,10,26/01/2010
FLR-06234,LAMP,8,0.3570083,1,N-006,9461.4313,,13,0,,,,
FLR-06235,RIDGE,5,1.39545,5981,,,1+1+3,,,R1,J,4,10-04-2015
FLR-06236,LAMP,19,1.085875,1,N-001,269.8531,,17,0,,,,
FLR-06237,RIDGE,5,0.3429199,0,,,5R1,,,R1,A,1,02/03/2015
FLR-06238,RIDGE,5,0.821,0,,,1+1+3,,,R1,N,6,02/04/2010
FLR-06239,RIDGE,5,1.2940212,0,,,1+1+3,,,R1,J,4,10-04-2015
FLR-06240,RIDGE,5,1.155175,0,,,1+1+3,,,R1,U,11,26/03/2015
FLR-06241,LAMP,5,0.9893417,2,N-003,17857.508,,2,0,,,,
FLR-06242,RIDGE,4,0.717,0,,,1+31,,,R1,V,12,03/02/2010
FLR-06243,RIDGE,5,0.84,0,,,1+1+3,,,R1,A,1,28/02/2010
FLR-06244,RIDGE,7,1.1338,5722,,,7D1,,,R1,F,3,12/02/2010
FLR-06245,LAMP,5,1.3158695,2,N-012,9464.1279,,2,0,,,,
FLR-06246,RIDGE,5,0.659,0,,,2+3,,,R1,V,12,26/01/2010
FLR-06247,LAMP,5,1.3475416,1,N-041,2979.7458,,2,0,,,,
FLR-06248,RIDGE,9,0.3631,6035,,,9i,,,R1,U,11,01/02/2010
FLR-06249,LAMP,5,0.7301359,4,N-003,15586.9568,,2,0,,,,
FLR-06250,RIDGE,5,0.325,0,,,5R1,,,R1,T,10,12/03/2010
FLR-06251,LAMP,5,0.4740667,2,N-005,851.0769,,4,0,,,,
FLR-06252,LAMP,5,0.82005,4,N-003,17340.4725,,2,0,,,,
FLR-06253,RIDGE,9,0.344,0,,,9i,,,R1,T,10,14/04/2010
FLR-06254,RIDGE,5,0.7763741,0,,,1+1+3,,,R1,J,4,12/05/2016
FLR-06255,RIDGE,5,1.2298416,0,,,1+1+3,,,R1,S,9,29-04-2014
FLR-06256,LAMP,5,1.1286736,3,N-022,27684.2125,,2,0,,,,
FLR-06257,RIDGE,5,1.1233,0,,,5R3,,,R2,K,5,03/06/2012
FLR-06258,RIDGE,5,1.3558,0,,,5R3,,,R2,K,5,03/06/2012
FLR-06259,RIDGE,5,0.3068,0,,,5R1,,,R1,S,9,01-04-2015
FLR-06260,LAMP,7,0.3197281,2,N-035,31384.9024,,8,0,,,,
FLR-06261,LAMP,12,0.3813,5,N-003,18954.824,,17,0,,,,
FLR-06262,LAMP,5,1.1628,1,N-003,16832.0036,,2,0,,,,
FLR-06263,RIDGE,5,1.15,0,,,1+1+3,,,R1,D,2,18/03/2009
FLR-06264,LAMP,7,1.2977661,2,N-023,31678.6334,,7,0,,,,
FLR-06265,RIDGE,5,1.2989721,0,,,1+1+3,,,R1,A,1,02/03/2015
FLR-06266,LAMP,5,0.8912604,1,N-005,3238.7479,,2,0,,,,
FLR-06267,RIDGE,5,1.079,0,,,1+1+3,,,R1,V,12,16/01/2010
FLR-06268,LAMP,5,0.3120584,1,N-025,15179.5654,,4,0,,,,
FLR-06269,RIDGE,4,0.7638829,0,,,4R2,,,R1,A,1,02-03-2015
FLR-06270,LAMP,5,1.3927667,1,N-038,3560.0534,,2,0,,,,
FLR-06271,RIDGE,5,1.092,0,,,1+1+3,,,R1,F,3,04/03/2010
FLR-06272,RIDGE,5,0.7383112,0,,,1+1+3,,,R1,A,1,02/03/2015
FLR-06273,LAMP,5,0.5599023,2,N-003,17541.30087,,4,0,,,,
FLR-06274,RIDGE,5,1.0864,0,,,5R3,,,R2,K,5,03/06/2012
FLR-06275,LAMP,5,1.3105084,2,N-019,3856.2502,,2,0,,,,
FLR-06276,RIDGE,5,1.040784,0,,,1+1+3,,,R1,J,4,12/05/2016
FLR-06277,LAMP,5,0.998575,2,N-003,17870.8271,,2,0,,,,
FLR-06278,RIDGE,5,1.11065,9999,,,5R3,,,R2,ZZZ,13,12-04-2016
FLR-06279,RIDGE,5,0.7228134,5979,,,1+1+3,,,R1,J,4,10-04-2015
FLR-06280,RIDGE,9,1.5296376,0,,,9R,,,R1,U,11,19-03-2015
FLR-06281,RIDGE,5,1.3282734,0,,,1+1+3,,,R1,U,11,19-03-2015
FLR-06282,RIDGE,5,0.7399,5561,,,1+1+3,,,R1,F,3,09/02/2009
FLR-06283,RIDGE,5,0.75,0,,,1+1+3,,,R1,V,12,03/02/2010
FLR-06284,RIDGE,8,0.377,5151,,,8i,,,R1,U,11,16/02/2009
FLR-06285,RIDGE,6,1.104425,5586,,,6-SMUDGE,,,R1,A,1,02/03/2015
FLR-06286,RIDGE,5,0.335,0,,,5R1,,,R1,V,12,03/02/2010
FLR-06287,RIDGE,7,1.2786,5722,,,7D1,,,R1,F,3,12/02/2010
FLR-06288,LAMP,6,0.8011333,1,N-003,16984.0614,,16,1,,,,
FLR-06289,LAMP,5,1.0382417,1,N-001,198.9298,,2,0,,,,
FLR-06290,RIDGE,5,1.2141025,0,,,5R3,,,R2,ZZZ,13,12-04-2016
FLR-06291,RIDGE,5,0.893,0,,,1+1+3,,,R1,N,6,02/04/2010
FLR-06292,RIDGE,5,1.28115,5151,,,1+1+3,,,R1,U,11,26/03/2015
FLR-06293,RIDGE,4,0.401,0,,,1+32,,,R1,N,6,02/04/2010
FLR-06294,RIDGE,5,0.753,0,,,1+1+3,,,R1,N,6,02/04/2010
FLR-06295,RIDGE,5,1.361975,5560,,,1+1+3,,,R1,F,3,31/03/2015
FLR-06296,RIDGE,8,0.5094,0,,,8i,,,R1,F,3,04/03/2010
FLR-06297,LAMP,4,0.8047473,2,N-036,27056.856,,0,0,,,,
FLR-06298,RIDGE,5,0.324,0,,,5R1,,,R1,N,6,23/03/2009
FLR-06299,LAMP,8,0.34885,2,N-031,113.7429,,13,0,,,,
FLR-06300,LAMP,5,1.2561368,4,N-005,3312.9241,,2,0,,,,
FLR-06301,RIDGE,4,1.2669873,0,,,5-SMUDGE,,,R1,A,1,02-03-2015
FLR-06302,RIDGE,5,1.2406292,0,,,1+1+3,,,R1,J,4,10-04-2015
FLR-06303,RIDGE,5,1.0714083,5586,,,1+1+3,,,R1,A,1,02/03/2015
FLR-06304,RIDGE,5,1.0563,0,,,1+1+3,,,R1,J,4,06/02/2010
FLR-06305,RIDGE,5,0.8328,5978,,,1+1+3,,,R1,J,4,04/05/2008
FLR-06306,RIDGE,5,1.0513,0,,,1+1+3,,,R1,F,3,04/03/2010
FLR-06307,RIDGE,5,1.2086,0,,,1+1+3,,,R1,F,3,23/01/2005
FLR-06308,LAMP,5,1.11705,1,N-003,17215.3347,,2,0,,,,
FLR-06309,RIDGE,5,1.2613812,0,,,1+1+3,,,R1,A,1,02/03/2015
FLR-06310,LAMP,5,0.4864199,2,N-009,714.3529,,4,0,,,,
FLR-06311,RIDGE,5,0.3096818,0,,,5R1,,,R1,J,4,13-05-2016
FLR-06312,RIDGE,5,0.756,0,,,1+1+3,,,R1,T,10,12/03/2010
FLR-06313,RIDGE,5,0.8906529,0,,,1+1+3,,,R1,A,1,02/03/2015
FLR-06314,RIDGE,5,1.485,0,,,1+1+3,,,R1,N,6,23/03/2009
FLR-06315,LAMP,5,1.3656167,1,N-013,21913.9799,,2,0,,,,
FLR-06316,LAMP,6,1.3438113,3,N-012,9542.6919,,16,1,,,,
FLR-06317,LAMP,5,1.0499798,3,N-005,3287.5317,,2,0,,,,
FLR-06318,RIDGE,9,1.5466,0,,,9-SMUDGE,,,R1,A,1,16-04-2014
FLR-06319,RIDGE,5,0.46625,5151,,,5R2,,,R1,U,11,26/03/2015
FLR-06320,RIDGE,4,0.417,0,,,1+32,,,R1,N,6,02/04/2010
FLR-06321,RIDGE,5,0.9979,6058,,,1+1+3,,,R1,U,11,24/01/2010
FLR-06322,RIDGE,5,1.2449084,0,,,1+1+3,,,R1,A,1,02/03/2015
FLR-06323,RIDGE,5,0.992,0,,,1+1+3,,,R1,V,12,03/02/2010
FLR-06324,RIDGE,4,0.1781,59871,,,4R1,,,R1,J,4,13/04/2010
FLR-06325,RIDGE,4,0.254,6035,,,4R1,,,R1,U,11,11/02/2010
FLR-06326,RIDGE,5,1.3076887,0,,,1+1+3,,,R1,A,1,02-03-2015
FLR-06327,RIDGE,5,0.9515941,0,,,1+1+3,,,R1,A,1,02/03/2015
FLR-06328,RIDGE,5,0.316,0,,,5R1,,,R1,V,12,03/02/2010
FLR-06329,LAMP,5,0.3069584,3,N-031,121.4385,,2,0,,,,
FLR-06330,RIDGE,4,0.5642,5722,,,4D,,,R1,F,3,06/03/2005
FLR-06331,RIDGE,5,0.7515738,0,,,1+1+3,,,R1,A,1,02/03/2015
FLR-06332,RIDGE,5,0.356,6069,,,5R1,,,R1,D,2,26/02/2010
FLR-06333,RIDGE,5,0.867,0,,,1+1+3,,,R1,V,12,03/02/2010
FLR-06334,RIDGE,5,1.3445,0,,,5R3,,,R2,P,7,24/04/2008
FLR-06335,RIDGE,5,1.1191799,0,,,1+1+3,,,R1,J,4,12/05/2016
FLR-06336,LAMP,5,0.31055,1,N-025,15171.0748,,4,0,,,,
FLR-06337,LAMP,5,0.9789278,2,N-022,27660.2141,,2,0,,,,
FLR-06338,RIDGE,3,0.3851167,5133,,,3-SMUDGE,,,R1,N,6,19/03/2015
FLR-06339,RIDGE,7,1.356,0,,,7D2,,,R1,F,3,31/03/2015
FLR-06340,LAMP,5,1.239975,2,N-014,664.5366,,2,0,,,,
FLR-06341,RIDGE,4,0.9692794,5720,,,4-SMUDGE,,,R1,A,1,16-04-2014
FLR-06342,RIDGE,4,0.5661,5722,,,4D,,,R1,F,3,09/03/2005
FLR-06343,RIDGE,7,1.3107,5722,,,7D1,,,R1,F,3,12/02/2010
FLR-06344,RIDGE,5,1.2767626,0,,,1+1+3,,,R1,U,11,31-03-2015
FLR-06345,LAMP,5,1.303125,1,N-005,922.9015,,2,0,,,,
FLR-06346,RIDGE,5,0.757,0,,,1+1+3,,,R1,V,12,26/01/2010
FLR-06347,RIDGE,5,0.847,5978,,,1+1+3,,,R1,J,4,31/01/2009
FLR-06348,RIDGE,10,1.9095,5586,,,10R,,,R1,A,1,02/03/2015
FLR-06349,LAMP,18,0.9977584,1,N-002,14515.3221,,17,0,,,,
FLR-06350,RIDGE,5,0.7183584,5979,,,1+1+3,,,R1,J,4,10-04-2015
FLR-06351,LAMP,4,1.0632274,2,N-003,17215.9839,,0,0,,,,
FLR-06352,RIDGE,5,0.314,0,,,5R1,,,R1,T,10,26/01/2010
FLR-06353,RIDGE,5,0.329,0,,,5R1,,,R1,D,2,21/03/2008
FLR-06354,LAMP,9,1.8239644,2,N-045,5232.7155,,6,0,,,,
FLR-06355,RIDGE,4,0.5332,5722,,,4D,,,R1,F,3,23/03/2008
FLR-06356,RIDGE,5,1.1533654,0,,,1+1+3,,,R1,F,3,31/03/2015
FLR-06357,RIDGE,5,0.308,0,,,5R1,,,R1,D,2,18/03/2009
FLR-06358,LAMP,5,1.2035333,1,N-019,3860.9036,,2,0,,,,
FLR-06359,LAMP,5,0.8067667,1,N-003,16713.532,,2,0,,,,
FLR-06360,RIDGE,6,0.1937,5703,,,6i,,,R1,F,3,23/01/2005
FLR-06361,RIDGE,5,1.0981,0,,,5R3,,,R2,K,5,03/06/2012
FLR-06362,RIDGE,4,0.52,0,,,4D,,,R1,F,3,02/02/2010
FLR-06363,RIDGE,5,0.842,0,,,1+1+3,,,R1,D,2,01/04/2010
FLR-06364,RIDGE,5,0.3308085,0,,,5R1,,,R1,S,9,01-04-2015
FLR-06365,RIDGE,6,1.3391174,9999,,,6R,,,R2,ZZZ,13,12-04-2016
FLR-06366,RIDGE,7,1.1966,5722,,,7D1,,,R1,F,3,12/02/2010
FLR-06367,RIDGE,5,1.2428758,5151,,,1+1+3,,,R1,U,11,26/03/2015
FLR-06368,RIDGE,5,0.335,0,,,5R1,,,R1,T,10,12/03/2010
FLR-06369,LAMP,5,0.699575,2,N-024,6818.3555,,15,0,,,,
FLR-06370,LAMP,5,1.3292917,1,N-041,3879.4868,,2,0,,,,
FLR-06371,RIDGE,5,0.783,0,,,1+1+3,,,R1,D,2,06/02/2010
FLR-06372,LAMP,5,1.3123083,2,N-011,950.3809,,2,0,,,,
FLR-06373,LAMP,5,1.0769639,2,N-002,13780.52,,2,0,,,,
FLR-06374,RIDGE,8,0.3959322,5720,,,8i,,,R1,A,1,16-04-2014
FLR-06375,LAMP,5,1.0076852,3,N-003,17594.2991,,2,0,,,,
FLR-06376,LAMP,3,0.3204355,2,N-001,635.7388,,5,0,,,,
FLR-06377,RIDGE,5,1.0851666,5586,,,1+1+3,,,R1,A,1,02/03/2015
FLR-06378,LAMP,3,0.3083409,2,N-001,4347.9465,,5,0,,,,
FLR-06379,RIDGE,5,0.329,0,,,5R1,,,R1,T,10,04/02/2010
FLR-06380,RIDGE,8,0.312,0,,,8i,,,R1,D,2,27/03/2008
FLR-06381,LAMP,6,1.104425,1,N-002,14472.8841,,16,1,,,,
FLR-06382,LAMP,5,1.3010083,1,N-002,13907.3945,,2,0,,,,
FLR-06383,RIDGE,5,0.615,0,,,2+3,,,R1,V,12,26/01/2010
FLR-06384,RIDGE,5,1.3087139,5560,,,1+1+3,,,R1,F,3,31/03/2015
FLR-06385,RIDGE,4,0.5472,5722,,,4D,,,R1,F,3,23/02/2008
FLR-06386,RIDGE,7,1.3557,5561,,,7D1,,,R1,F,3,03/03/2010
FLR-06387,LAMP,29,0.9362583,2,N-003,17668.9168,,17,0,,,,
FLR-06388,RIDGE,5,0.903,0,,,1+1+3,,,R1,V,12,26/01/2010
FLR-06389,RIDGE,9,0.359,0,,,9i,,,R1,T,10,04/02/2010
FLR-06390,LAMP,10,0.8408451,2,N-009,744.9145,,14,0,,,,
FLR-06391,RIDGE,5,1.114085,0,,,1+1+3,,,R1,U,11,26/03/2015
FLR-06392,RIDGE,5,1.3002,0,,,5R3,,,R2,P,7,05/03/2011
FLR-06393,LAMP,5,0.9624037,2,N-011,1970.9233,,2,0,,,,
FLR-06394,RIDGE,4,0.9211486,0,,,4R2,,,R1,A,1,02/03/2015
FLR-06395,RIDGE,5,1.0691167,5586,,,1+1+3,,,R1,A,1,02-03-2015
FLR-06396,LAMP,5,1.2478549,3,N-017,29238.7173,,2,0,,,,
FLR-06397,RIDGE,5,1.2761,5978,,,1+1+3,,,R1,J,4,15/02/2007
FLR-06398,RIDGE,5,0.982,0,,,1+1+3,,,R1,A,1,05/02/2009
FLR-06399,LAMP,5,0.3212917,2,N-019,4462.9838,,4,0,,,,
FLR-06400,LAMP,20,1.0850036,2,N-024,7468.6733,,17,0,,,,
FLR-06401,RIDGE,4,0.5273,5130,,,4D,,,R1,F,3,07/02/2005
FLR-06402,RIDGE,5,1.2429,0,,,5R3,,,R2,P,7,05/03/2011
FLR-06403,RIDGE,5,0.7753499,5586,,,1+1+3,,,R1,A,1,02/03/2015
FLR-06404,LAMP,18,1.0280501,1,N-001,3963.3403,,17,0,,,,
FLR-06405,LAMP,5,0.3385,1,N-002,11118.479,,4,0,,,,
FLR-06406,RIDGE,5,0.312,0,,,5R1,,,R1,T,10,04/02/2010
FLR-06407,RIDGE,5,1.2478549,0,,,1+1+3,,,R1,F,3,31/03/2015
FLR-06408,LAMP,5,1.4187186,1,N-030,9493.7951,,2,0,,,,
FLR-06409,LAMP,5,0.3137475,2,N-031,150.3968,,2,0,,,,
FLR-06410,RIDGE,5,0.326,5973,,,5R1,,,R1,D,2,26/02/2010
FLR-06411,LAMP,5,0.90795,1,N-001,3970.6129,,2,0,,,,
FLR-06412,RIDGE,5,1.1902,5130,,,1+1+3,,,R1,F,3,02/02/2005
FLR-06413,LAMP,5,1.347575,2,N-033,18471.7679,,2,0,,,,
FLR-06414,LAMP,5,0.9544916,1,N-002,14640.2482,,2,0,,,,
FLR-06415,RIDGE,5,1.2855073,0,,,1+1+3,,,R1,J,4,12/05/2016
FLR-06416,RIDGE,10,1.814574,0,,,10-SMUDGE,,,R1,F,3,19/03/2015
FLR-06417,RIDGE,6,1.4322,0,,,6R,,,R2,P,7,05/03/2011
FLR-06418,RIDGE,5,1.0533169,0,,,1+1+3,,,R1,A,1,02/03/2015
FLR-06419,LAMP,5,0.508275,1,N-021,19959.8228,,4,0,,,,
FLR-06420,RIDGE,5,1.173025,0,,,1+1+3,,,R1,A,1,02/03/2015
FLR-06421,RIDGE,7,1.3871,5561,,,7D1,,,R1,F,3,03/03/2010
FLR-06422,LAMP,9,0.4029986,1,N-034,10009.9343,,11,0,,,,
FLR-06423,RIDGE,3,0.331,0,,,3D,,,R1,A,1,28/02/2010
FLR-06424,RIDGE,5,0.8862,5978,,,1+1+3,,,R1,J,4,27/03/2008
FLR-06425,RIDGE,5,1.285975,0,,,1+1+3,,,R1,J,4,24-04-2014
FLR-06426,RIDGE,5,0.9305667,5586,,,1+1+3,,,R1,A,1,02/03/2015
FLR-06427,RIDGE,5,1.374,0,,,1+1+3,,,R1,V,12,26/01/2010
FLR-06428,RIDGE,6,1.075,6035,,,6-SMUDGE,,,R1,U,11,11/02/2010
FLR-06429,RIDGE,5,0.34,0,,,5R1,,,R1,T,10,14/04/2010
FLR-06430,RIDGE,5,1.1097,0,,,5R3,,,R2,K,5,02/06/2012
FLR-06431,LAMP,5,0.3256583,1,N-003,22149.1858,,2,0,,,,
FLR-06432,RIDGE,5,0.3291,0,,,5R1,,,R1,S,9,07-04-2015
FLR-06433,LAMP,5,1.2060229,2,N-023,31658.9183,,2,0,,,,
FLR-06434,RIDGE,5,1.1852458,5560,,,1+1+3,,,R1,F,3,31/03/2015
FLR-06435,LAMP,5,0.9515941,3,N-002,14490.4439,,2,0,,,,
FLR-06436,RIDGE,5,0.4788667,5560,,,5R2,,,R1,F,3,31/03/2015
FLR-06437,RIDGE,5,0.3224628,0,,,5R1,,,R1,A,1,02/03/2015
FLR-06438,RIDGE,4,0.9512917,0,,,4R2,,,R1,A,1,02-03-2015
FLR-06439,RIDGE,7,1.019,0,,,7D1,,,R1,R,8,19/04/2008
FLR-06440,LAMP,5,0.7388,1,N-031,167.4031,,2,0,,,,
FLR-06441,RIDGE,5,0.5314,5151,,,5R2,,,R1,U,11,11/02/2010
FLR-06442,RIDGE,4,0.5037,5722,,,4D,,,R1,F,3,15/02/2005
FLR-06443,LAMP,5,1.0993486,3,N-035,30669.6837,,2,0,,,,
FLR-06444,RIDGE,5,0.7407,0,,,1+1+3,,,R1,J,4,06/02/2010
FLR-06445,LAMP,5,0.9098583,1,N-003,17381.7453,,2,0,,,,
FLR-06446,RIDGE,5,0.6751,0,,,2+3,,,R1,F,3,23/01/2005
FLR-06447,RIDGE,7,0.2088,0,,,7i,,,R1,F,3,23/01/2005
FLR-06448,RIDGE,5,1.3451417,5586,,,1+1+3,,,R1,A,1,02/03/2015
FLR-06449,LAMP,5,1.2123204,2,N-014,735.4542,,2,0,,,,
FLR-06450,LAMP,5,1.143431,3,N-003,16990.5562,,2,0,,,,
FLR-06451,RIDGE,5,0.862,5719,,,1+1+3,,,R1,A,1,05/02/2009
FLR-06452,LAMP,4,0.9676584,4,N-002,14502.8692,,0,0,,,,
FLR-06453,RIDGE,4,0.823,0,,,4R2,,,R1,A,1,26/03/2010
FLR-06454,LAMP,5,1.4571083,4,N-006,8823.4863,,2,0,,,,
FLR-06455,RIDGE,5,1.0261,0,,,5R3,,,R2,K,5,03/06/2012
FLR-06456,RIDGE,5,1.128,0,,,1+1+3,,,R1,R,8,19/04/2008
FLR-06457,LAMP,5,1.0642751,1,N-003,17473.3464,,2,0,,,,
FLR-06458,LAMP,7,0.5986833,2,N-009,718.899675,,8,1,,,,
FLR-06459,LAMP,5,1.3684411,4,N-019,3743.6193,,2,0,,,,
FLR-06460,RIDGE,8,0.335,0,,,8i,,,R1,N,6,23/03/2009
FLR-06461,RIDGE,5,1.2266416,5151,,,1+1+3,,,R1,U,11,26/03/2015
FLR-06462,RIDGE,5,0.295,0,,,5R1,,,R1,A,1,25/03/2008
FLR-06463,RIDGE,5,0.8134845,0,,,1+1+3,,,R1,A,1,02/03/2015
FLR-06464,RIDGE,6,1.5433,0,,,6R,,,R2,P,7,24/04/2008
FLR-06465,LAMP,5,0.8341143,2,N-005,3262.6738,,2,0,,,,
FLR-06466,LAMP,5,0.7086997,3,N-002,14441.1119,,4,0,,,,
FLR-06467,RIDGE,5,0.3085249,0,,,5R1,,,R1,J,4,10-04-2015
FLR-06468,LAMP,4,0.9272592,3,N-002,14602.2139,,0,0,,,,
FLR-06469,RIDGE,5,0.339,0,,,5R1,,,R1,R,8,10/04/2008
FLR-06470,RIDGE,5,1.03,0,,,1+1+3,,,R1,T,10,15/04/2010
FLR-06471,LAMP,5,1.0887333,1,N-003,15629.8934,,2,0,,,,
FLR-06472,RIDGE,5,0.3344,5987,,,5R1,,,R1,J,4,30/03/2010
FLR-06473,RIDGE,5,0.3182,5987,,,5R1,,,R1,J,4,30/03/2010
FLR-06474,RIDGE,7,0.3499,0,,,7i,,,R2,K,5,03/06/2012
FLR-06475,RIDGE,5,0.3395083,5586,,,5R1,,,R1,A,1,02-03-2015
FLR-06476,RIDGE,5,0.8960667,0,,,1+1+3,,,R1,A,1,02-03-2015
FLR-06477,RIDGE,5,0.5344186,0,,,5R2,,,R1,S,9,29-04-2014
FLR-06478,LAMP,5,0.7920166,2,N-028,28127.7628,,2,0,,,,
FLR-06479,RIDGE,8,0.294,0,,,8i,,,R1,V,12,03/02/2010
FLR-06480,LAMP,5,1.3258583,2,N-014,1145.3926,,2,0,,,,
FLR-06481,RIDGE,5,1.296,0,,,5-SMUDGE,,,R1,D,2,18/03/2009
FLR-06482,RIDGE,3,0.2877339,0,,,3D,,,R1,A,1,02-03-2015
FLR-06483,LAMP,5,0.3297083,1,N-024,7898.9898,,2,0,,,,
FLR-06484,RIDGE,5,1.9927167,9999,,,5-SMUDGE,,,R2,ZZZ,13,12-04-2016
FLR-06485,RIDGE,6,1.022,0,,,6-SMUDGE,,,R1,R,8,19/04/2008
FLR-06486,RIDGE,5,0.792,0,,,1+1+3,,,R1,D,2,20/03/2008
FLR-06487,RIDGE,5,0.9682667,5586,,,1+1+3,,,R1,A,1,02/03/2015
FLR-06488,RIDGE,5,1.0513833,5586,,,1+1+3,,,R1,A,1,02/03/2015
FLR-06489,RIDGE,5,1.369,0,,,1+1+3,,,R1,J,4,06/02/2010
FLR-06490,RIDGE,3,0.3724807,5133,,,3-SMUDGE,,,R1,N,6,19/03/2015
FLR-06491,RIDGE,4,0.7167533,0,,,1+31,,,R1,J,4,10-04-2015
FLR-06492,RIDGE,5,0.3297916,5586,,,5R1,,,R1,A,1,02-03-2015
FLR-06493,LAMP,5,0.6339583,4,N-042,1757.3158,,15,0,,,,
FLR-06494,RIDGE,5,0.66,0,,,2+3,,,R1,V,12,26/01/2010
FLR-06495,RIDGE,5,0.3270246,0,,,5R1,,,R1,U,11,31-03-2015
FLR-06496,RIDGE,8,1.1769833,0,,,8R,,,R1,A,1,02/03/2015
FLR-06497,RIDGE,7,0.33205,0,,,7i,,,R1,S,9,01-04-2015
FLR-06498,RIDGE,5,0.7822583,5151,,,1+1+3,,,R1,U,11,19-03-2015
FLR-06499,RIDGE,5,1.293625,0,,,1+1+3,,,R1,S,9,01-04-2015
FLR-06500,RIDGE,5,1.107,0,,,1+1+3,,,R1,D,2,01/04/2010
FLR-06501,RIDGE,5,0.3588,6058,,,5R1,,,R1,U,11,24/01/2010
FLR-06502,RIDGE,5,0.335,0,,,5R1,,,R1,N,6,02/04/2010
FLR-06503,RIDGE,4,0.5096726,0,,,4D,,,R1,A,1,02/03/2015
FLR-06504,LAMP,5,0.3188,2,N-028,28226.4367,,2,0,,,,
FLR-06505,RIDGE,7,1.6322,0,,,7R,,,R2,P,7,05/03/2011
FLR-06506,RIDGE,5,1.0079,0,,,5R3,,,R2,K,5,03/06/2012
FLR-06507,RIDGE,6,0.5644,5727,,,6i,,,R1,F,3,12/02/2010
FLR-06508,RIDGE,5,0.573,0,,,5-SMUDGE,,,R1,A,1,28/02/2010
FLR-06509,RIDGE,4,1.051,0,,,4R2,,,R1,A,1,25/02/2010
FLR-06510,RIDGE,4,0.5087,5722,,,4D,,,R1,F,3,02/02/2010
FLR-06511,LAMP,5,0.3245182,3,N-023,32244.9513,,2,0,,,,
FLR-06512,LAMP,5,0.89825,1,N-001,131.7476,,2,0,,,,
FLR-06513,RIDGE,5,0.3288833,5586,,,5R1,,,R1,A,1,02-03-2015
FLR-06514,RIDGE,5,0.7731,0,,,1+1+3,,,R1,A,1,02/03/2015
FLR-06515,LAMP,5,1.1702167,1,N-014,5120.2758,,2,0,,,,
FLR-06516,LAMP,5,1.3526916,2,N-020,11664.9309,,2,0,,,,
FLR-06517,LAMP,4,0.9679894,3,N-003,17867.3841,,0,0,,,,
FLR-06518,RIDGE,5,0.3498417,5586,,,5R1,,,R1,A,1,02-03-2015
FLR-06519,RIDGE,4,1.0747273,5719,,,4R2,,,R1,A,1,16-04-2014
FLR-06520,RIDGE,8,1.3046982,0,,,8R,,,R1,J,4,10-04-2015
FLR-06521,RIDGE,5,0.824425,5151,,,1+1+3,,,R1,U,11,26/03/2015
FLR-06522,RIDGE,5,0.3173834,0,,,5R1,,,R1,U,11,31-03-2015
FLR-06523,RIDGE,5,0.9988,0,,,1+1+3,,,R1,F,3,04/03/2010
FLR-06524,RIDGE,5,1.075,0,,,1+1+3,,,R1,R,8,19/04/2008
FLR-06525,LAMP,5,0.5066666,1,N-022,28468.938,,4,0,,,,
FLR-06526,RIDGE,6,0.388,0,,,6i,,,R1,A,1,26/03/2010
FLR-06527,RIDGE,5,0.37,5125,,,5R1,,,R1,V,12,03/02/2010
FLR-06528,LAMP,5,1.0808167,1,N-011,2007.7043,,2,0,,,,
FLR-06529,RIDGE,5,1.3448,0,,,5R3,,,R2,P,7,24/04/2008
FLR-06530,LAMP,5,1.245625,3,N-015,12434.5705,,2,0,,,,
FLR-06531,RIDGE,5,0.7660833,5586,,,1+1+3,,,R1,A,1,02/03/2015
FLR-06532,RIDGE,5,1.2948407,0,,,1+1+3,,,R1,U,11,31-03-2015
FLR-06533,LAMP,5,0.4904917,1,N-013,20593.9961,,4,0,,,,
FLR-06534,RIDGE,5,1.2883769,0,,,1+1+3,,,R1,U,11,31-03-2015
FLR-06535,RIDGE,6,1.2175333,5586,,,6-SMUDGE,,,R1,A,1,02-03-2015
FLR-06536,LAMP,17,0.986375,1,N-001,262.5317,,17,0,,,,
FLR-06537,RIDGE,5,1.1841,0,,,5R3,,,R2,K,5,03/06/2012
FLR-06538,RIDGE,6,1.1738,0,,,6R,,,R2,K,5,02/06/2012
FLR-06539,RIDGE,5,1.210559,0,,,1+1+3,,,R1,U,11,26/03/2015
FLR-06540,RIDGE,6,0.4215019,5979,,,6i,,,R1,J,4,10-04-2015
FLR-06541,RIDGE,4,0.403,0,,,1+32,,,R1,N,6,23/03/2009
FLR-06542,RIDGE,4,0.5182,5722,,,4D,,,R1,F,3,02/02/2010
FLR-06543,RIDGE,5,1.239,0,,,1+1+3,,,R1,N,6,23/03/2009
FLR-06544,RIDGE,5,0.652,0,,,5-SMUDGE,,,R1,N,6,02/04/2010
FLR-06545,RIDGE,5,0.7907666,5979,,,1+1+3,,,R1,J,4,10-04-2015
FLR-06546,RIDGE,5,1.3469834,0,,,1+1+3,,,R1,J,4,10-04-2015
FLR-06547,RIDGE,5,0.361,0,,,5R1,,,R1,N,6,02/04/2010
FLR-06548,RIDGE,5,1.072,0,,,1+1+3,,,R1,T,10,15/04/2010
FLR-06549,RIDGE,8,1.2807,5727,,,8-SMUDGE,,,R1,F,3,04/03/2010
FLR-06550,RIDGE,5,2.040725,9999,,,5-SMUDGE,,,R2,ZZZ,13,12-04-2016
FLR-06551,RIDGE,5,0.9838975,5151,,,1+1+3,,,R1,U,11,26/03/2015
FLR-06552,RIDGE,5,1.1216,6035,,,1+1+3,,,R1,U,11,18/02/2009
FLR-06553,LAMP,5,0.7408668,2,N-003,17444.4194,,4,0,,,,
FLR-06554,RIDGE,5,1.2635,5560,,,1+1+3,,,R1,F,3,03/02/2005
FLR-06555,RIDGE,5,0.7313749,0,,,5-SMUDGE,,,R1,A,1,02/03/2015
FLR-06556,RIDGE,5,0.4732,0,,,5R2,,,R1,F,3,31/03/2015
FLR-06557,RIDGE,5,0.9857,0,,,5R3,,,R2,K,5,03/06/2012
FLR-06558,RIDGE,5,1.3649,5979,,,1+1+3,,,R1,J,4,04/05/2008
FLR-06559,RIDGE,5,1.1598692,0,,,1+1+3,,,R1,U,11,26/03/2015
FLR-06560,LAMP,5,0.314832,2,N-040,198.9419,,4,0,,,,
FLR-06561,RIDGE,5,1.1629,0,,,5R3,,,R2,K,5,03/06/2012
FLR-06562,RIDGE,6,1.4196,0,,,6R,,,R2,P,7,05/03/2011
FLR-06563,RIDGE,5,0.634,0,,,2+3,,,R1,V,12,26/01/2010
FLR-06564,RIDGE,6,0.3664166,5979,,,6i,,,R1,J,4,10-04-2015
FLR-06565,RIDGE,5,1.445,0,,,1+1+3,,,R1,T,10,06/03/2010
FLR-06566,RIDGE,9,0.1913,5703,,,9i,,,R1,F,3,18/02/2005
FLR-06567,RIDGE,5,0.8936,5978,,,1+1+3,,,R1,J,4,31/01/2009
FLR-06568,RIDGE,9,0.4474,5979,,,9i,,,R1,J,4,04/05/2008
FLR-06569,RIDGE,5,0.9895819,0,,,1+1+3,,,R1,A,1,02/03/2015
FLR-06570,RIDGE,5,1.2435164,0,,,1+1+3,,,R1,U,11,26/03/2015
FLR-06571,RIDGE,5,1.2181454,0,,,1+1+3,,,R1,J,4,12/05/2016
FLR-06572,RIDGE,6,1.527436,0,,,6R,,,R2,ZZZ,13,12-04-2016
FLR-06573,RIDGE,5,0.834,0,,,1+1+3,,,R1,D,2,18/03/2010
FLR-06574,LAMP,5,1.114085,2,N-011,71.7879,,2,0,,,,
FLR-06575,RIDGE,5,0.946,0,,,1+1+3,,,R1,R,8,19/04/2008
FLR-06576,LAMP,5,1.0510916,2,N-036,26956.424,,2,0,,,,
FLR-06577,RIDGE,8,0.353,0,,,8i,,,R1,T,10,12/03/2010
FLR-06578,RIDGE,5,1.312537,5560,,,5-SMUDGE,,,R1,F,3,31/03/2015
FLR-06579,RIDGE,5,0.3277877,0,,,5R1,,,R1,S,9,01-04-2015
FLR-06580,RIDGE,5,1.0751,0,,,5R3,,,R2,K,5,03/06/2012
FLR-06581,RIDGE,5,0.358,0,,,5R1,,,R1,R,8,11/04/2008
FLR-06582,RIDGE,5,1.0745,0,,,5R3,,,R2,K,5,03/06/2012
FLR-06583,RIDGE,5,0.3118765,0,,,5R1,,,R1,U,11,31-03-2015
FLR-06584,RIDGE,5,0.5308,0,,,5-SMUDGE,,,R1,F,3,04/03/2010
FLR-06585,RIDGE,5,0.92,0,,,1+1+3,,,R1,V,12,03/02/2010
FLR-06586,LAMP,5,0.3242508,2,N-025,15174.6077,,4,0,,,,
FLR-06587,RIDGE,5,0.3130083,0,,,5R1,,,R1,S,9,07-04-2015
FLR-06588,RIDGE,5,0.3480166,5586,,,5R1,,,R1,A,1,02-03-2015
FLR-06589,RIDGE,5,1.2589518,0,,,1+1+3,,,R1,U,11,31-03-2015
FLR-06590,RIDGE,5,1.1719,5727,,,1+1+3,,,R1,F,3,23/01/2005
FLR-06591,RIDGE,5,0.37,0,,,5R1,,,R1,D,2,01/04/2010
FLR-06592,LAMP,5,1.1359794,3,N-003,16165.9274,,2,0,,,,
FLR-06593,RIDGE,7,1.0600925,0,,,7D1,,,R1,J,4,10-04-2015
FLR-06594,RIDGE,4,0.5081,5722,,,4D,,,R1,F,3,11/02/2010
FLR-06595,LAMP,5,1.0689328,4,N-003,15793.3568,,2,0,,,,
FLR-06596,LAMP,5,1.2593235,2,N-022,27782.2467,,2,0,,,,
FLR-06597,RIDGE,5,0.96,0,,,1+1+3,,,R1,R,8,19/04/2008
FLR-06598,RIDGE,5,0.4827047,0,,,5R2,,,R1,U,11,26/03/2015
FLR-06599,LAMP,5,1.4868837,2,N-047,16264.6297,,2,0,,,,
FLR-06600,LAMP,5,1.3119083,6,N-041,3655.9041,,2,0,,,,
FLR-06601,RIDGE,5,0.8637153,0,,,1+1+3,,,R1,F,3,19/03/2015
FLR-06602,LAMP,5,1.3237522,2,N-005,740.9379,,2,0,,,,
FLR-06603,RIDGE,5,0.377,0,,,5R1,,,R1,D,2,01/04/2010
FLR-06604,RIDGE,5,1.268075,5560,,,1+1+3,,,R1,F,3,31/03/2015
FLR-06605,LAMP,12,1.0135667,2,N-036,26997.2124,,17,0,,,,
FLR-06606,RIDGE,5,0.8510334,5719,,,1+1+3,,,R1,A,1,16-04-2014
FLR-06607,RIDGE,5,0.369,0,,,5R1,,,R1,A,1,26/03/2010
FLR-06608,RIDGE,5,1.439,5727,,,1+1+3,,,R1,F,3,12/02/2010
FLR-06609,LAMP,5,0.345575,2,N-003,15986.2346,,4,0,,,,
FLR-06610,LAMP,5,1.0132415,2,N-011,1931.8305,,2,0,,,,
FLR-06611,RIDGE,4,1.2850467,0,,,4R2,,,R2,ZZZ,13,12-04-2016
FLR-06612,LAMP,5,1.3675153,1,N-036,26934.4242,,4,1,,,,
FLR-06613,LAMP,5,0.9922666,2,N-003,17576.4085,,2,0,,,,
FLR-06614,RIDGE,5,0.8583166,5586,,,1+1+3,,,R1,A,1,02-03-2015
FLR-06615,RIDGE,5,0.8189,5978,,,1+1+3,,,R1,J,4,31/01/2009
FLR-06616,RIDGE,9,0.4389,0,,,9i,,,R2,K,5,03/06/2012
FLR-06617,RIDGE,8,0.5627666,0,,,8i,,,R1,F,3,31/03/2015
FLR-06618,RIDGE,5,0.8962,0,,,1+1+3,,,R1,J,4,04/05/2008
FLR-06619,RIDGE,5,1.0261,0,,,5R3,,,R2,P,7,24/04/2008
FLR-06620,RIDGE,5,0.315,0,,,5R1,,,R1,D,2,21/03/2008
FLR-06621,RIDGE,5,1.3429176,0,,,1+1+3,,,R1,U,11,26/03/2015
FLR-06622,RIDGE,5,0.299,0,,,5R1,,,R1,D,2,18/03/2009
FLR-06623,RIDGE,5,0.938,0,,,1+1+3,,,R1,J,4,06/02/2010
FLR-06624,LAMP,5,0.846975,2,N-003,17739.1576,,2,0,,,,
FLR-06625,RIDGE,8,0.271,5126,,,8i,,,R1,V,12,26/01/2010
FLR-06626,RIDGE,5,0.844,0,,,1+1+3,,,R1,N,6,02/04/2010
FLR-06627,RIDGE,9,1.315,5563,,,9R,,,R1,F,3,02/02/2010
FLR-06628,RIDGE,5,1.3292917,6052,,,1+1+3,,,R1,S,9,29-04-2014
FLR-06629,RIDGE,4,0.8035371,0,,,4R2,,,R1,A,1,02/03/2015
FLR-06630,RIDGE,5,0.3128667,0,,,5R1,,,R1,J,4,10-04-2015
FLR-06631,LAMP,5,0.8980555,4,N-003,16162.3692,,2,0,,,,
FLR-06632,RIDGE,5,1.2049419,0,,,1+1+3,,,R1,U,11,19-03-2015
FLR-06633,RIDGE,6,1.1322833,5586,,,6-SMUDGE,,,R1,A,1,02-03-2015
FLR-06634,RIDGE,6,0.323,0,,,6i,,,R1,R,8,19/04/2008
FLR-06635,LAMP,5,0.317525,4,N-034,10098.6272,,4,0,,,,
FLR-06636,RIDGE,4,0.851,0,,,4R2,,,R1,A,1,25/02/2010
FLR-06637,RIDGE,5,0.8066,6035,,,1+1+3,,,R1,U,11,11/02/2010
FLR-06638,RIDGE,5,1.2300549,0,,,1+1+3,,,R1,U,11,26/03/2015
FLR-06639,RIDGE,5,1.024,0,,,5R3,,,R2,K,5,03/06/2012
FLR-06640,LAMP,5,0.9646059,2,N-003,17618.6685,,2,0,,,,
FLR-06641,RIDGE,5,0.5118785,0,,,5R2,,,R1,F,3,31/03/2015
FLR-06642,LAMP,9,0.4501084,1,N-006,9476.251,,11,1,,,,
FLR-06643,RIDGE,6,1.1286,5561,,,6-SMUDGE,,,R1,F,3,04/03/2010
FLR-06644,RIDGE,5,1.14084,0,,,1+1+3,,,R1,A,1,02/03/2015
FLR-06645,RIDGE,6,1.0041,5727,,,6-SMUDGE,,,R1,F,3,04/03/2010
FLR-06646,RIDGE,5,0.3243,5560,,,5R1,,,R1,F,3,17/02/2005
FLR-06647,LAMP,5,0.814625,1,N-003,16716.7479,,2,0,,,,
FLR-06648,LAMP,5,0.9261505,3,N-003,16172.4061,,2,0,,,,
FLR-06649,RIDGE,5,1.284125,5151,,,1+1+3,,,R1,U,11,26/03/2015
FLR-06650,RIDGE,5,1.142,0,,,1+1+3,,,R1,R,8,19/04/2008
FLR-06651,LAMP,5,1.4196084,1,N-001,7279.4436,,2,0,,,,
FLR-06652,RIDGE,5,1.3203833,0,,,1+1+3,,,R1,U,11,31-03-2015
FLR-06653,RIDGE,3,0.336,0,,,3D,,,R1,A,1,28/02/2010
FLR-06654,LAMP,5,1.1109667,1,N-035,30888.7637,,2,0,,,,
FLR-06655,LAMP,5,0.3262783,2,N-024,7995.2333,,4,0,,,,
FLR-06656,LAMP,5,1.1531584,1,N-012,9469.3378,,2,0,,,,
FLR-06657,LAMP,5,0.308275,2,N-003,18903.0515,,4,0,,,,
FLR-06658,RIDGE,5,1.011075,5151,,,1+1+3,,,R1,U,11,26/03/2015
FLR-06659,RIDGE,5,0.136,5703,,,5-SMUDGE,,,R1,F,3,18/02/2005
FLR-06660,LAMP,4,0.8056846,2,N-003,15750.2087,,0,0,,,,
FLR-06661,RIDGE,4,1.2809806,0,,,4R2,,,R1,A,1,16-04-2014
FLR-06662,RIDGE,5,0.870025,0,,,1+1+3,,,R1,A,1,02/03/2015
FLR-06663,RIDGE,6,1.107,0,,,6-SMUDGE,,,R1,R,8,19/04/2008
FLR-06664,RIDGE,5,1.1235,5560,,,1+1+3,,,R1,F,3,07/02/2005
FLR-06665,LAMP,8,0.3582918,2,N-019,4401.6757,,13,0,,,,
FLR-06666,RIDGE,5,0.7546,5561,,,1+1+3,,,R1,F,3,09/02/2009
FLR-06667,RIDGE,5,1.2901417,5151,,,1+1+3,,,R1,U,11,19-03-2015
FLR-06668,LAMP,5,1.348075,1,N-002,13808.2236,,2,0,,,,
FLR-06669,RIDGE,5,0.7537,5978,,,1+1+3,,,R1,J,4,31/01/2009
FLR-06670,RIDGE,7,1.2215542,0,,,7D1,,,R1,U,11,19-03-2015
FLR-06671,LAMP,10,0.4880616,2,N-023,32173.4905,,14,0,,,,
FLR-06672,LAMP,5,0.3155333,1,N-024,7999.6868,,2,0,,,,
FLR-06673,RIDGE,5,1.2602102,0,,,1+1+3,,,R1,J,4,10-04-2015
FLR-06674,RIDGE,6,1.9205,0,,,6-SMUDGE,,,R1,U,11,31-03-2015
FLR-06675,RIDGE,8,1.2855083,0,,,8R,,,R1,J,4,10-04-2015
FLR-06676,LAMP,5,1.635384,2,N-046,8356.4977,,2,0,,,,
FLR-06677,RIDGE,5,1.1811332,0,,,1+1+3,,,R1,A,1,02/03/2015
FLR-06678,RIDGE,5,0.3171,5979,,,5R1,,,R1,J,4,31/01/2009
FLR-06679,RIDGE,5,0.8702,5978,,,1+1+3,,,R1,J,4,15/02/2007
FLR-06680,RIDGE,5,1.3632,0,,,5R3,,,R2,K,5,03/06/2012
FLR-06681,LAMP,5,0.8495883,3,N-003,17758.7903,,2,0,,,,
FLR-06682,RIDGE,5,1.0250167,5151,,,1+1+3,,,R1,U,11,26/03/2015
FLR-06683,RIDGE,5,0.918,0,,,1+1+3,,,R1,R,8,19/04/2008
FLR-06684,RIDGE,5,0.9838392,0,,,1+1+3,,,R1,A,1,02/03/2015
FLR-06685,LAMP,5,0.3242667,1,N-027,13174.4067,,4,0,,,,
FLR-06686,RIDGE,5,1.5314,5981,,,1+1+3,,,R1,J,4,03/05/2008
FLR-06687,RIDGE,5,1.245625,0,,,1+1+3,,,R1,F,3,31/03/2015
FLR-06688,RIDGE,5,1.7685,0,,,5-SMUDGE,,,R2,K,5,03/06/2012
FLR-06689,RIDGE,5,0.9732383,0,,,1+1+3,,,R1,A,1,02-03-2015
FLR-06690,RIDGE,5,1.0521083,5586,,,1+1+3,,,R1,A,1,02/03/2015
FLR-06691,LAMP,4,0.9952309,1,N-036,26948.9168,,0,0,,,,
FLR-06692,RIDGE,5,1.045,0,,,5R3,,,R2,K,5,03/06/2012
FLR-06693,LAMP,5,1.11915,1,N-003,16088.1317,,2,0,,,,
FLR-06694,LAMP,9,0.41575,2,N-048,343.6499,,11,1,,,,
FLR-06695,LAMP,5,0.3651927,3,N-003,17270.7088,,4,0,,,,
FLR-06696,RIDGE,5,1.2959,0,,,5R3,,,R2,K,5,03/06/2012
FLR-06697,RIDGE,7,1.233,5722,,,7D1,,,R1,F,3,12/02/2010
FLR-06698,RIDGE,5,0.3188,0,,,5R1,,,R1,S,9,01-04-2015
FLR-06699,RIDGE,7,0.504,0,,,7i,,,R1,A,1,26/03/2010
FLR-06700,RIDGE,4,0.5643,5722,,,4D,,,R1,F,3,06/03/2005
FLR-06701,RIDGE,5,1.0785417,5560,,,1+1+3,,,R1,F,3,31/03/2015
FLR-06702,LAMP,7,0.3085134,2,N-048,347.698,,8,0,,,,
FLR-06703,LAMP,5,1.3140993,2,N-042,2018.8908,,2,0,,,,
FLR-06704,LAMP,5,1.228251,2,N-003,16737.1792,,2,0,,,,
FLR-06705,RIDGE,5,0.808,0,,,1+1+3,,,R1,V,12,03/02/2010
FLR-06706,RIDGE,8,0.318,0,,,8i,,,R1,V,12,03/02/2010
FLR-06707,LAMP,10,1.8157834,1,N-005,3341.4331,,17,1,,,,
FLR-06708,RIDGE,5,0.9898417,5586,,,1+1+3,,,R1,A,1,02-03-2015
FLR-06709,RIDGE,5,0.7273171,5981,,,1+1+3,,,R1,J,4,10-04-2015
FLR-06710,RIDGE,5,1.2244,5979,,,1+1+3,,,R1,J,4,04/05/2008
FLR-06711,RIDGE,5,1.0214035,0,,,1+1+3,,,R1,A,1,02/03/2015
FLR-06712,RIDGE,5,0.3416,5563,,,5R1,,,R1,F,3,11/02/2010
FLR-06713,RIDGE,5,1.1604,5727,,,1+1+3,,,R1,F,3,12/02/2010
FLR-06714,RIDGE,5,0.793,0,,,1+1+3,,,R1,A,1,28/02/2010
FLR-06715,RIDGE,5,1.9608,9999,,,5-SMUDGE,,,R2,ZZZ,13,12-04-2016
FLR-06716,RIDGE,5,0.4863,5560,,,5R2,,,R1,F,3,03/02/2005
FLR-06717,RIDGE,6,1.3402916,0,,,6-SMUDGE,,,R1,A,1,02-03-2015
FLR-06718,RIDGE,5,0.3232,5979,,,5R1,,,R1,J,4,03/05/2008
FLR-06719,RIDGE,5,0.7951,5981,,,1+1+3,,,R1,J,4,15/02/2007
FLR-06720,RIDGE,5,1.1694334,0,,,1+1+3,,,R1,U,11,26/03/2015
FLR-06721,RIDGE,5,0.357,0,,,5R1,,,R1,R,8,11/04/2008
FLR-06722,RIDGE,5,1.0086231,0,,,1+1+3,,,R1,A,1,02/03/2015
FLR-06723,RIDGE,5,1.14,0,,,1+1+3,,,R1,R,8,19/04/2008
FLR-06724,RIDGE,5,0.936,5978,,,1+1+3,,,R1,J,4,31/01/2009
FLR-06725,LAMP,1,0,1,N-045,2497.1972,,17,0,,,,
FLR-06726,RIDGE,5,0.7609,5561,,,1+1+3,,,R1,F,3,23/01/2005
FLR-06727,RIDGE,5,1.0510916,0,,,1+1+3,,,R1,A,1,16-04-2014
FLR-06728,RIDGE,5,0.3218,5987,,,5R1,,,R1,J,4,03/05/2008
FLR-06729,LAMP,9,1.7775667,1,N-012,9547.6439,,6,0,,,,
FLR-06730,RIDGE,4,0.191,0,,,4R1,,,R1,F,3,12/02/2010
FLR-06731,LAMP,5,1.2932875,2,N-004,25063.407,,2,0,,,,
FLR-06732,LAMP,5,0.932188,2,N-003,17629.3525,,2,0,,,,
FLR-06733,RIDGE,5,0.4927,5560,,,5R2,,,R1,F,3,03/02/2005
FLR-06734,RIDGE,5,0.5298,0,,,5-SMUDGE,,,R2,P,7,25/04/2008
FLR-06735,LAMP,5,0.3358584,1,N-001,561.5909,,4,0,,,,
FLR-06736,RIDGE,4,0.2253,0,,,4R1,,,R1,F,3,04/03/2010
FLR-06737,RIDGE,5,0.732,0,,,2+3,,,R1,V,12,16/01/2010
FLR-06738,RIDGE,5,1.008632,0,,,1+1+3,,,R1,J,4,12/05/2016
FLR-06739,LAMP,5,1.1533654,2,N-014,1126.6919,,2,0,,,,
FLR-06740,RIDGE,5,0.952,0,,,1+1+3,,,R1,T,10,14/04/2010
FLR-06741,LAMP,5,0.7801331,2,N-033,19062.2862,,2,0,,,,
FLR-06742,LAMP,5,0.4840309,2,N-013,20616.0621,,4,0,,,,
FLR-06743,RIDGE,7,1.8385,0,,,7-SMUDGE,,,R2,P,7,24/04/2008
FLR-06744,RIDGE,5,1.3701,0,,,5R3,,,R2,P,7,25/04/2008
FLR-06745,RIDGE,5,1.1846,0,,,5R3,,,R2,P,7,25/04/2008
FLR-06746,LAMP,5,0.3294083,1,N-026,5926.5706,,4,0,,,,
FLR-06747,LAMP,5,0.8188583,2,N-003,17321.9745,,2,0,,,,
FLR-06748,RIDGE,5,0.373,0,,,5R1,,,R1,A,1,26/03/2010
FLR-06749,RIDGE,5,1.471675,5987,,,1+1+3,,,R1,J,4,24-04-2014
FLR-06750,LAMP,7,1.356,2,N-015,13175.2479,,7,0,,,,
FLR-06751,RIDGE,5,0.3211,6058,,,5R1,,,R1,U,11,11/02/2010
FLR-06752,LAMP,3,0.335296,1,N-040,96.7416,,5,0,,,,
FLR-06753,RIDGE,6,0.435,0,,,6i,,,R1,V,12,03/02/2010
FLR-06754,LAMP,5,0.3135943,2,N-024,7881.8984,,4,0,,,,
FLR-06755,RIDGE,5,0.345,0,,,5R1,,,R1,N,6,23/03/2009
FLR-06756,RIDGE,5,1.0432,5978,,,1+1+3,,,R1,J,4,15/02/2007
FLR-06757,LAMP,5,1.2856583,1,N-011,2234.4252,,2,0,,,,
FLR-06758,RIDGE,5,0.7663477,0,,,1+1+3,,,R1,A,1,02/03/2015
FLR-06759,RIDGE,5,0.368,0,,,5R1,,,R1,R,8,10/04/2008
FLR-06760,RIDGE,8,0.3659,5560,,,8i,,,R1,F,3,23/01/2010
FLR-06761,RIDGE,9,0.391,0,,,9i,,,R1,T,10,26/01/2010
FLR-06762,RIDGE,5,0.9544916,5586,,,1+1+3,,,R1,A,1,02/03/2015
FLR-06763,RIDGE,7,1.2336,0,,,7D1,,,R1,F,3,04/03/2010
FLR-06764,LAMP,5,0.4898329,2,N-022,28438.7032,,4,0,,,,
FLR-06765,RIDGE,5,0.765125,0,,,1+1+3,,,R1,A,1,02/03/2015
FLR-06766,LAMP,5,1.2652425,2,N-013,21835.516,,2,0,,,,
FLR-06767,LAMP,5,1.0609714,3,N-005,3289.2648,,2,0,,,,
FLR-06768,RIDGE,5,0.9604083,5151,,,1+1+3,,,R1,U,11,31-03-2015
FLR-06769,RIDGE,5,0.7574833,0,,,1+1+3,,,R1,S,9,29-04-2014
FLR-06770,RIDGE,5,1.1741,0,,,5R3,,,R2,K,5,03/06/2012
FLR-06771,RIDGE,5,1.082,0,,,1+1+3,,,R1,T,10,15/04/2010
FLR-06772,LAMP,5,1.2487167,2,N-003,17406.3662,,2,0,,,,
FLR-06773,RIDGE,4,0.775,0,,,1+31,,,R1,V,12,03/02/2010
FLR-06774,RIDGE,8,0.3881,5151,,,8i,,,R1,U,11,16/02/2009
FLR-06775,RIDGE,5,1.2505333,5560,,,1+1+3,,,R1,F,3,31/03/2015
FLR-06776,LAMP,5,0.3145772,2,N-025,15179.0023,,4,0,,,,
FLR-06777,RIDGE,5,1.023,5727,,,1+1+3,,,R1,F,3,04/03/2010
FLR-06778,RIDGE,5,1.2065834,5586,,,1+1+3,,,R1,A,1,02/03/2015
FLR-06779,RIDGE,5,1.282,5561,,,1+1+3,,,R1,F,3,03/02/2005
FLR-06780,RIDGE,9,0.4342,5979,,,9i,,,R1,J,4,03/05/2008
FLR-06781,LAMP,5,0.8313245,2,N-003,17433.1847,,2,0,,,,
FLR-06782,LAMP,5,1.2341433,2,N-045,5008.847,,2,0,,,,
FLR-06783,RIDGE,5,1.273,0,,,1+1+3,,,R1,N,6,23/03/2009
FLR-06784,LAMP,5,1.3483144,4,N-020,10991.7444,,2,0,,,,
FLR-06785,RIDGE,5,1.0961417,5151,,,1+1+3,,,R1,U,11,26/03/2015
FLR-06786,RIDGE,5,1.081,0,,,1+1+3,,,R1,V,12,03/02/2010
FLR-06787,RIDGE,5,0.659,0,,,5-SMUDGE,,,R1,V,12,03/02/2010
FLR-06788,RIDGE,4,0.8501842,0,,,4R2,,,R2,ZZZ,13,12-04-2016
FLR-06789,LAMP,5,1.2150338,2,N-003,17480.598,,2,0,,,,
FLR-06790,LAMP,5,0.8009917,2,N-003,16713.6688,,2,0,,,,
FLR-06791,RIDGE,5,1.3105,0,,,5R3,,,R2,K,5,03/06/2012
FLR-06792,RIDGE,5,0.8775277,0,,,1+1+3,,,R1,A,1,02/03/2015
FLR-06793,RIDGE,5,0.611,0,,,2+3,,,R1,V,12,26/01/2010
FLR-06794,LAMP,4,1.0628417,1,N-036,26939.4778,,0,0,,,,
FLR-06795,RIDGE,4,0.7735304,0,,,4-SMUDGE,,,R1,A,1,16-04-2014
FLR-06796,RIDGE,7,1.1099,0,,,7D1,,,R1,F,3,04/03/2010
FLR-06797,LAMP,5,1.0466968,2,N-046,8935.8322,,2,0,,,,
FLR-06798,RIDGE,5,0.4696667,0,,,5R2,,,R1,U,11,31-03-2015
FLR-06799,LAMP,8,0.3775166,1,N-014,5845.9885,,13,0,,,,
FLR-06800,RIDGE,5,0.357,0,,,5R1,,,R1,N,6,02/04/2010
FLR-06801,RIDGE,5,0.393,0,,,5R1,,,R1,D,2,20/03/2008
FLR-06802,LAMP,5,1.2113167,1,N-014,5124.8715,,2,0,,,,
FLR-06803,RIDGE,5,1.018,0,,,5R3,,,R2,K,5,03/06/2012
FLR-06804,LAMP,5,0.768474,1,N-032,10113.4326,,2,0,,,,
FLR-06805,LAMP,5,0.3154132,2,N-022,28477.9732,,4,0,,,,
FLR-06806,LAMP,5,1.1556334,1,N-035,30908.0901,,2,1,,,,
FLR-06807,RIDGE,5,1.2020583,5586,,,5-SMUDGE,,,R1,A,1,02/03/2015
FLR-06808,RIDGE,7,0.3251391,0,,,7i,,,R1,S,9,07-04-2015
FLR-06809,RIDGE,5,0.8077253,0,,,1+1+3,,,R1,A,1,02/03/2015
FLR-06810,RIDGE,5,0.817,0,,,1+1+3,,,R1,R,8,19/04/2008
FLR-06811,LAMP,5,0.3173055,2,N-031,104.6313,,2,0,,,,
FLR-06812,RIDGE,5,1.0033839,0,,,1+1+3,,,R1,U,11,26/03/2015
FLR-06813,RIDGE,8,1.755,0,,,8R,,,R2,P,7,25/04/2008
FLR-06814,LAMP,5,1.0151244,2,N-036,26948.0069,,2,0,,,,
FLR-06815,RIDGE,5,0.862,0,,,1+1+3,,,R1,A,1,25/02/2010
FLR-06816,RIDGE,5,1.069,0,,,1+1+3,,,R1,R,8,19/04/2008
FLR-06817,RIDGE,5,0.3253667,5987,,,5R1,,,R1,J,4,12-05-2016
FLR-06818,RIDGE,7,1.258,0,,,7D1,,,R1,R,8,19/04/2008
FLR-06819,RIDGE,5,0.3139,6058,,,5R1,,,R1,U,11,24/01/2010
FLR-06820,RIDGE,5,1.2548529,0,,,1+1+3,,,R1,U,11,31-03-2015
FLR-06821,LAMP,4,1.2299083,2,N-002,13875.7371,,0,0,,,,
FLR-06822,LAMP,5,0.7959417,1,N-032,10121.7325,,2,0,,,,
FLR-06823,RIDGE,5,0.3212917,0,,,5R1,,,R1,U,11,31-03-2015
FLR-06824,LAMP,5,1.1819517,2,N-003,15538.7029,,2,0,,,,
FLR-06825,LAMP,5,0.634,4,N-041,3627.4743,,15,0,,,,
FLR-06826,LAMP,5,1.2775887,2,N-014,5124.5379,,2,0,,,,
FLR-06827,RIDGE,7,1.5403,0,,,7R,,,R2,P,7,24/04/2008
FLR-06828,RIDGE,5,0.3222083,5726,,,5R1,,,R1,S,9,01-04-2015
FLR-06829,RIDGE,4,0.5212,0,,,4D,,,R1,F,3,02/02/2010
FLR-06830,RIDGE,5,1.5519333,0,,,5-SMUDGE,,,R1,A,1,02/03/2015
FLR-06831,RIDGE,4,0.383,0,,,1+32,,,R1,N,6,02/04/2010
FLR-06832,RIDGE,9,0.396,0,,,9i,,,R1,T,10,26/01/2010
FLR-06833,RIDGE,5,0.791,0,,,1+1+3,,,R1,D,2,20/03/2008
FLR-06834,RIDGE,6,0.394,0,,,6i,,,R1,V,12,26/01/2010
FLR-06835,RIDGE,5,0.3237,5987,,,5R1,,,R1,J,4,03/05/2008
FLR-06836,LAMP,5,1.0957333,1,N-003,16083.4121,,2,0,,,,
FLR-06837,RIDGE,7,0.391,0,,,7i,,,R1,V,12,26/01/2010
FLR-06838,LAMP,5,1.28115,1,N-011,2219.4817,,2,0,,,,
FLR-06839,LAMP,22,1.2108453,2,N-035,30944.5654,,17,0,,,,
FLR-06840,RIDGE,5,1.42695,5759,,,1+1+3,,,R1,S,9,29-04-2014
FLR-06841,LAMP,5,0.3228083,2,N-028,28168.8686,,4,0,,,,
FLR-06842,LAMP,5,1.1058088,3,N-046,8955.4443,,2,0,,,,
FLR-06843,RIDGE,5,1.0713,0,,,1+1+3,,,R1,F,3,05/05/2008
FLR-06844,LAMP,4,0.7834142,2,N-001,593.613,,0,0,,,,
FLR-06845,RIDGE,5,1.109975,0,,,1+1+3,,,R1,F,3,31/03/2015
FLR-06846,RIDGE,5,1.0783,0,,,5R3,,,R2,K,5,03/06/2012
FLR-06847,LAMP,5,0.8135655,4,N-011,1140.5272,,2,0,,,,
FLR-06848,RIDGE,5,0.3341,5560,,,5R1,,,R1,F,3,04/03/2010
FLR-06849,RIDGE,6,0.4912,0,,,6i,,,R1,F,3,04/03/2010
FLR-06850,RIDGE,5,1.117221,0,,,5R3,,,R2,ZZZ,13,12-04-2016
FLR-06851,RIDGE,5,0.976,0,,,1+1+3,,,R1,R,8,19/04/2008
FLR-06852,RIDGE,5,1.3072916,0,,,1+1+3,,,R1,F,3,31/03/2015
FLR-06853,RIDGE,5,1.2599,5560,,,1+1+3,,,R1,F,3,03/02/2005
FLR-06854,RIDGE,5,1.3178,5727,,,1+1+3,,,R1,F,3,12/02/2010
FLR-06855,RIDGE,5,0.7545333,5586,,,1+1+3,,,R1,A,1,02-03-2015
FLR-06856,RIDGE,5,1.067,0,,,1+1+3,,,R1,A,1,25/02/2010
FLR-06857,LAMP,5,1.2035833,1,N-014,5310.7092,,2,0,,,,
FLR-06858,RIDGE,6,0.865,0,,,6-SMUDGE,,,R1,V,12,03/02/2010
FLR-06859,RIDGE,5,1.2488,5151,,,1+1+3,,,R1,U,11,26/03/2015
FLR-06860,RIDGE,5,0.3302,0,,,5R1,,,R1,U,11,16/02/2009
FLR-06861,RIDGE,5,0.3342909,5560,,,5R1,,,R1,F,3,31/03/2015
FLR-06862,LAMP,5,1.0209534,2,N-003,16155.7368,,2,0,,,,
FLR-06863,RIDGE,5,0.305,0,,,5R1,,,R1,T,10,26/01/2010
FLR-06864,RIDGE,5,1.2474629,0,,,1+1+3,,,R1,U,11,31-03-2015
FLR-06865,RIDGE,5,0.349,0,,,5R1,,,R1,T,10,26/01/2010
FLR-06866,RIDGE,4,0.8021451,0,,,4R2,,,R1,A,1,02/03/2015
FLR-06867,LAMP,5,1.2299142,3,N-033,18514.1597,,2,0,,,,
FLR-06868,RIDGE,5,0.6816611,0,,,5-SMUDGE,,,R1,A,1,02-03-2015
FLR-06869,RIDGE,5,0.524,0,,,5R2,,,R1,R,8,19/04/2008
FLR-06870,RIDGE,5,0.7086997,0,,,5-SMUDGE,,,R1,A,1,02/03/2015
FLR-06871,LAMP,5,1.4269584,1,N-041,1975.9173,,2,0,,,,
FLR-06872,RIDGE,5,0.3295,5562,,,5R1,,,R1,U,11,11/02/2010
FLR-06873,LAMP,5,1.2858417,1,N-006,8710.8423,,2,0,,,,
FLR-06874,RIDGE,5,0.331,5987,,,5R1,,,R1,J,4,03/05/2008
FLR-06875,RIDGE,5,1.2710084,5560,,,1+1+3,,,R1,F,3,31/03/2015
FLR-06876,RIDGE,8,0.366725,0,,,8i,,,R1,S,9,07-04-2015
FLR-06877,RIDGE,6,0.42,0,,,6i,,,R1,N,6,02/04/2010
FLR-06878,RIDGE,5,0.897,5981,,,1+1+3,,,R1,J,4,13/04/2010
FLR-06879,LAMP,5,1.3131367,3,N-015,12450.1093,,2,0,,,,
FLR-06880,RIDGE,8,0.302,0,,,8i,,,R1,V,12,03/02/2010
FLR-06881,LAMP,4,0.9833516,2,N-003,15712.6669,,0,0,,,,
FLR-06882,RIDGE,6,0.447,0,,,6i,,,R1,R,8,10/04/2008
FLR-06883,LAMP,5,0.334525,1,N-027,13192.6115,,4,0,,,,
FLR-06884,RIDGE,5,1.106,0,,,1+1+3,,,R1,T,10,15/04/2010
FLR-06885,RIDGE,5,0.759978,0,,,1+1+3,,,R1,A,1,02/03/2015
FLR-06886,LAMP,4,1.2722801,2,N-035,30649.9925,,0,0,,,,
FLR-06887,RIDGE,6,1.322,0,,,6R,,,R2,K,5,03/06/2012
FLR-06888,RIDGE,5,1.3412584,0,,,1+1+3,,,R1,J,4,10-04-2015
FLR-06889,LAMP,5,1.420775,3,N-015,12491.0651,,2,0,,,,
FLR-06890,RIDGE,5,1.1216098,0,,,1+1+3,,,R1,U,11,31-03-2015
FLR-06891,RIDGE,5,0.3618,0,,,5-SMUDGE,,,R1,F,3,04/03/2010
FLR-06892,RIDGE,5,0.3174,0,,,5-SMUDGE,,,R1,F,3,04/03/2010
FLR-06893,RIDGE,5,0.9554,0,,,5R3,,,R2,P,7,24/04/2008
FLR-06894,LAMP,8,0.3617833,1,N-014,5856.8986,,13,0,,,,
FLR-06895,LAMP,6,0.934675,1,N-035,30865.2795,,10,1,,,,
FLR-06896,RIDGE,7,0.1492,5703,,,7i,,,R1,F,3,23/01/2005
FLR-06897,LAMP,5,1.094825,1,N-003,16079.1481,,2,0,,,,
FLR-06898,RIDGE,5,0.339,5562,,,5R1,,,R1,U,11,13/02/2008
FLR-06899,RIDGE,5,1.0521334,5759,,,1+1+3,,,R1,S,9,29-04-2014
FLR-06900,RIDGE,4,0.627,0,,,4-SMUDGE,,,R1,V,12,03/02/2010
FLR-06901,RIDGE,5,0.842,0,,,1+1+3,,,R1,R,8,19/04/2008
FLR-06902,RIDGE,5,1.005983,0,,,1+1+3,,,R1,F,3,31/03/2015
FLR-06903,RIDGE,5,0.9664,5586,,,1+1+3,,,R1,A,1,02/03/2015
FLR-06904,RIDGE,5,0.378,0,,,5R1,,,R1,V,12,22/01/2010
FLR-06905,RIDGE,6,0.2305284,6070,,,6i,,,R1,F,3,19/03/2015
FLR-06906,RIDGE,5,0.6922555,0,,,1+1+3,,,R1,U,11,19-03-2015
FLR-06907,LAMP,5,1.3078584,1,N-011,812.3293,,2,0,,,,
FLR-06908,LAMP,5,0.939928,2,N-045,2495.7848,,2,0,,,,
FLR-06909,RIDGE,5,1.1622478,0,,,1+1+3,,,R1,U,11,26/03/2015
FLR-06910,RIDGE,7,0.338,0,,,7i,,,R1,D,2,18/03/2010
FLR-06911,RIDGE,5,0.9768417,5560,,,1+1+3,,,R1,F,3,31/03/2015
FLR-06912,RIDGE,10,0.34,0,,,10i,,,R1,T,10,26/01/2010
FLR-06913,RIDGE,3,0.311,0,,,3D,,,R1,A,1,28/02/2010
FLR-06914,RIDGE,5,0.327,0,,,5R1,,,R1,T,10,06/03/2010
FLR-06915,LAMP,5,0.7505584,1,N-009,916.8193,,2,0,,,,
FLR-06916,RIDGE,5,0.9293,0,,,1+1+3,,,R1,J,4,06/02/2010
FLR-06917,RIDGE,7,1.3683,5722,,,7D1,,,R1,F,3,12/02/2010
FLR-06918,LAMP,5,1.2948407,2,N-019,3860.8324,,2,0,,,,
FLR-06919,RIDGE,5,1.174,0,,,1+1+3,,,R1,R,8,19/04/2008
FLR-06920,RIDGE,5,0.546,0,,,5R2,,,R1,N,6,02/04/2010
FLR-06921,LAMP,4,1.2793416,3,N-003,17790.9482,,0,0,,,,
FLR-06922,RIDGE,5,1.117,0,,,1+1+3,,,R1,D,2,18/03/2009
FLR-06923,RIDGE,5,0.8048833,5586,,,1+1+3,,,R1,A,1,02/03/2015
FLR-06924,RIDGE,5,1.2209721,0,,,1+1+3,,,R1,J,4,12/05/2016
FLR-06925,RIDGE,5,1.037,0,,,1+1+3,,,R1,V,12,03/02/2010
FLR-06926,RIDGE,7,1.3537,0,,,7R,,,R2,K,5,03/06/2012
FLR-06927,LAMP,19,1.0119666,1,N-002,14784.1483,,17,0,,,,
FLR-06928,RIDGE,5,1.2084312,0,,,1+1+3,,,R1,J,4,12/05/2016
FLR-06929,LAMP,4,0.8423354,2,N-003,16982.2596,,0,0,,,,
FLR-06930,LAMP,5,1.1337917,1,N-042,1031.7883,,2,0,,,,
FLR-06931,RIDGE,5,1.051,0,,,1+1+3,,,R1,V,12,03/02/2010
FLR-06932,LAMP,4,0.9692794,1,N-035,30828.1134,,3,0,,,,
FLR-06933,LAMP,5,0.7512729,3,N-003,17301.4141,,4,0,,,,
FLR-06934,LAMP,5,1.3795529,4,N-006,8727.6713,,2,0,,,,
FLR-06935,RIDGE,4,0.5294,5130,,,4D,,,R1,F,3,07/02/2005
FLR-06936,RIDGE,5,1.2775,0,,,5R3,,,R2,K,5,03/06/2012
FLR-06937,RIDGE,7,0.305,0,,,7i,,,R1,V,12,22/01/2010
FLR-06938,RIDGE,5,0.7580584,5586,,,1+1+3,,,R1,A,1,02/03/2015
FLR-06939,LAMP,5,1.367825,1,N-018,33002.4756,,2,0,,,,
FLR-06940,RIDGE,5,0.496032,0,,,5R2,,,R1,U,11,19-03-2015
FLR-06941,RIDGE,5,0.7866,5979,,,1+1+3,,,R1,J,4,31/01/2009
FLR-06942,RIDGE,5,0.8461526,0,,,1+1+3,,,R1,U,11,19-03-2015
FLR-06943,RIDGE,5,1.2775887,0,,,1+1+3,,,R1,F,3,31/03/2015
FLR-06944,RIDGE,5,1.3309136,0,,,1+1+3,,,R1,U,11,26/03/2015
FLR-06945,RIDGE,7,1.2328333,0,,,7D2,,,R1,A,1,02/03/2015
FLR-06946,RIDGE,5,1.2423598,0,,,1+1+3,,,R1,U,11,19-03-2015
FLR-06947,LAMP,5,0.7953642,2,N-003,17440.5097,,2,0,,,,
FLR-06948,RIDGE,4,0.8047473,0,,,4R2,,,R1,A,1,16-04-2014
FLR-06949,LAMP,19,1.1556916,2,N-011,2279.4687,,17,0,,,,
FLR-06950,RIDGE,5,1.0065,0,,,5R3,,,R2,K,5,03/06/2012
FLR-06951,RIDGE,5,1.10535,5586,,,1+1+3,,,R1,A,1,02/03/2015
FLR-06952,RIDGE,5,0.335275,5586,,,5R1,,,R1,A,1,02/03/2015
FLR-06953,RIDGE,5,0.3091833,0,,,5R1,,,R1,S,9,01-04-2015
FLR-06954,RIDGE,5,0.5637888,0,,,5-SMUDGE,,,R1,U,11,31-03-2015
FLR-06955,LAMP,5,1.4210916,1,N-041,1993.1654,,2,0,,,,
FLR-06956,RIDGE,5,0.326,0,,,5R1,,,R1,R,8,08/04/2008
FLR-06957,LAMP,5,1.178983,2,N-011,91.5373,,2,0,,,,
FLR-06958,RIDGE,5,0.333,0,,,5R1,,,R1,D,2,21/03/2008
FLR-06959,LAMP,5,1.3011083,2,N-020,11629.3233,,2,0,,,,
FLR-06960,RIDGE,5,0.3254,5562,,,5R1,,,R1,U,11,24/01/2010
FLR-06961,RIDGE,5,0.8745,0,,,1+1+3,,,R1,F,3,11/02/2009
FLR-06962,LAMP,8,1.287928,2,N-046,8906.0987,,9,0,,,,
FLR-06963,LAMP,5,1.302925,1,N-011,2255.2843,,2,0,,,,
FLR-06964,RIDGE,8,1.5387,0,,,8R,,,R2,K,5,03/06/2012
FLR-06965,RIDGE,5,1.0857,0,,,5R3,,,R2,K,5,03/06/2012
FLR-06966,RIDGE,5,0.3545,5560,,,5R1,,,R1,F,3,24/02/2008
FLR-06967,LAMP,5,1.219326,2,N-013,20674.5768,,2,0,,,,
FLR-06968,RIDGE,4,1.0017667,0,,,4R2,,,R1,A,1,02-03-2015
FLR-06969,RIDGE,6,0.3883,6035,,,6i,,,R1,U,11,11/02/2010
FLR-06970,RIDGE,5,0.308,0,,,5R1,,,R1,D,2,21/03/2008
FLR-06971,RIDGE,5,0.989875,5586,,,1+1+3,,,R1,A,1,02/03/2015
FLR-06972,RIDGE,5,1.4169,5979,,,1+1+3,,,R1,J,4,04/05/2008
FLR-06973,RIDGE,5,0.3511,0,,,5R1,,,R1,F,3,23/01/2005
FLR-06974,RIDGE,5,0.3315917,5726,,,5R1,,,R1,S,9,01-04-2015
FLR-06975,RIDGE,5,0.5732333,0,,,5R2,,,R1,F,3,31/03/2015
FLR-06976,RIDGE,5,0.7542584,5586,,,5-SMUDGE,,,R1,A,1,02/03/2015
FLR-06977,RIDGE,5,1.3045,0,,,5R3,,,R2,P,7,24/04/2008
FLR-06978,RIDGE,5,1.2106,5979,,,1+1+3,,,R1,J,4,03/05/2008
FLR-06979,LAMP,6,1.089978,1,N-036,27040.4904,,10,1,,,,
FLR-06980,RIDGE,5,1.3988667,0,,,1+1+3,,,R1,A,1,02/03/2015
FLR-06981,RIDGE,5,0.7292,5561,,,1+1+3,,,R1,F,3,09/02/2009
FLR-06982,RIDGE,3,0.1465,6070/6068,,,3R,,,R1,F,3,05/05/2008
FLR-06983,RIDGE,5,0.3251,5560,,,5R1,,,R1,F,3,23/01/2005
FLR-06984,RIDGE,5,0.3118916,0,,,5R1,,,R1,U,11,31-03-2015
FLR-06985,RIDGE,7,1.5393,0,,,7R,,,R2,K,5,03/06/2012
FLR-06986,RIDGE,4,1.2399667,0,,,4R2,,,R1,A,1,02/03/2015
FLR-06987,RIDGE,5,1.1027,0,,,5R3,,,R2,P,7,24/04/2008
FLR-06988,LAMP,4,0.9248544,2,N-002,14762.1248,,0,0,,,,
FLR-06989,RIDGE,5,1.2677761,0,,,1+1+3,,,R1,A,1,02/03/2015
FLR-06990,RIDGE,4,0.8656505,0,,,4R2,,,R2,ZZZ,13,12-04-2016
FLR-06991,RIDGE,5,1.2487167,0,,,1+1+3,,,R1,A,1,02/03/2015
FLR-06992,RIDGE,5,0.3257,5562,,,5R1,,,R1,U,11,24/01/2010
FLR-06993,RIDGE,5,1.3133,0,,,5R3,,,R2,P,7,24/04/2008
FLR-06994,RIDGE,5,0.9788,0,,,5R3,,,R2,P,7,24/04/2008
FLR-06995,LAMP,5,0.32415,1,N-024,7995.703,,2,0,,,,
FLR-06996,RIDGE,5,0.725,0,,,1+1+3,,,R1,N,6,03/04/2010
FLR-06997,RIDGE,5,0.796768,5981,,,1+1+3,,,R1,J,4,13-05-2016
FLR-06998,RIDGE,3,0.335296,5712,,,3D,,,R1,A,1,24-04-2016
FLR-06999,RIDGE,5,0.359,0,,,5R1,,,R1,N,6,02/04/2010
FLR-07000,LAMP,7,0.598692,2,N-005,3185.7862,,8,1,,,,
FLR-07001,RIDGE,5,0.9754723,0,,,1+1+3,,,R1,J,4,24-04-2014
FLR-07002,RIDGE,5,0.658,0,,,5-SMUDGE,,,R1,V,12,03/02/2010
FLR-07003,LAMP,5,1.04845,1,N-003,15566.3336,,2,0,,,,
FLR-07004,RIDGE,5,0.4405583,0,,,5R2,,,R1,A,1,02/03/2015
FLR-07005,LAMP,9,1.1975917,2,N-003,16905.4682,,6,0,,,,
FLR-07006,RIDGE,5,1.0193,5987,,,1+1+3,,,R1,J,4,06/02/2010
FLR-07007,RIDGE,5,1.2498,0,,,5R3,,,R2,P,7,24/04/2008
FLR-07008,RIDGE,5,1.0547,0,,,5R3,,,R2,P,7,05/03/2011
FLR-07009,RIDGE,5,0.3382083,5726,,,5R1,,,R1,S,9,01-04-2015
FLR-07010,RIDGE,5,0.35,0,,,5R1,,,R1,N,6,21/03/2010
FLR-07011,RIDGE,5,0.4190967,5586,,,5-SMUDGE,,,R1,A,1,02-03-2015
FLR-07012,LAMP,5,1.3552497,2,N-011,857.1378,,2,0,,,,
FLR-07013,RIDGE,5,1.1728976,0,,,1+1+3,,,R1,U,11,31-03-2015
FLR-07014,LAMP,5,0.3184667,1,N-028,28107.8972,,4,0,,,,
FLR-07015,RIDGE,9,0.312,0,,,9i,,,R1,R,8,25/03/2008
FLR-07016,LAMP,5,1.2581583,3,N-015,12469.0089,,2,0,,,,
FLR-07017,RIDGE,5,0.824,0,,,1+1+3,,,R1,A,1,28/02/2010
FLR-07018,RIDGE,5,0.7879,0,,,1+1+3,,,R2,P,7,25/04/2008
FLR-07019,RIDGE,5,0.321,0,,,5R1,,,R1,T,10,26/01/2010
FLR-07020,RIDGE,5,0.329,0,,,5R1,,,R1,T,10,15/04/2010
FLR-07021,RIDGE,5,1.3681466,0,,,1+1+3,,,R1,F,3,31/03/2015
FLR-07022,RIDGE,5,0.325,0,,,5R1,,,R1,T,10,26/01/2010
FLR-07023,RIDGE,5,1.1556,0,,,5R3,,,R2,K,5,03/06/2012
FLR-07024,LAMP,5,0.5209667,1,N-041,3560.176,,4,0,,,,
FLR-07025,RIDGE,5,0.817,5978,,,1+1+3,,,R1,J,4,03/05/2008
FLR-07026,RIDGE,5,1.2418917,0,,,1+1+3,,,R1,U,11,19-03-2015
FLR-07027,RIDGE,4,0.5258,5722,,,4D,,,R1,F,3,23/01/2010
FLR-07028,RIDGE,8,0.37,0,,,8i,,,R1,V,12,26/01/2010
FLR-07029,LAMP,5,1.3137923,2,N-018,33021.9305,,2,0,,,,
FLR-07030,RIDGE,5,1.5048,5560,,,1+1+3,,,R1,F,3,05/05/2008
FLR-07031,RIDGE,5,0.9763,0,,,1+1+3,,,R1,J,4,06/02/2010
FLR-07032,RIDGE,4,0.5021,5722,,,4D,,,R1,F,3,02/02/2010
FLR-07033,RIDGE,4,1.3122478,0,,,4R2,,,R1,A,1,16-04-2014
FLR-07034,RIDGE,5,1.1349,5727,,,1+1+3,,,R1,F,3,04/03/2010
FLR-07035,RIDGE,5,0.3249,6035,,,5R1,,,R1,U,11,11/02/2010
FLR-07036,RIDGE,5,1.1310184,0,,,1+1+3,,,R1,J,4,12/05/2016
FLR-07037,LAMP,5,0.8169206,3,N-002,14526.0754,,2,0,,,,
FLR-07038,RIDGE,5,1.0497,0,,,1+1+3,,,R1,F,3,23/01/2005
FLR-07039,RIDGE,4,1.008,0,,,4-SMUDGE,,,R2,P,7,24/04/2008
FLR-07040,LAMP,5,0.4868246,2,N-005,3181.2395,,4,0,,,,
FLR-07041,RIDGE,5,1.073,0,,,5R3,,,R2,K,5,03/06/2012
FLR-07042,RIDGE,5,0.288,0,,,5R1,,,R1,T,10,15/04/2010
FLR-07043,RIDGE,8,1.6515,0,,,8R,,,R2,K,5,02/06/2012
FLR-07044,RIDGE,5,0.562,0,,,5R2,,,R1,N,6,02/04/2010
FLR-07045,LAMP,21,1.3672401,2,N-011,2288.6635,,17,0,,,,
FLR-07046,RIDGE,5,0.338,0,,,5R1,,,R1,T,10,26/01/2010
FLR-07047,RIDGE,6,1.4430146,0,,,6-SMUDGE,,,R1,U,11,31-03-2015
FLR-07048,LAMP,5,0.3596916,1,N-001,641.8896,,4,0,,,,
FLR-07049,LAMP,5,1.3557084,1,N-015,13119.025,,2,0,,,,
FLR-07050,LAMP,5,0.3182084,1,N-027,13162.8664,,4,0,,,,
FLR-07051,LAMP,5,0.7850166,1,N-002,14811.7428,,2,0,,,,
FLR-07052,RIDGE,5,0.3367,5560,,,5R1,,,R1,F,3,07/02/2005
FLR-07053,RIDGE,5,0.88,0,,,1+1+3,,,R1,V,12,03/02/2010
FLR-07054,RIDGE,5,1.2701341,0,,,1+1+3,,,R1,S,9,29-04-2014
FLR-07055,RIDGE,5,0.7386983,0,,,1+1+3,,,R1,J,4,12/05/2016
FLR-07056,RIDGE,5,0.9461832,0,,,5R3,,,R1,A,1,02-03-2015
FLR-07057,LAMP,5,1.2811749,2,N-002,13772.8452,,2,0,,,,
FLR-07058,RIDGE,9,0.409,0,,,9i,,,R1,N,6,02/04/2010
FLR-07059,RIDGE,5,1.608768,0,,,1+1+3,,,R1,J,4,12/05/2016
FLR-07060,LAMP,7,1.4383683,2,N-003,17999.2226,,7,0,,,,
FLR-07061,RIDGE,4,0.392,0,,,1+32,,,R1,N,6,02/04/2010
FLR-07062,RIDGE,5,0.7505584,6070,,,1+1+3,,,R1,F,3,19/03/2015
FLR-07063,LAMP,5,1.5451987,2,N-042,1989.9492,,2,0,,,,
FLR-07064,RIDGE,5,1.0500731,0,,,1+1+3,,,R1,U,11,19-03-2015
FLR-07065,LAMP,5,1.3656313,2,N-004,25027.6997,,2,0,,,,
FLR-07066,LAMP,5,0.9816167,2,N-003,17878.8825,,2,0,,,,
FLR-07067,RIDGE,4,0.5284,5722,,,4D,,,R1,F,3,09/03/2005
FLR-07068,LAMP,5,1.260125,3,N-013,20724.6554,,2,0,,,,
FLR-07069,RIDGE,5,0.3068,5979,,,5R1,,,R1,J,4,03/05/2008
FLR-07070,RIDGE,5,0.559075,0,,,5R2,,,R1,A,1,02-03-2015
FLR-07071,RIDGE,1,0,0,,,1-SMUDGE,,,R1,U,11,26/03/2015
FLR-07072,RIDGE,5,0.335,0,,,5R1,,,R1,V,12,26/01/2010
FLR-07073,LAMP,5,0.4942184,2,N-018,33726.4882,,4,0,,,,
FLR-07074,RIDGE,5,0.387,0,,,5R1,,,R1,R,8,08/04/2008
FLR-07075,RIDGE,5,0.845,0,,,1+1+3,,,R1,A,1,26/03/2010
FLR-07076,RIDGE,5,1.1624,0,,,1+1+3,,,R1,J,4,06/02/2010
FLR-07077,RIDGE,5,1.24815,5560,,,1+1+3,,,R1,F,3,31/03/2015
FLR-07078,RIDGE,5,1.1877672,0,,,1+1+3,,,R1,A,1,02/03/2015
FLR-07079,RIDGE,5,1.0808167,5151,,,1+1+3,,,R1,U,11,26/03/2015
FLR-07080,LAMP,5,0.7434667,1,N-030,10231.0632,,2,0,,,,
FLR-07081,LAMP,5,1.3039833,2,N-023,31584.3847,,2,0,,,,
FLR-07082,RIDGE,5,0.302,0,,,5R1,,,R1,D,2,06/02/2010
FLR-07083,RIDGE,5,0.352,0,,,5R1,,,R1,T,10,16/04/2010
FLR-07084,RIDGE,5,1.2784,0,,,1+1+3,,,R1,U,11,31-03-2015
FLR-07085,RIDGE,7,0.636,0,,,7i,,,R1,R,8,19/04/2008
FLR-07086,RIDGE,5,0.9355795,0,,,1+1+3,,,R1,A,1,02/03/2015
FLR-07087,RIDGE,5,0.309,0,,,5R1,,,R1,T,10,14/04/2010
FLR-07088,LAMP,4,1.1395,2,N-003,17952.1452,,0,0,,,,
FLR-07089,RIDGE,4,1.2521333,0,,,4R2,,,R1,A,1,16-04-2014
FLR-07090,RIDGE,5,0.327,0,,,5R1,,,R1,T,10,10/03/2010
FLR-07091,RIDGE,5,0.3497,6035,,,5R1,,,R1,U,11,01/02/2010
FLR-07092,RIDGE,5,1.2804,0,,,5R3,,,R2,P,7,25/04/2008
FLR-07093,RIDGE,5,1.1709423,0,,,1+1+3,,,R1,A,1,02/03/2015
FLR-07094,LAMP,15,1.2563574,2,N-022,27637.0595,,17,0,,,,
FLR-07095,RIDGE,5,0.3205,5727,,,5R1,,,R1,F,3,12/02/2010
FLR-07096,RIDGE,4,1.1834322,0,,,4R2,,,R1,A,1,02/03/2015
FLR-07097,LAMP,5,1.148356,2,N-003,17524.6541,,2,0,,,,
FLR-07098,RIDGE,5,0.336,0,,,5R1,,,R1,V,12,22/01/2010
FLR-07099,RIDGE,5,1.4296833,5759,,,1+1+3,,,R1,S,9,29-04-2014
FLR-07100,RIDGE,5,0.3312833,5586,,,5R1,,,R1,A,1,02-03-2015
FLR-07101,LAMP,6,0.394275,2,N-003,18841.4839,,16,1,,,,
FLR-07102,LAMP,5,0.3226583,1,N-042,2615.0513,,2,0,,,,
FLR-07103,RIDGE,9,0.363,0,,,9i,,,R1,T,10,04/02/2010
FLR-07104,RIDGE,5,0.322,0,,,5R1,,,R1,T,10,26/01/2010
FLR-07105,RIDGE,5,1.3483417,0,,,1+1+3,,,R1,A,1,02/03/2015
FLR-07106,RIDGE,4,1.0348282,5719,,,4R2,,,R1,A,1,16-04-2014
FLR-07107,RIDGE,5,0.8436,0,,,1+1+3,,,R1,F,3,04/03/2010
FLR-07108,LAMP,5,0.4988667,1,N-012,10519.9678,,4,0,,,,
FLR-07109,RIDGE,7,0.2055,5703,,,7i,,,R1,F,3,23/01/2005
FLR-07110,RIDGE,5,1.192325,9999,,,5R3,,,R2,ZZZ,13,12-04-2016
FLR-07111,RIDGE,5,0.8003667,0,,,1+1+3,,,R1,A,1,02/03/2015
FLR-07112,RIDGE,5,0.332,0,,,5R1,,,R1,T,10,21/01/2010
FLR-07113,LAMP,5,1.086072,2,N-003,16083.6038,,2,0,,,,
FLR-07114,RIDGE,5,1.2161,0,,,5R3,,,R2,K,5,03/06/2012
FLR-07115,RIDGE,7,0.8248,0,,,7D1,,,R1,F,3,04/03/2010
FLR-07116,RIDGE,5,0.889,0,,,1+1+3,,,R1,A,1,17/03/2010
FLR-07117,RIDGE,5,1.0627,0,,,5R3,,,R2,P,7,24/04/2008
FLR-07118,RIDGE,10,1.4565,0,,,10R,,,R2,P,7,05/03/2011
FLR-07119,LAMP,9,0.4633583,1,N-006,9466.4801,,11,1,,,,
FLR-07120,LAMP,5,0.3411,2,N-003,18921.9169,,2,0,,,,
FLR-07121,RIDGE,5,0.323,0,,,5R1,,,R1,V,12,03/02/2010
FLR-07122,LAMP,5,1.1741181,2,N-011,2153.3159,,2,0,,,,
FLR-07123,RIDGE,3,0.5088747,0,,,3-SMUDGE,,,R2,ZZZ,13,12-04-2016
FLR-07124,RIDGE,5,1.069,0,,,5R3,,,R2,K,5,03/06/2012
FLR-07125,RIDGE,5,0.797,0,,,1+1+3,,,R1,T,10,15/04/2010
FLR-07126,LAMP,5,0.4618,1,N-013,20615.2486,,4,0,,,,
FLR-07127,RIDGE,5,0.3106,6058,,,5R1,,,R1,U,11,11/02/2010
FLR-07128,RIDGE,5,0.331,0,,,5R1,,,R1,R,8,08/04/2008
FLR-07129,RIDGE,5,1.3675153,5719,,,5R3,,,R1,A,1,16-04-2014
FLR-07130,RIDGE,5,1.1886417,0,,,1+1+3,,,R1,A,1,02/03/2015
FLR-07131,RIDGE,5,1.4871,5586,,,1+1+3,,,R1,A,1,02/03/2015
FLR-07132,RIDGE,5,0.333062,0,,,5R1,,,R1,S,9,01-04-2015
FLR-07133,RIDGE,10,0.3933,5560,,,10i,,,R1,F,3,23/01/2005
FLR-07134,RIDGE,5,0.794,0,,,1+1+3,,,R1,N,6,03/04/2010
FLR-07135,RIDGE,10,1.3961,0,,,10R,,,R2,K,5,03/06/2012
FLR-07136,LAMP,5,1.1996833,1,N-014,5138.9295,,2,0,,,,
FLR-07137,RIDGE,5,0.3210746,0,,,5R1,,,R1,S,9,01-04-2015
FLR-07138,RIDGE,8,0.4261739,0,,,8i,,,R1,F,3,31/03/2015
FLR-07139,RIDGE,5,0.731,0,,,1+1+3,,,R1,J,4,06/02/2010
FLR-07140,LAMP,5,0.30616,3,N-045,5968.7751,,2,0,,,,
FLR-07141,RIDGE,8,0.3511,5151,,,8i,,,R1,U,11,01/02/2010
FLR-07142,RIDGE,5,1.0886823,0,,,1+1+3,,,R1,A,1,02/03/2015
FLR-07143,LAMP,5,1.381584,2,N-045,5001.8595,,2,0,,,,
FLR-07144,LAMP,5,0.9694666,2,N-003,17756.6203,,2,0,,,,
FLR-07145,RIDGE,5,0.543,0,,,5R2,,,R1,N,6,02/04/2010
FLR-07146,LAMP,4,0.9608118,2,N-003,17184.2666,,0,0,,,,
FLR-07147,RIDGE,5,1.3408,0,,,5R3,,,R2,P,7,24/04/2008
FLR-07148,RIDGE,5,1.2876182,0,,,1+1+3,,,R1,U,11,26/03/2015
FLR-07149,LAMP,5,1.0851666,1,N-002,14403.1334,,2,0,,,,
FLR-07150,RIDGE,6,1.178,0,,,6R,,,R2,K,5,03/06/2012
FLR-07151,LAMP,5,1.2819416,1,N-024,6786.235,,2,0,,,,
FLR-07152,LAMP,5,1.2138097,4,N-019,3702.2423,,2,0,,,,
FLR-07153,RIDGE,5,0.334,0,,,5R1,,,R1,T,10,21/01/2010
FLR-07154,LAMP,5,0.9453416,1,N-019,3305.9415,,2,0,,,,
FLR-07155,RIDGE,5,1.086,0,,,1+1+3,,,R1,A,1,17/03/2010
FLR-07156,RIDGE,5,1.3829739,0,,,1+1+3,,,R1,U,11,19-03-2015
FLR-07157,RIDGE,5,0.7972,5978,,,1+1+3,,,R1,J,4,03/05/2008
FLR-07158,RIDGE,4,0.2212,0,,,4R1,,,R1,F,3,12/02/2010
FLR-07159,RIDGE,5,0.5112,5560,,,5R2,,,R1,F,3,03/02/2005
FLR-07160,RIDGE,5,1.2842167,5151,,,1+1+3,,,R1,U,11,26/03/2015
FLR-07161,RIDGE,5,0.323,0,,,5R1,,,R1,T,10,15/04/2010
FLR-07162,LAMP,5,1.2212396,2,N-023,31541.5984,,2,0,,,,
FLR-07163,LAMP,5,0.4866187,2,N-017,29878.8305,,4,0,,,,
FLR-07164,LAMP,6,0.2631533,2,N-028,28202.6081,,10,0,,,,
FLR-07165,LAMP,5,1.1914107,2,N-024,6786.1965,,2,0,,,,
FLR-07166,RIDGE,5,1.55764,0,,,1+1+3,,,R1,J,4,12/05/2016
FLR-07167,RIDGE,4,0.7579845,0,,,4R2,,,R1,A,1,02/03/2015
FLR-07168,LAMP,5,0.994275,3,N-022,27649.2154,,2,0,,,,
FLR-07169,RIDGE,5,0.337264,0,,,5R1,,,R1,A,1,24-04-2016
FLR-07170,LAMP,4,0.8894789,2,N-036,27031.7562,,0,0,,,,
FLR-07171,RIDGE,7,0.4108,0,,,7i,,,R2,K,5,03/06/2012
FLR-07172,RIDGE,5,1.1823991,0,,,1+1+3,,,R1,J,4,12/05/2016
FLR-07173,RIDGE,5,0.4865666,0,,,5R2,,,R1,U,11,31-03-2015
FLR-07174,RIDGE,5,0.796,0,,,1+1+3,,,R1,T,10,10/03/2010
FLR-07175,RIDGE,5,1.329525,5151,,,1+1+3,,,R1,U,11,26/03/2015
FLR-07176,RIDGE,10,1.8157834,5151,,,10-SMUDGE,,,R1,U,11,19-03-2015
FLR-07177,LAMP,5,1.3695667,1,N-038,3581.6436,,2,0,,,,
FLR-07178,LAMP,5,1.0009114,2,N-003,15622.7905,,2,0,,,,
FLR-07179,LAMP,5,1.2556883,1,N-013,20679.069,,2,0,,,,
FLR-07180,RIDGE,5,1.2766088,0,,,1+1+3,,,R1,S,9,29-04-2014
FLR-07181,LAMP,5,0.97205,4,N-011,1197.738,,2,0,,,,
FLR-07182,RIDGE,5,1.1222,5727,,,1+1+3,,,R1,F,3,04/03/2010
FLR-07183,LAMP,5,1.141576,2,N-012,10020.7518,,2,0,,,,
FLR-07184,RIDGE,5,0.341,0,,,5R1,,,R1,V,12,03/02/2010
FLR-07185,LAMP,5,0.4736941,2,N-023,32240.8636,,4,0,,,,
FLR-07186,RIDGE,5,1.339575,0,,,1+1+3,,,R1,U,11,31-03-2015
FLR-07187,RIDGE,4,0.698,0,,,1+31,,,R1,V,12,03/02/2010
FLR-07188,RIDGE,8,0.6291,5727,,,8i,,,R1,F,3,23/02/2008
FLR-07189,RIDGE,5,0.8712,0,,,5-SMUDGE,,,R2,K,5,03/06/2012
FLR-07190,LAMP,5,0.5105917,1,N-012,10584.5146,,4,0,,,,
FLR-07191,LAMP,5,1.279525,2,N-003,16151.1417,,2,0,,,,
FLR-07192,RIDGE,5,0.983,0,,,1+1+3,,,R1,J,4,06/02/2010
FLR-07193,RIDGE,5,0.317,0,,,5R1,,,R1,V,12,03/02/2010
FLR-07194,LAMP,5,1.1774584,3,N-003,17943.7653,,2,0,,,,
FLR-07195,LAMP,5,1.2481087,4,N-015,12417.7001,,2,0,,,,
FLR-07196,RIDGE,5,0.79,0,,,1+1+3,,,R1,R,8,19/04/2008
FLR-07197,RIDGE,5,1.0955,0,,,5R3,,,R2,K,5,03/06/2012
FLR-07198,RIDGE,5,0.739375,0,,,1+1+3,,,R1,J,4,12-05-2016
FLR-07199,RIDGE,4,0.5119,5722,,,4D,,,R1,F,3,23/01/2010
FLR-07200,LAMP,5,1.0424417,1,N-002,14399.2961,,2,0,,,,
FLR-07201,LAMP,5,1.2745834,1,N-006,8723.3516,,2,0,,,,
FLR-07202,RIDGE,4,0.523,5722,,,4D,,,R1,F,3,09/03/2005
FLR-07203,LAMP,5,1.3595919,2,N-018,33014.183,,2,0,,,,
FLR-07204,RIDGE,5,0.3190667,0,,,5R1,,,R1,S,9,01-04-2015
FLR-07205,LAMP,5,1.2549472,3,N-015,12426.2187,,2,0,,,,
FLR-07206,RIDGE,4,0.809764,0,,,4R2,,,R1,A,1,02/03/2015
FLR-07207,RIDGE,5,1.2517583,5560,,,1+1+3,,,R1,F,3,31/03/2015
FLR-07208,RIDGE,7,0.3209,6035,,,7i,,,R1,U,11,18/02/2009
FLR-07209,RIDGE,5,0.598,0,,,5R2,,,R1,V,12,03/02/2010
FLR-07210,RIDGE,7,1.3387,5561,,,7D1,,,R1,F,3,03/03/2010
FLR-07211,LAMP,5,1.4580583,4,N-006,8818.3539,,2,0,,,,
FLR-07212,RIDGE,5,1.3586449,0,,,1+1+3,,,R1,F,3,31/03/2015
FLR-07213,RIDGE,4,0.791,0,,,4R2,,,R1,A,1,28/02/2010
FLR-07214,RIDGE,5,0.8788,0,,,5R3,,,R2,P,7,24/04/2008
FLR-07215,LAMP,5,0.84825,1,N-003,15656.2545,,2,0,,,,
FLR-07216,RIDGE,5,0.858,0,,,5-SMUDGE,,,R1,A,1,25/02/2010
FLR-07217,RIDGE,5,1.240351,0,,,1+1+3,,,R1,U,11,26/03/2015
FLR-07218,LAMP,10,0.4880145,2,N-018,33623.1393,,14,0,,,,
FLR-07219,LAMP,5,0.998323,2,N-024,14572.5704,,2,0,,,,
FLR-07220,RIDGE,5,0.343,0,,,5R1,,,R1,N,6,02/04/2010
FLR-07221,RIDGE,5,0.7850166,5586,,,1+1+3,,,R1,A,1,02/03/2015
FLR-07222,RIDGE,5,1.2069833,5586,,,1+1+3,,,R1,A,1,02/03/2015
FLR-07223,RIDGE,5,0.7719,5978,,,1+1+3,,,R1,J,4,30/03/2010
FLR-07224,RIDGE,5,1.1849,0,,,1+1+3,,,R1,J,4,06/02/2010
FLR-07225,RIDGE,5,0.343,0,,,5R1,,,R1,D,2,27/03/2008
FLR-07226,LAMP,5,0.9863833,1,N-002,14469.187,,2,0,,,,
FLR-07227,LAMP,5,1.2919334,2,N-041,2939.1241,,2,0,,,,
FLR-07228,RIDGE,8,2.243,0,,,8-SMUDGE,,,R2,P,7,05/03/2011
FLR-07229,LAMP,18,1.1339583,1,N-003,17187.8696,,17,0,,,,
FLR-07230,RIDGE,5,0.92,0,,,1+1+3,,,R1,R,8,19/04/2008
FLR-07231,RIDGE,5,0.909,0,,,1+1+3,,,R1,V,12,03/02/2010
FLR-07232,RIDGE,5,0.3288,5562,,,5R1,,,R1,U,11,01/02/2010
FLR-07233,LAMP,5,1.2113467,3,N-019,3675.0667,,2,0,,,,
FLR-07234,RIDGE,8,1.4512667,0,,,8D,,,R1,A,1,02/03/2015
FLR-07235,RIDGE,5,1.2481087,0,,,1+1+3,,,R1,F,3,31/03/2015
FLR-07236,RIDGE,4,1.012,0,,,4R2,,,R1,A,1,20/01/2010
FLR-07237,RIDGE,5,1.1803,0,,,5R3,,,R2,P,7,05/03/2011
FLR-07238,RIDGE,5,0.7507937,0,,,1+1+3,,,R1,A,1,02/03/2015
FLR-07239,LAMP,5,1.10535,1,N-003,17430.2015,,2,0,,,,
FLR-07240,LAMP,5,1.5427722,2,N-042,1980.4633,,2,0,,,,
FLR-07241,RIDGE,5,1.2874,5978,,,1+1+3,,,R1,J,4,15/02/2007
FLR-07242,RIDGE,5,0.72,0,,,1+1+3,,,R1,R,8,19/04/2008
FLR-07243,RIDGE,5,1.3328,0,,,5R3,,,R2,K,5,03/06/2012
FLR-07244,LAMP,5,1.3412584,3,N-033,18346.7667,,2,0,,,,
FLR-07245,RIDGE,5,0.868,0,,,1+1+3,,,R1,R,8,19/04/2008
FLR-07246,RIDGE,5,0.8126,5978,,,1+1+3,,,R1,J,4,04/05/2008
FLR-07247,RIDGE,5,0.9077,0,,,5-SMUDGE,,,R2,K,5,03/06/2012
FLR-07248,RIDGE,7,0.661,0,,,7i,,,R1,D,2,26/02/2010
FLR-07249,RIDGE,5,1.07,0,,,1+1+3,,,R1,D,2,18/03/2009
FLR-07250,RIDGE,8,0.383,0,,,8i,,,R1,V,12,03/02/2010
FLR-07251,RIDGE,5,0.322,0,,,5R1,,,R1,T,10,21/01/2010
FLR-07252,RIDGE,5,1.2123204,0,,,1+1+3,,,R1,F,3,31/03/2015
FLR-07253,LAMP,5,0.3599042,2,N-003,17429.172,,4,0,,,,
FLR-07254,RIDGE,5,0.329272,0,,,5R1,,,R1,A,1,24-04-2016
FLR-07255,RIDGE,9,0.324,0,,,9i,,,R1,V,12,03/02/2010
FLR-07256,RIDGE,5,0.8781,0,,,1+1+3,,,R1,F,3,04/03/2010
FLR-07257,LAMP,8,1.4060167,1,N-012,10128.8915,,9,1,,,,
FLR-07258,RIDGE,4,0.5104,5722,,,4D,,,R1,F,3,23/01/2010
FLR-07259,LAMP,5,1.52868,2,N-045,5072.5403,,2,0,,,,
FLR-07260,RIDGE,5,1.2448,0,,,5R3,,,R2,K,5,03/06/2012
FLR-07261,RIDGE,5,1.174,0,,,1+1+3,,,R1,R,8,19/04/2008
FLR-07262,RIDGE,5,0.7907833,0,,,1+1+3,,,R1,A,1,02/03/2015
FLR-07263,RIDGE,5,1.478325,6052,,,1+1+3,,,R1,S,9,29-04-2014
FLR-07264,LAMP,5,0.7205834,2,N-024,6931.358,,15,0,,,,
FLR-07265,RIDGE,5,0.541,0,,,5R2,,,R1,N,6,02/04/2010
FLR-07266,RIDGE,9,1.5013,0,,,9R,,,R2,P,7,24/04/2008
FLR-07267,LAMP,5,1.515696,2,N-045,5080.5844,,2,0,,,,
FLR-07268,RIDGE,7,1.2846,5722,,,7D1,,,R1,F,3,12/02/2010
FLR-07269,RIDGE,5,1.1344,0,,,5R3,,,R2,K,5,03/06/2012
FLR-07270,RIDGE,5,0.3216,5987,,,5R1,,,R1,J,4,30/03/2010
FLR-07271,LAMP,5,1.5589,1,N-043,10304.4259,,2,0,,,,
FLR-07272,LAMP,5,1.0961417,1,N-012,9554.0543,,2,0,,,,
FLR-07273,RIDGE,5,0.3366,5562,,,5R1,,,R1,U,11,11/02/2010
FLR-07274,LAMP,5,0.8223793,2,N-003,17455.4841,,2,0,,,,
FLR-07275,LAMP,5,1.0500731,3,N-005,3285.3783,,2,0,,,,
FLR-07276,LAMP,5,0.8364572,2,N-001,7175.0345,,4,0,,,,
FLR-07277,RIDGE,5,1.1370206,5726,,,1+1+3,,,R1,S,9,01-04-2015
FLR-07278,RIDGE,5,0.8468197,0,,,1+1+3,,,R1,A,1,02/03/2015
FLR-07279,RIDGE,5,0.579,0,,,5R2,,,R1,N,6,02/04/2010
FLR-07280,RIDGE,5,0.9261505,0,,,1+1+3,,,R1,A,1,02/03/2015
FLR-07281,RIDGE,7,1.3071,5561,,,7D1,,,R1,F,3,03/03/2010
FLR-07282,RIDGE,5,1.1507799,0,,,1+1+3,,,R1,U,11,31-03-2015
FLR-07283,LAMP,5,0.3086916,1,N-029,538.6839,,4,0,,,,
FLR-07284,RIDGE,5,1.086072,0,,,1+1+3,,,R1,A,1,02/03/2015
FLR-07285,RIDGE,5,1.0353,0,,,5R3,,,R2,K,5,02/06/2012
FLR-07286,RIDGE,5,0.312,0,,,5R1,,,R1,D,2,06/02/2010
FLR-07287,LAMP,5,1.2414952,1,N-014,1058.234,,2,0,,,,
FLR-07288,RIDGE,5,0.4993084,0,,,5R2,,,R1,U,11,26/03/2015
FLR-07289,RIDGE,5,1.1657334,5759,,,1+1+3,,,R1,S,9,29-04-2014
FLR-07290,LAMP,5,1.4440084,1,N-042,118.4548,,2,0,,,,
FLR-07291,RIDGE,5,0.3266,5586,,,5R1,,,R1,A,1,02-03-2015
FLR-07292,LAMP,5,0.327325,1,N-024,7873.3979,,4,0,,,,
FLR-07293,RIDGE,4,0.3980313,0,,,4R1,,,R1,A,1,02/03/2015
FLR-07294,RIDGE,6,0.47,0,,,6i,,,R1,A,1,26/03/2010
FLR-07295,RIDGE,5,1.1811667,0,,,5R3,,,R2,ZZZ,13,12-04-2016
FLR-07296,LAMP,5,1.1274668,3,N-046,8962.9286,,2,0,,,,
FLR-07297,LAMP,5,1.0572295,2,N-003,16063.5542,,2,0,,,,
FLR-07298,RIDGE,5,1.3596298,0,,,1+1+3,,,R1,U,11,31-03-2015
FLR-07299,RIDGE,5,1.3120374,0,,,1+1+3,,,R1,J,4,12/05/2016
FLR-07300,LAMP,5,0.9558589,2,N-045,2504.6175,,2,0,,,,
FLR-07301,LAMP,8,0.3959322,1,N-034,10005.5777,,13,0,,,,
FLR-07302,RIDGE,4,1.0066215,0,,,4R2,,,R1,A,1,02/03/2015
FLR-07303,LAMP,5,0.3384333,1,N-001,593.3884,,2,0,,,,
FLR-07304,RIDGE,7,0.993,6059,,,7D1,,,R1,D,2,09/03/2010
FLR-07305,LAMP,5,0.9749583,1,N-002,14636.2519,,2,0,,,,
FLR-07306,RIDGE,4,0.398,0,,,1+32,,,R1,N,6,23/03/2009
FLR-07307,RIDGE,5,1.1304,5130,,,1+1+3,,,R1,F,3,01/02/2005
FLR-07308,RIDGE,5,1.9741,0,,,5-SMUDGE,,,R2,K,5,03/06/2012
FLR-07309,RIDGE,5,0.97785,5560,,,1+1+3,,,R1,F,3,31/03/2015
FLR-07310,RIDGE,5,0.337,5560,,,5R1,,,R1,F,3,07/02/2005
FLR-07311,LAMP,5,0.7325083,1,N-030,10234.8682,,2,0,,,,
FLR-07312,RIDGE,5,0.8345672,0,,,1+1+3,,,R1,U,11,26/03/2015
FLR-07313,RIDGE,4,1.131719,9999,,,4R2,,,R2,ZZZ,13,12-04-2016
FLR-07314,RIDGE,5,1.0244546,0,,,1+1+3,,,R1,A,1,02/03/2015
FLR-07315,LAMP,5,1.2884917,1,N-017,29175.0356,,2,0,,,,
FLR-07316,RIDGE,5,0.302,0,,,5R1,,,R1,V,12,03/02/2010
FLR-07317,LAMP,5,1.3496807,2,N-018,32988.6803,,2,0,,,,
FLR-07318,LAMP,5,1.2852436,2,N-033,18413.2826,,2,0,,,,
FLR-07319,LAMP,5,1.383034,3,N-033,18417.6935,,2,0,,,,
FLR-07320,LAMP,5,0.9504437,2,N-038,4340.7413,,2,0,,,,
FLR-07321,RIDGE,5,1.1443636,5586,,,1+1+3,,,R1,A,1,02-03-2015
FLR-07322,RIDGE,4,0.6035,0,,,4-SMUDGE,,,R1,F,3,04/03/2010
FLR-07323,RIDGE,5,0.7420902,0,,,1+1+3,,,R1,J,4,12/05/2016
FLR-07324,LAMP,5,1.2924,1,N-014,724.6055,,2,0,,,,
FLR-07325,RIDGE,5,1.0445,0,,,1+1+3,,,R1,F,3,04/03/2010
FLR-07326,LAMP,5,0.9000833,1,N-028,27427.101,,2,0,,,,
FLR-07327,RIDGE,5,1.1637,5560,,,1+1+3,,,R1,F,3,01/02/2005
FLR-07328,LAMP,5,0.9235981,2,N-005,864.9621,,2,0,,,,
FLR-07329,RIDGE,5,0.8381397,0,,,1+1+3,,,R1,U,11,26/03/2015
FLR-07330,RIDGE,8,1.333,0,,,8R,,,R1,V,12,03/02/2010
FLR-07331,RIDGE,5,1.3068,0,,,1+1+3,,,R1,J,4,06/02/2010
FLR-07332,RIDGE,5,1.3088,5560,,,1+1+3,,,R1,F,3,31/03/2015
FLR-07333,RIDGE,5,1.3609,0,,,5R3,,,R2,K,5,02/06/2012
FLR-07334,RIDGE,5,0.339,0,,,5R1,,,R1,R,8,08/04/2008
FLR-07335,LAMP,5,0.6266417,5,N-041,3642.676,,15,0,,,,
FLR-07336,RIDGE,5,0.8173,0,,,5-SMUDGE,,,R2,P,7,24/04/2008
FLR-07337,LAMP,21,0.7734917,2,N-003,17699.7838,,17,0,,,,
FLR-07338,RIDGE,5,0.3289,6058,,,5R1,,,R1,U,11,11/02/2010
FLR-07339,RIDGE,5,0.853,0,,,1+1+3,,,R1,N,6,02/04/2010
FLR-07340,LAMP,5,0.9603636,2,N-001,7138.684,,4,0,,,,
FLR-07341,RIDGE,5,0.6836,5987,,,1+1+3,,,R1,J,4,06/02/2010
FLR-07342,RIDGE,5,1.4759,0,,,5R3,,,R2,P,7,05/03/2011
FLR-07343,RIDGE,4,0.5144,5722,,,4D,,,R1,F,3,12/02/2010
FLR-07344,RIDGE,5,1.2799323,0,,,1+1+3,,,R1,F,3,31/03/2015
FLR-07345,RIDGE,5,0.9490994,0,,,1+1+3,,,R1,A,1,02/03/2015
FLR-07346,RIDGE,5,1.2511417,0,,,1+1+3,,,R1,J,4,10-04-2015
FLR-07347,RIDGE,8,1.309,0,,,8R,,,R1,N,6,02/04/2010
FLR-07348,LAMP,5,1.3131416,4,N-020,11000.3437,,2,0,,,,
FLR-07349,RIDGE,5,0.9316,0,,,1+1+3,,,R1,F,3,04/03/2010
FLR-07350,LAMP,7,1.2328333,2,N-003,16222.9574,,7,1,,,,
FLR-07351,RIDGE,5,0.872275,5586,,,1+1+3,,,R1,A,1,02-03-2015
FLR-07352,RIDGE,7,0.287,0,,,7i,,,R1,D,2,20/03/2008
FLR-07353,RIDGE,5,1.053,0,,,1+1+3,,,R1,T,10,15/04/2010
FLR-07354,LAMP,5,1.2707,3,N-006,8684.6875,,2,0,,,,
FLR-07355,RIDGE,5,1.125675,5151,,,1+1+3,,,R1,U,11,19-03-2015
FLR-07356,LAMP,5,0.3152833,1,N-003,22153.8902,,2,0,,,,
FLR-07357,RIDGE,5,1.055675,0,,,1+1+3,,,R1,U,11,31-03-2015
FLR-07358,RIDGE,8,0.3462333,5151,,,8i,,,R1,U,11,31-03-2015
FLR-07359,RIDGE,5,1.308325,5560,,,1+1+3,,,R1,F,3,31/03/2015
FLR-07360,RIDGE,5,1.1506,5560,,,1+1+3,,,R1,F,3,03/02/2005
FLR-07361,RIDGE,5,0.8260083,0,,,1+1+3,,,R1,A,1,02/03/2015
FLR-07362,RIDGE,5,0.9457,0,,,1+1+3,,,R1,F,3,04/03/2010
FLR-07363,LAMP,9,0.3642731,2,N-001,4463.1708,,11,0,,,,
FLR-07364,RIDGE,5,0.649,0,,,2+3,,,R1,V,12,16/01/2010
FLR-07365,RIDGE,5,1.0399,0,,,5R3,,,R2,K,5,03/06/2012
FLR-07366,RIDGE,4,0.671,0,,,4-SMUDGE,,,R1,V,12,03/02/2010
FLR-07367,RIDGE,5,0.8335,0,,,1+1+3,,,R1,J,4,06/02/2010
FLR-07368,LAMP,6,0.3707417,1,N-001,4353.3251,,16,1,,,,
FLR-07369,RIDGE,5,1.1165,5561,,,1+1+3,,,R1,F,3,02/02/2005
FLR-07370,RIDGE,5,1.3794,5979,,,1+1+3,,,R1,J,4,04/05/2008
FLR-07371,RIDGE,6,0.1532,5703,,,6i,,,R1,F,3,18/02/2005
FLR-07372,RIDGE,5,1.1511118,0,,,1+1+3,,,R1,A,1,02-03-2015
FLR-07373,RIDGE,7,1.2801,5722,,,7D1,,,R1,F,3,12/02/2010
FLR-07374,RIDGE,6,1.060625,5586,,,6-SMUDGE,,,R1,A,1,02-03-2015
FLR-07375,RIDGE,5,1.0076852,0,,,1+1+3,,,R1,A,1,02/03/2015
FLR-07376,LAMP,5,0.54569,2,N-017,29118.173,,4,0,,,,
FLR-07377,LAMP,5,0.299575,2,N-028,28092.6421,,4,0,,,,
FLR-07378,RIDGE,5,0.3525,5560,,,5R1,,,R1,F,3,24/02/2008
FLR-07379,RIDGE,5,1.26735,5151,,,1+1+3,,,R1,U,11,26/03/2015
FLR-07380,LAMP,8,0.3211417,2,N-003,17720.453,,13,0,,,,
FLR-07381,RIDGE,5,1.2464,5560,,,1+1+3,,,R1,F,3,01/02/2005
FLR-07382,RIDGE,7,0.3284,5720,,,7i,,,R1,A,1,16-04-2014
FLR-07383,LAMP,4,1.021625,1,N-017,29146.9392,,1,0,,,,
FLR-07384,RIDGE,5,0.346,0,,,5R1,,,R1,V,12,03/02/2010
FLR-07385,RIDGE,5,1.2615333,5560,,,1+1+3,,,R1,F,3,31/03/2015
FLR-07386,RIDGE,4,0.4589666,0,,,1+31,,,R1,A,1,02/03/2015
FLR-07387,RIDGE,5,1.162,0,,,5R3,,,R2,P,7,05/03/2011
FLR-07388,RIDGE,5,0.346,0,,,5R1,,,R1,D,2,04/04/2008
FLR-07389,LAMP,5,0.329272,2,N-040,57.7671,,2,0,,,,
FLR-07390,LAMP,6,1.1322833,1,N-002,13831.7344,,16,1,,,,
FLR-07391,RIDGE,5,1.31115,0,,,1+1+3,,,R1,A,1,02/03/2015
FLR-07392,RIDGE,5,0.331,0,,,5R1,,,R1,T,10,15/01/2005
FLR-07393,LAMP,5,1.3142083,2,N-038,3767.1383,,2,0,,,,
FLR-07394,LAMP,6,1.0057167,1,N-002,14531.9386,,16,0,,,,
FLR-07395,RIDGE,5,1.3316934,0,,,1+1+3,,,R1,A,1,02/03/2015
FLR-07396,LAMP,6,0.3422301,2,N-046,8916.1414,,10,0,,,,
FLR-07397,RIDGE,5,0.502,0,,,5R2,,,R1,R,8,19/04/2008
FLR-07398,RIDGE,4,0.8789113,0,,,4R2,,,R2,ZZZ,13,12-04-2016
FLR-07399,RIDGE,5,1.302,0,,,1+1+3,,,R1,N,6,23/03/2009
FLR-07400,LAMP,5,1.243475,2,N-003,17410.0493,,2,0,,,,
FLR-07401,RIDGE,6,0.2631533,0,,,6i,,,R1,S,9,01-04-2015
FLR-07402,LAMP,5,1.2003625,2,N-011,906.686,,2,0,,,,
FLR-07403,RIDGE,4,0.754,0,,,1+31,,,R1,A,1,17/03/2010
FLR-07404,RIDGE,4,0.387,0,,,1+32,,,R1,N,6,21/03/2010
FLR-07405,RIDGE,5,1.143,0,,,1+1+3,,,R1,V,12,26/01/2010
FLR-07406,RIDGE,5,1.0418,0,,,5R3,,,R2,P,7,05/03/2011
FLR-07407,LAMP,5,0.8718249,3,N-003,17777.0006,,2,0,,,,
FLR-07408,RIDGE,5,0.748,0,,,1+1+3,,,R1,D,2,27/03/2008
FLR-07409,RIDGE,5,0.249,0,,,5R1,,,R1,R,8,19/04/2008
FLR-07410,RIDGE,5,0.767,0,,,1+1+3,,,R1,A,1,20/01/2010
FLR-07411,LAMP,5,1.2634986,2,N-014,5134.0637,,2,0,,,,
FLR-07412,RIDGE,5,0.336,0,,,5R1,,,R1,T,10,10/03/2010
FLR-07413,RIDGE,5,0.3278,5759,,,5R1,,,R1,S,9,01-04-2015
FLR-07414,LAMP,5,1.2620331,2,N-030,9502.419,,2,0,,,,
FLR-07415,RIDGE,5,0.87825,5586,,,1+1+3,,,R1,A,1,02/03/2015
FLR-07416,LAMP,5,1.1286583,1,N-017,29133.8813,,2,0,,,,
FLR-07417,RIDGE,5,0.1717,0,,,5-SMUDGE,,,R1,F,3,04/03/2010
FLR-07418,LAMP,5,1.1689835,1,N-019,3865.9712,,2,0,,,,
FLR-07419,RIDGE,5,1.1716,5130,,,1+1+3,,,R1,F,3,02/02/2005
FLR-07420,RIDGE,5,1.8184,0,,,5-SMUDGE,,,R2,K,5,03/06/2012
FLR-07421,RIDGE,5,1.1972592,0,,,1+1+3,,,R1,U,11,26/03/2015
FLR-07422,RIDGE,5,0.305713,0,,,5R1,,,R1,J,4,12/05/2016
FLR-07423,RIDGE,5,0.39,0,,,5R1,,,R1,D,2,04/04/2008
FLR-07424,LAMP,5,0.7383083,1,N-031,176.4332,,2,0,,,,
FLR-07425,RIDGE,8,1.55,0,,,8D,,,R1,R,8,19/04/2008
FLR-07426,LAMP,5,0.7810254,3,N-003,15615.9451,,2,0,,,,
FLR-07427,RIDGE,5,0.765075,5979,,,1+1+3,,,R1,J,4,10-04-2015
FLR-07428,RIDGE,5,1.0442,0,,,1+1+3,,,R1,F,3,04/03/2010
FLR-07429,RIDGE,4,0.975,0,,,4R2,,,R1,A,1,26/03/2010
FLR-07430,RIDGE,4,0.9535955,0,,,4R2,,,R1,A,1,02-03-2015
FLR-07431,RIDGE,5,0.1571,0,,,5-SMUDGE,,,R1,F,3,04/03/2010
FLR-07432,LAMP,5,1.471675,1,N-039,21845.8991,,2,0,,,,
FLR-07433,LAMP,5,0.3170917,1,N-027,13134.764,,4,0,,,,
FLR-07434,RIDGE,5,0.3158416,0,,,5R1,,,R1,S,9,01-04-2015
FLR-07435,RIDGE,5,0.969,0,,,1+1+3,,,R1,R,8,19/04/2008
FLR-07436,RIDGE,5,0.7898834,5151,,,1+1+3,,,R1,U,11,26/03/2015
FLR-07437,RIDGE,5,0.3251334,0,,,5R1,,,R1,S,9,07-04-2015
FLR-07438,LAMP,7,1.5733833,1,N-044,26986.1903,,7,0,,,,
FLR-07439,LAMP,5,1.1290917,2,N-032,10040.4059,,2,0,,,,
FLR-07440,LAMP,5,1.2745833,1,N-005,932.2073,,2,0,,,,
FLR-07441,LAMP,5,1.0382136,2,N-003,17378.8956,,2,0,,,,
FLR-07442,RIDGE,5,1.3626674,0,,,1+1+3,,,R1,J,4,10-04-2015
FLR-07443,RIDGE,9,0.345,0,,,9i,,,R1,T,10,14/04/2010
FLR-07444,RIDGE,5,0.552,0,,,5R2,,,R1,N,6,02/04/2010
FLR-07445,LAMP,5,0.8775277,2,N-003,17359.5341,,2,0,,,,
FLR-07446,RIDGE,5,0.787725,5151,,,1+1+3,,,R1,U,11,19-03-2015
FLR-07447,RIDGE,5,1.1649,5151,,,1+1+3,,,R1,U,11,26/03/2015
FLR-07448,LAMP,5,0.3096709,2,N-031,154.5892,,4,0,,,,
FLR-07449,RIDGE,5,1.1832417,5586,,,1+1+3,,,R1,A,1,02-03-2015
FLR-07450,RIDGE,5,0.9922,5151,,,1+1+3,,,R1,U,11,19-03-2015
FLR-07451,LAMP,5,0.3226273,3,N-040,173.7837,,2,1,,,,
FLR-07452,RIDGE,5,1.2409,0,,,5R3,,,R2,K,5,03/06/2012
FLR-07453,RIDGE,5,0.84995,0,,,1+1+3,,,R1,A,1,02/03/2015
FLR-07454,RIDGE,5,1.6768,0,,,5-SMUDGE,,,R2,K,5,03/06/2012
FLR-07455,RIDGE,5,0.3349,0,,,5R1,,,R1,A,1,24-04-2016
FLR-07456,RIDGE,5,1.1923126,0,,,1+1+3,,,R1,U,11,26/03/2015
FLR-07457,RIDGE,5,0.857,5727,,,1+1+3,,,R1,F,3,23/01/2005
FLR-07458,RIDGE,5,1.19,0,,,1+1+3,,,R1,R,8,19/04/2008
FLR-07459,LAMP,5,1.1420083,1,N-003,17457.2593,,2,0,,,,
FLR-07460,RIDGE,5,0.3408,5560,,,5R1,,,R1,F,3,23/01/2010
FLR-07461,RIDGE,5,1.2137584,5560,,,1+1+3,,,R1,F,3,31/03/2015
FLR-07462,RIDGE,5,0.312,0,,,5R1,,,R1,V,12,03/02/2010
FLR-07463,LAMP,5,0.9735204,3,N-017,29095.785,,2,0,,,,
FLR-07464,RIDGE,5,0.3694,6035,,,5-SMUDGE,,,R1,U,11,11/02/2010
FLR-07465,RIDGE,4,0.5161,0,,,4D,,,R1,F,3,02/02/2010
FLR-07466,RIDGE,5,0.7384916,0,,,1+1+3,,,R1,S,9,29-04-2014
FLR-07467,RIDGE,5,0.3226834,5586,,,5R1,,,R1,A,1,02-03-2015
FLR-07468,RIDGE,4,0.557,0,,,4D,,,R1,R,8,19/04/2008
FLR-07469,LAMP,5,0.7783383,3,N-009,940.6321,,2,0,,,,
FLR-07470,RIDGE,8,0.3662416,5151,,,8i,,,R1,U,11,26/03/2015
FLR-07471,RIDGE,5,1.393,0,,,1+1+3,,,R1,D,2,20/03/2008
FLR-07472,LAMP,5,0.8488833,2,N-003,17345.0196,,2,0,,,,
FLR-07473,LAMP,5,0.8339,2,N-003,16227.1024,,2,0,,,,
FLR-07474,RIDGE,5,1.2669916,0,,,1+1+3,,,R1,S,9,29-04-2014
FLR-07475,RIDGE,8,1.2804,0,,,8R,,,R2,K,5,03/06/2012
FLR-07476,LAMP,5,0.3498417,1,N-001,4357.8601,,4,0,,,,
FLR-07477,RIDGE,5,0.7679,5981,,,1+1+3,,,R1,J,4,13/04/2010
FLR-07478,LAMP,5,1.42855,1,N-038,3539.2622,,2,0,,,,
FLR-07479,RIDGE,5,0.827,0,,,1+1+3,,,R1,R,8,19/04/2008
FLR-07480,LAMP,5,1.0086231,3,N-003,15804.8583,,2,0,,,,
FLR-07481,RIDGE,7,1.1054,5722,,,7D1,,,R1,F,3,02/02/2010
FLR-07482,LAMP,5,1.1657334,1,N-042,1035.3189,,2,0,,,,
FLR-07483,RIDGE,5,1.2620429,0,,,1+1+3,,,R1,F,3,31/03/2015
FLR-07484,RIDGE,5,0.4927833,5151,,,5R2,,,R1,U,11,31-03-2015
FLR-07485,LAMP,5,0.3141238,1,N-033,19066.3329,,2,0,,,,
FLR-07486,RIDGE,5,0.352,0,,,5R1,,,R1,T,10,15/04/2010
FLR-07487,RIDGE,5,0.828325,5586,,,1+1+3,,,R1,A,1,02/03/2015
FLR-07488,RIDGE,4,0.5139,5722,,,4D,,,R1,F,3,02/02/2010
FLR-07489,RIDGE,9,0.311,5126,,,9i,,,R1,V,12,26/01/2010
FLR-07490,RIDGE,6,0.1891,5703,,,6i,,,R1,F,3,23/01/2005
FLR-07491,RIDGE,5,0.346,0,,,5R1,,,R1,N,6,02/04/2010
FLR-07492,RIDGE,5,1.5589,5987,,,1+1+3,,,R1,J,4,12-05-2016
FLR-07493,RIDGE,7,1.5464328,0,,,7D2,,,R1,S,9,01-04-2015
FLR-07494,LAMP,4,1.0402583,2,N-003,18013.9373,,0,0,,,,
FLR-07495,RIDGE,5,0.989,5719,,,1+1+3,,,R1,A,1,05/02/2009
FLR-07496,LAMP,5,0.31865,1,N-042,2590.8673,,4,0,,,,
FLR-07497,LAMP,5,1.0168334,1,N-012,9566.5979,,2,0,,,,
FLR-07498,RIDGE,5,1.138,0,,,5R3,,,R1,A,1,04/03/2005
FLR-07499,RIDGE,5,1.127,0,,,1+1+3,,,R1,A,1,17/03/2010
FLR-07500,RIDGE,5,0.9917,0,,,5R3,,,R2,P,7,05/03/2011
FLR-07501,RIDGE,5,0.8032,5978,,,1+1+3,,,R1,J,4,03/05/2008
FLR-07502,RIDGE,5,1.5424785,0,,,1+1+3,,,R1,J,4,12/05/2016
FLR-07503,RIDGE,5,0.9932,0,,,1+1+3,,,R1,F,3,04/03/2010
FLR-07504,RIDGE,5,1.092,0,,,1+1+3,,,R1,T,10,15/04/2010
FLR-07505,LAMP,5,0.3241742,2,N-048,463.0126,,2,0,,,,
FLR-07506,RIDGE,5,0.313,0,,,5R1,,,R1,D,2,18/03/2010
FLR-07507,RIDGE,5,0.8705,0,,,1+1+3,,,R1,J,4,06/02/2010
FLR-07508,RIDGE,5,0.6824917,0,,,1+1+3,,,R1,U,11,26/03/2015
FLR-07509,RIDGE,3,0.399,0,,,3D,,,R1,N,6,23/03/2009
FLR-07510,LAMP,5,1.0542667,1,N-002,14757.9491,,2,0,,,,
FLR-07511,RIDGE,5,0.7706246,0,,,1+1+3,,,R1,A,1,02/03/2015
FLR-07512,LAMP,5,1.3695083,1,N-035,30832.5912,,2,0,,,,
FLR-07513,LAMP,5,1.3626674,3,N-033,18413.8019,,2,0,,,,
FLR-07514,RIDGE,5,0.3256583,5586,,,5R1,,,R1,A,1,02/03/2015
FLR-07515,LAMP,25,0.636425,2,N-003,17671.1521,,17,0,,,,
FLR-07516,LAMP,5,1.0386333,1,N-003,16110.2532,,2,0,,,,
FLR-07517,RIDGE,6,0.4089,6035,,,6i,,,R1,U,11,01/02/2010
FLR-07518,RIDGE,5,0.795,0,,,1+1+3,,,R1,N,6,03/04/2010
FLR-07519,RIDGE,8,1.2538079,0,,,8R,,,R1,U,11,31-03-2015
FLR-07520,RIDGE,5,1.0260756,0,,,1+1+3,,,R1,A,1,02/03/2015
FLR-07521,LAMP,5,1.1139807,3,N-022,27680.1353,,2,0,,,,
FLR-07522,RIDGE,5,0.333625,0,,,5R1,,,R1,S,9,07-04-2015
FLR-07523,RIDGE,4,0.4998,5722,,,4D,,,R1,F,3,27/02/2005
FLR-07524,LAMP,5,1.0786749,2,N-003,17387.5805,,2,0,,,,
FLR-07525,LAMP,5,1.4602833,1,N-042,113.9984,,2,0,,,,
FLR-07526,RIDGE,6,0.1831,5703,,,6i,,,R1,F,3,23/01/2005
FLR-07527,RIDGE,4,1.2829468,0,,,4R2,,,R1,A,1,02/03/2015
FLR-07528,RIDGE,5,0.7098,6035,,,1+1+3,,,R1,U,11,11/02/2010
FLR-07529,LAMP,4,0.8478031,2,N-002,14802.3158,,0,0,,,,
FLR-07530,RIDGE,5,1.3185502,5151,,,1+1+3,,,R1,U,11,19-03-2015
FLR-07531,LAMP,4,1.1164636,1,N-035,30920.9361,,0,0,,,,
FLR-07532,LAMP,8,1.7087776,3,N-018,33079.2311,,9,1,,,,
FLR-07533,RIDGE,6,1.0093334,0,,,6-SMUDGE,,,R1,A,1,02/03/2015
FLR-07534,RIDGE,5,0.4887664,0,,,5R2,,,R1,F,3,19/03/2015
FLR-07535,RIDGE,5,0.4597,5727,,,5R2,,,R1,F,3,04/03/2010
FLR-07536,RIDGE,5,1.3010083,5586,,,1+1+3,,,R1,A,1,02-03-2015
FLR-07537,RIDGE,5,1.0942586,0,,,1+1+3,,,R1,A,1,02/03/2015
FLR-07538,RIDGE,5,1.0012,5978,,,1+1+3,,,R1,J,4,31/01/2009
FLR-07539,RIDGE,5,0.829,0,,,1+1+3,,,R1,R,8,19/04/2008
FLR-07540,RIDGE,5,0.4956,5560,,,5R2,,,R1,F,3,03/02/2005
FLR-07541,RIDGE,8,0.3805,5560,,,8i,,,R1,F,3,07/02/2005
FLR-07542,RIDGE,9,0.4121,5979,,,9i,,,R1,J,4,03/05/2008
FLR-07543,LAMP,5,1.254775,1,N-012,9517.0761,,2,0,,,,
FLR-07544,RIDGE,5,0.7871,5727,,,1+1+3,,,R1,F,3,26/01/2005
FLR-07545,RIDGE,5,1.9548,0,,,5-SMUDGE,,,R2,K,5,03/06/2012
FLR-07546,LAMP,5,1.308525,3,N-022,27729.5267,,2,0,,,,
FLR-07547,RIDGE,5,1.1833703,0,,,1+1+3,,,R1,F,3,31/03/2015
FLR-07548,RIDGE,5,0.487982,0,,,5R2,,,R1,U,11,26/03/2015
FLR-07549,LAMP,5,0.7880108,2,N-003,15822.8888,,2,0,,,,
FLR-07550,RIDGE,5,0.8084,5978,,,1+1+3,,,R1,J,4,30/03/2010
FLR-07551,LAMP,5,0.3331461,1,N-022,28438.5507,,2,0,,,,
FLR-07552,RIDGE,5,0.4792331,0,,,5R2,,,R1,U,11,31-03-2015
FLR-07553,LAMP,5,0.5033833,1,N-012,9403.3751,,4,0,,,,
FLR-07554,RIDGE,4,1.3779594,0,,,4R2,,,R1,A,1,02-03-2015
FLR-07555,LAMP,5,1.2476267,1,N-001,7237.0338,,2,0,,,,
FLR-07556,LAMP,3,0.2908199,2,N-001,4357.729,,5,0,,,,
FLR-07557,LAMP,5,1.0174917,1,N-002,14454.2253,,2,0,,,,
FLR-07558,RIDGE,5,0.987,0,,,1+1+3,,,R1,R,8,19/04/2008
FLR-07559,RIDGE,7,1.2949,5722,,,7D1,,,R1,F,3,12/02/2010
FLR-07560,RIDGE,5,1.1474,5981,,,1+1+3,,,R1,J,4,15/02/2007
FLR-07561,RIDGE,5,0.329,0,,,5R1,,,R1,V,12,03/02/2010
FLR-07562,RIDGE,4,0.8894789,0,,,4R2,,,R1,A,1,16-04-2014
FLR-07563,RIDGE,5,0.6513,5561,,,5-SMUDGE,,,R1,F,3,03/02/2005
FLR-07564,RIDGE,5,1.243475,0,,,1+1+3,,,R1,A,1,02/03/2015
FLR-07565,RIDGE,5,1.056,0,,,1+1+3,,,R1,T,10,15/04/2010
FLR-07566,RIDGE,5,1.089,0,,,1+1+3,,,R1,R,8,19/04/2008
FLR-07567,RIDGE,5,1.3142083,0,,,1+1+3,,,R1,J,4,24-04-2014
FLR-07568,LAMP,20,1.1781318,2,N-011,1948.1913,,17,0,,,,
FLR-07569,RIDGE,5,0.327,0,,,5R1,,,R1,D,2,04/04/2008
FLR-07570,LAMP,5,1.1274584,1,N-004,24987.6635,,2,0,,,,
FLR-07571,LAMP,5,0.9001793,2,N-002,14405.8912,,2,0,,,,
FLR-07572,LAMP,5,1.011152,2,N-003,16115.0045,,2,0,,,,
FLR-07573,LAMP,11,0.2969,2,N-003,17698.426,,17,0,,,,
FLR-07574,RIDGE,5,0.331,0,,,5R1,,,R1,N,6,02/04/2010
FLR-07575,RIDGE,5,0.65,0,,,2+3,,,R1,V,12,26/01/2010
FLR-07576,RIDGE,5,1.2764916,5560,,,1+1+3,,,R1,F,3,31/03/2015
FLR-07577,LAMP,16,0.7542167,1,N-024,7476.6432,,17,1,,,,
FLR-07578,LAMP,5,1.2630665,3,N-019,3739.825,,2,0,,,,
FLR-07579,LAMP,5,0.4930333,1,N-021,19937.2607,,4,0,,,,
FLR-07580,RIDGE,5,1.2322,5978,,,1+1+3,,,R1,J,4,31/01/2009
FLR-07581,RIDGE,5,1.2397833,0,,,1+1+3,,,R1,U,11,26/03/2015
FLR-07582,LAMP,5,1.2840083,1,N-001,7233.1986,,2,0,,,,
FLR-07583,RIDGE,5,0.7449,5727,,,1+1+3,,,R1,F,3,26/01/2005
FLR-07584,RIDGE,5,1.1251,0,,,5R3,,,R2,P,7,24/04/2008
FLR-07585,RIDGE,5,2.0484481,0,,,5-SMUDGE,,,R2,ZZZ,13,12-04-2016
FLR-07586,LAMP,5,0.75086,2,N-003,17301.4083,,4,0,,,,
FLR-07587,RIDGE,5,0.8169206,0,,,1+1+3,,,R1,A,1,02/03/2015
FLR-07588,RIDGE,7,0.3127083,0,,,7i,,,R1,A,1,02-03-2015
FLR-07589,RIDGE,5,0.8604444,0,,,1+1+3,,,R1,A,1,02/03/2015
FLR-07590,LAMP,5,1.2557917,1,N-011,2157.37,,2,0,,,,
FLR-07591,RIDGE,5,0.926875,5586,,,1+1+3,,,R1,A,1,02/03/2015
FLR-07592,RIDGE,5,1.0387248,5719,,,1+1+3,,,R1,A,1,16-04-2014
FLR-07593,LAMP,5,1.2558844,3,N-003,17958.7901,,2,0,,,,
FLR-07594,LAMP,5,1.250525,3,N-020,11644.1905,,2,0,,,,
FLR-07595,LAMP,5,0.969225,2,N-003,15917.9997,,2,0,,,,
FLR-07596,RIDGE,5,1.0302692,0,,,1+1+3,,,R1,U,11,26/03/2015
FLR-07597,LAMP,5,0.8600301,2,N-002,14760.3358,,2,0,,,,
FLR-07598,RIDGE,5,0.3545,6035,,,5R1,,,R1,U,11,11/02/2010
FLR-07599,RIDGE,7,0.1596,5703,,,7i,,,R1,F,3,18/02/2005
FLR-07600,RIDGE,5,0.361,0,,,5R1,,,R1,R,8,19/04/2008
FLR-07601,RIDGE,5,1.4307,5981,,,1+1+3,,,R1,J,4,03/05/2008
FLR-07602,RIDGE,5,0.5086728,0,,,5R2,,,R1,A,1,02/03/2015
FLR-07603,RIDGE,5,1.2018667,5560,,,1+1+3,,,R1,F,3,31/03/2015
FLR-07604,RIDGE,5,1.2292307,0,,,1+1+3,,,R1,A,1,02/03/2015
FLR-07605,RIDGE,6,0.6588,0,,,6-SMUDGE,,,R1,F,3,04/03/2010
FLR-07606,RIDGE,5,0.315,0,,,5R1,,,R1,D,2,06/02/2010
FLR-07607,RIDGE,5,0.5985,0,,,5-SMUDGE,,,R1,F,3,04/03/2010
FLR-07608,LAMP,5,1.2680306,4,N-015,12397.0948,,2,0,,,,
FLR-07609,LAMP,5,0.4892767,2,N-017,29888.3696,,4,0,,,,
FLR-07610,LAMP,5,0.8933083,3,N-003,17888.552,,2,0,,,,
FLR-07611,LAMP,5,0.8471417,1,N-005,3246.6883,,2,0,,,,
FLR-07612,RIDGE,6,1.3485,5727,,,6-SMUDGE,,,R1,F,3,12/02/2010
FLR-07613,LAMP,6,1.3721511,2,N-002,14584.0793,,16,1,,,,
FLR-07614,RIDGE,5,1.1085834,5586,,,1+1+3,,,R1,A,1,02/03/2015
FLR-07615,LAMP,5,0.7099814,2,N-044,27717.2569,,2,0,,,,
FLR-07616,RIDGE,5,1.1089402,0,,,5R3,,,R2,ZZZ,13,12-04-2016
FLR-07617,LAMP,5,0.3535834,1,N-002,11219.686,,4,0,,,,
FLR-07618,RIDGE,7,0.589,0,,,7i,,,R1,A,1,25/02/2010
FLR-07619,RIDGE,5,1.2604601,0,,,1+1+3,,,R1,U,11,19-03-2015
FLR-07620,RIDGE,5,1.1458971,0,,,1+1+3,,,R1,J,4,10-04-2015
FLR-07621,RIDGE,6,1.1562423,0,,,6-SMUDGE,,,R1,U,11,26/03/2015
FLR-07622,LAMP,5,1.0134416,1,N-003,16732.7948,,2,0,,,,
FLR-07623,RIDGE,5,0.799728,0,,,1+1+3,,,R1,J,4,12/05/2016
FLR-07624,RIDGE,5,0.309,0,,,5R1,,,R1,D,2,20/03/2008
FLR-07625,LAMP,6,1.7105834,2,N-002,14488.4983,,16,1,,,,
FLR-07626,LAMP,7,1.0399917,2,N-003,16896.0012,,7,0,,,,
FLR-07627,RIDGE,5,0.7476,5561,,,1+1+3,,,R1,F,3,09/02/2009
FLR-07628,RIDGE,5,1.298575,0,,,1+1+3,,,R1,S,9,29-04-2014
FLR-07629,RIDGE,5,0.3152083,5726,,,5R1,,,R1,S,9,01-04-2015
FLR-07630,RIDGE,5,0.3938,5586,,,5R1,,,R1,A,1,02/03/2015
FLR-07631,LAMP,5,0.9585084,1,N-003,15531.6034,,2,0,,,,
FLR-07632,LAMP,5,0.9368239,2,N-003,16169.4754,,2,0,,,,
FLR-07633,LAMP,5,0.8037417,1,N-003,18059.6621,,2,0,,,,
FLR-07634,RIDGE,4,0.8955485,0,,,4R2,,,R1,A,1,02-03-2015
FLR-07635,LAMP,5,0.3096818,2,N-048,361.5662,,2,0,,,,
FLR-07636,LAMP,5,1.3007936,3,N-003,17951.3709,,2,0,,,,
FLR-07637,RIDGE,4,0.8389211,0,,,4R2,,,R1,A,1,02/03/2015
FLR-07638,LAMP,4,1.3779594,2,N-002,13953.512,,0,0,,,,
FLR-07639,LAMP,5,1.1559333,1,N-003,17461.2438,,2,0,,,,
FLR-07640,RIDGE,9,0.334,0,,,9i,,,R1,N,6,02/04/2010
FLR-07641,RIDGE,5,0.567,5987,,,5R2,,,R1,J,4,06/02/2010
FLR-07642,LAMP,5,1.2890328,4,N-015,12400.9479,,2,0,,,,
FLR-07643,LAMP,5,1.2018667,1,N-014,1154.1913,,2,0,,,,
FLR-07644,RIDGE,5,1.2174417,0,,,1+1+3,,,R1,A,1,16-04-2014
FLR-07645,RIDGE,7,0.279,0,,,7i,,,R1,V,12,22/01/2010
FLR-07646,RIDGE,5,1.2219667,5151,,,1+1+3,,,R1,U,11,26/03/2015
FLR-07647,RIDGE,5,0.7324,0,,,1+1+3,,,R1,F,3,04/03/2010
FLR-07648,RIDGE,6,1.5287,0,,,6-SMUDGE,,,R1,F,3,04/03/2010
FLR-07649,RIDGE,5,1.0366667,5586,,,1+1+3,,,R1,A,1,02/03/2015
FLR-07650,RIDGE,5,0.3543334,0,,,5R1,,,R1,A,1,02/03/2015
FLR-07651,RIDGE,5,1.2997833,0,,,1+1+3,,,R1,J,4,24-04-2014
FLR-07652,RIDGE,5,1.2426742,0,,,1+1+3,,,R1,U,11,31-03-2015
FLR-07653,LAMP,5,0.3077167,1,N-038,4458.4184,,2,0,,,,
FLR-07654,LAMP,5,1.1454714,3,N-012,9531.8026,,2,0,,,,
FLR-07655,RIDGE,5,1.136282,0,,,1+1+3,,,R1,A,1,02/03/2015
FLR-07656,RIDGE,5,0.7695,5978,,,1+1+3,,,R1,J,4,31/01/2009
FLR-07657,RIDGE,6,1.5936,0,,,6R,,,R2,P,7,24/04/2008
FLR-07658,LAMP,5,0.8768083,1,N-001,273.6876,,2,0,,,,
FLR-07659,RIDGE,5,0.3262783,0,,,5R1,,,R1,S,9,01-04-2015
FLR-07660,RIDGE,5,1.2964729,0,,,1+1+3,,,R1,A,1,02/03/2015
FLR-07661,RIDGE,7,0.5182,0,,,7i,,,R2,K,5,03/06/2012
FLR-07662,RIDGE,5,0.8344,0,,,1+1+3,,,R1,J,4,04/05/2008
FLR-07663,LAMP,5,1.1704544,2,N-003,16060.8824,,2,0,,,,
FLR-07664,LAMP,5,1.2985834,3,N-042,1727.531,,2,0,,,,
FLR-07665,RIDGE,4,0.5191,5722,,,4D,,,R1,F,3,11/02/2010
FLR-07666,RIDGE,5,1.3654644,0,,,1+1+3,,,R1,U,11,26/03/2015
FLR-07667,LAMP,5,1.1571714,2,N-022,27734.0802,,2,0,,,,
FLR-07668,RIDGE,5,0.374,0,,,5R1,,,R1,D,2,01/04/2010
FLR-07669,RIDGE,5,1.3384833,0,,,1+1+3,,,R1,S,9,29-04-2014
FLR-07670,RIDGE,5,0.323,5126,,,5R1,,,R1,V,12,26/01/2010
FLR-07671,LAMP,6,1.3853416,1,N-006,8841.2169,,16,0,,,,
FLR-07672,LAMP,4,0.9199125,2,N-003,17188.4427,,0,0,,,,
FLR-07673,RIDGE,5,1.2628333,0,,,5R3,,,R2,ZZZ,13,12-04-2016
FLR-07674,RIDGE,5,0.5359333,6052,,,5R2,,,R1,S,9,29-04-2014
FLR-07675,RIDGE,5,0.312,0,,,5R1,,,R1,D,2,18/03/2010
FLR-07676,RIDGE,5,0.336,0,,,5R1,,,R1,R,8,19/04/2008
FLR-07677,RIDGE,5,1.2820022,0,,,1+1+3,,,R1,F,3,31/03/2015
FLR-07678,RIDGE,5,1.2688504,5151,,,1+1+3,,,R1,U,11,26/03/2015
FLR-07679,LAMP,5,1.2552083,2,N-041,2948.2655,,2,0,,,,
FLR-07680,LAMP,5,1.1416667,1,N-002,14428.2709,,2,0,,,,
FLR-07681,LAMP,4,0.5310192,2,N-002,14770.1029,,0,0,,,,
FLR-07682,RIDGE,5,0.846,5719,,,1+1+3,,,R1,A,1,05/02/2009
FLR-07683,RIDGE,5,0.7093,5560,,,1+1+3,,,R1,F,3,17/02/2005
FLR-07684,RIDGE,5,0.6449959,0,,,2+3,,,R1,U,11,26/03/2015
FLR-07685,LAMP,5,0.7599333,1,N-032,10081.6343,,2,0,,,,
FLR-07686,LAMP,5,0.2848839,3,N-003,18840.1692,,2,0,,,,
FLR-07687,RIDGE,5,1.1831,5560,,,1+1+3,,,R1,F,3,12/02/2010
FLR-07688,LAMP,5,1.2085464,2,N-022,27697.2705,,2,0,,,,
FLR-07689,RIDGE,7,0.304,0,,,7i,,,R1,R,8,10/04/2008
FLR-07690,RIDGE,5,0.35,0,,,5R1,,,R1,V,12,03/02/2010
FLR-07691,RIDGE,5,1.2307185,0,,,1+1+3,,,R1,U,11,19-03-2015
FLR-07692,RIDGE,6,0.685,0,,,6-SMUDGE,,,R1,A,1,20/01/2010
FLR-07693,RIDGE,5,1.153951,0,,,1+1+3,,,R1,U,11,26/03/2015
FLR-07694,RIDGE,3,0.17,0,,,3R,,,R1,R,8,08/04/2008
FLR-07695,RIDGE,5,1.1536815,0,,,1+1+3,,,R1,A,1,02/03/2015
FLR-07696,RIDGE,5,1.2700012,0,,,1+1+3,,,R1,F,3,31/03/2015
FLR-07697,RIDGE,5,1.254691,0,,,1+1+3,,,R1,U,11,31-03-2015
FLR-07698,RIDGE,5,1.250275,5560,,,1+1+3,,,R1,F,3,31/03/2015
FLR-07699,RIDGE,5,0.329,0,,,5R1,,,R1,T,10,21/01/2010
FLR-07700,RIDGE,5,0.308,0,,,5R1,,,R1,T,10,15/04/2010
FLR-07701,RIDGE,5,1.1081,5727,,,1+1+3,,,R1,F,3,04/03/2010
FLR-07702,LAMP,5,0.4587241,2,N-014,5878.7008,,4,0,,,,
FLR-07703,RIDGE,5,0.4685075,0,,,5R2,,,R1,F,3,31/03/2015
FLR-07704,LAMP,5,1.3678333,1,N-041,2970.9379,,2,0,,,,
FLR-07705,RIDGE,5,0.313,0,,,5R1,,,R1,D,2,06/02/2010
FLR-07706,RIDGE,5,1.1704083,0,,,1+1+3,,,R1,U,11,31-03-2015
FLR-07707,RIDGE,5,0.33,5125,,,5R1,,,R1,V,12,03/02/2010
FLR-07708,RIDGE,5,0.7038,0,,,1+1+3,,,R2,P,7,25/04/2008
FLR-07709,LAMP,5,0.3341,1,N-044,27738.2802,,2,0,,,,
FLR-07710,RIDGE,5,0.3541071,0,,,5R1,,,R1,U,11,31-03-2015
FLR-07711,RIDGE,9,0.427,0,,,9i,,,R1,T,10,04/02/2010
FLR-07712,LAMP,18,0.9092167,2,N-005,3258.6113,,17,0,,,,
FLR-07713,LAMP,5,1.2796672,2,N-014,5138.6318,,2,0,,,,
FLR-07714,LAMP,5,1.1634917,1,N-003,16823.8342,,2,0,,,,
FLR-07715,RIDGE,4,0.5346,5722,,,4D,,,R1,F,3,23/02/2008
FLR-07716,RIDGE,5,0.675,0,,,2+3,,,R1,T,10,06/03/2010
FLR-07717,LAMP,4,0.8035371,2,N-002,14795.4618,,0,0,,,,
FLR-07718,LAMP,4,1.2809806,3,N-036,27073.2278,,0,0,,,,
FLR-07719,RIDGE,4,0.7258,5978,,,1+31,,,R1,J,4,30/03/2010
FLR-07720,RIDGE,4,1.1890122,0,,,4R2,,,R1,A,1,02-03-2015
FLR-07721,RIDGE,5,0.3462,5560,,,5R1,,,R1,F,3,24/02/2008
FLR-07722,RIDGE,5,1.2023,0,,,5R3,,,R2,K,5,03/06/2012
FLR-07723,LAMP,5,1.2596183,2,N-033,18445.6527,,2,0,,,,
FLR-07724,RIDGE,5,0.948,0,,,1+1+3,,,R1,V,12,03/02/2010
FLR-07725,RIDGE,5,1.121675,5151,,,1+1+3,,,R1,U,11,26/03/2015
FLR-07726,RIDGE,5,1.2605083,5151,,,1+1+3,,,R1,U,11,26/03/2015
FLR-07727,LAMP,5,0.3271528,3,N-023,32256.619,,4,0,,,,
FLR-07728,RIDGE,8,0.3738416,5151,,,8i,,,R1,U,11,19-03-2015
FLR-07729,RIDGE,5,0.2994296,5979,,,5R1,,,R1,J,4,10-04-2015
FLR-07730,RIDGE,8,0.3954,5560,,,8i,,,R1,F,3,07/02/2005
FLR-07731,RIDGE,5,0.408,0,,,5-SMUDGE,,,R1,R,8,08/04/2008
FLR-07732,RIDGE,5,1.0139,0,,,5R3,,,R2,K,5,03/06/2012
FLR-07733,RIDGE,5,1.1455,0,,,5-SMUDGE,,,R1,J,4,06/02/2010
FLR-07734,RIDGE,5,1.1216922,0,,,1+1+3,,,R1,U,11,19-03-2015
FLR-07735,LAMP,5,1.3621129,2,N-042,2014.2212,,2,0,,,,
FLR-07736,RIDGE,5,0.9665,0,,,1+1+3,,,R1,J,4,06/02/2010
FLR-07737,LAMP,5,0.8260083,2,N-003,15998.3594,,2,0,,,,
FLR-07738,LAMP,5,0.7120333,1,N-029,548.4849,,4,0,,,,
FLR-07739,RIDGE,5,0.3343,5759,,,5R1,,,R1,S,9,01-04-2015
FLR-07740,LAMP,5,0.3266667,1,N-029,499.1327,,2,0,,,,
FLR-07741,RIDGE,3,0.1211066,0,,,3R,,,R1,A,1,02-03-2015
FLR-07742,RIDGE,5,0.3335834,5759,,,5R1,,,R1,S,9,29-04-2014
FLR-07743,RIDGE,3,0.6485558,0,,,3-SMUDGE,,,R2,ZZZ,13,12-04-2016
FLR-07744,RIDGE,5,1.3114,0,,,5R3,,,R2,P,7,24/04/2008
FLR-07745,LAMP,5,1.0154607,1,N-001,7195.9616,,2,0,,,,
FLR-07746,RIDGE,4,0.909,0,,,4R2,,,R1,A,1,26/03/2010
FLR-07747,LAMP,5,0.9890667,1,N-002,14439.324,,2,0,,,,
FLR-07748,RIDGE,5,1.225,0,,,1+1+3,,,R1,R,8,19/04/2008
FLR-07749,LAMP,5,1.055675,2,N-019,3301.837,,2,0,,,,
FLR-07750,LAMP,5,0.7940216,2,N-003,15864.3593,,2,0,,,,
FLR-07751,RIDGE,5,0.857,0,,,1+1+3,,,R1,R,8,19/04/2008
FLR-07752,RIDGE,5,1.24165,9999,,,5R3,,,R2,ZZZ,13,12-04-2016
FLR-07753,LAMP,4,1.020525,2,N-001,174.7044,,0,0,,,,
FLR-07754,RIDGE,5,1.3830211,5987,,,5-SMUDGE,,,R1,J,4,24-04-2014
FLR-07755,RIDGE,5,0.6339583,0,,,2+3,,,R1,S,9,29-04-2014
FLR-07756,RIDGE,9,0.3394,6058,,,9i,,,R1,U,11,01/02/2010
FLR-07757,RIDGE,5,0.3055526,0,,,5-SMUDGE,,,R1,S,9,07-04-2015
FLR-07758,RIDGE,4,0.8600083,0,,,4R2,,,R2,ZZZ,13,12-04-2016
FLR-07759,LAMP,7,1.4303357,2,N-028,27454.1738,,7,0,,,,
FLR-07760,LAMP,5,0.88195,2,N-003,17583.8344,,2,0,,,,
FLR-07761,RIDGE,7,0.1592,5703,,,7i,,,R1,F,3,18/02/2005
FLR-07762,RIDGE,5,0.7783,5978,,,1+1+3,,,R1,J,4,31/01/2009
FLR-07763,RIDGE,5,0.6798,0,,,2+3,,,R1,F,3,23/01/2005
FLR-07764,LAMP,5,0.7604523,4,N-003,15601.2794,,2,0,,,,
FLR-07765,RIDGE,5,0.7848583,5151,,,1+1+3,,,R1,U,11,26/03/2015
FLR-07766,RIDGE,5,0.773,0,,,1+1+3,,,R1,F,3,04/03/2010
FLR-07767,RIDGE,5,0.663,6070,,,1+1+3,,,R1,F,3,19/03/2015
FLR-07768,RIDGE,5,0.343,0,,,5R1,,,R1,N,6,23/03/2009
FLR-07769,RIDGE,5,1.1946962,0,,,1+1+3,,,R1,A,1,02/03/2015
FLR-07770,LAMP,5,0.8544901,1,N-003,15652.4962,,2,0,,,,
FLR-07771,RIDGE,5,1.3105084,0,,,1+1+3,,,R1,U,11,31-03-2015
FLR-07772,LAMP,5,0.3229667,2,N-026,5877.0601,,2,0,,,,
FLR-07773,RIDGE,5,0.314,5126,,,5R1,,,R1,V,12,26/01/2010
FLR-07774,RIDGE,5,1.19,0,,,1+1+3,,,R1,R,8,19/04/2008
FLR-07775,RIDGE,5,0.951,0,,,1+1+3,,,R1,J,4,27/03/2008
FLR-07776,LAMP,9,1.7874624,3,N-003,17999.0381,,6,0,,,,
FLR-07777,LAMP,5,1.2685211,2,N-003,16745.512,,2,0,,,,
FLR-07778,LAMP,10,0.4789167,2,N-023,32178.0997,,14,0,,,,
FLR-07779,LAMP,5,0.3263318,1,N-044,27734.2799,,2,0,,,,
FLR-07780,RIDGE,5,0.8246416,0,,,1+1+3,,,R1,A,1,02/03/2015
FLR-07781,RIDGE,4,0.7333132,0,,,4R2,,,R1,A,1,02/03/2015
FLR-07782,RIDGE,5,0.493125,0,,,5R2,,,R1,F,3,31/03/2015
FLR-07783,RIDGE,5,0.813,0,,,1+1+3,,,R1,R,8,19/04/2008
FLR-07784,LAMP,5,1.4376667,4,N-006,8754.9487,,2,0,,,,
FLR-07785,RIDGE,5,0.8040417,5151,,,1+1+3,,,R1,U,11,26/03/2015
FLR-07786,RIDGE,8,1.2367,5727,,,8R,,,R1,F,3,04/03/2010
FLR-07787,RIDGE,5,1.3706,0,,,5R3,,,R2,P,7,25/04/2008
FLR-07788,LAMP,8,0.3404583,2,N-031,96.7162,,13,0,,,,
FLR-07789,RIDGE,5,1.3209167,0,,,1+1+3,,,R1,F,3,31/03/2015
FLR-07790,RIDGE,5,0.36,0,,,5R1,,,R1,D,2,01/04/2010
FLR-07791,LAMP,5,1.0214035,2,N-003,15614.2749,,2,0,,,,
FLR-07792,RIDGE,5,1.04845,5586,,,1+1+3,,,R1,A,1,02/03/2015
FLR-07793,LAMP,5,0.330243,2,N-025,15188.1782,,4,0,,,,
FLR-07794,RIDGE,4,0.8056846,0,,,4R2,,,R1,A,1,02/03/2015
FLR-07795,LAMP,5,0.8978459,2,N-002,14439.4043,,2,0,,,,
FLR-07796,RIDGE,4,0.7915061,0,,,4R2,,,R1,A,1,02/03/2015
FLR-07797,LAMP,5,1.0294666,2,N-032,10042.7386,,2,0,,,,
FLR-07798,LAMP,5,1.0788583,1,N-003,17313.744,,2,0,,,,
FLR-07799,RIDGE,4,1.2918833,0,,,4R2,,,R1,A,1,02-03-2015
FLR-07800,RIDGE,7,1.407,0,,,7D2,,,R1,V,12,03/02/2010
FLR-07801,RIDGE,5,0.2593,0,,,5R1,,,R1,F,3,04/03/2010
FLR-07802,RIDGE,5,0.7299,5981,,,1+1+3,,,R1,J,4,03/05/2008
FLR-07803,LAMP,5,1.4526882,2,N-005,738.4465,,2,0,,,,
FLR-07804,LAMP,4,1.1520972,2,N-003,17948.1117,,0,0,,,,
FLR-07805,RIDGE,5,0.335,0,,,5R1,,,R1,R,8,19/04/2008
FLR-07806,RIDGE,5,1.0827715,0,,,1+1+3,,,R1,U,11,26/03/2015
FLR-07807,RIDGE,5,1.0084,0,,,5R3,,,R2,K,5,03/06/2012
FLR-07808,LAMP,5,1.1459722,2,N-022,27675.7254,,2,0,,,,
FLR-07809,RIDGE,5,1.3044,5979,,,1+1+3,,,R1,J,4,04/05/2008
FLR-07810,RIDGE,4,0.407,0,,,1+32,,,R1,N,6,02/04/2010
FLR-07811,RIDGE,5,0.806575,5586,,,1+1+3,,,R1,A,1,02/03/2015
FLR-07812,LAMP,5,1.0157916,2,N-022,27655.2677,,2,0,,,,
FLR-07813,RIDGE,5,0.5115,5727,,,5R2,,,R1,F,3,12/02/2010
FLR-07814,RIDGE,6,0.93635,0,,,6-SMUDGE,,,R1,A,1,02/03/2015
FLR-07815,RIDGE,5,1.2119434,0,,,1+1+3,,,R1,J,4,12/05/2016
FLR-07816,RIDGE,5,1.1743,5130,,,1+1+3,,,R1,F,3,02/02/2005
FLR-07817,RIDGE,5,0.333,0,,,5R1,,,R1,T,10,26/01/2010
FLR-07818,LAMP,5,0.8801833,1,N-001,3990.6406,,2,0,,,,
FLR-07819,RIDGE,5,0.8177277,0,,,1+1+3,,,R1,A,1,02/03/2015
FLR-07820,RIDGE,7,1.1825,5722,,,7D1,,,R1,F,3,12/02/2010
FLR-07821,RIDGE,5,1.0443597,0,,,1+1+3,,,R1,A,1,02-03-2015
FLR-07822,RIDGE,5,1.125,0,,,1+1+3,,,R1,D,2,01/04/2010
FLR-07823,RIDGE,9,0.333,0,,,9i,,,R1,V,12,03/02/2010
FLR-07824,RIDGE,5,1.072,0,,,1+1+3,,,R1,A,1,17/03/2010
FLR-07825,RIDGE,6,0.7859381,0,,,6-SMUDGE,,,R1,A,1,02-03-2015
FLR-07826,RIDGE,5,1.0339047,0,,,1+1+3,,,R1,A,1,02/03/2015
FLR-07827,RIDGE,5,0.321,0,,,5R1,,,R1,T,10,15/04/2010
FLR-07828,LAMP,5,0.9017583,1,N-028,27423.7102,,2,0,,,,
FLR-07829,LAMP,8,0.3373943,2,N-001,4438.7236,,13,1,,,,
FLR-07830,LAMP,5,0.3146083,2,N-028,28233.0546,,4,0,,,,
FLR-07831,RIDGE,5,1.2425167,5586,,,1+1+3,,,R1,A,1,02-03-2015
FLR-07832,LAMP,5,0.3097584,1,N-024,7886.1552,,2,0,,,,
FLR-07833,RIDGE,5,0.8978459,0,,,1+1+3,,,R1,A,1,02/03/2015
FLR-07834,LAMP,6,1.1025386,1,N-004,24979.5153,,10,0,,,,
FLR-07835,LAMP,5,0.7146136,2,N-001,7168.6108,,4,0,,,,
FLR-07836,LAMP,5,1.1694334,4,N-011,1209.0961,,2,0,,,,
FLR-07837,RIDGE,5,1.1978347,0,,,1+1+3,,,R1,F,3,31/03/2015
FLR-07838,RIDGE,5,1.0628,0,,,5R3,,,R2,K,5,03/06/2012
FLR-07839,LAMP,5,1.2036509,2,N-005,947.1659,,2,0,,,,
FLR-07840,LAMP,5,1.3529167,3,N-014,5179.4842,,2,0,,,,
FLR-07841,RIDGE,7,1.0580667,0,,,7D1,,,R1,A,1,02/03/2015
FLR-07842,LAMP,5,1.2513012,2,N-014,725.8553,,2,0,,,,
FLR-07843,RIDGE,4,0.396,0,,,1+32,,,R1,N,6,02/04/2010
FLR-07844,RIDGE,5,1.2614,5981,,,1+1+3,,,R1,J,4,31/01/2009
FLR-07845,RIDGE,5,0.8290101,0,,,1+1+3,,,R1,J,4,12/05/2016
FLR-07846,RIDGE,5,1.0194829,5586,,,1+1+3,,,R1,A,1,02/03/2015
FLR-07847,LAMP,19,1.1162,2,N-017,29095.9833,,17,0,,,,
FLR-07848,LAMP,15,0.3890167,2,N-003,17713.2389,,17,0,,,,
FLR-07849,RIDGE,8,0.396,0,,,8i,,,R1,D,2,27/03/2008
FLR-07850,RIDGE,5,0.291,0,,,5R1,,,R1,D,2,06/02/2010
FLR-07851,RIDGE,4,0.4689,5722,,,4D,,,R1,F,3,11/02/2010
FLR-07852,RIDGE,5,0.9178718,0,,,1+1+3,,,R1,U,11,19-03-2015
FLR-07853,RIDGE,5,1.0902,0,,,5R3,,,R2,K,5,03/06/2012
FLR-07854,LAMP,4,0.8396361,3,N-003,15660.3172,,0,0,,,,
FLR-07855,LAMP,5,1.2128622,2,N-013,20767.8138,,2,0,,,,
FLR-07856,LAMP,5,0.361125,1,N-001,4380.1566,,2,0,,,,
FLR-07857,RIDGE,5,1.1571714,0,,,1+1+3,,,R1,U,11,31-03-2015
FLR-07858,LAMP,8,1.1769833,2,N-003,16900.5951,,9,0,,,,
FLR-07859,LAMP,5,0.7530659,3,N-003,15620.4445,,2,0,,,,
FLR-07860,RIDGE,5,1.3368834,5151,,,1+1+3,,,R1,U,11,26/03/2015
FLR-07861,RIDGE,6,1.0268,5722,,,6-SMUDGE,,,R1,F,3,12/02/2010
FLR-07862,LAMP,4,0.753879,2,N-002,14788.1255,,0,0,,,,
FLR-07863,LAMP,12,0.9206205,1,N-008,13222.8514,,17,0,,,,
FLR-07864,RIDGE,5,1.0536,0,,,5R3,,,R2,P,7,24/04/2008
FLR-07865,RIDGE,5,1.4864379,0,,,1+1+3,,,R1,U,11,19-03-2015
FLR-07866,RIDGE,5,1.5919667,5987,,,1+1+3,,,R1,J,4,12-05-2016
FLR-07867,RIDGE,5,0.967975,0,,,5-SMUDGE,,,R1,A,1,02/03/2015
FLR-07868,RIDGE,5,1.0174917,5586,,,1+1+3,,,R1,A,1,02/03/2015
FLR-07869,LAMP,5,1.1934521,8,N-005,3330.985,,2,0,,,,
FLR-07870,RIDGE,5,1.2745849,0,,,1+1+3,,,R1,U,11,31-03-2015
FLR-07871,LAMP,5,1.1646666,2,N-003,16041.4264,,2,0,,,,
FLR-07872,RIDGE,5,0.319,0,,,5R1,,,R1,D,2,20/03/2008
FLR-07873,RIDGE,5,1.0793,0,,,5R3,,,R2,K,5,03/06/2012
FLR-07874,RIDGE,4,0.398,0,,,1+32,,,R1,N,6,02/04/2010
FLR-07875,RIDGE,5,0.9694666,0,,,1+1+3,,,R1,A,1,02/03/2015
FLR-07876,RIDGE,5,0.3270657,5560,,,5R1,,,R1,F,3,31/03/2015
FLR-07877,LAMP,5,0.7244977,2,N-028,28123.1303,,2,0,,,,
FLR-07878,LAMP,5,0.823021,2,N-003,15829.7653,,2,0,,,,
FLR-07879,RIDGE,5,1.13,0,,,5R3,,,R1,A,1,04/03/2005
FLR-07880,LAMP,5,1.2693,2,N-041,2923.7988,,2,0,,,,
FLR-07881,RIDGE,5,0.8794833,0,,,1+1+3,,,R1,A,1,02/03/2015
FLR-07882,RIDGE,5,0.9865,5979,,,1+1+3,,,R1,J,4,31/01/2009
FLR-07883,RIDGE,5,0.924,0,,,1+1+3,,,R1,R,8,19/04/2008
FLR-07884,RIDGE,5,1.1578423,0,,,1+1+3,,,R1,U,11,26/03/2015
FLR-07885,RIDGE,6,0.935,0,,,6-SMUDGE,,,R1,R,8,19/04/2008
FLR-07886,RIDGE,5,1.198625,9999,,,5R3,,,R2,ZZZ,13,12-04-2016
FLR-07887,RIDGE,5,1.3647333,0,,,1+1+3,,,R1,U,11,19-03-2015
FLR-07888,LAMP,5,0.9810579,3,N-003,17369.0678,,2,0,,,,
FLR-07889,RIDGE,7,0.34,0,,,7i,,,R1,V,12,03/02/2010
FLR-07890,RIDGE,8,0.359,0,,,8i,,,R1,T,10,12/03/2010
FLR-07891,RIDGE,5,1.088,0,,,5R3,,,R2,K,5,03/06/2012
FLR-07892,LAMP,7,1.5930834,1,N-002,13981.7474,,7,0,,,,
FLR-07893,RIDGE,5,0.8662,0,,,1+1+3,,,R1,J,4,06/02/2010
FLR-07894,RIDGE,5,1.15851,0,,,1+1+3,,,R1,A,1,02/03/2015
FLR-07895,LAMP,5,0.3122625,2,N-026,5890.0313,,2,0,,,,
FLR-07896,RIDGE,5,0.7706,5978,,,1+1+3,,,R1,J,4,30/03/2010
FLR-07897,RIDGE,5,1.2021,5978,,,1+1+3,,,R1,J,4,31/01/2009
FLR-07898,LAMP,5,0.2882167,1,N-010,21254.2656,,2,0,,,,
FLR-07899,RIDGE,5,1.3031714,0,,,1+1+3,,,R1,A,1,02/03/2015
FLR-07900,RIDGE,5,1.2330978,5560,,,1+1+3,,,R1,F,3,31/03/2015
FLR-07901,RIDGE,5,1.3000166,5560,,,1+1+3,,,R1,F,3,31/03/2015
FLR-07902,LAMP,4,0.8482559,2,N-036,27036.2287,,0,0,,,,
FLR-07903,RIDGE,5,1.3292,0,,,5R3,,,R2,P,7,24/04/2008
FLR-07904,RIDGE,5,1.1673,5560,,,1+1+3,,,R1,F,3,01/02/2005
FLR-07905,LAMP,5,1.2020356,3,N-011,1226.7366,,2,0,,,,
FLR-07906,RIDGE,4,1.020525,0,,,4R2,,,R1,A,1,02-03-2015
FLR-07907,RIDGE,5,1.3695667,5987,,,1+1+3,,,R1,J,4,24-04-2014
FLR-07908,RIDGE,5,0.6531,0,,,2+3,,,R1,F,3,23/01/2005
FLR-07909,RIDGE,4,0.338,0,,,4R1,,,R1,D,2,01/04/2010
FLR-07910,RIDGE,6,1.4367417,0,,,6-SMUDGE,,,R1,F,3,31/03/2015
FLR-07911,LAMP,5,1.2901417,1,N-006,8727.8479,,2,0,,,,
FLR-07912,LAMP,5,1.2151192,2,N-003,17448.1853,,2,0,,,,
FLR-07913,RIDGE,5,1.2901833,0,,,1+1+3,,,R1,F,3,31/03/2015
FLR-07914,RIDGE,5,1.078,0,,,1+1+3,,,R1,A,1,20/01/2010
FLR-07915,LAMP,5,1.3469834,2,N-033,18476.3012,,2,0,,,,
FLR-07916,LAMP,5,0.7989781,1,N-042,1691.7609,,2,0,,,,
FLR-07917,RIDGE,5,1.2806325,0,,,1+1+3,,,R1,J,4,10-04-2015
FLR-07918,RIDGE,5,1.281,0,,,1+1+3,,,R1,R,8,19/04/2008
FLR-07919,RIDGE,5,1.3441,0,,,1+1+3,,,R1,J,4,06/02/2010
FLR-07920,RIDGE,5,1.4745333,5759,,,1+1+3,,,R1,S,9,29-04-2014
FLR-07921,LAMP,4,1.1483334,2,N-002,13853.5121,,0,0,,,,
FLR-07922,RIDGE,5,0.9230333,5586,,,1+1+3,,,R1,A,1,02/03/2015
FLR-07923,LAMP,5,0.3019555,2,N-022,28470.7045,,2,0,,,,
FLR-07924,RIDGE,5,0.5266,5560,,,5R2,,,R1,F,3,01/02/2005
FLR-07925,RIDGE,10,0.335,0,,,10i,,,R1,R,8,25/03/2008
FLR-07926,LAMP,6,0.3820721,2,N-034,10043.2559,,16,1,,,,
FLR-07927,RIDGE,5,1.1459917,5560,,,1+1+3,,,R1,F,3,31/03/2015
FLR-07928,LAMP,5,0.311608,2,N-031,258.0619,,4,0,,,,
FLR-07929,RIDGE,5,0.3516043,0,,,5R1,,,R1,A,1,24-04-2016
FLR-07930,RIDGE,5,1.4224,5561,,,1+1+3,,,R1,F,3,23/01/2005
FLR-07931,LAMP,5,0.9720084,1,N-024,14618.256,,2,0,,,,
FLR-07932,RIDGE,5,1.3523443,0,,,1+1+3,,,R1,U,11,26/03/2015
FLR-07933,LAMP,5,1.1999453,4,N-019,3693.6455,,2,0,,,,
FLR-07934,LAMP,5,1.24775,2,N-003,17414.0197,,2,0,,,,
FLR-07935,RIDGE,5,1.371,0,,,1+1+3,,,R1,T,10,16/04/2010
FLR-07936,RIDGE,5,1.4138,5561,,,1+1+3,,,R1,F,3,23/01/2005
FLR-07937,LAMP,5,0.8256869,2,N-003,16701.076,,2,0,,,,
FLR-07938,RIDGE,5,1.5162833,5759,,,1+1+3,,,R1,S,9,29-04-2014
FLR-07939,LAMP,5,1.3552217,4,N-019,3738.8691,,2,0,,,,
FLR-07940,RIDGE,5,0.8296,6035,,,1+1+3,,,R1,U,11,11/02/2010
FLR-07941,RIDGE,5,1.3661,5727,,,1+1+3,,,R1,F,3,12/02/2010
FLR-07942,RIDGE,5,0.3088,5987,,,5R1,,,R1,J,4,03/05/2008
FLR-07943,RIDGE,5,0.838,0,,,1+1+3,,,R1,D,2,20/03/2008
FLR-07944,LAMP,5,0.3055573,2,N-029,507.4621,,4,0,,,,
FLR-07945,RIDGE,5,0.3505,5560,,,5R1,,,R1,F,3,09/02/2009
FLR-07946,RIDGE,5,0.312,6058,,,5R1,,,R1,U,11,24/01/2010
FLR-07947,LAMP,5,0.6821,1,N-004,24976.7128,,4,0,,,,
FLR-07948,RIDGE,5,0.3129689,5720,,,5R1,,,R1,A,1,16-04-2014
FLR-07949,LAMP,5,0.5058084,3,N-012,9473.8435,,4,0,,,,
FLR-07950,RIDGE,5,0.6892,5561,,,5-SMUDGE,,,R1,F,3,23/01/2005
FLR-07951,RIDGE,5,1.1795,5151,,,1+1+3,,,R1,U,11,19-03-2015
FLR-07952,RIDGE,5,1.437,0,,,5R3,,,R2,P,7,25/04/2008
FLR-07953,RIDGE,5,0.921,5978,,,1+1+3,,,R1,J,4,31/01/2009
FLR-07954,RIDGE,5,1.204325,5151,,,1+1+3,,,R1,U,11,31-03-2015
FLR-07955,LAMP,5,1.0339047,2,N-003,17622.1567,,2,0,,,,
FLR-07956,RIDGE,9,0.3850584,5151,,,9i,,,R1,U,11,26/03/2015
FLR-07957,LAMP,5,1.0674559,2,N-003,15785.045,,2,0,,,,
FLR-07958,RIDGE,6,0.405,0,,,6i,,,R1,N,6,02/04/2010
FLR-07959,RIDGE,7,1.248,5722,,,7D1,,,R1,F,3,12/02/2010
FLR-07960,RIDGE,5,0.3044833,5759,,,5R1,,,R1,S,9,07-04-2015
FLR-07961,LAMP,4,0.941825,2,N-001,213.6115,,0,0,,,,
FLR-07962,LAMP,4,1.1339197,3,N-002,14587.4152,,0,0,,,,
FLR-07963,RIDGE,9,0.363,0,,,9i,,,R1,N,6,23/03/2009
FLR-07964,RIDGE,5,1.1058,5987,,,1+1+3,,,R1,J,4,06/02/2010
FLR-07965,RIDGE,5,0.332,0,,,5R1,,,R1,T,10,21/01/2010
FLR-07966,RIDGE,5,1.384,0,,,5R3,,,R2,P,7,25/04/2008
FLR-07967,RIDGE,5,0.8805834,5586,,,1+1+3,,,R1,A,1,02/03/2015
FLR-07968,LAMP,5,0.3117667,2,N-027,13179.3693,,4,0,,,,
FLR-07969,RIDGE,5,1.157359,0,,,1+1+3,,,R1,U,11,26/03/2015
FLR-07970,RIDGE,5,0.5006833,5151,,,5R2,,,R1,U,11,26/03/2015
FLR-07971,RIDGE,4,0.5722,5722,,,4D,,,R1,F,3,18/02/2009
FLR-07972,RIDGE,5,1.0529,0,,,5R3,,,R2,K,5,03/06/2012
FLR-07973,RIDGE,5,0.3015783,0,,,5R1,,,R1,J,4,13-05-2016
FLR-07974,RIDGE,5,0.7281333,5979,,,1+1+3,,,R1,J,4,10-04-2015
FLR-07975,RIDGE,5,0.539,0,,,5-SMUDGE,,,R1,A,1,20/01/2010
FLR-07976,LAMP,3,0.2877339,2,N-002,11165.1514,,5,0,,,,
FLR-07977,LAMP,5,1.24035,1,N-013,20654.8213,,2,0,,,,
FLR-07978,LAMP,5,1.0805916,1,N-002,13828.3371,,2,0,,,,
FLR-07979,LAMP,6,1.0093334,3,N-003,17896.1935,,16,1,,,,
FLR-07980,RIDGE,5,1.2862792,0,,,1+1+3,,,R1,J,4,12/05/2016
FLR-07981,RIDGE,5,1.0149,5560,,,1+1+3,,,R1,F,3,23/01/2005
FLR-07982,RIDGE,4,0.7302047,0,,,4R2,,,R1,A,1,02/03/2015
FLR-07983,LAMP,5,0.4852416,1,N-012,9401.6631,,4,0,,,,
FLR-07984,LAMP,5,1.1771417,1,N-014,1116.1333,,2,0,,,,
FLR-07985,RIDGE,5,0.7739798,0,,,1+1+3,,,R1,U,11,26/03/2015
FLR-07986,RIDGE,5,0.3775,6035,,,5R1,,,R1,U,11,11/02/2010
FLR-07987,RIDGE,5,0.9990136,0,,,1+1+3,,,R1,U,11,26/03/2015
FLR-07988,LAMP,5,0.32075,2,N-029,490.8323,,4,0,,,,
FLR-07989,RIDGE,5,0.972576,0,,,1+1+3,,,R1,J,4,12/05/2016
FLR-07990,RIDGE,5,0.3301,5560,,,5R1,,,R1,F,3,07/02/2005
FLR-07991,RIDGE,5,0.7310833,5981,,,1+1+3,,,R1,J,4,10-04-2015
FLR-07992,RIDGE,5,0.553,0,,,5R2,,,R1,N,6,02/04/2010
FLR-07993,RIDGE,5,1.0311,5981,,,1+1+3,,,R1,J,4,31/01/2009
FLR-07994,LAMP,5,1.3137905,2,N-023,31572.2797,,2,0,,,,
FLR-07995,LAMP,5,0.8339171,2,N-002,14442.8988,,2,0,,,,
FLR-07996,RIDGE,5,0.3209,5979,,,5R1,,,R1,J,4,03/05/2008
FLR-07997,RIDGE,4,0.5103,5722,,,4D,,,R1,F,3,02/02/2010
FLR-07998,RIDGE,5,1.2896083,5151,,,1+1+3,,,R1,U,11,19-03-2015
FLR-07999,RIDGE,5,1.007,0,,,1+1+3,,,R1,A,1,20/01/2010
FLR-08000,RIDGE,5,0.79,0,,,1+1+3,,,R1,D,2,20/03/2008
FLR-08001,RIDGE,5,1.0369,0,,,5R3,,,R2,K,5,03/06/2012
FLR-08002,LAMP,5,0.6739584,4,N-041,3622.408,,15,0,,,,
FLR-08003,LAMP,5,1.1817146,3,N-045,5015.9693,,2,0,,,,
FLR-08004,RIDGE,4,0.648575,5719,,,1+31,,,R1,A,1,16-04-2014
FLR-08005,LAMP,19,1.07145,1,N-002,14528.5122,,17,0,,,,
FLR-08006,RIDGE,7,1.368,5722,,,7D1,,,R1,F,3,12/02/2010
FLR-08007,RIDGE,5,0.344,5125,,,5R1,,,R1,V,12,03/02/2010
FLR-08008,RIDGE,5,0.305,0,,,5R1,,,R1,D,2,21/03/2008
FLR-08009,LAMP,17,1.0638666,1,N-002,14509.4001,,17,0,,,,
FLR-08010,LAMP,5,0.7542584,1,N-002,14796.356,,4,0,,,,
FLR-08011,RIDGE,5,0.312,0,,,5R1,,,R1,D,2,21/03/2008
FLR-08012,RIDGE,5,1.1651,5981,,,1+1+3,,,R1,J,4,03/05/2008
FLR-08013,LAMP,6,0.3541658,1,N-036,27590.6057,,16,0,,,,
FLR-08014,RIDGE,5,0.8254166,5151,,,1+1+3,,,R1,U,11,26/03/2015
FLR-08015,LAMP,5,0.97666,3,N-003,16018.7849,,2,0,,,,
FLR-08016,RIDGE,5,0.387,0,,,5R1,,,R1,D,2,20/03/2008
FLR-08017,RIDGE,5,0.779,0,,,1+1+3,,,R1,N,6,02/04/2010
FLR-08018,RIDGE,10,0.3261,6058,,,10i,,,R1,U,11,24/01/2010
FLR-08019,LAMP,5,0.6630333,2,N-003,17299.6668,,2,0,,,,
FLR-08020,LAMP,5,1.4762833,1,N-041,3865.1411,,2,0,,,,
FLR-08021,RIDGE,4,0.5146,5722,,,4D,,,R1,F,3,23/01/2010
FLR-08022,LAMP,5,1.248625,3,N-006,8673.8624,,2,0,,,,
FLR-08023,LAMP,5,1.1708831,2,N-005,926.3569,,2,0,,,,
FLR-08024,RIDGE,5,1.0684583,5586,,,1+1+3,,,R1,A,1,02/03/2015
FLR-08025,RIDGE,6,1.4693917,5151,,,6-SMUDGE,,,R1,U,11,26/03/2015
FLR-08026,RIDGE,8,0.308,0,,,8i,,,R1,D,2,01/04/2010
FLR-08027,LAMP,4,0.3402833,2,N-003,15990.9414,,0,0,,,,
FLR-08028,LAMP,7,1.1026161,2,N-003,16201.3445,,7,0,,,,
FLR-08029,RIDGE,5,0.321,0,,,5R1,,,R1,D,2,04/04/2008
FLR-08030,LAMP,5,1.303438,4,N-006,8845.8112,,2,0,,,,
FLR-08031,RIDGE,5,1.1076,0,,,5R3,,,R2,K,5,03/06/2012
FLR-08032,RIDGE,7,0.6372,0,,,7i,,,R1,F,3,04/03/2010
FLR-08033,LAMP,5,0.9779916,2,N-003,16849.5886,,2,0,,,,
FLR-08034,LAMP,5,0.3254917,1,N-029,503.3126,,4,0,,,,
FLR-08035,RIDGE,5,1.0834,0,,,5R3,,,R2,K,5,03/06/2012
FLR-08036,RIDGE,5,0.4982484,0,,,5R2,,,R1,F,3,31/03/2015
FLR-08037,LAMP,8,0.3567441,3,N-045,5957.8584,,13,0,,,,
FLR-08038,RIDGE,5,1.277,0,,,1+1+3,,,R1,R,8,19/04/2008
FLR-08039,RIDGE,5,1.065875,0,,,1+1+3,,,R1,A,1,02/03/2015
FLR-08040,RIDGE,6,1.2693,0,,,6R,,,R2,P,7,25/04/2008
FLR-08041,RIDGE,5,0.3229667,0,,,5R1,,,R1,S,9,01-04-2015
FLR-08042,RIDGE,5,0.709,0,,,2+3,,,R1,V,12,26/01/2010
FLR-08043,RIDGE,5,0.9,0,,,1+1+3,,,R1,V,12,03/02/2010
FLR-08044,LAMP,5,0.9872217,3,N-028,27418.3065,,2,0,,,,
FLR-08045,RIDGE,9,0.499,5151,,,9i,,,R1,U,11,11/02/2010
FLR-08046,LAMP,5,1.250275,1,N-014,5322.7388,,2,0,,,,
FLR-08047,LAMP,8,0.342328,2,N-040,49.9177,,13,0,,,,
FLR-08048,LAMP,5,1.2380666,2,N-003,16819.5231,,2,0,,,,
FLR-08049,RIDGE,9,0.35,5562,,,9i,,,R1,U,11,24/01/2010
FLR-08050,LAMP,5,0.3200334,1,N-027,13130.3621,,4,0,,,,
FLR-08051,RIDGE,5,0.3351,5560,,,5R1,,,R1,F,3,07/02/2005
FLR-08052,RIDGE,5,0.3258673,0,,,5-SMUDGE,,,R1,A,1,02/03/2015
FLR-08053,RIDGE,5,1.0592,0,,,1+1+3,,,R1,J,4,06/02/2010
FLR-08054,RIDGE,5,0.2974,5987,,,5R1,,,R1,J,4,13/04/2010
FLR-08055,RIDGE,5,0.3303166,0,,,5R1,,,R1,S,9,01-04-2015
FLR-08056,RIDGE,5,1.163,0,,,1+1+3,,,R1,R,8,19/04/2008
FLR-08057,RIDGE,5,0.7136,6035,,,1+1+3,,,R1,U,11,11/02/2010
FLR-08058,RIDGE,5,0.3424,5562,,,5R1,,,R1,U,11,24/01/2010
FLR-08059,RIDGE,5,1.3458955,5151,,,1+1+3,,,R1,U,11,19-03-2015
FLR-08060,RIDGE,8,0.3754055,0,,,8i,,,R1,A,1,02-03-2015
FLR-08061,LAMP,4,0.4037692,3,N-002,8004.3819,,0,0,,,,
FLR-08062,RIDGE,5,0.359,0,,,5R1,,,R1,T,10,14/04/2010
FLR-08063,RIDGE,5,1.1732,5561,,,1+1+3,,,R1,F,3,04/03/2010
FLR-08064,LAMP,12,0.6437916,2,N-017,29089.1318,,17,0,,,,
FLR-08065,RIDGE,5,1.1830264,0,,,1+1+3,,,R1,U,11,31-03-2015
FLR-08066,LAMP,12,0.9843659,2,N-036,26969.8621,,17,0,,,,
FLR-08067,RIDGE,5,0.366,0,,,5R1,,,R1,N,6,02/04/2010
FLR-08068,RIDGE,5,1.0208584,5586,,,1+1+3,,,R1,A,1,02/03/2015
FLR-08069,RIDGE,5,0.5101352,0,,,5R2,,,R1,U,11,26/03/2015
FLR-08070,LAMP,5,1.2481584,1,N-011,2198.9992,,2,0,,,,
FLR-08071,RIDGE,5,0.361,0,,,5R1,,,R1,N,6,21/03/2010
FLR-08072,RIDGE,5,0.5227291,0,,,5R2,,,R1,U,11,31-03-2015
FLR-08073,RIDGE,5,1.2915099,0,,,1+1+3,,,R1,A,1,02/03/2015
FLR-08074,LAMP,5,0.3026167,2,N-027,13183.9006,,4,0,,,,
FLR-08075,RIDGE,5,0.3007732,0,,,5R1,,,R1,J,4,12/05/2016
FLR-08076,RIDGE,5,0.8260566,0,,,1+1+3,,,R1,A,1,02/03/2015
FLR-08077,RIDGE,5,0.317,0,,,5R1,,,R1,N,6,02/04/2010
FLR-08078,LAMP,4,1.125195,1,N-035,30912.8881,,0,0,,,,
FLR-08079,LAMP,6,1.1542763,2,N-042,1033.3636,,10,0,,,,
FLR-08080,RIDGE,5,1.2537817,0,,,1+1+3,,,R1,J,4,10-04-2015
FLR-08081,LAMP,5,0.4518785,2,N-018,33686.5487,,4,0,,,,
FLR-08082,LAMP,5,0.9305667,1,N-003,15681.3935,,2,0,,,,
FLR-08083,LAMP,2,0.7985602,2,N-011,1866.9918,,17,1,,,,
FLR-08084,RIDGE,5,0.346,0,,,5R1,,,R1,V,12,22/01/2010
FLR-08085,RIDGE,5,0.3143,5560,,,5R1,,,R1,F,3,23/01/2005
FLR-08086,RIDGE,5,1.2572158,0,,,1+1+3,,,R1,F,3,31/03/2015
FLR-08087,LAMP,5,0.3211417,1,N-025,15154.0502,,4,0,,,,
FLR-08088,RIDGE,5,0.7404859,0,,,1+1+3,,,R1,J,4,12-05-2016
FLR-08089,LAMP,6,1.3402916,2,N-001,7253.8147,,10,1,,,,
FLR-08090,RIDGE,5,0.9935,5727,,,5R3,,,R1,F,3,04/03/2010
FLR-08091,RIDGE,5,0.322,5562,,,5R1,,,R1,U,11,11/02/2010
FLR-08092,RIDGE,5,1.1272391,9999,,,5R3,,,R2,ZZZ,13,12-04-2016
FLR-08093,RIDGE,5,0.3215132,0,,,5R1,,,R1,S,9,07-04-2015
FLR-08094,LAMP,5,0.903464,2,N-003,16928.1811,,2,0,,,,
FLR-08095,RIDGE,8,1.6731,0,,,8R,,,R2,K,5,03/06/2012
FLR-08096,RIDGE,5,0.9585084,5586,,,1+1+3,,,R1,A,1,02/03/2015
FLR-08097,RIDGE,5,0.1729,5703,,,5-SMUDGE,,,R1,F,3,18/02/2005
FLR-08098,RIDGE,5,1.1821489,0,,,5R3,,,R2,ZZZ,13,12-04-2016
FLR-08099,RIDGE,5,0.3215334,5726,,,5R1,,,R1,S,9,01-04-2015
FLR-08100,RIDGE,5,0.900125,5151,,,1+1+3,,,R1,U,11,26/03/2015
FLR-08101,RIDGE,5,0.617,0,,,2+3,,,R1,V,12,16/01/2010
FLR-08102,RIDGE,5,0.7852417,5586,,,1+1+3,,,R1,A,1,02/03/2015
FLR-08103,RIDGE,4,0.5419,5722,,,4D,,,R1,F,3,18/02/2009
FLR-08104,LAMP,7,1.487216,3,N-045,5233.2727,,7,0,,,,
FLR-08105,RIDGE,5,1.1456,5130,,,1+1+3,,,R1,F,3,01/02/2005
FLR-08106,LAMP,5,0.6884286,2,N-044,27699.1759,,2,0,,,,
FLR-08107,LAMP,5,0.9771083,2,N-002,7987.5383,,2,0,,,,
FLR-08108,RIDGE,5,0.3282583,5586,,,5R1,,,R1,A,1,02-03-2015
FLR-08109,RIDGE,8,0.3512,5151,,,8i,,,R1,U,11,01/02/2010
FLR-08110,LAMP,5,1.2132589,2,N-003,17402.6269,,2,0,,,,
FLR-08111,RIDGE,5,0.8075187,0,,,1+1+3,,,R1,A,1,02/03/2015
FLR-08112,LAMP,5,1.2543334,1,N-002,13914.6132,,2,0,,,,
FLR-08113,RIDGE,5,0.351,0,,,5R1,,,R1,R,8,08/04/2008
FLR-08114,RIDGE,5,1.112,0,,,1+1+3,,,R1,V,12,03/02/2010
FLR-08115,LAMP,4,1.1384136,2,N-003,15840.4313,,0,0,,,,
FLR-08116,LAMP,5,1.3172974,1,N-013,20767.073,,2,0,,,,
FLR-08117,RIDGE,5,1.2866,0,,,5R3,,,R2,K,5,03/06/2012
FLR-08118,RIDGE,5,1.2228,5560,,,1+1+3,,,R1,F,3,01/02/2005
FLR-08119,RIDGE,5,0.946386,0,,,1+1+3,,,R1,A,1,02/03/2015
FLR-08120,LAMP,5,1.3451417,1,N-004,25048.5347,,2,0,,,,
FLR-08121,RIDGE,7,0.346,0,,,7i,,,R1,V,12,22/01/2010
FLR-08122,RIDGE,4,0.5505,5722,,,4D,,,R1,F,3,09/03/2005
FLR-08123,RIDGE,3,0.085,0,,,3R,,,R1,T,10,10/03/2010
FLR-08124,RIDGE,5,0.7939987,0,,,1+1+3,,,R1,A,1,02/03/2015
FLR-08125,RIDGE,9,0.687925,5133,,,9i,,,R1,N,6,19/03/2015
FLR-08126,RIDGE,8,0.3168923,0,,,8i,,,R1,A,1,24-04-2016
FLR-08127,LAMP,5,0.318625,2,N-028,28163.6613,,4,0,,,,
FLR-08128,RIDGE,5,1.393725,0,,,1+1+3,,,R1,J,4,24-04-2014
FLR-08129,LAMP,4,0.5338417,2,N-003,17328.5665,,0,0,,,,
FLR-08130,RIDGE,9,0.29,0,,,9i,,,R1,T,10,14/04/2010
FLR-08131,RIDGE,5,1.1203,0,,,5R3,,,R2,P,7,24/04/2008
FLR-08132,RIDGE,2,0.0686583,5133,,,2-SMUDGE,,,R1,N,6,19/03/2015
FLR-08133,RIDGE,5,0.329725,0,,,5R1,,,R1,S,9,01-04-2015
FLR-08134,RIDGE,4,0.5207,5722,,,4D,,,R1,F,3,09/03/2005
FLR-08135,LAMP,3,0.3061899,2,N-002,11140.356,,5,0,,,,
FLR-08136,RIDGE,5,0.8065359,0,,,1+1+3,,,R1,A,1,02/03/2015
FLR-08137,RIDGE,5,0.329,0,,,5R1,,,R1,T,10,04/02/2010
FLR-08138,RIDGE,5,0.352,0,,,5R1,,,R1,N,6,02/04/2010
FLR-08139,RIDGE,5,0.686,5561,,,5-SMUDGE,,,R1,F,3,03/02/2005
FLR-08140,RIDGE,7,1.4771,0,,,7R,,,R2,K,5,02/06/2012
FLR-08141,LAMP,4,0.8491469,2,N-001,3883.5993,,0,0,,,,
FLR-08142,RIDGE,7,0.521,0,,,7i,,,R1,R,8,19/04/2008
FLR-08143,RIDGE,5,0.957,0,,,1+1+3,,,R1,V,12,03/02/2010
FLR-08144,RIDGE,5,1.0649,5560,,,1+1+3,,,R1,F,3,23/01/2005
FLR-08145,RIDGE,5,0.779,0,,,1+1+3,,,R1,T,10,10/03/2010
FLR-08146,RIDGE,5,0.7345,5981,,,1+1+3,,,R1,J,4,03/05/2008
FLR-08147,LAMP,5,0.6566143,2,N-012,10052.1892,,15,0,,,,
FLR-08148,LAMP,7,0.4560917,1,N-041,4506.4319,,8,0,,,,
FLR-08149,LAMP,5,0.7384916,2,N-041,3568.4072,,2,0,,,,
FLR-08150,RIDGE,5,0.318275,5987,,,5R1,,,R1,J,4,12-05-2016
FLR-08151,RIDGE,5,0.326,0,,,5R1,,,R1,N,6,02/04/2010
FLR-08152,LAMP,5,1.1653667,1,N-011,136.3335,,2,0,,,,
FLR-08153,RIDGE,5,2.2515245,0,,,5-SMUDGE,,,R2,ZZZ,13,12-04-2016
FLR-08154,RIDGE,8,1.2042,5722,,,8R,,,R1,F,3,12/02/2010
FLR-08155,RIDGE,5,0.8717,0,,,1+1+3,,,R1,A,1,16-04-2014
FLR-08156,RIDGE,8,1.4931167,5151,,,8D,,,R1,U,11,19-03-2015
FLR-08157,RIDGE,5,0.852,0,,,1+1+3,,,R1,A,1,28/02/2010
FLR-08158,RIDGE,8,1.3916,0,,,8R,,,R2,P,7,25/04/2008
FLR-08159,RIDGE,5,1.337425,5560,,,1+1+3,,,R1,F,3,31/03/2015
FLR-08160,RIDGE,7,0.3487,5563,,,7i,,,R1,F,3,02/02/2010
FLR-08161,RIDGE,5,0.334,0,,,5R1,,,R1,T,10,14/04/2010
FLR-08162,RIDGE,5,0.875,0,,,1+1+3,,,R1,N,6,03/04/2010
FLR-08163,RIDGE,5,1.3623016,0,,,1+1+3,,,R1,U,11,31-03-2015
FLR-08164,RIDGE,5,1.3114702,0,,,1+1+3,,,R1,U,11,31-03-2015
FLR-08165,RIDGE,5,0.343,0,,,5R1,,,R1,V,12,03/02/2010
FLR-08166,LAMP,5,0.9005049,3,N-005,3274.0311,,2,0,,,,
FLR-08167,RIDGE,5,0.8464,5727,,,1+1+3,,,R1,F,3,26/01/2005
FLR-08168,RIDGE,4,0.39,0,,,1+32,,,R1,N,6,02/04/2010
FLR-08169,RIDGE,5,0.313,0,,,5R1,,,R1,D,2,18/03/2010
FLR-08170,RIDGE,5,1.075,0,,,1+1+3,,,R1,D,2,01/04/2010
FLR-08171,RIDGE,5,0.4701288,0,,,5R2,,,R1,A,1,02/03/2015
FLR-08172,LAMP,5,0.5732333,2,N-017,29121.5821,,4,0,,,,
FLR-08173,RIDGE,5,1.0359,5586,,,1+1+3,,,R1,A,1,02/03/2015
FLR-08174,RIDGE,5,0.333,0,,,5R1,,,R1,T,10,26/01/2010
FLR-08175,RIDGE,5,0.3122625,0,,,5R1,,,R1,S,9,01-04-2015
FLR-08176,RIDGE,4,0.9640028,0,,,4R2,,,R1,A,1,16-04-2014
FLR-08177,LAMP,8,1.7966583,1,N-002,13988.2158,,9,0,,,,
FLR-08178,LAMP,5,0.3342573,2,N-019,4433.5856,,2,0,,,,
FLR-08179,RIDGE,8,0.3567,0,,,8i,,,R1,F,3,23/01/2005
FLR-08180,RIDGE,5,0.8447333,5586,,,1+1+3,,,R1,A,1,02-03-2015
FLR-08181,RIDGE,8,1.2016667,0,,,8R,,,R1,J,4,10-04-2015
FLR-08182,LAMP,5,0.7377668,2,N-045,6018.8454,,2,0,,,,
FLR-08183,LAMP,5,1.4185579,2,N-012,9454.8551,,2,0,,,,
FLR-08184,RIDGE,5,1.3609667,0,,,1+1+3,,,R1,U,11,26/03/2015
FLR-08185,RIDGE,4,0.2303,0,,,4R1,,,R1,F,3,04/03/2010
FLR-08186,RIDGE,5,0.7435,5759,,,1+1+3,,,R1,S,9,07-04-2015
FLR-08187,RIDGE,4,0.694,0,,,1+31,,,R1,V,12,03/02/2010
FLR-08188,RIDGE,5,0.49407,0,,,5R2,,,R1,U,11,31-03-2015
FLR-08189,LAMP,5,0.8107122,1,N-005,3270.3709,,2,0,,,,
FLR-08190,RIDGE,6,1.535,0,,,6R,,,R2,K,5,03/06/2012
FLR-08191,LAMP,5,0.8098139,3,N-003,18055.8564,,2,0,,,,
FLR-08192,RIDGE,5,0.342,0,,,5R1,,,R1,D,2,27/03/2008
FLR-08193,RIDGE,5,0.5263,5151,,,5R2,,,R1,U,11,18/02/2009
FLR-08194,RIDGE,5,1.0301,0,,,5R3,,,R2,K,5,02/06/2012
FLR-08195,LAMP,5,1.295675,2,N-014,1104.1905,,2,0,,,,
FLR-08196,RIDGE,5,0.6996,0,,,1+1+3,,,R1,A,1,16-04-2014
FLR-08197,LAMP,5,1.2706333,3,N-042,1739.4765,,2,0,,,,
FLR-08198,RIDGE,5,0.323,0,,,5R1,,,R1,D,2,21/03/2008
FLR-08199,LAMP,6,0.2664306,2,N-036,27590.7028,,16,0,,,,
FLR-08200,RIDGE,10,0.327,0,,,10i,,,R1,T,10,14/04/2010
FLR-08201,RIDGE,5,1.45,0,,,1+1+3,,,R1,T,10,06/03/2010
FLR-08202,LAMP,8,1.2855083,2,N-032,10139.6106,,9,0,,,,
FLR-08203,RIDGE,6,1.3438113,0,,,6-SMUDGE,,,R1,U,11,26/03/2015
FLR-08204,RIDGE,5,0.4437457,0,,,5R2,,,R1,F,3,31/03/2015
FLR-08205,RIDGE,5,1.1585583,6052,,,1+1+3,,,R1,S,9,29-04-2014
FLR-08206,RIDGE,7,1.5765262,0,,,7D2,,,R1,F,3,31/03/2015
FLR-08207,RIDGE,7,0.332025,5726,,,7i,,,R1,S,9,01-04-2015
FLR-08208,RIDGE,8,1.6578432,5586,,,8D,,,R1,A,1,02-03-2015
FLR-08209,RIDGE,5,1.3369,5978,,,1+1+3,,,R1,J,4,04/05/2008
FLR-08210,LAMP,5,0.9564333,1,N-003,15527.6021,,2,0,,,,
FLR-08211,LAMP,5,0.3062916,2,N-031,217.3383,,4,0,,,,
FLR-08212,RIDGE,5,1.1479083,0,,,1+1+3,,,R1,A,1,02/03/2015
FLR-08213,LAMP,4,0.9535955,2,N-001,252.4548,,0,0,,,,
FLR-08214,RIDGE,5,0.9062,5727,,,1+1+3,,,R1,F,3,23/01/2005
FLR-08215,RIDGE,5,0.333,0,,,5R1,,,R1,R,8,10/04/2008
FLR-08216,LAMP,5,0.9981667,1,N-011,1988.019,,2,0,,,,
FLR-08217,RIDGE,5,1.1942862,0,,,1+1+3,,,R1,J,4,10-04-2015
FLR-08218,RIDGE,5,1.1126,0,,,5R3,,,R2,K,5,03/06/2012
FLR-08219,RIDGE,7,0.9855,0,,,7D1,,,R1,J,4,31/01/2009
FLR-08220,LAMP,5,1.2356913,2,N-013,20650.5915,,2,0,,,,
FLR-08221,RIDGE,6,0.3860833,5979,,,6i,,,R1,J,4,10-04-2015
FLR-08222,LAMP,5,1.1695638,3,N-012,9527.0539,,2,0,,,,
FLR-08223,RIDGE,5,0.331,0,,,5R1,,,R1,V,12,03/02/2010
FLR-08224,LAMP,5,0.7639583,1,N-032,10117.8238,,2,0,,,,
FLR-08225,RIDGE,5,0.3156,5979,,,5R1,,,R1,J,4,31/01/2009
FLR-08226,RIDGE,4,1.0187518,0,,,4R2,,,R1,A,1,02/03/2015
FLR-08227,RIDGE,5,1.303438,0,,,1+1+3,,,R1,U,11,19-03-2015
FLR-08228,RIDGE,5,1.295675,0,,,1+1+3,,,R1,F,3,31/03/2015
FLR-08229,RIDGE,5,0.6515885,0,,,1+1+3,,,R1,A,1,02/03/2015
FLR-08230,RIDGE,7,0.978,0,,,7D1,,,R1,A,1,17/03/2010
FLR-08231,RIDGE,5,0.8275417,5586,,,1+1+3,,,R1,A,1,02-03-2015
FLR-08232,RIDGE,5,1.5199,0,,,1+1+3,,,R1,J,4,06/02/2010
FLR-08233,RIDGE,5,1.2431167,0,,,1+1+3,,,R1,J,4,10-04-2015
FLR-08234,RIDGE,5,1.2991,5979,,,1+1+3,,,R1,J,4,04/05/2008
FLR-08235,LAMP,5,0.3163417,1,N-044,27708.079,,2,0,,,,
FLR-08236,RIDGE,5,1.0711,0,,,5R3,,,R2,K,5,02/06/2012
FLR-08237,RIDGE,5,1.1644167,5560,,,1+1+3,,,R1,F,3,31/03/2015
FLR-08238,RIDGE,9,0.962,0,,,9-SMUDGE,,,R1,A,1,25/03/2008
FLR-08239,RIDGE,4,0.785872,0,,,4R2,,,R1,J,4,13-05-2016
FLR-08240,RIDGE,5,0.8871,0,,,1+1+3,,,R1,F,3,04/03/2010
FLR-08241,RIDGE,5,0.3,0,,,5R1,,,R1,R,8,25/03/2008
FLR-08242,RIDGE,3,0.367,0,,,3D,,,R1,A,1,28/02/2010
FLR-08243,RIDGE,4,0.7814862,0,,,4R2,,,R2,ZZZ,13,12-04-2016
FLR-08244,RIDGE,5,0.6433,5561,,,5-SMUDGE,,,R1,F,3,03/02/2005
FLR-08245,LAMP,5,0.8155095,2,N-003,15668.2435,,2,0,,,,
FLR-08246,LAMP,5,1.3375934,3,N-022,27720.8339,,2,0,,,,
FLR-08247,LAMP,5,0.3006863,2,N-046,9478.5628,,4,0,,,,
FLR-08248,LAMP,5,0.73281,1,N-031,158.5429,,2,0,,,,
FLR-08249,RIDGE,5,0.9064,5727,,,1+1+3,,,R1,F,3,12/02/2010
FLR-08250,RIDGE,5,1.3619083,6052,,,1+1+3,,,R1,S,9,29-04-2014
FLR-08251,LAMP,5,0.3419166,1,N-038,4453.973,,2,0,,,,
FLR-08252,LAMP,5,1.0374729,3,N-003,15610.5318,,2,0,,,,
FLR-08253,LAMP,5,0.485625,2,N-005,695.3249,,4,0,,,,
FLR-08254,RIDGE,5,1.450475,0,,,1+1+3,,,R1,U,11,19-03-2015
FLR-08255,RIDGE,5,0.3191416,5987,,,5R1,,,R1,J,4,12-05-2016
FLR-08256,RIDGE,5,1.0209534,0,,,1+1+3,,,R1,A,1,02/03/2015
FLR-08257,RIDGE,5,1.1757468,0,,,1+1+3,,,R1,U,11,26/03/2015
FLR-08258,LAMP,6,0.72046,1,N-033,19109.4508,,16,1,,,,
FLR-08259,RIDGE,5,1.2647078,0,,,1+1+3,,,R1,A,1,02/03/2015
FLR-08260,RIDGE,5,0.794,0,,,1+1+3,,,R1,D,2,01/04/2010
FLR-08261,RIDGE,5,0.824675,5719,,,1+1+3,,,R1,A,1,16-04-2014
FLR-08262,RIDGE,5,0.594,0,,,5-SMUDGE,,,R1,F,3,04/03/2010
FLR-08263,RIDGE,8,1.2404648,0,,,8R,,,R1,J,4,10-04-2015
FLR-08264,LAMP,5,1.2435164,2,N-012,10109.5934,,2,0,,,,
FLR-08265,RIDGE,5,0.4953882,0,,,5R2,,,R1,U,11,31-03-2015
FLR-08266,LAMP,5,0.7523623,3,N-046,9482.8793,,2,0,,,,
FLR-08267,RIDGE,7,1.2511,5722,,,7D1,,,R1,F,3,04/03/2010
FLR-08268,LAMP,5,1.1459917,1,N-017,29125.3942,,2,0,,,,
FLR-08269,RIDGE,5,0.883,0,,,1+1+3,,,R1,R,8,19/04/2008
FLR-08270,RIDGE,6,0.7887806,0,,,5-SMUDGE,,,R1,A,1,02/03/2015
FLR-08271,RIDGE,5,1.3184673,0,,,1+1+3,,,R1,F,3,31/03/2015
FLR-08272,RIDGE,8,0.288,0,,,8i,,,R1,R,8,19/04/2008
FLR-08273,LAMP,5,0.8075187,3,N-002,14458.0823,,2,0,,,,
FLR-08274,LAMP,5,0.2857117,1,N-036,27595.4481,,2,0,,,,
FLR-08275,RIDGE,6,0.306,0,,,6i,,,R1,R,8,19/04/2008
FLR-08276,RIDGE,5,1.0072,0,,,5R3,,,R2,K,5,03/06/2012
FLR-08277,RIDGE,4,0.4911,5979,,,1+31,,,R1,J,4,31/01/2009
FLR-08278,LAMP,4,0.4011368,2,N-005,3266.9483,,0,0,,,,
FLR-08279,RIDGE,5,1.1131,5130,,,1+1+3,,,R1,F,3,01/02/2005
FLR-08280,RIDGE,5,0.8363,5979,,,1+1+3,,,R1,J,4,31/01/2009
FLR-08281,LAMP,8,0.304769,2,N-035,31393.6866,,13,0,,,,
FLR-08282,LAMP,5,0.3277833,2,N-029,556.358,,4,0,,,,
FLR-08283,RIDGE,5,1.1207,0,,,5R3,,,R2,P,7,25/04/2008
FLR-08284,RIDGE,5,0.9437,5978,,,1+1+3,,,R1,J,4,03/05/2008
FLR-08285,RIDGE,5,0.331,5126,,,5R1,,,R1,V,12,26/01/2010
FLR-08286,RIDGE,4,0.8788253,0,,,4R2,,,R1,A,1,02/03/2015
FLR-08287,LAMP,5,0.7659416,2,N-003,15936.3221,,2,0,,,,
FLR-08288,RIDGE,5,0.337,0,,,5R1,,,R1,T,10,11/03/2010
FLR-08289,RIDGE,5,0.9752834,5586,,,1+1+3,,,R1,A,1,02-03-2015
FLR-08290,LAMP,5,0.3350833,1,N-025,15134.9354,,4,0,,,,
FLR-08291,RIDGE,5,1.1582,0,,,5R3,,,R2,P,7,24/04/2008
FLR-08292,RIDGE,5,0.3599,0,,,5R1,,,R1,U,11,16/02/2009
FLR-08293,LAMP,5,1.157359,2,N-012,10128.7458,,2,0,,,,
FLR-08294,RIDGE,5,1.064225,0,,,1+1+3,,,R1,A,1,02-03-2015
FLR-08295,LAMP,5,0.8906529,2,N-003,18046.8258,,2,0,,,,
FLR-08296,RIDGE,4,0.397,0,,,1+32,,,R1,N,6,23/03/2009
FLR-08297,RIDGE,5,1.2631496,0,,,1+1+3,,,R1,A,1,02/03/2015
FLR-08298,RIDGE,5,1.3381026,0,,,1+1+3,,,R1,U,11,31-03-2015
FLR-08299,LAMP,8,0.3529078,2,N-048,333.9948,,13,0,,,,
FLR-08300,RIDGE,6,0.4914449,0,,,6i,,,R1,S,9,01-04-2015
FLR-08301,LAMP,5,0.31385,2,N-029,499.4195,,4,0,,,,
FLR-08302,LAMP,4,0.9976645,3,N-003,17848.888,,0,0,,,,
FLR-08303,RIDGE,5,0.7411,5561,,,1+1+3,,,R1,F,3,09/03/2005
FLR-08304,RIDGE,5,0.3125829,0,,,5R1,,,R1,A,1,24-04-2016
FLR-08305,LAMP,7,1.6536333,2,N-023,31623.9689,,7,0,,,,
FLR-08306,LAMP,4,1.0381711,3,N-003,17860.8608,,0,0,,,,
FLR-08307,RIDGE,5,0.7347,0,,,1+1+3,,,R1,U,11,16/02/2009
FLR-08308,LAMP,5,1.2923859,2,N-045,5206.1605,,2,0,,,,
FLR-08309,LAMP,4,1.0897845,2,N-036,26987.1612,,0,0,,,,
FLR-08310,RIDGE,5,0.7812167,5586,,,1+1+3,,,R1,A,1,02/03/2015
FLR-08311,RIDGE,5,0.7337,5560,,,1+1+3,,,R1,F,3,17/02/2005
FLR-08312,RIDGE,6,1.7585,0,,,6R,,,R2,P,7,05/03/2011
FLR-08313,LAMP,5,1.2705491,2,N-030,9506.8095,,2,0,,,,
FLR-08314,RIDGE,5,0.3359,5562,,,5R1,,,R1,U,11,11/02/2010
FLR-08315,RIDGE,4,0.409,0,,,1+32,,,R1,N,6,02/04/2010
FLR-08316,LAMP,5,1.3282734,4,N-006,8841.3563,,2,0,,,,
FLR-08317,RIDGE,5,0.3135,6058,,,5R1,,,R1,U,11,24/01/2010
FLR-08318,RIDGE,5,1.053,0,,,1+1+3,,,R1,D,2,01/04/2010
FLR-08319,LAMP,5,0.5566426,2,N-002,14555.8694,,4,0,,,,
FLR-08320,LAMP,5,0.9174917,1,N-001,7189.7358,,2,0,,,,
FLR-08321,RIDGE,5,1.2146,5727,,,1+1+3,,,R1,F,3,12/02/2010
FLR-08322,RIDGE,7,1.1039,5722,,,7D1,,,R1,F,3,12/02/2010
FLR-08323,RIDGE,7,1.4423,0,,,7R,,,R2,K,5,02/06/2012
FLR-08324,RIDGE,10,0.181,0,,,10i,,,R1,T,10,21/01/2010
FLR-08325,RIDGE,5,0.6553,6035,,,5-SMUDGE,,,R1,U,11,11/02/2010
FLR-08326,LAMP,5,1.2983791,2,N-003,16732.3864,,2,0,,,,
FLR-08327,RIDGE,4,0.8282797,0,,,4R2,,,R2,ZZZ,13,12-04-2016
FLR-08328,RIDGE,5,1.1988167,5586,,,1+1+3,,,R1,A,1,02-03-2015
FLR-08329,LAMP,5,0.9998,1,N-024,14592.6846,,2,0,,,,
FLR-08330,LAMP,4,0.9733011,4,N-003,15826.3459,,0,0,,,,
FLR-08331,LAMP,5,1.0714083,1,N-003,17220.4827,,2,0,,,,
FLR-08332,RIDGE,7,1.4545,0,,,7R,,,R2,K,5,03/06/2012
FLR-08333,RIDGE,4,0.8646137,0,,,4R2,,,R1,A,1,02/03/2015
FLR-08334,RIDGE,9,1.4663,0,,,9R,,,R2,P,7,25/04/2008
FLR-08335,RIDGE,5,0.357,0,,,5R1,,,R1,V,12,03/02/2010
FLR-08336,RIDGE,5,0.877,0,,,1+1+3,,,R1,A,1,20/01/2010
FLR-08337,RIDGE,5,0.313656,0,,,5R1,,,R1,J,4,10-04-2015
FLR-08338,RIDGE,4,0.834,0,,,1+31,,,R1,V,12,03/02/2010
FLR-08339,RIDGE,5,0.3342,5727,,,5R1,,,R1,F,3,23/03/2008
FLR-08340,RIDGE,5,0.576,0,,,5R2,,,R1,N,6,02/04/2010
FLR-08341,RIDGE,5,1.057,0,,,1+1+3,,,R1,T,10,14/04/2010
FLR-08342,LAMP,5,0.7487333,2,N-003,16229.9882,,2,0,,,,
FLR-08343,RIDGE,5,1.0617083,0,,,5R3,,,R2,ZZZ,13,12-04-2016
FLR-08344,RIDGE,5,1.2969,5987,,,1+1+3,,,R1,J,4,04/05/2008
FLR-08345,RIDGE,5,0.9104,5979,,,1+1+3,,,R1,J,4,31/01/2009
FLR-08346,RIDGE,5,1.2413425,0,,,1+1+3,,,R1,U,11,26/03/2015
FLR-08347,LAMP,5,1.2669916,2,N-041,2920.255,,2,0,,,,
FLR-08348,RIDGE,5,0.8982834,5586,,,1+1+3,,,R1,A,1,02/03/2015
FLR-08349,RIDGE,5,0.9565345,0,,,1+1+3,,,R1,A,1,02-03-2015
FLR-08350,RIDGE,5,1.2585,0,,,1+1+3,,,R1,F,3,11/02/2009
FLR-08351,RIDGE,7,0.333,0,,,7i,,,R1,D,2,20/03/2008
FLR-08352,LAMP,5,1.0398027,3,N-005,3281.5852,,2,0,,,,
FLR-08353,RIDGE,5,1.2197844,0,,,1+1+3,,,R1,J,4,10-04-2015
FLR-08354,RIDGE,5,0.345,0,,,5R1,,,R1,V,12,03/02/2010
FLR-08355,RIDGE,5,1.4151532,5981,,,1+1+3,,,R1,J,4,10-04-2015
FLR-08356,RIDGE,5,0.8181,5978,,,1+1+3,,,R1,J,4,30/03/2010
FLR-08357,RIDGE,5,1.0366,0,,,1+1+3,,,R1,F,3,04/03/2010
FLR-08358,RIDGE,4,0.5318,5130,,,4D,,,R1,F,3,07/02/2005
FLR-08359,RIDGE,5,0.917,5719,,,1+1+3,,,R1,A,1,05/02/2009
FLR-08360,LAMP,10,1.621767,2,N-046,8912.6386,,17,0,,,,
FLR-08361,RIDGE,7,0.3165,5151,,,7i,,,R1,U,11,01/02/2010
FLR-08362,RIDGE,5,1.2381476,0,,,1+1+3,,,R1,U,11,26/03/2015
FLR-08363,RIDGE,4,0.752,0,,,1+31,,,R1,V,12,26/01/2010
FLR-08364,RIDGE,5,0.358,0,,,5R1,,,R1,N,6,02/04/2010
FLR-08365,LAMP,7,1.6034416,1,N-011,2270.1569,,7,1,,,,
FLR-08366,LAMP,5,1.0709346,2,N-003,17383.9248,,2,0,,,,
FLR-08367,LAMP,5,1.2682666,3,N-042,1731.5472,,2,0,,,,
FLR-08368,LAMP,4,1.0568707,2,N-003,18025.8308,,0,0,,,,
FLR-08369,RIDGE,5,0.8474,0,,,1+1+3,,,R1,J,4,06/02/2010
FLR-08370,LAMP,5,0.3079917,1,N-025,15175.2851,,4,0,,,,
FLR-08371,RIDGE,5,0.3200334,5726,,,5R1,,,R1,S,9,01-04-2015
FLR-08372,RIDGE,5,1.109,0,,,1+1+3,,,R1,D,2,18/03/2009
FLR-08373,RIDGE,5,1.0337,0,,,5R3,,,R2,K,5,03/06/2012
FLR-08374,RIDGE,5,1.0136,0,,,5R3,,,R2,P,7,05/03/2011
FLR-08375,RIDGE,5,1.1434238,0,,,1+1+3,,,R1,U,11,26/03/2015
FLR-08376,RIDGE,5,0.782,5978,,,1+1+3,,,R1,J,4,31/01/2009
FLR-08377,LAMP,5,1.170147,4,N-019,3670.471,,2,0,,,,
FLR-08378,LAMP,6,1.4722416,1,N-005,942.7453,,16,0,,,,
FLR-08379,LAMP,5,0.5961673,2,N-003,17294.0243,,4,0,,,,
FLR-08380,RIDGE,2,0.7761062,0,,,2-SMUDGE,,,R1,U,11,26/03/2015
FLR-08381,RIDGE,5,0.2937071,0,,,5R1,,,R1,A,1,02/03/2015
FLR-08382,RIDGE,5,0.6566143,0,,,2+3,,,R1,U,11,26/03/2015
FLR-08383,RIDGE,5,0.5368,5727,,,5R2,,,R1,F,3,04/03/2010
FLR-08384,RIDGE,6,1.3608,0,,,6R,,,R2,P,7,24/04/2008
FLR-08385,RIDGE,8,1.8108,0,,,8-SMUDGE,,,R1,F,3,04/03/2010
FLR-08386,RIDGE,4,1.0742521,0,,,4R2,,,R1,A,1,02/03/2015
FLR-08387,RIDGE,5,0.3453,5987,,,5R1,,,R1,J,4,03/05/2008
FLR-08388,RIDGE,5,0.783,0,,,1+1+3,,,R1,D,2,06/02/2010
FLR-08389,RIDGE,5,1.602752,0,,,1+1+3,,,R1,J,4,12/05/2016
FLR-08390,RIDGE,7,1.2487,0,,,7D1,,,R1,F,3,04/03/2010
FLR-08391,RIDGE,5,1.1556,0,,,5R3,,,R2,P,7,25/04/2008
FLR-08392,LAMP,5,1.3404936,5,N-015,12434.4757,,2,0,,,,
FLR-08393,LAMP,5,0.4898833,1,N-021,19932.829,,4,0,,,,
FLR-08394,RIDGE,7,0.329,0,,,7i,,,R1,V,12,03/02/2010
FLR-08395,RIDGE,6,0.41,0,,,6i,,,R1,V,12,03/02/2010
FLR-08396,RIDGE,5,0.7950629,0,,,1+1+3,,,R1,J,4,12/05/2016
FLR-08397,RIDGE,5,1.3218833,0,,,1+1+3,,,R1,J,4,10-04-2015
FLR-08398,LAMP,5,0.6449959,2,N-012,10062.3832,,15,0,,,,
FLR-08399,RIDGE,5,0.8819,0,,,1+1+3,,,R1,J,4,06/02/2010
FLR-08400,LAMP,5,0.7330245,2,N-003,17290.3455,,2,0,,,,
FLR-08401,LAMP,5,0.3211256,2,N-010,21233.726,,4,0,,,,
FLR-08402,RIDGE,5,1.0662,0,,,5R3,,,R2,P,7,25/04/2008
FLR-08403,RIDGE,7,0.622,0,,,7i,,,R1,A,1,25/02/2010
FLR-08404,RIDGE,5,0.3019555,0,,,5R1,,,R1,U,11,31-03-2015
FLR-08405,LAMP,5,1.3681466,3,N-014,5193.4236,,2,0,,,,
FLR-08406,RIDGE,5,1.0957333,5586,,,1+1+3,,,R1,A,1,02/03/2015
FLR-08407,RIDGE,5,0.3347,5987,,,5R1,,,R1,J,4,30/03/2010
FLR-08408,RIDGE,5,0.351,0,,,5R1,,,R1,V,12,03/02/2010
FLR-08409,LAMP,5,1.3091671,3,N-028,27410.4753,,2,0,,,,
FLR-08410,RIDGE,7,0.284,0,,,7i,,,R1,D,2,18/03/2009
FLR-08411,LAMP,5,0.3405417,1,N-001,555.8928,,4,0,,,,
FLR-08412,RIDGE,5,1.1665856,0,,,1+1+3,,,R1,A,1,02/03/2015
FLR-08413,RIDGE,5,1.3071,5727,,,1+1+3,,,R1,F,3,12/02/2010
FLR-08414,RIDGE,5,1.2185259,0,,,1+1+3,,,R1,A,1,02/03/2015
FLR-08415,LAMP,5,0.9837834,1,N-024,14612.645,,2,0,,,,
FLR-08416,RIDGE,3,0.298584,5712,,,3D,,,R1,A,1,24-04-2016
FLR-08417,RIDGE,5,0.7261,5727,,,1+1+3,,,R1,F,3,06/03/2005
FLR-08418,RIDGE,7,0.357,0,,,7i,,,R1,A,1,25/03/2008
FLR-08419,RIDGE,5,1.02,0,,,1+1+3,,,R1,V,12,03/02/2010
FLR-08420,RIDGE,3,0.5048252,0,,,3-SMUDGE,,,R1,A,1,16-04-2014
FLR-08421,LAMP,5,1.018411,2,N-041,2895.448,,2,0,,,,
FLR-08422,LAMP,5,1.2919667,1,N-042,1068.9632,,2,0,,,,
FLR-08423,LAMP,5,1.2840833,3,N-015,12464.5815,,2,0,,,,
FLR-08424,RIDGE,5,1.0168334,5151,,,1+1+3,,,R1,U,11,26/03/2015
FLR-08425,RIDGE,5,0.327,0,,,5R1,,,R1,T,10,26/01/2010
FLR-08426,RIDGE,5,0.31055,5759,,,5R1,,,R1,S,9,01-04-2015
FLR-08427,RIDGE,5,1.3691666,0,,,1+1+3,,,R1,U,11,26/03/2015
FLR-08428,RIDGE,5,0.89,0,,,1+1+3,,,R1,D,2,18/03/2009
FLR-08429,RIDGE,5,1.1764519,0,,,1+1+3,,,R1,A,1,02/03/2015
FLR-08430,RIDGE,5,0.5292,5727,,,5R2,,,R1,F,3,04/03/2010
FLR-08431,RIDGE,5,0.3171911,0,,,5R1,,,R1,S,9,01-04-2015
FLR-08432,RIDGE,5,0.305,0,,,5R1,,,R1,D,2,01/04/2010
FLR-08433,RIDGE,6,0.319,0,,,6i,,,R1,T,10,10/03/2010
FLR-08434,RIDGE,5,1.2848667,9999,,,5R3,,,R2,ZZZ,13,12-04-2016
FLR-08435,RIDGE,4,0.783,0,,,4R2,,,R1,A,1,28/02/2010
FLR-08436,LAMP,2,0.7761062,2,N-011,1869.4486,,17,0,,,,
FLR-08437,RIDGE,5,1.3827083,0,,,1+1+3,,,R1,U,11,31-03-2015
FLR-08438,LAMP,8,1.28575,2,N-032,10124.8378,,9,0,,,,
FLR-08439,LAMP,9,0.398375,2,N-019,4388.8961,,11,1,,,,
FLR-08440,LAMP,5,1.1746035,2,N-022,27708.283,,2,0,,,,
FLR-08441,RIDGE,5,0.335,0,,,5R1,,,R1,V,12,26/01/2010
FLR-08442,RIDGE,5,1.0978,0,,,5R3,,,R2,K,5,03/06/2012
FLR-08443,RIDGE,5,1.341375,5151,,,1+1+3,,,R1,U,11,19-03-2015
FLR-08444,RIDGE,5,0.3342667,5726,,,5R1,,,R1,S,9,01-04-2015
FLR-08445,RIDGE,8,0.1869,5703,,,8i,,,R1,F,3,23/01/2005
FLR-08446,RIDGE,4,1.3291,0,,,4-SMUDGE,,,R2,K,5,03/06/2012
FLR-08447,RIDGE,5,0.367,0,,,5R1,,,R1,N,6,02/04/2010
FLR-08448,LAMP,5,1.1701191,2,N-011,813.3204,,2,0,,,,
FLR-08449,RIDGE,4,0.7640217,0,,,4R2,,,R1,A,1,02/03/2015
FLR-08450,RIDGE,5,0.7296,5561,,,1+1+3,,,R1,F,3,23/01/2005
FLR-08451,RIDGE,5,1.41395,0,,,1+1+3,,,R1,A,1,16-04-2014
FLR-08452,RIDGE,5,0.308608,0,,,5R1,,,R1,J,4,12/05/2016
FLR-08453,LAMP,5,0.494266,2,N-018,33730.6585,,4,0,,,,
FLR-08454,LAMP,5,1.0367666,1,N-024,14585.6391,,2,0,,,,
FLR-08455,RIDGE,8,0.3294055,0,,,8i,,,R1,A,1,16-04-2014
FLR-08456,RIDGE,4,0.5263,5722,,,4D,,,R1,F,3,09/03/2005
FLR-08457,RIDGE,4,1.137375,5720,,,4R2,,,R1,A,1,16-04-2014
FLR-08458,RIDGE,5,1.4985,5981,,,1+1+3,,,R1,J,4,03/05/2008
FLR-08459,RIDGE,5,0.0984,0,,,5-SMUDGE,,,R1,F,3,04/03/2010
FLR-08460,LAMP,7,0.33205,2,N-025,15068.0553,,8,0,,,,
FLR-08461,RIDGE,5,1.0898,0,,,5R3,,,R2,K,5,03/06/2012
FLR-08462,RIDGE,5,0.864,0,,,1+1+3,,,R1,V,12,03/02/2010
FLR-08463,LAMP,5,1.2705041,2,N-014,5151.8656,,2,0,,,,
FLR-08464,RIDGE,5,1.2012972,0,,,1+1+3,,,R1,U,11,19-03-2015
FLR-08465,RIDGE,5,1.5625084,5987,,,1+1+3,,,R1,J,4,12-05-2016
FLR-08466,LAMP,4,1.0225528,2,N-003,15801.5608,,0,0,,,,
FLR-08467,RIDGE,9,1.4268,0,,,9R,,,R2,P,7,05/03/2011
FLR-08468,LAMP,5,1.4175833,1,N-030,9497.9152,,2,0,,,,
FLR-08469,RIDGE,8,1.5095,0,,,8R,,,R2,K,5,02/06/2012
FLR-08470,RIDGE,5,0.334,0,,,5R1,,,R1,T,10,17/04/2010
FLR-08471,RIDGE,5,1.4943084,5586,,,1+1+3,,,R1,A,1,02/03/2015
FLR-08472,RIDGE,9,0.436707,0,,,9i,,,R1,A,1,16-04-2014
FLR-08473,LAMP,5,1.154405,1,N-019,3345.372,,2,0,,,,
FLR-08474,RIDGE,5,1.0556,0,,,5R3,,,R2,K,5,03/06/2012
FLR-08475,RIDGE,5,1.0805916,5586,,,1+1+3,,,R1,A,1,02-03-2015
FLR-08476,LAMP,4,0.8819159,2,N-002,14825.0252,,0,0,,,,
FLR-08477,RIDGE,4,0.766,0,,,1+31,,,R1,F,3,04/03/2010
FLR-08478,RIDGE,5,0.7045598,0,,,1+1+3,,,R1,J,4,12-05-2016
FLR-08479,RIDGE,5,1.118,0,,,5-SMUDGE,,,R1,V,12,03/02/2010
FLR-08480,RIDGE,5,1.3922,5981,,,1+1+3,,,R1,J,4,03/05/2008
FLR-08481,LAMP,5,0.8058744,2,N-013,20621.6538,,2,0,,,,
FLR-08482,RIDGE,7,1.2514,0,,,7D1,,,R1,F,3,04/03/2010
FLR-08483,RIDGE,5,0.7307017,0,,,1+1+3,,,R1,A,1,02/03/2015
FLR-08484,LAMP,5,0.8447333,1,N-001,149.3956,,2,0,,,,
FLR-08485,LAMP,5,0.313525,1,N-042,2576.296,,2,0,,,,
FLR-08486,RIDGE,5,1.2673084,5560,,,1+1+3,,,R1,F,3,31/03/2015
FLR-08487,RIDGE,5,1.2406007,5586,,,1+1+3,,,R1,A,1,02/03/2015
FLR-08488,LAMP,5,1.2617333,2,N-020,11598.1408,,2,0,,,,
FLR-08489,RIDGE,5,1.2884917,5560,,,1+1+3,,,R1,F,3,31/03/2015
FLR-08490,RIDGE,4,0.779,0,,,1+31,,,R1,V,12,22/01/2010
FLR-08491,LAMP,5,0.7728752,1,N-013,20633.0536,,2,0,,,,
FLR-08492,LAMP,5,1.067875,1,N-002,14432.6426,,2,0,,,,
FLR-08493,RIDGE,5,0.4809,5727,,,5R2,,,R1,F,3,12/02/2010
FLR-08494,LAMP,4,1.0172528,2,N-003,16976.7114,,0,0,,,,
FLR-08495,LAMP,5,1.2031333,1,N-011,906.7113,,2,0,,,,
FLR-08496,RIDGE,7,0.315,0,,,7i,,,R1,V,12,22/01/2010
FLR-08497,LAMP,23,1.28625,2,N-035,30913.077,,17,0,,,,
FLR-08498,RIDGE,5,1.2367,0,,,5R3,,,R2,P,7,05/03/2011
FLR-08499,RIDGE,4,0.9850994,0,,,4R2,,,R1,A,1,02/03/2015
FLR-08500,RIDGE,7,1.0207,5722,,,7D1,,,R1,F,3,12/02/2010
FLR-08501,RIDGE,4,0.5007,0,,,4-SMUDGE,,,R1,F,3,04/03/2010
FLR-08502,RIDGE,5,0.5806,5987,,,5R2,,,R1,J,4,06/02/2010
FLR-08503,RIDGE,5,1.2680083,0,,,1+1+3,,,R1,U,11,31-03-2015
FLR-08504,RIDGE,4,0.7635517,0,,,4R2,,,R2,ZZZ,13,12-04-2016
FLR-08505,RIDGE,5,1.1002083,0,,,1+1+3,,,R1,A,1,02-03-2015
FLR-08506,RIDGE,5,0.839199,0,,,1+1+3,,,R1,A,1,02/03/2015
FLR-08507,LAMP,5,1.1764519,2,N-003,15531.0327,,2,0,,,,
FLR-08508,RIDGE,5,0.7768,5978,,,1+1+3,,,R1,J,4,30/03/2010
FLR-08509,RIDGE,4,0.5229,5722,,,4D,,,R1,F,3,04/03/2010
FLR-08510,RIDGE,5,1.15,0,,,1+1+3,,,R1,D,2,18/03/2009
FLR-08511,LAMP,5,0.8991,1,N-005,878.212,,2,0,,,,
FLR-08512,LAMP,5,0.3129689,1,N-035,31389.1349,,4,0,,,,
FLR-08513,LAMP,5,1.0607417,1,N-003,16749.8706,,2,0,,,,
FLR-08514,LAMP,5,1.13985,1,N-002,13819.1076,,2,0,,,,
FLR-08515,RIDGE,5,0.4186,0,,,5-SMUDGE,,,R1,U,11,16/02/2009
FLR-08516,RIDGE,5,1.1914174,0,,,1+1+3,,,R1,J,4,10-04-2015
FLR-08517,RIDGE,9,0.3483833,0,,,9i,,,R1,A,1,02/03/2015
FLR-08518,RIDGE,5,1.513,0,,,1+1+3,,,R1,D,2,20/03/2008
FLR-08519,RIDGE,5,0.3323173,0,,,5R1,,,R1,U,11,26/03/2015
FLR-08520,RIDGE,5,0.35,0,,,5R1,,,R1,N,6,02/04/2010
FLR-08521,RIDGE,5,1.0007,0,,,1+1+3,,,R1,A,1,02/03/2015
FLR-08522,LAMP,5,1.3225417,2,N-020,11582.8405,,2,0,,,,
FLR-08523,RIDGE,5,1.0442583,5560,,,1+1+3,,,R1,F,3,31/03/2015
FLR-08524,RIDGE,5,0.8901,0,,,5R3,,,R2,P,7,25/04/2008
FLR-08525,RIDGE,6,0.811,0,,,6-SMUDGE,,,R1,A,1,25/03/2008
FLR-08526,LAMP,7,1.6536417,3,N-018,33073.6189,,7,0,,,,
FLR-08527,RIDGE,5,0.7906584,5979,,,1+1+3,,,R1,J,4,10-04-2015
FLR-08528,RIDGE,4,1.077,5720,,,4R2,,,R1,A,1,05/02/2009
FLR-08529,RIDGE,5,0.354,0,,,5R1,,,R1,N,6,02/04/2010
FLR-08530,RIDGE,5,0.4865512,0,,,5R2,,,R1,N,6,19/03/2015
FLR-08531,RIDGE,5,0.751,0,,,1+1+3,,,R1,D,2,01/04/2010
FLR-08532,RIDGE,5,0.3245182,0,,,5R1,,,R1,U,11,31-03-2015
FLR-08533,LAMP,23,1.2950166,2,N-035,30921.3355,,17,0,,,,
FLR-08534,RIDGE,5,1.0049583,0,,,1+1+3,,,R1,U,11,31-03-2015
FLR-08535,LAMP,5,0.3185666,1,N-028,28130.8896,,4,0,,,,
FLR-08536,RIDGE,5,1.2840666,5151,,,1+1+3,,,R1,U,11,19-03-2015
FLR-08537,RIDGE,5,0.3173096,0,,,5R1,,,R1,U,11,26/03/2015
FLR-08538,RIDGE,5,0.9848,0,,,5R3,,,R2,P,7,24/04/2008
FLR-08539,RIDGE,5,1.2857822,0,,,1+1+3,,,R1,U,11,31-03-2015
FLR-08540,RIDGE,5,1.1646666,0,,,1+1+3,,,R1,A,1,02/03/2015
FLR-08541,RIDGE,5,1.2087998,0,,,1+1+3,,,R1,U,11,19-03-2015
FLR-08542,RIDGE,5,1.3566917,5151,,,1+1+3,,,R1,U,11,19-03-2015
FLR-08543,RIDGE,5,1.2581583,0,,,1+1+3,,,R1,F,3,31/03/2015
FLR-08544,RIDGE,5,0.3446,5987,,,5R1,,,R1,J,4,03/05/2008
FLR-08545,LAMP,5,1.2738917,1,N-012,10015.7784,,2,0,,,,
FLR-08546,RIDGE,5,0.328,0,,,5R1,,,R1,D,2,20/03/2008
FLR-08547,RIDGE,5,1.348,0,,,1+1+3,,,R1,V,12,16/01/2010
FLR-08548,LAMP,5,1.2796334,2,N-038,3595.073,,2,0,,,,
FLR-08549,RIDGE,5,0.3789,6058,,,5R1,,,R1,U,11,11/02/2010
FLR-08550,LAMP,5,1.2209721,3,N-045,5035.1707,,2,0,,,,
FLR-08551,RIDGE,5,1.09,0,,,1+1+3,,,R1,D,2,20/03/2008
FLR-08552,RIDGE,5,1.0665214,0,,,1+1+3,,,R1,A,1,02/03/2015
FLR-08553,LAMP,5,0.487982,2,N-012,9397.8651,,4,0,,,,
FLR-08554,RIDGE,5,0.6488667,0,,,2+3,,,R1,S,9,01-04-2015
FLR-08555,RIDGE,5,0.804,0,,,1+1+3,,,R1,R,8,19/04/2008
FLR-08556,LAMP,8,0.3709334,2,N-016,21364.369,,13,0,,,,
FLR-08557,RIDGE,5,1.345,0,,,1+1+3,,,R1,V,12,26/01/2010
FLR-08558,RIDGE,5,1.397,0,,,1+1+3,,,R1,T,10,16/04/2010
FLR-08559,RIDGE,5,0.8857,5981,,,1+1+3,,,R1,J,4,13/04/2010
FLR-08560,RIDGE,5,0.379,5125,,,5R1,,,R1,V,12,03/02/2010
FLR-08561,RIDGE,5,0.323,0,,,5R1,,,R1,T,10,21/01/2010
FLR-08562,LAMP,4,0.7333132,4,N-003,15816.1643,,0,0,,,,
FLR-08563,RIDGE,5,1.3681584,0,,,1+1+3,,,R1,U,11,31-03-2015
FLR-08564,RIDGE,5,0.8350778,0,,,1+1+3,,,R1,F,3,19/03/2015
FLR-08565,RIDGE,5,0.8801833,5586,,,1+1+3,,,R1,A,1,02-03-2015
FLR-08566,RIDGE,5,1.0665,0,,,5R3,,,R2,P,7,25/04/2008
FLR-08567,RIDGE,5,0.5379,0,,,5R2,,,R1,F,3,04/03/2010
FLR-08568,LAMP,5,1.1096155,2,N-012,9483.2073,,2,0,,,,
FLR-08569,LAMP,5,1.2514208,1,N-014,1125.8435,,2,0,,,,
FLR-08570,RIDGE,5,1.121,0,,,1+1+3,,,R1,A,1,17/03/2010
FLR-08571,RIDGE,5,0.477,0,,,5R2,,,R1,R,8,19/04/2008
FLR-08572,RIDGE,5,1.2982,0,,,5R3,,,R2,K,5,03/06/2012
FLR-08573,RIDGE,5,0.7812,0,,,5-SMUDGE,,,R2,P,7,05/03/2011
FLR-08574,RIDGE,5,1.3551416,0,,,1+1+3,,,R1,F,3,31/03/2015
FLR-08575,RIDGE,5,1.364,0,,,5R3,,,R2,P,7,25/04/2008
FLR-08576,RIDGE,5,1.2528333,5560,,,1+1+3,,,R1,F,3,31/03/2015
FLR-08577,RIDGE,7,1.4242583,5151,,,7D2,,,R1,U,11,26/03/2015
FLR-08578,LAMP,8,1.7007723,3,N-030,9653.2471,,9,0,,,,
FLR-08579,RIDGE,5,1.1774417,9999,,,5R3,,,R2,ZZZ,13,12-04-2016
FLR-08580,RIDGE,4,1.3219157,0,,,4R2,,,R1,A,1,02/03/2015
FLR-08581,RIDGE,5,0.334,0,,,5R1,,,R1,T,10,15/04/2010
FLR-08582,RIDGE,5,0.6363167,0,,,2+3,,,R1,U,11,26/03/2015
FLR-08583,RIDGE,8,1.42105,0,,,8D,,,R1,F,3,31/03/2015
FLR-08584,RIDGE,5,0.8373,0,,,5-SMUDGE,,,R1,F,3,04/03/2010
FLR-08585,LAMP,5,1.1659935,2,N-013,20679.3282,,2,0,,,,
FLR-08586,LAMP,5,0.7496954,3,N-046,9478.0353,,2,0,,,,
FLR-08587,RIDGE,5,0.3132334,0,,,5R1,,,R1,A,1,16-04-2014
FLR-08588,LAMP,4,1.2562709,2,N-002,13902.953,,0,0,,,,
FLR-08589,LAMP,5,1.1253498,2,N-012,9486.1852,,2,0,,,,
FLR-08590,RIDGE,5,0.3169,5727,,,5R1,,,R1,F,3,23/03/2008
FLR-08591,RIDGE,5,0.5278,5727,,,5R2,,,R1,F,3,12/02/2010
FLR-08592,RIDGE,5,1.3432,5978,,,1+1+3,,,R1,J,4,15/02/2007
FLR-08593,LAMP,5,1.2022339,2,N-009,874.1797,,2,0,,,,
FLR-08594,RIDGE,5,1.0683,0,,,5R3,,,R2,K,5,03/06/2012
FLR-08595,RIDGE,5,0.9837,5978,,,1+1+3,,,R1,J,4,31/01/2009
FLR-08596,RIDGE,5,1.4949,0,,,5R3,,,R2,K,5,03/06/2012
FLR-08597,RIDGE,5,0.5001388,0,,,5R2,,,R1,U,11,19-03-2015
FLR-08598,LAMP,5,1.0046542,1,N-042,1021.4136,,2,0,,,,
FLR-08599,RIDGE,3,0.5548603,0,,,3-SMUDGE,,,R1,A,1,02-03-2015
FLR-08600,RIDGE,6,0.7976,0,,,6-SMUDGE,,,R1,F,3,04/03/2010
FLR-08601,RIDGE,5,0.344,0,,,5R1,,,R1,N,6,02/04/2010
FLR-08602,RIDGE,5,0.3248,5560,,,5R1,,,R1,F,3,23/01/2005
FLR-08603,RIDGE,5,0.325,0,,,5R1,,,R1,T,10,15/01/2005
FLR-08604,RIDGE,6,1.8232916,5759,,,6-SMUDGE,,,R1,S,9,29-04-2014
FLR-08605,RIDGE,5,0.349,0,,,5R1,,,R1,R,8,19/04/2008
FLR-08606,LAMP,5,0.8199334,1,N-003,18048.3457,,2,0,,,,
FLR-08607,RIDGE,4,1.2965414,0,,,4R2,,,R1,A,1,16-04-2014
FLR-08608,RIDGE,5,0.9149,5981,,,1+1+3,,,R1,J,4,13/04/2010
FLR-08609,RIDGE,5,1.381584,0,,,1+1+3,,,R1,J,4,12/05/2016
FLR-08610,LAMP,5,1.302867,1,N-011,75.5225,,2,0,,,,
FLR-08611,LAMP,5,0.8843917,1,N-001,3987.0032,,2,0,,,,
FLR-08612,LAMP,3,0.31467,2,N-002,11131.14,,5,0,,,,
FLR-08613,RIDGE,7,1.2705,0,,,7R,,,R2,P,7,05/03/2011
FLR-08614,RIDGE,5,1.0276,0,,,5R3,,,R2,K,5,02/06/2012
FLR-08615,RIDGE,5,1.2941881,0,,,1+1+3,,,R1,S,9,01-04-2015
FLR-08616,RIDGE,4,1.1707644,0,,,4R2,,,R1,A,1,02/03/2015
FLR-08617,RIDGE,5,1.2449104,0,,,1+1+3,,,R1,A,1,02/03/2015
FLR-08618,RIDGE,5,0.34,0,,,5R1,,,R1,V,12,03/02/2010
FLR-08619,RIDGE,5,1.051,5727,,,1+1+3,,,R1,F,3,12/02/2010
FLR-08620,LAMP,5,1.5162833,1,N-042,176.7316,,2,0,,,,
FLR-08621,LAMP,15,0.7138583,1,N-024,7473.0071,,17,0,,,,
FLR-08622,LAMP,4,1.0307395,2,N-001,190.133,,0,0,,,,
FLR-08623,RIDGE,4,0.665,0,,,4-SMUDGE,,,R1,V,12,03/02/2010
FLR-08624,RIDGE,5,1.522225,6052,,,1+1+3,,,R1,S,9,29-04-2014
FLR-08625,LAMP,5,1.2191237,3,N-020,11735.4687,,2,0,,,,
FLR-08626,RIDGE,4,0.4432,0,,,4R1,,,R2,P,7,25/04/2008
FLR-08627,RIDGE,5,0.337,0,,,5R1,,,R1,R,8,10/04/2008
FLR-08628,RIDGE,5,1.6623334,9999,,,5-SMUDGE,,,R2,ZZZ,13,12-04-2016
FLR-08629,RIDGE,5,1.3330101,0,,,1+1+3,,,R1,U,11,31-03-2015
FLR-08630,RIDGE,4,0.3757269,0,,,4R1,,,R1,A,1,02/03/2015
FLR-08631,LAMP,5,1.2670333,1,N-042,1050.0943,,2,0,,,,
FLR-08632,RIDGE,6,1.4058,0,,,6R,,,R2,K,5,03/06/2012
FLR-08633,RIDGE,5,1.07,0,,,1+1+3,,,R1,V,12,03/02/2010
FLR-08634,RIDGE,5,1.1707,5727,,,1+1+3,,,R1,F,3,04/03/2010
FLR-08635,RIDGE,5,0.336,0,,,5R1,,,R1,T,10,04/02/2010
FLR-08636,LAMP,5,1.2297417,3,N-041,3605.746,,2,0,,,,
FLR-08637,RIDGE,5,0.3106923,0,,,5R1,,,R1,J,4,10-04-2015
FLR-08638,RIDGE,5,1.010392,0,,,1+1+3,,,R1,A,1,02/03/2015
FLR-08639,RIDGE,7,1.001,0,,,7D1,,,R1,R,8,19/04/2008
FLR-08640,RIDGE,5,1.0521,5978,,,1+1+3,,,R1,J,4,15/02/2007
FLR-08641,RIDGE,10,0.4880616,0,,,10i,,,R1,U,11,31-03-2015
FLR-08642,RIDGE,5,1.2774953,0,,,1+1+3,,,R1,J,4,12/05/2016
FLR-08643,RIDGE,5,0.3157,5562,,,5R1,,,R1,U,11,11/02/2010
FLR-08644,RIDGE,7,1.1653,5722,,,7D1,,,R1,F,3,12/02/2010
FLR-08645,RIDGE,5,0.3234268,0,,,5R1,,,R1,S,9,01-04-2015
FLR-08646,RIDGE,5,0.7637667,0,,,1+1+3,,,R1,J,4,12/05/2016
FLR-08647,RIDGE,5,0.87,0,,,1+1+3,,,R1,D,2,06/02/2010
FLR-08648,LAMP,5,0.3121417,1,N-014,5907.6271,,2,0,,,,
FLR-08649,RIDGE,5,1.1205,5987,,,1+1+3,,,R1,J,4,06/02/2010
FLR-08650,RIDGE,5,0.3329,6058,,,5R1,,,R1,U,11,11/02/2010
FLR-08651,LAMP,5,1.450475,4,N-006,8759.1985,,2,0,,,,
FLR-08652,RIDGE,5,0.325,0,,,5R1,,,R1,D,2,21/03/2008
FLR-08653,LAMP,5,0.6415,5,N-041,3649.8529,,15,0,,,,
FLR-08654,RIDGE,5,1.1399583,5151,,,1+1+3,,,R1,U,11,26/03/2015
FLR-08655,LAMP,5,1.1511118,2,N-001,7282.2033,,2,0,,,,
FLR-08656,LAMP,5,1.2597417,3,N-013,20719.8242,,2,0,,,,
FLR-08657,RIDGE,5,1.1458286,0,,,1+1+3,,,R1,F,3,31/03/2015
FLR-08658,LAMP,5,0.32675,1,N-041,4465.0427,,2,0,,,,
FLR-08659,RIDGE,5,0.6884286,0,,,1+1+3,,,R1,J,4,12-05-2016
FLR-08660,RIDGE,4,1.2412997,0,,,4R2,,,R1,A,1,02/03/2015
FLR-08661,RIDGE,5,0.335,0,,,5R1,,,R1,V,12,22/01/2010
FLR-08662,RIDGE,5,0.7992,5978,,,1+1+3,,,R1,J,4,03/05/2008
FLR-08663,RIDGE,5,0.6649,5561,,,5-SMUDGE,,,R1,F,3,23/01/2005
FLR-08664,LAMP,5,0.7240628,2,N-045,6023.1778,,2,0,,,,
FLR-08665,LAMP,8,1.42105,2,N-015,13180.0318,,9,1,,,,
FLR-08666,LAMP,5,0.7972957,3,N-003,16838.0573,,2,0,,,,
FLR-08667,RIDGE,5,0.352,0,,,5R1,,,R1,R,8,11/04/2008
FLR-08668,LAMP,6,1.9205,3,N-023,31646.5807,,16,1,,,,
FLR-08669,LAMP,5,0.4781874,2,N-018,33710.4805,,4,0,,,,
FLR-08670,LAMP,5,0.3070833,1,N-025,15188.7398,,4,0,,,,
FLR-08671,RIDGE,5,0.524,0,,,5R2,,,R1,N,6,02/04/2010
FLR-08672,RIDGE,5,1.2782615,0,,,1+1+3,,,R1,F,3,31/03/2015
FLR-08673,RIDGE,4,0.58,0,,,4D,,,R1,V,12,03/02/2010
FLR-08674,RIDGE,6,1.496,0,,,6R,,,R2,P,7,05/03/2011
FLR-08675,RIDGE,5,0.3054755,0,,,5R1,,,R1,S,9,07-04-2015
FLR-08676,LAMP,5,0.3220509,3,N-040,105.7446,,2,0,,,,
FLR-08677,RIDGE,5,0.7805,5561,,,1+1+3,,,R1,F,3,09/02/2009
FLR-08678,RIDGE,5,0.8761,5978,,,1+1+3,,,R1,J,4,30/03/2010
FLR-08679,RIDGE,5,0.832,0,,,1+1+3,,,R1,A,1,20/01/2010
FLR-08680,RIDGE,5,1.1714,5720,,,1+1+3,,,R1,A,1,16-04-2014
FLR-08681,LAMP,5,0.4685075,2,N-014,5887.875,,4,0,,,,
FLR-08682,RIDGE,5,1.2384,5727,,,1+1+3,,,R1,F,3,12/02/2010
FLR-08683,RIDGE,5,0.7813,5978,,,1+1+3,,,R1,J,4,31/01/2009
FLR-08684,RIDGE,5,0.8274333,5151,,,1+1+3,,,R1,U,11,19-03-2015
FLR-08685,RIDGE,5,0.3201583,6052,,,5R1,,,R1,S,9,29-04-2014
FLR-08686,RIDGE,5,1.3087,5560,,,1+1+3,,,R1,F,3,31/03/2015
FLR-08687,RIDGE,5,0.325,0,,,5R1,,,R1,V,12,22/01/2010
FLR-08688,RIDGE,5,1.032,0,,,1+1+3,,,R1,R,8,19/04/2008
FLR-08689,RIDGE,5,0.911825,0,,,1+1+3,,,R1,A,1,02/03/2015
FLR-08690,LAMP,5,1.272275,2,N-001,7298.4426,,2,0,,,,
FLR-08691,LAMP,5,0.3312917,2,N-028,28173.3237,,4,0,,,,
FLR-08692,RIDGE,6,0.1955,5703,,,6i,,,R1,F,3,23/01/2005
FLR-08693,RIDGE,5,0.806875,5981,,,1+1+3,,,R1,J,4,10-04-2015
FLR-08694,RIDGE,5,0.857,0,,,1+1+3,,,R1,N,6,02/04/2010
FLR-08695,RIDGE,7,0.364,0,,,7i,,,R1,A,1,25/03/2008
FLR-08696,LAMP,5,0.7407666,1,N-013,20629.1017,,2,0,,,,
FLR-08697,RIDGE,5,1.1109667,5720,,,1+1+3,,,R1,A,1,16-04-2014
FLR-08698,LAMP,5,0.5168987,4,N-003,18061.4645,,4,0,,,,
FLR-08699,RIDGE,5,0.7412583,5981,,,1+1+3,,,R1,J,4,10-04-2015
FLR-08700,LAMP,5,1.1465686,1,N-003,17426.3526,,2,0,,,,
FLR-08701,RIDGE,5,0.324,5126,,,5R1,,,R1,V,12,26/01/2010
FLR-08702,RIDGE,5,1.069,0,,,1+1+3,,,R1,R,8,19/04/2008
FLR-08703,RIDGE,5,0.8199334,5586,,,1+1+3,,,R1,A,1,02/03/2015
FLR-08704,LAMP,5,1.4485595,1,N-038,3766.7085,,2,0,,,,
FLR-08705,LAMP,5,0.342328,3,N-040,194.754,,4,0,,,,
FLR-08706,RIDGE,4,0.403,0,,,1+32,,,R1,N,6,02/04/2010
FLR-08707,LAMP,5,0.3239183,2,N-040,76.9592,,4,0,,,,
FLR-08708,LAMP,5,1.2611584,1,N-042,1046.4793,,2,0,,,,
FLR-08709,LAMP,7,1.5867991,2,N-011,1882.2066,,7,1,,,,
FLR-08710,RIDGE,6,0.49,0,,,6i,,,R1,D,2,21/03/2008
FLR-08711,RIDGE,5,1.1636603,5981,,,1+1+3,,,R1,J,4,10-04-2015
FLR-08712,RIDGE,5,0.797825,0,,,1+1+3,,,R1,S,9,01-04-2015
FLR-08713,RIDGE,5,0.9822109,0,,,1+1+3,,,R1,A,1,02/03/2015
FLR-08714,LAMP,5,0.3094,1,N-025,15193.4982,,4,0,,,,
FLR-08715,RIDGE,5,0.309,0,,,5R1,,,R1,D,2,21/03/2008
FLR-08716,LAMP,7,1.0600925,2,N-032,10085.6512,,7,0,,,,
FLR-08717,LAMP,5,1.155175,4,N-011,1134.2186,,2,0,,,,
FLR-08718,LAMP,5,1.3772575,5,N-015,12430.2041,,2,0,,,,
FLR-08719,RIDGE,7,1.3033,5561,,,7D1,,,R1,F,3,03/03/2010
FLR-08720,LAMP,5,1.2402265,4,N-005,3303.5033,,2,0,,,,
FLR-08721,RIDGE,6,0.627326,0,,,6-SMUDGE,,,R1,J,4,12/05/2016
FLR-08722,LAMP,5,0.3322769,2,N-040,184.9206,,4,0,,,,
FLR-08723,LAMP,5,0.87825,1,N-003,17196.4604,,2,0,,,,
FLR-08724,RIDGE,5,1.1375333,0,,,1+1+3,,,R1,U,11,31-03-2015
FLR-08725,RIDGE,8,0.4577,6035,,,8i,,,R1,U,11,11/02/2010
FLR-08726,RIDGE,8,0.3718583,5759,,,8i,,,R1,S,9,29-04-2014
FLR-08727,RIDGE,5,1.2321,0,,,5R3,,,R2,K,5,03/06/2012
FLR-08728,RIDGE,5,0.8334932,5586,,,1+1+3,,,R1,A,1,02/03/2015
FLR-08729,RIDGE,4,0.7375622,0,,,4R2,,,R1,A,1,02/03/2015
FLR-08730,LAMP,5,0.3226917,1,N-041,4485.2243,,2,0,,,,
FLR-08731,LAMP,5,1.3402152,1,N-013,20758.2031,,2,0,,,,
FLR-08732,LAMP,5,0.3185334,2,N-031,242.8949,,4,0,,,,
FLR-08733,RIDGE,5,1.2187911,0,,,1+1+3,,,R1,U,11,19-03-2015
FLR-08734,LAMP,5,0.89385,1,N-003,15505.3729,,2,0,,,,
FLR-08735,RIDGE,6,0.9022667,5586,,,6-SMUDGE,,,R1,A,1,02/03/2015
FLR-08736,LAMP,5,0.3226917,1,N-027,13126.1299,,4,0,,,,
FLR-08737,LAMP,5,0.3154667,2,N-028,28241.8905,,4,0,,,,
FLR-08738,RIDGE,5,1.1557,0,,,5R3,,,R2,K,5,03/06/2012
FLR-08739,RIDGE,5,0.338,0,,,5R1,,,R1,T,10,26/01/2010
FLR-08740,RIDGE,5,1.208,0,,,5R3,,,R2,P,7,05/03/2011
FLR-08741,RIDGE,5,1.2715251,0,,,1+1+3,,,R1,A,1,02/03/2015
FLR-08742,RIDGE,5,0.5032,5727,,,5R2,,,R1,F,3,04/03/2010
FLR-08743,LAMP,5,1.3431583,2,N-020,11659.4517,,2,0,,,,
FLR-08744,LAMP,5,1.025424,2,N-045,2481.3224,,2,0,,,,
FLR-08745,RIDGE,5,1.4454,0,,,5R3,,,R2,P,7,25/04/2008
FLR-08746,LAMP,5,1.2111883,2,N-011,2167.5064,,2,0,,,,
FLR-08747,RIDGE,5,0.3155,6058,,,5R1,,,R1,U,11,01/02/2010
FLR-08748,RIDGE,5,1.3169834,0,,,1+1+3,,,R1,J,4,10-04-2015
FLR-08749,RIDGE,5,0.537,0,,,5R2,,,R1,N,6,02/04/2010
FLR-08750,LAMP,5,1.3988667,2,N-003,17980.5612,,2,0,,,,
FLR-08751,RIDGE,5,1.1410596,0,,,1+1+3,,,R1,U,11,26/03/2015
FLR-08752,RIDGE,5,0.6961507,0,,,1+1+3,,,R1,A,1,02/03/2015
FLR-08753,RIDGE,8,0.1937,5703,,,8i,,,R1,F,3,23/01/2005
FLR-08754,LAMP,3,0.3851167,1,N-008,12492.216,,12,0,,,,
FLR-08755,LAMP,5,1.2704857,3,N-023,31576.0336,,2,0,,,,
FLR-08756,RIDGE,5,1.315,0,,,5-SMUDGE,,,R1,V,12,26/01/2010
FLR-08757,RIDGE,4,0.5337,5722,,,4D,,,R1,F,3,09/03/2005
FLR-08758,RIDGE,5,0.354,0,,,5R1,,,R1,T,10,12/03/2010
FLR-08759,RIDGE,7,0.3062583,0,,,7i,,,R1,J,4,10-04-2015
FLR-08760,LAMP,7,0.3127083,2,N-001,4428.5444,,8,0,,,,
FLR-08761,LAMP,5,1.4206478,2,N-045,5187.6687,,2,0,,,,
FLR-08762,RIDGE,4,0.9900942,0,,,4R2,,,R1,A,1,02/03/2015
FLR-08763,LAMP,5,1.27815,2,N-023,31592.844,,2,0,,,,
FLR-08764,RIDGE,5,0.695,0,,,2+3,,,R1,V,12,16/01/2010
FLR-08765,RIDGE,7,0.4985,5727,,,7i,,,R1,F,3,04/03/2010
FLR-08766,RIDGE,5,1.152478,0,,,1+1+3,,,R1,U,11,26/03/2015
FLR-08767,LAMP,5,1.3209579,4,N-019,3715.6078,,2,0,,,,
FLR-08768,LAMP,5,1.608768,2,N-045,2753.474,,2,0,,,,
FLR-08769,RIDGE,6,0.7525,0,,,6-SMUDGE,,,R1,F,3,04/03/2010
FLR-08770,RIDGE,5,1.2693,0,,,1+1+3,,,R1,S,9,29-04-2014
FLR-08771,RIDGE,5,0.3427,5560,,,5R1,,,R1,F,3,23/01/2005
FLR-08772,RIDGE,5,0.3815833,5759,,,5-SMUDGE,,,R1,S,9,01-04-2015
FLR-08773,RIDGE,5,1.3063,0,,,5R3,,,R2,P,7,05/03/2011
FLR-08774,RIDGE,7,1.6642,0,,,7R,,,R2,K,5,03/06/2012
FLR-08775,RIDGE,5,1.3580334,0,,,1+1+3,,,R1,U,11,31-03-2015
FLR-08776,RIDGE,5,0.326,0,,,5R1,,,R1,T,10,12/03/2010
FLR-08777,LAMP,4,0.8335647,3,N-002,14820.2943,,0,0,,,,
FLR-08778,RIDGE,5,1.2073205,0,,,1+1+3,,,R1,U,11,26/03/2015
FLR-08779,LAMP,4,0.8428146,2,N-036,27040.8991,,0,0,,,,
FLR-08780,LAMP,11,1.6191083,2,N-003,17681.588,,17,0,,,,
FLR-08781,RIDGE,5,1.294,0,,,1+1+3,,,R1,D,2,20/03/2008
FLR-08782,RIDGE,5,0.327401,0,,,5R1,,,R1,S,9,07-04-2015
FLR-08783,RIDGE,5,0.338,0,,,5R1,,,R1,V,12,03/02/2010
FLR-08784,RIDGE,7,0.2138,5703,,,7i,,,R1,F,3,18/02/2005
FLR-08785,RIDGE,6,0.8588481,0,,,6-SMUDGE,,,R1,A,1,02/03/2015
FLR-08786,LAMP,5,1.1693681,2,N-005,885.9923,,2,0,,,,
FLR-08787,RIDGE,5,0.4684,0,,,5R2,,,R1,F,3,31/03/2015
FLR-08788,RIDGE,5,1.2712,5727,,,1+1+3,,,R1,F,3,04/03/2010
FLR-08789,RIDGE,5,1.330075,5151,,,1+1+3,,,R1,U,11,26/03/2015
FLR-08790,RIDGE,5,0.848,0,,,1+1+3,,,R1,F,3,04/03/2010
FLR-08791,LAMP,5,0.6997833,1,N-005,870.2092,,2,0,,,,
FLR-08792,RIDGE,5,0.9036768,0,,,1+1+3,,,R1,F,3,19/03/2015
FLR-08793,LAMP,6,0.2401333,3,N-003,18828.4989,,16,1,,,,
FLR-08794,LAMP,5,0.4738024,2,N-018,33690.5097,,4,0,,,,
FLR-08795,LAMP,5,1.2120229,3,N-023,31657.4831,,2,0,,,,
FLR-08796,RIDGE,4,0.5281,5722,,,4D,,,R1,F,3,02/02/2010
FLR-08797,RIDGE,5,1.2652425,0,,,1+1+3,,,R1,U,11,26/03/2015
FLR-08798,RIDGE,5,1.077,0,,,1+1+3,,,R1,D,2,18/03/2009
FLR-08799,LAMP,7,1.5765262,2,N-015,14666.7309,,7,0,,,,
FLR-08800,LAMP,5,1.3563166,1,N-006,8648.7584,,2,0,,,,
FLR-08801,RIDGE,5,0.5139868,0,,,5R2,,,R1,S,9,29-04-2014
FLR-08802,LAMP,5,0.5006833,1,N-012,10589.8676,,4,0,,,,
FLR-08803,RIDGE,5,0.8009,6035,,,1+1+3,,,R1,U,11,11/02/2010
FLR-08804,RIDGE,5,0.6982147,5151,,,5-SMUDGE,,,R1,U,11,26/03/2015
FLR-08805,RIDGE,5,1.2217,0,,,5R3,,,R2,K,5,03/06/2012
FLR-08806,RIDGE,5,0.3796,6058,,,5R1,,,R1,U,11,24/02/2008
FLR-08807,LAMP,7,1.1458699,4,N-005,3274.2843,,7,0,,,,
FLR-08808,RIDGE,4,0.4991,5722,,,4D,,,R1,F,3,02/02/2010
FLR-08809,RIDGE,5,0.379,0,,,5R1,,,R1,T,10,14/04/2010
FLR-08810,LAMP,5,0.8372,1,N-012,9408.4565,,2,0,,,,
FLR-08811,RIDGE,5,1.09,0,,,5R3,,,R1,A,1,04/03/2005
FLR-08812,RIDGE,5,0.8144706,0,,,1+1+3,,,R1,A,1,02/03/2015
FLR-08813,LAMP,5,0.7763741,2,N-045,6013.6662,,2,0,,,,
FLR-08814,RIDGE,4,0.827222,0,,,4R2,,,R1,A,1,02/03/2015
FLR-08815,RIDGE,5,0.652,0,,,2+3,,,R1,V,12,26/01/2010
FLR-08816,RIDGE,4,0.897,0,,,4R2,,,R1,A,1,25/02/2010
FLR-08817,RIDGE,5,0.822,5981,,,1+1+3,,,R1,J,4,15/02/2007
FLR-08818,RIDGE,5,1.1337917,5759,,,1+1+3,,,R1,S,9,29-04-2014
FLR-08819,RIDGE,5,1.308525,0,,,1+1+3,,,R1,U,11,31-03-2015
FLR-08820,RIDGE,5,0.331224,0,,,5R1,,,R1,A,1,24-04-2016
FLR-08821,RIDGE,3,0.528,0,,,3-SMUDGE,,,R1,A,1,25/02/2010
FLR-08822,RIDGE,4,0.946011,0,,,4R2,,,R1,A,1,02-03-2015
FLR-08823,RIDGE,5,0.976,0,,,1+1+3,,,R1,T,10,15/04/2010
FLR-08824,LAMP,5,0.97785,1,N-017,29109.8829,,2,0,,,,
FLR-08825,RIDGE,6,0.352,0,,,6i,,,R1,A,1,25/03/2008
FLR-08826,RIDGE,9,0.3,0,,,9i,,,R1,T,10,12/03/2010
FLR-08827,RIDGE,8,1.089,0,,,8R,,,R1,V,12,03/02/2010
FLR-08828,LAMP,5,0.4837,1,N-012,10514.3159,,4,0,,,,
FLR-08829,RIDGE,5,0.334525,5759,,,5R1,,,R1,S,9,29-04-2014
FLR-08830,LAMP,5,1.337425,1,N-017,29170.5039,,2,0,,,,
FLR-08831,RIDGE,6,0.3387,0,,,6i,,,R1,F,3,12/02/2010
FLR-08832,RIDGE,5,0.3069028,0,,,5R1,,,R1,J,4,12/05/2016
FLR-08833,RIDGE,8,0.368,0,,,8i,,,R1,T,10,14/04/2010
FLR-08834,RIDGE,5,1.055,0,,,1+1+3,,,R1,D,2,27/03/2008
FLR-08835,RIDGE,5,0.347,0,,,5R1,,,R1,R,8,11/04/2008
FLR-08836,LAMP,5,1.1202981,3,N-011,1174.4726,,2,0,,,,
FLR-08837,RIDGE,6,0.9333205,0,,,6-SMUDGE,,,R1,A,1,02/03/2015
FLR-08838,RIDGE,5,0.3224,5562,,,5R1,,,R1,U,11,24/01/2010
FLR-08839,RIDGE,5,0.3267004,5759,,,5R1,,,R1,S,9,29-04-2014
FLR-08840,LAMP,5,1.19735,3,N-020,13216.0685,,2,0,,,,
FLR-08841,RIDGE,3,0.51,0,,,3-SMUDGE,,,R1,N,6,02/04/2010
FLR-08842,LAMP,5,0.3428709,3,N-023,32260.7086,,2,0,,,,
FLR-08843,LAMP,4,0.9170917,2,N-001,3956.398,,0,0,,,,
FLR-08844,RIDGE,4,0.9509917,0,,,4R2,,,R1,A,1,02-03-2015
FLR-08845,RIDGE,5,0.849,5719,,,1+1+3,,,R1,A,1,05/02/2009
FLR-08846,RIDGE,4,0.391,0,,,1+32,,,R1,N,6,02/04/2010
FLR-08847,RIDGE,5,0.817,0,,,1+1+3,,,R1,N,6,02/04/2010
FLR-08848,RIDGE,7,0.3939667,5759,,,7i,,,R1,S,9,01-04-2015
FLR-08849,LAMP,5,1.3204667,1,N-011,929.2124,,2,0,,,,
FLR-08850,RIDGE,5,0.9719,0,,,1+1+3,,,R1,J,4,06/02/2010
FLR-08851,RIDGE,4,0.5084,5722,,,4D,,,R1,F,3,12/02/2010
FLR-08852,RIDGE,5,0.343,0,,,5R1,,,R1,T,10,10/03/2010
FLR-08853,RIDGE,5,1.4217236,0,,,1+1+3,,,R1,J,4,12/05/2016
FLR-08854,RIDGE,3,0.27962,0,,,3D,,,R1,A,1,02-03-2015
FLR-08855,RIDGE,5,1.3038152,0,,,1+1+3,,,R1,F,3,31/03/2015
FLR-08856,RIDGE,6,1.2446417,5586,,,6-SMUDGE,,,R1,A,1,02-03-2015
FLR-08857,RIDGE,5,1.4810083,5987,,,1+1+3,,,R1,J,4,24-04-2014
FLR-08858,RIDGE,5,0.3190069,0,,,5R1,,,R1,A,1,24-04-2016
FLR-08859,RIDGE,4,0.8217062,0,,,4R2,,,R2,ZZZ,13,12-04-2016
FLR-08860,RIDGE,5,1.1220827,0,,,5R3,,,R2,ZZZ,13,12-04-2016
FLR-08861,RIDGE,5,0.4518785,0,,,5R2,,,R1,F,3,31/03/2015
FLR-08862,RIDGE,5,0.585,0,,,5R2,,,R1,V,12,03/02/2010
FLR-08863,RIDGE,5,0.34,0,,,5R1,,,R1,V,12,03/02/2010
FLR-08864,RIDGE,5,0.532,0,,,5R2,,,R1,N,6,02/04/2010
FLR-08865,RIDGE,5,1.2820667,0,,,1+1+3,,,R1,A,1,02/03/2015
FLR-08866,RIDGE,7,1.3621,5561,,,7D1,,,R1,F,3,03/03/2010
FLR-08867,LAMP,5,0.486575,1,N-012,10536.0161,,4,0,,,,
FLR-08868,LAMP,5,0.3283,1,N-034,10143.4411,,4,0,,,,
FLR-08869,LAMP,4,0.648575,1,N-036,27048.6464,,0,0,,,,
FLR-08870,RIDGE,5,1.2796956,0,,,1+1+3,,,R1,U,11,31-03-2015
FLR-08871,LAMP,5,1.6132082,2,N-046,8368.6035,,2,0,,,,
FLR-08872,RIDGE,5,0.362,0,,,5R1,,,R1,T,10,15/04/2010
FLR-08873,RIDGE,5,0.3493,0,,,5R1,,,R1,U,11,16/02/2009
FLR-08874,RIDGE,5,0.752,5727,,,1+1+3,,,R1,F,3,23/03/2008
FLR-08875,RIDGE,4,0.5156,5722,,,4D,,,R1,F,3,23/03/2008
FLR-08876,RIDGE,5,0.313,0,,,5R1,,,R1,V,12,03/02/2010
FLR-08877,RIDGE,5,1.253,0,,,5R3,,,R2,K,5,03/06/2012
FLR-08878,RIDGE,6,1.2684,0,,,6R,,,R2,K,5,02/06/2012
FLR-08879,RIDGE,5,1.0158,5562,,,1+1+3,,,R1,U,11,24/01/2010
FLR-08880,RIDGE,5,1.0063666,0,,,1+1+3,,,R1,A,1,02/03/2015
FLR-08881,RIDGE,9,0.3865,6058,,,9i,,,R1,U,11,11/02/2010
FLR-08882,LAMP,4,1.220875,2,N-035,30660.7548,,0,0,,,,
FLR-08883,RIDGE,5,0.8133,5979,,,1+1+3,,,R1,J,4,10-04-2015
FLR-08884,RIDGE,5,0.432,0,,,5-SMUDGE,,,R1,V,12,22/01/2010
FLR-08885,LAMP,5,1.2376333,1,N-013,21884.1089,,2,0,,,,
FLR-08886,RIDGE,5,0.8447039,0,,,1+1+3,,,R1,A,1,02/03/2015
FLR-08887,RIDGE,5,0.7282136,0,,,1+1+3,,,R1,A,1,02/03/2015
FLR-08888,RIDGE,4,1.0595726,0,,,4R2,,,R1,A,1,02-03-2015
FLR-08889,LAMP,9,0.4140833,1,N-011,2741.5131,,6,0,,,,
FLR-08890,LAMP,5,0.7456188,3,N-003,17303.4821,,2,0,,,,
FLR-08891,RIDGE,5,1.382,0,,,1+1+3,,,R1,T,10,16/04/2010
FLR-08892,LAMP,5,0.9565345,2,N-002,13827.3072,,2,0,,,,
FLR-08893,RIDGE,5,1.2796334,0,,,1+1+3,,,R1,J,4,24-04-2014
FLR-08894,LAMP,5,1.23505,1,N-014,1167.968,,2,0,,,,
FLR-08895,LAMP,5,1.0919565,2,N-003,16126.3049,,2,0,,,,
FLR-08896,RIDGE,5,0.324,0,,,5R1,,,R1,T,10,21/01/2010
FLR-08897,RIDGE,9,0.3763084,5586,,,9i,,,R1,A,1,02-03-2015
FLR-08898,RIDGE,5,1.27,5727,,,1+1+3,,,R1,F,3,04/03/2010
FLR-08899,RIDGE,5,0.9572636,0,,,1+1+3,,,R1,A,1,02/03/2015
FLR-08900,RIDGE,5,0.7526,5561,,,1+1+3,,,R1,F,3,23/01/2005
FLR-08901,RIDGE,7,0.1802,5703,,,7i,,,R1,F,3,18/02/2005
FLR-08902,RIDGE,5,1.22265,0,,,1+1+3,,,R1,S,9,29-04-2014
FLR-08903,RIDGE,4,1.1263083,0,,,4R2,,,R1,A,1,02/03/2015
FLR-08904,LAMP,5,0.9778728,1,N-032,10060.3185,,2,0,,,,
FLR-08905,RIDGE,5,1.3945753,0,,,1+1+3,,,R1,F,3,31/03/2015
FLR-08906,RIDGE,5,0.9057,5979,,,1+1+3,,,R1,J,4,31/01/2009
FLR-08907,RIDGE,5,1.1284212,0,,,1+1+3,,,R1,U,11,26/03/2015
FLR-08908,RIDGE,5,1.3934416,5981,,,1+1+3,,,R1,J,4,10-04-2015
FLR-08909,RIDGE,5,1.3137905,0,,,1+1+3,,,R1,U,11,31-03-2015
FLR-08910,RIDGE,5,1.235475,5586,,,1+1+3,,,R1,A,1,02/03/2015
FLR-08911,LAMP,5,1.3018197,2,N-013,21887.9789,,2,0,,,,
FLR-08912,RIDGE,5,1.2948525,0,,,1+1+3,,,R1,F,3,31/03/2015
FLR-08913,LAMP,6,1.2175333,1,N-001,3875.6164,,16,1,,,,
FLR-08914,RIDGE,5,1.1489,0,,,5R3,,,R2,P,7,25/04/2008
FLR-08915,LAMP,5,1.258922,2,N-014,5315.1197,,2,0,,,,
FLR-08916,RIDGE,5,0.331,0,,,5R1,,,R1,T,10,10/03/2010
FLR-08917,RIDGE,5,1.3372564,0,,,1+1+3,,,R1,U,11,31-03-2015
FLR-08918,RIDGE,5,0.479818,0,,,5R2,,,R1,U,11,31-03-2015
FLR-08919,LAMP,5,0.329275,1,N-027,13183.3012,,4,0,,,,
FLR-08920,RIDGE,5,1.1659935,0,,,1+1+3,,,R1,U,11,26/03/2015
FLR-08921,RIDGE,9,1.3398,0,,,9R,,,R2,P,7,25/04/2008
FLR-08922,RIDGE,5,0.9771083,0,,,1+1+3,,,R1,A,1,02-03-2015
FLR-08923,RIDGE,5,1.4046,0,,,5R3,,,R2,K,5,03/06/2012
FLR-08924,LAMP,5,0.3335834,1,N-041,4472.6052,,4,0,,,,
FLR-08925,RIDGE,4,0.5351,5722,,,4D,,,R1,F,3,23/02/2008
FLR-08926,RIDGE,5,0.3062916,0,,,5R1,,,R1,J,4,10-04-2015
FLR-08927,LAMP,10,1.6640666,1,N-002,13853.04479,,17,0,,,,
FLR-08928,RIDGE,5,1.0324,0,,,5R3,,,R2,K,5,03/06/2012
FLR-08929,LAMP,5,1.2740777,3,N-011,1219.1881,,2,0,,,,
FLR-08930,RIDGE,6,0.241,0,,,6i,,,R1,A,1,25/02/2010
FLR-08931,RIDGE,5,0.9187,5727,,,1+1+3,,,R1,F,3,23/01/2005
FLR-08932,LAMP,5,0.309646,2,N-031,136.3017,,4,0,,,,
FLR-08933,RIDGE,8,0.454,0,,,8i,,,R1,T,10,12/03/2010
FLR-08934,LAMP,10,0.4446583,1,N-034,10013.6878,,14,1,,,,
FLR-08935,RIDGE,5,1.1157583,5151,,,1+1+3,,,R1,U,11,19-03-2015
FLR-08936,RIDGE,5,0.29,0,,,5R1,,,R1,D,2,21/03/2008
FLR-08937,LAMP,5,1.1973,1,N-015,14665.8226,,2,0,,,,
FLR-08938,RIDGE,5,1.2299142,0,,,1+1+3,,,R1,J,4,10-04-2015
FLR-08939,RIDGE,5,1.0318,5560,,,1+1+3,,,R1,F,3,23/01/2005
FLR-08940,RIDGE,5,0.3285,5727,,,5R1,,,R1,F,3,12/02/2010
FLR-08941,RIDGE,5,1.1262917,0,,,1+1+3,,,R1,A,1,02/03/2015
FLR-08942,LAMP,5,1.341375,1,N-006,8667.2065,,2,0,,,,
FLR-08943,RIDGE,5,1.1202981,0,,,1+1+3,,,R1,U,11,26/03/2015
FLR-08944,RIDGE,5,1.143225,0,,,1+1+3,,,R1,A,1,02-03-2015
FLR-08945,RIDGE,7,1.0224,5722,,,7D1,,,R1,F,3,02/02/2010
FLR-08946,RIDGE,5,1.1718321,5151,,,1+1+3,,,R1,U,11,26/03/2015
FLR-08947,RIDGE,5,1.239975,0,,,1+1+3,,,R1,F,3,31/03/2015
FLR-08948,RIDGE,8,1.262475,0,,,8R,,,R1,A,1,02/03/2015
FLR-08949,RIDGE,5,0.7659416,0,,,1+1+3,,,R1,A,1,02/03/2015
FLR-08950,LAMP,5,1.4181167,1,N-004,25027.4238,,2,0,,,,
FLR-08951,RIDGE,5,0.404,0,,,5R1,,,R1,V,12,26/01/2010
FLR-08952,LAMP,9,0.734,1,N-005,3231.4307,,11,0,,,,
FLR-08953,LAMP,5,0.83445,2,N-003,15939.8682,,2,0,,,,
FLR-08954,RIDGE,5,0.7528,5727,,,1+1+3,,,R1,F,3,26/01/2005
FLR-08955,LAMP,5,0.3340936,2,N-030,10283.3143,,4,0,,,,
FLR-08956,LAMP,5,0.318275,1,N-044,27754.1317,,2,0,,,,
FLR-08957,RIDGE,5,0.3193417,5586,,,5R1,,,R1,A,1,02-03-2015
FLR-08958,RIDGE,4,0.4807,5561,,,4D,,,R1,F,3,03/03/2010
FLR-08959,RIDGE,6,1.2329025,0,,,6-SMUDGE,,,R1,A,1,02/03/2015
FLR-08960,LAMP,5,0.335525,2,N-029,593.4995,,4,0,,,,
FLR-08961,RIDGE,5,1.1625578,0,,,1+1+3,,,R1,U,11,26/03/2015
FLR-08962,LAMP,4,1.246301,2,N-003,17398.9043,,0,0,,,,
FLR-08963,RIDGE,5,0.299704,5979,,,5R1,,,R1,J,4,10-04-2015
FLR-08964,RIDGE,5,1.3617,0,,,1+1+3,,,R1,F,3,23/01/2005
FLR-08965,LAMP,5,1.0742847,1,N-003,15959.2703,,2,0,,,,
FLR-08966,RIDGE,5,0.3340936,0,,,5R1,,,R1,J,4,10-04-2015
FLR-08967,RIDGE,8,1.4971,0,,,8R,,,R2,P,7,05/03/2011
FLR-08968,RIDGE,5,1.2129,5987,,,1+1+3,,,R1,J,4,04/05/2008
FLR-08969,LAMP,5,0.8273051,2,N-003,15833.4985,,2,0,,,,
FLR-08970,RIDGE,5,0.7308625,0,,,1+1+3,,,R1,J,4,12-05-2016
FLR-08971,RIDGE,5,0.798,0,,,1+1+3,,,R1,D,2,18/03/2010
FLR-08972,RIDGE,7,1.0424,5722,,,7D1,,,R1,F,3,12/02/2010
FLR-08973,RIDGE,5,0.4958666,5151,,,5R2,,,R1,U,11,26/03/2015
FLR-08974,RIDGE,6,1.027,5722,,,6-SMUDGE,,,R1,F,3,12/02/2010
FLR-08975,RIDGE,5,0.758,0,,,1+1+3,,,R1,D,2,01/04/2010
FLR-08976,RIDGE,7,1.1552,0,,,7D1,,,R2,P,7,05/03/2011
FLR-08977,LAMP,5,0.3090667,1,N-028,28118.0971,,4,0,,,,
FLR-08978,RIDGE,5,1.1914,5727,,,1+1+3,,,R1,F,3,04/03/2010
FLR-08979,LAMP,4,1.1655,1,N-036,27137.6021,,0,0,,,,
FLR-08980,LAMP,5,1.3579917,3,N-015,12503.6194,,2,0,,,,
FLR-08981,RIDGE,5,0.3270666,5759,,,5R1,,,R1,S,9,29-04-2014
FLR-08982,RIDGE,5,1.260125,0,,,1+1+3,,,R1,U,11,26/03/2015
FLR-08983,RIDGE,5,0.346,0,,,5R1,,,R1,V,12,26/01/2010
FLR-08984,RIDGE,5,1.0009114,0,,,1+1+3,,,R1,A,1,02/03/2015
FLR-08985,RIDGE,5,0.363,0,,,5R1,,,R1,V,12,03/02/2010
FLR-08986,LAMP,5,1.1606992,3,N-011,1165.2129,,2,0,,,,
FLR-08987,RIDGE,7,0.9353,5722,,,7D1,,,R1,F,3,02/02/2010
FLR-08988,RIDGE,5,0.3221305,0,,,5R1,,,R1,J,4,10-04-2015
FLR-08989,RIDGE,5,0.826,0,,,1+1+3,,,R1,D,2,27/03/2008
FLR-08990,RIDGE,5,1.2623586,0,,,1+1+3,,,R1,U,11,31-03-2015
FLR-08991,LAMP,6,0.4051,1,N-001,4337.4875,,16,1,,,,
FLR-08992,RIDGE,5,0.3407,5560,,,5R1,,,R1,F,3,02/03/2005
FLR-08993,LAMP,5,1.285975,2,N-038,3599.6717,,2,0,,,,
FLR-08994,RIDGE,5,0.7301359,0,,,1+1+3,,,R1,A,1,02/03/2015
FLR-08995,LAMP,5,1.2024802,2,N-011,2177.307,,2,0,,,,
FLR-08996,RIDGE,5,0.764,0,,,1+1+3,,,R1,N,6,03/04/2010
FLR-08997,RIDGE,5,0.3266667,5759,,,5R1,,,R1,S,9,07-04-2015
FLR-08998,RIDGE,5,0.8255,5978,,,1+1+3,,,R1,J,4,15/02/2007
FLR-08999,LAMP,5,1.3310701,2,N-013,21892.6914,,2,0,,,,
FLR-09000,RIDGE,5,0.9689138,0,,,1+1+3,,,R1,U,11,19-03-2015
FLR-09001,LAMP,5,1.39545,1,N-030,9517.902,,2,0,,,,
FLR-09002,RIDGE,4,0.63,0,,,4-SMUDGE,,,R1,V,12,22/01/2010
FLR-09003,RIDGE,5,0.8619,5978,,,1+1+3,,,R1,J,4,31/01/2009
FLR-09004,LAMP,5,0.9754723,2,N-038,4346.0941,,2,0,,,,
FLR-09005,RIDGE,5,0.9916971,0,,,1+1+3,,,R1,U,11,26/03/2015
FLR-09006,RIDGE,5,1.2454898,0,,,1+1+3,,,R1,S,9,01-04-2015
FLR-09007,RIDGE,5,1.4485595,5987,,,1+1+3,,,R1,J,4,24-04-2014
FLR-09008,RIDGE,5,1.2790844,0,,,1+1+3,,,R1,A,1,02/03/2015
FLR-09009,RIDGE,4,0.5875,5979,,,1+31,,,R1,J,4,04/05/2008
FLR-09010,RIDGE,5,1.152,0,,,1+1+3,,,R1,R,8,19/04/2008
FLR-09011,RIDGE,5,1.398325,6052,,,1+1+3,,,R1,S,9,29-04-2014
FLR-09012,RIDGE,5,0.4937,5727,,,5R2,,,R1,F,3,04/03/2010
FLR-09013,RIDGE,5,1.3137923,0,,,1+1+3,,,R1,F,3,31/03/2015
FLR-09014,RIDGE,4,0.5108,5722,,,4D,,,R1,F,3,02/02/2010
FLR-09015,RIDGE,5,1.1525916,9999,,,5R3,,,R2,ZZZ,13,12-04-2016
FLR-09016,RIDGE,5,0.314832,0,,,5R1,,,R1,A,1,24-04-2016
FLR-09017,LAMP,5,0.7381834,1,N-010,21223.1169,,2,0,,,,
FLR-09018,RIDGE,5,0.8981,0,,,1+1+3,,,R1,J,4,04/05/2008
FLR-09019,RIDGE,4,0.5365,0,,,4D,,,R1,F,3,04/03/2010
FLR-09020,LAMP,5,0.365775,3,N-003,17330.5073,,4,0,,,,
FLR-09021,RIDGE,5,1.146,0,,,1+1+3,,,R1,R,8,19/04/2008
FLR-09022,RIDGE,5,1.2361916,5759,,,1+1+3,,,R1,S,9,01-04-2015
FLR-09023,LAMP,5,1.1492323,4,N-011,1215.2897,,2,0,,,,
FLR-09024,RIDGE,5,1.2262953,0,,,1+1+3,,,R1,U,11,31-03-2015
FLR-09025,RIDGE,5,1.1996833,5560,,,1+1+3,,,R1,F,3,31/03/2015
FLR-09026,LAMP,5,1.1405055,2,N-011,2204.3274,,2,0,,,,
FLR-09027,RIDGE,5,1.354,0,,,1+1+3,,,R1,V,12,26/01/2010
FLR-09028,RIDGE,5,1.371,5979,,,1+1+3,,,R1,J,4,04/05/2008
FLR-09029,LAMP,5,0.9180026,2,N-002,14432.6108,,2,0,,,,
FLR-09030,LAMP,5,0.3693083,1,N-002,11180.9244,,2,0,,,,
FLR-09031,RIDGE,5,1.0564,0,,,5R3,,,R2,K,5,03/06/2012
FLR-09032,LAMP,5,1.2620429,2,N-014,652.4027,,2,0,,,,
FLR-09033,RIDGE,7,1.3778,5561,,,7D1,,,R1,F,3,03/03/2010
FLR-09034,RIDGE,5,0.4868246,0,,,5R2,,,R1,U,11,19-03-2015
FLR-09035,RIDGE,5,1.35295,0,,,1+1+3,,,R1,F,3,31/03/2015
FLR-09036,RIDGE,4,1.1655,5719,,,4R2,,,R1,A,1,16-04-2014
FLR-09037,RIDGE,5,1.4442666,6052,,,1+1+3,,,R1,S,9,29-04-2014
FLR-09038,RIDGE,6,1.3078167,5586,,,6-SMUDGE,,,R1,A,1,02/03/2015
FLR-09039,RIDGE,5,1.1955834,9999,,,5R3,,,R2,ZZZ,13,12-04-2016
FLR-09040,RIDGE,5,1.2173,0,,,5R3,,,R2,P,7,05/03/2011
FLR-09041,RIDGE,7,0.3673,0,,,7i,,,R1,F,3,04/03/2010
FLR-09042,RIDGE,1,0,0,,,1-SMUDGE,,,R1,A,1,02-03-2015
FLR-09043,RIDGE,4,0.9437294,0,,,4R2,,,R1,A,1,02/03/2015
FLR-09044,LAMP,5,0.8562,2,N-003,17710.5942,,2,0,,,,
FLR-09045,RIDGE,9,0.5493,5727,,,9i,,,R1,F,3,04/03/2010
FLR-09046,LAMP,5,0.6961507,3,N-003,15786.0213,,2,0,,,,
FLR-09047,RIDGE,5,1.069,0,,,1+1+3,,,R1,R,8,19/04/2008
FLR-09048,RIDGE,5,0.922,0,,,1+1+3,,,R1,N,6,02/04/2010
FLR-09049,LAMP,5,0.7491652,3,N-002,14754.0759,,4,0,,,,
FLR-09050,RIDGE,5,0.3278806,0,,,5R1,,,R1,J,4,10-04-2015
FLR-09051,RIDGE,5,0.5209,5727,,,5R2,,,R1,F,3,12/02/2010
FLR-09052,RIDGE,7,1.2227463,0,,,7-SMUDGE,,,R1,S,9,01-04-2015
FLR-09053,LAMP,6,0.4860833,2,N-003,17707.8372,,16,0,,,,
FLR-09054,LAMP,11,0.9054353,2,N-030,9665.1111,,17,0,,,,
FLR-09055,RIDGE,5,0.761675,5979,,,1+1+3,,,R1,J,4,10-04-2015
FLR-09056,LAMP,5,0.9861666,2,N-019,3332.0778,,2,0,,,,
FLR-09057,LAMP,5,1.3779,2,N-033,18338.4227,,2,0,,,,
FLR-09058,RIDGE,5,0.3291,6058,,,5R1,,,R1,U,11,01/02/2010
FLR-09059,RIDGE,5,1.014,0,,,1+1+3,,,R1,D,2,27/03/2008
FLR-09060,RIDGE,5,0.835,0,,,1+1+3,,,R1,D,2,20/03/2008
FLR-09061,RIDGE,9,0.3488,5560,,,9i,,,R1,F,3,23/01/2005
FLR-09062,RIDGE,7,1.6536417,0,,,7D2,,,R1,F,3,31/03/2015
FLR-09063,RIDGE,5,0.9998,5759,,,1+1+3,,,R1,S,9,01-04-2015
FLR-09064,RIDGE,5,1.5596994,0,,,1+1+3,,,R1,S,9,29-04-2014
FLR-09065,RIDGE,7,1.1149,5722,,,7D1,,,R1,F,3,12/02/2010
FLR-09066,RIDGE,5,1.402,0,,,1+1+3,,,R1,V,12,26/01/2010
FLR-09067,LAMP,5,1.253575,1,N-014,1172.5633,,2,0,,,,
FLR-09068,RIDGE,5,0.88,0,,,1+1+3,,,R1,A,1,28/02/2010
FLR-09069,RIDGE,5,0.8843917,5586,,,1+1+3,,,R1,A,1,02-03-2015
FLR-09070,RIDGE,5,1.2068386,0,,,1+1+3,,,R1,A,1,02/03/2015
FLR-09071,LAMP,5,1.25155,1,N-011,2167.527,,2,0,,,,
FLR-09072,RIDGE,5,1.150144,0,,,1+1+3,,,R1,S,9,29-04-2014
FLR-09073,RIDGE,5,1.2876063,0,,,1+1+3,,,R1,F,3,31/03/2015
FLR-09074,RIDGE,7,0.29945,0,,,7i,,,R1,J,4,10-04-2015
FLR-09075,LAMP,5,1.4082833,1,N-030,9529.2636,,2,0,,,,
FLR-09076,RIDGE,7,1.4046,0,,,7R,,,R2,K,5,02/06/2012
FLR-09077,RIDGE,5,1.2477,0,,,5R3,,,R2,K,5,03/06/2012
FLR-09078,RIDGE,5,0.3689834,5759,,,5R1,,,R1,S,9,01-04-2015
FLR-09079,RIDGE,3,0.303904,5712,,,3D,,,R1,A,1,24-04-2016
FLR-09080,RIDGE,5,0.3131333,5987,,,5R1,,,R1,J,4,12-05-2016
FLR-09081,RIDGE,4,0.5269,5722,,,4D,,,R1,F,3,04/03/2010
FLR-09082,RIDGE,5,1.4009,5727,,,1+1+3,,,R1,F,3,12/02/2010
FLR-09083,RIDGE,6,0.5877,5727,,,6i,,,R1,F,3,12/02/2010
FLR-09084,LAMP,5,1.1989167,1,N-011,124.0741,,2,0,,,,
FLR-09085,RIDGE,5,0.7709,0,,,1+1+3,,,R1,J,4,06/02/2010
FLR-09086,RIDGE,7,1.2856,0,,,7R,,,R2,P,7,25/04/2008
FLR-09087,RIDGE,5,1.4548,0,,,5R3,,,R2,P,7,05/03/2011
FLR-09088,RIDGE,5,0.4587898,5151,,,5R2,,,R1,U,11,31-03-2015
FLR-09089,RIDGE,4,1.2510656,0,,,4R2,,,R1,A,1,02/03/2015
FLR-09090,RIDGE,4,0.5594,5722,,,4D,,,R1,F,3,06/03/2005
FLR-09091,LAMP,6,0.3734917,1,N-001,537.391,,16,1,,,,
FLR-09092,RIDGE,4,0.9739753,0,,,4R2,,,R1,A,1,02/03/2015
FLR-09093,RIDGE,5,0.32,5589,,,5R1,,,R1,V,12,26/01/2010
FLR-09094,LAMP,21,1.2597,2,N-019,3282.1136,,17,0,,,,
FLR-09095,LAMP,5,1.3401961,2,N-017,29338.8352,,2,0,,,,
FLR-09096,RIDGE,5,1.1446,0,,,5R3,,,R2,P,7,24/04/2008
FLR-09097,RIDGE,5,0.221,6035,,,5-SMUDGE,,,R1,U,11,11/02/2010
FLR-09098,LAMP,5,1.2694334,1,N-042,1053.6381,,2,0,,,,
FLR-09099,LAMP,5,1.3825417,1,N-041,2975.0946,,2,0,,,,
FLR-09100,RIDGE,8,0.8141,0,,,8R,,,R1,F,3,04/03/2010
FLR-09101,RIDGE,5,1.193,0,,,1+1+3,,,R1,T,10,21/01/2010
FLR-09102,RIDGE,5,0.7880108,0,,,1+1+3,,,R1,A,1,02/03/2015
FLR-09103,RIDGE,5,0.5169,5151,,,5R2,,,R1,U,11,26/03/2015
FLR-09104,RIDGE,9,0.384,0,,,9i,,,R1,R,8,10/04/2008
FLR-09105,RIDGE,5,1.0004083,0,,,1+1+3,,,R1,A,1,02/03/2015
FLR-09106,LAMP,5,1.0521334,1,N-042,1028.5185,,2,0,,,,
FLR-09107,RIDGE,5,0.3025833,5759,,,5R1,,,R1,S,9,01-04-2015
FLR-09108,RIDGE,5,1.0549583,5586,,,1+1+3,,,R1,A,1,02-03-2015
FLR-09109,RIDGE,5,1.1853476,0,,,1+1+3,,,R1,U,11,31-03-2015
FLR-09110,RIDGE,4,0.5158,5722,,,4D,,,R1,F,3,02/02/2010
FLR-09111,LAMP,5,1.3303398,2,N-023,31568.4986,,2,0,,,,
FLR-09112,LAMP,5,0.4901084,2,N-016,21382.5432,,4,0,,,,
FLR-09113,RIDGE,7,0.326,0,,,7i,,,R1,D,2,20/03/2008
FLR-09114,LAMP,9,0.6678917,1,N-011,1927.4473,,11,0,,,,
FLR-09115,RIDGE,9,0.8286,5727,,,9i,,,R1,F,3,12/02/2010
FLR-09116,RIDGE,4,1.2047948,0,,,4R2,,,R1,A,1,02-03-2015
FLR-09117,RIDGE,5,1.2244,5561,,,1+1+3,,,R1,F,3,03/02/2005
FLR-09118,RIDGE,5,1.3224,5560,,,1+1+3,,,R1,F,3,12/02/2010
FLR-09119,RIDGE,5,0.9070912,0,,,1+1+3,,,R1,A,1,02/03/2015
FLR-09120,RIDGE,5,0.5062,5727,,,5R2,,,R1,F,3,12/02/2010
FLR-09121,LAMP,5,1.0169916,2,N-002,14477.2354,,2,0,,,,
FLR-09122,RIDGE,5,1.2413428,0,,,1+1+3,,,R1,U,11,26/03/2015
FLR-09123,RIDGE,5,0.932188,0,,,1+1+3,,,R1,A,1,02/03/2015
FLR-09124,RIDGE,5,1.0629,0,,,5R3,,,R2,K,5,03/06/2012
FLR-09125,RIDGE,5,0.808,0,,,1+1+3,,,R1,N,6,03/04/2010
FLR-09126,RIDGE,4,0.5719,5722,,,4D,,,R1,F,3,09/03/2005
FLR-09127,RIDGE,5,1.1934521,0,,,1+1+3,,,R1,U,11,19-03-2015
FLR-09128,RIDGE,4,1.076,5720,,,4R2,,,R1,A,1,05/02/2009
FLR-09129,LAMP,5,0.3214333,1,N-014,5912.7865,,4,0,,,,
FLR-09130,LAMP,5,0.9732383,2,N-002,13823.4845,,2,0,,,,
FLR-09131,LAMP,8,1.51085,2,N-028,27458.9791,,9,1,,,,
FLR-09132,LAMP,5,1.3402312,4,N-019,3729.6798,,2,0,,,,
FLR-09133,RIDGE,5,1.4466,0,,,5R3,,,R2,P,7,24/04/2008
FLR-09134,RIDGE,5,1.3098,0,,,5R3,,,R2,P,7,24/04/2008
FLR-09135,RIDGE,5,0.3254,6058,,,5R1,,,R1,U,11,11/02/2010
FLR-09136,RIDGE,5,0.652,0,,,2+3,,,R1,V,12,16/01/2010
FLR-09137,RIDGE,5,1.4187186,5981,,,1+1+3,,,R1,J,4,10-04-2015
FLR-09138,RIDGE,5,0.9603636,0,,,5R3,,,R1,A,1,02-03-2015
FLR-09139,RIDGE,6,0.7984,0,,,6-SMUDGE,,,R2,P,7,05/03/2011
FLR-09140,RIDGE,8,0.3506743,0,,,8i,,,R1,A,1,24-04-2016
FLR-09141,LAMP,5,0.3291417,1,N-027,13106.8134,,4,0,,,,
FLR-09142,LAMP,5,0.7797583,1,N-005,3255.843,,2,0,,,,
FLR-09143,RIDGE,5,0.2848839,0,,,5R1,,,R1,A,1,02/03/2015
FLR-09144,RIDGE,5,0.3354,5560,,,5R1,,,R1,F,3,18/02/2009
FLR-09145,LAMP,5,1.319935,2,N-014,1115.2237,,2,0,,,,
FLR-09146,RIDGE,6,1.378,0,,,6R,,,R2,K,5,03/06/2012
FLR-09147,RIDGE,5,0.8900833,5151,,,1+1+3,,,R1,U,11,19-03-2015
FLR-09148,RIDGE,5,0.318,5126,,,5R1,,,R1,V,12,26/01/2010
FLR-09149,RIDGE,5,0.7681,5981,,,1+1+3,,,R1,J,4,13/04/2010
FLR-09150,RIDGE,5,1.2745,5151,,,1+1+3,,,R1,U,11,26/03/2015
FLR-09151,RIDGE,8,0.302,0,,,8i,,,R1,V,12,22/01/2010
FLR-09152,RIDGE,5,1.121,0,,,5R3,,,R2,K,5,03/06/2012
FLR-09153,RIDGE,5,0.3278,5979,,,5R1,,,R1,J,4,03/05/2008
FLR-09154,RIDGE,5,1.2331,0,,,5R3,,,R2,K,5,03/06/2012
FLR-09155,RIDGE,5,0.8849,5562,,,1+1+3,,,R1,U,11,24/01/2010
FLR-09156,LAMP,5,1.018925,1,N-003,15578.7788,,2,0,,,,
FLR-09157,RIDGE,5,0.5177,5151,,,5R2,,,R1,U,11,01/02/2010
FLR-09158,RIDGE,5,1.2128622,0,,,1+1+3,,,R1,U,11,26/03/2015
FLR-09159,RIDGE,5,0.86144,5981,,,1+1+3,,,R1,J,4,13-05-2016
FLR-09160,RIDGE,7,1.1794,0,,,7D1,,,R1,F,3,04/03/2010
FLR-09161,LAMP,4,1.2047948,2,N-002,13911.5114,,0,0,,,,
FLR-09162,RIDGE,5,1.1324,0,,,5R3,,,R2,K,5,03/06/2012
FLR-09163,RIDGE,5,1.1415,0,,,5R3,,,R2,K,5,03/06/2012
FLR-09164,LAMP,5,0.5073814,2,N-003,22209.7014,,4,1,,,,
FLR-09165,RIDGE,5,1.3156,0,,,5R3,,,R2,K,5,02/06/2012
FLR-09166,LAMP,5,0.988428,2,N-048,31.4694,,2,0,,,,
FLR-09167,RIDGE,5,0.9504437,0,,,1+1+3,,,R1,J,4,24-04-2014
FLR-09168,RIDGE,5,0.334,0,,,5R1,,,R1,V,12,03/02/2010
FLR-09169,RIDGE,6,0.1647,5703,,,6i,,,R1,F,3,23/01/2005
FLR-09170,RIDGE,5,1.5910576,0,,,1+1+3,,,R1,J,4,12/05/2016
FLR-09171,RIDGE,5,1.0662,0,,,5R3,,,R2,P,7,24/04/2008
FLR-09172,RIDGE,5,0.321,0,,,5R1,,,R1,T,10,15/01/2005
FLR-09173,RIDGE,4,1.5854995,0,,,4-SMUDGE,,,R2,ZZZ,13,12-04-2016
FLR-09174,LAMP,7,1.2748629,4,N-019,3679.1995,,8,1,,,,
FLR-09175,RIDGE,5,0.8665,6035,,,1+1+3,,,R1,U,11,11/02/2010
FLR-09176,RIDGE,5,0.345,0,,,5R1,,,R1,R,8,19/04/2008
FLR-09177,LAMP,5,1.1411583,1,N-005,3309.471,,2,0,,,,
FLR-09178,RIDGE,5,0.333,0,,,5R1,,,R1,R,8,10/04/2008
FLR-09179,RIDGE,5,0.8323133,0,,,5-SMUDGE,,,R1,A,1,02-03-2015
FLR-09180,LAMP,4,0.8153654,2,N-036,27060.6178,,0,0,,,,
FLR-09181,RIDGE,5,0.3810917,0,,,5R1,,,R1,S,9,01-04-2015
FLR-09182,RIDGE,6,0.2401333,0,,,6i,,,R1,A,1,02/03/2015
FLR-09183,LAMP,20,1.0929917,1,N-001,128.3256,,17,0,,,,
FLR-09184,LAMP,5,0.459286,2,N-023,32249.0923,,4,0,,,,
FLR-09185,RIDGE,5,0.8500219,0,,,1+1+3,,,R1,A,1,02/03/2015
FLR-09186,RIDGE,5,1.2857,5727,,,1+1+3,,,R1,F,3,04/03/2010
FLR-09187,LAMP,6,1.1865403,4,N-005,3285.0526,,16,0,,,,
FLR-09188,RIDGE,5,1.0064,0,,,5R3,,,R2,K,5,03/06/2012
FLR-09189,RIDGE,5,1.3567,5151,,,1+1+3,,,R1,U,11,19-03-2015
FLR-09190,LAMP,5,0.7648167,1,N-002,11126.6117,,2,0,,,,
FLR-09191,LAMP,5,1.2649529,2,N-004,25077.6335,,2,0,,,,
FLR-09192,RIDGE,4,0.7347783,0,,,4R2,,,R1,A,1,02/03/2015
FLR-09193,RIDGE,4,0.5123,5722,,,4D,,,R1,F,3,02/02/2010
FLR-09194,RIDGE,5,1.428,0,,,1+1+3,,,R1,T,10,06/03/2010
FLR-09195,RIDGE,8,0.258,0,,,8i,,,R1,R,8,19/04/2008
FLR-09196,RIDGE,5,1.0607417,5586,,,1+1+3,,,R1,A,1,02/03/2015
FLR-09197,LAMP,5,1.3756167,2,N-033,18342.7865,,2,0,,,,
FLR-09198,LAMP,5,0.3173096,2,N-012,10536.1212,,4,0,,,,
FLR-09199,RIDGE,5,0.4940917,5151,,,5R2,,,R1,U,11,26/03/2015
FLR-09200,RIDGE,5,0.353,0,,,5R1,,,R1,V,12,26/01/2010
FLR-09201,RIDGE,5,1.32375,5560,,,1+1+3,,,R1,F,3,31/03/2015
FLR-09202,RIDGE,5,1.4398862,0,,,1+1+3,,,R1,J,4,12/05/2016
FLR-09203,RIDGE,10,1.6467,0,,,10R,,,R2,P,7,24/04/2008
FLR-09204,LAMP,10,0.4788333,2,N-018,33627.7484,,14,0,,,,
FLR-09205,RIDGE,5,1.0380166,5586,,,1+1+3,,,R1,A,1,02/03/2015
FLR-09206,RIDGE,5,1.1829706,0,,,1+1+3,,,R1,J,4,12/05/2016
FLR-09207,RIDGE,5,0.6625,5561,,,5-SMUDGE,,,R1,F,3,04/03/2010
FLR-09208,RIDGE,6,1.7105834,0,,,6-SMUDGE,,,R1,A,1,02/03/2015
FLR-09209,RIDGE,5,0.4781722,0,,,5R2,,,R1,U,11,31-03-2015
FLR-09210,RIDGE,5,0.33,0,,,5R1,,,R1,V,12,03/02/2010
FLR-09211,RIDGE,5,0.973135,0,,,1+1+3,,,R1,A,1,02/03/2015
FLR-09212,LAMP,5,0.811225,1,N-003,18044.7744,,2,0,,,,
FLR-09213,LAMP,5,0.485376,2,N-005,3184.3359,,15,0,,,,
FLR-09214,LAMP,3,0.3092805,2,N-002,11144.3018,,5,0,,,,
FLR-09215,RIDGE,6,0.7819003,0,,,6-SMUDGE,,,R1,U,11,26/03/2015
FLR-09216,RIDGE,5,1.1531584,5151,,,1+1+3,,,R1,U,11,26/03/2015
FLR-09217,RIDGE,5,1.1383333,5586,,,1+1+3,,,R1,A,1,02-03-2015
FLR-09218,LAMP,5,1.2174417,3,N-036,27088.1956,,2,0,,,,
FLR-09219,LAMP,5,0.7950629,2,N-045,6005.5698,,2,0,,,,
FLR-09220,RIDGE,7,1.1975,0,,,7D1,,,R1,F,3,04/03/2010
FLR-09221,RIDGE,4,0.392,0,,,1+32,,,R1,N,6,02/04/2010
FLR-09222,LAMP,5,1.1784333,1,N-011,2281.2774,,2,0,,,,
FLR-09223,RIDGE,5,0.3336,5560,,,5R1,,,R1,F,3,07/02/2005
FLR-09224,RIDGE,5,1.255,0,,,1+1+3,,,R1,D,2,20/03/2008
FLR-09225,RIDGE,5,1.507,0,,,1+1+3,,,R1,N,6,23/03/2009
FLR-09226,RIDGE,5,1.1874,5978,,,1+1+3,,,R1,J,4,04/05/2008
FLR-09227,LAMP,5,0.9838392,2,N-002,14465.8685,,2,0,,,,
FLR-09228,RIDGE,5,0.306,0,,,5R1,,,R1,D,2,04/04/2008
FLR-09229,RIDGE,7,0.666,0,,,7i,,,R1,D,2,26/02/2010
FLR-09230,RIDGE,5,1.4684667,0,,,1+1+3,,,R1,U,11,19-03-2015
FLR-09231,RIDGE,5,1.0755,0,,,5R3,,,R2,K,5,03/06/2012
FLR-09232,RIDGE,6,0.376,0,,,6i,,,R1,A,1,26/03/2010
FLR-09233,RIDGE,5,0.333,0,,,5R1,,,R1,T,10,15/04/2010
FLR-09234,RIDGE,5,1.1314,0,,,5R3,,,R2,P,7,05/03/2011
FLR-09235,LAMP,5,1.2742583,2,N-033,18381.5551,,2,0,,,,
FLR-09236,RIDGE,5,1.2109916,5586,,,1+1+3,,,R1,A,1,02/03/2015
FLR-09237,RIDGE,5,0.327025,6052,,,5R1,,,R1,S,9,29-04-2014
FLR-09238,RIDGE,5,0.8304167,5151,,,1+1+3,,,R1,U,11,19-03-2015
FLR-09239,RIDGE,5,0.8494,5978,,,1+1+3,,,R1,J,4,04/05/2008
FLR-09240,RIDGE,5,1.0681856,0,,,1+1+3,,,R1,U,11,26/03/2015
FLR-09241,RIDGE,5,1.2968,0,,,5R3,,,R2,K,5,03/06/2012
FLR-09242,RIDGE,8,0.36,0,,,8i,,,R1,N,6,21/03/2010
FLR-09243,RIDGE,5,0.2895834,0,,,5R1,,,R1,A,1,02/03/2015
FLR-09244,RIDGE,5,1.4712,0,,,5R3,,,R2,P,7,25/04/2008
FLR-09245,LAMP,5,1.2432834,2,N-038,3590.4759,,2,0,,,,
FLR-09246,RIDGE,4,0.5324,0,,,4D,,,R1,F,3,02/02/2010
FLR-09247,LAMP,5,1.113975,1,N-017,29129.8041,,2,0,,,,
FLR-09248,LAMP,5,1.3124758,3,N-022,27711.9459,,2,0,,,,
FLR-09249,RIDGE,5,1.3996787,0,,,1+1+3,,,R1,U,11,31-03-2015
FLR-09250,RIDGE,5,0.5121,5979,,,5R2,,,R1,J,4,31/01/2009
FLR-09251,LAMP,5,0.3293314,1,N-002,11106.0341,,4,0,,,,
FLR-09252,LAMP,5,0.7623166,1,N-011,1955.329,,2,0,,,,
FLR-09253,RIDGE,5,0.7354,5561,,,1+1+3,,,R1,F,3,04/03/2010
FLR-09254,RIDGE,5,0.8233084,5586,,,1+1+3,,,R1,A,1,02/03/2015
FLR-09255,RIDGE,5,0.84825,5586,,,1+1+3,,,R1,A,1,02/03/2015
FLR-09256,RIDGE,5,1.4441,0,,,5R3,,,R2,P,7,24/04/2008
FLR-09257,RIDGE,5,0.3128,5979,,,5R1,,,R1,J,4,03/05/2008
FLR-09258,LAMP,5,1.3623016,2,N-020,11674.2605,,2,0,,,,
FLR-09259,RIDGE,5,1.1464805,0,,,1+1+3,,,R1,U,11,26/03/2015
FLR-09260,RIDGE,5,1.1582067,0,,,1+1+3,,,R1,A,1,02/03/2015
FLR-09261,RIDGE,5,1.333,0,,,1+1+3,,,R1,V,12,26/01/2010
FLR-09262,RIDGE,5,0.3279,5987,,,5R1,,,R1,J,4,30/03/2010
FLR-09263,LAMP,5,1.0529833,1,N-003,16101.2465,,2,0,,,,
FLR-09264,RIDGE,4,0.394,0,,,1+32,,,R1,N,6,21/03/2010
FLR-09265,RIDGE,5,0.358,0,,,5R1,,,R1,T,10,11/03/2010
FLR-09266,RIDGE,5,1.0316,0,,,5R3,,,R2,K,5,03/06/2012
FLR-09267,RIDGE,5,1.133,0,,,1+1+3,,,R1,R,8,19/04/2008
FLR-09268,RIDGE,5,0.693,0,,,1+1+3,,,R1,N,6,03/04/2010
FLR-09269,RIDGE,5,1.0954,0,,,5R3,,,R2,K,5,03/06/2012
FLR-09270,RIDGE,4,0.711,0,,,1+31,,,R1,V,12,26/01/2010
FLR-09271,RIDGE,5,0.704,0,,,1+1+3,,,R1,T,10,15/04/2010
FLR-09272,RIDGE,8,0.334,0,,,8i,,,R1,T,10,12/03/2010
FLR-09273,RIDGE,5,0.485376,0,,,5-SMUDGE,,,R1,U,11,19-03-2015
FLR-09274,LAMP,5,1.2904167,3,N-020,11649.8662,,2,0,,,,
FLR-09275,RIDGE,5,0.7687,5586,,,1+1+3,,,R1,A,1,02/03/2015
FLR-09276,RIDGE,5,0.8684333,5979,,,1+1+3,,,R1,J,4,10-04-2015
FLR-09277,LAMP,5,0.6941789,1,N-001,7183.708524,,2,0,,,,
FLR-09278,RIDGE,5,0.7726,0,,,1+1+3,,,R2,P,7,25/04/2008
FLR-09279,RIDGE,7,0.4560917,6052,,,7i,,,R1,S,9,29-04-2014
FLR-09280,LAMP,5,1.1585583,1,N-041,2909.2525,,2,0,,,,
FLR-09281,RIDGE,5,0.3401,5562,,,5R1,,,R1,U,11,11/02/2010
FLR-09282,RIDGE,5,0.361125,5586,,,5R1,,,R1,A,1,02-03-2015
FLR-09283,RIDGE,5,1.0945,0,,,5R3,,,R2,K,5,03/06/2012
FLR-09284,RIDGE,5,0.323,0,,,5R1,,,R1,D,2,18/03/2009
FLR-09285,LAMP,5,0.9518487,6,N-001,7199.3253,,2,0,,,,
FLR-09286,LAMP,5,0.2989993,2,N-046,9488.3223,,2,0,,,,
FLR-09287,RIDGE,5,1.2522,5560,,,1+1+3,,,R1,F,3,01/02/2005
FLR-09288,RIDGE,5,0.364,0,,,5R1,,,R1,N,6,02/04/2010
FLR-09289,LAMP,5,1.0115083,1,N-003,17403.1551,,2,0,,,,
FLR-09290,RIDGE,5,0.672,0,,,2+3,,,R1,V,12,26/01/2010
FLR-09291,LAMP,5,1.3221918,2,N-042,2009.3462,,2,0,,,,
FLR-09292,LAMP,5,0.3429199,3,N-003,18875.6999,,4,0,,,,
FLR-09293,RIDGE,7,0.253,6035,,,7i,,,R1,U,11,11/02/2010
FLR-09294,LAMP,5,1.3499,1,N-001,7275.666,,2,0,,,,
FLR-09295,RIDGE,5,1.248625,0,,,1+1+3,,,R1,U,11,19-03-2015
FLR-09296,RIDGE,4,0.5212,5722,,,4D,,,R1,F,3,27/02/2005
FLR-09297,RIDGE,5,0.322,0,,,5R1,,,R1,T,10,12/03/2010
FLR-09298,RIDGE,5,0.339,0,,,5R1,,,R1,D,2,21/03/2008
FLR-09299,RIDGE,5,1.24775,0,,,1+1+3,,,R1,A,1,02/03/2015
FLR-09300,LAMP,5,1.3169834,2,N-033,18397.8111,,2,0,,,,
FLR-09301,RIDGE,5,0.208,0,,,5-SMUDGE,,,R1,R,8,19/04/2008
FLR-09302,RIDGE,7,1.2613,5722,,,7D1,,,R1,F,3,12/02/2010
FLR-09303,RIDGE,5,0.983,0,,,1+1+3,,,R1,R,8,19/04/2008
FLR-09304,LAMP,5,1.3938166,3,N-014,5174.8023,,2,0,,,,
FLR-09305,RIDGE,5,0.719168,5981,,,1+1+3,,,R1,J,4,13-05-2016
FLR-09306,LAMP,4,0.2145743,2,N-034,10027.3613,,0,0,,,,
FLR-09307,RIDGE,5,1.3196939,5720,,,1+1+3,,,R1,A,1,16-04-2014
FLR-09308,RIDGE,5,1.3154,5979,,,1+1+3,,,R1,J,4,04/05/2008
FLR-09309,LAMP,5,1.3732333,2,N-013,21863.2413,,2,0,,,,
FLR-09310,RIDGE,5,0.3185666,5726,,,5R1,,,R1,S,9,01-04-2015
FLR-09311,RIDGE,5,0.828728,5981,,,1+1+3,,,R1,J,4,13-05-2016
FLR-09312,RIDGE,5,0.8638683,0,,,1+1+3,,,R1,U,11,19-03-2015
FLR-09313,LAMP,20,1.0816,1,N-002,14778.2567,,17,0,,,,
FLR-09314,RIDGE,5,0.336,0,,,5R1,,,R1,N,6,02/04/2010
FLR-09315,RIDGE,5,0.3125814,0,,,5R1,,,R1,A,1,16-04-2014
FLR-09316,RIDGE,5,0.328,0,,,5R1,,,R1,D,2,21/03/2008
FLR-09317,LAMP,5,0.3498833,2,N-003,18908.2437,,2,0,,,,
FLR-09318,LAMP,5,0.5024454,3,N-005,3263.3521,,4,0,,,,
FLR-09319,LAMP,9,0.3652,3,N-031,97.2255,,11,0,,,,
FLR-09320,RIDGE,4,0.5171,5722,,,4D,,,R1,F,3,18/02/2009
FLR-09321,RIDGE,8,0.347,0,,,8i,,,R1,T,10,04/02/2010
FLR-09322,LAMP,9,1.327552,2,N-045,5249.4093,,6,0,,,,
FLR-09323,RIDGE,5,1.0836,0,,,5R3,,,R2,K,5,02/06/2012
FLR-09324,LAMP,5,1.333,1,N-015,13057.9635,,2,0,,,,
FLR-09325,LAMP,9,0.4188917,2,N-029,688.7794,,11,0,,,,
FLR-09326,RIDGE,5,0.9048,5981,,,1+1+3,,,R1,J,4,31/01/2009
FLR-09327,LAMP,20,1.0567931,3,N-002,14760.1563,,17,0,,,,
FLR-09328,RIDGE,5,0.309175,5720,,,5R1,,,R1,A,1,16-04-2014
FLR-09329,RIDGE,5,0.9213,5727,,,1+1+3,,,R1,F,3,12/02/2010
FLR-09330,RIDGE,5,0.5482877,0,,,5R2,,,R1,U,11,19-03-2015
FLR-09331,RIDGE,5,0.3263318,5987,,,5R1,,,R1,J,4,12-05-2016
FLR-09332,RIDGE,5,1.5432667,5987,,,1+1+3,,,R1,J,4,12-05-2016
FLR-09333,RIDGE,5,0.535,0,,,5R2,,,R1,V,12,03/02/2010
FLR-09334,RIDGE,5,0.732,0,,,1+1+3,,,R1,A,1,20/01/2010
FLR-09335,LAMP,5,1.0886823,3,N-002,14834.9844,,2,1,,,,
FLR-09336,RIDGE,5,0.3245558,5560,,,5R1,,,R1,F,3,31/03/2015
FLR-09337,RIDGE,5,1.2423655,5586,,,1+1+3,,,R1,A,1,02-03-2015
FLR-09338,RIDGE,5,1.1019,0,,,5R3,,,R2,P,7,05/03/2011
FLR-09339,RIDGE,5,1.2203583,5560,,,1+1+3,,,R1,F,3,31/03/2015
FLR-09340,RIDGE,5,0.3367982,0,,,5R1,,,R1,A,1,24-04-2016
FLR-09341,RIDGE,5,1.24035,5151,,,1+1+3,,,R1,U,11,26/03/2015
FLR-09342,RIDGE,6,0.3901584,5586,,,6i,,,R1,A,1,02-03-2015
FLR-09343,RIDGE,5,0.321,0,,,5R1,,,R1,T,10,15/04/2010
FLR-09344,LAMP,5,1.313875,1,N-018,32998.3778,,2,0,,,,
FLR-09345,LAMP,5,0.754053,4,N-003,17442.5066,,2,0,,,,
FLR-09346,RIDGE,5,1.01615,5586,,,1+1+3,,,R1,A,1,02/03/2015
FLR-09347,RIDGE,4,0.51,5722,,,4D,,,R1,F,3,11/02/2010
FLR-09348,LAMP,5,1.4670916,1,N-041,2061.6122,,2,0,,,,
FLR-09349,LAMP,11,1.4949399,2,N-001,7314.352,,17,0,,,,
FLR-09350,LAMP,5,1.3249786,2,N-001,7235.8734,,2,0,,,,
FLR-09351,RIDGE,5,1.1329,0,,,5R3,,,R2,K,5,03/06/2012
FLR-09352,RIDGE,4,0.5143,5722,,,4D,,,R1,F,3,23/02/2008
FLR-09353,RIDGE,5,0.374,0,,,5R1,,,R1,V,12,03/02/2010
FLR-09354,RIDGE,5,1.0886,0,,,5R3,,,R2,K,5,03/06/2012
FLR-09355,LAMP,5,0.7794616,3,N-003,15713.3059,,2,0,,,,
FLR-09356,RIDGE,5,1.0257786,0,,,1+1+3,,,R1,A,1,02/03/2015
FLR-09357,LAMP,9,0.6475666,1,N-005,3234.790258,,11,0,,,,
FLR-09358,RIDGE,5,0.75,0,,,1+1+3,,,R1,N,6,02/04/2010
FLR-09359,RIDGE,3,0.1172,6070/6068,,,3R,,,R1,F,3,12/02/2010
FLR-09360,LAMP,5,1.1216922,2,N-005,3170.4805,,2,0,,,,
FLR-09361,LAMP,5,0.6824917,4,N-011,1156.8703,,2,0,,,,
FLR-09362,RIDGE,5,0.8233758,0,,,1+1+3,,,R1,A,1,02/03/2015
FLR-09363,RIDGE,5,1.3107873,0,,,1+1+3,,,R1,U,11,26/03/2015
FLR-09364,LAMP,23,1.2793876,2,N-035,30951.1717,,17,0,,,,
FLR-09365,LAMP,5,0.5082964,2,N-016,21409.539,,4,0,,,,
FLR-09366,RIDGE,8,0.3765,5560,,,8i,,,R1,F,3,07/02/2005
FLR-09367,RIDGE,5,0.81205,5586,,,1+1+3,,,R1,A,1,02/03/2015
FLR-09368,LAMP,5,1.460525,1,N-041,1984.1563,,2,0,,,,
FLR-09369,RIDGE,5,1.2588,5561,,,1+1+3,,,R1,F,3,03/02/2005
FLR-09370,RIDGE,4,0.91,0,,,4R2,,,R1,A,1,25/02/2010
FLR-09371,LAMP,5,0.7412583,1,N-030,10251.2463,,2,0,,,,
FLR-09372,RIDGE,5,1.0362,0,,,5R3,,,R2,K,5,03/06/2012
FLR-09373,RIDGE,5,1.3583357,0,,,1+1+3,,,R1,U,11,31-03-2015
FLR-09374,LAMP,5,0.3120062,2,N-045,5984.39,,2,0,,,,
FLR-09375,RIDGE,5,1.2852657,0,,,1+1+3,,,R1,U,11,26/03/2015
FLR-09376,RIDGE,4,1.0897845,0,,,4R2,,,R1,A,1,16-04-2014
FLR-09377,RIDGE,5,0.9929262,0,,,1+1+3,,,R1,F,3,19/03/2015
FLR-09378,LAMP,17,1.1178333,1,N-002,14765.9218,,17,0,,,,
FLR-09379,RIDGE,5,1.1753,0,,,5R3,,,R2,K,5,03/06/2012
FLR-09380,RIDGE,5,0.6651584,0,,,1+1+3,,,R1,U,11,26/03/2015
FLR-09381,LAMP,6,1.2605093,1,N-001,7180.2513,,16,0,,,,
FLR-09382,RIDGE,5,1.167,0,,,1+1+3,,,R1,V,12,03/02/2010
FLR-09383,RIDGE,5,1.0007,0,,,1+1+3,,,R1,F,3,23/01/2005
FLR-09384,RIDGE,5,1.091,0,,,1+1+3,,,R1,V,12,16/01/2010
FLR-09385,LAMP,5,1.01615,1,N-004,24994.7393,,2,0,,,,
FLR-09386,RIDGE,5,1.1672,0,,,1+1+3,,,R1,J,4,06/02/2010
FLR-09387,RIDGE,5,1.1542763,0,,,1+1+3,,,R1,S,9,29-04-2014
FLR-09388,LAMP,5,0.799575,2,N-041,3561.9221,,2,0,,,,
FLR-09389,LAMP,5,0.3069028,2,N-046,9467.8681,,2,0,,,,
FLR-09390,RIDGE,5,0.357,0,,,5R1,,,R1,D,2,21/03/2008
FLR-09391,RIDGE,4,0.9366183,0,,,4R2,,,R1,A,1,02/03/2015
FLR-09392,RIDGE,4,0.188,6069,,,4R1,,,R1,D,2,26/02/2010
FLR-09393,RIDGE,5,0.712,0,,,1+1+3,,,R1,T,10,15/04/2010
FLR-09394,RIDGE,5,0.3306834,0,,,5R1,,,R1,S,9,07-04-2015
FLR-09395,LAMP,5,0.7559666,1,N-003,18861.5882,,2,0,,,,
FLR-09396,RIDGE,5,0.4988667,5151,,,5R2,,,R1,U,11,26/03/2015
FLR-09397,LAMP,5,1.2774953,2,N-045,5025.989,,2,0,,,,
FLR-09398,RIDGE,5,0.7099814,0,,,1+1+3,,,R1,J,4,12-05-2016
FLR-09399,RIDGE,5,0.3256,5727,,,5R1,,,R1,F,3,23/03/2008
FLR-09400,LAMP,5,0.738152,1,N-048,347.6858,,2,0,,,,
FLR-09401,RIDGE,4,0.5116,5722,,,4D,,,R1,F,3,02/02/2010
FLR-09402,RIDGE,6,1.189125,5586,,,6-SMUDGE,,,R1,A,1,02/03/2015
FLR-09403,RIDGE,5,0.9261698,0,,,5R3,,,R1,A,1,02-03-2015
FLR-09404,LAMP,5,1.2695,2,N-030,9533.7222,,2,0,,,,
FLR-09405,RIDGE,5,0.8359097,0,,,1+1+3,,,R1,A,1,02/03/2015
FLR-09406,RIDGE,5,1.1304,0,,,5R3,,,R2,K,5,03/06/2012
FLR-09407,RIDGE,7,1.4175,5722,,,7D1,,,R1,F,3,12/02/2010
FLR-09408,RIDGE,5,0.814,0,,,1+1+3,,,R1,R,8,19/04/2008
FLR-09409,RIDGE,5,0.9564333,5586,,,1+1+3,,,R1,A,1,02/03/2015
FLR-09410,RIDGE,5,0.85,5981,,,1+1+3,,,R1,J,4,13/04/2010
FLR-09411,RIDGE,5,1.2797945,0,,,1+1+3,,,R1,U,11,31-03-2015
FLR-09412,RIDGE,5,1.0634,5727,,,1+1+3,,,R1,F,3,03/02/2005
FLR-09413,RIDGE,5,1.2186,0,,,5R3,,,R2,K,5,03/06/2012
FLR-09414,RIDGE,5,0.337,0,,,5R1,,,R1,T,10,16/04/2010
FLR-09415,RIDGE,6,0.323,0,,,6i,,,R1,A,1,25/03/2008
FLR-09416,RIDGE,9,0.3358,6035,,,9i,,,R1,U,11,11/02/2010
FLR-09417,RIDGE,3,0.405,0,,,3D,,,R1,V,12,03/02/2010
FLR-09418,LAMP,5,0.3154091,1,N-017,29927.6359,,4,0,,,,
FLR-09419,RIDGE,5,0.844,5981,,,1+1+3,,,R1,J,4,15/02/2007
FLR-09420,RIDGE,5,1.2709667,5151,,,1+1+3,,,R1,U,11,26/03/2015
FLR-09421,RIDGE,6,0.7998,0,,,6-SMUDGE,,,R1,F,3,04/03/2010
FLR-09422,LAMP,6,0.4215019,1,N-033,19095.8732,,10,1,,,,
FLR-09423,RIDGE,8,0.342328,0,,,8i,,,R1,A,1,24-04-2016
FLR-09424,RIDGE,5,0.33,0,,,5R1,,,R1,T,10,12/03/2010
FLR-09425,RIDGE,4,0.32,0,,,4R1,,,R1,D,2,18/03/2010
FLR-09426,RIDGE,5,1.5046,0,,,5R3,,,R2,P,7,25/04/2008
FLR-09427,RIDGE,5,0.327,0,,,5R1,,,R1,T,10,14/04/2010
FLR-09428,RIDGE,5,1.118,0,,,1+1+3,,,R1,A,1,17/03/2010
FLR-09429,RIDGE,5,1.2565,5727,,,1+1+3,,,R1,F,3,04/03/2010
FLR-09430,RIDGE,5,0.8287,5981,,,1+1+3,,,R1,J,4,03/05/2008
FLR-09431,RIDGE,5,0.87,0,,,1+1+3,,,R1,A,1,17/03/2010
FLR-09432,RIDGE,5,1.4063,0,,,5R3,,,R2,K,5,03/06/2012
FLR-09433,RIDGE,5,1.1581,5560,,,1+1+3,,,R1,F,3,07/02/2005
FLR-09434,RIDGE,5,1.2096,5978,,,1+1+3,,,R1,J,4,04/05/2008
FLR-09435,RIDGE,5,1.1393674,0,,,1+1+3,,,R1,U,11,26/03/2015
FLR-09436,RIDGE,5,0.288506,5720,,,5R1,,,R1,A,1,16-04-2014
FLR-09437,LAMP,8,1.2016667,2,N-032,10147.9475,,9,0,,,,
FLR-09438,RIDGE,4,0.279,0,,,4R1,,,R1,N,6,02/04/2010
FLR-09439,RIDGE,5,0.328,0,,,5R1,,,R1,V,12,26/01/2010
FLR-09440,LAMP,5,1.2688504,1,N-011,2203.8189,,2,0,,,,
FLR-09441,RIDGE,5,1.1636,0,,,5R3,,,R2,K,5,03/06/2012
FLR-09442,RIDGE,8,1.28575,0,,,8R,,,R1,J,4,10-04-2015
FLR-09443,RIDGE,5,1.0544,5978,,,1+1+3,,,R1,J,4,31/01/2009
FLR-09444,LAMP,5,1.397475,3,N-006,8705.7915,,2,0,,,,
FLR-09445,LAMP,5,1.2537817,2,N-033,18497.4403,,2,0,,,,
FLR-09446,RIDGE,3,0.2988411,0,,,3D,,,R1,A,1,02-03-2015
FLR-09447,RIDGE,5,0.2872924,0,,,5-SMUDGE,,,R1,A,1,02/03/2015
FLR-09448,RIDGE,9,1.8621824,5151,,,9-SMUDGE,,,R1,U,11,19-03-2015
FLR-09449,RIDGE,5,0.6413667,0,,,2+3,,,R1,S,9,29-04-2014
FLR-09450,RIDGE,5,0.386,0,,,5R1,,,R1,R,8,10/04/2008
FLR-09451,RIDGE,6,1.2587,0,,,6-SMUDGE,,,R1,F,3,04/03/2010
FLR-09452,RIDGE,5,0.3375331,0,,,5R1,,,R1,U,11,31-03-2015
FLR-09453,RIDGE,5,0.9207646,0,,,1+1+3,,,R1,A,1,02/03/2015
FLR-09454,LAMP,4,1.2635917,2,N-002,13879.7973,,0,0,,,,
FLR-09455,RIDGE,5,0.9111,6035,,,1+1+3,,,R1,U,11,11/02/2010
FLR-09456,LAMP,7,0.297103,2,N-011,2724.6311,,8,0,,,,
FLR-09457,LAMP,5,1.379418,3,N-033,18443.2714,,2,0,,,,
FLR-09458,RIDGE,5,0.999,5719,,,1+1+3,,,R1,A,1,05/02/2009
FLR-09459,RIDGE,6,0.34,0,,,6i,,,R1,T,10,04/02/2010
FLR-09460,LAMP,7,1.2376598,1,N-001,7210.8277,,7,1,,,,
FLR-09461,RIDGE,5,1.4361,5979,,,1+1+3,,,R1,J,4,04/05/2008
FLR-09462,LAMP,7,1.1780936,4,N-005,3277.8331,,7,0,,,,
FLR-09463,RIDGE,5,0.9837834,5759,,,1+1+3,,,R1,S,9,01-04-2015
FLR-09464,RIDGE,7,1.3359,5722,,,7D1,,,R1,F,3,12/02/2010
FLR-09465,RIDGE,5,1.1533666,0,,,1+1+3,,,R1,A,1,02/03/2015
FLR-09466,RIDGE,5,1.19243,0,,,1+1+3,,,R1,U,11,19-03-2015
FLR-09467,RIDGE,5,1.1193,0,,,1+1+3,,,R1,J,4,06/02/2010
FLR-09468,LAMP,5,1.050847,3,N-003,17590.6033,,2,0,,,,
FLR-09469,RIDGE,5,0.8973,0,,,1+1+3,,,R1,J,4,06/02/2010
FLR-09470,RIDGE,5,0.9593,0,,,5R3,,,R2,P,7,05/03/2011
FLR-09471,RIDGE,5,0.3243,0,,,5R1,,,R1,S,9,01-04-2015
FLR-09472,LAMP,4,1.0911703,2,N-002,13861.7054,,0,0,,,,
FLR-09473,RIDGE,5,1.0543,5727,,,1+1+3,,,R1,F,3,12/02/2010
FLR-09474,LAMP,5,0.8583166,1,N-001,139.5217,,2,0,,,,
FLR-09475,RIDGE,5,0.633,0,,,2+3,,,R1,V,12,26/01/2010
FLR-09476,RIDGE,5,1.1762,0,,,5R3,,,R2,K,5,03/06/2012
FLR-09477,LAMP,5,1.1610088,3,N-003,17441.1294,,2,0,,,,
FLR-09478,RIDGE,5,0.4930333,5151,,,5R2,,,R1,U,11,31-03-2015
FLR-09479,RIDGE,5,0.846,0,,,1+1+3,,,R1,D,2,01/04/2010
FLR-09480,RIDGE,5,1.515696,0,,,1+1+3,,,R1,J,4,12/05/2016
FLR-09481,LAMP,18,1.026075,1,N-002,14518.718,,17,0,,,,
FLR-09482,RIDGE,5,0.4738024,0,,,5R2,,,R1,F,3,31/03/2015
FLR-09483,RIDGE,5,1.1523917,5586,,,1+1+3,,,R1,A,1,02/03/2015
FLR-09484,LAMP,5,0.8350972,2,N-003,17459.8896,,2,0,,,,
FLR-09485,RIDGE,5,0.7270583,0,,,2+3,,,R1,S,9,01-04-2015
FLR-09486,LAMP,5,1.5145833,1,N-039,21840.9847,,2,0,,,,
FLR-09487,RIDGE,5,0.982675,0,,,1+1+3,,,R1,A,1,02/03/2015
FLR-09488,RIDGE,8,1.223,0,,,8R,,,R1,R,8,19/04/2008
FLR-09489,LAMP,5,1.1308667,1,N-003,16782.6361,,2,0,,,,
FLR-09490,RIDGE,5,0.5058084,0,,,5R2,,,R1,U,11,26/03/2015
FLR-09491,RIDGE,5,1.3060496,0,,,1+1+3,,,R1,F,3,31/03/2015
FLR-09492,LAMP,9,1.7066556,2,N-035,30876.2511,,6,0,,,,
FLR-09493,RIDGE,5,1.1746035,0,,,1+1+3,,,R1,U,11,31-03-2015
FLR-09494,LAMP,5,1.1694754,2,N-017,29171.7806,,2,0,,,,
FLR-09495,RIDGE,9,0.307,0,,,9i,,,R1,V,12,03/02/2010
FLR-09496,RIDGE,5,1.0397,5130,,,1+1+3,,,R1,F,3,01/02/2005
FLR-09497,RIDGE,5,0.7389,5561,,,5-SMUDGE,,,R1,F,3,03/02/2005
FLR-09498,RIDGE,5,1.3124758,0,,,1+1+3,,,R1,U,11,31-03-2015
FLR-09499,LAMP,5,0.7848583,1,N-012,9424.9878,,2,0,,,,
FLR-09500,RIDGE,5,0.342,0,,,5R1,,,R1,T,10,12/03/2010
FLR-09501,LAMP,5,1.2001929,2,N-009,869.4311,,2,0,,,,
FLR-09502,RIDGE,5,0.3222083,5759,,,5R1,,,R1,S,9,01-04-2015
FLR-09503,RIDGE,6,0.911,0,,,6-SMUDGE,,,R1,D,2,01/04/2010
FLR-09504,RIDGE,5,0.8266,5978,,,1+1+3,,,R1,J,4,31/01/2009
FLR-09505,LAMP,5,1.3419417,3,N-042,1714.997,,2,0,,,,
FLR-09506,LAMP,4,1.0348282,1,N-036,26969.8748,,0,0,,,,
FLR-09507,LAMP,5,1.1439582,3,N-046,8969.6792,,2,0,,,,
FLR-09508,RIDGE,5,0.7710951,0,,,1+1+3,,,R1,A,1,02/03/2015
FLR-09509,RIDGE,5,0.334,0,,,5R1,,,R1,T,10,14/04/2010
FLR-09510,LAMP,5,0.3210746,2,N-027,13153.8529,,4,0,,,,
FLR-09511,RIDGE,5,1.2642084,5151,,,1+1+3,,,R1,U,11,26/03/2015
FLR-09512,LAMP,5,1.0279584,1,N-002,14742.2395,,2,0,,,,
FLR-09513,RIDGE,5,0.542,0,,,5-SMUDGE,,,R1,A,1,20/01/2010
FLR-09514,LAMP,5,0.7939987,2,N-002,14517.8356,,2,0,,,,
FLR-09515,RIDGE,5,0.33,0,,,5R1,,,R1,T,10,12/03/2010
FLR-09516,LAMP,5,0.4437457,2,N-018,33702.3394,,4,0,,,,
FLR-09517,RIDGE,5,0.7711057,0,,,1+1+3,,,R1,A,1,02/03/2015
FLR-09518,RIDGE,5,1.2685211,0,,,1+1+3,,,R1,A,1,02/03/2015
FLR-09519,LAMP,5,1.3902167,1,N-041,2966.9492,,2,0,,,,
FLR-09520,LAMP,5,1.5505599,1,N-041,3845.8794,,2,0,,,,
FLR-09521,RIDGE,5,0.3306817,0,,,5R1,,,R1,U,11,31-03-2015
FLR-09522,RIDGE,7,1.3654,5722,,,7D1,,,R1,F,3,12/02/2010
FLR-09523,LAMP,5,0.4967167,2,N-023,32268.3301,,4,0,,,,
FLR-09524,RIDGE,5,0.7707167,5981,,,1+1+3,,,R1,J,4,10-04-2015
FLR-09525,RIDGE,5,1.1289154,5719,,,1+1+3,,,R1,A,1,16-04-2014
FLR-09526,RIDGE,6,0.2696444,0,,,6i,,,R1,A,1,16-04-2014
FLR-09527,RIDGE,5,1.2873,5978,,,1+1+3,,,R1,J,4,31/01/2009
FLR-09528,RIDGE,5,0.364,0,,,5R1,,,R1,T,10,11/03/2010
FLR-09529,RIDGE,4,0.5097,5722,,,4D,,,R1,F,3,15/02/2005
FLR-09530,RIDGE,6,1.1025386,5586,,,6-SMUDGE,,,R1,A,1,02/03/2015
FLR-09531,RIDGE,5,0.9995,0,,,1+1+3,,,R1,J,4,06/02/2010
FLR-09532,RIDGE,5,0.5245,5979,,,5R2,,,R1,J,4,31/01/2009
FLR-09533,RIDGE,5,0.3138977,0,,,5R1,,,R1,S,9,01-04-2015
FLR-09534,RIDGE,10,0.349,0,,,10i,,,R1,T,10,26/01/2010
FLR-09535,RIDGE,5,0.3327917,0,,,5R1,,,R1,S,9,07-04-2015
FLR-09536,RIDGE,7,0.1553,5703,,,7i,,,R1,F,3,23/01/2005
FLR-09537,RIDGE,5,0.78275,5586,,,1+1+3,,,R1,A,1,02-03-2015
FLR-09538,RIDGE,5,0.329,0,,,5R1,,,R1,V,12,26/01/2010
FLR-09539,RIDGE,5,1.4039,0,,,5R3,,,R2,P,7,25/04/2008
FLR-09540,RIDGE,5,1.161175,5151,,,1+1+3,,,R1,U,11,26/03/2015
FLR-09541,LAMP,5,0.8891166,1,N-001,3975.0515,,2,0,,,,
FLR-09542,LAMP,5,1.1593907,2,N-005,889.7424,,2,0,,,,
FLR-09543,RIDGE,4,0.4825,5722,,,4D,,,R1,F,3,04/03/2010
FLR-09544,RIDGE,5,0.7345833,5979,,,1+1+3,,,R1,J,4,10-04-2015
FLR-09545,LAMP,5,1.1657275,2,N-012,10133.7291,,2,0,,,,
FLR-09546,LAMP,5,0.917475,2,N-003,16289.1475,,2,0,,,,
FLR-09547,RIDGE,5,1.280025,0,,,1+1+3,,,R1,U,11,31-03-2015
FLR-09548,RIDGE,5,0.317,0,,,5R1,,,R1,D,2,18/03/2010
FLR-09549,LAMP,5,1.2610666,1,N-015,13089.0842,,2,0,,,,
FLR-09550,LAMP,5,0.5027834,1,N-012,10530.2505,,4,0,,,,
FLR-09551,LAMP,7,1.1312416,2,N-019,3358.899,,8,0,,,,
FLR-09552,RIDGE,5,1.3214,0,,,5R3,,,R2,K,5,02/06/2012
FLR-09553,RIDGE,5,1.4210334,0,,,1+1+3,,,R1,U,11,31-03-2015
FLR-09554,RIDGE,5,0.8603373,0,,,1+1+3,,,R1,U,11,19-03-2015
FLR-09555,RIDGE,5,1.475,0,,,1+1+3,,,R1,N,6,23/03/2009
FLR-09556,RIDGE,5,1.1251,0,,,5R3,,,R2,K,5,03/06/2012
FLR-09557,LAMP,5,1.17838,2,N-003,17395.1756,,2,0,,,,
FLR-09558,LAMP,5,0.9736854,2,N-002,14469.5575,,2,0,,,,
FLR-09559,RIDGE,5,1.0466968,0,,,1+1+3,,,R1,J,4,12/05/2016
FLR-09560,LAMP,5,0.288506,1,N-035,31376.3734,,4,0,,,,
FLR-09561,RIDGE,5,0.9890667,5586,,,1+1+3,,,R1,A,1,02/03/2015
FLR-09562,RIDGE,5,0.7389,0,,,1+1+3,,,R2,P,7,25/04/2008
FLR-09563,LAMP,5,1.2951268,3,N-011,1158.5927,,2,0,,,,
FLR-09564,RIDGE,4,0.9733872,0,,,4R2,,,R1,A,1,02/03/2015
FLR-09565,LAMP,5,1.284125,1,N-011,84.0959,,2,0,,,,
FLR-09566,LAMP,5,0.8576044,2,N-005,859.2654,,2,0,,,,
FLR-09567,RIDGE,5,1.404,0,,,1+1+3,,,R1,T,10,16/04/2010
FLR-09568,RIDGE,5,0.3327,5562,,,5R1,,,R1,U,11,01/02/2010
FLR-09569,RIDGE,5,0.88,0,,,1+1+3,,,R1,D,2,27/03/2008
FLR-09570,RIDGE,7,0.369,5727,,,7i,,,R1,F,3,04/03/2010
FLR-09571,LAMP,5,0.3136713,1,N-026,5881.655,,4,0,,,,
FLR-09572,LAMP,5,1.2427417,1,N-013,20659.0211,,2,0,,,,
FLR-09573,RIDGE,5,0.3226583,5759,,,5R1,,,R1,S,9,29-04-2014
FLR-09574,LAMP,6,0.2175083,1,N-044,27690.4123,,16,1,,,,
FLR-09575,RIDGE,5,0.507,0,,,5R2,,,R1,N,6,02/04/2010
FLR-09576,RIDGE,5,0.9098583,5586,,,1+1+3,,,R1,A,1,02/03/2015
FLR-09577,RIDGE,6,0.366,6058,,,6i,,,R1,U,11,11/02/2010
FLR-09578,RIDGE,5,0.393,0,,,5R1,,,R1,D,2,04/04/2008
FLR-09579,LAMP,9,0.3483833,5,N-003,18974.6204,,11,0,,,,
FLR-09580,RIDGE,5,0.7577553,0,,,1+1+3,,,R1,U,11,19-03-2015
FLR-09581,LAMP,3,0.328725,2,N-003,22196.3698,,5,0,,,,
FLR-09582,RIDGE,5,0.3031083,5759,,,5R1,,,R1,S,9,29-04-2014
FLR-09583,RIDGE,10,0.426,0,,,10i,,,R1,T,10,26/01/2010
FLR-09584,RIDGE,5,0.8012167,5979,,,1+1+3,,,R1,J,4,10-04-2015
FLR-09585,LAMP,5,1.3265118,2,N-015,13083.6195,,2,0,,,,
FLR-09586,RIDGE,5,1.1579889,0,,,1+1+3,,,R1,J,4,12/05/2016
FLR-09587,RIDGE,10,0.371,0,,,10i,,,R1,T,10,14/04/2010
FLR-09588,RIDGE,5,0.7911,0,,,1+1+3,,,R2,P,7,25/04/2008
FLR-09589,LAMP,5,1.2857521,1,N-017,29156.5241,,2,0,,,,
FLR-09590,LAMP,5,0.6957049,2,N-044,27707.8076,,2,0,,,,
FLR-09591,LAMP,5,0.3047084,2,N-031,238.2266,,2,0,,,,
FLR-09592,RIDGE,4,0.643,0,,,4-SMUDGE,,,R1,V,12,03/02/2010
FLR-09593,LAMP,5,1.2197844,2,N-030,9526.7185,,2,0,,,,
FLR-09594,LAMP,5,0.8382923,3,N-003,16834.1564,,2,0,,,,
FLR-09595,RIDGE,5,0.3181916,0,,,5R1,,,R1,A,1,02/03/2015
FLR-09596,LAMP,5,0.6265667,5,N-042,1772.5191,,15,0,,,,
FLR-09597,RIDGE,5,0.9131,0,,,1+1+3,,,R1,J,4,31/01/2009
FLR-09598,RIDGE,5,1.1056463,0,,,1+1+3,,,R1,A,1,02/03/2015
FLR-09599,RIDGE,5,1.1091704,0,,,1+1+3,,,R1,A,1,02/03/2015
FLR-09600,RIDGE,5,0.9379677,0,,,1+1+3,,,R1,A,1,02/03/2015
FLR-09601,RIDGE,5,0.1638,5703,,,5-SMUDGE,,,R1,F,3,18/02/2005
FLR-09602,LAMP,5,1.235475,1,N-003,16059.1802,,2,0,,,,
FLR-09603,RIDGE,4,0.9066083,0,,,4R2,,,R1,A,1,02-03-2015
FLR-09604,RIDGE,7,1.7706,0,,,7-SMUDGE,,,R2,K,5,03/06/2012
FLR-09605,RIDGE,4,0.2,0,,,4R1,,,R1,D,2,01/04/2010
FLR-09606,RIDGE,10,1.5054,0,,,10R,,,R2,P,7,05/03/2011
FLR-09607,LAMP,5,0.3253667,1,N-043,7733.3445,,2,0,,,,
FLR-09608,LAMP,5,1.179475,1,N-003,16171.5695,,2,0,,,,
FLR-09609,LAMP,5,1.3185502,1,N-006,8715.1642,,2,0,,,,
FLR-09610,RIDGE,5,1.387294,0,,,5-SMUDGE,,,R1,J,4,12/05/2016
FLR-09611,RIDGE,5,1.0232,5727,,,1+1+3,,,R1,F,3,04/03/2010
FLR-09612,RIDGE,5,0.331,0,,,5R1,,,R1,N,6,23/03/2009
FLR-09613,RIDGE,5,1.213,5978,,,1+1+3,,,R1,J,4,15/02/2007
FLR-09614,RIDGE,5,0.32595,5759,,,5R1,,,R1,S,9,29-04-2014
FLR-09615,RIDGE,5,0.3786167,0,,,5R1,,,R1,A,1,02/03/2015
FLR-09616,LAMP,5,1.1002083,2,N-001,7266.2952,,2,0,,,,
FLR-09617,LAMP,5,0.5907431,3,N-002,7998.446,,4,1,,,,
FLR-09618,LAMP,5,0.3413417,1,N-042,2619.4945,,2,0,,,,
FLR-09619,RIDGE,5,0.3284,5987,,,5R1,,,R1,J,4,30/03/2010
FLR-09620,LAMP,5,0.8637153,2,N-009,893.8293,,2,0,,,,
FLR-09621,RIDGE,5,1.1526,5727,,,1+1+3,,,R1,F,3,23/01/2005
FLR-09622,RIDGE,5,0.3277833,0,,,5R1,,,R1,S,9,07-04-2015
FLR-09623,LAMP,5,1.1532902,2,N-022,27683.8409,,2,0,,,,
FLR-09624,LAMP,5,0.8057931,2,N-001,7155.6178,,2,0,,,,
FLR-09625,RIDGE,5,1.24645,5151,,,1+1+3,,,R1,U,11,26/03/2015
FLR-09626,RIDGE,5,1.2303851,0,,,1+1+3,,,R1,U,11,31-03-2015
FLR-09627,RIDGE,5,0.7877,5561,,,1+1+3,,,R1,F,3,09/02/2009
FLR-09628,LAMP,5,1.3609667,2,N-011,944.0177,,2,0,,,,
FLR-09629,LAMP,5,0.3216083,1,N-043,7742.6845,,2,0,,,,
FLR-09630,RIDGE,8,1.4049917,5586,,,8D,,,R1,A,1,02-03-2015
FLR-09631,RIDGE,5,0.3291417,5726,,,5R1,,,R1,S,9,01-04-2015
FLR-09632,RIDGE,5,0.718,5727,,,1+1+3,,,R1,F,3,23/03/2008
FLR-09633,RIDGE,5,0.7081417,5979,,,1+1+3,,,R1,J,4,10-04-2015
FLR-09634,RIDGE,5,1.1454,0,,,5R3,,,R2,P,7,05/03/2011
FLR-09635,RIDGE,4,0.4999,5722,,,4D,,,R1,F,3,12/02/2010
FLR-09636,LAMP,5,0.3120602,2,N-046,9483.2079,,4,0,,,,
FLR-09637,LAMP,5,1.23535,1,N-013,20646.9717,,2,0,,,,
FLR-09638,RIDGE,5,0.3271,6052,,,5R1,,,R1,S,9,29-04-2014
FLR-09639,RIDGE,5,1.0766,0,,,1+1+3,,,R1,F,3,23/01/2005
FLR-09640,RIDGE,5,1.1337917,0,,,1+1+3,,,R1,S,9,29-04-2014
FLR-09641,RIDGE,7,1.6557,0,,,7R,,,R2,K,5,03/06/2012
FLR-09642,RIDGE,5,1.1562417,5151,,,1+1+3,,,R1,U,11,26/03/2015
FLR-09643,RIDGE,5,0.3122,5727,,,5R1,,,R1,F,3,23/03/2008
FLR-09644,RIDGE,5,0.342,0,,,5R1,,,R1,R,8,10/04/2008
FLR-09645,RIDGE,5,0.772,0,,,1+1+3,,,R1,R,8,19/04/2008
FLR-09646,RIDGE,5,0.9099,0,,,5-SMUDGE,,,R1,F,3,04/03/2010
FLR-09647,RIDGE,5,1.1823918,0,,,1+1+3,,,R1,A,1,02/03/2015
FLR-09648,RIDGE,5,0.3292,5562,,,5R1,,,R1,U,11,11/02/2010
FLR-09649,LAMP,5,0.946386,3,N-002,14452.5625,,2,0,,,,
FLR-09650,LAMP,6,1.4430146,3,N-020,11077.1175,,16,0,,,,
FLR-09651,RIDGE,5,0.341,0,,,5R1,,,R1,D,2,20/03/2008
FLR-09652,RIDGE,5,0.4362,5560,,,5R2,,,R1,F,3,03/02/2005
FLR-09653,RIDGE,5,1.0328,0,,,5R3,,,R2,K,5,03/06/2012
FLR-09654,RIDGE,5,1.0994,0,,,5R3,,,R2,K,5,02/06/2012
FLR-09655,RIDGE,7,1.2397,5722,,,7D1,,,R1,F,3,04/03/2010
FLR-09656,RIDGE,5,0.405,6035,,,5-SMUDGE,,,R1,U,11,11/02/2010
FLR-09657,RIDGE,4,0.2914,0,,,4R1,,,R1,F,3,12/02/2010
FLR-09658,RIDGE,5,0.7775,5978,,,1+1+3,,,R1,J,4,30/03/2010
FLR-09659,RIDGE,5,0.3128,5562,,,5R1,,,R1,U,11,24/01/2010
FLR-09660,RIDGE,5,0.7889,5979,,,1+1+3,,,R1,J,4,31/01/2009
FLR-09661,RIDGE,6,0.4052417,5586,,,6i,,,R1,A,1,02-03-2015
FLR-09662,RIDGE,5,0.321,0,,,5R1,,,R1,V,12,22/01/2010
FLR-09663,RIDGE,5,0.8980555,0,,,1+1+3,,,R1,A,1,02/03/2015
FLR-09664,LAMP,5,1.1375333,3,N-023,31665.4414,,2,0,,,,
FLR-09665,RIDGE,4,0.5361,5722,,,4D,,,R1,F,3,18/02/2009
FLR-09666,LAMP,3,0.3606061,2,N-002,11118.0943,,5,0,,,,
FLR-09667,LAMP,5,0.4712363,2,N-013,20610.1656,,4,0,,,,
FLR-09668,LAMP,5,1.211598,2,N-013,20696.4463,,2,0,,,,
FLR-09669,RIDGE,5,0.8192958,0,,,1+1+3,,,R1,F,3,19/03/2015
FLR-09670,LAMP,5,0.3043583,1,N-044,27703.426,,4,0,,,,
FLR-09671,LAMP,5,1.2867,1,N-014,1079.263,,2,0,,,,
FLR-09672,RIDGE,5,1.008,0,,,1+1+3,,,R1,R,8,19/04/2008
FLR-09673,RIDGE,5,1.28485,0,,,1+1+3,,,R1,S,9,29-04-2014
FLR-09674,LAMP,5,1.0684583,1,N-003,15558.9786,,2,0,,,,
FLR-09675,LAMP,5,1.3748096,2,N-003,17984.5853,,2,0,,,,
FLR-09676,RIDGE,6,0.5165,5561,,,6-SMUDGE,,,R1,F,3,03/03/2010
FLR-09677,RIDGE,5,1.2209741,0,,,5R3,,,R2,ZZZ,13,12-04-2016
FLR-09678,RIDGE,5,1.200941,0,,,1+1+3,,,R1,U,11,26/03/2015
FLR-09679,RIDGE,4,0.8738789,0,,,4R2,,,R2,ZZZ,13,12-04-2016
FLR-09680,RIDGE,5,1.2380666,0,,,1+1+3,,,R1,A,1,02/03/2015
FLR-09681,RIDGE,5,0.9435781,0,,,1+1+3,,,R1,J,4,10-04-2015
FLR-09682,RIDGE,5,0.75,5561,,,1+1+3,,,R1,F,3,09/02/2009
FLR-09683,RIDGE,5,0.352,0,,,5R1,,,R1,N,6,02/04/2010
FLR-09684,RIDGE,5,0.8174,0,,,1+1+3,,,R1,J,4,06/02/2010
FLR-09685,RIDGE,5,1.116749,0,,,5R3,,,R2,ZZZ,13,12-04-2016
FLR-09686,LAMP,5,0.3220035,2,N-028,28256.0968,,4,0,,,,
FLR-09687,LAMP,5,1.3372564,2,N-020,11603.6803,,2,0,,,,
FLR-09688,RIDGE,5,0.945,0,,,1+1+3,,,R1,N,6,03/04/2010
FLR-09689,RIDGE,5,1.2007,0,,,5R3,,,R2,P,7,05/03/2011
FLR-09690,RIDGE,5,0.9646,0,,,5R3,,,R2,K,5,03/06/2012
FLR-09691,LAMP,5,0.310925,3,N-031,194.6202,,4,0,,,,
FLR-09692,RIDGE,7,0.342,0,,,7i,,,R1,V,12,26/01/2010
FLR-09693,LAMP,6,1.349475,1,N-006,8845.7303,,16,0,,,,
FLR-09694,RIDGE,5,1.2035833,5560,,,1+1+3,,,R1,F,3,31/03/2015
FLR-09695,LAMP,5,0.7183584,1,N-031,171.7733,,2,0,,,,
FLR-09696,RIDGE,5,0.829,0,,,1+1+3,,,R1,N,6,03/04/2010
FLR-09697,RIDGE,5,0.6019,0,,,5-SMUDGE,,,R2,P,7,24/04/2008
FLR-09698,LAMP,5,1.0752493,2,N-003,15618.9026,,2,0,,,,
FLR-09699,RIDGE,5,0.312,0,,,5R1,,,R1,D,2,18/03/2010
FLR-09700,RIDGE,5,0.5199,5151,,,5R2,,,R1,U,11,11/02/2010
FLR-09701,LAMP,5,0.500125,1,N-021,19941.6015,,4,0,,,,
FLR-09702,RIDGE,5,1.0351,0,,,5R3,,,R2,K,5,03/06/2012
FLR-09703,RIDGE,5,1.2164,5727,,,1+1+3,,,R1,F,3,12/02/2010
FLR-09704,RIDGE,5,1.132,0,,,1+1+3,,,R1,R,8,19/04/2008
FLR-09705,RIDGE,5,0.318,0,,,5R1,,,R1,D,2,18/03/2010
FLR-09706,RIDGE,6,0.785,0,,,6-SMUDGE,,,R1,V,12,03/02/2010
FLR-09707,LAMP,5,0.3323173,2,N-012,10510.2502,,4,0,,,,
FLR-09708,RIDGE,5,1.348075,5586,,,1+1+3,,,R1,A,1,02-03-2015
FLR-09709,RIDGE,5,1.0852,5727,,,1+1+3,,,R1,F,3,12/02/2010
FLR-09710,RIDGE,5,0.5131711,0,,,5R2,,,R1,F,3,19/03/2015
FLR-09711,RIDGE,5,0.306,0,,,5R1,,,R1,D,2,04/04/2008
FLR-09712,RIDGE,5,0.31352,0,,,5R1,,,R1,J,4,13-05-2016
FLR-09713,RIDGE,5,1.2442,0,,,1+1+3,,,R1,U,11,31-03-2015
FLR-09714,RIDGE,5,0.969225,0,,,1+1+3,,,R1,A,1,02/03/2015
FLR-09715,LAMP,5,0.3341,1,N-001,572.4057,,2,0,,,,
FLR-09716,LAMP,5,0.648825,2,N-024,6833.3018,,15,0,,,,
FLR-09717,RIDGE,7,1.6729,0,,,7R,,,R2,P,7,05/03/2011
FLR-09718,LAMP,5,0.5227291,2,N-022,27668.412,,4,0,,,,
FLR-09719,LAMP,5,1.2759674,1,N-011,2228.6866,,2,0,,,,
FLR-09720,RIDGE,5,0.5439584,5151,,,5R2,,,R1,U,11,26/03/2015
FLR-09721,RIDGE,5,1.1973,5560,,,1+1+3,,,R1,F,3,31/03/2015
FLR-09722,RIDGE,8,0.313,0,,,8i,,,R1,N,6,21/03/2010
FLR-09723,RIDGE,9,0.307,0,,,9i,,,R1,D,2,04/04/2008
FLR-09724,LAMP,5,1.4088964,2,N-001,7224.7895,,2,0,,,,
FLR-09725,LAMP,5,0.3334345,2,N-048,467.8555,,2,0,,,,
FLR-09726,RIDGE,5,1.0675417,5586,,,1+1+3,,,R1,A,1,02/03/2015
FLR-09727,RIDGE,5,0.343,0,,,5R1,,,R1,N,6,02/04/2010
FLR-09728,RIDGE,10,1.6748,0,,,10R,,,R2,P,7,24/04/2008
FLR-09729,LAMP,5,0.3132334,2,N-034,10035.2533,,4,0,,,,
FLR-09730,RIDGE,5,1.1546,0,,,1+1+3,,,R1,J,4,06/02/2010
FLR-09731,RIDGE,5,1.2617728,0,,,1+1+3,,,R1,F,3,31/03/2015
FLR-09732,LAMP,5,0.8334932,1,N-003,15660.2961,,2,0,,,,
FLR-09733,LAMP,5,1.2065834,1,N-003,17449.3504,,2,0,,,,
FLR-09734,RIDGE,5,1.2610666,5560,,,1+1+3,,,R1,F,3,31/03/2015
FLR-09735,LAMP,7,1.5720583,2,N-030,9643.1533,,7,0,,,,
FLR-09736,RIDGE,5,0.3069584,0,,,5R1,,,R1,J,4,10-04-2015
FLR-09737,RIDGE,5,0.354,0,,,5R1,,,R1,V,12,22/01/2010
FLR-09738,LAMP,5,0.9272865,2,N-005,716.479,,2,0,,,,
FLR-09739,RIDGE,5,1.2645,0,,,5R3,,,R2,K,5,03/06/2012
FLR-09740,LAMP,5,1.152114,3,N-011,1141.4146,,2,0,,,,
FLR-09741,RIDGE,6,0.384,0,,,6i,,,R1,D,2,21/03/2008
FLR-09742,LAMP,5,1.1582067,3,N-002,14401.2906,,2,0,,,,
FLR-09743,RIDGE,5,0.986,5719,,,1+1+3,,,R1,A,1,05/02/2009
FLR-09744,RIDGE,5,0.3197,5727,,,5R1,,,R1,F,3,12/02/2010
FLR-09745,RIDGE,6,0.9095,0,,,6-SMUDGE,,,R2,K,5,03/06/2012
FLR-09746,LAMP,5,0.33675,2,N-027,13125.5787,,2,0,,,,
FLR-09747,LAMP,5,0.3216083,1,N-024,7941.0321,,4,0,,,,
FLR-09748,RIDGE,5,1.3818607,0,,,1+1+3,,,R1,A,1,02/03/2015
FLR-09749,RIDGE,5,1.4207,0,,,1+1+3,,,R1,J,4,06/02/2010
FLR-09750,RIDGE,5,0.323,0,,,5R1,,,R1,T,10,06/03/2010
FLR-09751,RIDGE,5,1.2557,0,,,5R3,,,R2,K,5,03/06/2012
FLR-09752,LAMP,5,0.7578917,1,N-009,723.995,,2,0,,,,
FLR-09753,LAMP,5,0.48035,1,N-012,9404.51315,,4,0,,,,
FLR-09754,RIDGE,5,1.426,0,,,1+1+3,,,R1,N,6,02/04/2010
FLR-09755,LAMP,5,0.320792,3,N-040,185.0256,,4,0,,,,
FLR-09756,RIDGE,5,0.3077167,5987,,,5R1,,,R1,J,4,24-04-2014
FLR-09757,RIDGE,5,1.362,0,,,1+1+3,,,R1,V,12,26/01/2010
FLR-09758,RIDGE,5,0.358,0,,,5R1,,,R1,V,12,03/02/2010
FLR-09759,RIDGE,5,1.1541347,0,,,5R3,,,R2,ZZZ,13,12-04-2016
FLR-09760,RIDGE,5,0.7589,5562,,,1+1+3,,,R1,U,11,01/02/2010
FLR-09761,RIDGE,5,1.3011083,0,,,1+1+3,,,R1,U,11,31-03-2015
FLR-09762,LAMP,5,1.2572158,2,N-014,670.1402,,2,0,,,,
FLR-09763,RIDGE,4,1.125195,5720,,,4R2,,,R1,A,1,16-04-2014
FLR-09764,RIDGE,5,1.2462,0,,,5R3,,,R2,K,5,03/06/2012
FLR-09765,RIDGE,4,1.054,5720,,,4R2,,,R1,A,1,05/02/2009
FLR-09766,RIDGE,5,0.7326,0,,,5-SMUDGE,,,R2,P,7,24/04/2008
FLR-09767,LAMP,5,1.5481166,1,N-044,23820.2026,,2,0,,,,
FLR-09768,LAMP,5,1.200941,2,N-011,2199.5109,,2,0,,,,
FLR-09769,RIDGE,5,1.2317571,0,,,1+1+3,,,R1,U,11,31-03-2015
FLR-09770,RIDGE,9,0.3866083,5720,,,9i,,,R1,A,1,16-04-2014
FLR-09771,RIDGE,5,1.1644268,0,,,1+1+3,,,R1,U,11,31-03-2015
FLR-09772,RIDGE,7,0.337,0,,,7i,,,R1,A,1,25/03/2008
FLR-09773,RIDGE,5,0.326,0,,,5R1,,,R1,T,10,11/03/2010
FLR-09774,RIDGE,5,1.411,0,,,1+1+3,,,R1,V,12,03/02/2010
FLR-09775,RIDGE,5,0.7330245,0,,,1+1+3,,,R1,A,1,02/03/2015
FLR-09776,LAMP,11,0.4888083,2,N-003,15979.1144,,17,0,,,,
FLR-09777,LAMP,5,0.946048,2,N-003,17539.7497,,2,0,,,,
FLR-09778,RIDGE,5,0.357,0,,,5R1,,,R1,V,12,26/01/2010
FLR-09779,RIDGE,5,0.6512,5561,,,1+1+3,,,R1,F,3,17/02/2005
FLR-09780,RIDGE,5,1.1361171,0,,,1+1+3,,,R1,U,11,31-03-2015
FLR-09781,LAMP,5,1.2298416,3,N-042,1735.5854,,2,0,,,,
FLR-09782,RIDGE,6,1.229488,0,,,6-SMUDGE,,,R1,F,3,19/03/2015
FLR-09783,RIDGE,5,0.3386,5560,,,5R1,,,R1,F,3,07/02/2005
FLR-09784,RIDGE,5,0.6342,5561,,,5-SMUDGE,,,R1,F,3,17/02/2005
FLR-09785,RIDGE,6,1.5693,0,,,6R,,,R2,K,5,03/06/2012
FLR-09786,RIDGE,5,1.0074667,5759,,,1+1+3,,,R1,S,9,01-04-2015
FLR-09787,RIDGE,5,0.312675,0,,,5R1,,,R1,S,9,01-04-2015
FLR-09788,LAMP,5,1.1094497,2,N-011,1245.1673,,2,0,,,,
FLR-09789,RIDGE,5,1.144,0,,,1+1+3,,,R1,R,8,19/04/2008
FLR-09790,RIDGE,5,1.3244916,5151,,,1+1+3,,,R1,U,11,26/03/2015
FLR-09791,RIDGE,5,0.351,0,,,5R1,,,R1,T,10,11/03/2010
FLR-09792,RIDGE,6,1.8512,0,,,6R,,,R2,P,7,25/04/2008
FLR-09793,RIDGE,5,1.2151192,0,,,1+1+3,,,R1,A,1,02/03/2015
FLR-09794,RIDGE,5,1.3241,0,,,5R3,,,R2,K,5,03/06/2012
FLR-09795,LAMP,5,0.8859675,1,N-003,17347.6599,,2,0,,,,
FLR-09796,LAMP,22,1.3051,3,N-019,3285.7365,,17,0,,,,
FLR-09797,RIDGE,5,1.3467232,0,,,1+1+3,,,R1,J,4,10-04-2015
FLR-09798,RIDGE,5,0.3359796,0,,,5R1,,,R1,S,9,01-04-2015
FLR-09799,LAMP,5,1.2821,1,N-011,2152.6225,,2,0,,,,
FLR-09800,RIDGE,5,0.3340666,5726,,,5R1,,,R1,S,9,01-04-2015
FLR-09801,LAMP,5,1.3377519,1,N-001,7283.4755,,2,0,,,,
FLR-09802,LAMP,6,1.54535,2,N-002,13976.5396,,16,0,,,,
FLR-09803,RIDGE,5,0.9258,0,,,5R3,,,R2,P,7,25/04/2008
FLR-09804,RIDGE,3,0.121,59871?,,,3R,,,R1,J,4,30/03/2010
FLR-09805,RIDGE,5,0.3130794,0,,,5R1,,,R1,J,4,10-04-2015
FLR-09806,RIDGE,5,0.9981667,5151,,,1+1+3,,,R1,U,11,26/03/2015
FLR-09807,RIDGE,5,0.337,0,,,5R1,,,R1,N,6,02/04/2010
FLR-09808,LAMP,5,0.3413583,1,N-041,4489.6675,,2,0,,,,
FLR-09809,RIDGE,5,0.695,0,,,5-SMUDGE,,,R1,R,8,19/04/2008
FLR-09810,LAMP,5,1.2515441,2,N-005,901.2265,,2,0,,,,
FLR-09811,RIDGE,5,0.641,0,,,2+3,,,R1,V,12,16/01/2010
FLR-09812,RIDGE,5,1.086,0,,,1+1+3,,,R1,T,10,15/04/2010
FLR-09813,RIDGE,5,0.3337,5560,,,5R1,,,R1,F,3,09/02/2009
FLR-09814,RIDGE,5,1.3390833,6052,,,1+1+3,,,R1,S,9,29-04-2014
FLR-09815,RIDGE,5,0.6940583,5979,,,1+1+3,,,R1,J,4,10-04-2015
FLR-09816,RIDGE,8,1.4060167,5151,,,8D,,,R1,U,11,26/03/2015
FLR-09817,RIDGE,5,0.9974917,5151,,,1+1+3,,,R1,U,11,26/03/2015
FLR-09818,LAMP,5,1.2054333,1,N-014,711.5262,,2,0,,,,
FLR-09819,LAMP,5,1.1823918,2,N-003,16074.4398,,2,0,,,,
FLR-09820,LAMP,5,0.7301393,3,N-045,6023.3009,,2,0,,,,
FLR-09821,RIDGE,5,1.2644416,5560,,,1+1+3,,,R1,F,3,31/03/2015
FLR-09822,RIDGE,5,0.336,0,,,5R1,,,R1,V,12,26/01/2010
FLR-09823,LAMP,5,0.8042204,2,N-002,14535.5188,,2,0,,,,
FLR-09824,RIDGE,5,0.373,0,,,5R1,,,R1,T,10,14/04/2010
FLR-09825,RIDGE,5,0.839,5130,,,1+1+3,,,R1,F,3,01/02/2005
FLR-09826,RIDGE,5,0.5713,5727,,,5R2,,,R1,F,3,04/03/2010
FLR-09827,RIDGE,5,1.2256084,5151,,,1+1+3,,,R1,U,11,26/03/2015
FLR-09828,LAMP,5,0.7548363,2,N-003,17296.4578,,2,0,,,,
FLR-09829,RIDGE,5,1.1606992,0,,,1+1+3,,,R1,U,11,26/03/2015
FLR-09830,RIDGE,5,1.4634833,0,,,5-SMUDGE,,,R1,A,1,02-03-2015
FLR-09831,RIDGE,7,1.553375,0,,,7D2,,,R1,U,11,31-03-2015
FLR-09832,RIDGE,5,0.309,0,,,5R1,,,R1,D,2,21/03/2008
FLR-09833,RIDGE,5,0.6319,0,,,2+3,,,R1,F,3,23/01/2005
FLR-09834,RIDGE,6,1.4972,0,,,6R,,,R2,P,7,05/03/2011
FLR-09835,RIDGE,4,0.374,0,,,1+32,,,R1,N,6,23/03/2009
FLR-09836,RIDGE,5,1.2645083,0,,,1+1+3,,,R1,U,11,31-03-2015
FLR-09837,RIDGE,5,1.0915008,0,,,1+1+3,,,R1,A,1,02/03/2015
FLR-09838,RIDGE,5,0.685,0,,,1+1+3,,,R1,T,10,10/03/2010
FLR-09839,LAMP,6,1.5032083,1,N-012,9527.1981,,16,0,,,,
FLR-09840,RIDGE,5,0.567214,0,,,5-SMUDGE,,,R1,F,3,31/03/2015
FLR-09841,RIDGE,5,0.888,0,,,1+1+3,,,R1,N,6,02/04/2010
FLR-09842,LAMP,5,1.2610333,2,N-020,11639.3214,,2,1,,,,
FLR-09843,RIDGE,4,0.6216,0,,,4-SMUDGE,,,R2,P,7,25/04/2008
FLR-09844,RIDGE,5,0.32,0,,,5R1,,,R1,T,10,15/01/2005
FLR-09845,RIDGE,5,0.9257805,0,,,1+1+3,,,R1,A,1,02/03/2015
FLR-09846,LAMP,5,1.065625,1,N-003,17477.252,,2,0,,,,
FLR-09847,RIDGE,4,0.5041,5722,,,4D,,,R1,F,3,09/03/2005
FLR-09848,RIDGE,5,0.3118443,5560,,,5R1,,,R1,F,3,31/03/2015
FLR-09849,RIDGE,4,1.037,0,,,4R2,,,R1,A,1,25/02/2010
FLR-09850,RIDGE,9,0.1999,5703,,,9i,,,R1,F,3,23/01/2005
FLR-09851,LAMP,5,0.3182938,2,N-029,527.3373,,4,0,,,,
FLR-09852,LAMP,4,1.3122478,3,N-036,27068.9585,,0,0,,,,
FLR-09853,LAMP,5,0.4347645,3,N-005,704.9884,,4,0,,,,
FLR-09854,RIDGE,5,1.177566,0,,,1+1+3,,,R1,A,1,02/03/2015
FLR-09855,RIDGE,5,1.23535,5151,,,1+1+3,,,R1,U,11,26/03/2015
FLR-09856,LAMP,5,0.3146417,1,N-042,2582.9721,,4,0,,,,
FLR-09857,LAMP,5,0.3357077,2,N-040,154.7349,,2,0,,,,
FLR-09858,LAMP,5,0.3224417,2,N-024,7982.8736,,4,0,,,,
FLR-09859,LAMP,5,0.7668966,4,N-011,1171.6208,,2,0,,,,
FLR-09860,LAMP,5,1.2960417,2,N-014,1139.2444,,2,0,,,,
FLR-09861,LAMP,5,0.498175,1,N-021,19950.4254,,4,0,,,,
FLR-09862,RIDGE,8,0.225,0,,,8i,,,R1,A,1,26/03/2010
FLR-09863,RIDGE,4,0.5217,0,,,4D,,,R1,F,3,02/02/2010
FLR-09864,RIDGE,5,1.3383834,0,,,1+1+3,,,R1,F,3,31/03/2015
FLR-09865,RIDGE,7,1.3738,5722,,,7D1,,,R1,F,3,12/02/2010
FLR-09866,LAMP,5,1.4142833,1,N-042,127.351,,2,0,,,,
FLR-09867,RIDGE,5,0.34,0,,,5R1,,,R1,R,8,19/04/2008
FLR-09868,LAMP,7,1.5676917,1,N-012,9536.9583,,7,0,,,,
FLR-09869,RIDGE,6,0.408925,0,,,6i,,,R1,A,1,02/03/2015
FLR-09870,RIDGE,5,0.4901084,0,,,5R2,,,R1,F,3,31/03/2015
FLR-09871,RIDGE,8,1.2284,5979,,,8R,,,R1,J,4,03/05/2008
FLR-09872,RIDGE,5,1.2529417,0,,,1+1+3,,,R1,U,11,31-03-2015
FLR-09873,LAMP,5,1.5919667,1,N-044,23833.0355,,2,0,,,,
FLR-09874,LAMP,5,1.0532583,2,N-041,2898.6788,,2,0,,,,
FLR-09875,LAMP,5,1.2318505,2,N-018,32994.9773,,2,0,,,,
FLR-09876,RIDGE,5,0.3358957,5560,,,5R1,,,R1,F,3,31/03/2015
FLR-09877,RIDGE,4,0.1718,0,,,4R1,,,R1,F,3,04/03/2010
FLR-09878,RIDGE,5,0.3958,6058,,,5R1,,,R1,U,11,24/01/2010
FLR-09879,RIDGE,4,0.786,0,,,4R2,,,R1,A,1,28/02/2010
FLR-09880,LAMP,5,0.3359796,2,N-026,5987.1013,,4,0,,,,
FLR-09881,RIDGE,5,1.139,0,,,1+1+3,,,R1,V,12,03/02/2010
FLR-09882,RIDGE,4,0.1826,6035,,,4R1,,,R1,U,11,01/02/2010
FLR-09883,LAMP,21,0.591075,2,N-003,17664.4423,,17,0,,,,
FLR-09884,RIDGE,5,1.1466917,0,,,5R3,,,R2,ZZZ,13,12-04-2016
FLR-09885,RIDGE,5,1.4346,0,,,1+1+3,,,R1,J,4,06/02/2010
FLR-09886,LAMP,5,1.2883769,3,N-022,27725.3659,,2,0,,,,
FLR-09887,LAMP,5,1.1197735,3,N-012,9553.7666,,2,0,,,,
FLR-09888,LAMP,5,1.2557667,2,N-022,27761.8659,,2,0,,,,
FLR-09889,LAMP,5,0.3112333,2,N-031,253.2407,,2,0,,,,
FLR-09890,RIDGE,4,0.2841,6058,,,4R1,,,R1,U,11,24/01/2010
FLR-09891,LAMP,4,0.8711697,2,N-001,149.4538,,0,0,,,,
FLR-09892,RIDGE,5,1.0528,0,,,5R3,,,R2,P,7,05/03/2011
FLR-09893,RIDGE,5,1.255,5560,,,1+1+3,,,R1,F,3,03/02/2005
FLR-09894,LAMP,5,1.2915099,4,N-003,17429.4075,,2,0,,,,
FLR-09895,RIDGE,8,1.2806167,0,,,8R,,,R1,J,4,10-04-2015
FLR-09896,LAMP,5,0.7492084,1,N-032,10096.8413,,2,0,,,,
FLR-09897,RIDGE,5,1.019675,5586,,,1+1+3,,,R1,A,1,02/03/2015
FLR-09898,RIDGE,5,1.1198,5727,,,1+1+3,,,R1,F,3,12/02/2010
FLR-09899,RIDGE,5,0.3017,6058,,,5R1,,,R1,U,11,11/02/2010
FLR-09900,LAMP,5,1.1673561,2,N-011,2172.1437,,2,0,,,,
FLR-09901,RIDGE,5,0.7604409,0,,,5-SMUDGE,,,R1,A,1,02/03/2015
FLR-09902,LAMP,4,0.969535,2,N-001,202.5538,,0,0,,,,
FLR-09903,RIDGE,6,0.9683,5722,,,6-SMUDGE,,,R1,F,3,12/02/2010
FLR-09904,RIDGE,5,0.7833942,0,,,1+1+3,,,R1,A,1,02/03/2015
FLR-09905,RIDGE,5,0.698,0,,,1+1+3,,,R1,A,1,28/02/2010
FLR-09906,LAMP,5,0.7468167,1,N-003,18875.6302,,2,0,,,,
FLR-09907,LAMP,8,0.5627666,3,N-017,29085.0303,,13,0,,,,
FLR-09908,RIDGE,5,0.3119667,5720,,,5R1,,,R1,A,1,16-04-2014
FLR-09909,RIDGE,5,1.0963,0,,,5R3,,,R2,K,5,03/06/2012
FLR-09910,RIDGE,5,0.3218,5562,,,5R1,,,R1,U,11,24/02/2008
FLR-09911,RIDGE,5,1.3173,0,,,5R3,,,R2,P,7,24/04/2008
FLR-09912,RIDGE,5,0.3125,5562,,,5R1,,,R1,U,11,24/01/2010
FLR-09913,LAMP,5,1.0049583,3,N-020,13198.5552,,2,0,,,,
FLR-09914,LAMP,7,0.7162292,3,N-009,870.1531,,8,0,,,,
FLR-09915,LAMP,4,0.7623649,2,N-003,16991.0331,,0,0,,,,
FLR-09916,LAMP,4,1.22265,2,N-003,17964.9893,,0,0,,,,
FLR-09917,RIDGE,8,0.3565645,0,,,8i,,,R1,J,4,13-05-2016
FLR-09918,RIDGE,5,1.333,0,,,1+1+3,,,R1,V,12,16/01/2010
FLR-09919,RIDGE,5,1.3306998,0,,,1+1+3,,,R1,F,3,31/03/2015
FLR-09920,RIDGE,5,0.7412,5561,,,1+1+3,,,R1,F,3,09/03/2005
FLR-09921,RIDGE,5,1.1856,5560,,,1+1+3,,,R1,F,3,31/03/2015
FLR-09922,RIDGE,5,0.808,0,,,1+1+3,,,R1,D,2,01/04/2010
FLR-09923,LAMP,5,0.8263584,2,N-003,16924.4254,,2,0,,,,
FLR-09924,RIDGE,5,1.3380818,0,,,1+1+3,,,R1,A,1,02/03/2015
FLR-09925,RIDGE,5,1.1057,0,,,5R3,,,R2,P,7,05/03/2011
FLR-09926,RIDGE,4,1.0225528,0,,,4R2,,,R1,A,1,02/03/2015
FLR-09927,LAMP,5,1.249125,2,N-013,20772.8062,,2,0,,,,
FLR-09928,RIDGE,5,1.2977289,0,,,1+1+3,,,R1,J,4,10-04-2015
FLR-09929,LAMP,5,0.983475,1,N-019,3319.571,,2,0,,,,
FLR-09930,LAMP,5,0.2708833,5,N-003,18943.5049,,4,0,,,,
FLR-09931,LAMP,5,1.300934,1,N-011,53.6573,,2,0,,,,
FLR-09932,RIDGE,6,1.4722416,5151,,,6-SMUDGE,,,R1,U,11,19-03-2015
FLR-09933,RIDGE,7,0.594,0,,,7i,,,R1,R,8,19/04/2008
FLR-09934,LAMP,5,0.3245558,1,N-018,33694.5974,,2,0,,,,
FLR-09935,RIDGE,5,0.764,0,,,1+1+3,,,R1,T,10,10/03/2010
FLR-09936,RIDGE,4,1.043,0,,,4R2,,,R1,A,1,26/03/2010
FLR-09937,LAMP,5,1.2997833,2,N-038,3549.7836,,2,0,,,,
FLR-09938,RIDGE,5,0.343,0,,,5R1,,,R1,D,2,21/03/2008
FLR-09939,RIDGE,5,0.8363,0,,,1+1+3,,,R1,F,3,04/03/2010
FLR-09940,LAMP,5,1.3523443,2,N-011,861.6032,,2,0,,,,
FLR-09941,LAMP,5,1.2178739,2,N-012,10015.6243,,2,0,,,,
FLR-09942,LAMP,5,1.0194829,1,N-002,14458.098,,2,0,,,,
FLR-09943,RIDGE,4,1.1520972,0,,,4R2,,,R1,A,1,02/03/2015
FLR-09944,LAMP,5,1.3053167,1,N-006,8662.7803,,2,0,,,,
FLR-09945,RIDGE,5,1.16895,5560,,,1+1+3,,,R1,F,3,31/03/2015
FLR-09946,RIDGE,6,1.1681,5727,,,6R,,,R1,F,3,04/03/2010
FLR-09947,RIDGE,5,0.3146167,5726,,,5R1,,,R1,S,9,01-04-2015
FLR-09948,RIDGE,5,0.322,0,,,5R1,,,R1,T,10,15/04/2010
FLR-09949,RIDGE,5,0.333575,5759,,,5R1,,,R1,S,9,29-04-2014
FLR-09950,RIDGE,6,0.237,0,,,6i,,,R1,R,8,08/04/2008
FLR-09951,RIDGE,5,0.882,0,,,1+1+3,,,R2,P,7,25/04/2008
FLR-09952,RIDGE,7,1.3499,5722,,,7D1,,,R1,F,3,12/02/2010
FLR-09953,LAMP,5,1.1279059,2,N-003,17490.7351,,2,0,,,,
FLR-09954,RIDGE,5,1.118,0,,,5R3,,,R2,P,7,25/04/2008
FLR-09955,LAMP,7,0.3091909,3,N-040,224.9406,,8,0,,,,
FLR-09956,LAMP,5,1.1639955,2,N-017,29133.5103,,2,0,,,,
FLR-09957,LAMP,5,1.0254696,2,N-011,1967.2172,,2,0,,,,
FLR-09958,RIDGE,4,0.8700203,0,,,4R2,,,R1,A,1,02/03/2015
FLR-09959,RIDGE,8,0.3747083,0,,,8i,,,R1,U,11,31-03-2015
FLR-09960,LAMP,5,1.154864,2,N-022,27679.7538,,2,0,,,,
FLR-09961,RIDGE,5,0.342,0,,,5R1,,,R1,N,6,23/03/2009
FLR-09962,RIDGE,5,0.7487333,0,,,1+1+3,,,R1,A,1,02/03/2015
FLR-09963,LAMP,5,0.8192958,3,N-009,930.8571,,2,0,,,,
FLR-09964,RIDGE,4,0.4964,5722,,,4D,,,R1,F,3,11/02/2010
FLR-09965,LAMP,5,1.2896221,3,N-019,3684.2584,,2,0,,,,
FLR-09966,RIDGE,5,1.1168,0,,,5R3,,,R2,P,7,24/04/2008
FLR-09967,RIDGE,5,1.2514208,5560,,,1+1+3,,,R1,F,3,31/03/2015
FLR-09968,RIDGE,6,1.0232,5981,,,6-SMUDGE,,,R1,J,4,15/02/2007
FLR-09969,LAMP,5,0.8296416,1,N-002,14821.1279,,2,0,,,,
FLR-09970,LAMP,5,1.1683333,1,N-030,9672.16,,2,0,,,,
FLR-09971,LAMP,7,1.553425,2,N-015,13170.5351,,7,0,,,,
FLR-09972,LAMP,5,0.5196333,3,N-017,29118.0806,,4,0,,,,
FLR-09973,LAMP,15,1.321575,2,N-022,27629.6205,,17,0,,,,
FLR-09974,RIDGE,5,0.7726319,0,,,1+1+3,,,R1,A,1,02/03/2015
FLR-09975,RIDGE,4,0.8922733,0,,,4R2,,,R2,ZZZ,13,12-04-2016
FLR-09976,RIDGE,5,0.31,0,,,5R1,,,R1,V,12,26/01/2010
FLR-09977,LAMP,6,1.2037167,1,N-003,16096.9531,,16,1,,,,
FLR-09978,RIDGE,5,0.9720084,5759,,,1+1+3,,,R1,S,9,01-04-2015
FLR-09979,RIDGE,5,0.4967167,0,,,5R2,,,R1,U,11,31-03-2015
FLR-09980,RIDGE,5,1.0294666,0,,,1+1+3,,,R1,J,4,10-04-2015
FLR-09981,RIDGE,5,1.184,0,,,1+1+3,,,R1,N,6,02/04/2010
FLR-09982,LAMP,4,0.8836035,3,N-002,14633.8597,,0,0,,,,
FLR-09983,RIDGE,5,0.358,0,,,5R1,,,R1,R,8,19/04/2008
FLR-09984,RIDGE,5,0.9022,5987,,,1+1+3,,,R1,J,4,06/02/2010
FLR-09985,RIDGE,5,1.0258,0,,,5R3,,,R2,P,7,24/04/2008
FLR-09986,LAMP,5,0.299704,1,N-031,204.1828,,4,0,,,,
FLR-09987,RIDGE,5,0.311925,5560,,,5R1,,,R1,F,3,31/03/2015
FLR-09988,LAMP,5,1.2528333,1,N-015,13043.4251,,2,0,,,,
FLR-09989,RIDGE,5,1.1508834,5586,,,1+1+3,,,R1,A,1,02/03/2015
FLR-09990,RIDGE,7,0.9554,5722,,,7D1,,,R1,F,3,12/02/2010
FLR-09991,RIDGE,5,1.034075,5586,,,1+1+3,,,R1,A,1,02/03/2015
FLR-09992,RIDGE,9,1.351,0,,,9R,,,R1,V,12,03/02/2010
FLR-09993,RIDGE,3,0.3091536,0,,,3D,,,R1,A,1,02-03-2015
FLR-09994,LAMP,9,0.585725,1,N-014,607.2227,,11,0,,,,
FLR-09995,LAMP,5,0.4938061,2,N-018,33734.3881,,4,0,,,,
FLR-09996,RIDGE,5,0.3342573,0,,,5R1,,,R1,U,11,31-03-2015
FLR-09997,RIDGE,5,0.3175083,5979,,,5R1,,,R1,J,4,10-04-2015
FLR-09998,RIDGE,5,1.111,0,,,1+1+3,,,R1,J,4,06/02/2010
FLR-09999,RIDGE,5,1.2414,0,,,5R3,,,R2,K,5,03/06/2012
FLR-10000,RIDGE,5,0.7692,6035,,,1+1+3,,,R1,U,11,11/02/2010
FLR-10001,RIDGE,5,0.6921,0,,,5-SMUDGE,,,R2,P,7,24/04/2008
FLR-10002,LAMP,5,1.2225584,1,N-042,1039.1792,,2,0,,,,
FLR-10003,RIDGE,4,0.5267,5722,,,4D,,,R1,F,3,09/03/2005
FLR-10004,LAMP,5,0.9355795,2,N-002,14399.1965,,2,0,,,,
FLR-10005,RIDGE,5,0.8523833,5151,,,1+1+3,,,R1,U,11,19-03-2015
FLR-10006,RIDGE,6,1.2605093,5586,,,6-SMUDGE,,,R1,A,1,02-03-2015
FLR-10007,RIDGE,5,1.3293,5978,,,1+1+3,,,R1,J,4,15/02/2007
FLR-10008,RIDGE,3,0.7512488,0,,,3-SMUDGE,,,R1,A,1,16-04-2014
FLR-10009,RIDGE,9,0.372,0,,,9i,,,R1,A,1,26/03/2010
FLR-10010,RIDGE,5,1.2113167,5560,,,1+1+3,,,R1,F,3,31/03/2015
FLR-10011,RIDGE,4,0.5174,6058,,,1+31,,,R1,U,11,11/02/2010
FLR-10012,RIDGE,9,0.339,0,,,9i,,,R1,R,8,19/04/2008
FLR-10013,RIDGE,7,0.381,0,,,7i,,,R1,F,3,04/03/2010
FLR-10014,RIDGE,5,1.4401,6052,,,1+1+3,,,R1,S,9,29-04-2014
FLR-10015,RIDGE,5,1.17838,0,,,1+1+3,,,R1,A,1,02/03/2015
FLR-10016,LAMP,4,1.0665186,2,N-003,15798.3937,,0,0,,,,
FLR-10017,RIDGE,5,1.2354917,0,,,1+1+3,,,R1,A,1,02-03-2015
FLR-10018,LAMP,5,0.520275,1,N-012,10560.2856,,4,0,,,,
FLR-10019,LAMP,5,1.292325,1,N-011,102.306,,2,0,,,,
FLR-10020,LAMP,5,1.0758891,3,N-046,8948.7758,,2,0,,,,
FLR-10021,LAMP,9,0.3952583,1,N-021,19899.3547,,11,0,,,,
FLR-10022,LAMP,5,0.3069343,3,N-045,6014.7951,,4,0,,,,
FLR-10023,RIDGE,8,0.318,0,,,8i,,,R1,N,6,21/03/2010
FLR-10024,RIDGE,5,1.2740777,0,,,1+1+3,,,R1,U,11,26/03/2015
FLR-10025,LAMP,5,1.2979049,2,N-011,131.6661,,2,0,,,,
FLR-10026,RIDGE,5,0.5358748,0,,,5R2,,,R1,S,9,29-04-2014
FLR-10027,LAMP,5,0.3268014,2,N-040,81.2077,,4,0,,,,
FLR-10028,RIDGE,5,1.3951433,0,,,1+1+3,,,R1,S,9,01-04-2015
FLR-10029,LAMP,6,1.3413731,4,N-015,12390.0241,,16,1,,,,
FLR-10030,RIDGE,5,0.9646059,0,,,1+1+3,,,R1,A,1,02/03/2015
FLR-10031,RIDGE,5,1.3123946,0,,,1+1+3,,,R1,U,11,31-03-2015
FLR-10032,LAMP,6,0.7859381,2,N-001,571.9538,,16,0,,,,
FLR-10033,RIDGE,5,1.3491,5978,,,1+1+3,,,R1,J,4,04/05/2008
FLR-10034,RIDGE,5,1.290439,0,,,1+1+3,,,R1,U,11,31-03-2015
FLR-10035,LAMP,5,1.4210833,1,N-042,123.0074,,2,0,,,,
FLR-10036,LAMP,5,1.1503583,1,N-003,16069.8979,,2,0,,,,
FLR-10037,RIDGE,5,1.1894,0,,,5R3,,,R2,P,7,25/04/2008
FLR-10038,RIDGE,5,1.0169,0,,,5R3,,,R2,K,5,03/06/2012
FLR-10039,LAMP,4,1.041175,1,N-036,27006.101,,0,0,,,,
FLR-10040,LAMP,5,1.2831334,1,N-011,2265.2736,,2,0,,,,
FLR-10041,RIDGE,5,0.883,0,,,1+1+3,,,R1,V,12,03/02/2010
FLR-10042,RIDGE,5,1.1858084,0,,,1+1+3,,,R1,U,11,31-03-2015
FLR-10043,RIDGE,5,1.135,0,,,1+1+3,,,R1,V,12,03/02/2010
FLR-10044,LAMP,5,1.1213667,1,N-035,30965.3889,,2,0,,,,
FLR-10045,LAMP,5,0.3541071,3,N-023,32241.0021,,4,0,,,,
FLR-10046,RIDGE,4,0.208,0,,,4R1,,,R1,A,1,25/03/2008
FLR-10047,RIDGE,9,1.7066556,0,,,9-SMUDGE,,,R1,A,1,16-04-2014
FLR-10048,RIDGE,4,0.5223,5722,,,4D,,,R1,F,3,23/02/2008
FLR-10049,RIDGE,5,1.2669667,0,,,1+1+3,,,R1,U,11,31-03-2015
FLR-10050,RIDGE,7,0.475,0,,,7i,,,R1,D,2,21/03/2008
FLR-10051,LAMP,4,0.254256,3,N-040,179.5563,,0,0,,,,
FLR-10052,RIDGE,5,0.319,5589,,,5R1,,,R1,V,12,26/01/2010
FLR-10053,RIDGE,5,0.3254917,5759,,,5R1,,,R1,S,9,07-04-2015
FLR-10054,RIDGE,5,1.2503205,0,,,1+1+3,,,R1,A,1,02/03/2015
FLR-10055,LAMP,4,0.9618074,2,N-003,15707.3186,,0,0,,,,
FLR-10056,RIDGE,5,0.793675,5586,,,1+1+3,,,R1,A,1,02/03/2015
FLR-10057,RIDGE,4,0.877,0,,,4R2,,,R1,A,1,25/02/2010
FLR-10058,RIDGE,8,0.356175,5151,,,8i,,,R1,U,11,26/03/2015
FLR-10059,RIDGE,5,0.324,0,,,5R1,,,R1,T,10,12/03/2010
FLR-10060,RIDGE,8,0.362,0,,,8i,,,R1,R,8,10/04/2008
FLR-10061,LAMP,4,0.7779417,1,N-034,10063.3834,,0,0,,,,
FLR-10062,RIDGE,4,0.382,0,,,1+32,,,R1,N,6,02/04/2010
FLR-10063,RIDGE,4,0.5123,5722,,,4D,,,R1,F,3,23/02/2008
FLR-10064,RIDGE,5,1.0204971,0,,,1+1+3,,,R1,A,1,02/03/2015
FLR-10065,RIDGE,5,1.1821841,0,,,1+1+3,,,R1,J,4,12/05/2016
FLR-10066,RIDGE,5,0.837,0,,,1+1+3,,,R1,A,1,26/03/2010
FLR-10067,LAMP,5,1.1562423,3,N-012,9522.512,,2,0,,,,
FLR-10068,RIDGE,8,1.7087776,0,,,8D,,,R1,F,3,31/03/2015
FLR-10069,LAMP,5,0.4970166,1,N-012,10554.4089,,4,0,,,,
FLR-10070,RIDGE,5,1.32125,5151,,,1+1+3,,,R1,U,11,26/03/2015
FLR-10071,RIDGE,5,0.3175883,0,,,5R1,,,R1,J,4,12/05/2016
FLR-10072,RIDGE,5,1.0631,5727,,,1+1+3,,,R1,F,3,04/03/2010
FLR-10073,LAMP,5,1.226,3,N-041,3613.6207,,2,0,,,,
FLR-10074,RIDGE,5,0.8056666,0,,,1+1+3,,,R1,A,1,02/03/2015
FLR-10075,RIDGE,6,0.902825,0,,,6-SMUDGE,,,R1,A,1,02/03/2015
FLR-10076,LAMP,5,1.3589508,2,N-033,18346.8409,,2,0,,,,
FLR-10077,RIDGE,5,1.0424417,5586,,,1+1+3,,,R1,A,1,02/03/2015
FLR-10078,RIDGE,4,0.5109,5722,,,4D,,,R1,F,3,11/02/2010
FLR-10079,RIDGE,5,1.1019,5981,,,1+1+3,,,R1,J,4,15/02/2007
FLR-10080,RIDGE,4,1.033,0,,,4R2,,,R1,A,1,26/03/2010
FLR-10081,LAMP,6,1.1853333,2,N-003,16886.7521,,16,0,,,,
FLR-10082,LAMP,5,0.9733,3,N-020,13194.4128,,2,0,,,,
FLR-10083,RIDGE,6,0.1338,5703,,,6i,,,R1,F,3,18/02/2005
FLR-10084,LAMP,5,0.317497,2,N-028,28270.4339,,4,0,,,,
FLR-10085,LAMP,5,1.1621872,3,N-033,18493.3257,,2,0,,,,
FLR-10086,RIDGE,4,0.893,0,,,4R2,,,R1,A,1,25/02/2010
FLR-10087,LAMP,7,1.445675,2,N-020,13222.9259,,7,0,,,,
FLR-10088,RIDGE,5,0.7498283,0,,,1+1+3,,,R1,A,1,02/03/2015
FLR-10089,RIDGE,5,0.308,0,,,5R1,,,R1,D,2,21/03/2008
FLR-10090,RIDGE,10,0.3047,6058,,,10i,,,R1,U,11,24/01/2010
FLR-10091,RIDGE,5,1.2705041,0,,,1+1+3,,,R1,F,3,31/03/2015
FLR-10092,RIDGE,5,0.334525,5726,,,5R1,,,R1,S,9,01-04-2015
FLR-10093,RIDGE,5,1.1211,0,,,5R3,,,R2,P,7,24/04/2008
FLR-10094,LAMP,5,0.3270657,1,N-018,33706.2652,,4,0,,,,
FLR-10095,RIDGE,5,0.755,6035,,,1+1+3,,,R1,U,11,11/02/2010
FLR-10096,RIDGE,5,0.3285,5727,,,5R1,,,R1,F,3,12/02/2010
FLR-10097,LAMP,5,1.2025666,1,N-005,902.9448,,2,0,,,,
FLR-10098,RIDGE,4,0.228,0,,,4R1,,,R1,D,2,21/03/2008
FLR-10099,LAMP,5,1.2072833,2,N-038,3570.2395,,2,0,,,,
FLR-10100,RIDGE,4,0.8499348,0,,,4R2,,,R1,A,1,02/03/2015
FLR-10101,RIDGE,5,0.3214,5562,,,5R1,,,R1,U,11,11/02/2010
FLR-10102,RIDGE,5,1.132,0,,,5R3,,,R1,A,1,04/03/2005
FLR-10103,RIDGE,5,0.9016,5560,,,1+1+3,,,R1,F,3,31/03/2015
FLR-10104,RIDGE,5,1.0786749,0,,,1+1+3,,,R1,A,1,02/03/2015
FLR-10105,RIDGE,5,1.1487,5727,,,1+1+3,,,R1,F,3,23/01/2005
FLR-10106,RIDGE,5,0.3348,5562,,,5R1,,,R1,U,11,24/01/2010
FLR-10107,RIDGE,5,0.91,0,,,1+1+3,,,R1,A,1,26/03/2010
FLR-10108,RIDGE,4,0.775,0,,,4R2,,,R1,A,1,28/02/2010
FLR-10109,RIDGE,5,0.3288,5562,,,5R1,,,R1,U,11,24/01/2010
FLR-10110,RIDGE,4,0.4884,5561,,,4D,,,R1,F,3,03/03/2010
FLR-10111,RIDGE,5,1.2046584,0,,,1+1+3,,,R1,U,11,31-03-2015
FLR-10112,LAMP,5,1.1728976,2,N-022,27726.0176,,2,0,,,,
FLR-10113,RIDGE,5,0.3151661,0,,,5R1,,,R1,U,11,31-03-2015
FLR-10114,RIDGE,5,1.1058088,0,,,1+1+3,,,R1,J,4,12/05/2016
FLR-10115,RIDGE,4,0.9272592,0,,,4R2,,,R1,A,1,02/03/2015
FLR-10116,RIDGE,5,1.129,0,,,1+1+3,,,R1,R,8,19/04/2008
FLR-10117,LAMP,5,0.49407,2,N-023,32284.7423,,4,0,,,,
FLR-10118,RIDGE,5,0.4203084,5586,,,5R1,,,R1,A,1,02/03/2015
FLR-10119,RIDGE,5,1.1092,0,,,5R3,,,R2,P,7,24/04/2008
FLR-10120,RIDGE,5,0.573,0,,,5-SMUDGE,,,R1,V,12,26/01/2010
FLR-10121,RIDGE,5,0.7822593,0,,,1+1+3,,,R1,A,1,02/03/2015
FLR-10122,RIDGE,5,0.8377,5979,,,1+1+3,,,R1,J,4,10-04-2015
FLR-10123,LAMP,5,0.8900833,1,N-005,882.381,,2,0,,,,
FLR-10124,RIDGE,5,0.772,0,,,1+1+3,,,R1,T,10,15/04/2010
FLR-10125,RIDGE,4,0.75,0,,,1+31,,,R1,V,12,04/02/2010
FLR-10126,LAMP,5,1.1748703,1,N-014,656.8994,,2,0,,,,
FLR-10127,RIDGE,5,0.3206,6058,,,5R1,,,R1,U,11,24/01/2010
FLR-10128,LAMP,5,1.408475,3,N-033,18404.9878,,2,0,,,,
FLR-10129,RIDGE,10,0.4263812,5720,,,10i,,,R1,A,1,16-04-2014
FLR-10130,RIDGE,5,0.6447,5561,,,5-SMUDGE,,,R1,F,3,23/01/2005
FLR-10131,LAMP,5,0.9662924,2,N-002,14462.4335,,2,0,,,,
FLR-10132,RIDGE,7,0.351,0,,,7i,,,R1,V,12,22/01/2010
FLR-10133,LAMP,5,1.1712666,2,N-012,10139.5992,,2,0,,,,
FLR-10134,RIDGE,8,0.316,0,,,8i,,,R1,N,6,02/04/2010
FLR-10135,RIDGE,5,1.2475,5987,,,1+1+3,,,R1,J,4,04/05/2008
FLR-10136,LAMP,5,0.3097917,2,N-026,5885.9122,,2,0,,,,
FLR-10137,RIDGE,5,1.0813,0,,,5R3,,,R2,K,5,03/06/2012
FLR-10138,RIDGE,5,0.3122584,5759,,,5R1,,,R1,S,9,01-04-2015
FLR-10139,LAMP,5,1.0523216,2,N-046,8930.6194,,2,0,,,,
FLR-10140,LAMP,5,1.4139,1,N-038,3565.2309,,2,0,,,,
FLR-10141,RIDGE,5,1.2336584,5151,,,1+1+3,,,R1,U,11,26/03/2015
FLR-10142,RIDGE,5,1.2837643,0,,,1+1+3,,,R1,F,3,31/03/2015
FLR-10143,LAMP,5,0.3273466,1,N-035,31397.0402,,4,0,,,,
FLR-10144,RIDGE,8,1.4934083,5586,,,8D,,,R1,A,1,02/03/2015
FLR-10145,LAMP,5,0.31745,1,N-014,5897.0494,,2,0,,,,
FLR-10146,RIDGE,5,0.8788,5979,,,1+1+3,,,R1,J,4,31/01/2009
FLR-10147,LAMP,9,0.3996667,1,N-034,10022.8701,,11,0,,,,
FLR-10148,LAMP,5,1.3207924,3,N-033,18479.0258,,2,0,,,,
FLR-10149,RIDGE,5,1.3386,0,,,5R3,,,R2,P,7,24/04/2008
FLR-10150,LAMP,5,1.087585,2,N-048,20.8618,,2,0,,,,
FLR-10151,LAMP,5,1.0783277,2,N-011,1253.348,,2,0,,,,
FLR-10152,LAMP,5,1.0074667,1,N-024,14605.5595,,2,0,,,,
FLR-10153,RIDGE,5,1.2773,5981,,,1+1+3,,,R1,J,4,31/01/2009
FLR-10154,RIDGE,5,1.2568083,0,,,1+1+3,,,R1,S,9,01-04-2015
FLR-10155,LAMP,5,1.136282,2,N-003,17391.0086,,2,0,,,,
FLR-10156,LAMP,5,0.84015,1,N-005,3266.9609,,2,0,,,,
FLR-10157,LAMP,4,1.1113083,1,N-003,16136.5188,,1,0,,,,
FLR-10158,RIDGE,4,0.254256,0,,,4R1,,,R1,A,1,24-04-2016
FLR-10159,RIDGE,5,0.3388,5560,,,5R1,,,R1,F,3,24/02/2008
FLR-10160,RIDGE,5,0.8729584,0,,,1+1+3,,,R1,A,1,02/03/2015
FLR-10161,LAMP,5,1.1016183,2,N-003,16101.5884,,2,0,,,,
FLR-10162,LAMP,5,1.1886417,2,N-003,17616.2023,,2,0,,,,
FLR-10163,RIDGE,4,0.725,0,,,1+31,,,R1,V,12,03/02/2010
FLR-10164,RIDGE,5,0.459286,0,,,5R2,,,R1,U,11,31-03-2015
FLR-10165,RIDGE,5,0.8143,0,,,1+1+3,,,R1,A,1,02/03/2015
FLR-10166,LAMP,5,1.2150417,1,N-014,674.6728,,2,0,,,,
FLR-10167,LAMP,18,1.097,1,N-032,10158.9325,,17,0,,,,
FLR-10168,RIDGE,5,0.4836,5727,,,5R2,,,R1,F,3,12/02/2010
FLR-10169,RIDGE,4,0.936775,0,,,4R2,,,R1,A,1,02-03-2015
FLR-10170,RIDGE,5,0.347,0,,,5R1,,,R1,T,10,14/04/2010
FLR-10171,RIDGE,5,1.169,0,,,1+1+3,,,R1,J,4,06/02/2010
FLR-10172,RIDGE,8,1.7966583,5586,,,8D,,,R1,A,1,02-03-2015
FLR-10173,RIDGE,5,1.0929,5727,,,1+1+3,,,R1,F,3,23/01/2005
FLR-10174,RIDGE,5,0.344,0,,,5R1,,,R1,D,2,20/03/2008
FLR-10175,RIDGE,5,0.983,0,,,1+1+3,,,R1,R,8,19/04/2008
FLR-10176,RIDGE,5,1.1741181,0,,,1+1+3,,,R1,U,11,26/03/2015
FLR-10177,LAMP,18,1.0337,2,N-005,3254.505907,,17,0,,,,
FLR-10178,RIDGE,5,1.1829,0,,,5R3,,,R2,K,5,03/06/2012
FLR-10179,LAMP,5,1.3374889,1,N-038,3577.4494,,2,0,,,,
FLR-10180,LAMP,5,0.846168,1,N-048,32.1307,,2,0,,,,
FLR-10181,RIDGE,5,1.0674559,0,,,1+1+3,,,R1,A,1,02/03/2015
FLR-10182,RIDGE,5,0.358,0,,,5R1,,,R1,N,6,02/04/2010
FLR-10183,LAMP,5,1.1562417,1,N-011,2250.7144,,2,0,,,,
FLR-10184,LAMP,5,1.1505031,2,N-011,835.3053,,2,0,,,,
FLR-10185,RIDGE,5,0.8534,5981,,,1+1+3,,,R1,J,4,15/02/2007
FLR-10186,RIDGE,5,0.917475,0,,,5-SMUDGE,,,R1,A,1,02/03/2015
FLR-10187,RIDGE,8,0.305,0,,,8i,,,R1,R,8,25/03/2008
FLR-10188,RIDGE,5,0.324,5973,,,5R1,,,R1,D,2,26/02/2010
FLR-10189,RIDGE,5,1.2840083,5586,,,1+1+3,,,R1,A,1,02-03-2015
FLR-10190,RIDGE,6,1.0595333,0,,,6-SMUDGE,,,R1,A,1,02-03-2015
FLR-10191,RIDGE,4,0.522,0,,,4D,,,R1,N,6,02/04/2010
FLR-10192,RIDGE,3,0.2979522,0,,,3D,,,R1,A,1,02-03-2015
FLR-10193,RIDGE,5,1.3825417,6052,,,1+1+3,,,R1,S,9,29-04-2014
FLR-10194,RIDGE,4,0.388,0,,,1+32,,,R1,N,6,21/03/2010
FLR-10195,RIDGE,5,1.2611584,5759,,,1+1+3,,,R1,S,9,29-04-2014
FLR-10196,RIDGE,5,1.1844871,0,,,1+1+3,,,R1,U,11,26/03/2015
FLR-10197,RIDGE,5,1.3260365,5151,,,1+1+3,,,R1,U,11,26/03/2015
FLR-10198,LAMP,5,0.7906584,1,N-032,10101.7749,,2,0,,,,
FLR-10199,RIDGE,5,1.3160167,0,,,1+1+3,,,R1,J,4,10-04-2015
FLR-10200,RIDGE,5,0.793325,0,,,1+1+3,,,R1,A,1,16-04-2014
FLR-10201,RIDGE,5,1.1607,5727,,,1+1+3,,,R1,F,3,12/02/2010
FLR-10202,LAMP,5,1.0533169,2,N-003,17520.3972,,2,0,,,,
FLR-10203,RIDGE,5,0.327,0,,,5R1,,,R1,V,12,03/02/2010
FLR-10204,RIDGE,5,0.7633198,0,,,1+1+3,,,R1,A,1,02/03/2015
FLR-10205,RIDGE,5,0.327,0,,,5R1,,,R1,T,10,21/01/2010
FLR-10206,RIDGE,7,0.464,0,,,7i,,,R1,D,2,26/02/2010
FLR-10207,RIDGE,3,0.407,0,,,3-SMUDGE,,,R1,A,1,20/01/2010
FLR-10208,LAMP,4,0.745663,4,N-002,14533.0134,,0,0,,,,
FLR-10209,RIDGE,6,1.1895,5586,,,6-SMUDGE,,,R1,A,1,02/03/2015
FLR-10210,RIDGE,7,1.3591,5722,,,7D1,,,R1,F,3,12/02/2010
FLR-10211,RIDGE,5,0.9588667,0,,,1+1+3,,,R1,J,4,10-04-2015
FLR-10212,RIDGE,6,0.396,0,,,6i,,,R1,N,6,02/04/2010
FLR-10213,RIDGE,6,0.404,0,,,6i,,,R1,D,2,26/02/2010
FLR-10214,RIDGE,4,0.399,0,,,1+32,,,R1,N,6,23/03/2009
FLR-10215,RIDGE,6,0.7371,0,,,6-SMUDGE,,,R1,F,3,04/03/2010
FLR-10216,RIDGE,8,1.6512,0,,,8R,,,R2,P,7,05/03/2011
FLR-10217,LAMP,6,0.4052417,1,N-002,11161.0555,,16,1,,,,
FLR-10218,RIDGE,5,1.2304,0,,,1+1+3,,,R1,F,3,05/05/2008
FLR-10219,LAMP,5,1.0894333,1,N-011,2003.1626,,2,0,,,,
FLR-10220,RIDGE,5,1.1908787,0,,,1+1+3,,,R1,J,4,12/05/2016
FLR-10221,RIDGE,5,0.8907,5978,,,1+1+3,,,R1,J,4,31/01/2009
FLR-10222,LAMP,5,1.031875,1,N-001,3879.6276,,2,0,,,,
FLR-10223,RIDGE,5,1.3685,0,,,5R3,,,R2,P,7,05/03/2011
FLR-10224,RIDGE,5,1.12,5130,,,1+1+3,,,R1,F,3,01/02/2005
FLR-10225,LAMP,4,0.9746389,2,N-002,14820.0452,,0,0,,,,
FLR-10226,RIDGE,5,1.343,0,,,1+1+3,,,R1,V,12,16/01/2010
FLR-10227,RIDGE,5,0.663,0,,,2+3,,,R1,V,12,26/01/2010
FLR-10228,RIDGE,5,1.3602667,5987,,,1+1+3,,,R1,J,4,24-04-2014
FLR-10229,RIDGE,5,0.8013,0,,,5-SMUDGE,,,R2,P,7,05/03/2011
FLR-10230,LAMP,5,0.3277333,2,N-026,5991.2862,,2,0,,,,
FLR-10231,RIDGE,5,0.8424,5978,,,1+1+3,,,R1,J,4,04/05/2008
FLR-10232,RIDGE,5,0.299575,0,,,5R1,,,R1,S,9,01-04-2015
FLR-10233,RIDGE,5,0.338,0,,,5R1,,,R1,R,8,10/04/2008
FLR-10234,RIDGE,4,0.904492,0,,,4R2,,,R1,A,1,02-03-2015
FLR-10235,RIDGE,3,0.1348554,6052,,,3R,,,R1,S,9,29-04-2014
FLR-10236,LAMP,5,1.3105217,2,N-014,5306.0559,,2,0,,,,
FLR-10237,RIDGE,5,1.3225,5979,,,1+1+3,,,R1,J,4,03/05/2008
FLR-10238,RIDGE,5,1.0237,0,,,5R3,,,R2,K,5,03/06/2012
FLR-10239,LAMP,5,0.3208083,1,N-034,10134.8488,,4,0,,,,
FLR-10240,RIDGE,5,1.253825,0,,,1+1+3,,,R1,A,1,02/03/2015
FLR-10241,RIDGE,5,1.4440084,5759,,,1+1+3,,,R1,S,9,29-04-2014
FLR-10242,RIDGE,5,0.528326,0,,,5R2,,,R1,A,1,02/03/2015
FLR-10243,RIDGE,5,1.3103313,0,,,5R3,,,R2,ZZZ,13,12-04-2016
FLR-10244,LAMP,4,1.2103,2,N-002,13871.8199,,0,0,,,,
FLR-10245,RIDGE,5,1.1958196,5560,,,1+1+3,,,R1,F,3,31/03/2015
FLR-10246,RIDGE,5,1.323,0,,,1+1+3,,,R1,V,12,03/02/2010
FLR-10247,RIDGE,5,1.2608,5727,,,1+1+3,,,R1,F,3,12/02/2010
FLR-10248,RIDGE,5,0.325,0,,,5R1,,,R1,V,12,03/02/2010
FLR-10249,RIDGE,4,0.884,0,,,4R2,,,R1,A,1,26/03/2010
FLR-10250,RIDGE,4,0.707,0,,,1+31,,,R1,V,12,03/02/2010
FLR-10251,RIDGE,5,0.513,0,,,5R2,,,R1,N,6,02/04/2010
FLR-10252,LAMP,5,1.3490416,1,N-013,21830.6784,,2,0,,,,
FLR-10253,LAMP,6,0.6538,1,N-003,18040.1425,,16,1,,,,
FLR-10254,RIDGE,5,0.5194,5151,,,5R2,,,R1,U,11,01/02/2010
FLR-10255,LAMP,4,1.3189334,1,N-035,30637.7458,,0,0,,,,
FLR-10256,RIDGE,5,0.601,0,,,5-SMUDGE,,,R1,A,1,17/03/2010
FLR-10257,RIDGE,5,1.3207924,0,,,1+1+3,,,R1,J,4,10-04-2015
FLR-10258,RIDGE,5,0.3070849,0,,,5R1,,,R1,J,4,13-05-2016
FLR-10259,LAMP,5,1.1958196,1,N-014,1121.31,,2,0,,,,
FLR-10260,RIDGE,5,1.0486,0,,,5-SMUDGE,,,R1,F,3,04/03/2010
FLR-10261,RIDGE,4,1.0172528,0,,,4R2,,,R1,A,1,02/03/2015
FLR-10262,RIDGE,5,0.779,0,,,1+1+3,,,R1,R,8,19/04/2008
FLR-10263,RIDGE,5,0.983,0,,,1+1+3,,,R1,V,12,03/02/2010
FLR-10264,LAMP,20,1.1004833,1,N-002,14780.9911,,17,0,,,,
FLR-10265,LAMP,5,1.4632083,1,N-038,3535.5643,,2,0,,,,
FLR-10266,RIDGE,3,0.2758363,0,,,3D,,,R1,A,1,02-03-2015
FLR-10267,LAMP,5,1.33315,1,N-002,13903.2977,,2,0,,,,
FLR-10268,RIDGE,5,1.2876381,0,,,1+1+3,,,R1,U,11,26/03/2015
FLR-10269,RIDGE,5,1.2366583,0,,,1+1+3,,,R1,A,1,02/03/2015
FLR-10270,LAMP,4,1.4353083,1,N-034,16388.4972,,0,0,,,,
FLR-10271,LAMP,5,1.2905452,2,N-003,16815.3447,,2,0,,,,
FLR-10272,LAMP,5,1.25605,1,N-012,9496.8239,,2,0,,,,
FLR-10273,LAMP,5,0.3810917,2,N-027,13112.3793,,4,0,,,,
FLR-10274,LAMP,6,0.4098118,1,N-036,27600.92,,16,1,,,,
FLR-10275,LAMP,5,1.2256084,1,N-013,20650.866,,2,0,,,,
FLR-10276,LAMP,23,1.314472,3,N-046,8933.9534,,17,0,,,,
FLR-10277,RIDGE,5,1.0591,0,,,5R3,,,R2,K,5,03/06/2012
FLR-10278,RIDGE,5,0.322,0,,,5R1,,,R1,D,2,04/04/2008
FLR-10279,RIDGE,5,0.334,0,,,5R1,,,R1,V,12,03/02/2010
FLR-10280,LAMP,5,1.30265,1,N-006,8827.7912,,2,0,,,,
FLR-10281,LAMP,5,0.5071253,2,N-023,32272.1142,,4,0,,,,
FLR-10282,LAMP,5,1.1786861,1,N-014,643.7129,,2,0,,,,
FLR-10283,RIDGE,5,1.2476932,0,,,1+1+3,,,R1,U,11,31-03-2015
FLR-10284,RIDGE,5,0.6970387,0,,,1+1+3,,,R1,J,4,12-05-2016
FLR-10285,RIDGE,5,0.6355,5979,,,2+3,,,R1,J,4,04/05/2008
FLR-10286,LAMP,5,0.7404793,2,N-031,158.8947,,2,0,,,,
FLR-10287,RIDGE,4,0.9733011,0,,,4R2,,,R1,A,1,02/03/2015
FLR-10288,LAMP,5,0.3294833,1,N-024,7926.8135,,4,0,,,,
FLR-10289,LAMP,5,1.2704294,3,N-019,3702.0605,,2,0,,,,
FLR-10290,LAMP,5,0.7507937,2,N-003,15870.7046,,2,0,,,,
FLR-10291,RIDGE,5,0.9174917,5586,,,1+1+3,,,R1,A,1,02-03-2015
FLR-10292,LAMP,5,1.0380166,1,N-003,15551.4704,,2,0,,,,
FLR-10293,RIDGE,5,0.7728752,5151,,,1+1+3,,,R1,U,11,26/03/2015
FLR-10294,RIDGE,6,0.438,0,,,6i,,,R1,A,1,25/03/2008
FLR-10295,LAMP,5,0.3266,1,N-001,635.4536,,4,0,,,,
FLR-10296,RIDGE,5,0.399,0,,,5R1,,,R1,D,2,06/02/2010
FLR-10297,RIDGE,4,0.697,0,,,1+31,,,R1,V,12,26/01/2010
FLR-10298,RIDGE,5,0.6264,5561,,,5-SMUDGE,,,R1,F,3,03/02/2005
FLR-10299,LAMP,4,0.803023,2,N-001,583.8033,,0,0,,,,
FLR-10300,RIDGE,4,0.7185,5586,,,4-SMUDGE,,,R1,A,1,02/03/2015
FLR-10301,RIDGE,5,0.3194618,0,,,5R1,,,R1,J,4,10-04-2015
FLR-10302,LAMP,5,0.8194365,3,N-003,17286.0531,,2,0,,,,
FLR-10303,RIDGE,5,1.3419417,0,,,1+1+3,,,R1,S,9,29-04-2014
FLR-10304,RIDGE,5,1.0165,0,,,5R3,,,R2,K,5,03/06/2012
FLR-10305,LAMP,5,1.6086333,1,N-043,10309.186,,2,0,,,,
FLR-10306,LAMP,4,0.7915061,4,N-002,14516.8462,,0,0,,,,
FLR-10307,RIDGE,5,0.321,0,,,5R1,,,R1,T,10,04/02/2010
FLR-10308,RIDGE,5,1.04,0,,,1+1+3,,,R1,V,12,03/02/2010
FLR-10309,LAMP,5,0.7907833,2,N-003,16719.7198,,2,0,,,,
FLR-10310,RIDGE,5,0.629,0,,,2+3,,,R1,V,12,16/01/2010
FLR-10311,RIDGE,10,0.5028,0,,,10i,,,R2,K,5,03/06/2012
FLR-10312,LAMP,7,1.35595,2,N-020,11725.4854,,7,0,,,,
FLR-10313,RIDGE,5,1.4526882,0,,,1+1+3,,,R1,U,11,19-03-2015
FLR-10314,RIDGE,5,1.408525,5981,,,1+1+3,,,R1,J,4,10-04-2015
FLR-10315,LAMP,5,1.3581474,5,N-015,12426.0587,,2,0,,,,
FLR-10316,RIDGE,5,1.2101,5987,,,1+1+3,,,R1,J,4,06/02/2010
FLR-10317,RIDGE,5,1.5588901,0,,,1+1+3,,,R1,J,4,12/05/2016
FLR-10318,RIDGE,5,1.3676917,5759,,,1+1+3,,,R1,S,9,29-04-2014
FLR-10319,RIDGE,5,1.0315,0,,,5R3,,,R2,K,5,03/06/2012
FLR-10320,RIDGE,5,0.956275,5586,,,1+1+3,,,R1,A,1,02/03/2015
FLR-10321,LAMP,5,0.3021,1,N-017,29920.3672,,2,0,,,,
FLR-10322,RIDGE,7,1.1334,5722,,,7D1,,,R1,F,3,02/02/2010
FLR-10323,RIDGE,5,1.33655,5151,,,1+1+3,,,R1,U,11,26/03/2015
FLR-10324,RIDGE,5,0.3284583,5726,,,5R1,,,R1,S,9,01-04-2015
FLR-10325,LAMP,6,1.2590776,4,N-020,10947.3997,,16,1,,,,
FLR-10326,LAMP,5,0.7633198,2,N-003,15659.5662,,2,0,,,,
FLR-10327,RIDGE,5,1.4236584,5987,,,1+1+3,,,R1,J,4,24-04-2014
FLR-10328,RIDGE,5,0.8392,5727,,,1+1+3,,,R1,F,3,04/03/2010
FLR-10329,RIDGE,5,0.7491,5981,,,1+1+3,,,R1,J,4,30/03/2010
FLR-10330,LAMP,8,1.4085858,2,N-032,10096.4006,,9,0,,,,
FLR-10331,RIDGE,4,0.2654095,0,,,4-SMUDGE,,,R1,A,1,02/03/2015
FLR-10332,RIDGE,5,1.1101,5586,,,1+1+3,,,R1,A,1,02/03/2015
FLR-10333,RIDGE,6,1.4875,5727,,,6-SMUDGE,,,R1,F,3,12/02/2010
FLR-10334,RIDGE,5,1.5626015,0,,,1+1+3,,,R1,J,4,12/05/2016
FLR-10335,LAMP,5,0.9717584,1,N-011,1974.9037,,2,0,,,,
FLR-10336,LAMP,5,0.3288833,1,N-002,11185.7359,,4,0,,,,
FLR-10337,LAMP,5,1.2460333,1,N-003,17524.8764,,2,0,,,,
FLR-10338,RIDGE,5,0.3358634,0,,,5R1,,,R1,U,11,31-03-2015
FLR-10339,RIDGE,5,0.973,0,,,1+1+3,,,R1,F,3,04/03/2010
FLR-10340,RIDGE,5,0.679,0,,,5-SMUDGE,,,R1,R,8,19/04/2008
FLR-10341,RIDGE,5,1.0520833,5586,,,1+1+3,,,R1,A,1,02/03/2015
FLR-10342,RIDGE,5,0.4966679,0,,,5R2,,,R1,U,11,19-03-2015
FLR-10343,RIDGE,5,1.3258393,0,,,1+1+3,,,R1,U,11,19-03-2015
FLR-10344,RIDGE,4,0.753,0,,,1+31,,,R1,A,1,17/03/2010
FLR-10345,RIDGE,8,0.377,0,,,8i,,,R1,R,8,10/04/2008
FLR-10346,RIDGE,5,1.075,0,,,1+1+3,,,R1,R,8,19/04/2008
FLR-10347,RIDGE,5,0.337,0,,,5R1,,,R1,V,12,03/02/2010
FLR-10348,RIDGE,5,1.0241,5727,,,1+1+3,,,R1,F,3,04/03/2010
FLR-10349,RIDGE,5,0.9238417,5586,,,1+1+3,,,R1,A,1,02-03-2015
FLR-10350,RIDGE,5,0.8053243,0,,,1+1+3,,,R1,A,1,02/03/2015
FLR-10351,RIDGE,5,1.139,0,,,1+1+3,,,R1,R,8,19/04/2008
FLR-10352,RIDGE,5,1.078,0,,,1+1+3,,,R1,R,8,19/04/2008
FLR-10353,RIDGE,5,0.9329917,5151,,,1+1+3,,,R1,U,11,26/03/2015
FLR-10354,LAMP,5,0.7410285,10,N-042,1698.2445,,2,0,,,,
FLR-10355,LAMP,5,0.7545333,1,N-002,11139.9926,,2,0,,,,
FLR-10356,RIDGE,7,1.186,5722,,,7D1,,,R1,F,3,12/02/2010
FLR-10357,RIDGE,4,0.399,0,,,1+32,,,R1,N,6,02/04/2010
FLR-10358,RIDGE,5,1.3375934,0,,,1+1+3,,,R1,U,11,31-03-2015
FLR-10359,RIDGE,5,1.0027,0,,,5R3,,,R2,K,5,03/06/2012
FLR-10360,RIDGE,5,1.3091671,0,,,1+1+3,,,R1,S,9,01-04-2015
FLR-10361,RIDGE,5,0.4781874,0,,,5R2,,,R1,F,3,31/03/2015
FLR-10362,RIDGE,5,0.1257,5703,,,5-SMUDGE,,,R1,F,3,23/01/2005
FLR-10363,LAMP,5,0.3201333,2,N-028,28266.2657,,4,0,,,,
FLR-10364,LAMP,3,0.342827,2,N-002,11122.2787,,5,0,,,,
FLR-10365,RIDGE,9,0.1929,0,,,9i,,,R1,F,3,23/01/2005
FLR-10366,RIDGE,5,1.3269293,0,,,1+1+3,,,R1,A,1,02/03/2015
FLR-10367,RIDGE,4,0.571,0,,,4D,,,R1,N,6,02/04/2010
FLR-10368,RIDGE,5,1.105,0,,,1+1+3,,,R1,D,2,20/03/2008
FLR-10369,LAMP,5,1.0166084,1,N-011,1993.7963,,2,0,,,,
FLR-10370,RIDGE,8,0.3695,0,,,8i,,,R1,F,3,23/01/2005
FLR-10371,RIDGE,5,1.2374201,0,,,1+1+3,,,R1,A,1,02/03/2015
FLR-10372,RIDGE,4,0.774,0,,,1+31,,,R1,V,12,03/02/2010
FLR-10373,RIDGE,8,0.3387518,0,,,8i,,,R1,U,11,26/03/2015
FLR-10374,RIDGE,5,0.6987031,5979,,,1+1+3,,,R1,J,4,10-04-2015
FLR-10375,LAMP,5,1.1832417,1,N-002,13838.8912,,2,0,,,,
FLR-10376,RIDGE,5,0.342328,0,,,5R1,,,R1,A,1,24-04-2016
FLR-10377,RIDGE,8,0.3312,5560,,,8i,,,R1,F,3,23/01/2005
FLR-10378,RIDGE,5,1.050847,0,,,1+1+3,,,R1,A,1,02/03/2015
FLR-10379,RIDGE,5,0.3347,5987,,,5R1,,,R1,J,4,15/02/2007
FLR-10380,RIDGE,5,1.571944,0,,,1+1+3,,,R1,J,4,12/05/2016
FLR-10381,RIDGE,5,0.7403,5727,,,1+1+3,,,R1,F,3,26/01/2005
FLR-10382,RIDGE,5,1.0655,0,,,5R3,,,R2,P,7,25/04/2008
FLR-10383,RIDGE,5,0.5432506,0,,,5R2,,,R1,U,11,26/03/2015
FLR-10384,RIDGE,5,0.8249,6035,,,1+1+3,,,R1,U,11,11/02/2010
FLR-10385,LAMP,5,1.266275,1,N-011,2214.5287,,2,0,,,,
FLR-10386,LAMP,5,0.7817203,2,N-003,17451.2136,,2,0,,,,
FLR-10387,RIDGE,5,1.101,0,,,5R3,,,R1,A,1,04/03/2005
FLR-10388,LAMP,13,1.6124547,7,N-005,3319.7865,,17,0,,,,
FLR-10389,RIDGE,3,0.599,0,,,3-SMUDGE,,,R1,V,12,03/02/2010
FLR-10390,LAMP,5,1.24645,1,N-012,9512.7609,,2,0,,,,
FLR-10391,RIDGE,5,0.979,5719,,,1+1+3,,,R1,A,1,05/02/2009
FLR-10392,RIDGE,5,1.1694754,0,,,1+1+3,,,R1,F,3,31/03/2015
FLR-10393,RIDGE,6,1.1111,5727,,,6-SMUDGE,,,R1,F,3,04/03/2010
FLR-10394,LAMP,5,0.7230583,1,N-003,18852.6096,,2,0,,,,
FLR-10395,RIDGE,5,0.5254,5727,,,5R2,,,R1,F,3,12/02/2010
FLR-10396,RIDGE,5,1.1477,0,,,5R3,,,R2,P,7,05/03/2011
FLR-10397,RIDGE,5,0.7631,0,,,1+1+3,,,R2,P,7,25/04/2008
FLR-10398,RIDGE,5,0.259,0,,,5R1,,,R1,A,1,20/01/2010
FLR-10399,RIDGE,5,0.7983,5727,,,1+1+3,,,R1,F,3,23/03/2008
FLR-10400,LAMP,5,0.7312588,3,N-001,7176.3564,,4,0,,,,
FLR-10401,LAMP,5,1.4145,1,N-041,1997.509,,2,0,,,,
FLR-10402,RIDGE,5,0.884,5978,,,1+1+3,,,R1,J,4,03/05/2008
FLR-10403,LAMP,3,0.1348554,1,N-041,2891.0775,,12,0,,,,
FLR-10404,RIDGE,4,0.4037692,0,,,4R1,,,R1,A,1,02-03-2015
FLR-10405,RIDGE,5,0.8314,5981,,,1+1+3,,,R1,J,4,15/02/2007
FLR-10406,RIDGE,5,1.581728,0,,,1+1+3,,,R1,J,4,12/05/2016
FLR-10407,RIDGE,5,1.0946,0,,,5R3,,,R2,K,5,03/06/2012
FLR-10408,RIDGE,10,0.338,0,,,10i,,,R1,R,8,25/03/2008
FLR-10409,RIDGE,5,1.0617,5560,,,1+1+3,,,R1,F,3,23/01/2005
FLR-10410,RIDGE,6,0.2475,5979,,,6i,,,R1,J,4,31/01/2009
FLR-10411,RIDGE,5,0.305688,0,,,5R1,,,R1,J,4,12-05-2016
FLR-10412,RIDGE,5,0.322,0,,,5R1,,,R1,T,10,15/04/2010
FLR-10413,LAMP,5,1.2862331,2,N-003,16785.8775,,2,0,,,,
FLR-10414,LAMP,5,1.3120174,6,N-042,1785.7502,,2,0,,,,
FLR-10415,LAMP,5,0.9694875,2,N-038,4351.5974,,2,0,,,,
FLR-10416,LAMP,5,1.1488058,2,N-013,21853.4171,,2,0,,,,
FLR-10417,RIDGE,5,1.031,0,,,1+1+3,,,R1,A,1,20/01/2010
FLR-10418,LAMP,4,1.0130381,3,N-003,15832.8574,,0,0,,,,
FLR-10419,RIDGE,5,0.3291,5562,,,5R1,,,R1,U,11,11/02/2010
FLR-10420,RIDGE,4,1.021,0,,,4R2,,,R1,A,1,26/03/2010
FLR-10421,RIDGE,5,1.010813,5759,,,1+1+3,,,R1,S,9,01-04-2015
FLR-10422,RIDGE,4,0.5312,0,,,4D,,,R1,F,3,02/02/2010
FLR-10423,RIDGE,5,0.325,0,,,5R1,,,R1,V,12,22/01/2010
FLR-10424,RIDGE,5,0.345,0,,,5R1,,,R1,T,10,11/03/2010
FLR-10425,RIDGE,6,0.7209,0,,,6-SMUDGE,,,R1,F,3,04/03/2010
FLR-10426,RIDGE,5,0.323,0,,,5R1,,,R1,V,12,03/02/2010
FLR-10427,RIDGE,5,0.7562,0,,,1+1+3,,,R1,F,3,04/03/2010
FLR-10428,RIDGE,5,0.967,0,,,1+1+3,,,R1,A,1,25/02/2010
FLR-10429,RIDGE,3,0.31467,0,,,3D,,,R1,A,1,02-03-2015
FLR-10430,LAMP,5,1.2423598,2,N-005,906.3399,,2,0,,,,
FLR-10431,RIDGE,5,1.3697528,0,,,5R3,,,R2,ZZZ,13,12-04-2016
FLR-10432,LAMP,4,0.3980313,3,N-003,17781.6994,,0,0,,,,
FLR-10433,LAMP,5,0.7580584,1,N-002,14802.6863,,2,0,,,,
FLR-10434,RIDGE,5,1.1159,0,,,5R3,,,R2,K,5,03/06/2012
FLR-10435,RIDGE,7,1.2327,0,,,7D1,,,R2,P,7,25/04/2008
FLR-10436,RIDGE,4,0.7556727,0,,,4R2,,,R1,A,1,02-03-2015
FLR-10437,LAMP,4,0.3352458,2,N-023,32237.0191,,0,0,,,,
FLR-10438,RIDGE,7,1.3201,0,,,7-SMUDGE,,,R1,A,1,02/03/2015
FLR-10439,LAMP,5,1.07485,1,N-003,15637.3031,,2,0,,,,
FLR-10440,RIDGE,9,0.398375,0,,,9i,,,R1,U,11,31-03-2015
FLR-10441,RIDGE,5,0.834425,0,,,1+1+3,,,R1,A,1,02/03/2015
FLR-10442,RIDGE,5,1.115,0,,,5R3,,,R2,K,5,03/06/2012
FLR-10443,RIDGE,4,0.528,5722,,,4D,,,R1,F,3,23/01/2010
FLR-10444,RIDGE,5,0.8353971,0,,,1+1+3,,,R1,A,1,02/03/2015
FLR-10445,RIDGE,5,1.3531372,0,,,1+1+3,,,R1,U,11,31-03-2015
FLR-10446,RIDGE,5,1.2453,0,,,1+1+3,,,R1,U,11,31-03-2015
FLR-10447,LAMP,6,0.6410584,1,N-013,20605.3892,,10,1,,,,
FLR-10448,RIDGE,5,1.2874395,5151,,,1+1+3,,,R1,U,11,26/03/2015
FLR-10449,RIDGE,5,1.2423349,0,,,1+1+3,,,R1,J,4,10-04-2015
FLR-10450,LAMP,6,0.3821468,2,N-046,9472.9147,,16,1,,,,
FLR-10451,RIDGE,4,0.9013667,0,,,4R2,,,R1,A,1,02-03-2015
FLR-10452,RIDGE,5,0.311,0,,,5R1,,,R1,D,2,04/04/2008
FLR-10453,LAMP,5,0.3122584,1,N-024,7890.2744,,2,0,,,,
FLR-10454,RIDGE,5,1.393256,0,,,1+1+3,,,R1,J,4,12/05/2016
FLR-10455,RIDGE,4,0.2324,0,,,4R1,,,R1,F,3,04/03/2010
FLR-10456,RIDGE,5,0.697,0,,,2+3,,,R1,V,12,26/01/2010
FLR-10457,RIDGE,4,0.9685108,0,,,4R2,,,R1,A,1,02/03/2015
FLR-10458,RIDGE,4,0.724,0,,,4R2,,,R1,A,1,28/02/2010
FLR-10459,RIDGE,5,0.3220509,0,,,5R1,,,R1,A,1,24-04-2016
FLR-10460,RIDGE,5,0.5061,5560,,,5R2,,,R1,F,3,03/02/2005
FLR-10461,RIDGE,5,1.4976584,5987,,,1+1+3,,,R1,J,4,12-05-2016
FLR-10462,RIDGE,5,1.0180324,0,,,1+1+3,,,R1,A,1,02/03/2015
FLR-10463,RIDGE,5,1.4746834,6052,,,1+1+3,,,R1,S,9,29-04-2014
FLR-10464,LAMP,5,0.329752,3,N-040,116.1595,,2,0,,,,
FLR-10465,LAMP,5,0.324,1,N-038,4449.0277,,2,0,,,,
FLR-10466,RIDGE,5,1.2267787,0,,,1+1+3,,,R1,A,1,02/03/2015
FLR-10467,RIDGE,5,1.1997398,0,,,1+1+3,,,R1,U,11,31-03-2015
FLR-10468,RIDGE,5,0.321132,0,,,5-SMUDGE,,,R1,A,1,02/03/2015
FLR-10469,RIDGE,5,0.7667083,0,,,1+1+3,,,R1,A,1,02/03/2015
FLR-10470,RIDGE,5,0.487,5727,,,5R2,,,R1,F,3,12/02/2010
FLR-10471,RIDGE,5,0.8043667,5151,,,1+1+3,,,R1,U,11,26/03/2015
FLR-10472,RIDGE,5,0.7951,0,,,1+1+3,,,R2,P,7,25/04/2008
FLR-10473,RIDGE,5,1.2125103,0,,,1+1+3,,,R1,J,4,12/05/2016
FLR-10474,RIDGE,5,0.9235981,0,,,1+1+3,,,R1,U,11,19-03-2015
FLR-10475,RIDGE,5,1.5335,0,,,5R3,,,R2,P,7,25/04/2008
FLR-10476,LAMP,5,0.9461832,2,N-001,7148.3051,,4,0,,,,
FLR-10477,RIDGE,5,1.097,0,,,5R3,,,R2,K,5,03/06/2012
FLR-10478,LAMP,5,0.82415,4,N-003,17337.8596,,2,0,,,,
FLR-10479,RIDGE,5,1.1650167,5151,,,1+1+3,,,R1,U,11,19-03-2015
FLR-10480,LAMP,10,0.3961917,1,N-002,11268.5286,,14,1,,,,
FLR-10481,LAMP,5,0.8154333,1,N-003,16719.7783,,2,0,,,,
FLR-10482,RIDGE,5,1.2806466,5560,,,1+1+3,,,R1,F,3,31/03/2015
FLR-10483,RIDGE,5,0.990975,0,,,1+1+3,,,R1,U,11,26/03/2015
FLR-10484,RIDGE,6,0.483,6058,,,6i,,,R1,U,11,11/02/2010
FLR-10485,RIDGE,4,0.5157,5722,,,4D,,,R1,F,3,02/02/2010
FLR-10486,RIDGE,5,0.5082964,0,,,5R2,,,R1,F,3,31/03/2015
FLR-10487,RIDGE,5,0.939,0,,,1+1+3,,,R1,T,10,14/04/2010
FLR-10488,RIDGE,5,0.33,0,,,5R1,,,R1,T,10,11/03/2010
FLR-10489,LAMP,5,1.0389334,1,N-003,17484.9968,,2,0,,,,
FLR-10490,RIDGE,6,0.3821468,0,,,6i,,,R1,J,4,12/05/2016
FLR-10491,LAMP,9,0.6191303,3,N-022,27637.9353,,11,0,,,,
FLR-10492,RIDGE,5,0.845,0,,,1+1+3,,,R1,N,6,02/04/2010
FLR-10493,RIDGE,5,0.369,5125,,,5R1,,,R1,V,12,03/02/2010
FLR-10494,RIDGE,5,1.1027,0,,,1+1+3,,,R1,F,3,31/03/2015
FLR-10495,RIDGE,5,0.3563667,6070,,,5R1,,,R1,F,3,19/03/2015
FLR-10496,RIDGE,7,1.2936,5722,,,7D1,,,R1,F,3,12/02/2010
FLR-10497,RIDGE,5,1.4078,5727,,,1+1+3,,,R1,F,3,12/02/2010
FLR-10498,RIDGE,5,0.35,0,,,5R1,,,R1,D,2,06/02/2010
FLR-10499,LAMP,5,0.6992917,2,N-003,17718.8071,,4,0,,,,
FLR-10500,RIDGE,5,1.1856,0,,,5R3,,,R2,P,7,25/04/2008
FLR-10501,LAMP,5,0.3031084,1,N-041,4449.9737,,2,0,,,,
FLR-10502,LAMP,7,0.3182681,2,N-035,31363.2726,,8,0,,,,
FLR-10503,RIDGE,8,0.6538,5727,,,8i,,,R1,F,3,04/03/2010
FLR-10504,RIDGE,5,0.8367,5981,,,1+1+3,,,R1,J,4,15/02/2007
FLR-10505,RIDGE,5,0.9024039,0,,,5-SMUDGE,,,R1,A,1,02/03/2015
FLR-10506,RIDGE,5,0.9476766,0,,,1+1+3,,,R1,A,1,02/03/2015
FLR-10507,RIDGE,5,0.9518487,0,,,1+1+3,,,R1,A,1,02-03-2015
FLR-10508,RIDGE,5,0.8446,5978,,,1+1+3,,,R1,J,4,30/03/2010
FLR-10509,RIDGE,9,0.369,0,,,9i,,,R1,R,8,19/04/2008
FLR-10510,LAMP,5,0.30735,2,N-028,28179.3855,,4,0,,,,
FLR-10511,RIDGE,4,0.8658667,0,,,4R2,,,R1,A,1,02-03-2015
FLR-10512,RIDGE,5,1.2896221,0,,,1+1+3,,,R1,U,11,31-03-2015
FLR-10513,LAMP,5,0.7996631,3,N-045,5989.7084,,2,0,,,,
FLR-10514,RIDGE,5,0.51375,6052,,,5R2,,,R1,S,9,29-04-2014
FLR-10515,LAMP,5,0.8056666,2,N-003,17695.8827,,2,0,,,,
FLR-10516,RIDGE,5,1.329,0,,,1+1+3,,,R1,V,12,26/01/2010
FLR-10517,RIDGE,5,1.3707,5979,,,1+1+3,,,R1,J,4,04/05/2008
FLR-10518,RIDGE,5,0.3359833,6070,,,5R1,,,R1,F,3,19/03/2015
FLR-10519,RIDGE,5,0.292,0,,,5R1,,,R1,D,2,21/03/2008
FLR-10520,RIDGE,5,0.796,5981,,,1+1+3,,,R1,J,4,03/05/2008
FLR-10521,RIDGE,5,0.531,0,,,5R2,,,R1,N,6,02/04/2010
FLR-10522,RIDGE,9,0.386572,0,,,9i,,,R1,F,3,31/03/2015
FLR-10523,RIDGE,6,0.274,0,,,6i,,,R1,D,2,18/03/2010
FLR-10524,RIDGE,4,0.5272,0,,,4D,,,R1,F,3,02/02/2010
FLR-10525,RIDGE,5,0.9558589,0,,,1+1+3,,,R1,J,4,12/05/2016
FLR-10526,RIDGE,5,1.4506,0,,,1+1+3,,,R1,J,4,06/02/2010
FLR-10527,LAMP,5,0.309175,1,N-034,10130.3193,,4,0,,,,
FLR-10528,RIDGE,5,0.7972957,0,,,1+1+3,,,R1,A,1,02/03/2015
FLR-10529,LAMP,5,1.3060496,2,N-014,5119.1632,,2,0,,,,
FLR-10530,RIDGE,7,1.5722166,0,,,7D2,,,R1,A,1,02/03/2015
FLR-10531,RIDGE,5,1.2045072,0,,,1+1+3,,,R1,U,11,19-03-2015
FLR-10532,RIDGE,5,1.1653667,5151,,,1+1+3,,,R1,U,11,26/03/2015
FLR-10533,RIDGE,5,0.335,0,,,5R1,,,R1,D,2,04/04/2008
FLR-10534,RIDGE,5,0.829,0,,,1+1+3,,,R1,R,8,19/04/2008
FLR-10535,RIDGE,5,1.9135,0,,,5-SMUDGE,,,R2,K,5,03/06/2012
FLR-10536,RIDGE,5,0.801,0,,,1+1+3,,,R1,D,2,06/02/2010
FLR-10537,RIDGE,5,0.3427528,5560,,,5R1,,,R1,F,3,31/03/2015
FLR-10538,RIDGE,4,0.7866667,0,,,4-SMUDGE,,,R1,A,1,02/03/2015
FLR-10539,RIDGE,5,0.8112,5978,,,1+1+3,,,R1,J,4,30/03/2010
FLR-10540,LAMP,5,1.3160333,4,N-020,11005.2142,,2,0,,,,
FLR-10541,RIDGE,5,0.31385,0,,,5R1,,,R1,S,9,07-04-2015
FLR-10542,RIDGE,5,0.336,0,,,5R1,,,R1,T,10,14/04/2010
FLR-10543,RIDGE,5,1.2838657,0,,,1+1+3,,,R1,J,4,12/05/2016
FLR-10544,LAMP,7,0.5957672,2,N-007,1961.519559,,8,1,,,,
FLR-10545,LAMP,4,1.1707644,3,N-002,14580.083,,0,0,,,,
FLR-10546,RIDGE,5,0.3002957,0,,,5R1,,,R1,J,4,12/05/2016
FLR-10547,RIDGE,5,0.377,0,,,5R1,,,R1,D,2,20/03/2008
FLR-10548,LAMP,5,0.3238936,1,N-031,231.7837,,4,0,,,,
FLR-10549,RIDGE,5,0.328,0,,,5R1,,,R1,V,12,03/02/2010
FLR-10550,RIDGE,6,1.0887583,0,,,6-SMUDGE,,,R1,A,1,02/03/2015
FLR-10551,RIDGE,4,0.7801781,0,,,4R2,,,R1,A,1,02-03-2015
FLR-10552,RIDGE,5,1.187,0,,,1+1+3,,,R1,A,1,20/01/2010
FLR-10553,RIDGE,5,1.2171,5978,,,1+1+3,,,R1,J,4,31/01/2009
FLR-10554,LAMP,5,1.1573238,2,N-017,29183.7499,,2,0,,,,
FLR-10555,RIDGE,4,0.1216,5703,,,4R1,,,R1,F,3,23/01/2005
FLR-10556,LAMP,18,1.03945,1,N-002,14525.3931,,17,0,,,,
FLR-10557,LAMP,5,0.3375331,3,N-023,32236.9026,,4,0,,,,
FLR-10558,RIDGE,5,1.0265,0,,,5R3,,,R2,P,7,24/04/2008
FLR-10559,RIDGE,5,0.344,0,,,5R1,,,R1,T,10,17/04/2010
FLR-10560,LAMP,5,0.30575,2,N-025,15122.2382,,4,0,,,,
FLR-10561,RIDGE,5,0.3105,5979,,,5R1,,,R1,J,4,31/01/2009
FLR-10562,RIDGE,5,0.3535834,5586,,,5R1,,,R1,A,1,02-03-2015
FLR-10563,RIDGE,5,0.328,0,,,5R1,,,R1,R,8,10/04/2008
FLR-10564,RIDGE,5,1.42855,5987,,,1+1+3,,,R1,J,4,24-04-2014
FLR-10565,RIDGE,6,0.744,0,,,6-SMUDGE,,,R1,F,3,04/03/2010
FLR-10566,RIDGE,5,0.3285583,5987,,,5R1,,,R1,J,4,12-05-2016
FLR-10567,LAMP,4,0.9350676,2,N-003,15698.8462,,0,0,,,,
FLR-10568,RIDGE,5,0.976472,0,,,1+1+3,,,R1,J,4,12/05/2016
FLR-10569,RIDGE,5,1.258922,0,,,1+1+3,,,R1,F,3,31/03/2015
FLR-10570,RIDGE,4,1.1982432,0,,,4R2,,,R1,A,1,02-03-2015
FLR-10571,LAMP,5,0.76985,1,N-002,14799.7543,,2,0,,,,
FLR-10572,LAMP,5,1.0558619,2,N-011,1249.6131,,2,0,,,,
FLR-10573,RIDGE,5,1.071,0,,,1+1+3,,,R1,R,8,19/04/2008
FLR-10574,RIDGE,5,0.3368,5759,,,5R1,,,R1,S,9,01-04-2015
FLR-10575,RIDGE,5,0.32,0,,,5R1,,,R1,T,10,14/04/2010
FLR-10576,RIDGE,5,1.5164972,6052,,,1+1+3,,,R1,S,9,29-04-2014
FLR-10577,RIDGE,5,1.1132,5727,,,1+1+3,,,R1,F,3,23/01/2005
FLR-10578,RIDGE,5,0.315,0,,,5R1,,,R1,T,10,11/03/2010
FLR-10579,RIDGE,5,0.3222657,0,,,5R1,,,R1,S,9,01-04-2015
FLR-10580,RIDGE,5,0.3146759,0,,,5R1,,,R1,A,1,24-04-2016
FLR-10581,RIDGE,5,0.3208083,5720,,,5R1,,,R1,A,1,16-04-2014
FLR-10582,RIDGE,4,0.1333,0,,,4R1,,,R1,F,3,04/03/2010
FLR-10583,RIDGE,4,0.724,0,,,1+31,,,R1,V,12,22/01/2010
FLR-10584,RIDGE,8,0.3588153,0,,,8i,,,R1,A,1,24-04-2016
FLR-10585,RIDGE,5,1.2303167,5560,,,1+1+3,,,R1,F,3,31/03/2015
FLR-10586,LAMP,5,1.319,2,N-033,18467.2553,,2,0,,,,
FLR-10587,RIDGE,5,0.315,0,,,5R1,,,R1,D,2,20/03/2008
FLR-10588,RIDGE,7,0.3229084,0,,,7i,,,R1,S,9,01-04-2015
FLR-10589,LAMP,5,1.1933732,3,N-022,27901.1809,,2,0,,,,
FLR-10590,RIDGE,5,0.363,0,,,5R1,,,R1,D,2,20/03/2008
FLR-10591,RIDGE,5,1.1973,5727,,,1+1+3,,,R1,F,3,23/01/2005
FLR-10592,RIDGE,5,0.31405,5726,,,5R1,,,R1,S,9,01-04-2015
FLR-10593,RIDGE,5,1.388025,5586,,,1+1+3,,,R1,A,1,02-03-2015
FLR-10594,LAMP,5,1.2807715,2,N-011,127.6934,,2,0,,,,
FLR-10595,LAMP,6,0.411419,2,N-040,143.259,,10,1,,,,
FLR-10596,RIDGE,5,1.1139807,0,,,1+1+3,,,R1,U,11,31-03-2015
FLR-10597,RIDGE,5,1.121,0,,,5R3,,,R2,K,5,03/06/2012
FLR-10598,RIDGE,7,0.309,0,,,7i,,,R1,T,10,26/01/2010
FLR-10599,LAMP,5,0.8373947,2,N-009,792.7858,,2,0,,,,
FLR-10600,RIDGE,5,0.327,0,,,5R1,,,R1,T,10,06/03/2010
FLR-10601,LAMP,5,1.2125103,2,N-045,5018.8658,,2,0,,,,
FLR-10602,RIDGE,5,0.7225,5560,,,1+1+3,,,R1,F,3,17/02/2005
FLR-10603,RIDGE,5,0.5105917,5151,,,5R2,,,R1,U,11,26/03/2015
FLR-10604,RIDGE,6,0.8967975,0,,,6-SMUDGE,,,R1,S,9,01-04-2015
FLR-10605,RIDGE,5,0.333,0,,,5R1,,,R1,T,10,11/03/2010
FLR-10606,RIDGE,5,1.0188,0,,,5R3,,,R2,K,5,02/06/2012
FLR-10607,RIDGE,4,1.07565,0,,,4R2,,,R1,A,1,02-03-2015
FLR-10608,LAMP,5,0.3138977,2,N-024,7987.1818,,4,0,,,,
FLR-10609,LAMP,5,1.2601084,2,N-024,6797.6449,,2,0,,,,
FLR-10610,RIDGE,7,0.5966,5727,,,7i,,,R1,F,3,06/03/2005
FLR-10611,RIDGE,5,1.3552497,0,,,1+1+3,,,R1,U,11,26/03/2015
FLR-10612,RIDGE,5,1.2441,0,,,5R3,,,R2,K,5,03/06/2012
FLR-10613,RIDGE,4,0.5273,5722,,,4D,,,R1,F,3,18/02/2009
FLR-10614,RIDGE,5,1.3684411,0,,,1+1+3,,,R1,U,11,31-03-2015
FLR-10615,RIDGE,5,0.328,0,,,5R1,,,R1,T,10,06/03/2010
FLR-10616,LAMP,5,1.458275,1,N-042,109.9528,,2,0,,,,
FLR-10617,RIDGE,8,0.298,0,,,8i,,,R1,V,12,03/02/2010
FLR-10618,RIDGE,5,1.3678333,6052,,,1+1+3,,,R1,S,9,29-04-2014
FLR-10619,LAMP,9,1.5296376,3,N-005,415.0308,,6,0,,,,
FLR-10620,RIDGE,5,0.8534,0,,,1+1+3,,,R1,J,4,06/02/2010
FLR-10621,RIDGE,5,1.2596183,0,,,1+1+3,,,R1,J,4,10-04-2015
FLR-10622,RIDGE,5,1.0385,0,,,5R3,,,R2,K,5,03/06/2012
FLR-10623,RIDGE,6,0.6538,5586,,,6i,,,R1,A,1,02/03/2015
FLR-10624,LAMP,5,1.1157583,1,N-005,891.5302,,2,0,,,,
FLR-10625,LAMP,9,0.436707,2,N-035,31389.5844,,11,1,,,,
FLR-10626,LAMP,5,1.2750417,2,N-011,139.95,,2,0,,,,
FLR-10627,RIDGE,5,1.1986,5727,,,1+1+3,,,R1,F,3,12/02/2010
FLR-10628,LAMP,4,0.8658667,2,N-001,3891.1193,,0,0,,,,
FLR-10629,LAMP,5,0.765125,2,N-003,16869.2075,,2,0,,,,
FLR-10630,LAMP,5,1.5164972,1,N-041,2046.8899,,2,0,,,,
FLR-10631,RIDGE,5,1.0599,0,,,5R3,,,R2,K,5,03/06/2012
FLR-10632,RIDGE,5,0.8471417,5151,,,1+1+3,,,R1,U,11,19-03-2015
FLR-10633,RIDGE,5,1.3246,0,,,5R3,,,R2,P,7,24/04/2008
FLR-10634,LAMP,5,1.20433,2,N-013,20763.3797,,2,0,,,,
FLR-10635,RIDGE,5,1.1619,0,,,5R3,,,R2,K,5,03/06/2012
FLR-10636,RIDGE,3,0.215,0,,,3D,,,R1,V,12,22/01/2010
FLR-10637,RIDGE,5,0.3606416,0,,,5R1,,,R1,S,9,01-04-2015
FLR-10638,RIDGE,5,0.344,0,,,5R1,,,R1,N,6,02/04/2010
FLR-10639,RIDGE,5,1.077,0,,,1+1+3,,,R1,N,6,02/04/2010
FLR-10640,RIDGE,5,0.318,0,,,5R1,,,R1,T,10,15/04/2010
FLR-10641,RIDGE,7,1.553425,0,,,7D2,,,R1,F,3,31/03/2015
FLR-10642,RIDGE,5,0.32,0,,,5R1,,,R1,T,10,15/04/2010
FLR-10643,RIDGE,5,0.348,0,,,5R1,,,R1,T,10,12/03/2010
FLR-10644,LAMP,6,0.3246834,1,N-010,21209.0353,,16,1,,,,
FLR-10645,LAMP,5,1.167398,2,N-012,10026.3317,,2,0,,,,
FLR-10646,RIDGE,7,1.361,5722,,,7D1,,,R1,F,3,12/02/2010
FLR-10647,RIDGE,5,0.7971,5978,,,1+1+3,,,R1,J,4,30/03/2010
FLR-10648,LAMP,5,0.2872924,3,N-003,18920.4222,,4,0,,,,
FLR-10649,LAMP,8,1.2051318,2,N-032,10074.2345,,9,0,,,,
FLR-10650,LAMP,5,0.3258673,3,N-003,18894.4663,,2,0,,,,
FLR-10651,RIDGE,5,1.1141,0,,,5R3,,,R2,P,7,24/04/2008
FLR-10652,RIDGE,5,0.5400417,5560,,,5R2,,,R1,F,3,31/03/2015
FLR-10653,LAMP,4,0.7579845,4,N-002,14549.0008,,0,0,,,,
FLR-10654,RIDGE,5,1.261975,5151,,,1+1+3,,,R1,U,11,26/03/2015
FLR-10655,RIDGE,4,0.8463375,0,,,4R2,,,R2,ZZZ,13,12-04-2016
FLR-10656,RIDGE,5,1.2705491,0,,,1+1+3,,,R1,J,4,10-04-2015
FLR-10657,LAMP,5,1.0940255,3,N-003,16169.6207,,2,0,,,,
FLR-10658,RIDGE,5,0.324,5987,,,5R1,,,R1,J,4,24-04-2014
FLR-10659,RIDGE,5,1.2774509,0,,,1+1+3,,,R1,U,11,31-03-2015
FLR-10660,RIDGE,9,0.3952583,0,,,9i,,,R1,F,3,31/03/2015
FLR-10661,RIDGE,5,0.3154091,5560,,,5R1,,,R1,F,3,31/03/2015
FLR-10662,LAMP,5,0.8369917,1,N-005,3259.6249,,2,0,,,,
FLR-10663,RIDGE,5,0.857,0,,,1+1+3,,,R1,N,6,02/04/2010
FLR-10664,LAMP,5,1.1731822,2,N-003,15546.4593,,2,0,,,,
FLR-10665,RIDGE,9,0.41575,0,,,9i,,,R1,J,4,13-05-2016
FLR-10666,LAMP,7,1.4049584,2,N-005,416.9416,,7,0,,,,
FLR-10667,RIDGE,5,0.8045726,0,,,1+1+3,,,R1,A,1,02/03/2015
FLR-10668,LAMP,5,1.1214681,2,N-003,15743.4332,,2,0,,,,
FLR-10669,RIDGE,5,0.2837634,0,,,5R1,,,R1,F,3,19/03/2015
FLR-10670,RIDGE,5,0.8941,0,,,1+1+3,,,R1,J,4,06/02/2010
FLR-10671,RIDGE,5,0.8250293,0,,,1+1+3,,,R1,A,1,02/03/2015
FLR-10672,LAMP,5,0.973135,2,N-002,14412.907,,2,0,,,,
FLR-10673,LAMP,5,1.2275917,2,N-038,3586.3145,,2,0,,,,
FLR-10674,LAMP,5,0.7660833,1,N-003,15487.7062,,2,0,,,,
FLR-10675,LAMP,5,1.1203333,1,N-003,16786.6811,,2,0,,,,
FLR-10676,RIDGE,9,1.319,0,,,9R,,,R2,P,7,05/03/2011
FLR-10677,RIDGE,5,1.4734,0,,,1+1+3,,,R1,J,4,06/02/2010
FLR-10678,RIDGE,5,1.0465,5978,,,1+1+3,,,R1,J,4,31/01/2009
FLR-10679,RIDGE,9,0.4297167,0,,,9i,,,R1,F,3,31/03/2015
FLR-10680,RIDGE,5,0.653,5561,,,5-SMUDGE,,,R1,F,3,04/03/2010
FLR-10681,RIDGE,5,0.357,0,,,5R1,,,R1,D,2,18/03/2010
FLR-10682,RIDGE,5,1.184736,0,,,1+1+3,,,R1,J,4,12/05/2016
FLR-10683,RIDGE,9,1.7775667,5151,,,9-SMUDGE,,,R1,U,11,26/03/2015
FLR-10684,RIDGE,6,0.4331,6058,,,6i,,,R1,U,11,01/02/2010
FLR-10685,RIDGE,5,1.3402152,5151,,,1+1+3,,,R1,U,11,26/03/2015
FLR-10686,RIDGE,5,1.0902,0,,,5R3,,,R2,P,7,05/03/2011
FLR-10687,LAMP,5,0.3497451,2,N-003,17425.3794,,4,0,,,,
FLR-10688,RIDGE,5,0.3090667,5726,,,5R1,,,R1,S,9,01-04-2015
FLR-10689,RIDGE,7,1.4182,5722,,,7D1,,,R1,F,3,12/02/2010
FLR-10690,RIDGE,5,1.2046,5560,,,1+1+3,,,R1,F,3,03/02/2005
FLR-10691,RIDGE,6,0.390875,5586,,,6i,,,R1,A,1,02-03-2015
FLR-10692,LAMP,5,0.6656167,2,N-024,6828.3509,,15,0,,,,
FLR-10693,RIDGE,6,1.2502,0,,,6R,,,R2,K,5,03/06/2012
FLR-10694,RIDGE,5,0.1334,5703,,,5-SMUDGE,,,R1,F,3,18/02/2005
FLR-10695,RIDGE,5,1.4088966,0,,,1+1+3,,,R1,J,4,12/05/2016
FLR-10696,LAMP,5,0.8028039,2,N-001,7188.5592,,2,0,,,,
FLR-10697,RIDGE,8,0.44,0,,,8i,,,R1,V,12,03/02/2010
FLR-10698,RIDGE,4,0.8716989,0,,,4R2,,,R1,A,1,02/03/2015
FLR-10699,RIDGE,5,0.343,0,,,5R1,,,R1,T,10,12/03/2010
FLR-10700,RIDGE,5,0.8359044,0,,,1+1+3,,,R1,A,1,02/03/2015
FLR-10701,RIDGE,5,0.342,0,,,5R1,,,R1,T,10,14/04/2010
FLR-10702,RIDGE,4,1.0381711,0,,,4R2,,,R1,A,1,02/03/2015
FLR-10703,LAMP,5,0.354152,1,N-018,33690.6482,,4,0,,,,
FLR-10704,LAMP,5,1.0521083,1,N-003,15555.2331,,2,0,,,,
FLR-10705,LAMP,3,0.3489916,1,N-008,12490.6088,,12,0,,,,
FLR-10706,RIDGE,5,1.143431,0,,,1+1+3,,,R1,A,1,02/03/2015
FLR-10707,LAMP,5,1.3580334,2,N-022,27884.5608,,2,0,,,,
FLR-10708,RIDGE,5,0.3080701,0,,,5R1,,,R1,J,4,12-05-2016
FLR-10709,LAMP,5,0.3159333,2,N-029,486.4299,,4,0,,,,
FLR-10710,RIDGE,8,0.375,0,,,8i,,,R1,R,8,19/04/2008
FLR-10711,RIDGE,5,0.5566426,0,,,5R2,,,R1,A,1,02/03/2015
FLR-10712,RIDGE,5,0.334,0,,,5R1,,,R1,V,12,03/02/2010
FLR-10713,RIDGE,5,0.3166036,0,,,5R1,,,R1,J,4,10-04-2015
FLR-10714,RIDGE,5,1.261275,0,,,1+1+3,,,R1,S,9,29-04-2014
FLR-10715,RIDGE,10,2.7941292,0,,,10-SMUDGE,,,R1,U,11,19-03-2015
FLR-10716,LAMP,5,0.2895834,2,N-003,18997.9662,,4,0,,,,
FLR-10717,RIDGE,5,0.9893417,0,,,1+1+3,,,R1,A,1,02/03/2015
FLR-10718,RIDGE,6,0.392,0,,,6i,,,R1,D,2,26/02/2010
FLR-10719,LAMP,8,0.3718583,1,N-042,2571.9061,,9,0,,,,
FLR-10720,RIDGE,5,0.3159333,0,,,5R1,,,R1,S,9,07-04-2015
FLR-10721,LAMP,5,1.2087998,2,N-005,952.0431,,2,0,,,,
FLR-10722,LAMP,5,1.3217167,2,N-033,18363.7622,,2,0,,,,
FLR-10723,RIDGE,5,1.1570083,9999,,,5R3,,,R2,ZZZ,13,12-04-2016
FLR-10724,RIDGE,8,0.464,0,,,8i,,,R1,T,10,12/03/2010
FLR-10725,RIDGE,9,1.4461833,9999,,,9R,,,R2,ZZZ,13,12-04-2016
FLR-10726,LAMP,5,1.1649,1,N-012,9455.5743,,2,0,,,,
FLR-10727,RIDGE,5,1.3782666,0,,,1+1+3,,,R1,U,11,19-03-2015
FLR-10728,RIDGE,5,1.379418,0,,,1+1+3,,,R1,J,4,10-04-2015
FLR-10729,RIDGE,5,0.8176,5981,,,1+1+3,,,R1,J,4,03/05/2008
FLR-10730,LAMP,5,0.6816611,2,N-001,7134.5869,,2,0,,,,
FLR-10731,RIDGE,4,0.2437739,0,,,4R1,,,R1,A,1,02/03/2015
FLR-10732,RIDGE,6,0.957,0,,,6-SMUDGE,,,R1,R,8,19/04/2008
FLR-10733,RIDGE,3,0.1286,6070/6068,,,3R,,,R1,F,3,12/02/2010
FLR-10734,RIDGE,4,1.3306083,0,,,4R2,,,R1,A,1,02/03/2015
FLR-10735,RIDGE,5,0.8258,0,,,1+1+3,,,R2,P,7,25/04/2008
FLR-10736,RIDGE,5,0.85555,5979,,,1+1+3,,,R1,J,4,10-04-2015
FLR-10737,RIDGE,5,1.341,0,,,5R3,,,R2,P,7,24/04/2008
FLR-10738,RIDGE,5,1.2569666,5151,,,1+1+3,,,R1,U,11,19-03-2015
FLR-10739,RIDGE,5,1.1702584,5560,,,1+1+3,,,R1,F,3,31/03/2015
FLR-10740,LAMP,5,1.1848333,1,N-014,663.0043,,2,0,,,,
FLR-10741,RIDGE,5,1.2,0,,,1+1+3,,,R1,V,12,03/02/2010
FLR-10742,LAMP,5,1.2768084,2,N-041,2943.8967,,2,0,,,,
FLR-10743,RIDGE,4,0.534,5722,,,4D,,,R1,F,3,23/03/2008
FLR-10744,LAMP,5,0.3271,1,N-041,4468.8719,,2,0,,,,
FLR-10745,RIDGE,5,1.1693736,0,,,1+1+3,,,R1,U,11,31-03-2015
FLR-10746,RIDGE,5,0.369,0,,,5R1,,,R1,R,8,10/04/2008
FLR-10747,RIDGE,8,0.2956,5560,,,8i,,,R1,F,3,07/02/2005
FLR-10748,RIDGE,5,0.975,0,,,1+1+3,,,R1,V,12,03/02/2010
FLR-10749,LAMP,5,1.2745849,2,N-023,31580.3288,,2,0,,,,
FLR-10750,RIDGE,5,1.0637,5560,,,1+1+3,,,R1,F,3,23/01/2005
FLR-10751,RIDGE,5,1.018,0,,,1+1+3,,,R1,T,10,14/04/2010
FLR-10752,RIDGE,6,0.902,0,,,6-SMUDGE,,,R1,F,3,04/03/2010
FLR-10753,RIDGE,6,1.0918,5722,,,6-SMUDGE,,,R1,F,3,12/02/2010
FLR-10754,LAMP,5,0.984825,1,N-019,3298.2123,,2,0,,,,
FLR-10755,RIDGE,7,0.4271049,0,,,7i,,,R1,A,1,16-04-2014
FLR-10756,LAMP,5,0.5358748,10,N-042,1694.6071,,4,0,,,,
FLR-10757,RIDGE,5,1.173585,0,,,1+1+3,,,R1,U,11,26/03/2015
FLR-10758,RIDGE,5,0.7383083,5979,,,1+1+3,,,R1,J,4,10-04-2015
FLR-10759,RIDGE,4,0.92075,0,,,4R2,,,R1,A,1,02-03-2015
FLR-10760,LAMP,5,1.0260756,3,N-002,14486.0092,,2,0,,,,
FLR-10761,RIDGE,5,0.3439,5562,,,5R1,,,R1,U,11,24/01/2010
FLR-10762,RIDGE,4,0.385,0,,,1+32,,,R1,N,6,21/03/2010
FLR-10763,LAMP,5,0.976472,2,N-045,2509.0148,,2,0,,,,
FLR-10764,RIDGE,9,1.427,5979,,,9R,,,R1,J,4,03/05/2008
FLR-10765,RIDGE,5,1.1192,0,,,5R3,,,R2,P,7,25/04/2008
FLR-10766,RIDGE,4,0.5383,5722,,,4D,,,R1,F,3,18/02/2009
FLR-10767,RIDGE,5,0.764,0,,,1+1+3,,,R1,D,2,18/03/2010
FLR-10768,RIDGE,5,1.312405,0,,,1+1+3,,,R1,U,11,26/03/2015
FLR-10769,RIDGE,5,1.3608,0,,,1+1+3,,,R1,F,3,23/01/2005
FLR-10770,RIDGE,4,0.5146,5722,,,4D,,,R1,F,3,23/03/2008
FLR-10771,RIDGE,5,0.7617083,0,,,1+1+3,,,R1,J,4,12-05-2016
FLR-10772,RIDGE,5,0.8949,0,,,1+1+3,,,R1,F,3,04/03/2010
FLR-10773,RIDGE,4,0.972,0,,,4R2,,,R1,A,1,26/03/2010
FLR-10774,RIDGE,5,1.0108,0,,,5R3,,,R2,P,7,24/04/2008
FLR-10775,RIDGE,10,0.359025,0,,,10i,,,R1,A,1,02/03/2015
FLR-10776,RIDGE,5,1.4035,5979,,,1+1+3,,,R1,J,4,04/05/2008
FLR-10777,RIDGE,5,0.9848812,0,,,1+1+3,,,R1,A,1,02/03/2015
FLR-10778,RIDGE,4,0.7550951,0,,,4R2,,,R1,A,1,02/03/2015
FLR-10779,RIDGE,5,1.1227,0,,,5R3,,,R2,P,7,05/03/2011
FLR-10780,RIDGE,4,0.753,0,,,1+31,,,R1,V,12,22/01/2010
FLR-10781,LAMP,5,0.3117706,2,N-028,28085.4715,,4,0,,,,
FLR-10782,RIDGE,4,0.2390767,0,,,4R1,,,R1,A,1,02/03/2015
FLR-10783,RIDGE,6,0.2175083,5987,,,6i,,,R1,J,4,12-05-2016
FLR-10784,RIDGE,5,0.541,0,,,5R2,,,R1,V,12,26/01/2010
FLR-10785,RIDGE,5,0.803,0,,,1+1+3,,,R1,D,2,18/03/2010
FLR-10786,LAMP,5,1.010813,1,N-024,14588.9961,,2,0,,,,
FLR-10787,RIDGE,5,0.335,0,,,5R1,,,R1,D,2,01/04/2010
FLR-10788,RIDGE,4,0.8399434,0,,,4-SMUDGE,,,R1,A,1,16-04-2014
FLR-10789,LAMP,7,1.1154837,3,N-046,8910.663,,7,0,,,,
FLR-10790,RIDGE,5,0.846,0,,,1+1+3,,,R1,D,2,27/03/2008
FLR-10791,LAMP,5,0.6914795,4,N-011,1144.3509,,2,0,,,,
FLR-10792,LAMP,5,0.7313782,2,N-003,15610.4107,,2,0,,,,
FLR-10793,RIDGE,5,0.3070833,5759,,,5R1,,,R1,S,9,01-04-2015
FLR-10794,LAMP,5,0.806875,1,N-030,10205.2724,,2,0,,,,
FLR-10795,RIDGE,5,0.7221,5561,,,1+1+3,,,R1,F,3,09/02/2009
FLR-10796,LAMP,5,1.1216098,3,N-019,3679.6412,,2,0,,,,
FLR-10797,LAMP,5,0.3342333,2,N-029,576.4338,,4,0,,,,
FLR-10798,RIDGE,7,1.1026161,0,,,7D1,,,R1,A,1,02/03/2015
FLR-10799,RIDGE,5,0.7691667,0,,,1+1+3,,,R1,A,1,02/03/2015
FLR-10800,LAMP,7,0.3284,1,N-034,10030.7441,,8,0,,,,
FLR-10801,RIDGE,5,1.1416667,5586,,,1+1+3,,,R1,A,1,02/03/2015
FLR-10802,RIDGE,5,0.334,0,,,5R1,,,R1,N,6,02/04/2010
FLR-10803,LAMP,5,1.2428758,1,N-013,21870.844,,2,0,,,,
FLR-10804,RIDGE,7,1.3007,5561,,,7D1,,,R1,F,3,03/03/2010
FLR-10805,RIDGE,5,1.3043,5727,,,1+1+3,,,R1,F,3,12/02/2010
FLR-10806,LAMP,15,1.2666549,2,N-022,27634.7274,,17,0,,,,
FLR-10807,LAMP,5,0.313575,1,N-041,4446.4692,,2,0,,,,
FLR-10808,RIDGE,5,1.1610088,0,,,1+1+3,,,R1,A,1,02/03/2015
FLR-10809,RIDGE,3,0.1254,6070/6068,,,3R,,,R1,F,3,04/03/2010
FLR-10810,LAMP,6,1.229488,2,N-009,885.7579,,16,1,,,,
FLR-10811,RIDGE,5,1.5124,0,,,5R3,,,R2,P,7,25/04/2008
FLR-10812,RIDGE,5,0.97666,0,,,1+1+3,,,R1,A,1,02/03/2015
FLR-10813,RIDGE,5,1.2085834,5560,,,1+1+3,,,R1,F,3,31/03/2015
FLR-10814,LAMP,3,0.2758363,2,N-001,557.5212,,5,0,,,,
FLR-10815,RIDGE,5,0.327,0,,,5R1,,,R1,T,10,26/01/2010
FLR-10816,LAMP,5,0.37045,1,N-010,21220.1663,,4,0,,,,
FLR-10817,RIDGE,10,2.3914191,0,,,10-SMUDGE,,,R1,S,9,01-04-2015
FLR-10818,RIDGE,5,1.1005,0,,,5R3,,,R2,P,7,24/04/2008
FLR-10819,RIDGE,7,1.8133,0,,,7-SMUDGE,,,R2,P,7,24/04/2008
FLR-10820,RIDGE,5,1.2727833,5151,,,1+1+3,,,R1,U,11,26/03/2015
FLR-10821,RIDGE,5,1.2776,5979,,,1+1+3,,,R1,J,4,03/05/2008
FLR-10822,LAMP,5,0.71765,1,N-031,189.9309,,2,0,,,,
FLR-10823,RIDGE,5,0.9789278,0,,,1+1+3,,,R1,U,11,31-03-2015
FLR-10824,LAMP,5,1.3439091,2,N-003,16794.4354,,2,0,,,,
FLR-10825,RIDGE,4,0.5118,5561,,,4D,,,R1,F,3,03/03/2010
FLR-10826,LAMP,5,0.3270083,1,N-042,2586.5949,,4,0,,,,
FLR-10827,LAMP,12,0.8949823,1,N-036,27027.6726,,17,0,,,,
FLR-10828,RIDGE,5,1.2848583,6052,,,1+1+3,,,R1,S,9,29-04-2014
FLR-10829,RIDGE,5,1.5489164,0,,,1+1+3,,,R1,J,4,12/05/2016
FLR-10830,RIDGE,7,0.1874,5703,,,7i,,,R1,F,3,18/02/2005
FLR-10831,RIDGE,7,1.5214,5727,,,7D2,,,R1,F,3,12/02/2010
FLR-10832,RIDGE,5,1.07965,9999,,,5R3,,,R2,ZZZ,13,12-04-2016
FLR-10833,LAMP,5,1.393256,2,N-045,5048.1461,,2,0,,,,
FLR-10834,RIDGE,5,1.3492,0,,,1+1+3,,,R1,F,3,23/01/2005
FLR-10835,RIDGE,5,0.34,0,,,5R1,,,R1,N,6,02/04/2010
FLR-10836,LAMP,5,0.7196309,4,N-011,1168.4981,,2,0,,,,
FLR-10837,RIDGE,5,0.358,0,,,5R1,,,R1,V,12,03/02/2010
FLR-10838,LAMP,5,1.3295071,3,N-003,16156.9205,,2,0,,,,
FLR-10839,LAMP,5,0.9364153,2,N-003,16172.6665,,2,0,,,,
FLR-10840,RIDGE,4,1.1598084,5720,,,4R2,,,R1,A,1,16-04-2014
FLR-10841,RIDGE,5,0.3121417,5560,,,5R1,,,R1,F,3,31/03/2015
FLR-10842,LAMP,5,0.9943674,2,N-017,29098.8851,,2,0,,,,
FLR-10843,RIDGE,5,0.5659,5987,,,5R2,,,R1,J,4,06/02/2010
FLR-10844,LAMP,5,1.3118809,2,N-014,1054.7855,,2,0,,,,
FLR-10845,RIDGE,5,1.2036509,0,,,1+1+3,,,R1,U,11,19-03-2015
FLR-10846,RIDGE,5,1.3560833,0,,,1+1+3,,,R1,J,4,10-04-2015
FLR-10847,RIDGE,5,0.351,0,,,5R1,,,R1,V,12,03/02/2010
FLR-10848,RIDGE,5,0.7361,5978,,,1+1+3,,,R1,J,4,30/03/2010
FLR-10849,RIDGE,5,0.371,0,,,5R1,,,R1,V,12,03/02/2010
FLR-10850,RIDGE,7,0.55,0,,,7i,,,R1,V,12,03/02/2010
FLR-10851,RIDGE,5,0.9578333,0,,,1+1+3,,,R1,A,1,02/03/2015
FLR-10852,RIDGE,5,1.1761665,0,,,1+1+3,,,R1,U,11,26/03/2015
FLR-10853,RIDGE,5,0.3363752,5719,,,5R1,,,R1,A,1,16-04-2014
FLR-10854,LAMP,5,0.8131458,2,N-002,14503.2945,,2,0,,,,
FLR-10855,LAMP,5,1.1056463,3,N-003,16013.8314,,2,0,,,,
FLR-10856,LAMP,5,0.3394666,1,N-002,11175.911,,4,0,,,,
FLR-10857,RIDGE,5,1.3579917,0,,,1+1+3,,,R1,F,3,31/03/2015
FLR-10858,LAMP,5,1.2548529,4,N-020,10976.4529,,2,0,,,,
FLR-10859,RIDGE,5,1.5920616,0,,,1+1+3,,,R1,J,4,12/05/2016
FLR-10860,RIDGE,5,1.20433,0,,,1+1+3,,,R1,U,11,26/03/2015
FLR-10861,RIDGE,5,0.8565,0,,,1+1+3,,,R1,F,3,11/02/2009
FLR-10862,RIDGE,5,0.835823,0,,,1+1+3,,,R1,F,3,19/03/2015
FLR-10863,LAMP,4,1.2412997,2,N-003,17929.0024,,0,0,,,,
FLR-10864,LAMP,5,0.329725,2,N-026,5898.7465,,2,0,,,,
FLR-10865,RIDGE,5,1.3284208,0,,,1+1+3,,,R1,A,1,02-03-2015
FLR-10866,RIDGE,5,0.8596869,0,,,1+1+3,,,R1,F,3,19/03/2015
FLR-10867,RIDGE,7,0.336,0,,,7i,,,R1,V,12,03/02/2010
FLR-10868,RIDGE,4,0.678,0,,,4-SMUDGE,,,R1,D,2,27/03/2008
FLR-10869,RIDGE,5,0.3466,5560,,,5R1,,,R1,F,3,24/02/2008
FLR-10870,RIDGE,5,0.8390417,5586,,,1+1+3,,,R1,A,1,02/03/2015
FLR-10871,RIDGE,5,0.3387,5562,,,5R1,,,R1,U,11,11/02/2010
FLR-10872,LAMP,5,1.0656083,1,N-003,15562.6353,,2,0,,,,
FLR-10873,RIDGE,5,1.0364,0,,,5R3,,,R2,P,7,24/04/2008
FLR-10874,LAMP,5,1.1458286,2,N-017,29129.432,,2,0,,,,
FLR-10875,LAMP,5,1.194074,2,N-011,2181.7148,,2,0,,,,
FLR-10876,RIDGE,5,0.8216,5727,,,1+1+3,,,R1,F,3,04/03/2010
FLR-10877,RIDGE,5,1.277797,5560,,,5-SMUDGE,,,R1,F,3,31/03/2015
FLR-10878,RIDGE,6,0.451,0,,,6i,,,R1,D,2,06/02/2010
FLR-10879,LAMP,5,1.2991166,1,N-006,8814.3178,,2,0,,,,
FLR-10880,RIDGE,5,1.2610333,0,,,1+1+3,,,R1,U,11,31-03-2015
FLR-10881,RIDGE,5,0.354,0,,,5R1,,,R1,N,6,02/04/2010
FLR-10882,RIDGE,5,1.219326,0,,,1+1+3,,,R1,U,11,26/03/2015
FLR-10883,RIDGE,5,0.317,0,,,5R1,,,R1,T,10,12/03/2010
FLR-10884,RIDGE,4,0.8020351,0,,,4R2,,,R2,ZZZ,13,12-04-2016
FLR-10885,LAMP,5,0.7577553,2,N-005,3190.8804,,2,0,,,,
FLR-10886,LAMP,4,0.7468285,4,N-002,14526.7507,,0,0,,,,
FLR-10887,RIDGE,5,1.1098,0,,,5R3,,,R2,P,7,05/03/2011
FLR-10888,RIDGE,5,0.315,0,,,5R1,,,R1,D,2,18/03/2010
FLR-10889,LAMP,5,0.7895784,1,N-008,12473.8365,,2,1,,,,
FLR-10890,RIDGE,5,0.7989152,0,,,1+1+3,,,R1,A,1,02/03/2015
FLR-10891,LAMP,5,1.3423084,2,N-020,10940.2535,,2,0,,,,
FLR-10892,RIDGE,5,1.1,0,,,1+1+3,,,R1,V,12,03/02/2010
FLR-10893,RIDGE,8,0.1646,5703,,,8i,,,R1,F,3,18/02/2005
FLR-10894,LAMP,8,0.3738416,1,N-006,9471.377,,13,0,,,,
FLR-10895,RIDGE,5,0.236,0,,,5R1,,,R1,D,2,21/03/2008
FLR-10896,LAMP,6,0.9817834,2,N-003,16913.0432,,16,0,,,,
FLR-10897,LAMP,5,1.2374201,3,N-003,17929.0396,,2,0,,,,
FLR-10898,LAMP,9,0.70375,1,N-005,3211.7725,,11,0,,,,
FLR-10899,RIDGE,6,0.455,0,,,6i,,,R1,D,2,01/04/2010
FLR-10900,RIDGE,5,0.347,0,,,5R1,,,R1,N,6,02/04/2010
FLR-10901,RIDGE,8,0.284,0,,,8i,,,R1,T,10,04/02/2010
FLR-10902,LAMP,5,0.869675,1,N-005,3273.7712,,2,0,,,,
FLR-10903,RIDGE,7,1.3608,5722,,,7D1,,,R1,F,3,12/02/2010
FLR-10904,LAMP,5,1.3473272,3,N-022,27716.3891,,2,0,,,,
FLR-10905,RIDGE,5,0.634,0,,,2+3,,,R1,S,9,29-04-2014
FLR-10906,RIDGE,5,1.0847,0,,,5R3,,,R2,K,5,03/06/2012
FLR-10907,RIDGE,5,1.2005,5560,,,1+1+3,,,R1,F,3,03/02/2005
FLR-10908,RIDGE,7,0.251,0,,,7i,,,R1,A,1,26/03/2010
FLR-10909,LAMP,5,0.7237724,2,N-044,27712.5538,,2,0,,,,
FLR-10910,LAMP,5,0.31575,2,N-030,10255.4562,,2,0,,,,
FLR-10911,LAMP,5,1.2613812,2,N-003,16018.0509,,2,0,,,,
FLR-10912,RIDGE,5,0.4938061,0,,,5R2,,,R1,F,3,31/03/2015
FLR-10913,LAMP,5,0.824425,1,N-012,9421.4876,,2,0,,,,
FLR-10914,RIDGE,5,1.2493033,0,,,1+1+3,,,R1,F,3,31/03/2015
FLR-10915,LAMP,5,0.941431,2,N-041,2891.6372,,2,0,,,,
FLR-10916,RIDGE,5,0.8101,6035,,,1+1+3,,,R1,U,11,11/02/2010
FLR-10917,LAMP,5,1.3025333,4,N-011,1125.2438,,2,0,,,,
FLR-10918,RIDGE,5,1.2119495,0,,,5R3,,,R2,ZZZ,13,12-04-2016
FLR-10919,LAMP,4,0.8904166,1,N-034,10047.2559,,0,0,,,,
FLR-10920,RIDGE,5,1.1488058,0,,,1+1+3,,,R1,U,11,26/03/2015
FLR-10921,RIDGE,5,0.817,0,,,1+1+3,,,R1,D,2,01/04/2010
FLR-10922,RIDGE,10,0.387,0,,,10i,,,R1,T,10,17/04/2010
FLR-10923,LAMP,12,0.86155,1,N-011,1928.679947,,17,0,,,,
FLR-10924,LAMP,5,0.765075,1,N-032,10105.3366,,2,0,,,,
FLR-10925,RIDGE,5,0.8612744,0,,,5-SMUDGE,,,R1,A,1,02/03/2015
FLR-10926,RIDGE,5,1.3330289,0,,,1+1+3,,,R1,U,11,26/03/2015
FLR-10927,RIDGE,7,0.331,0,,,7i,,,R1,T,10,12/03/2010
FLR-10928,LAMP,5,0.3300083,1,N-027,13076.3686,,4,0,,,,
FLR-10929,RIDGE,5,1.134,0,,,1+1+3,,,R1,V,12,03/02/2010
FLR-10930,RIDGE,5,1.2178739,0,,,1+1+3,,,R1,U,11,26/03/2015
FLR-10931,RIDGE,4,0.3352458,0,,,4R1,,,R1,U,11,31-03-2015
FLR-10932,LAMP,5,0.870025,2,N-003,17655.2211,,2,0,,,,
FLR-10933,RIDGE,5,1.0713,0,,,5R3,,,R2,K,5,03/06/2012
FLR-10934,RIDGE,6,0.424,0,,,6i,,,R1,R,8,19/04/2008
FLR-10935,RIDGE,5,0.998323,0,,,1+1+3,,,R1,S,9,01-04-2015
FLR-10936,RIDGE,5,1.0601,0,,,5R3,,,R2,K,5,03/06/2012
FLR-10937,LAMP,5,1.2709667,1,N-011,2176.419,,2,0,,,,
FLR-10938,RIDGE,9,0.37,0,,,9i,,,R1,V,12,06/02/2010
FLR-10939,RIDGE,7,1.1908,5722,,,7D1,,,R1,F,3,12/02/2010
FLR-10940,RIDGE,4,0.393,0,,,1+32,,,R1,N,6,23/03/2009
FLR-10941,RIDGE,9,0.3473599,0,,,9i,,,R1,J,4,10-04-2015
FLR-10942,RIDGE,5,1.0503,0,,,5R3,,,R2,K,5,03/06/2012
FLR-10943,LAMP,20,1.0982916,2,N-009,857.7976,,17,0,,,,
FLR-10944,RIDGE,5,0.4618,5151,,,5R2,,,R1,U,11,26/03/2015
FLR-10945,RIDGE,5,1.2098083,5151,,,1+1+3,,,R1,U,11,26/03/2015
FLR-10946,RIDGE,5,0.9001793,0,,,1+1+3,,,R1,A,1,02/03/2015
FLR-10947,RIDGE,5,0.332,0,,,5R1,,,R1,T,10,10/03/2010
FLR-10948,RIDGE,5,1.3509,0,,,5-SMUDGE,,,R2,P,7,25/04/2008
FLR-10949,LAMP,5,1.17455,1,N-014,1110.6024,,2,0,,,,
FLR-10950,RIDGE,8,1.2978,0,,,8R,,,R1,F,3,04/03/2010
FLR-10951,RIDGE,5,0.7388,5979,,,1+1+3,,,R1,J,4,10-04-2015
FLR-10952,RIDGE,5,0.311,0,,,5R1,,,R1,T,10,15/01/2005
FLR-10953,LAMP,5,1.358,3,N-020,11053.853,,2,0,,,,
FLR-10954,RIDGE,5,1.2271333,5560,,,1+1+3,,,R1,F,3,31/03/2015
FLR-10955,RIDGE,5,0.628,0,,,5-SMUDGE,,,R1,R,8,19/04/2008
FLR-10956,RIDGE,7,1.2436,5722,,,7D1,,,R1,F,3,12/02/2010
FLR-10957,LAMP,5,0.8158686,1,N-036,27060.3118,,2,0,,,,
FLR-10958,LAMP,5,1.1933053,2,N-002,14836.5935,,4,1,,,,
FLR-10959,RIDGE,3,0.3092805,0,,,3D,,,R1,A,1,02-03-2015
FLR-10960,LAMP,5,0.7545906,2,N-045,6028.0186,,2,0,,,,
FLR-10961,RIDGE,5,1.279525,0,,,1+1+3,,,R1,A,1,02/03/2015
FLR-10962,RIDGE,5,1.266275,5151,,,1+1+3,,,R1,U,11,26/03/2015
FLR-10963,LAMP,4,0.7167533,2,N-032,10060.3033,,0,0,,,,
FLR-10964,LAMP,5,1.0969452,2,N-001,7286.164,,2,0,,,,
FLR-10965,RIDGE,7,0.2616,5703,,,7i,,,R1,F,3,23/01/2005
FLR-10966,RIDGE,5,1.254775,0,,,1+1+3,,,R1,F,3,31/03/2015
FLR-10967,RIDGE,5,1.154405,5151,,,1+1+3,,,R1,U,11,31-03-2015
FLR-10968,RIDGE,5,1.3018197,0,,,1+1+3,,,R1,U,11,26/03/2015
FLR-10969,LAMP,5,1.0442583,1,N-014,702.6617,,2,0,,,,
FLR-10970,RIDGE,5,0.645,0,,,1+1+3,,,R1,T,10,14/04/2010
FLR-10971,RIDGE,5,0.320125,5586,,,5R1,,,R1,A,1,02-03-2015
FLR-10972,LAMP,5,0.3191416,1,N-044,27721.3522,,4,0,,,,
FLR-10973,RIDGE,5,0.8058744,0,,,1+1+3,,,R1,U,11,26/03/2015
FLR-10974,LAMP,5,1.2307185,2,N-005,909.6399,,2,0,,,,
FLR-10975,LAMP,3,0.2986611,2,N-003,22200.9276,,5,0,,,,
FLR-10976,RIDGE,5,1.087,0,,,5R3,,,R2,P,7,25/04/2008
FLR-10977,LAMP,7,0.4509991,3,N-003,15583.6505,,8,0,,,,
FLR-10978,RIDGE,5,0.494266,0,,,5R2,,,R1,F,3,31/03/2015
FLR-10979,RIDGE,5,0.5204223,0,,,5R2,,,R1,S,9,29-04-2014
FLR-10980,RIDGE,5,1.1307,0,,,1+1+3,,,R1,J,4,06/02/2010
FLR-10981,RIDGE,5,0.5541,5151,,,5R2,,,R1,U,11,11/02/2010
FLR-10982,RIDGE,5,0.314,0,,,5R1,,,R1,T,10,15/04/2010
FLR-10983,RIDGE,5,0.3256,6035,,,5R1,,,R1,U,11,18/02/2009
FLR-10984,LAMP,5,0.305075,1,N-031,136.19,,4,0,,,,
FLR-10985,LAMP,5,1.2799323,2,N-018,33025.9086,,2,0,,,,
FLR-10986,LAMP,5,0.4801037,2,N-005,3239.5497,,4,0,,,,
FLR-10987,LAMP,5,0.3285583,1,N-044,27717.0328,,2,0,,,,
FLR-10988,LAMP,6,1.8232,1,N-041,2984.8032,,10,1,,,,
FLR-10989,LAMP,5,0.3291,2,N-029,601.9663,,4,0,,,,
FLR-10990,LAMP,5,1.2650783,4,N-005,3308.7584,,2,0,,,,
FLR-10991,LAMP,5,1.1310184,2,N-046,8962.7963,,2,0,,,,
FLR-10992,RIDGE,4,1.1449065,0,,,4R2,,,R1,A,1,02/03/2015
FLR-10993,RIDGE,5,1.1809584,5151,,,1+1+3,,,R1,U,11,26/03/2015
FLR-10994,RIDGE,5,0.332,0,,,5R1,,,R1,R,8,19/04/2008
FLR-10995,RIDGE,5,0.3361,5560,,,5R1,,,R1,F,3,23/01/2005
FLR-10996,RIDGE,5,0.772,0,,,5-SMUDGE,,,R1,J,4,04/05/2008
FLR-10997,LAMP,5,1.2267787,2,N-003,16749.7746,,2,0,,,,
FLR-10998,RIDGE,5,1.305018,0,,,1+1+3,,,R1,U,11,26/03/2015
FLR-10999,RIDGE,4,0.8265359,0,,,4R2,,,R1,A,1,02/03/2015
FLR-11000,LAMP,4,0.927527,2,N-003,17201.5473,,0,0,,,,
FLR-11001,RIDGE,6,0.5059,5151,,,6-SMUDGE,,,R1,U,11,16/02/2009
FLR-11002,LAMP,5,1.1303888,3,N-012,9509.4311,,2,0,,,,
FLR-11003,LAMP,4,1.2373819,3,N-002,14571.9758,,0,0,,,,
FLR-11004,RIDGE,4,0.259,0,,,4R1,,,R1,V,12,26/01/2010
FLR-11005,RIDGE,4,0.524,0,,,4D,,,R1,F,3,02/02/2010
FLR-11006,RIDGE,5,0.767,0,,,1+1+3,,,R1,T,10,12/03/2010
FLR-11007,RIDGE,5,1.1420083,5586,,,1+1+3,,,R1,A,1,02/03/2015
FLR-11008,RIDGE,9,0.2956,0,,,9i,,,R2,P,7,25/04/2008
FLR-11009,RIDGE,4,0.6328417,5979,,,4-SMUDGE,,,R1,J,4,24-04-2014
FLR-11010,LAMP,5,0.9423083,1,N-019,3323.9917,,2,0,,,,
FLR-11011,RIDGE,5,0.7699,5978,,,1+1+3,,,R1,J,4,30/03/2010
FLR-11012,RIDGE,4,0.5191,5722,,,4D,,,R1,F,3,09/03/2005
FLR-11013,RIDGE,5,0.5299796,0,,,5R2,,,R1,U,11,19-03-2015
FLR-11014,LAMP,2,0.1070334,1,N-008,12483.6447,,17,0,,,,
FLR-11015,LAMP,5,0.307825,1,N-044,27699.2664,,2,0,,,,
FLR-11016,RIDGE,4,0.8904166,5720,,,4R2,,,R1,A,1,16-04-2014
FLR-11017,RIDGE,5,1.3490416,5151,,,1+1+3,,,R1,U,11,26/03/2015
FLR-11018,RIDGE,5,0.98795,5586,,,1+1+3,,,R1,A,1,02/03/2015
FLR-11019,RIDGE,5,0.3178201,0,,,5R1,,,R1,S,9,07-04-2015
FLR-11020,RIDGE,5,0.328,0,,,5R1,,,R1,V,12,22/01/2010
FLR-11021,RIDGE,7,0.3013,5560,,,7i,,,R1,F,3,17/02/2005
FLR-11022,RIDGE,5,1.1615922,0,,,1+1+3,,,R1,S,9,29-04-2014
FLR-11023,RIDGE,5,0.3337,5562,,,5R1,,,R1,U,11,13/02/2008
FLR-11024,RIDGE,7,1.4148167,5151,,,7D2,,,R1,U,11,26/03/2015
FLR-11025,RIDGE,5,1.112,0,,,1+1+3,,,R1,R,8,19/04/2008
FLR-11026,LAMP,5,1.1027,2,N-014,632.8122,,2,0,,,,
FLR-11027,RIDGE,5,0.2929,0,,,5-SMUDGE,,,R2,K,5,03/06/2012
FLR-11028,LAMP,5,0.3237319,1,N-025,15166.9141,,4,0,,,,
FLR-11029,RIDGE,4,0.9275084,5720,,,4R2,,,R1,A,1,16-04-2014
FLR-11030,LAMP,5,1.0681856,4,N-011,1220.0081,,2,0,,,,
FLR-11031,LAMP,5,1.2988607,2,N-013,21868.7336,,2,0,,,,
FLR-11032,LAMP,5,1.38525,2,N-033,18354.9873,,2,0,,,,
FLR-11033,LAMP,5,1.3204667,3,N-015,12481.2319,,2,0,,,,
FLR-11034,RIDGE,5,0.508275,5151,,,5R2,,,R1,U,11,31-03-2015
FLR-11035,RIDGE,4,1.067,0,,,4R2,,,R1,A,1,26/03/2010
FLR-11036,RIDGE,5,0.9272865,0,,,1+1+3,,,R1,U,11,19-03-2015
FLR-11037,RIDGE,10,1.969454,0,,,10-SMUDGE,,,R1,A,1,02-03-2015
FLR-11038,LAMP,8,0.3168923,3,N-040,232.9847,,13,0,,,,
FLR-11039,LAMP,5,1.3124771,2,N-017,29343.6191,,2,0,,,,
FLR-11040,LAMP,5,0.361344,3,N-003,18902.5151,,2,0,,,,
FLR-11041,RIDGE,5,1.075,0,,,1+1+3,,,R1,R,8,19/04/2008
FLR-11042,RIDGE,2,0.1070334,5133,,,2-SMUDGE,,,R1,N,6,19/03/2015
FLR-11043,RIDGE,5,1.26988,5151,,,1+1+3,,,R1,U,11,19-03-2015
FLR-11044,LAMP,5,1.3939028,4,N-019,3724.9979,,2,0,,,,
FLR-11045,RIDGE,5,1.0108,0,,,1+1+3,,,R1,J,4,06/02/2010
FLR-11046,RIDGE,4,1.22265,0,,,4R2,,,R1,A,1,02/03/2015
FLR-11047,RIDGE,5,0.7668961,0,,,1+1+3,,,R1,U,11,26/03/2015
FLR-11048,LAMP,5,0.3347982,2,N-027,13134.7368,,4,0,,,,
FLR-11049,RIDGE,5,1.3669084,0,,,1+1+3,,,R1,J,4,10-04-2015
FLR-11050,RIDGE,10,0.2813,5703,,,10i,,,R1,F,3,23/01/2005
FLR-11051,RIDGE,6,0.7524,5722,,,6-SMUDGE,,,R1,F,3,04/03/2010
FLR-11052,RIDGE,5,0.375,0,,,5R1,,,R1,D,2,01/04/2010
FLR-11053,LAMP,5,1.3401334,2,N-022,27889.165,,2,0,,,,
FLR-11054,LAMP,5,1.3184673,4,N-017,29238.6202,,2,0,,,,
FLR-11055,LAMP,5,0.8003667,2,N-003,16001.7455,,2,0,,,,
FLR-11056,RIDGE,5,0.753,0,,,1+1+3,,,R1,D,2,06/02/2010
FLR-11057,LAMP,5,1.2781761,2,N-014,5156.5811,,2,0,,,,
FLR-11058,RIDGE,6,1.2482609,0,,,6-SMUDGE,,,R1,U,11,31-03-2015
FLR-11059,LAMP,5,0.4593198,2,N-018,33698.7385,,4,0,,,,
FLR-11060,RIDGE,5,1.1897917,5151,,,1+1+3,,,R1,U,11,19-03-2015
FLR-11061,RIDGE,5,1.063,0,,,1+1+3,,,R1,R,8,19/04/2008
FLR-11062,RIDGE,9,1.4022983,0,,,9R,,,R1,J,4,10-04-2015
FLR-11063,RIDGE,5,0.749,0,,,1+1+3,,,R1,T,10,15/04/2010
FLR-11064,RIDGE,5,0.7832083,5979,,,1+1+3,,,R1,J,4,10-04-2015
FLR-11065,RIDGE,5,0.352,0,,,5R1,,,R1,N,6,02/04/2010
FLR-11066,RIDGE,5,0.3051,5727,,,5R1,,,R1,F,3,12/02/2010
FLR-11067,LAMP,5,0.6404553,2,N-012,10057.7286,,15,0,,,,
FLR-11068,RIDGE,5,1.4954,0,,,5R3,,,R2,K,5,02/06/2012
FLR-11069,RIDGE,5,0.8153,5978,,,1+1+3,,,R1,J,4,03/05/2008
FLR-11070,LAMP,5,1.0250167,1,N-011,1998.2662,,2,0,,,,
FLR-11071,LAMP,5,1.0940417,2,N-019,3298.0123,,2,0,,,,
FLR-11072,RIDGE,5,1.2202084,0,,,1+1+3,,,R1,J,4,12/05/2016
FLR-11073,RIDGE,5,1.1774584,0,,,1+1+3,,,R1,A,1,02/03/2015
FLR-11074,LAMP,5,1.2454898,2,N-028,27435.4057,,2,0,,,,
FLR-11075,LAMP,5,1.1502916,1,N-041,2913.0984,,2,0,,,,
FLR-11076,RIDGE,5,1.0668667,5586,,,1+1+3,,,R1,A,1,02-03-2015
FLR-11077,RIDGE,5,1.4580583,0,,,1+1+3,,,R1,U,11,19-03-2015
FLR-11078,RIDGE,5,1.3819,0,,,5R3,,,R2,P,7,05/03/2011
FLR-11079,RIDGE,5,1.0874,0,,,5R3,,,R2,K,5,03/06/2012
FLR-11080,LAMP,5,1.3093355,3,N-019,3669.3545,,2,0,,,,
FLR-11081,RIDGE,7,1.4364316,0,,,7D2,,,R1,J,4,10-04-2015
FLR-11082,RIDGE,5,0.34,0,,,5R1,,,R1,N,6,02/04/2010
FLR-11083,LAMP,5,1.2701341,2,N-041,2927.5385,,2,0,,,,
FLR-11084,LAMP,5,1.1315699,3,N-011,1184.6949,,2,0,,,,
FLR-11085,LAMP,5,1.308325,1,N-014,1193.7532,,2,0,,,,
FLR-11086,RIDGE,5,1.3727,0,,,5R3,,,R2,K,5,03/06/2012
FLR-11087,RIDGE,5,0.3241742,0,,,5R1,,,R1,J,4,13-05-2016
FLR-11088,RIDGE,5,1.3330184,0,,,1+1+3,,,R1,S,9,29-04-2014
FLR-11089,RIDGE,8,0.4853,0,,,8i,,,R1,J,4,04/05/2008
FLR-11090,RIDGE,8,1.1472,0,,,8R,,,R1,J,4,04/05/2008
FLR-11091,LAMP,5,1.4399001,2,N-005,744.1462,,2,0,,,,
FLR-11092,RIDGE,5,0.3242,6035,,,5R1,,,R1,U,11,11/02/2010
FLR-11093,RIDGE,5,0.322,0,,,5R1,,,R1,T,10,15/04/2010
FLR-11094,LAMP,5,1.3483417,2,N-003,16798.6738,,2,0,,,,
FLR-11095,RIDGE,5,0.3305666,5726,,,5R1,,,R1,S,9,01-04-2015
FLR-11096,RIDGE,4,1.0632274,0,,,4R2,,,R1,A,1,02/03/2015
FLR-11097,RIDGE,9,1.709325,5586,,,9-SMUDGE,,,R1,A,1,02-03-2015
FLR-11098,RIDGE,10,0.415,0,,,10i,,,R1,T,10,12/03/2010
FLR-11099,RIDGE,4,0.5457,5722,,,4D,,,R1,F,3,18/02/2009
FLR-11100,RIDGE,5,0.659,5561,,,5-SMUDGE,,,R1,F,3,17/02/2005
FLR-11101,RIDGE,4,0.8819159,0,,,4R2,,,R1,A,1,02/03/2015
FLR-11102,RIDGE,5,1.4129667,0,,,1+1+3,,,R1,F,3,31/03/2015
FLR-11103,RIDGE,10,1.749,0,,,10R,,,R2,K,5,03/06/2012
FLR-11104,LAMP,4,0.236217,3,N-003,15826.3292,,0,0,,,,
FLR-11105,LAMP,5,1.153951,3,N-011,1187.8973,,2,0,,,,
FLR-11106,RIDGE,5,1.2021,0,,,5-SMUDGE,,,R2,P,7,05/03/2011
FLR-11107,LAMP,5,1.2837666,2,N-011,119.039,,2,0,,,,
FLR-11108,RIDGE,5,1.0005395,0,,,1+1+3,,,R1,A,1,02/03/2015
FLR-11109,LAMP,5,1.2171687,3,N-003,16004.8041,,2,0,,,,
FLR-11110,RIDGE,9,0.399,0,,,9i,,,R1,T,10,12/03/2010
FLR-11111,RIDGE,6,0.455,0,,,6i,,,R1,V,12,26/01/2010
FLR-11112,RIDGE,5,0.3029835,0,,,5R1,,,R1,J,4,13-05-2016
FLR-11113,RIDGE,4,1.196175,5719,,,4R2,,,R1,A,1,16-04-2014
FLR-11114,LAMP,5,0.835823,2,N-009,927.0641,,2,0,,,,
FLR-11115,RIDGE,8,0.34885,0,,,8i,,,R1,J,4,10-04-2015
FLR-11116,LAMP,5,0.8353971,3,N-003,17289.2085,,2,0,,,,
FLR-11117,RIDGE,5,0.5409,5560,,,5R2,,,R1,F,3,01/02/2005
FLR-11118,RIDGE,4,0.7539546,0,,,1+31,,,R1,A,1,02/03/2015
FLR-11119,RIDGE,7,1.1875,0,,,7D1,,,R1,F,3,04/03/2010
FLR-11120,RIDGE,5,0.3158944,0,,,5R1,,,R1,A,1,24-04-2016
FLR-11121,RIDGE,7,1.4049584,0,,,7D2,,,R1,U,11,19-03-2015
FLR-11122,LAMP,5,0.2972219,2,N-046,9504.1735,,4,0,,,,
FLR-11123,RIDGE,4,0.39,0,,,1+32,,,R1,N,6,21/03/2010
FLR-11124,RIDGE,5,0.664,0,,,2+3,,,R1,V,12,26/01/2010
FLR-11125,RIDGE,9,1.8645,0,,,9R,,,R2,K,5,02/06/2012
FLR-11126,RIDGE,5,1.39,0,,,1+1+3,,,R1,V,12,26/01/2010
FLR-11127,RIDGE,5,0.333,0,,,5R1,,,R1,V,12,03/02/2010
FLR-11128,RIDGE,4,1.076,5720,,,4R2,,,R1,A,1,05/02/2009
FLR-11129,RIDGE,5,1.2465667,5151,,,1+1+3,,,R1,U,11,26/03/2015
FLR-11130,RIDGE,5,1.0597,5981,,,1+1+3,,,R1,J,4,31/01/2009
FLR-11131,RIDGE,5,0.9643,0,,,5R3,,,R2,K,5,03/06/2012
FLR-11132,RIDGE,9,1.079,0,,,9R,,,R1,A,1,25/03/2008
FLR-11133,LAMP,5,0.68315,1,N-031,145.9218,,2,0,,,,
FLR-11134,RIDGE,5,0.742475,5981,,,1+1+3,,,R1,J,4,10-04-2015
FLR-11135,RIDGE,9,0.356,0,,,9i,,,R1,T,10,12/03/2010
FLR-11136,RIDGE,5,0.3097584,5759,,,5R1,,,R1,S,9,01-04-2015
FLR-11137,RIDGE,7,1.3198,5722,,,7D1,,,R1,F,3,12/02/2010
FLR-11138,LAMP,5,0.8468334,1,N-001,156.199,,2,0,,,,
FLR-11139,LAMP,5,1.2669667,2,N-023,31597.2505,,2,0,,,,
FLR-11140,LAMP,5,0.3125814,3,N-034,10090.2196,,4,0,,,,
FLR-11141,RIDGE,5,1.03,0,,,5R3,,,R2,K,5,03/06/2012
FLR-11142,RIDGE,5,0.328859,0,,,5R1,,,R1,U,11,26/03/2015
FLR-11143,RIDGE,5,1.113,0,,,1+1+3,,,R1,R,8,19/04/2008
FLR-11144,RIDGE,4,0.5353,5130,,,4D,,,R1,F,3,07/02/2005
FLR-11145,RIDGE,5,0.5004,0,,,5R2,,,R1,F,3,04/03/2010
FLR-11146,RIDGE,5,0.331,0,,,5R1,,,R1,T,10,17/04/2010
FLR-11147,RIDGE,5,0.5102,5560,,,5R2,,,R1,F,3,03/02/2005
FLR-11148,LAMP,7,1.2215542,4,N-005,3288.623,,7,0,,,,
FLR-11149,RIDGE,5,0.31685,5726,,,5R1,,,R1,S,9,01-04-2015
FLR-11150,RIDGE,5,0.844,0,,,1+1+3,,,R1,D,2,06/02/2010
FLR-11151,RIDGE,4,0.5081,5722,,,4D,,,R1,F,3,04/03/2010
FLR-11152,RIDGE,5,1.119,0,,,5R3,,,R2,P,7,24/04/2008
FLR-11153,RIDGE,5,0.7239,0,,,1+1+3,,,R2,P,7,25/04/2008
FLR-11154,RIDGE,6,0.4956,0,,,6i,,,R1,J,4,04/05/2008
FLR-11155,LAMP,5,1.2495912,3,N-019,3743.8454,,2,0,,,,
FLR-11156,LAMP,5,0.2778718,2,N-034,10039.364,,4,0,,,,
FLR-11157,LAMP,10,1.5481316,2,N-045,5257.468,,17,0,,,,
FLR-11158,RIDGE,5,1.3334,0,,,5R3,,,R2,P,7,25/04/2008
FLR-11159,RIDGE,6,1.5032083,5151,,,6-SMUDGE,,,R1,U,11,26/03/2015
FLR-11160,LAMP,5,1.233825,1,N-014,1063.4705,,2,0,,,,
FLR-11161,RIDGE,5,0.6309,5561,,,5-SMUDGE,,,R1,F,3,23/01/2005
FLR-11162,LAMP,5,0.4203084,1,N-003,15466.8351,,4,0,,,,
FLR-11163,RIDGE,5,1.3996,0,,,1+1+3,,,R1,F,3,31/03/2015
FLR-11164,LAMP,5,0.3345,1,N-038,4435.5765,,2,0,,,,
FLR-11165,RIDGE,4,1.0911703,0,,,4R2,,,R1,A,1,02-03-2015
FLR-11166,LAMP,5,1.3072916,3,N-015,12477.2314,,2,0,,,,
FLR-11167,LAMP,5,1.1221418,2,N-009,703.5917,,2,0,,,,
FLR-11168,LAMP,5,1.325425,1,N-011,807.4062,,2,0,,,,
FLR-11169,RIDGE,5,1.5949283,0,,,1+1+3,,,R1,J,4,12/05/2016
FLR-11170,RIDGE,5,0.8056583,5979,,,1+1+3,,,R1,J,4,10-04-2015
FLR-11171,RIDGE,5,1.1914107,0,,,1+1+3,,,R1,S,9,01-04-2015
FLR-11172,RIDGE,9,0.351,0,,,9i,,,R1,V,12,22/01/2010
FLR-11173,RIDGE,5,0.846,0,,,1+1+3,,,R1,V,12,26/01/2010
FLR-11174,RIDGE,5,1.2701917,5560,,,1+1+3,,,R1,F,3,31/03/2015
FLR-11175,RIDGE,5,0.774,0,,,1+1+3,,,R1,R,8,19/04/2008
FLR-11176,RIDGE,4,0.5157,5722,,,4D,,,R1,F,3,04/03/2010
FLR-11177,RIDGE,5,0.3511,0,,,5R1,,,R1,F,3,23/01/2005
FLR-11178,LAMP,5,0.2979794,2,N-034,10023.2494,,4,0,,,,
FLR-11179,RIDGE,7,0.347,0,,,7i,,,R1,T,10,15/04/2010
FLR-11180,RIDGE,5,1.0512,0,,,5R3,,,R2,K,5,02/06/2012
FLR-11181,RIDGE,5,0.778,0,,,1+1+3,,,R1,N,6,02/04/2010
FLR-11182,LAMP,8,0.3662416,1,N-013,22550.7217,,13,0,,,,
FLR-11183,RIDGE,5,1.2695587,5560,,,1+1+3,,,R1,F,3,31/03/2015
FLR-11184,LAMP,5,1.2202333,1,N-003,16966.3857,,2,0,,,,
FLR-11185,LAMP,7,1.1552525,2,N-044,27097.5039,,7,0,,,,
FLR-11186,LAMP,5,0.8996847,2,N-028,27427.5305,,2,0,,,,
FLR-11187,RIDGE,8,1.26,0,,,8R,,,R1,N,6,02/04/2010
FLR-11188,RIDGE,4,0.5632,5722,,,4D,,,R1,F,3,11/02/2005
FLR-11189,RIDGE,4,0.4,0,,,1+32,,,R1,N,6,23/03/2009
FLR-11190,LAMP,4,0.7556727,2,N-001,598.0013,,0,0,,,,
FLR-11191,RIDGE,6,1.2209,0,,,6-SMUDGE,,,R1,F,3,04/03/2010
FLR-11192,LAMP,5,0.3275084,1,N-022,28448.8261,,4,0,,,,
FLR-11193,RIDGE,6,0.7968,6058,,,6-SMUDGE,,,R1,U,11,11/02/2010
FLR-11194,LAMP,5,0.3838083,1,N-025,15112.5753,,4,0,,,,
FLR-11195,RIDGE,5,1.336875,5560,,,1+1+3,,,R1,F,3,31/03/2015
FLR-11196,RIDGE,6,0.3415,0,,,6i,,,R2,K,5,03/06/2012
FLR-11197,LAMP,5,0.5205666,1,N-041,3576.2335,,4,0,,,,
FLR-11198,RIDGE,5,0.3349068,5759,,,5R1,,,R1,S,9,01-04-2015
FLR-11199,RIDGE,5,1.5078,0,,,1+1+3,,,R1,J,4,06/02/2010
FLR-11200,RIDGE,5,1.3388,0,,,5R3,,,R2,P,7,24/04/2008
FLR-11201,RIDGE,5,0.327,5126,,,5R1,,,R1,V,12,26/01/2010
FLR-11202,RIDGE,5,0.98,0,,,5-SMUDGE,,,R1,R,8,19/04/2008
FLR-11203,RIDGE,5,0.9242164,0,,,1+1+3,,,R1,U,11,26/03/2015
FLR-11204,RIDGE,5,0.868,0,,,1+1+3,,,R1,A,1,02-03-2015
FLR-11205,RIDGE,5,0.3280417,5987,,,5R1,,,R1,J,4,24-04-2014
FLR-11206,RIDGE,5,1.1636,5978,,,1+1+3,,,R1,J,4,31/01/2009
FLR-11207,RIDGE,5,1.3903,0,,,5R3,,,R2,P,7,25/04/2008
FLR-11208,LAMP,5,0.969575,1,N-036,27014.0604,,2,0,,,,
FLR-11209,LAMP,5,0.7833942,2,N-003,17504.0909,,4,0,,,,
FLR-11210,RIDGE,5,1.371,0,,,1+1+3,,,R1,D,2,20/03/2008
FLR-11211,LAMP,4,1.2965414,2,N-035,30644.9303,,0,0,,,,
FLR-11212,RIDGE,5,0.337,0,,,5R1,,,R1,N,6,23/03/2009
FLR-11213,RIDGE,5,0.3588,6058,,,5R1,,,R1,U,11,11/02/2010
FLR-11214,LAMP,5,0.8824339,3,N-003,15755.9323,,2,0,,,,
FLR-11215,LAMP,5,1.2366002,3,N-011,1162.241,,2,0,,,,
FLR-11216,RIDGE,5,1.0899,5727,,,1+1+3,,,R1,F,3,04/03/2010
FLR-11217,RIDGE,5,0.8981394,0,,,1+1+3,,,R1,A,1,02/03/2015
FLR-11218,RIDGE,5,0.339,0,,,5R1,,,R1,T,10,17/04/2010
FLR-11219,RIDGE,5,0.3086945,0,,,5R1,,,R1,J,4,12/05/2016
FLR-11220,RIDGE,5,1.2991917,5560,,,1+1+3,,,R1,F,3,31/03/2015
FLR-11221,LAMP,5,1.2124998,3,N-022,27906.5103,,2,0,,,,
FLR-11222,RIDGE,5,1.4558,0,,,5R3,,,R2,P,7,05/03/2011
FLR-11223,RIDGE,3,0.3061899,0,,,3D,,,R1,A,1,02-03-2015
FLR-11224,RIDGE,5,1.268425,5560,,,1+1+3,,,R1,F,3,31/03/2015
FLR-11225,LAMP,5,1.215575,1,N-012,10110.3425,,2,0,,,,
FLR-11226,RIDGE,7,1.5867991,0,,,7D2,,,R1,U,11,26/03/2015
FLR-11227,LAMP,5,0.8323133,9,N-001,7206.4988,,2,0,,,,
FLR-11228,LAMP,4,0.7550951,2,N-003,16987.3635,,0,0,,,,
FLR-11229,RIDGE,10,1.8615024,5586,,,10R,,,R1,A,1,02-03-2015
FLR-11230,LAMP,3,0.3475596,2,N-001,4336.0816,,5,0,,,,
FLR-11231,RIDGE,8,0.3542,5563,,,8i,,,R1,F,3,11/02/2010
FLR-11232,RIDGE,5,0.59,0,,,5-SMUDGE,,,R1,A,1,17/03/2010
FLR-11233,RIDGE,5,1.1441,0,,,5R3,,,R2,P,7,24/04/2008
FLR-11234,RIDGE,5,0.327,0,,,5R1,,,R1,T,10,21/01/2010
FLR-11235,RIDGE,6,0.6973,0,,,6-SMUDGE,,,R1,F,3,04/03/2010
FLR-11236,RIDGE,5,0.7768,0,,,1+1+3,,,R1,J,4,06/02/2010
FLR-11237,RIDGE,5,0.315,0,,,5R1,,,R1,V,12,26/01/2010
FLR-11238,LAMP,5,0.33048,3,N-040,199.6342,,4,0,,,,
FLR-11239,RIDGE,5,0.2629,0,,,5R1,,,R1,F,3,04/03/2010
FLR-11240,RIDGE,5,1.0243,0,,,5R3,,,R2,K,5,03/06/2012
FLR-11241,RIDGE,7,1.0695,5722,,,7D1,,,R1,F,3,02/02/2010
FLR-11242,LAMP,6,1.5580687,3,N-020,11070.9569,,16,0,,,,
FLR-11243,RIDGE,5,0.316,5589,,,5R1,,,R1,V,12,26/01/2010
FLR-11244,LAMP,5,1.2740451,1,N-013,20762.8164,,2,0,,,,
FLR-11245,RIDGE,5,0.3357077,0,,,5R1,,,R1,A,1,24-04-2016
FLR-11246,LAMP,5,0.8804833,1,N-001,3982.8793,,2,0,,,,
FLR-11247,LAMP,5,0.3118443,1,N-017,29946.8151,,4,0,,,,
FLR-11248,LAMP,5,1.0168134,3,N-003,17600.0671,,2,0,,,,
FLR-11249,LAMP,5,0.4732,2,N-018,33675.5059,,4,0,,,,
FLR-11250,LAMP,5,0.9797473,2,N-038,4334.9612,,2,0,,,,
FLR-11251,RIDGE,4,0.4642,5722,,,1+32,,,R1,F,3,04/03/2010
FLR-11252,RIDGE,5,1.09,5727,,,1+1+3,,,R1,F,3,04/03/2010
FLR-11253,RIDGE,4,0.5121,5722,,,4D,,,R1,F,3,23/03/2008
FLR-11254,RIDGE,5,1.3148,5727,,,1+1+3,,,R1,F,3,12/02/2010
FLR-11255,RIDGE,4,0.3098,0,,,4R1,,,R1,F,3,03/03/2010
FLR-11256,LAMP,5,1.2155834,2,N-013,20758.8922,,2,0,,,,
FLR-11257,RIDGE,5,1.159,0,,,1+1+3,,,R1,V,12,03/02/2010
FLR-11258,LAMP,8,0.3565645,2,N-048,338.9301,,13,0,,,,
FLR-11259,RIDGE,5,1.1608,0,,,5R3,,,R2,P,7,05/03/2011
FLR-11260,RIDGE,5,0.3226,6058,,,5R1,,,R1,U,11,11/02/2010
FLR-11261,LAMP,5,0.3158944,2,N-040,179.5564,,4,0,,,,
FLR-11262,RIDGE,5,0.6265667,0,,,2+3,,,R1,S,9,29-04-2014
FLR-11263,RIDGE,3,0.3022229,0,,,3D,,,R1,A,1,02-03-2015
FLR-11264,RIDGE,5,1.165,0,,,1+1+3,,,R1,R,8,19/04/2008
FLR-11265,RIDGE,5,1.0546,0,,,5R3,,,R2,P,7,25/04/2008
FLR-11266,RIDGE,9,1.281504,5981,,,9R,,,R1,J,4,13-05-2016
FLR-11267,RIDGE,8,0.367,0,,,8i,,,R1,A,1,25/03/2008
FLR-11268,RIDGE,6,1.2622,0,,,6R,,,R2,K,5,03/06/2012
FLR-11269,LAMP,5,0.7281333,1,N-031,154.6989,,2,0,,,,
FLR-11270,RIDGE,5,1.2461377,0,,,1+1+3,,,R1,U,11,31-03-2015
FLR-11271,RIDGE,4,0.5191,5722,,,4D,,,R1,F,3,04/03/2010
FLR-11272,LAMP,5,0.9389727,2,N-003,18055.6333,,2,0,,,,
FLR-11273,RIDGE,5,0.318,0,,,5R1,,,R1,D,2,20/03/2008
FLR-11274,RIDGE,5,0.9842,0,,,5R3,,,R2,K,5,03/06/2012
FLR-11275,LAMP,5,0.7710951,3,N-003,15759.4735,,2,0,,,,
FLR-11276,RIDGE,5,0.33,5973,,,5R1,,,R1,D,2,26/02/2010
FLR-11277,RIDGE,7,1.3352,0,,,7R,,,R2,P,7,25/04/2008
FLR-11278,RIDGE,5,0.312,0,,,5R1,,,R1,V,12,26/01/2010
FLR-11279,RIDGE,5,0.3190883,0,,,5R1,,,R1,S,9,01-04-2015
FLR-11280,RIDGE,9,0.302,0,,,9i,,,R1,D,2,01/04/2010
FLR-11281,LAMP,19,0.995025,2,N-024,7472.6727,,17,0,,,,
FLR-11282,LAMP,5,0.3115669,2,N-022,28489.9997,,4,0,,,,
FLR-11283,LAMP,5,0.7211199,3,N-046,9503.4487,,2,0,,,,
FLR-11284,LAMP,5,1.0359,1,N-003,16105.5532,,2,0,,,,
FLR-11285,RIDGE,8,1.3054,5722,,,8R,,,R1,F,3,12/02/2010
FLR-11286,LAMP,4,1.0062386,2,N-001,198.8621,,0,0,,,,
FLR-11287,RIDGE,5,0.3017,5727,,,5R1,,,R1,F,3,12/02/2010
FLR-11288,LAMP,6,0.2696444,2,N-036,27595.6193,,16,0,,,,
FLR-11289,RIDGE,5,0.3191655,5720,,,5R1,,,R1,A,1,16-04-2014
FLR-11290,RIDGE,7,0.332,0,,,7i,,,R1,T,10,12/03/2010
FLR-11291,RIDGE,5,0.4693,5560,,,5R2,,,R1,F,3,03/02/2005
FLR-11292,RIDGE,5,0.7597,5981,,,1+1+3,,,R1,J,4,03/05/2008
FLR-11293,RIDGE,5,0.334,0,,,5R1,,,R1,T,10,11/03/2010
FLR-11294,RIDGE,7,0.3937822,0,,,7i,,,R1,S,9,01-04-2015
FLR-11295,LAMP,8,0.374225,1,N-021,19914.652,,13,0,,,,
FLR-11296,LAMP,5,1.2623905,3,N-023,31544.9276,,2,0,,,,
FLR-11297,RIDGE,4,0.7905475,0,,,4R2,,,R1,A,1,02/03/2015
FLR-11298,LAMP,5,1.0513833,1,N-002,14406.8629,,2,0,,,,
FLR-11299,RIDGE,5,0.309,0,,,5R1,,,R1,D,2,06/02/2010
FLR-11300,RIDGE,5,0.935,0,,,1+1+3,,,R1,A,1,25/02/2010
FLR-11301,RIDGE,5,1.4652,0,,,5R3,,,R2,P,7,25/04/2008
FLR-11302,RIDGE,5,1.1657083,0,,,1+1+3,,,R1,S,9,29-04-2014
FLR-11303,RIDGE,5,0.4938083,0,,,5R2,,,R1,U,11,31-03-2015
FLR-11304,RIDGE,5,1.0575,5727,,,1+1+3,,,R1,F,3,04/03/2010
FLR-11305,RIDGE,5,0.696,0,,,1+1+3,,,R1,R,8,19/04/2008
FLR-11306,RIDGE,10,0.2541916,0,,,10i,,,R1,A,1,02/03/2015
FLR-11307,LAMP,5,0.7301566,2,N-044,27730.3522,,2,0,,,,
FLR-11308,RIDGE,5,1.2388842,0,,,1+1+3,,,R1,U,11,26/03/2015
FLR-11309,RIDGE,8,0.3718167,5979,,,8i,,,R1,J,4,10-04-2015
FLR-11310,RIDGE,5,0.8369917,5151,,,1+1+3,,,R1,U,11,19-03-2015
FLR-11311,RIDGE,5,0.8382923,0,,,1+1+3,,,R1,A,1,02/03/2015
FLR-11312,RIDGE,5,1.4411,0,,,5R3,,,R2,K,5,03/06/2012
FLR-11313,RIDGE,5,1.0941,0,,,1+1+3,,,R1,F,3,04/03/2010
FLR-11314,RIDGE,5,1.023,0,,,1+1+3,,,R1,V,12,03/02/2010
FLR-11315,RIDGE,4,0.745663,0,,,4R2,,,R1,A,1,02/03/2015
FLR-11316,RIDGE,5,0.3307,5562,,,5R1,,,R1,U,11,11/02/2010
FLR-11317,LAMP,5,0.9768084,1,N-002,14442.7462,,2,0,,,,
FLR-11318,RIDGE,5,1.039,0,,,1+1+3,,,R1,V,12,03/02/2010
FLR-11319,LAMP,5,0.9490994,3,N-003,18029.1899,,2,0,,,,
FLR-11320,RIDGE,5,1.1738007,0,,,1+1+3,,,R1,U,11,31-03-2015
FLR-11321,LAMP,5,0.53725,1,N-041,3568.7806,,4,0,,,,
FLR-11322,LAMP,5,0.3237616,2,N-027,13166.7178,,4,0,,,,
FLR-11323,RIDGE,5,1.0227,0,,,1+1+3,,,R1,F,3,11/02/2009
FLR-11324,RIDGE,7,1.8964,0,,,7-SMUDGE,,,R2,P,7,25/04/2008
FLR-11325,LAMP,9,1.3467667,1,N-002,14417.8652,,6,0,,,,
FLR-11326,RIDGE,5,0.333,0,,,5R1,,,R1,N,6,02/04/2010
FLR-11327,RIDGE,5,0.647,0,,,2+3,,,R1,V,12,16/01/2010
FLR-11328,RIDGE,5,1.4670916,6052,,,1+1+3,,,R1,S,9,29-04-2014
FLR-11329,LAMP,5,1.0212042,2,N-003,16106.1014,,2,0,,,,
FLR-11330,LAMP,5,1.2618334,1,N-011,920.7544,,2,0,,,,
FLR-11331,LAMP,5,1.3669084,2,N-033,18350.8849,,2,0,,,,
FLR-11332,LAMP,5,1.24725,2,N-038,3566.3227,,2,0,,,,
FLR-11333,RIDGE,4,0.5286,5722,,,4D,,,R1,F,3,02/02/2010
FLR-11334,RIDGE,5,0.7836,5981,,,1+1+3,,,R1,J,4,31/01/2009
FLR-11335,RIDGE,7,1.273,0,,,7D1,,,R1,F,3,04/03/2010
FLR-11336,LAMP,5,1.0641878,2,N-046,8948.4615,,2,0,,,,
FLR-11337,LAMP,5,0.7763913,2,N-002,14548.7017,,2,0,,,,
FLR-11338,RIDGE,5,0.7975417,6070,,,1+1+3,,,R1,F,3,19/03/2015
FLR-11339,LAMP,4,0.9395182,2,N-005,3283.9749,,0,0,,,,
FLR-11340,RIDGE,7,1.396,0,,,7-SMUDGE,,,R1,F,3,04/03/2010
FLR-11341,RIDGE,5,0.824,0,,,1+1+3,,,R1,R,8,19/04/2008
FLR-11342,RIDGE,8,0.358,0,,,8i,,,R1,V,12,26/01/2010
FLR-11343,LAMP,5,1.298575,3,N-041,3597.692,,2,0,,,,
FLR-11344,RIDGE,5,1.061,0,,,1+1+3,,,R1,R,8,19/04/2008
FLR-11345,RIDGE,5,1.2003625,0,,,1+1+3,,,R1,U,11,26/03/2015
FLR-11346,RIDGE,4,0.7037386,0,,,4R2,,,R1,A,1,02/03/2015
FLR-11347,LAMP,6,1.0008667,2,N-002,14481.275,,16,1,,,,
FLR-11348,RIDGE,5,0.8364572,0,,,1+1+3,,,R1,A,1,02-03-2015
FLR-11349,LAMP,5,1.3330289,3,N-011,1215.9802,,2,0,,,,
FLR-11350,LAMP,5,1.15851,2,N-002,14572.8078,,2,0,,,,
FLR-11351,RIDGE,5,1.3093355,0,,,1+1+3,,,R1,U,11,31-03-2015
FLR-11352,RIDGE,5,0.8859,5978,,,1+1+3,,,R1,J,4,31/01/2009
FLR-11353,RIDGE,5,1.0122,0,,,5R3,,,R2,K,5,03/06/2012
FLR-11354,RIDGE,5,0.9655,0,,,5R3,,,R2,P,7,25/04/2008
FLR-11355,RIDGE,7,0.2339,5703,,,7i,,,R1,F,3,23/01/2005
FLR-11356,LAMP,5,0.543088,3,N-003,16829.7695,,2,0,,,,
FLR-11357,LAMP,4,1.2829468,2,N-003,17804.011,,0,0,,,,
FLR-11358,RIDGE,4,1.025,0,,,4R2,,,R1,A,1,25/02/2010
FLR-11359,RIDGE,7,1.2376598,5586,,,7-SMUDGE,,,R1,A,1,02-03-2015
FLR-11360,RIDGE,5,0.898,0,,,1+1+3,,,R1,R,8,19/04/2008
FLR-11361,RIDGE,5,0.7559666,5586,,,1+1+3,,,R1,A,1,02/03/2015
FLR-11362,RIDGE,4,0.4011368,0,,,4R1,,,R1,U,11,19-03-2015
FLR-11363,RIDGE,5,1.3732333,0,,,1+1+3,,,R1,U,11,26/03/2015
FLR-11364,LAMP,5,1.2185259,3,N-003,17452.1558,,2,0,,,,
FLR-11365,RIDGE,5,0.801,0,,,1+1+3,,,R1,A,1,26/03/2010
FLR-11366,LAMP,5,0.6940583,1,N-033,19100.4356,,2,0,,,,
FLR-11367,LAMP,5,0.8246416,2,N-002,14539.0886,,2,0,,,,
FLR-11368,LAMP,5,1.4078627,3,N-020,10972.0378,,2,0,,,,
FLR-11369,RIDGE,5,1.002,0,,,1+1+3,,,R1,R,8,19/04/2008
FLR-11370,LAMP,5,0.3017231,2,N-045,5994.0178,,4,0,,,,
FLR-11371,RIDGE,7,1.2983,5722,,,7D1,,,R1,F,3,12/02/2010
FLR-11372,LAMP,5,0.9274173,5,N-002,14504.495,,2,0,,,,
FLR-11373,RIDGE,6,0.887225,6070,,,6-SMUDGE,,,R1,F,3,19/03/2015
FLR-11374,RIDGE,5,1.1874,0,,,5R3,,,R2,K,5,03/06/2012
FLR-11375,RIDGE,5,1.1495046,0,,,1+1+3,,,R1,U,11,26/03/2015
FLR-11376,LAMP,5,0.9733167,3,N-022,27646.1152,,2,0,,,,
FLR-11377,RIDGE,4,1.028,0,,,4R2,,,R1,A,1,26/03/2010
FLR-11378,LAMP,5,0.4982484,2,N-016,21400.142,,4,0,,,,
FLR-11379,RIDGE,5,1.1865684,0,,,1+1+3,,,R1,S,9,01-04-2015
FLR-11380,RIDGE,4,0.2709,0,,,4R1,,,R1,F,3,04/03/2010
FLR-11381,LAMP,5,1.16895,1,N-014,5315.7768,,2,0,,,,
FLR-11382,RIDGE,5,0.311,0,,,5R1,,,R1,D,2,20/03/2008
FLR-11383,LAMP,4,0.827222,3,N-003,15656.3559,,0,0,,,,
FLR-11384,LAMP,5,0.5131711,2,N-009,697.165,,4,0,,,,
FLR-11385,RIDGE,5,1.097,0,,,1+1+3,,,R1,T,10,15/04/2010
FLR-11386,LAMP,5,0.3118166,1,N-003,22209.2206,,2,0,,,,
FLR-11387,LAMP,5,0.9856559,2,N-038,4356.7714,,2,0,,,,
FLR-11388,LAMP,5,1.2953329,3,N-019,3697.679,,2,0,,,,
FLR-11389,LAMP,5,1.2558166,3,N-017,29211.5355,,2,0,,,,
FLR-11390,LAMP,5,0.51375,1,N-041,3572.6655,,4,0,,,,
FLR-11391,RIDGE,6,0.261,0,,,6i,,,R1,F,3,04/03/2010
FLR-11392,LAMP,5,1.3000166,1,N-014,734.5293,,2,0,,,,
FLR-11393,RIDGE,4,0.7919697,0,,,4R2,,,R1,A,1,02/03/2015
FLR-11394,LAMP,3,0.314048,1,N-040,81.0413,,5,0,,,,
FLR-11395,RIDGE,4,0.9316936,0,,,4R2,,,R1,A,1,02-03-2015
FLR-11396,RIDGE,5,0.337,6035,,,5R1,,,R1,U,11,01/02/2010
FLR-11397,RIDGE,4,0.507,5722,,,4D,,,R1,F,3,23/03/2008
FLR-11398,RIDGE,5,1.2781761,0,,,1+1+3,,,R1,F,3,31/03/2015
FLR-11399,RIDGE,7,1.0057,5722,,,7D1,,,R1,F,3,12/02/2010
FLR-11400,RIDGE,5,0.4502,5727,,,5R2,,,R1,F,3,12/02/2010
FLR-11401,RIDGE,5,0.8028039,0,,,1+1+3,,,R1,A,1,02-03-2015
FLR-11402,RIDGE,5,1.1772435,0,,,5R3,,,R2,ZZZ,13,12-04-2016
FLR-11403,LAMP,5,0.3131833,1,N-026,5877.8809,,4,0,,,,
FLR-11404,LAMP,5,1.1643931,2,N-017,29167.066,,2,0,,,,
FLR-11405,RIDGE,6,0.3419,6035,,,6i,,,R1,U,11,11/02/2010
FLR-11406,RIDGE,5,1.1783,5151,,,1+1+3,,,R1,U,11,26/03/2015
FLR-11407,LAMP,5,1.297315,2,N-018,33004.7653,,2,0,,,,
FLR-11408,LAMP,5,1.1638458,3,N-011,1194.0669,,2,0,,,,
FLR-11409,LAMP,5,1.200672,3,N-045,5260.7653,,2,0,,,,
FLR-11410,RIDGE,5,0.9030722,0,,,1+1+3,,,R1,A,1,02/03/2015
FLR-11411,RIDGE,5,1.13705,5586,,,1+1+3,,,R1,A,1,02-03-2015
FLR-11412,RIDGE,5,1.09,0,,,5R3,,,R1,A,1,04/03/2005
FLR-11413,RIDGE,5,1.1047,0,,,5R3,,,R2,K,5,03/06/2012
FLR-11414,LAMP,9,0.3850584,1,N-011,2725.3031,,11,0,,,,
FLR-11415,RIDGE,4,0.302,0,,,4R1,,,R1,A,1,26/03/2010
FLR-11416,RIDGE,5,0.8749,5978,,,1+1+3,,,R1,J,4,30/03/2010
FLR-11417,RIDGE,4,1.6135503,0,,,4-SMUDGE,,,R2,ZZZ,13,12-04-2016
FLR-11418,LAMP,3,0.1348413,2,N-042,1020.9177,,12,0,,,,
FLR-11419,RIDGE,5,0.7448267,0,,,1+1+3,,,R1,U,11,26/03/2015
FLR-11420,RIDGE,5,0.31745,5560,,,5R1,,,R1,F,3,31/03/2015
FLR-11421,RIDGE,5,1.339975,0,,,1+1+3,,,R1,F,3,31/03/2015
FLR-11422,RIDGE,4,1.021625,5560,,,4-SMUDGE,,,R1,F,3,31/03/2015
FLR-11423,RIDGE,5,1.34805,5151,,,1+1+3,,,R1,U,11,26/03/2015
FLR-11424,LAMP,19,1.018275,1,N-002,14521.9157,,17,1,,,,
FLR-11425,RIDGE,9,0.343,0,,,9i,,,R1,T,10,14/04/2010
FLR-11426,LAMP,7,0.3229084,2,N-025,15063.797,,8,0,,,,
FLR-11427,RIDGE,5,0.321,0,,,5R1,,,R1,R,8,08/04/2008
FLR-11428,RIDGE,5,1.3894306,0,,,1+1+3,,,R1,U,11,31-03-2015
FLR-11429,LAMP,6,1.1713916,1,N-002,14498.6495,,16,0,,,,
FLR-11430,RIDGE,9,0.348,5126,,,9i,,,R1,V,12,26/01/2010
FLR-11431,RIDGE,5,0.8264,0,,,5-SMUDGE,,,R2,P,7,24/04/2008
FLR-11432,LAMP,5,0.8746667,2,N-003,16188.5845,,2,0,,,,
FLR-11433,LAMP,5,0.85555,1,N-032,10149.6866,,2,0,,,,
FLR-11434,LAMP,3,0.2979522,2,N-001,546.3398,,5,0,,,,
FLR-11435,LAMP,5,0.9803084,1,N-001,174.8052,,2,0,,,,
FLR-11436,LAMP,5,1.253825,2,N-003,17417.6866,,2,0,,,,
FLR-11437,LAMP,5,1.2876381,2,N-012,9459.7229,,2,0,,,,
FLR-11438,LAMP,4,0.9238565,2,N-003,15803.9216,,0,0,,,,
FLR-11439,RIDGE,5,0.3385,5586,,,5R1,,,R1,A,1,02-03-2015
FLR-11440,RIDGE,5,1.2852436,0,,,1+1+3,,,R1,J,4,10-04-2015
FLR-11441,RIDGE,6,1.1042,5722,,,6-SMUDGE,,,R1,F,3,04/03/2010
FLR-11442,LAMP,5,0.5439584,1,N-012,9428.7481,,4,0,,,,
FLR-11443,RIDGE,5,0.8545083,5586,,,1+1+3,,,R1,A,1,02-03-2015
FLR-11444,LAMP,5,0.6996,2,N-034,10073.7831,,2,0,,,,
FLR-11445,RIDGE,5,1.2745833,5151,,,1+1+3,,,R1,U,11,19-03-2015
FLR-11446,RIDGE,5,0.63,0,,,5-SMUDGE,,,R1,A,1,28/02/2010
FLR-11447,LAMP,5,1.1723302,2,N-028,27444.9509,,2,0,,,,
FLR-11448,RIDGE,5,0.8229488,0,,,1+1+3,,,R1,U,11,26/03/2015
FLR-11449,RIDGE,3,0.3308464,5712,,,3D,,,R1,A,1,24-04-2016
FLR-11450,LAMP,5,0.8799,1,N-003,17350.9264,,2,0,,,,
FLR-11451,RIDGE,1,0,0,,,1-SMUDGE,,,R1,A,1,02/03/2015
FLR-11452,LAMP,5,1.2274192,2,N-045,5004.4984,,2,0,,,,
FLR-11453,RIDGE,4,1.0062386,0,,,4R2,,,R1,A,1,02-03-2015
FLR-11454,RIDGE,5,0.8718249,0,,,1+1+3,,,R1,A,1,02/03/2015
FLR-11455,LAMP,5,1.268425,1,N-018,33052.7407,,2,0,,,,
FLR-11456,RIDGE,5,0.32,0,,,5R1,,,R1,V,12,22/01/2010
FLR-11457,RIDGE,4,0.9952309,5719,,,4R2,,,R1,A,1,16-04-2014
FLR-11458,LAMP,5,1.232997,2,N-011,79.0664,,2,0,,,,
FLR-11459,LAMP,5,1.2037167,1,N-014,5129.3637,,2,0,,,,
FLR-11460,RIDGE,4,0.8225,0,,,4R2,,,R2,P,7,24/04/2008
FLR-11461,LAMP,5,1.2271539,4,N-019,3706.8716,,2,0,,,,
FLR-11462,RIDGE,5,0.831,0,,,1+1+3,,,R1,R,8,19/04/2008
FLR-11463,RIDGE,5,1.1732,5563,,,1+1+3,,,R1,F,3,02/02/2010
FLR-11464,LAMP,5,0.84525,2,N-003,17553.3366,,2,0,,,,
FLR-11465,RIDGE,5,1.1118,0,,,5R3,,,R2,K,5,02/06/2012
FLR-11466,LAMP,5,0.3713333,2,N-027,13129.6936,,4,0,,,,
FLR-11467,RIDGE,5,1.4279,0,,,5R3,,,R2,P,7,25/04/2008
FLR-11468,RIDGE,5,0.37045,6070,,,5R1,,,R1,F,3,19/03/2015
FLR-11469,RIDGE,5,1.2285241,0,,,1+1+3,,,R1,J,4,10-04-2015
FLR-11470,LAMP,4,0.78475,1,N-034,10058.7737,,0,0,,,,
FLR-11471,RIDGE,5,0.3428709,0,,,5R1,,,R1,U,11,31-03-2015
FLR-11472,LAMP,5,0.8518963,2,N-003,18036.8289,,2,0,,,,
FLR-11473,RIDGE,5,0.991525,5586,,,1+1+3,,,R1,A,1,02/03/2015
FLR-11474,LAMP,5,1.150144,2,N-042,1042.9385,,2,0,,,,
FLR-11475,RIDGE,5,1.145,0,,,1+1+3,,,R1,R,8,19/04/2008
FLR-11476,RIDGE,5,0.7823666,5151,,,1+1+3,,,R1,U,11,26/03/2015
FLR-11477,RIDGE,5,1.1873,5560,,,1+1+3,,,R1,F,3,01/02/2005
FLR-11478,RIDGE,5,1.0447,0,,,5R3,,,R2,K,5,03/06/2012
FLR-11479,RIDGE,5,0.809,5719,,,1+1+3,,,R1,A,1,05/02/2009
FLR-11480,RIDGE,8,1.2213132,0,,,8R,,,R1,J,4,10-04-2015
FLR-11481,RIDGE,5,1.161,0,,,1+1+3,,,R1,R,8,19/04/2008
FLR-11482,RIDGE,10,1.7404,0,,,10R,,,R2,K,5,03/06/2012
FLR-11483,LAMP,5,1.2399435,4,N-020,10972.3425,,2,0,,,,
FLR-11484,LAMP,10,1.814574,3,N-009,874.603,,17,0,,,,
FLR-11485,LAMP,5,0.828525,1,N-012,9418.2274,,2,0,,,,
FLR-11486,LAMP,5,1.1582638,3,N-024,6777.4464,,2,0,,,,
FLR-11487,RIDGE,3,0.2928291,0,,,3D,,,R1,A,1,02-03-2015
FLR-11488,LAMP,4,0.8700203,3,N-002,14637.519,,0,0,,,,
FLR-11489,RIDGE,5,1.275475,0,,,1+1+3,,,R1,U,11,31-03-2015
FLR-11490,RIDGE,7,1.1458699,0,,,7D1,,,R1,U,11,19-03-2015
FLR-11491,LAMP,5,1.1507799,2,N-019,3290.3994,,2,0,,,,
FLR-11492,LAMP,9,0.3566417,1,N-034,10018.453,,11,0,,,,
FLR-11493,RIDGE,6,1.3982,0,,,6-SMUDGE,,,R1,F,3,04/03/2010
FLR-11494,LAMP,5,0.9604083,1,N-019,3314.1867,,2,0,,,,
FLR-11495,RIDGE,5,1.2049111,0,,,1+1+3,,,R1,S,9,29-04-2014
FLR-11496,RIDGE,5,0.3784,6035,,,5R1,,,R1,U,11,18/02/2009
FLR-11497,RIDGE,5,0.353,0,,,5R1,,,R1,V,12,03/02/2010
FLR-11498,RIDGE,5,0.321,0,,,5R1,,,R1,R,8,08/04/2008
FLR-11499,RIDGE,5,1.3564583,5586,,,1+1+3,,,R1,A,1,02-03-2015
FLR-11500,RIDGE,6,0.1737,5703,,,6i,,,R1,F,3,18/02/2005
FLR-11501,LAMP,5,1.0183704,2,N-046,8940.2745,,2,0,,,,
FLR-11502,LAMP,5,1.1091704,2,N-003,15780.8741,,2,0,,,,
FLR-11503,RIDGE,8,1.2249,0,,,8R,,,R2,P,7,05/03/2011
FLR-11504,RIDGE,5,1.3328779,0,,,1+1+3,,,R1,S,9,29-04-2014
FLR-11505,RIDGE,5,1.155,0,,,1+1+3,,,R1,V,12,03/02/2010
FLR-11506,LAMP,5,1.2840666,1,N-006,8837.2282,,2,0,,,,
FLR-11507,LAMP,7,0.4271049,4,N-035,31370.9152,,8,0,,,,
FLR-11508,LAMP,5,0.7667083,2,N-003,16863.1066,,2,0,,,,
FLR-11509,RIDGE,5,1.1563,5561,,,1+1+3,,,R1,F,3,02/02/2005
FLR-11510,RIDGE,5,1.7749,0,,,5-SMUDGE,,,R2,K,5,03/06/2012
FLR-11511,LAMP,5,0.8812492,3,N-003,17355.6683,,2,0,,,,
FLR-11512,RIDGE,5,1.0105,0,,,5R3,,,R2,K,5,03/06/2012
FLR-11513,RIDGE,5,1.1905666,5586,,,1+1+3,,,R1,A,1,02-03-2015
FLR-11514,RIDGE,5,0.915,0,,,1+1+3,,,R1,A,1,20/01/2010
FLR-11515,RIDGE,5,0.3271334,5726,,,5R1,,,R1,S,9,01-04-2015
FLR-11516,RIDGE,5,1.2341433,0,,,1+1+3,,,R1,J,4,12/05/2016
FLR-11517,RIDGE,5,0.325,0,,,5R1,,,R1,D,2,06/02/2010
FLR-11518,RIDGE,5,0.644,0,,,2+3,,,R1,V,12,26/01/2010
FLR-11519,RIDGE,5,0.7240628,0,,,1+1+3,,,R1,J,4,12/05/2016
FLR-11520,RIDGE,5,0.8886206,0,,,1+1+3,,,R1,U,11,26/03/2015
FLR-11521,RIDGE,5,0.335,0,,,5R1,,,R1,V,12,03/02/2010
FLR-11522,LAMP,5,0.4827047,2,N-013,20600.3033,,4,0,,,,
FLR-11523,RIDGE,7,0.379,0,,,7i,,,R1,J,4,06/02/2010
FLR-11524,LAMP,5,0.3125829,2,N-040,174.294,,4,0,,,,
FLR-11525,LAMP,5,0.9822109,3,N-003,15814.8967,,2,0,,,,
FLR-11526,LAMP,7,0.3903185,2,N-034,10011.6622,,8,0,,,,
FLR-11527,RIDGE,5,0.958,0,,,1+1+3,,,R1,V,12,03/02/2010
FLR-11528,LAMP,5,1.1346278,2,N-024,6782.3147,,2,0,,,,
FLR-11529,RIDGE,7,1.9966,0,,,7-SMUDGE,,,R2,P,7,24/04/2008
FLR-11530,RIDGE,7,0.423,0,,,7i,,,R1,V,12,26/01/2010
FLR-11531,RIDGE,5,1.113975,5560,,,1+1+3,,,R1,F,3,31/03/2015
FLR-11532,RIDGE,5,0.272,0,,,5R1,,,R1,F,3,04/03/2010
FLR-11533,RIDGE,5,1.8399,0,,,5-SMUDGE,,,R2,K,5,03/06/2012
FLR-11534,LAMP,5,1.3399529,1,N-038,3573.4729,,2,0,,,,
FLR-11535,RIDGE,6,0.428,0,,,6i,,,R1,D,2,18/03/2009
FLR-11536,RIDGE,5,1.0873,5981,,,1+1+3,,,R1,J,4,03/05/2008
FLR-11537,RIDGE,4,0.4959,5722,,,4D,,,R1,F,3,11/02/2010
FLR-11538,RIDGE,8,2.1414,0,,,8-SMUDGE,,,R2,P,7,24/04/2008
FLR-11539,LAMP,5,0.718432,1,N-048,338.8426,,2,0,,,,
FLR-11540,RIDGE,5,0.298,0,,,5R1,,,R1,D,2,21/03/2008
FLR-11541,RIDGE,5,0.259,0,,,5R1,,,R1,A,1,28/02/2010
FLR-11542,RIDGE,5,0.644,0,,,2+3,,,R1,V,12,26/01/2010
FLR-11543,RIDGE,5,1.094,0,,,1+1+3,,,R1,A,1,17/03/2010
FLR-11544,LAMP,5,0.771925,11,N-042,1695.289,,2,0,,,,
FLR-11545,RIDGE,5,0.3254,5562,,,5R1,,,R1,U,11,24/02/2008
FLR-11546,LAMP,5,0.7902768,2,N-003,15492.3315,,2,0,,,,
FLR-11547,RIDGE,5,1.1309,5561,,,1+1+3,,,R1,F,3,23/01/2005
FLR-11548,LAMP,5,1.1730752,2,N-017,29175.6873,,2,0,,,,
FLR-11549,RIDGE,5,1.33905,5759,,,1+1+3,,,R1,S,9,29-04-2014
FLR-11550,RIDGE,5,0.82415,0,,,1+1+3,,,R1,A,1,02/03/2015
FLR-11551,LAMP,5,0.7743333,1,N-009,721.4119,,2,0,,,,
FLR-11552,RIDGE,5,0.7639583,5979,,,1+1+3,,,R1,J,4,10-04-2015
FLR-11553,RIDGE,4,0.982,0,,,4-SMUDGE,,,R1,J,4,31/01/2009
FLR-11554,RIDGE,5,1.1281706,0,,,5R3,,,R2,ZZZ,13,12-04-2016
FLR-11555,RIDGE,4,0.395,0,,,1+32,,,R1,N,6,02/04/2010
FLR-11556,RIDGE,10,1.6151,0,,,10R,,,R2,P,7,24/04/2008
FLR-11557,RIDGE,5,0.3269269,0,,,5R1,,,R1,J,4,13-05-2016
FLR-11558,RIDGE,3,0.385,0,,,3D,,,R1,N,6,23/03/2009
FLR-11559,RIDGE,5,0.533,0,,,5R2,,,R1,D,2,06/02/2010
FLR-11560,LAMP,5,1.312405,2,N-012,9451.2341,,2,0,,,,
FLR-11561,RIDGE,5,0.335,0,,,5R1,,,R1,T,10,17/04/2010
FLR-11562,RIDGE,5,1.69,0,,,5-SMUDGE,,,R2,K,5,03/06/2012
FLR-11563,RIDGE,6,0.319,0,,,6i,,,R1,N,6,02/04/2010
FLR-11564,RIDGE,5,0.759325,5586,,,1+1+3,,,R1,A,1,02/03/2015
FLR-11565,RIDGE,5,0.7843,6035,,,1+1+3,,,R1,U,11,11/02/2010
FLR-11566,RIDGE,4,0.9833516,0,,,4R2,,,R1,A,1,02/03/2015
FLR-11567,LAMP,5,0.3305666,1,N-028,28096.5806,,4,0,,,,
FLR-11568,LAMP,5,0.8958917,1,N-003,15648.1503,,2,0,,,,
FLR-11569,RIDGE,5,0.88195,0,,,5-SMUDGE,,,R1,A,1,02/03/2015
FLR-11570,LAMP,5,0.8126785,2,N-003,17268.8393,,4,0,,,,
FLR-11571,LAMP,5,1.2208273,3,N-035,30656.5355,,2,0,,,,
FLR-11572,LAMP,5,1.1650167,1,N-005,897.0332,,2,0,,,,
FLR-11573,LAMP,5,0.7898834,1,N-013,20625.2693,,2,0,,,,
FLR-11574,RIDGE,6,0.4098118,5719,,,6i,,,R1,A,1,16-04-2014
FLR-11575,RIDGE,5,1.376,0,,,5R3,,,R2,P,7,25/04/2008
FLR-11576,LAMP,5,0.8596869,3,N-009,813.5277,,2,0,,,,
FLR-11577,LAMP,6,1.4477917,2,N-003,21499.5302,,16,0,,,,
FLR-11578,RIDGE,5,1.3916417,5560,,,1+1+3,,,R1,F,3,31/03/2015
FLR-11579,RIDGE,5,1.2882,0,,,1+1+3,,,R1,J,4,10-04-2015
FLR-11580,LAMP,4,1.0360334,1,N-036,26945.6725,,0,0,,,,
FLR-11581,RIDGE,5,0.6322,0,,,5-SMUDGE,,,R1,F,3,04/03/2010
FLR-11582,RIDGE,5,1.2683218,0,,,1+1+3,,,R1,U,11,31-03-2015
FLR-11583,RIDGE,7,0.1577,5703,,,7i,,,R1,F,3,23/01/2005
FLR-11584,RIDGE,5,0.3180584,5759,,,5R1,,,R1,S,9,07-04-2015
FLR-11585,RIDGE,5,1.3656313,0,,,1+1+3,,,R1,A,1,02/03/2015
FLR-11586,LAMP,5,1.1951722,3,N-011,1168.3836,,2,0,,,,
FLR-11587,RIDGE,6,0.4678583,5759,,,6i,,,R1,S,9,07-04-2015
FLR-11588,LAMP,5,0.7726364,2,N-003,15692.0358,,2,0,,,,
FLR-11589,RIDGE,5,0.308,0,,,5R1,,,R1,D,2,06/02/2010
FLR-11590,RIDGE,8,0.3351,5987,,,8i,,,R1,J,4,03/05/2008
FLR-11591,RIDGE,5,0.9251,0,,,1+1+3,,,R1,J,4,06/02/2010
FLR-11592,RIDGE,5,0.7301393,0,,,1+1+3,,,R1,J,4,12/05/2016
FLR-11593,RIDGE,5,0.3265,5562,,,5R1,,,R1,U,11,24/02/2008
FLR-11594,LAMP,5,1.2745,1,N-011,162.6476,,2,0,,,,
FLR-11595,RIDGE,5,1.0098,0,,,5R3,,,R2,K,5,03/06/2012
FLR-11596,LAMP,5,1.2710084,1,N-018,33058.3538,,2,0,,,,
FLR-11597,RIDGE,5,0.8083916,5981,,,1+1+3,,,R1,J,4,10-04-2015
FLR-11598,LAMP,5,1.27,1,N-042,1057.3779,,2,0,,,,
FLR-11599,RIDGE,5,1.0637,0,,,5R3,,,R2,P,7,05/03/2011
FLR-11600,RIDGE,5,1.3117833,0,,,1+1+3,,,R1,S,9,29-04-2014
FLR-11601,RIDGE,5,1.1537,0,,,5R3,,,R2,K,5,03/06/2012
FLR-11602,RIDGE,5,0.317,0,,,5R1,,,R1,T,10,26/01/2010
FLR-11603,RIDGE,7,0.332,0,,,7i,,,R1,T,10,11/03/2010
FLR-11604,RIDGE,4,0.448,0,,,4-SMUDGE,,,R1,V,12,16/01/2010
FLR-11605,LAMP,6,0.713156,2,N-007,1960.0661,,10,0,,,,
FLR-11606,LAMP,5,0.989875,1,N-002,14450.4089,,2,0,,,,
FLR-11607,RIDGE,9,0.4029986,5720,,,9i,,,R1,A,1,16-04-2014
FLR-11608,LAMP,5,0.3234268,2,N-028,28261.175,,4,0,,,,
FLR-11609,LAMP,5,1.3284208,2,N-002,13767.7094,,2,0,,,,
FLR-11610,LAMP,21,1.17324,2,N-048,53.0401,,17,0,,,,
FLR-11611,LAMP,5,0.4571133,2,N-018,33694.7255,,4,0,,,,
FLR-11612,RIDGE,5,1.0429,5981,,,1+1+3,,,R1,J,4,31/01/2009
FLR-11613,RIDGE,5,1.5420916,5987,,,1+1+3,,,R1,J,4,12-05-2016
FLR-11614,RIDGE,5,1.3756,0,,,5R3,,,R2,P,7,25/04/2008
FLR-11615,RIDGE,5,0.992,0,,,1+1+3,,,R1,R,8,19/04/2008
FLR-11616,RIDGE,4,0.381,0,,,1+32,,,R1,N,6,02/04/2010
FLR-11617,RIDGE,6,1.5580687,0,,,6-SMUDGE,,,R1,U,11,31-03-2015
FLR-11618,LAMP,5,1.2568083,2,N-028,27415.0289,,2,0,,,,
FLR-11619,LAMP,5,0.8631037,2,N-003,15688.2571,,4,0,,,,
FLR-11620,RIDGE,5,1.2088,5987,,,1+1+3,,,R1,J,4,06/02/2010
FLR-11621,LAMP,5,0.7687,1,N-002,14808.8459,,2,0,,,,
FLR-11622,RIDGE,5,0.7509,5981,,,1+1+3,,,R1,J,4,03/05/2008
FLR-11623,RIDGE,5,1.3464189,0,,,1+1+3,,,R1,U,11,31-03-2015
FLR-11624,RIDGE,4,0.395,0,,,1+32,,,R1,N,6,23/03/2009
FLR-11625,RIDGE,5,1.0254696,0,,,1+1+3,,,R1,U,11,26/03/2015
FLR-11626,RIDGE,5,1.2905452,0,,,1+1+3,,,R1,A,1,02/03/2015
FLR-11627,RIDGE,5,0.6352,0,,,5-SMUDGE,,,R1,F,3,04/03/2010
FLR-11628,RIDGE,5,0.7951,5978,,,1+1+3,,,R1,J,4,03/05/2008
FLR-11629,RIDGE,4,0.652,0,,,4-SMUDGE,,,R1,V,12,03/02/2010
FLR-11630,RIDGE,5,1.1279059,0,,,1+1+3,,,R1,A,1,02/03/2015
FLR-11631,RIDGE,5,1.123,0,,,1+1+3,,,R1,D,2,18/03/2009
FLR-11632,RIDGE,5,0.3271114,5560,,,5R1,,,R1,F,3,31/03/2015
FLR-11633,RIDGE,4,0.2405,0,,,4R1,,,R2,K,5,03/06/2012
FLR-11634,RIDGE,5,0.3205,6035,,,5R1,,,R1,U,11,11/02/2010
FLR-11635,RIDGE,6,1.6753,0,,,6R,,,R2,P,7,05/03/2011
FLR-11636,RIDGE,7,1.5293167,5151,,,7D2,,,R1,U,11,26/03/2015
FLR-11637,RIDGE,5,0.96,0,,,1+1+3,,,R1,V,12,03/02/2010
FLR-11638,LAMP,5,1.5186266,1,N-041,3850.6116,,2,0,,,,
FLR-11639,LAMP,5,0.8982834,1,N-003,17368.8279,,2,0,,,,
FLR-11640,RIDGE,5,1.156217,0,,,1+1+3,,,R1,U,11,26/03/2015
FLR-11641,RIDGE,5,0.9898,0,,,5R3,,,R2,K,5,03/06/2012
FLR-11642,LAMP,5,0.738475,1,N-011,1951.7302,,4,0,,,,
FLR-11643,RIDGE,5,0.4904917,5151,,,5R2,,,R1,U,11,26/03/2015
FLR-11644,LAMP,5,0.3119667,1,N-034,10139.5762,,4,0,,,,
FLR-11645,RIDGE,5,0.3268014,0,,,5R1,,,R1,A,1,24-04-2016
FLR-11646,LAMP,5,0.7804057,3,N-003,18052.2,,2,0,,,,
FLR-11647,RIDGE,5,0.648825,0,,,2+3,,,R1,S,9,01-04-2015
FLR-11648,LAMP,5,1.388025,1,N-002,13804.2865,,2,0,,,,
FLR-11649,RIDGE,6,0.424,0,,,6i,,,R1,D,2,26/02/2010
FLR-11650,LAMP,5,1.22265,2,N-041,2909.3396,,2,0,,,,
FLR-11651,RIDGE,5,1.111,0,,,1+1+3,,,R1,V,12,03/02/2010
FLR-11652,LAMP,5,1.0244546,3,N-003,15604.822,,2,0,,,,
FLR-11653,RIDGE,10,1.4218176,0,,,10-SMUDGE,,,R1,U,11,26/03/2015
FLR-11654,RIDGE,5,1.001,0,,,1+1+3,,,R1,N,6,02/04/2010
FLR-11655,LAMP,4,0.883649,2,N-003,17206.515,,0,0,,,,
FLR-11656,RIDGE,5,1.0375,0,,,5R3,,,R2,K,5,03/06/2012
FLR-11657,LAMP,5,0.8350778,2,N-009,795.8355,,2,0,,,,
FLR-11658,RIDGE,5,1.1583,5978,,,1+1+3,,,R1,J,4,04/05/2008
FLR-11659,LAMP,5,0.3608417,1,N-024,7869.469,,2,0,,,,
FLR-11660,RIDGE,5,0.3224384,0,,,5R1,,,R1,S,9,01-04-2015
FLR-11661,LAMP,5,0.733768,3,N-046,9498.3055,,2,0,,,,
FLR-11662,LAMP,5,0.3269333,1,N-026,5936.3772,,4,0,,,,
FLR-11663,RIDGE,5,0.3021,5560,,,5R1,,,R1,F,3,31/03/2015
FLR-11664,RIDGE,4,0.2438,0,,,4R1,,,R1,F,3,04/03/2010
FLR-11665,RIDGE,5,0.84,5719,,,1+1+3,,,R1,A,1,05/02/2009
FLR-11666,RIDGE,5,0.8573154,0,,,5-SMUDGE,,,R1,A,1,02/03/2015
FLR-11667,RIDGE,5,1.2826427,0,,,1+1+3,,,R1,J,4,12/05/2016
FLR-11668,RIDGE,9,1.3708,0,,,9R,,,R2,K,5,03/06/2012
FLR-11669,RIDGE,5,1.3252,0,,,5R3,,,R2,P,7,24/04/2008
FLR-11670,LAMP,5,1.4669667,1,N-042,191.4535,,2,0,,,,
FLR-11671,RIDGE,5,1.325425,5151,,,1+1+3,,,R1,U,11,26/03/2015
FLR-11672,LAMP,5,0.9859584,1,N-019,3309.7934,,2,0,,,,
FLR-11673,RIDGE,5,1.0045,5727,,,1+1+3,,,R1,F,3,04/03/2010
FLR-11674,RIDGE,9,0.407,0,,,9i,,,R1,T,10,04/02/2010
FLR-11675,RIDGE,5,1.3441,0,,,5R3,,,R2,K,5,03/06/2012
FLR-11676,RIDGE,5,0.8975,5586,,,1+1+3,,,R1,A,1,02-03-2015
FLR-11677,RIDGE,5,1.1860551,0,,,1+1+3,,,R1,J,4,10-04-2015
FLR-11678,RIDGE,5,0.9596,5727,,,1+1+3,,,R1,F,3,23/01/2005
FLR-11679,RIDGE,5,1.2557667,0,,,1+1+3,,,R1,U,11,31-03-2015
FLR-11680,RIDGE,4,0.661,0,,,1+31,,,R1,V,12,03/02/2010
FLR-11681,LAMP,5,0.3815833,1,N-025,15148.4639,,4,0,,,,
FLR-11682,RIDGE,7,1.3091,5722,,,7D1,,,R1,F,3,12/02/2010
FLR-11683,LAMP,5,0.959975,1,N-019,3301.6883,,2,0,,,,
FLR-11684,RIDGE,9,0.313,0,,,9i,,,R1,T,10,14/04/2010
FLR-11685,RIDGE,5,0.8118857,0,,,1+1+3,,,R1,U,11,26/03/2015
FLR-11686,RIDGE,5,1.2430583,5586,,,1+1+3,,,R1,A,1,02-03-2015
FLR-11687,RIDGE,5,1.1639955,0,,,1+1+3,,,R1,F,3,31/03/2015
FLR-11688,LAMP,5,1.261275,2,N-041,2916.6398,,2,0,,,,
FLR-11689,RIDGE,5,1.4629098,0,,,1+1+3,,,R1,A,1,16-04-2014
FLR-11690,LAMP,5,0.8301261,1,N-032,10063.7935,,2,0,,,,
FLR-11691,RIDGE,5,0.8912604,5151,,,1+1+3,,,R1,U,11,19-03-2015
FLR-11692,RIDGE,5,1.3529167,0,,,1+1+3,,,R1,F,3,31/03/2015
FLR-11693,LAMP,5,1.2330978,1,N-014,1053.477,,2,0,,,,
FLR-11694,RIDGE,5,1.2024802,0,,,1+1+3,,,R1,U,11,26/03/2015
FLR-11695,RIDGE,5,0.3498833,0,,,5R1,,,R1,A,1,02/03/2015
FLR-11696,RIDGE,5,1.0289,0,,,5R3,,,R2,K,5,02/06/2012
FLR-11697,LAMP,15,1.2560219,2,N-017,29086.7306,,17,0,,,,
FLR-11698,LAMP,1,0,1,N-023,31625.8001,,17,0,,,,
FLR-11699,RIDGE,5,0.368,0,,,5R1,,,R1,D,2,04/04/2008
FLR-11700,RIDGE,4,0.517,5561,,,4D,,,R1,F,3,03/03/2010
FLR-11701,RIDGE,5,0.4807583,0,,,5R2,,,R1,F,3,31/03/2015
FLR-11702,RIDGE,5,1.314225,5151,,,1+1+3,,,R1,U,11,26/03/2015
FLR-11703,LAMP,7,1.3201,3,N-003,17989.6718,,7,0,,,,
FLR-11704,LAMP,5,1.4216084,3,N-006,8764.0428,,2,0,,,,
FLR-11705,RIDGE,4,0.2298,6035,,,4R1,,,R1,U,11,01/02/2010
FLR-11706,RIDGE,5,1.4762833,6052,,,1+1+3,,,R1,S,9,29-04-2014
FLR-11707,RIDGE,5,1.4134417,6052,,,1+1+3,,,R1,S,9,29-04-2014
FLR-11708,RIDGE,5,0.997,0,,,1+1+3,,,R1,T,10,15/04/2010
FLR-11709,LAMP,5,1.002025,1,N-012,9578.4769,,2,0,,,,
FLR-11710,RIDGE,5,1.0480417,5586,,,1+1+3,,,R1,A,1,02/03/2015
FLR-11711,RIDGE,4,0.5176,5722,,,4D,,,R1,F,3,18/02/2009
FLR-11712,RIDGE,5,1.166462,0,,,5R3,,,R2,ZZZ,13,12-04-2016
FLR-11713,RIDGE,5,1.2048583,5759,,,1+1+3,,,R1,S,9,29-04-2014
FLR-11714,RIDGE,5,0.912,0,,,1+1+3,,,R1,A,1,20/01/2010
FLR-11715,RIDGE,5,1.4088,0,,,5R3,,,R2,K,5,03/06/2012
FLR-11716,RIDGE,5,0.8821,0,,,1+1+3,,,R1,J,4,06/02/2010
FLR-11717,RIDGE,5,1.0765,5561,,,1+1+3,,,R1,F,3,02/02/2005
FLR-11718,RIDGE,5,0.7409384,0,,,1+1+3,,,R1,J,4,12-05-2016
FLR-11719,RIDGE,5,1.2128291,0,,,1+1+3,,,R1,U,11,26/03/2015
FLR-11720,LAMP,5,0.9456667,1,N-003,15517.1573,,2,0,,,,
FLR-11721,RIDGE,5,0.3255,5979,,,5R1,,,R1,J,4,03/05/2008
FLR-11722,RIDGE,7,0.297103,0,,,7i,,,R1,U,11,26/03/2015
FLR-11723,RIDGE,5,1.1459722,0,,,1+1+3,,,R1,U,11,31-03-2015
FLR-11724,RIDGE,5,0.884,0,,,1+1+3,,,R1,D,2,27/03/2008
FLR-11725,RIDGE,5,0.994,0,,,1+1+3,,,R1,R,8,19/04/2008
FLR-11726,RIDGE,5,0.497,0,,,5R2,,,R1,R,8,19/04/2008
FLR-11727,LAMP,5,0.3182788,2,N-019,4437.8841,,2,0,,,,
FLR-11728,RIDGE,5,0.852,0,,,1+1+3,,,R1,A,1,28/02/2010
FLR-11729,RIDGE,6,1.2037167,5586,,,6-SMUDGE,,,R1,A,1,02/03/2015
FLR-11730,RIDGE,5,0.7095,6035,,,5-SMUDGE,,,R1,U,11,11/02/2010
FLR-11731,RIDGE,5,0.9389727,0,,,1+1+3,,,R1,A,1,02/03/2015
FLR-11732,RIDGE,7,1.4624,0,,,7D2,,,R1,U,11,19-03-2015
FLR-11733,RIDGE,6,0.428,0,,,6i,,,R1,V,12,26/01/2010
FLR-11734,RIDGE,9,0.817,0,,,9R,,,R1,V,12,03/02/2010
FLR-11735,RIDGE,5,1.2603,5979,,,1+1+3,,,R1,J,4,04/05/2008
FLR-11736,LAMP,4,0.4037675,2,N-012,9389.3564,,0,0,,,,
FLR-11737,RIDGE,5,0.9850867,0,,,1+1+3,,,R1,A,1,02/03/2015
FLR-11738,RIDGE,5,0.296307,0,,,5R1,,,R1,F,3,19/03/2015
FLR-11739,LAMP,5,0.3190667,2,N-026,6040.9567,,4,0,,,,
FLR-11740,LAMP,5,0.4966679,2,N-005,704.6687,,4,0,,,,
FLR-11741,LAMP,5,1.4669083,4,N-006,8782.488,,2,0,,,,
FLR-11742,RIDGE,4,0.9350676,0,,,4R2,,,R1,A,1,02/03/2015
FLR-11743,LAMP,5,1.1355,1,N-011,2289.6606,,2,0,,,,
FLR-11744,RIDGE,5,1.1073,0,,,5R3,,,R2,K,5,03/06/2012
FLR-11745,LAMP,5,1.2558428,2,N-011,901.4309,,2,0,,,,
FLR-11746,RIDGE,5,0.323,0,,,5R1,,,R1,N,6,23/03/2009
FLR-11747,LAMP,5,0.824675,1,N-036,27051.7703,,2,0,,,,
FLR-11748,RIDGE,4,0.9265994,0,,,4R2,,,R1,A,1,02/03/2015
FLR-11749,LAMP,5,1.204325,1,N-019,3850.7676,,2,0,,,,
FLR-11750,RIDGE,6,0.3808083,5586,,,6i,,,R1,A,1,02/03/2015
FLR-11751,RIDGE,5,1.3903,5561,,,1+1+3,,,R1,F,3,03/02/2005
FLR-11752,LAMP,6,0.7700121,1,N-013,20617.8331,,10,1,,,,
FLR-11753,RIDGE,4,0.5109,5722,,,4D,,,R1,F,3,02/02/2010
FLR-11754,RIDGE,6,0.3486,6035,,,6i,,,R1,U,11,18/02/2009
FLR-11755,RIDGE,5,0.328,0,,,5R1,,,R1,T,10,26/01/2010
FLR-11756,RIDGE,5,1.1585,0,,,5R3,,,R2,P,7,24/04/2008
FLR-11757,RIDGE,5,0.33375,6052,,,5R1,,,R1,S,9,29-04-2014
FLR-11758,RIDGE,6,1.1853333,0,,,6-SMUDGE,,,R1,A,1,02/03/2015
FLR-11759,LAMP,5,1.0192204,3,N-003,15893.9819,,2,1,,,,
FLR-11760,RIDGE,7,0.457975,6052,,,7i,,,R1,S,9,29-04-2014
FLR-11761,RIDGE,4,0.7426263,0,,,4R2,,,R1,A,1,02/03/2015
FLR-11762,LAMP,5,0.9898417,1,N-001,3904.3743,,2,0,,,,
FLR-11763,LAMP,5,0.3343,1,N-025,15121.4559,,4,0,,,,
FLR-11764,RIDGE,5,1.233825,5560,,,1+1+3,,,R1,F,3,31/03/2015
FLR-11765,RIDGE,5,1.1617,0,,,5R3,,,R2,P,7,25/04/2008
FLR-11766,RIDGE,5,0.319,0,,,5R1,,,R1,V,12,26/01/2010
FLR-11767,RIDGE,6,0.4641,6058,,,6i,,,R1,U,11,24/01/2010
FLR-11768,RIDGE,5,0.345,0,,,5R1,,,R1,N,6,02/04/2010
FLR-11769,RIDGE,5,1.1194,5561,,,1+1+3,,,R1,F,3,23/01/2005
FLR-11770,RIDGE,5,0.5070901,0,,,5R2,,,R1,F,3,31/03/2015
FLR-11771,LAMP,5,1.1598692,2,N-011,2162.6559,,2,0,,,,
FLR-11772,RIDGE,5,0.4765,5727,,,5R2,,,R1,F,3,12/02/2010
FLR-11773,LAMP,4,0.7919697,2,N-002,14792.1805,,0,0,,,,
FLR-11774,RIDGE,4,0.791875,0,,,4R2,,,R2,ZZZ,13,12-04-2016
FLR-11775,RIDGE,5,0.8202,5981,,,1+1+3,,,R1,J,4,15/02/2007
FLR-11776,RIDGE,7,0.898,0,,,7i,,,R1,A,1,25/03/2008
FLR-11777,LAMP,5,0.5239184,3,N-022,27664.3564,,4,0,,,,
FLR-11778,RIDGE,5,0.8227,5978,,,1+1+3,,,R1,J,4,31/01/2009
FLR-11779,RIDGE,4,1.0360334,5719,,,4R2,,,R1,A,1,16-04-2014
FLR-11780,LAMP,5,1.2367464,2,N-033,18505.6558,,2,0,,,,
FLR-11781,RIDGE,5,0.337,0,,,5R1,,,R1,V,12,03/02/2010
FLR-11782,LAMP,16,0.5535416,2,N-003,17673.5008,,17,0,,,,
FLR-11783,RIDGE,5,0.762,0,,,5-SMUDGE,,,R1,V,12,03/02/2010
FLR-11784,RIDGE,5,0.9815432,5586,,,1+1+3,,,R1,A,1,02/03/2015
FLR-11785,RIDGE,4,0.505,0,,,4D,,,R1,F,3,02/02/2010
FLR-11786,LAMP,5,0.78275,1,N-002,11135.6415,,2,0,,,,
FLR-11787,RIDGE,5,0.7017,0,,,1+1+3,,,R2,P,7,25/04/2008
FLR-11788,RIDGE,5,1.1556334,5720,,,1+1+3,,,R1,A,1,16-04-2014
FLR-11789,LAMP,5,0.8638412,2,N-002,14402.4993,,2,0,,,,
FLR-11790,RIDGE,5,1.1355,5151,,,1+1+3,,,R1,U,11,26/03/2015
FLR-11791,LAMP,5,0.7572739,3,N-046,9472.9747,,2,0,,,,
FLR-11792,RIDGE,4,0.8491469,0,,,4R2,,,R1,A,1,02-03-2015
FLR-11793,RIDGE,4,0.9753956,0,,,4R2,,,R1,A,1,02/03/2015
FLR-11794,RIDGE,4,1.2793416,0,,,4R2,,,R1,A,1,02/03/2015
FLR-11795,LAMP,5,1.4810083,1,N-038,3543.5107,,2,0,,,,
FLR-11796,RIDGE,5,0.327325,5759,,,5R1,,,R1,S,9,01-04-2015
FLR-11797,RIDGE,5,1.3105217,0,,,1+1+3,,,R1,F,3,31/03/2015
FLR-11798,RIDGE,5,0.352,0,,,5R1,,,R1,N,6,23/03/2009
FLR-11799,RIDGE,5,1.5950417,5987,,,1+1+3,,,R1,J,4,12-05-2016
FLR-11800,RIDGE,5,0.696,0,,,5-SMUDGE,,,R1,A,1,17/03/2010
FLR-11801,LAMP,5,0.309425,2,N-027,13193.3022,,4,0,,,,
FLR-11802,RIDGE,5,0.326,0,,,5R1,,,R1,T,10,15/04/2010
FLR-11803,RIDGE,5,0.956,0,,,1+1+3,,,R1,V,12,03/02/2010
FLR-11804,RIDGE,9,0.734,5151,,,9i,,,R1,U,11,19-03-2015
FLR-11805,RIDGE,7,1.375472,0,,,7D2,,,R1,A,1,02/03/2015
FLR-11806,LAMP,5,1.3375834,1,N-013,21839.9346,,2,0,,,,
FLR-11807,RIDGE,5,1.2045666,5151,,,1+1+3,,,R1,U,11,26/03/2015
FLR-11808,RIDGE,5,0.337,0,,,5R1,,,R1,V,12,22/01/2010
FLR-11809,RIDGE,4,0.7468285,0,,,4R2,,,R1,A,1,02/03/2015
FLR-11810,RIDGE,5,0.799,0,,,1+1+3,,,R1,V,12,26/01/2010
FLR-11811,RIDGE,5,1.0872432,0,,,1+1+3,,,R1,A,1,02/03/2015
FLR-11812,RIDGE,5,1.2993318,0,,,1+1+3,,,R1,A,1,02/03/2015
FLR-11813,RIDGE,5,0.9687667,5151,,,1+1+3,,,R1,U,11,31-03-2015
FLR-11814,LAMP,5,1.5433215,2,N-047,16269.0257,,2,0,,,,
FLR-11815,LAMP,5,1.009325,2,N-003,17599.8483,,2,0,,,,
FLR-11816,RIDGE,5,0.5132409,0,,,5R2,,,R1,N,6,19/03/2015
FLR-11817,RIDGE,4,0.5139,5722,,,4D,,,R1,F,3,02/02/2010
FLR-11818,LAMP,5,1.0690917,1,N-003,16770.7218,,2,0,,,,
FLR-11819,RIDGE,3,0.5144983,0,,,3-SMUDGE,,,R2,ZZZ,13,12-04-2016
FLR-11820,RIDGE,5,1.3656167,5151,,,1+1+3,,,R1,U,11,26/03/2015
FLR-11821,LAMP,5,1.4128584,3,N-020,11045.8052,,2,0,,,,
FLR-11822,RIDGE,5,0.9964279,0,,,1+1+3,,,R1,A,1,02/03/2015
FLR-11823,RIDGE,8,0.342,0,,,8i,,,R1,T,10,12/03/2010
FLR-11824,RIDGE,5,1.2768244,0,,,1+1+3,,,R1,J,4,10-04-2015
FLR-11825,RIDGE,9,0.311,0,,,9i,,,R1,V,12,06/02/2010
FLR-11826,RIDGE,5,1.0251,5586,,,1+1+3,,,R1,A,1,02/03/2015
FLR-11827,LAMP,5,1.2617728,2,N-014,658.5699,,2,0,,,,
FLR-11828,LAMP,5,1.5596994,2,N-042,1975.7309,,2,0,,,,
FLR-11829,RIDGE,9,1.4496,0,,,9R,,,R2,K,5,03/06/2012
FLR-11830,RIDGE,5,0.323,5126,,,5R1,,,R1,V,12,26/01/2010
FLR-11831,RIDGE,4,0.5172,5722,,,4D,,,R1,F,3,09/03/2005
FLR-11832,RIDGE,5,1.0987328,0,,,1+1+3,,,R1,A,1,02/03/2015
FLR-11833,RIDGE,5,0.4593198,0,,,5R2,,,R1,F,3,31/03/2015
FLR-11834,RIDGE,5,0.9861,5727,,,1+1+3,,,R1,F,3,12/02/2010
FLR-11835,RIDGE,5,0.332,0,,,5R1,,,R1,N,6,02/04/2010
FLR-11836,RIDGE,5,0.3225417,5560,,,5R1,,,R1,F,3,31/03/2015
FLR-11837,RIDGE,5,0.3599042,0,,,5R1,,,R1,A,1,02/03/2015
FLR-11838,RIDGE,7,0.3477,0,,,7i,,,R1,J,4,06/02/2010
FLR-11839,LAMP,19,0.9489584,1,N-032,10053.1538,,17,0,,,,
FLR-11840,RIDGE,5,0.6208,5561,,,5-SMUDGE,,,R1,F,3,23/01/2005
FLR-11841,LAMP,9,0.3763084,1,N-002,11279.3627,,11,0,,,,
FLR-11842,RIDGE,5,1.1642071,0,,,1+1+3,,,R1,U,11,31-03-2015
FLR-11843,LAMP,5,0.493125,2,N-016,21386.9754,,4,0,,,,
FLR-11844,RIDGE,5,0.7004,0,,,1+1+3,,,R1,J,4,06/02/2010
FLR-11845,RIDGE,5,0.678,0,,,2+3,,,R1,V,12,16/01/2010
FLR-11846,RIDGE,5,1.2650783,0,,,1+1+3,,,R1,U,11,19-03-2015
FLR-11847,LAMP,5,1.2217333,1,N-014,5147.7323,,2,0,,,,
FLR-11848,RIDGE,5,0.759,5562,,,1+1+3,,,R1,U,11,01/02/2010
FLR-11849,RIDGE,5,1.152114,0,,,1+1+3,,,R1,U,11,26/03/2015
FLR-11850,RIDGE,5,0.342,0,,,5R1,,,R1,D,2,21/03/2008
FLR-11851,LAMP,8,0.3747083,2,N-019,4396.1897,,13,0,,,,
FLR-11852,RIDGE,5,0.777,0,,,1+1+3,,,R1,J,4,06/02/2010
FLR-11853,LAMP,10,0.2541916,2,N-003,17657.5262,,14,0,,,,
FLR-11854,RIDGE,5,1.0940255,0,,,1+1+3,,,R1,A,1,02/03/2015
FLR-11855,RIDGE,7,1.1172917,5586,,,7-SMUDGE,,,R1,A,1,02/03/2015
FLR-11856,LAMP,5,1.1622478,2,N-011,2219.8457,,2,0,,,,
FLR-11857,RIDGE,9,0.768,0,,,9i,,,R1,R,8,19/04/2008
FLR-11858,RIDGE,4,0.5415,5722,,,4D,,,R1,F,3,23/02/2008
FLR-11859,LAMP,9,0.3473599,2,N-031,100.7079,,6,0,,,,
FLR-11860,RIDGE,5,0.356,5125,,,5R1,,,R1,V,12,03/02/2010
FLR-11861,LAMP,8,1.8605849,3,N-030,9648.0769,,9,0,,,,
FLR-11862,RIDGE,5,1.149,0,,,5R3,,,R2,P,7,24/04/2008
FLR-11863,LAMP,4,1.0249117,1,N-036,26961.1552,,0,0,,,,
FLR-11864,LAMP,5,0.793675,1,N-003,15483.8574,,2,0,,,,
FLR-11865,LAMP,5,1.0698667,1,N-003,16092.4456,,2,0,,,,
FLR-11866,RIDGE,5,0.369,0,,,5R1,,,R1,V,12,26/01/2010
FLR-11867,RIDGE,5,0.3357,5560,,,5R1,,,R1,F,3,04/03/2010
FLR-11868,RIDGE,8,0.318,0,,,8i,,,R1,V,12,22/01/2010
FLR-11869,RIDGE,6,1.0341586,0,,,6-SMUDGE,,,R1,F,3,19/03/2015
FLR-11870,RIDGE,4,1.035,0,,,4R2,,,R1,A,1,25/02/2010
FLR-11871,RIDGE,5,0.3391,5560,,,5R1,,,R1,F,3,07/02/2005
FLR-11872,LAMP,4,0.7565726,3,N-003,15812.8066,,0,0,,,,
FLR-11873,RIDGE,5,0.928,0,,,1+1+3,,,R1,D,2,27/03/2008
FLR-11874,RIDGE,5,0.5064,5979,,,5R2,,,R1,J,4,31/01/2009
FLR-11875,LAMP,4,1.1077092,2,N-003,18022.0593,,0,0,,,,
FLR-11876,RIDGE,5,0.319,0,,,5R1,,,R1,T,10,26/01/2010
FLR-11877,RIDGE,5,1.1433,0,,,5R3,,,R2,K,5,03/06/2012
FLR-11878,RIDGE,5,0.3350833,5759,,,5R1,,,R1,S,9,01-04-2015
FLR-11879,LAMP,3,0.2982791,2,N-003,22227.4363,,5,0,,,,
FLR-11880,RIDGE,5,1.0731,5727,,,1+1+3,,,R1,F,3,04/03/2010
FLR-11881,RIDGE,5,0.8467,5978,,,1+1+3,,,R1,J,4,30/03/2010
FLR-11882,LAMP,6,0.93635,2,N-003,16273.1496,,16,0,,,,
FLR-11883,RIDGE,5,0.329275,5726,,,5R1,,,R1,S,9,01-04-2015
FLR-11884,LAMP,5,1.2855073,3,N-045,5214.6818,,2,0,,,,
FLR-11885,LAMP,5,0.5169,1,N-011,2808.0541,,4,0,,,,
FLR-11886,RIDGE,7,1.0843,0,,,7D1,,,R1,F,3,04/03/2010
FLR-11887,LAMP,5,0.3156306,3,N-003,18835.2866,,2,0,,,,
FLR-11888,RIDGE,7,1.3408,5722,,,7D1,,,R1,F,3,12/02/2010
FLR-11889,RIDGE,4,0.9741236,0,,,4R2,,,R1,A,1,02/03/2015
FLR-11890,RIDGE,5,0.2045,6035,,,5-SMUDGE,,,R1,U,11,01/02/2010
FLR-11891,LAMP,20,1.0816416,2,N-019,3322.8857,,17,0,,,,
FLR-11892,RIDGE,5,1.3474917,5759,,,1+1+3,,,R1,S,9,29-04-2014
FLR-11893,RIDGE,5,1.3781,5979,,,1+1+3,,,R1,J,4,04/05/2008
FLR-11894,LAMP,5,1.1508834,1,N-003,16790.826,,2,0,,,,
FLR-11895,LAMP,5,0.7246583,1,N-009,922.3201,,2,0,,,,
FLR-11896,RIDGE,5,0.9439,0,,,1+1+3,,,R1,F,3,04/03/2010
FLR-11897,LAMP,5,0.8128416,1,N-012,9414.8494,,2,0,,,,
FLR-11898,LAMP,5,0.323225,1,N-025,15158.9271,,2,0,,,,
FLR-11899,LAMP,4,0.5831417,2,N-003,17760.3426,,3,0,,,,
FLR-11900,RIDGE,5,1.076,0,,,5R3,,,R2,K,5,03/06/2012
FLR-11901,RIDGE,5,1.0317,5561,,,1+1+3,,,R1,F,3,02/02/2005
FLR-11902,RIDGE,5,1.121,0,,,1+1+3,,,R1,A,1,17/03/2010
FLR-11903,LAMP,5,1.4400333,1,N-042,131.6119,,2,0,,,,
FLR-11904,RIDGE,5,0.889,0,,,1+1+3,,,R1,V,12,03/02/2010
FLR-11905,LAMP,6,0.4363334,1,N-029,510.3331,,10,1,,,,
FLR-11906,RIDGE,5,0.346,0,,,5R1,,,R1,N,6,23/03/2009
FLR-11907,RIDGE,5,1.1203333,5586,,,1+1+3,,,R1,A,1,02/03/2015
FLR-11908,LAMP,4,0.7426263,3,N-002,14788.5877,,0,0,,,,
FLR-11909,RIDGE,5,1.1290917,0,,,1+1+3,,,R1,J,4,10-04-2015
FLR-11910,LAMP,5,1.3468865,2,N-011,872.4287,,2,0,,,,
FLR-11911,LAMP,5,1.478325,1,N-041,2066.0774,,2,0,,,,
FLR-11912,RIDGE,5,0.3224,5562,,,5R1,,,R1,U,11,01/02/2010
FLR-11913,RIDGE,5,0.3261153,0,,,5R1,,,R1,A,1,24-04-2016
FLR-11914,LAMP,5,0.765125,2,N-041,3575.9465,,2,0,,,,
FLR-11915,RIDGE,5,1.1743,0,,,5R3,,,R2,K,5,03/06/2012
FLR-11916,RIDGE,5,0.352,6035,,,5R1,,,R1,U,11,11/02/2010
FLR-11917,LAMP,5,1.3072583,4,N-020,11027.4656,,2,0,,,,
FLR-11918,RIDGE,5,0.805,0,,,1+1+3,,,R1,N,6,02/04/2010
FLR-11919,RIDGE,5,0.335,0,,,5R1,,,R1,R,8,10/04/2008
FLR-11920,RIDGE,5,0.327,0,,,5R1,,,R1,V,12,03/02/2010
FLR-11921,LAMP,5,0.3491084,2,N-003,18916.1612,,2,0,,,,
FLR-11922,LAMP,5,1.2625397,1,N-018,33018.0291,,2,0,,,,
FLR-11923,LAMP,5,1.0253116,2,N-009,707.1523,,2,0,,,,
FLR-11924,RIDGE,5,1.242,0,,,5R3,,,R2,K,5,03/06/2012
FLR-11925,LAMP,5,0.5344186,11,N-042,1698.6197,,4,0,,,,
FLR-11926,RIDGE,5,0.5241987,0,,,5R2,,,R1,U,11,19-03-2015
FLR-11927,RIDGE,4,0.7572,0,,,4R2,,,R2,P,7,25/04/2008
FLR-11928,RIDGE,6,0.365,6069,,,6i,,,R1,D,2,26/02/2010
FLR-11929,RIDGE,7,1.7742,0,,,7-SMUDGE,,,R2,P,7,24/04/2008
FLR-11930,RIDGE,5,0.4750857,0,,,5R2,,,R1,F,3,31/03/2015
FLR-11931,RIDGE,5,0.76,0,,,1+1+3,,,R1,D,2,06/02/2010
FLR-11932,RIDGE,5,1.2641,5979,,,1+1+3,,,R1,J,4,03/05/2008
FLR-11933,RIDGE,5,1.3160387,5987,,,1+1+3,,,R1,J,4,24-04-2014
FLR-11934,RIDGE,5,0.9905,0,,,5R3,,,R2,K,5,03/06/2012
FLR-11935,RIDGE,5,0.3394666,5586,,,5R1,,,R1,A,1,02-03-2015
FLR-11936,RIDGE,4,1.2144846,0,,,4R2,,,R1,A,1,02/03/2015
FLR-11937,RIDGE,5,1.2951268,0,,,1+1+3,,,R1,U,11,26/03/2015
FLR-11938,RIDGE,5,1.0026,0,,,5R3,,,R2,P,7,05/03/2011
FLR-11939,RIDGE,5,0.666,0,,,2+3,,,R1,V,12,26/01/2010
FLR-11940,RIDGE,5,0.377,0,,,5R1,,,R1,V,12,26/01/2010
FLR-11941,RIDGE,5,1.1899,0,,,1+1+3,,,R1,F,3,23/01/2005
FLR-11942,LAMP,5,0.3267004,1,N-042,2594.8697,,2,0,,,,
FLR-11943,RIDGE,6,1.2526416,5151,,,6-SMUDGE,,,R1,U,11,26/03/2015
FLR-11944,LAMP,4,1.1768167,2,N-035,30665.4601,,0,0,,,,
FLR-11945,RIDGE,5,1.0374729,0,,,1+1+3,,,R1,A,1,02/03/2015
FLR-11946,RIDGE,5,0.3162,6035,,,5R1,,,R1,U,11,11/02/2010
FLR-11947,LAMP,4,0.8955485,2,N-001,262.8679,,0,0,,,,
FLR-11948,RIDGE,3,0.2941498,0,,,3D,,,R1,A,1,02-03-2015
FLR-11949,RIDGE,5,0.323,0,,,5R1,,,R1,N,6,23/03/2009
FLR-11950,RIDGE,5,0.3327166,5759,,,5R1,,,R1,S,9,01-04-2015
FLR-11951,RIDGE,5,1.0367666,5759,,,1+1+3,,,R1,S,9,01-04-2015
FLR-11952,RIDGE,5,0.3538,5560,,,5R1,,,R1,F,3,24/02/2008
FLR-11953,RIDGE,8,1.2691,5727,,,8-SMUDGE,,,R1,F,3,04/03/2010
FLR-11954,RIDGE,5,0.32,0,,,5R1,,,R1,V,12,26/01/2010
FLR-11955,RIDGE,6,1.54535,0,,,6-SMUDGE,,,R1,A,1,02-03-2015
FLR-11956,RIDGE,7,1.2225,5722,,,7D1,,,R1,F,3,12/02/2010
FLR-11957,RIDGE,5,0.329,0,,,5R1,,,R1,T,10,06/03/2010
FLR-11958,RIDGE,5,1.3622,0,,,1+1+3,,,R1,J,4,04/05/2008
FLR-11959,LAMP,5,0.9557787,3,N-003,17351.5611,,2,0,,,,
FLR-11960,LAMP,5,0.862775,1,N-002,14827.111,,2,0,,,,
FLR-11961,RIDGE,5,0.83,5586,,,1+1+3,,,R1,A,1,02/03/2015
FLR-11962,LAMP,5,0.967975,3,N-003,17884.7523,,2,0,,,,
FLR-11963,RIDGE,5,1.2707583,0,,,1+1+3,,,R1,U,11,31-03-2015
FLR-11964,LAMP,5,1.2085834,1,N-014,1162.6929,,2,0,,,,
FLR-11965,RIDGE,6,0.9578,5722,,,6-SMUDGE,,,R1,F,3,12/02/2010
FLR-11966,RIDGE,5,1.1269,0,,,5R3,,,R2,K,5,03/06/2012
FLR-11967,RIDGE,5,1.2843584,0,,,1+1+3,,,R1,U,11,31-03-2015
FLR-11968,LAMP,5,1.1761584,1,N-011,132.1363,,2,0,,,,
FLR-11969,RIDGE,5,0.9297,5981,,,1+1+3,,,R1,J,4,31/01/2009
FLR-11970,RIDGE,5,1.0529833,5586,,,1+1+3,,,R1,A,1,02/03/2015
FLR-11971,RIDGE,7,0.322875,5726,,,7i,,,R1,S,9,01-04-2015
FLR-11972,LAMP,5,0.3606416,2,N-026,5869.2263,,2,0,,,,
FLR-11973,RIDGE,5,1.358,0,,,1+1+3,,,R1,U,11,31-03-2015
FLR-11974,LAMP,4,0.7638829,2,N-001,602.8856,,0,0,,,,
FLR-11975,RIDGE,5,0.3043583,5987,,,5R1,,,R1,J,4,12-05-2016
FLR-11976,RIDGE,5,0.5546017,0,,,5R2,,,R1,U,11,26/03/2015
FLR-11977,RIDGE,5,0.331,0,,,5R1,,,R1,T,10,21/01/2010
FLR-11978,RIDGE,5,0.333,0,,,5R1,,,R1,T,10,04/02/2010
FLR-11979,RIDGE,5,1.4495,0,,,1+1+3,,,R1,J,4,06/02/2010
FLR-11980,RIDGE,5,0.9585582,0,,,1+1+3,,,R1,A,1,02/03/2015
FLR-11981,RIDGE,5,1.0784,0,,,1+1+3,,,R1,F,3,04/03/2010
FLR-11982,RIDGE,5,0.5388,5727,,,5R2,,,R1,F,3,12/02/2010
FLR-11983,RIDGE,4,0.662,0,,,4-SMUDGE,,,R1,V,12,26/01/2010
FLR-11984,RIDGE,5,1.165,0,,,1+1+3,,,R1,N,6,02/04/2010
FLR-11985,LAMP,8,0.3718167,1,N-033,19057.0793,,13,0,,,,
FLR-11986,RIDGE,8,0.325,0,,,8i,,,R1,N,6,21/03/2010
FLR-11987,RIDGE,5,0.553,0,,,5R2,,,R1,N,6,02/04/2010
FLR-11988,RIDGE,8,0.316,0,,,8i,,,R1,N,6,21/03/2010
FLR-11989,RIDGE,5,0.8184,0,,,5-SMUDGE,,,R2,P,7,24/04/2008
FLR-11990,RIDGE,5,0.9717584,5151,,,1+1+3,,,R1,U,11,26/03/2015
FLR-11991,RIDGE,5,1.2751,0,,,5R3,,,R2,K,5,03/06/2012
FLR-11992,RIDGE,5,0.9547,5979,,,1+1+3,,,R1,J,4,31/01/2009
FLR-11993,RIDGE,5,0.7719489,0,,,1+1+3,,,R1,A,1,02/03/2015
FLR-11994,LAMP,15,0.67665,1,N-024,14577.5423,,17,0,,,,
FLR-11995,LAMP,9,0.3866083,1,N-034,10000.4041,,11,1,,,,
FLR-11996,RIDGE,5,0.7188831,0,,,1+1+3,,,R1,U,11,19-03-2015
FLR-11997,RIDGE,5,0.9624037,0,,,1+1+3,,,R1,U,11,26/03/2015
FLR-11998,RIDGE,5,1.4083,0,,,5R3,,,R2,K,5,03/06/2012
FLR-11999,RIDGE,5,1.1411583,5151,,,1+1+3,,,R1,U,11,19-03-2015
FLR-12000,LAMP,4,0.790852,3,N-003,15652.3398,,0,0,,,,
FLR-12001,RIDGE,5,1.4196084,5586,,,1+1+3,,,R1,A,1,02-03-2015
FLR-12002,RIDGE,5,1.3445334,0,,,1+1+3,,,R1,F,3,31/03/2015
FLR-12003,LAMP,5,1.1972592,2,N-011,2190.6038,,2,0,,,,
FLR-12004,RIDGE,5,0.3085333,0,,,5R1,,,R1,J,4,10-04-2015
FLR-12005,RIDGE,5,0.329752,0,,,5R1,,,R1,A,1,24-04-2016
FLR-12006,RIDGE,5,0.7994,0,,,1+1+3,,,R1,F,3,04/03/2010
FLR-12007,RIDGE,5,1.1902166,5560,,,1+1+3,,,R1,F,3,31/03/2015
FLR-12008,LAMP,5,0.938768,2,N-045,2500.435,,2,0,,,,
FLR-12009,RIDGE,5,1.3209579,0,,,1+1+3,,,R1,U,11,31-03-2015
FLR-12010,LAMP,5,0.8556833,1,N-003,16994.1907,,2,0,,,,
FLR-12011,RIDGE,5,0.3211417,5759,,,5R1,,,R1,S,9,01-04-2015
FLR-12012,RIDGE,4,0.5405,5130,,,4D,,,R1,F,3,01/02/2005
FLR-12013,RIDGE,5,0.341,5562,,,5R1,,,R1,U,11,13/02/2008
FLR-12014,RIDGE,5,1.3415,5978,,,1+1+3,,,R1,J,4,31/01/2009
FLR-12015,RIDGE,5,1.2422698,0,,,1+1+3,,,R1,A,1,02-03-2015
FLR-12016,RIDGE,4,1.2299083,0,,,4R2,,,R1,A,1,02-03-2015
FLR-12017,RIDGE,4,0.5338417,0,,,4-SMUDGE,,,R1,A,1,02/03/2015
FLR-12018,RIDGE,10,1.4893,0,,,10R,,,R2,K,5,03/06/2012
FLR-12019,LAMP,5,0.3222083,1,N-024,7949.2758,,4,0,,,,
FLR-12020,LAMP,5,0.9860084,1,N-012,9570.499,,2,0,,,,
FLR-12021,RIDGE,5,1.2682666,0,,,1+1+3,,,R1,S,9,29-04-2014
FLR-12022,RIDGE,5,0.8429,5981,,,1+1+3,,,R1,J,4,03/05/2008
FLR-12023,RIDGE,5,0.828525,5151,,,1+1+3,,,R1,U,11,26/03/2015
FLR-12024,RIDGE,5,1.089,0,,,1+1+3,,,R1,V,12,03/02/2010
FLR-12025,LAMP,5,1.329525,1,N-011,802.9139,,2,0,,,,
FLR-12026,LAMP,5,1.4506666,4,N-006,8777.7562,,2,0,,,,
FLR-12027,RIDGE,5,1.1978531,0,,,1+1+3,,,R1,J,4,12/05/2016
FLR-12028,LAMP,4,1.098975,2,N-035,30669.3132,,0,0,,,,
FLR-12029,RIDGE,5,1.3139916,0,,,1+1+3,,,R1,U,11,31-03-2015
FLR-12030,RIDGE,5,1.052,0,,,1+1+3,,,R1,V,12,03/02/2010
FLR-12031,LAMP,5,1.263225,1,N-014,1074.3581,,2,0,,,,
FLR-12032,RIDGE,5,0.349,0,,,5R1,,,R1,V,12,03/02/2010
FLR-12033,RIDGE,5,1.5164,0,,,5R3,,,R2,P,7,25/04/2008
FLR-12034,LAMP,4,0.9265994,2,N-003,18029.2706,,0,0,,,,
FLR-12035,RIDGE,5,0.7381362,0,,,1+1+3,,,R1,J,4,12/05/2016
FLR-12036,LAMP,4,0.3757269,2,N-003,17330.7362,,0,0,,,,
FLR-12037,RIDGE,5,0.3405,5560,,,5R1,,,R1,F,3,24/02/2008
FLR-12038,RIDGE,5,0.205,0,,,5-SMUDGE,,,R1,D,2,01/04/2010
FLR-12039,RIDGE,5,1.3156882,0,,,1+1+3,,,R1,A,1,02/03/2015
FLR-12040,RIDGE,5,1.0759,0,,,5-SMUDGE,,,R1,A,1,02/03/2015
FLR-12041,LAMP,4,1.1982432,2,N-002,13922.4083,,0,0,,,,
FLR-12042,RIDGE,9,0.393,0,,,9i,,,R1,N,6,02/04/2010
FLR-12043,LAMP,5,1.2602102,2,N-033,18501.7713,,2,0,,,,
FLR-12044,RIDGE,5,0.7205834,0,,,2+3,,,R1,S,9,01-04-2015
FLR-12045,RIDGE,5,0.6318,5727,,,5-SMUDGE,,,R1,F,3,06/03/2005
FLR-12046,RIDGE,8,0.3793188,0,,,8i,,,R1,J,4,12/05/2016
FLR-12047,RIDGE,6,0.9142,5722,,,6-SMUDGE,,,R1,F,3,12/02/2010
FLR-12048,LAMP,5,0.5017102,2,N-016,21404.4525,,4,0,,,,
FLR-12049,RIDGE,5,0.8662084,0,,,1+1+3,,,R1,A,1,02/03/2015
FLR-12050,RIDGE,5,1.2658826,0,,,1+1+3,,,R1,A,1,02/03/2015
FLR-12051,RIDGE,7,0.2381,5703,,,7i,,,R1,F,3,18/02/2005
FLR-12052,RIDGE,5,0.978,0,,,1+1+3,,,R1,N,6,23/03/2009
FLR-12053,RIDGE,5,0.6630333,0,,,1+1+3,,,R1,A,1,02/03/2015
FLR-12054,RIDGE,5,0.3293314,5586,,,5R1,,,R1,A,1,02-03-2015
FLR-12055,RIDGE,5,1.2651083,0,,,1+1+3,,,R1,F,3,31/03/2015
FLR-12056,RIDGE,5,0.7919774,5151,,,1+1+3,,,R1,U,11,19-03-2015
FLR-12057,RIDGE,5,0.537,0,,,5R2,,,R1,V,12,26/01/2010
FLR-12058,RIDGE,4,1.2562709,0,,,4R2,,,R1,A,1,02-03-2015
FLR-12059,RIDGE,5,0.7545906,0,,,1+1+3,,,R1,J,4,12/05/2016
FLR-12060,RIDGE,5,0.8057833,5151,,,1+1+3,,,R1,U,11,26/03/2015
FLR-12061,LAMP,21,1.1701654,3,N-012,9566.3952,,17,0,,,,
FLR-12062,RIDGE,5,1.3048,0,,,5R3,,,R2,P,7,25/04/2008
FLR-12063,RIDGE,5,1.2867,5560,,,1+1+3,,,R1,F,3,31/03/2015
FLR-12064,LAMP,5,1.345975,2,N-038,3545.96,,2,0,,,,
FLR-12065,RIDGE,5,1.1564,0,,,5-SMUDGE,,,R1,F,3,04/03/2010
FLR-12066,LAMP,5,0.8778333,2,N-003,16920.5938,,2,0,,,,
FLR-12067,RIDGE,5,1.125,5130,,,1+1+3,,,R1,F,3,01/02/2005
FLR-12068,RIDGE,5,1.0115083,5586,,,1+1+3,,,R1,A,1,02/03/2015
FLR-12069,LAMP,5,1.339975,2,N-014,5296.6793,,2,0,,,,
FLR-12070,RIDGE,5,1.077903,9999,,,5R3,,,R2,ZZZ,13,12-04-2016
FLR-12071,RIDGE,5,0.362,0,,,5R1,,,R1,N,6,02/04/2010
FLR-12072,LAMP,5,0.3178201,2,N-029,547.8356,,4,0,,,,
FLR-12073,RIDGE,5,1.1501163,0,,,1+1+3,,,R1,A,1,16-04-2014
FLR-12074,LAMP,7,0.3251391,2,N-029,681.0396,,8,0,,,,
FLR-12075,RIDGE,5,0.99164,0,,,1+1+3,,,R1,J,4,12/05/2016
FLR-12076,RIDGE,5,1.1835,0,,,5R3,,,R2,K,5,03/06/2012
FLR-12077,LAMP,5,0.3137785,3,N-032,10047.9762,,4,0,,,,
FLR-12078,LAMP,5,1.5519333,2,N-003,17749.5807,,2,0,,,,
FLR-12079,RIDGE,5,0.335,0,,,5R1,,,R1,R,8,11/04/2008
FLR-12080,RIDGE,5,0.4923255,0,,,5R2,,,R1,F,3,31/03/2015
FLR-12081,RIDGE,5,1.0151244,0,,,1+1+3,,,R1,A,1,16-04-2014
FLR-12082,RIDGE,5,0.7861,5978,,,1+1+3,,,R1,J,4,03/05/2008
FLR-12083,RIDGE,5,0.9936333,0,,,1+1+3,,,R1,A,1,02/03/2015
FLR-12084,RIDGE,5,0.335,0,,,5R1,,,R1,V,12,22/01/2010
FLR-12085,RIDGE,7,0.598692,0,,,7i,,,R1,U,11,19-03-2015
FLR-12086,RIDGE,5,1.3217167,0,,,1+1+3,,,R1,J,4,10-04-2015
FLR-12087,LAMP,17,0.4597627,2,N-009,919.9893,,17,0,,,,
FLR-12088,RIDGE,5,0.76,5727,,,1+1+3,,,R1,F,3,26/01/2005
FLR-12089,RIDGE,5,0.8009888,0,,,5-SMUDGE,,,R1,A,1,02/03/2015
FLR-12090,RIDGE,5,0.335,0,,,5R1,,,R1,N,6,02/04/2010
FLR-12091,RIDGE,5,0.331,0,,,5R1,,,R1,D,2,01/04/2010
FLR-12092,RIDGE,5,0.3205,5987,,,5R1,,,R1,J,4,13/04/2010
FLR-12093,LAMP,5,0.3151417,1,N-034,10121.1514,,4,0,,,,
FLR-12094,LAMP,5,0.5482877,2,N-005,3276.9884,,4,0,,,,
FLR-12095,LAMP,3,0.3091536,2,N-002,11148.7718,,5,0,,,,
FLR-12096,RIDGE,5,0.766,5981,,,1+1+3,,,R1,J,4,03/05/2008
FLR-12097,LAMP,5,1.2086065,9,N-005,3341.0101,,2,0,,,,
FLR-12098,RIDGE,5,0.7225417,5979,,,1+1+3,,,R1,J,4,10-04-2015
FLR-12099,RIDGE,5,0.726176,5981,,,1+1+3,,,R1,J,4,13-05-2016
FLR-12100,RIDGE,5,0.8976,0,,,1+1+3,,,R1,F,3,04/03/2010
FLR-12101,RIDGE,4,1.2292841,0,,,4R2,,,R1,A,1,02-03-2015
FLR-12102,LAMP,16,0.9904333,1,N-002,14507.0346,,17,0,,,,
FLR-12103,RIDGE,5,0.886,0,,,1+1+3,,,R1,R,8,19/04/2008
FLR-12104,RIDGE,8,0.3462333,0,,,8i,,,R1,F,3,31/03/2015
FLR-12105,LAMP,5,1.4582898,1,N-041,1980.1107,,2,0,,,,
FLR-12106,RIDGE,5,0.468125,0,,,5R2,,,R1,U,11,31-03-2015
FLR-12107,RIDGE,5,1.2975918,0,,,1+1+3,,,R1,U,11,31-03-2015
FLR-12108,RIDGE,5,1.3226417,5560,,,1+1+3,,,R1,F,3,31/03/2015
FLR-12109,LAMP,5,0.972576,2,N-045,2513.2711,,2,0,,,,
FLR-12110,RIDGE,7,1.2075,5722,,,7D1,,,R1,F,3,12/02/2010
FLR-12111,RIDGE,5,1.0382136,0,,,1+1+3,,,R1,A,1,02/03/2015
FLR-12112,RIDGE,5,1.371,5978,,,1+1+3,,,R1,J,4,04/05/2008
FLR-12113,LAMP,5,0.797825,2,N-028,28132.4017,,2,0,,,,
FLR-12114,LAMP,7,1.0580667,2,N-003,16269.4461,,7,1,,,,
FLR-12115,RIDGE,8,0.3211417,0,,,8i,,,R1,A,1,02/03/2015
FLR-12116,RIDGE,5,0.9816167,0,,,1+1+3,,,R1,A,1,02/03/2015
FLR-12117,LAMP,5,0.7832083,1,N-032,10092.857,,2,0,,,,
FLR-12118,LAMP,5,0.4953882,2,N-022,28444.4604,,4,0,,,,
FLR-12119,RIDGE,5,1.1693681,0,,,1+1+3,,,R1,U,11,19-03-2015
FLR-12120,RIDGE,4,0.1717,0,,,4R1,,,R1,F,3,04/03/2010
FLR-12121,LAMP,5,0.4570912,2,N-023,32245.0792,,4,0,,,,
FLR-12122,RIDGE,5,0.3182788,0,,,5R1,,,R1,U,11,31-03-2015
FLR-12123,RIDGE,7,0.263,0,,,7i,,,R1,T,10,11/03/2010
FLR-12124,LAMP,5,1.2461958,3,N-015,12430.3471,,2,0,,,,
FLR-12125,RIDGE,4,0.391,0,,,1+32,,,R1,N,6,23/03/2009
FLR-12126,RIDGE,5,0.8339,0,,,1+1+3,,,R1,A,1,02/03/2015
FLR-12127,RIDGE,5,1.4123083,5981,,,1+1+3,,,R1,J,4,10-04-2015
FLR-12128,LAMP,5,0.8844583,1,N-003,15694.3892,,2,0,,,,
FLR-12129,RIDGE,5,0.9943674,0,,,1+1+3,,,R1,F,3,31/03/2015
FLR-12130,RIDGE,5,0.7483,5561,,,1+1+3,,,R1,F,3,03/02/2005
FLR-12131,LAMP,5,0.3221305,2,N-030,10251.0008,,4,0,,,,
FLR-12132,LAMP,5,0.323,1,N-024,7877.3033,,2,0,,,,
FLR-12133,RIDGE,5,0.77,0,,,1+1+3,,,R1,A,1,28/02/2010
FLR-12134,RIDGE,5,1.3756167,0,,,1+1+3,,,R1,J,4,10-04-2015
FLR-12135,RIDGE,9,0.549,0,,,9i,,,R1,V,12,03/02/2010
FLR-12136,RIDGE,5,1.0601,0,,,5R3,,,R2,K,5,03/06/2012
FLR-12137,RIDGE,5,1.2271539,0,,,1+1+3,,,R1,U,11,31-03-2015
FLR-12138,LAMP,2,0.2486007,1,N-008,13220.0899,,17,0,,,,
FLR-12139,RIDGE,5,1.211,0,,,1+1+3,,,R1,A,1,20/01/2010
FLR-12140,RIDGE,5,1.2301,0,,,5R3,,,R2,P,7,24/04/2008
FLR-12141,RIDGE,4,0.1935,0,,,4R1,,,R1,F,3,03/03/2010
FLR-12142,RIDGE,5,0.3575,5563,,,5R1,,,R1,F,3,02/02/2010
FLR-12143,LAMP,5,1.1081663,2,N-046,8917.6716,,2,0,,,,
FLR-12144,RIDGE,5,0.323,0,,,5R1,,,R1,T,10,12/03/2010
FLR-12145,RIDGE,5,1,0,,,1+1+3,,,R1,R,8,19/04/2008
FLR-12146,RIDGE,5,0.9525416,5586,,,1+1+3,,,R1,A,1,02-03-2015
FLR-12147,RIDGE,5,0.7345,5978,,,1+1+3,,,R1,J,4,30/03/2010
FLR-12148,RIDGE,5,1.37,0,,,1+1+3,,,R1,V,12,26/01/2010
FLR-12149,RIDGE,4,0.5325,5722,,,4D,,,R1,F,3,23/02/2008
FLR-12150,RIDGE,4,0.4672,5722,,,4D,,,R1,F,3,04/03/2010
FLR-12151,RIDGE,5,0.325,0,,,5R1,,,R1,T,10,17/04/2010
FLR-12152,RIDGE,5,0.3382,5560,,,5R1,,,R1,F,3,09/02/2009
FLR-12153,LAMP,5,0.3193417,1,N-001,4342.9585,,2,0,,,,
FLR-12154,LAMP,5,1.2293417,1,N-013,21889.0993,,2,0,,,,
FLR-12155,RIDGE,5,1.3795529,0,,,1+1+3,,,R1,U,11,19-03-2015
FLR-12156,RIDGE,5,1.074,0,,,5-SMUDGE,,,R1,A,1,17/03/2010
FLR-12157,RIDGE,5,0.3151417,5720,,,5R1,,,R1,A,1,16-04-2014
FLR-12158,RIDGE,5,1.2491,0,,,5R3,,,R2,K,5,03/06/2012
FLR-12159,RIDGE,5,1.27,5759,,,1+1+3,,,R1,S,9,29-04-2014
FLR-12160,LAMP,5,0.4405583,2,N-003,17324.2876,,4,0,,,,
FLR-12161,RIDGE,5,0.9956333,5586,,,1+1+3,,,R1,A,1,02-03-2015
FLR-12162,RIDGE,5,0.73281,5979,,,1+1+3,,,R1,J,4,10-04-2015
FLR-12163,LAMP,4,0.9450416,2,N-001,3911.5117,,0,0,,,,
FLR-12164,RIDGE,4,1.5024167,9999,,,4-SMUDGE,,,R2,ZZZ,13,12-04-2016
FLR-12165,LAMP,5,0.312125,2,N-019,4457.8244,,2,0,,,,
FLR-12166,RIDGE,8,0.284,5126,,,8i,,,R1,V,12,26/01/2010
FLR-12167,RIDGE,5,1.0166084,5151,,,1+1+3,,,R1,U,11,26/03/2015
FLR-12168,RIDGE,4,0.8762039,0,,,4R2,,,R1,A,1,02/03/2015
FLR-12169,RIDGE,5,0.849,0,,,1+1+3,,,R1,J,4,06/02/2010
FLR-12170,RIDGE,5,0.3155333,5759,,,5R1,,,R1,S,9,01-04-2015
FLR-12171,RIDGE,5,0.7722,5978,,,1+1+3,,,R1,J,4,31/01/2009
FLR-12172,RIDGE,6,0.3541658,5719,,,6i,,,R1,A,1,16-04-2014
FLR-12173,RIDGE,5,0.698,0,,,1+1+3,,,R1,T,10,15/04/2010
FLR-12174,RIDGE,5,0.3222,5562,,,5R1,,,R1,U,11,24/01/2010
FLR-12175,LAMP,5,0.340278,2,N-012,10530.8502,,4,0,,,,
FLR-12176,RIDGE,5,1.0957,0,,,5R3,,,R2,K,5,03/06/2012
FLR-12177,RIDGE,5,0.3141238,5979,,,5R1,,,R1,J,4,10-04-2015
FLR-12178,RIDGE,5,0.151,0,,,5-SMUDGE,,,R1,F,3,04/03/2010
FLR-12179,RIDGE,5,0.794025,0,,,1+1+3,,,R1,A,1,02/03/2015
FLR-12180,RIDGE,7,1.3998083,0,,,7D2,,,R1,A,1,02-03-2015
FLR-12181,LAMP,5,1.0546962,3,N-002,14501.1944,,2,0,,,,
FLR-12182,RIDGE,4,0.8153654,0,,,4R2,,,R1,A,1,16-04-2014
FLR-12183,RIDGE,5,0.4583686,5151,,,5R2,,,R1,U,11,31-03-2015
FLR-12184,RIDGE,6,0.429,0,,,6i,,,R1,T,10,26/01/2010
FLR-12185,LAMP,25,1.2604084,2,N-035,30938.3046,,17,0,,,,
FLR-12186,RIDGE,5,0.7533,0,,,5-SMUDGE,,,R2,P,7,24/04/2008
FLR-12187,RIDGE,5,0.3137785,0,,,5R1,,,R1,J,4,10-04-2015
FLR-12188,RIDGE,5,1.2960417,0,,,1+1+3,,,R1,F,3,31/03/2015
FLR-12189,LAMP,5,0.813638,3,N-003,17282.8068,,2,0,,,,
FLR-12190,RIDGE,5,0.6863199,0,,,1+1+3,,,R1,J,4,12-05-2016
FLR-12191,RIDGE,5,0.339,0,,,5R1,,,R1,T,10,15/04/2010
FLR-12192,RIDGE,5,0.3294,5562,,,5R1,,,R1,U,11,01/02/2010
FLR-12193,RIDGE,4,0.8814797,0,,,4R2,,,R2,ZZZ,13,12-04-2016
FLR-12194,LAMP,5,0.8491584,1,N-036,27036.3897,,2,0,,,,
FLR-12195,RIDGE,5,0.7392,5562,,,1+1+3,,,R1,U,11,01/02/2010
FLR-12196,RIDGE,5,0.365775,0,,,5R1,,,R1,A,1,02/03/2015
FLR-12197,LAMP,5,1.2084312,3,N-045,5026.6384,,2,0,,,,
FLR-12198,LAMP,5,1.1644268,4,N-019,3684.3583,,2,0,,,,
FLR-12199,RIDGE,4,0.5428,5722,,,4D,,,R1,F,3,23/02/2008
FLR-12200,LAMP,7,1.5464328,2,N-028,27439.7951,,7,1,,,,
FLR-12201,RIDGE,5,0.8047103,0,,,1+1+3,,,R1,A,1,02-03-2015
FLR-12202,RIDGE,5,1.3356,5981,,,1+1+3,,,R1,J,4,04/05/2008
FLR-12203,RIDGE,4,0.9937249,0,,,4R2,,,R1,A,1,02/03/2015
FLR-12204,RIDGE,3,0.31324,5712,,,3D,,,R1,A,1,24-04-2016
FLR-12205,RIDGE,5,0.3283,5562,,,5R1,,,R1,U,11,11/02/2010
FLR-12206,RIDGE,6,1.37125,9999,,,6R,,,R2,ZZZ,13,12-04-2016
FLR-12207,RIDGE,5,1.1147832,0,,,1+1+3,,,R1,U,11,26/03/2015
FLR-12208,RIDGE,6,1.5974,0,,,6R,,,R2,P,7,25/04/2008
FLR-12209,LAMP,4,0.7348552,3,N-002,14784.9573,,0,0,,,,
FLR-12210,LAMP,8,1.7472583,2,N-002,13991.1727,,9,0,,,,
FLR-12211,RIDGE,5,0.357,0,,,5R1,,,R1,N,6,02/04/2010
FLR-12212,LAMP,8,0.3511917,1,N-013,22536.5263,,13,0,,,,
FLR-12213,RIDGE,8,1.3398,5722,,,8R,,,R1,F,3,12/02/2010
FLR-12214,RIDGE,5,1.420775,0,,,1+1+3,,,R1,F,3,31/03/2015
FLR-12215,RIDGE,5,0.3292,5560,,,5R1,,,R1,F,3,24/02/2008
FLR-12216,RIDGE,5,0.345575,0,,,5R1,,,R1,A,1,02/03/2015
FLR-12217,RIDGE,5,0.3272917,0,,,5R1,,,R1,S,9,01-04-2015
FLR-12218,LAMP,5,1.6158192,2,N-046,8364.5658,,2,0,,,,
FLR-12219,LAMP,5,0.9239879,2,N-003,18059.3572,,2,0,,,,
FLR-12220,RIDGE,5,0.329,0,,,5R1,,,R1,D,2,21/03/2008
FLR-12221,LAMP,5,0.4777167,2,N-003,15988.846,,4,0,,,,
FLR-12222,RIDGE,5,0.5111917,0,,,5R2,,,R1,F,3,31/03/2015
FLR-12223,LAMP,5,0.3593167,1,N-010,21268.7463,,4,0,,,,
FLR-12224,LAMP,5,0.8510334,1,N-036,27031.7255,,2,0,,,,
FLR-12225,LAMP,22,0.6425583,2,N-003,17666.6001,,17,0,,,,
FLR-12226,RIDGE,5,0.5201416,5151,,,5R2,,,R1,U,11,26/03/2015
FLR-12227,RIDGE,5,0.6994667,0,,,1+1+3,,,R1,A,1,02/03/2015
FLR-12228,RIDGE,5,0.85,0,,,1+1+3,,,R1,A,1,17/03/2010
FLR-12229,LAMP,5,1.13705,1,N-001,3926.5618,,2,0,,,,
FLR-12230,RIDGE,5,0.8382,0,,,1+1+3,,,R1,F,3,04/03/2010
FLR-12231,RIDGE,4,0.9626522,0,,,4R2,,,R1,A,1,16-04-2014
FLR-12232,RIDGE,5,1.0307,0,,,5R3,,,R2,K,5,03/06/2012
FLR-12233,RIDGE,8,0.279,5126,,,8i,,,R1,V,12,26/01/2010
FLR-12234,RIDGE,8,0.3518,5151,,,8i,,,R1,U,11,01/02/2010
FLR-12235,RIDGE,5,0.776,0,,,1+1+3,,,R1,N,6,02/04/2010
FLR-12236,LAMP,5,0.7420902,3,N-046,9488.1849,,2,0,,,,
FLR-12237,LAMP,5,0.8250293,2,N-003,15680.4419,,2,0,,,,
FLR-12238,RIDGE,5,1.0116,0,,,5R3,,,R2,K,5,03/06/2012
FLR-12239,RIDGE,5,1.0253116,0,,,1+1+3,,,R1,F,3,19/03/2015
FLR-12240,LAMP,5,1.3996,3,N-014,5184.1033,,2,0,,,,
FLR-12241,RIDGE,5,1.4149031,0,,,1+1+3,,,R1,J,4,10-04-2015
FLR-12242,RIDGE,5,0.34,0,,,5R1,,,R1,N,6,02/04/2010
FLR-12243,LAMP,4,1.101073,2,N-003,15794.5153,,0,0,,,,
FLR-12244,RIDGE,5,1.2053,0,,,5R3,,,R2,K,5,03/06/2012
FLR-12245,RIDGE,4,0.8051695,0,,,4R2,,,R1,A,1,02/03/2015
FLR-12246,LAMP,5,1.255275,1,N-042,1078.1043,,2,0,,,,
FLR-12247,LAMP,4,0.8422,3,N-013,20716.5141,,1,0,,,,
FLR-12248,RIDGE,5,1.131,0,,,1+1+3,,,R1,N,6,02/04/2010
FLR-12249,RIDGE,5,0.9827,0,,,5R3,,,R2,K,5,03/06/2012
FLR-12250,RIDGE,5,1.3534,0,,,1+1+3,,,R1,J,4,06/02/2010
FLR-12251,RIDGE,5,0.801729,0,,,1+1+3,,,R1,J,4,12/05/2016
FLR-12252,RIDGE,9,0.6178,6035,,,9i,,,R1,U,11,11/02/2010
FLR-12253,RIDGE,4,0.9976645,0,,,4R2,,,R1,A,1,02/03/2015
FLR-12254,RIDGE,5,1.216,0,,,1+1+3,,,R1,R,8,19/04/2008
FLR-12255,LAMP,5,0.33375,1,N-041,4497.6265,,2,0,,,,
FLR-12256,RIDGE,5,1.3131416,0,,,1+1+3,,,R1,U,11,31-03-2015
FLR-12257,RIDGE,4,0.790852,0,,,4R2,,,R1,A,1,02/03/2015
FLR-12258,RIDGE,8,1.4952,0,,,8R,,,R2,P,7,25/04/2008
FLR-12259,LAMP,5,0.573225,2,N-022,27671.9131,,4,0,,,,
FLR-12260,RIDGE,5,0.3243484,0,,,5R1,,,R1,J,4,10-04-2015
FLR-12261,RIDGE,5,0.8183,5981,,,1+1+3,,,R1,J,4,15/02/2007
FLR-12262,RIDGE,5,0.7513,5981,,,1+1+3,,,R1,J,4,13/04/2010
FLR-12263,RIDGE,5,0.3218961,5987,,,5R1,,,R1,J,4,12-05-2016
FLR-12264,RIDGE,4,0.4992,5722,,,4D,,,R1,F,3,27/02/2005
FLR-12265,LAMP,5,1.1105333,1,N-002,13851.2558,,2,0,,,,
FLR-12266,LAMP,5,0.345625,1,N-010,21258.9433,,2,0,,,,
FLR-12267,RIDGE,5,1.103,0,,,1+1+3,,,R1,N,6,02/04/2010
FLR-12268,LAMP,5,1.1751097,2,N-005,894.7475,,2,0,,,,
FLR-12269,RIDGE,5,0.8649,0,,,1+1+3,,,R1,J,4,06/02/2010
FLR-12270,RIDGE,5,0.5205,5727,,,5R2,,,R1,F,3,04/03/2010
FLR-12271,RIDGE,5,0.339,0,,,5R1,,,R1,T,10,04/02/2010
FLR-12272,RIDGE,5,0.8269103,0,,,1+1+3,,,R1,A,1,02/03/2015
FLR-12273,RIDGE,6,1.7872,0,,,6R,,,R2,P,7,05/03/2011
FLR-12274,RIDGE,5,0.8053276,0,,,1+1+3,,,R1,A,1,02/03/2015
FLR-12275,RIDGE,5,1.2219,5727,,,1+1+3,,,R1,F,3,12/02/2010
FLR-12276,RIDGE,5,0.7953642,0,,,1+1+3,,,R1,A,1,02/03/2015
FLR-12277,RIDGE,5,0.873,0,,,1+1+3,,,R1,A,1,20/01/2010
FLR-12278,RIDGE,5,1.1449,5561,,,1+1+3,,,R1,F,3,23/01/2005
FLR-12279,RIDGE,9,0.3288833,6070,,,9i,,,R1,F,3,19/03/2015
FLR-12280,LAMP,5,1.1852458,1,N-014,652.4027,,2,0,,,,
FLR-12281,LAMP,5,1.1902166,1,N-014,5305.7076,,2,0,,,,
FLR-12282,RIDGE,5,1.2470617,0,,,1+1+3,,,R1,F,3,31/03/2015
FLR-12283,RIDGE,5,1.3085512,0,,,1+1+3,,,R1,U,11,19-03-2015
FLR-12284,LAMP,5,1.0443597,2,N-001,7326.8474,,2,0,,,,
FLR-12285,RIDGE,5,1.2402464,0,,,1+1+3,,,R1,U,11,19-03-2015
FLR-12286,RIDGE,5,0.785,0,,,1+1+3,,,R1,D,2,20/03/2008
FLR-12287,RIDGE,5,0.486575,5151,,,5R2,,,R1,U,11,26/03/2015
FLR-12288,RIDGE,10,0.3773591,0,,,10i,,,R1,A,1,16-04-2014
FLR-12289,LAMP,4,0.946011,2,N-001,156.0181,,0,0,,,,
FLR-12290,RIDGE,4,0.551,5722,,,4D,,,R1,F,3,18/02/2009
FLR-12291,LAMP,5,1.2262084,3,N-042,1743.4609,,2,0,,,,
FLR-12292,RIDGE,5,0.8853,0,,,1+1+3,,,R1,J,4,04/05/2008
FLR-12293,RIDGE,5,0.9081,0,,,1+1+3,,,R1,F,3,11/02/2009
FLR-12294,RIDGE,6,1.0336833,5151,,,6-SMUDGE,,,R1,U,11,19-03-2015
FLR-12295,RIDGE,5,0.3608417,5759,,,5R1,,,R1,S,9,01-04-2015
FLR-12296,RIDGE,5,1.2003,0,,,5R3,,,R2,P,7,25/04/2008
FLR-12297,LAMP,5,1.3203833,4,N-020,11031.4659,,2,0,,,,
FLR-12298,LAMP,5,0.8144706,3,N-002,14763.5141,,2,0,,,,
FLR-12299,RIDGE,5,1.032,0,,,1+1+3,,,R1,V,12,03/02/2010
FLR-12300,RIDGE,5,0.317,5586,,,5R1,,,R1,A,1,02-03-2015
FLR-12301,RIDGE,5,1.292325,5151,,,1+1+3,,,R1,U,11,26/03/2015
FLR-12302,RIDGE,7,1.5676917,5151,,,7D2,,,R1,U,11,26/03/2015
FLR-12303,LAMP,5,1.398325,1,N-041,3055.9617,,2,0,,,,
FLR-12304,RIDGE,5,0.7033,5561,,,5-SMUDGE,,,R1,F,3,03/02/2005
FLR-12305,RIDGE,5,1.1303888,0,,,1+1+3,,,R1,U,11,26/03/2015
FLR-12306,LAMP,5,1.19243,2,N-005,931.9403,,2,0,,,,
FLR-12307,RIDGE,5,1.178,0,,,1+1+3,,,R1,V,12,16/01/2010
FLR-12308,RIDGE,5,1.4155,0,,,5R3,,,R2,P,7,25/04/2008
FLR-12309,LAMP,5,0.7386983,3,N-046,9493.3022,,2,0,,,,
FLR-12310,RIDGE,9,0.298,0,,,9i,,,R1,T,10,12/03/2010
FLR-12311,RIDGE,5,0.331,0,,,5R1,,,R1,D,2,26/02/2010
FLR-12312,RIDGE,5,1.3123083,0,,,1+1+3,,,R1,U,11,26/03/2015
FLR-12313,LAMP,5,0.9230333,1,N-003,15698.6155,,2,0,,,,
FLR-12314,RIDGE,5,1.011152,0,,,1+1+3,,,R1,A,1,02/03/2015
FLR-12315,LAMP,5,0.3053,1,N-027,13122.0391,,4,0,,,,
FLR-12316,LAMP,5,1.2406292,2,N-033,18493.2224,,2,0,,,,
FLR-12317,LAMP,5,0.810248,2,N-048,423.7553,,2,0,,,,
FLR-12318,LAMP,5,0.9556928,2,N-002,8144.0029,,2,0,,,,
FLR-12319,LAMP,5,0.8729584,2,N-003,17559.2847,,2,0,,,,
FLR-12320,RIDGE,5,0.8898652,0,,,1+1+3,,,R1,A,1,02/03/2015
FLR-12321,LAMP,6,0.9022667,1,N-002,14791.0362,,16,1,,,,
FLR-12322,RIDGE,5,1.2301164,0,,,1+1+3,,,R1,F,3,31/03/2015
FLR-12323,RIDGE,5,1.2064134,0,,,1+1+3,,,R1,J,4,24-04-2014
FLR-12324,LAMP,5,0.8377,1,N-032,10142.3779,,2,0,,,,
FLR-12325,LAMP,4,1.2581925,3,N-003,17838.795,,0,0,,,,
FLR-12326,RIDGE,5,1.1502916,6052,,,1+1+3,,,R1,S,9,29-04-2014
FLR-12327,RIDGE,5,0.397,0,,,5R1,,,R1,V,12,26/01/2010
FLR-12328,RIDGE,5,1.4979589,0,,,1+1+3,,,R1,J,4,12/05/2016
FLR-12329,RIDGE,5,1.4682038,0,,,1+1+3,,,R1,S,9,29-04-2014
FLR-12330,LAMP,5,0.674065,1,N-010,21230.4857,,2,0,,,,
FLR-12331,RIDGE,5,0.3693,0,,,5R1,,,R1,S,9,01-04-2015
FLR-12332,RIDGE,5,1.033875,5586,,,1+1+3,,,R1,A,1,02/03/2015
FLR-12333,LAMP,5,0.6651584,4,N-011,1159.4028,,2,0,,,,
FLR-12334,RIDGE,5,1.2818,0,,,1+1+3,,,R1,F,3,31/03/2015
FLR-12335,RIDGE,5,1.1424184,0,,,1+1+3,,,R1,U,11,26/03/2015
FLR-12336,RIDGE,5,1.1498,0,,,5R3,,,R2,P,7,24/04/2008
FLR-12337,RIDGE,5,0.543088,0,,,5-SMUDGE,,,R1,A,1,02/03/2015
FLR-12338,RIDGE,7,1.0482,5722,,,7D1,,,R1,F,3,12/02/2010
FLR-12339,LAMP,4,1.2327404,2,N-002,13926.0273,,0,0,,,,
FLR-12340,RIDGE,5,0.3307,5987,,,5R1,,,R1,J,4,13/04/2010
FLR-12341,LAMP,4,0.7640217,4,N-002,14523.5637,,0,0,,,,
FLR-12342,RIDGE,5,0.8341143,0,,,1+1+3,,,R1,U,11,19-03-2015
FLR-12343,RIDGE,4,0.5042,5561,,,4D,,,R1,F,3,03/03/2010
FLR-12344,RIDGE,8,0.3719417,6052,,,8i,,,R1,S,9,29-04-2014
FLR-12345,RIDGE,5,0.837,0,,,1+1+3,,,R1,R,8,19/04/2008
FLR-12346,RIDGE,5,0.8888416,5586,,,1+1+3,,,R1,A,1,02-03-2015
FLR-12347,LAMP,5,0.7719489,2,N-003,15858.3197,,2,0,,,,
FLR-12348,LAMP,5,1.2991667,1,N-012,10076.6545,,2,0,,,,
FLR-12349,RIDGE,4,0.529,0,,,4D,,,R1,N,6,02/04/2010
FLR-12350,LAMP,5,0.9128667,1,N-003,16982.6643,,2,0,,,,
FLR-12351,RIDGE,6,0.7087,0,,,6-SMUDGE,,,R1,F,3,04/03/2010
FLR-12352,LAMP,12,0.6437416,3,N-022,27639.463,,17,0,,,,
FLR-12353,LAMP,5,1.3158587,3,N-015,12454.9801,,2,0,,,,
FLR-12354,LAMP,5,0.4807583,2,N-014,5892.7633,,4,0,,,,
FLR-12355,RIDGE,5,0.8274,5981,,,1+1+3,,,R1,J,4,15/02/2007
FLR-12356,RIDGE,5,0.841865,0,,,1+1+3,,,R1,U,11,26/03/2015
FLR-12357,RIDGE,5,1.0095,0,,,5R3,,,R2,P,7,25/04/2008
FLR-12358,RIDGE,5,1.4175833,5981,,,1+1+3,,,R1,J,4,10-04-2015
FLR-12359,RIDGE,6,0.1797,5703,,,6i,,,R1,F,3,23/01/2005
FLR-12360,LAMP,10,0.8033068,2,N-036,26935.3353,,14,0,,,,
FLR-12361,RIDGE,5,1.1851,5727,,,1+1+3,,,R1,F,3,12/02/2010
FLR-12362,RIDGE,4,1.1933816,5719,,,4R2,,,R1,A,1,16-04-2014
FLR-12363,LAMP,5,1.1561256,2,N-022,27730.1677,,2,0,,,,
FLR-12364,RIDGE,6,0.373,6069,,,6i,,,R1,D,2,26/02/2010
FLR-12365,LAMP,5,1.20455,1,N-001,7267.2366,,2,0,,,,
FLR-12366,LAMP,5,1.193525,1,N-017,29350.8505,,2,0,,,,
FLR-12367,LAMP,4,0.8458417,1,N-034,10051.9774,,0,0,,,,
FLR-12368,LAMP,5,1.1539673,3,N-012,9500.8662,,2,0,,,,
FLR-12369,RIDGE,4,0.396,0,,,1+32,,,R1,N,6,02/04/2010
FLR-12370,LAMP,5,1.0642667,1,N-001,3938.2804,,2,0,,,,
FLR-12371,LAMP,5,1.2217036,4,N-019,3697.9278,,2,0,,,,
FLR-12372,RIDGE,10,0.37,0,,,10i,,,R1,V,12,03/02/2010
FLR-12373,LAMP,5,0.3380195,3,N-040,92.8477,,2,0,,,,
FLR-12374,LAMP,5,0.3131333,1,N-044,27694.7264,,4,0,,,,
FLR-12375,RIDGE,5,0.841,5981,,,1+1+3,,,R1,J,4,13/04/2010
FLR-12376,RIDGE,5,0.9239879,0,,,1+1+3,,,R1,A,1,02/03/2015
FLR-12377,LAMP,5,0.318675,1,N-041,4461.0401,,4,0,,,,
FLR-12378,RIDGE,5,1.2547,5727,,,1+1+3,,,R1,F,3,04/03/2010
FLR-12379,RIDGE,5,0.6825,0,,,5-SMUDGE,,,R1,F,3,04/03/2010
FLR-12380,LAMP,5,0.9218497,2,N-032,10067.208,,2,0,,,,
FLR-12381,RIDGE,4,0.5228,5722,,,4D,,,R1,F,3,15/02/2005
FLR-12382,RIDGE,5,1.1712666,0,,,1+1+3,,,R1,U,11,26/03/2015
FLR-12383,LAMP,5,1.3934416,1,N-030,9513.9619,,2,0,,,,
FLR-12384,RIDGE,5,0.358,0,,,5R1,,,R1,T,10,04/02/2010
FLR-12385,LAMP,5,0.3298916,1,N-022,28443.9533,,2,0,,,,
FLR-12386,RIDGE,5,1.1560496,0,,,1+1+3,,,R1,A,1,02/03/2015
FLR-12387,RIDGE,5,0.6671,0,,,2+3,,,R1,F,3,23/01/2005
FLR-12388,RIDGE,5,2.015725,9999,,,5-SMUDGE,,,R2,ZZZ,13,12-04-2016
FLR-12389,LAMP,5,1.1914174,3,N-033,18501.8495,,2,0,,,,
FLR-12390,RIDGE,5,1.1876,0,,,5R3,,,R2,K,5,03/06/2012
FLR-12391,LAMP,5,0.3175083,1,N-031,236.0966,,4,0,,,,
FLR-12392,RIDGE,5,0.674065,6070,,,1+1+3,,,R1,F,3,19/03/2015
FLR-12393,RIDGE,6,1.336725,5586,,,6-SMUDGE,,,R1,A,1,02/03/2015
FLR-12394,RIDGE,7,1.3111,5722,,,7D1,,,R1,F,3,12/02/2010
FLR-12395,RIDGE,5,1.1346278,0,,,1+1+3,,,R1,S,9,01-04-2015
FLR-12396,LAMP,5,1.2413425,2,N-011,135.7651,,2,0,,,,
FLR-12397,RIDGE,5,0.328,0,,,5R1,,,R1,V,12,22/01/2010
FLR-12398,RIDGE,7,1.327,5561,,,7D1,,,R1,F,3,03/03/2010
FLR-12399,LAMP,5,0.9916902,2,N-003,16159.398,,2,0,,,,
FLR-12400,RIDGE,5,0.319,0,,,5R1,,,R1,T,10,06/03/2010
FLR-12401,LAMP,5,0.8346667,1,N-003,17359.7543,,2,0,,,,
FLR-12402,LAMP,5,1.3196939,1,N-035,30846.7923,,2,0,,,,
FLR-12403,RIDGE,6,1.4321,0,,,6R,,,R2,P,7,24/04/2008
FLR-12404,RIDGE,5,1.0999,0,,,5R3,,,R2,K,5,03/06/2012
FLR-12405,RIDGE,5,0.327,0,,,5R1,,,R1,T,10,12/03/2010
FLR-12406,RIDGE,5,0.322,0,,,5R1,,,R1,T,10,04/02/2010
FLR-12407,LAMP,5,0.3375981,1,N-018,33686.5487,,4,0,,,,
FLR-12408,LAMP,10,0.3773591,3,N-036,27613.192,,14,0,,,,
FLR-12409,RIDGE,5,1.2470963,5586,,,1+1+3,,,R1,A,1,02-03-2015
FLR-12410,RIDGE,5,0.8406,5978,,,1+1+3,,,R1,J,4,03/05/2008
FLR-12411,LAMP,5,1.1858084,2,N-023,31670.5083,,2,0,,,,
FLR-12412,RIDGE,4,0.773,0,,,1+31,,,R1,V,12,03/02/2010
FLR-12413,RIDGE,5,1.367275,0,,,1+1+3,,,R1,J,4,24-04-2014
FLR-12414,LAMP,5,0.9650085,1,N-036,27009.7448,,2,0,,,,
FLR-12415,RIDGE,6,0.359,0,,,6i,,,R1,A,1,25/03/2008
FLR-12416,RIDGE,10,0.8408451,0,,,10i,,,R1,F,3,19/03/2015
FLR-12417,RIDGE,5,0.9650085,5719,,,1+1+3,,,R1,A,1,16-04-2014
FLR-12418,RIDGE,5,1.0355,0,,,5R3,,,R2,K,5,03/06/2012
FLR-12419,RIDGE,5,0.3375981,5560,,,5R1,,,R1,F,3,31/03/2015
FLR-12420,RIDGE,9,1.5307,0,,,9R,,,R2,P,7,24/04/2008
FLR-12421,RIDGE,5,1.4145,6052,,,1+1+3,,,R1,S,9,29-04-2014
FLR-12422,LAMP,5,0.9770417,2,N-022,27650.4165,,2,0,,,,
FLR-12423,RIDGE,5,1.0858,0,,,5R3,,,R2,K,5,03/06/2012
FLR-12424,RIDGE,5,0.305075,5979,,,5R1,,,R1,J,4,10-04-2015
FLR-12425,RIDGE,4,0.9313333,0,,,4R2,,,R1,A,1,02-03-2015
FLR-12426,RIDGE,7,1.3378,5561,,,7D1,,,R1,F,3,03/03/2010
FLR-12427,RIDGE,5,1.038,0,,,1+1+3,,,R1,T,10,14/04/2010
FLR-12428,RIDGE,4,0.992,0,,,4-SMUDGE,,,R1,V,12,03/02/2010
FLR-12429,RIDGE,6,1.6365,0,,,6R,,,R2,P,7,05/03/2011
FLR-12430,RIDGE,7,1.5720583,0,,,7D2,,,R1,J,4,10-04-2015
FLR-12431,LAMP,5,1.057796,3,N-011,1144.369,,2,0,,,,
FLR-12432,LAMP,8,1.4934083,1,N-004,25076.7796,,9,0,,,,
FLR-12433,RIDGE,5,0.324,0,,,5R1,,,R1,T,10,06/03/2010
FLR-12434,RIDGE,5,0.319,0,,,5R1,,,R1,D,2,26/02/2010
FLR-12435,LAMP,5,1.367275,2,N-038,3763.0552,,2,0,,,,
FLR-12436,RIDGE,5,1.0634,0,,,5R3,,,R2,K,5,03/06/2012
FLR-12437,RIDGE,5,1.1461,0,,,5R3,,,R2,P,7,05/03/2011
FLR-12438,LAMP,5,1.0973417,4,N-011,1204.7909,,2,0,,,,
FLR-12439,RIDGE,5,0.32,0,,,5R1,,,R1,D,2,20/03/2008
FLR-12440,LAMP,5,0.8126677,2,N-003,15672.2118,,2,0,,,,
FLR-12441,RIDGE,5,0.9672,0,,,5R3,,,R2,K,5,03/06/2012
FLR-12442,LAMP,5,1.1351917,1,N-035,30895.316,,2,0,,,,
FLR-12443,RIDGE,5,0.7796557,5979,,,1+1+3,,,R1,J,4,10-04-2015
FLR-12444,RIDGE,4,0.5558,5722,,,4D,,,R1,F,3,18/02/2009
FLR-12445,RIDGE,4,0.1856,0,,,4R1,,,R1,F,3,04/03/2010
FLR-12446,LAMP,5,0.761675,1,N-032,10089.1089,,2,0,,,,
FLR-12447,RIDGE,5,1.2846587,0,,,1+1+3,,,R1,F,3,31/03/2015
FLR-12448,RIDGE,6,1.0993,0,,,6R,,,R2,P,7,25/04/2008
FLR-12449,RIDGE,5,0.8616,5978,,,1+1+3,,,R1,J,4,03/05/2008
FLR-12450,LAMP,5,1.0279305,3,N-017,29092.5704,,2,0,,,,
FLR-12451,LAMP,14,0.686,1,N-024,14572.9624,,17,0,,,,
FLR-12452,LAMP,4,1.2144846,2,N-003,17938.6894,,0,0,,,,
FLR-12453,LAMP,5,0.559075,2,N-002,7969.5021,,4,0,,,,
FLR-12454,LAMP,5,0.3191655,1,N-035,31393.2428,,2,0,,,,
FLR-12455,RIDGE,5,1.3449167,6052,,,1+1+3,,,R1,S,9,29-04-2014
FLR-12456,RIDGE,5,0.3182938,0,,,5R1,,,R1,S,9,07-04-2015
FLR-12457,RIDGE,5,1.3475416,6052,,,1+1+3,,,R1,S,9,29-04-2014
FLR-12458,RIDGE,5,0.7525,0,,,5-SMUDGE,,,R2,P,7,24/04/2008
FLR-12459,LAMP,5,0.8260566,3,N-002,14436.9928,,2,0,,,,
FLR-12460,LAMP,5,1.4474,2,N-035,30792.4306,,2,0,,,,
FLR-12461,RIDGE,5,1.1902011,0,,,1+1+3,,,R1,U,11,31-03-2015
FLR-12462,RIDGE,5,1.166,0,,,1+1+3,,,R1,R,8,19/04/2008
FLR-12463,RIDGE,5,0.3271508,0,,,5-SMUDGE,,,R1,U,11,31-03-2015
FLR-12464,RIDGE,5,0.3137917,0,,,5R1,,,R1,S,9,01-04-2015
FLR-12465,LAMP,4,1.1834322,3,N-002,14576.5054,,0,0,,,,
FLR-12466,LAMP,5,0.7273171,1,N-030,10239.0621,,2,0,,,,
FLR-12467,RIDGE,5,0.742,0,,,1+1+3,,,R1,N,6,03/04/2010
FLR-12468,LAMP,5,1.1135,1,N-003,16774.8566,,2,0,,,,
FLR-12469,RIDGE,5,1.069,0,,,1+1+3,,,R1,R,8,19/04/2008
FLR-12470,RIDGE,5,1.26305,0,,,1+1+3,,,R1,F,3,31/03/2015
FLR-12471,RIDGE,5,0.3156306,0,,,5R1,,,R1,A,1,02/03/2015
FLR-12472,RIDGE,5,1.1236,0,,,5R3,,,R2,K,5,03/06/2012
FLR-12473,RIDGE,5,1.0638,5560,,,5-SMUDGE,,,R1,F,3,01/02/2005
FLR-12474,RIDGE,6,0.3820721,0,,,6i,,,R1,A,1,16-04-2014
FLR-12475,LAMP,5,1.1495046,3,N-011,1181.2499,,2,0,,,,
FLR-12476,RIDGE,5,0.313525,5759,,,5R1,,,R1,S,9,29-04-2014
FLR-12477,LAMP,3,0.7512488,2,N-036,26978.8062,,12,0,,,,
FLR-12478,RIDGE,7,0.2002,5703,,,7i,,,R1,F,3,18/02/2005
FLR-12479,RIDGE,5,1.2409,5979,,,1+1+3,,,R1,J,4,04/05/2008
FLR-12480,RIDGE,5,0.8296416,5586,,,1+1+3,,,R1,A,1,02/03/2015
FLR-12481,RIDGE,5,0.3061,6058,,,5R1,,,R1,U,11,24/01/2010
FLR-12482,RIDGE,5,0.3154132,0,,,5R1,,,R1,U,11,31-03-2015
FLR-12483,RIDGE,5,1.3423084,0,,,1+1+3,,,R1,U,11,31-03-2015
FLR-12484,RIDGE,5,1.3442992,0,,,1+1+3,,,R1,S,9,29-04-2014
FLR-12485,RIDGE,5,1.3722,0,,,5R3,,,R2,P,7,05/03/2011
FLR-12486,RIDGE,4,1.0568707,0,,,4R2,,,R1,A,1,02/03/2015
FLR-12487,LAMP,5,1.152478,2,N-012,10123.9862,,2,0,,,,
FLR-12488,RIDGE,4,0.393,0,,,1+32,,,R1,N,6,23/03/2009
FLR-12489,RIDGE,5,1.1901833,5151,,,1+1+3,,,R1,U,11,31-03-2015
FLR-12490,LAMP,5,0.3223,1,N-027,13166.7782,,4,0,,,,
FLR-12491,RIDGE,6,0.3249,5727,,,6i,,,R1,F,3,04/03/2010
FLR-12492,RIDGE,6,0.2437333,0,,,6i,,,R1,S,9,01-04-2015
FLR-12493,LAMP,5,0.9815432,1,N-002,14631.5492,,2,0,,,,
FLR-12494,RIDGE,5,1.0509,0,,,5R3,,,R2,K,5,03/06/2012
FLR-12495,RIDGE,5,0.3124833,5759,,,5R1,,,R1,S,9,01-04-2015
FLR-12496,RIDGE,5,1.226,0,,,1+1+3,,,R1,R,8,19/04/2008
FLR-12497,RIDGE,5,0.3229,6058,,,5R1,,,R1,U,11,11/02/2010
FLR-12498,RIDGE,5,0.3236,5987,,,5R1,,,R1,J,4,15/02/2007
FLR-12499,RIDGE,5,1.327225,0,,,1+1+3,,,R1,U,11,26/03/2015
FLR-12500,RIDGE,6,1.1559,0,,,6R,,,R2,K,5,02/06/2012
FLR-12501,RIDGE,5,0.768,0,,,1+1+3,,,R1,A,1,20/01/2010
FLR-12502,RIDGE,5,0.333,0,,,5R1,,,R1,V,12,03/02/2010
FLR-12503,RIDGE,5,0.4965274,0,,,5R2,,,R1,F,3,31/03/2015
FLR-12504,RIDGE,5,1.2810663,0,,,1+1+3,,,R1,U,11,31-03-2015
FLR-12505,RIDGE,5,1.3138,5151,,,1+1+3,,,R1,U,11,26/03/2015
FLR-12506,RIDGE,5,1.3759654,0,,,1+1+3,,,R1,J,4,10-04-2015
FLR-12507,LAMP,5,0.8065359,3,N-003,17292.1619,,2,0,,,,
FLR-12508,RIDGE,5,0.3283661,5726,,,5R1,,,R1,S,9,01-04-2015
FLR-12509,LAMP,4,0.7539546,2,N-003,15925.1891,,1,0,,,,
FLR-12510,RIDGE,6,1.2802,0,,,6R,,,R2,K,5,03/06/2012
FLR-12511,LAMP,5,0.9895819,2,N-003,15626.6679,,2,0,,,,
FLR-12512,RIDGE,5,1.139,0,,,1+1+3,,,R1,A,1,20/01/2010
FLR-12513,RIDGE,4,0.8155733,0,,,4R2,,,R1,A,1,02/03/2015
FLR-12514,RIDGE,5,1.2254,0,,,5R3,,,R2,K,5,03/06/2012
FLR-12515,LAMP,5,0.9025667,1,N-003,15702.9078,,2,0,,,,
FLR-12516,LAMP,5,0.3397333,1,N-003,22200.4689,,2,0,,,,
FLR-12517,LAMP,5,1.1501163,3,N-035,30666.1323,,2,0,,,,
FLR-12518,RIDGE,5,1.2515441,0,,,1+1+3,,,R1,U,11,19-03-2015
FLR-12519,LAMP,5,0.7596496,2,N-001,7120.7907,,2,0,,,,
FLR-12520,RIDGE,7,1.0899,0,,,7D1,,,R1,F,3,04/03/2010
FLR-12521,LAMP,5,0.7440083,1,N-003,18870.8272,,2,0,,,,
FLR-12522,LAMP,5,0.3066166,2,N-028,28246.9679,,4,0,,,,
FLR-12523,RIDGE,5,0.5841,5561,,,5R2,,,R1,F,3,03/02/2005
FLR-12524,LAMP,5,0.372175,2,N-003,15982.5242,,4,0,,,,
FLR-12525,RIDGE,5,0.3332,5560,,,5R1,,,R1,F,3,17/02/2005
FLR-12526,RIDGE,9,0.4015,5151,,,9i,,,R1,U,11,26/03/2015
FLR-12527,RIDGE,7,1.144,0,,,7D1,,,R1,V,12,03/02/2010
FLR-12528,LAMP,5,1.3729583,1,N-002,13783.7876,,2,0,,,,
FLR-12529,RIDGE,5,0.7632467,0,,,1+1+3,,,R1,A,1,02/03/2015
FLR-12530,LAMP,5,0.4912372,2,N-007,1953.7088,,4,0,,,,
FLR-12531,RIDGE,5,0.5063917,0,,,5R2,,,R1,U,11,26/03/2015
FLR-12532,LAMP,23,1.3240876,3,N-046,8941.0511,,17,0,,,,
FLR-12533,LAMP,5,0.78165,1,N-032,10108.4611,,2,0,,,,
FLR-12534,LAMP,5,1.3123946,2,N-022,27893.949,,2,0,,,,
FLR-12535,LAMP,8,0.3588153,3,N-040,236.5621,,13,0,,,,
FLR-12536,RIDGE,5,0.8488833,0,,,1+1+3,,,R1,A,1,02/03/2015
FLR-12537,RIDGE,5,0.9594173,0,,,1+1+3,,,R1,U,11,26/03/2015
FLR-12538,RIDGE,5,0.3162975,0,,,5R1,,,R1,A,1,02/03/2015
FLR-12539,RIDGE,5,0.323225,5759,,,5R1,,,R1,S,9,01-04-2015
FLR-12540,LAMP,5,1.2896083,1,N-005,927.421,,2,0,,,,
FLR-12541,RIDGE,5,0.836,0,,,1+1+3,,,R1,A,1,20/01/2010
FLR-12542,RIDGE,5,0.3042741,5719,,,5R1,,,R1,A,1,16-04-2014
FLR-12543,LAMP,5,1.2614434,2,N-002,13777.8194,,2,0,,,,
FLR-12544,LAMP,4,1.0747273,1,N-036,26997.0694,,0,0,,,,
FLR-12545,RIDGE,5,0.717,0,,,1+1+3,,,R1,N,6,02/04/2010
FLR-12546,RIDGE,6,0.3729,6035,,,6i,,,R1,U,11,01/02/2010
FLR-12547,RIDGE,5,1.0776,0,,,5R3,,,R2,K,5,03/06/2012
FLR-12548,RIDGE,5,0.7442284,0,,,1+1+3,,,R1,A,1,02/03/2015
FLR-12549,RIDGE,5,0.7777416,0,,,1+1+3,,,R1,J,4,12-05-2016
FLR-12550,RIDGE,5,1.0522,0,,,5R3,,,R2,K,5,03/06/2012
FLR-12551,RIDGE,5,0.334,0,,,5R1,,,R1,T,10,10/03/2010
FLR-12552,RIDGE,7,0.1944,5703,,,7i,,,R1,F,3,18/02/2005
FLR-12553,LAMP,5,0.9016,1,N-017,29113.4783,,2,0,,,,
FLR-12554,RIDGE,5,1.126,0,,,1+1+3,,,R1,R,8,19/04/2008
FLR-12555,RIDGE,4,0.2453182,0,,,4R1,,,R1,S,9,01-04-2015
FLR-12556,RIDGE,5,1.2275917,0,,,1+1+3,,,R1,J,4,24-04-2014
FLR-12557,RIDGE,5,0.4952035,0,,,5R2,,,R1,U,11,26/03/2015
FLR-12558,RIDGE,7,0.1628,5703,,,7i,,,R1,F,3,23/01/2005
FLR-12559,LAMP,5,1.0785417,1,N-014,625.5341,,2,0,,,,
